"IDR","Metric","Q_TC","B_TC","Q_RE","B_RE","Q_LC","B_LC","rep","kind"
"C-PCA","Int-Euclidean",0.001,0.001,0.001,0.001,0.001,0.001,1,"raw"
"C-PCA","Hausdorff",0.001,0.001,0.001,0.001,0.001,0.001,1,"raw"
"C-PCA","Ichino-Yaguchi",0.001,0.001,0.001,0.001,0.001,0.001,1,"raw"
"C-PCA","Wasserstein",0.001,0.001,0.001,0.001,0.001,0.001,1,"raw"
"C-PCA","Centers-Euclidean",0.001,0.001,0.001,0.001,0.001,0.001,1,"raw"
"V-PCA","Int-Euclidean",0.001,0.001,0.001,0.001,0.001,0.001,1,"raw"
"V-PCA","Hausdorff",0.001,0.001,0.001,0.001,0.001,0.001,1,"raw"
"V-PCA","Ichino-Yaguchi",0.001,0.001,0.001,0.001,0.001,0.001,1,"raw"
"V-PCA","Wasserstein",0.001,0.001,0.001,0.001,0.001,0.001,1,"raw"
"V-PCA","Centers-Euclidean",0.001,0.001,0.001,0.001,0.001,0.001,1,"raw"
"MR-PCA","Int-Euclidean",0.001,0.001,0.001,0.001,0.001,0.001,1,"raw"
"MR-PCA","Hausdorff",0.001,0.001,0.001,0.001,0.001,0.001,1,"raw"
"MR-PCA","Ichino-Yaguchi",0.001,0.001,0.001,0.001,0.001,0.001,1,"raw"
"MR-PCA","Wasserstein",0.001,0.001,0.001,0.001,0.001,0.001,1,"raw"
"MR-PCA","Centers-Euclidean",0.001,0.001,0.001,0.001,0.001,0.001,1,"raw"
"SPCA","Int-Euclidean",0.001,0.002,0.001,0.001,0.001,0.001,1,"raw"
"SPCA","Hausdorff",0.001,0.001,0.001,0.001,0.001,0.001,1,"raw"
"SPCA","Ichino-Yaguchi",0.001,0.001,0.001,0.001,0.001,0.001,1,"raw"
"SPCA","Wasserstein",0.001,0.001,0.001,0.001,0.001,0.001,1,"raw"
"SPCA","Centers-Euclidean",0.001,0.001,0.001,0.001,0.001,0.001,1,"raw"
"IMDS","Int-Euclidean",0.006,0.002,0.001,0.001,0.001,0.859,1,"raw"
"IMDS","Hausdorff",0.001,0.005,0.001,0.003,0.001,0.24,1,"raw"
"IMDS","Ichino-Yaguchi",0.001,0.001,0.001,0.001,0.006,0.284,1,"raw"
"IMDS","Wasserstein",0.001,0.001,0.001,0.001,0.001,0.184,1,"raw"
"IMDS","Centers-Euclidean",0.001,0.001,0.001,0.001,0.001,0.018,1,"raw"
"Int-UMAP","Int-Euclidean",0.001,0.002,0.001,0.002,0.001,0.001,1,"raw"
"Int-UMAP","Hausdorff",0.001,0.001,0.001,0.004,0.001,0.034,1,"raw"
"Int-UMAP","Ichino-Yaguchi",0.001,0.003,0.001,0.005,0.001,0.001,1,"raw"
"Int-UMAP","Wasserstein",0.001,0.001,0.001,0.004,0.001,0.309,1,"raw"
"Int-UMAP","Centers-Euclidean",0.001,0.001,0.001,0.001,0.001,0.001,1,"raw"
"C-PCA","Int-Euclidean",0.001,0.001,0.001,0.001,0.001,0.001,1,"minP"
"C-PCA","Hausdorff",0.001,0.001,0.001,0.001,0.001,0.001,1,"minP"
"C-PCA","Ichino-Yaguchi",0.001,0.001,0.001,0.001,0.001,0.001,1,"minP"
"C-PCA","Wasserstein",0.001,0.001,0.001,0.001,0.001,0.001,1,"minP"
"C-PCA","Centers-Euclidean",0.001,0.001,0.001,0.001,0.001,0.001,1,"minP"
"V-PCA","Int-Euclidean",0.001,0.001,0.001,0.001,0.001,0.001,1,"minP"
"V-PCA","Hausdorff",0.001,0.001,0.001,0.001,0.001,0.001,1,"minP"
"V-PCA","Ichino-Yaguchi",0.001,0.001,0.001,0.001,0.001,0.001,1,"minP"
"V-PCA","Wasserstein",0.001,0.001,0.001,0.001,0.001,0.001,1,"minP"
"V-PCA","Centers-Euclidean",0.001,0.001,0.001,0.001,0.001,0.001,1,"minP"
"MR-PCA","Int-Euclidean",0.001,0.001,0.001,0.001,0.001,0.001,1,"minP"
"MR-PCA","Hausdorff",0.001,0.001,0.001,0.001,0.001,0.001,1,"minP"
"MR-PCA","Ichino-Yaguchi",0.001,0.001,0.001,0.001,0.001,0.001,1,"minP"
"MR-PCA","Wasserstein",0.001,0.001,0.001,0.001,0.001,0.001,1,"minP"
"MR-PCA","Centers-Euclidean",0.001,0.001,0.001,0.001,0.001,0.001,1,"minP"
"SPCA","Int-Euclidean",0.001,0.009,0.001,0.001,0.001,0.001,1,"minP"
"SPCA","Hausdorff",0.001,0.001,0.001,0.001,0.001,0.001,1,"minP"
"SPCA","Ichino-Yaguchi",0.001,0.001,0.001,0.001,0.001,0.001,1,"minP"
"SPCA","Wasserstein",0.001,0.001,0.001,0.001,0.001,0.001,1,"minP"
"SPCA","Centers-Euclidean",0.001,0.001,0.001,0.001,0.001,0.001,1,"minP"
"IMDS","Int-Euclidean",0.027,0.008,0.001,0.001,0.001,1,1,"minP"
"IMDS","Hausdorff",0.001,0.024,0.001,0.017,0.001,0.789,1,"minP"
"IMDS","Ichino-Yaguchi",0.001,0.001,0.001,0.001,0.042,0.842,1,"minP"
"IMDS","Wasserstein",0.001,0.001,0.001,0.001,0.001,0.702,1,"minP"
"IMDS","Centers-Euclidean",0.001,0.001,0.001,0.001,0.001,0.109,1,"minP"
"Int-UMAP","Int-Euclidean",0.001,0.009,0.001,0.004,0.001,0.001,1,"minP"
"Int-UMAP","Hausdorff",0.001,0.001,0.001,0.018,0.001,0.183,1,"minP"
"Int-UMAP","Ichino-Yaguchi",0.001,0.013,0.001,0.022,0.001,0.001,1,"minP"
"Int-UMAP","Wasserstein",0.001,0.001,0.001,0.018,0.001,0.852,1,"minP"
"Int-UMAP","Centers-Euclidean",0.001,0.001,0.001,0.001,0.001,0.001,1,"minP"
"C-PCA","Int-Euclidean",0.001,0.02,0.001,0.007,0.001,0.001,2,"raw"
"C-PCA","Hausdorff",0.001,0.001,0.001,0.001,0.001,0.001,2,"raw"
"C-PCA","Ichino-Yaguchi",0.001,0.001,0.001,0.001,0.001,0.001,2,"raw"
"C-PCA","Wasserstein",0.001,0.001,0.001,0.001,0.001,0.001,2,"raw"
"C-PCA","Centers-Euclidean",0.001,0.001,0.001,0.001,0.001,0.001,2,"raw"
"V-PCA","Int-Euclidean",0.001,0.024,0.001,0.007,0.001,0.001,2,"raw"
"V-PCA","Hausdorff",0.001,0.001,0.001,0.001,0.001,0.001,2,"raw"
"V-PCA","Ichino-Yaguchi",0.001,0.001,0.001,0.001,0.001,0.001,2,"raw"
"V-PCA","Wasserstein",0.001,0.001,0.001,0.001,0.001,0.001,2,"raw"
"V-PCA","Centers-Euclidean",0.001,0.001,0.001,0.001,0.001,0.001,2,"raw"
"MR-PCA","Int-Euclidean",0.001,0.001,0.001,0.001,0.001,0.001,2,"raw"
"MR-PCA","Hausdorff",0.001,0.001,0.001,0.001,0.001,0.001,2,"raw"
"MR-PCA","Ichino-Yaguchi",0.001,0.001,0.001,0.001,0.001,0.001,2,"raw"
"MR-PCA","Wasserstein",0.001,0.001,0.001,0.001,0.001,0.001,2,"raw"
"MR-PCA","Centers-Euclidean",0.001,0.001,0.001,0.001,0.001,0.001,2,"raw"
"SPCA","Int-Euclidean",0.001,0.018,0.001,0.003,0.001,0.001,2,"raw"
"SPCA","Hausdorff",0.001,0.001,0.001,0.001,0.001,0.001,2,"raw"
"SPCA","Ichino-Yaguchi",0.001,0.001,0.001,0.001,0.001,0.001,2,"raw"
"SPCA","Wasserstein",0.001,0.001,0.001,0.001,0.001,0.001,2,"raw"
"SPCA","Centers-Euclidean",0.001,0.001,0.001,0.001,0.001,0.001,2,"raw"
"IMDS","Int-Euclidean",0.001,0.018,0.001,0.001,0.005,0.299,2,"raw"
"IMDS","Hausdorff",0.001,0.001,0.001,0.001,0.001,0.795,2,"raw"
"IMDS","Ichino-Yaguchi",0.001,0.001,0.001,0.001,0.001,0.157,2,"raw"
"IMDS","Wasserstein",0.001,0.001,0.001,0.001,0.001,0.871,2,"raw"
"IMDS","Centers-Euclidean",0.001,0.001,0.001,0.001,0.001,0.612,2,"raw"
"Int-UMAP","Int-Euclidean",0.001,0.001,0.001,0.001,0.001,0.001,2,"raw"
"Int-UMAP","Hausdorff",0.001,0.001,0.001,0.027,0.001,0.673,2,"raw"
"Int-UMAP","Ichino-Yaguchi",0.001,0.001,0.001,0.001,0.001,0.814,2,"raw"
"Int-UMAP","Wasserstein",0.001,0.001,0.001,0.003,0.001,0.884,2,"raw"
"Int-UMAP","Centers-Euclidean",0.001,0.001,0.001,0.001,0.001,0.001,2,"raw"
"C-PCA","Int-Euclidean",0.001,0.094,0.001,0.036,0.001,0.001,2,"minP"
"C-PCA","Hausdorff",0.001,0.001,0.001,0.001,0.001,0.001,2,"minP"
"C-PCA","Ichino-Yaguchi",0.001,0.001,0.001,0.001,0.001,0.001,2,"minP"
"C-PCA","Wasserstein",0.001,0.001,0.001,0.001,0.001,0.001,2,"minP"
"C-PCA","Centers-Euclidean",0.001,0.001,0.001,0.001,0.001,0.001,2,"minP"
"V-PCA","Int-Euclidean",0.001,0.125,0.001,0.038,0.001,0.001,2,"minP"
"V-PCA","Hausdorff",0.001,0.001,0.001,0.001,0.001,0.001,2,"minP"
"V-PCA","Ichino-Yaguchi",0.001,0.001,0.001,0.001,0.001,0.001,2,"minP"
"V-PCA","Wasserstein",0.001,0.001,0.001,0.001,0.001,0.001,2,"minP"
"V-PCA","Centers-Euclidean",0.001,0.001,0.001,0.001,0.001,0.001,2,"minP"
"MR-PCA","Int-Euclidean",0.001,0.001,0.001,0.001,0.001,0.001,2,"minP"
"MR-PCA","Hausdorff",0.001,0.001,0.001,0.001,0.001,0.001,2,"minP"
"MR-PCA","Ichino-Yaguchi",0.001,0.001,0.001,0.001,0.001,0.001,2,"minP"
"MR-PCA","Wasserstein",0.001,0.001,0.001,0.001,0.001,0.001,2,"minP"
"MR-PCA","Centers-Euclidean",0.001,0.001,0.001,0.001,0.001,0.001,2,"minP"
"SPCA","Int-Euclidean",0.001,0.086,0.001,0.014,0.001,0.001,2,"minP"
"SPCA","Hausdorff",0.001,0.001,0.001,0.001,0.001,0.001,2,"minP"
"SPCA","Ichino-Yaguchi",0.001,0.001,0.001,0.001,0.001,0.001,2,"minP"
"SPCA","Wasserstein",0.001,0.001,0.001,0.001,0.001,0.001,2,"minP"
"SPCA","Centers-Euclidean",0.001,0.001,0.001,0.001,0.001,0.001,2,"minP"
"IMDS","Int-Euclidean",0.001,0.102,0.001,0.001,0.036,0.872,2,"minP"
"IMDS","Hausdorff",0.001,0.001,0.001,0.001,0.001,1,2,"minP"
"IMDS","Ichino-Yaguchi",0.001,0.001,0.001,0.001,0.001,0.673,2,"minP"
"IMDS","Wasserstein",0.001,0.001,0.001,0.001,0.001,1,2,"minP"
"IMDS","Centers-Euclidean",0.001,0.001,0.001,0.001,0.001,0.997,2,"minP"
"Int-UMAP","Int-Euclidean",0.001,0.001,0.001,0.001,0.001,0.001,2,"minP"
"Int-UMAP","Hausdorff",0.001,0.001,0.001,0.123,0.001,0.998,2,"minP"
"Int-UMAP","Ichino-Yaguchi",0.001,0.001,0.001,0.001,0.001,1,2,"minP"
"Int-UMAP","Wasserstein",0.001,0.001,0.001,0.015,0.001,1,2,"minP"
"Int-UMAP","Centers-Euclidean",0.001,0.001,0.001,0.001,0.001,0.001,2,"minP"
"C-PCA","Int-Euclidean",0.001,0.073,0.001,0.079,0.001,0.001,3,"raw"
"C-PCA","Hausdorff",0.001,0.001,0.001,0.001,0.001,0.001,3,"raw"
"C-PCA","Ichino-Yaguchi",0.001,0.001,0.001,0.001,0.001,0.001,3,"raw"
"C-PCA","Wasserstein",0.001,0.001,0.001,0.001,0.001,0.001,3,"raw"
"C-PCA","Centers-Euclidean",0.001,0.001,0.001,0.001,0.001,0.001,3,"raw"
"V-PCA","Int-Euclidean",0.001,0.083,0.001,0.069,0.001,0.001,3,"raw"
"V-PCA","Hausdorff",0.001,0.001,0.001,0.001,0.001,0.001,3,"raw"
"V-PCA","Ichino-Yaguchi",0.001,0.001,0.001,0.001,0.001,0.001,3,"raw"
"V-PCA","Wasserstein",0.001,0.001,0.001,0.001,0.001,0.001,3,"raw"
"V-PCA","Centers-Euclidean",0.001,0.001,0.001,0.001,0.001,0.001,3,"raw"
"MR-PCA","Int-Euclidean",0.001,0.001,0.001,0.001,0.001,0.001,3,"raw"
"MR-PCA","Hausdorff",0.001,0.001,0.001,0.001,0.001,0.001,3,"raw"
"MR-PCA","Ichino-Yaguchi",0.001,0.001,0.001,0.001,0.001,0.001,3,"raw"
"MR-PCA","Wasserstein",0.001,0.001,0.001,0.001,0.001,0.001,3,"raw"
"MR-PCA","Centers-Euclidean",0.001,0.001,0.001,0.001,0.001,0.001,3,"raw"
"SPCA","Int-Euclidean",0.001,0.074,0.001,0.065,0.001,0.001,3,"raw"
"SPCA","Hausdorff",0.001,0.001,0.001,0.001,0.001,0.001,3,"raw"
"SPCA","Ichino-Yaguchi",0.001,0.001,0.001,0.001,0.001,0.001,3,"raw"
"SPCA","Wasserstein",0.001,0.001,0.001,0.001,0.001,0.001,3,"raw"
"SPCA","Centers-Euclidean",0.001,0.001,0.001,0.001,0.001,0.001,3,"raw"
"IMDS","Int-Euclidean",0.004,0.05,0.001,0.011,0.001,1,3,"raw"
"IMDS","Hausdorff",0.001,0.001,0.001,0.001,0.001,0.133,3,"raw"
"IMDS","Ichino-Yaguchi",0.001,0.001,0.001,0.001,0.001,0.331,3,"raw"
"IMDS","Wasserstein",0.001,0.001,0.001,0.001,0.002,0.106,3,"raw"
"IMDS","Centers-Euclidean",0.001,0.001,0.001,0.001,0.001,0.024,3,"raw"
"Int-UMAP","Int-Euclidean",0.001,0.001,0.001,0.001,0.001,0.001,3,"raw"
"Int-UMAP","Hausdorff",0.001,0.001,0.001,0.039,0.001,0.001,3,"raw"
"Int-UMAP","Ichino-Yaguchi",0.001,0.001,0.001,0.003,0.001,0.001,3,"raw"
"Int-UMAP","Wasserstein",0.001,0.001,0.001,0.002,0.001,0.001,3,"raw"
"Int-UMAP","Centers-Euclidean",0.001,0.001,0.001,0.001,0.001,0.008,3,"raw"
"C-PCA","Int-Euclidean",0.001,0.303,0.001,0.31,0.001,0.001,3,"minP"
"C-PCA","Hausdorff",0.001,0.001,0.001,0.001,0.001,0.001,3,"minP"
"C-PCA","Ichino-Yaguchi",0.001,0.001,0.001,0.001,0.001,0.001,3,"minP"
"C-PCA","Wasserstein",0.001,0.001,0.001,0.001,0.001,0.001,3,"minP"
"C-PCA","Centers-Euclidean",0.001,0.001,0.001,0.001,0.001,0.001,3,"minP"
"V-PCA","Int-Euclidean",0.001,0.349,0.001,0.296,0.001,0.001,3,"minP"
"V-PCA","Hausdorff",0.001,0.001,0.001,0.001,0.001,0.001,3,"minP"
"V-PCA","Ichino-Yaguchi",0.001,0.001,0.001,0.001,0.001,0.001,3,"minP"
"V-PCA","Wasserstein",0.001,0.001,0.001,0.001,0.001,0.001,3,"minP"
"V-PCA","Centers-Euclidean",0.001,0.001,0.001,0.001,0.001,0.001,3,"minP"
"MR-PCA","Int-Euclidean",0.001,0.001,0.001,0.001,0.001,0.001,3,"minP"
"MR-PCA","Hausdorff",0.001,0.001,0.001,0.001,0.001,0.001,3,"minP"
"MR-PCA","Ichino-Yaguchi",0.001,0.001,0.001,0.001,0.001,0.001,3,"minP"
"MR-PCA","Wasserstein",0.001,0.001,0.001,0.001,0.001,0.001,3,"minP"
"MR-PCA","Centers-Euclidean",0.001,0.001,0.001,0.001,0.001,0.001,3,"minP"
"SPCA","Int-Euclidean",0.001,0.302,0.001,0.275,0.001,0.001,3,"minP"
"SPCA","Hausdorff",0.001,0.001,0.001,0.001,0.001,0.001,3,"minP"
"SPCA","Ichino-Yaguchi",0.001,0.001,0.001,0.001,0.001,0.001,3,"minP"
"SPCA","Wasserstein",0.001,0.001,0.001,0.001,0.001,0.001,3,"minP"
"SPCA","Centers-Euclidean",0.001,0.001,0.001,0.001,0.001,0.001,3,"minP"
"IMDS","Int-Euclidean",0.023,0.241,0.001,0.061,0.001,1,3,"minP"
"IMDS","Hausdorff",0.001,0.001,0.001,0.001,0.001,0.585,3,"minP"
"IMDS","Ichino-Yaguchi",0.001,0.001,0.001,0.001,0.001,0.904,3,"minP"
"IMDS","Wasserstein",0.001,0.001,0.001,0.001,0.009,0.501,3,"minP"
"IMDS","Centers-Euclidean",0.001,0.001,0.001,0.001,0.001,0.149,3,"minP"
"Int-UMAP","Int-Euclidean",0.001,0.001,0.001,0.001,0.001,0.001,3,"minP"
"Int-UMAP","Hausdorff",0.001,0.001,0.001,0.174,0.001,0.001,3,"minP"
"Int-UMAP","Ichino-Yaguchi",0.001,0.001,0.001,0.011,0.001,0.001,3,"minP"
"Int-UMAP","Wasserstein",0.001,0.001,0.001,0.005,0.001,0.001,3,"minP"
"Int-UMAP","Centers-Euclidean",0.001,0.001,0.001,0.001,0.001,0.045,3,"minP"
"C-PCA","Int-Euclidean",0.001,0.051,0.001,0.098,0.001,0.001,4,"raw"
"C-PCA","Hausdorff",0.001,0.002,0.001,0.004,0.001,0.001,4,"raw"
"C-PCA","Ichino-Yaguchi",0.001,0.002,0.001,0.002,0.001,0.001,4,"raw"
"C-PCA","Wasserstein",0.001,0.001,0.001,0.002,0.001,0.001,4,"raw"
"C-PCA","Centers-Euclidean",0.001,0.001,0.001,0.001,0.001,0.001,4,"raw"
"V-PCA","Int-Euclidean",0.001,0.057,0.001,0.099,0.001,0.001,4,"raw"
"V-PCA","Hausdorff",0.001,0.001,0.001,0.004,0.001,0.001,4,"raw"
"V-PCA","Ichino-Yaguchi",0.001,0.001,0.001,0.003,0.001,0.001,4,"raw"
"V-PCA","Wasserstein",0.001,0.001,0.001,0.002,0.001,0.001,4,"raw"
"V-PCA","Centers-Euclidean",0.001,0.001,0.001,0.001,0.001,0.001,4,"raw"
"MR-PCA","Int-Euclidean",0.001,0.001,0.001,0.001,0.001,0.001,4,"raw"
"MR-PCA","Hausdorff",0.001,0.002,0.001,0.008,0.001,0.001,4,"raw"
"MR-PCA","Ichino-Yaguchi",0.001,0.001,0.001,0.002,0.001,0.001,4,"raw"
"MR-PCA","Wasserstein",0.001,0.001,0.001,0.002,0.001,0.001,4,"raw"
"MR-PCA","Centers-Euclidean",0.001,0.001,0.001,0.001,0.001,0.001,4,"raw"
"SPCA","Int-Euclidean",0.001,0.056,0.001,0.1,0.001,0.001,4,"raw"
"SPCA","Hausdorff",0.001,0.002,0.001,0.003,0.001,0.001,4,"raw"
"SPCA","Ichino-Yaguchi",0.001,0.001,0.001,0.002,0.001,0.001,4,"raw"
"SPCA","Wasserstein",0.001,0.001,0.001,0.001,0.001,0.001,4,"raw"
"SPCA","Centers-Euclidean",0.001,0.001,0.001,0.001,0.001,0.001,4,"raw"
"IMDS","Int-Euclidean",0.002,0.011,0.001,0.001,0.001,1,4,"raw"
"IMDS","Hausdorff",0.001,0.001,0.001,0.001,0.001,0.503,4,"raw"
"IMDS","Ichino-Yaguchi",0.001,0.001,0.001,0.001,0.001,0.389,4,"raw"
"IMDS","Wasserstein",0.001,0.001,0.001,0.001,0.001,0.393,4,"raw"
"IMDS","Centers-Euclidean",0.001,0.001,0.001,0.001,0.001,0.452,4,"raw"
"Int-UMAP","Int-Euclidean",0.001,0.001,0.001,0.001,0.001,0.001,4,"raw"
"Int-UMAP","Hausdorff",0.001,0.001,0.001,0.011,0.001,0.004,4,"raw"
"Int-UMAP","Ichino-Yaguchi",0.001,0.001,0.001,0.005,0.001,0.001,4,"raw"
"Int-UMAP","Wasserstein",0.001,0.001,0.001,0.009,0.001,0.001,4,"raw"
"Int-UMAP","Centers-Euclidean",0.001,0.001,0.001,0.001,0.001,0.001,4,"raw"
"C-PCA","Int-Euclidean",0.001,0.207,0.001,0.374,0.001,0.001,4,"minP"
"C-PCA","Hausdorff",0.001,0.007,0.001,0.019,0.001,0.001,4,"minP"
"C-PCA","Ichino-Yaguchi",0.001,0.007,0.001,0.007,0.001,0.001,4,"minP"
"C-PCA","Wasserstein",0.001,0.001,0.001,0.007,0.001,0.001,4,"minP"
"C-PCA","Centers-Euclidean",0.001,0.001,0.001,0.001,0.001,0.001,4,"minP"
"V-PCA","Int-Euclidean",0.001,0.224,0.001,0.349,0.001,0.001,4,"minP"
"V-PCA","Hausdorff",0.001,0.001,0.001,0.014,0.001,0.001,4,"minP"
"V-PCA","Ichino-Yaguchi",0.001,0.001,0.001,0.01,0.001,0.001,4,"minP"
"V-PCA","Wasserstein",0.001,0.001,0.001,0.006,0.001,0.001,4,"minP"
"V-PCA","Centers-Euclidean",0.001,0.001,0.001,0.001,0.001,0.001,4,"minP"
"MR-PCA","Int-Euclidean",0.001,0.001,0.001,0.001,0.001,0.001,4,"minP"
"MR-PCA","Hausdorff",0.001,0.006,0.001,0.028,0.001,0.001,4,"minP"
"MR-PCA","Ichino-Yaguchi",0.001,0.001,0.001,0.006,0.001,0.001,4,"minP"
"MR-PCA","Wasserstein",0.001,0.001,0.001,0.006,0.001,0.001,4,"minP"
"MR-PCA","Centers-Euclidean",0.001,0.001,0.001,0.001,0.001,0.001,4,"minP"
"SPCA","Int-Euclidean",0.001,0.221,0.001,0.375,0.001,0.001,4,"minP"
"SPCA","Hausdorff",0.001,0.005,0.001,0.01,0.001,0.001,4,"minP"
"SPCA","Ichino-Yaguchi",0.001,0.001,0.001,0.006,0.001,0.001,4,"minP"
"SPCA","Wasserstein",0.001,0.001,0.001,0.001,0.001,0.001,4,"minP"
"SPCA","Centers-Euclidean",0.001,0.001,0.001,0.001,0.001,0.001,4,"minP"
"IMDS","Int-Euclidean",0.006,0.063,0.001,0.001,0.001,1,4,"minP"
"IMDS","Hausdorff",0.001,0.001,0.001,0.001,0.001,0.985,4,"minP"
"IMDS","Ichino-Yaguchi",0.001,0.001,0.001,0.001,0.001,0.951,4,"minP"
"IMDS","Wasserstein",0.001,0.001,0.001,0.001,0.001,0.953,4,"minP"
"IMDS","Centers-Euclidean",0.001,0.001,0.001,0.001,0.001,0.968,4,"minP"
"Int-UMAP","Int-Euclidean",0.001,0.001,0.001,0.001,0.001,0.001,4,"minP"
"Int-UMAP","Hausdorff",0.001,0.001,0.001,0.056,0.001,0.021,4,"minP"
"Int-UMAP","Ichino-Yaguchi",0.001,0.001,0.001,0.021,0.001,0.001,4,"minP"
"Int-UMAP","Wasserstein",0.001,0.001,0.001,0.044,0.001,0.001,4,"minP"
"Int-UMAP","Centers-Euclidean",0.001,0.001,0.001,0.001,0.001,0.001,4,"minP"
"C-PCA","Int-Euclidean",0.001,0.016,0.001,0.004,0.001,0.001,5,"raw"
"C-PCA","Hausdorff",0.001,0.001,0.001,0.001,0.001,0.001,5,"raw"
"C-PCA","Ichino-Yaguchi",0.001,0.001,0.001,0.001,0.001,0.001,5,"raw"
"C-PCA","Wasserstein",0.001,0.001,0.001,0.001,0.001,0.001,5,"raw"
"C-PCA","Centers-Euclidean",0.001,0.001,0.001,0.001,0.001,0.001,5,"raw"
"V-PCA","Int-Euclidean",0.001,0.009,0.001,0.002,0.001,0.001,5,"raw"
"V-PCA","Hausdorff",0.001,0.001,0.001,0.001,0.001,0.001,5,"raw"
"V-PCA","Ichino-Yaguchi",0.001,0.001,0.001,0.001,0.001,0.001,5,"raw"
"V-PCA","Wasserstein",0.001,0.001,0.001,0.001,0.001,0.001,5,"raw"
"V-PCA","Centers-Euclidean",0.001,0.001,0.001,0.001,0.001,0.001,5,"raw"
"MR-PCA","Int-Euclidean",0.001,0.001,0.001,0.001,0.001,0.001,5,"raw"
"MR-PCA","Hausdorff",0.001,0.001,0.001,0.001,0.001,0.001,5,"raw"
"MR-PCA","Ichino-Yaguchi",0.001,0.001,0.001,0.001,0.001,0.001,5,"raw"
"MR-PCA","Wasserstein",0.001,0.001,0.001,0.001,0.001,0.001,5,"raw"
"MR-PCA","Centers-Euclidean",0.001,0.001,0.001,0.001,0.001,0.001,5,"raw"
"SPCA","Int-Euclidean",0.001,0.017,0.001,0.006,0.001,0.001,5,"raw"
"SPCA","Hausdorff",0.001,0.001,0.001,0.001,0.001,0.001,5,"raw"
"SPCA","Ichino-Yaguchi",0.001,0.001,0.001,0.001,0.001,0.001,5,"raw"
"SPCA","Wasserstein",0.001,0.001,0.001,0.001,0.001,0.001,5,"raw"
"SPCA","Centers-Euclidean",0.001,0.001,0.001,0.001,0.001,0.001,5,"raw"
"IMDS","Int-Euclidean",0.001,0.012,0.001,0.004,0.001,0.507,5,"raw"
"IMDS","Hausdorff",0.001,0.001,0.001,0.001,0.001,0.488,5,"raw"
"IMDS","Ichino-Yaguchi",0.001,0.003,0.001,0.001,0.001,0.183,5,"raw"
"IMDS","Wasserstein",0.001,0.001,0.001,0.001,0.001,0.067,5,"raw"
"IMDS","Centers-Euclidean",0.001,0.002,0.001,0.001,0.001,0.012,5,"raw"
"Int-UMAP","Int-Euclidean",0.001,0.935,0.001,0.349,0.001,0.131,5,"raw"
"Int-UMAP","Hausdorff",0.001,0.157,0.001,0.18,0.001,0.127,5,"raw"
"Int-UMAP","Ichino-Yaguchi",0.001,0.895,0.001,0.447,0.001,0.663,5,"raw"
"Int-UMAP","Wasserstein",0.001,0.658,0.001,0.377,0.001,0.348,5,"raw"
"Int-UMAP","Centers-Euclidean",0.001,0.208,0.001,0.09,0.001,0.013,5,"raw"
"C-PCA","Int-Euclidean",0.001,0.08,0.001,0.015,0.001,0.001,5,"minP"
"C-PCA","Hausdorff",0.001,0.001,0.001,0.001,0.001,0.001,5,"minP"
"C-PCA","Ichino-Yaguchi",0.001,0.001,0.001,0.001,0.001,0.001,5,"minP"
"C-PCA","Wasserstein",0.001,0.001,0.001,0.001,0.001,0.001,5,"minP"
"C-PCA","Centers-Euclidean",0.001,0.001,0.001,0.001,0.001,0.001,5,"minP"
"V-PCA","Int-Euclidean",0.001,0.049,0.001,0.008,0.001,0.001,5,"minP"
"V-PCA","Hausdorff",0.001,0.001,0.001,0.001,0.001,0.001,5,"minP"
"V-PCA","Ichino-Yaguchi",0.001,0.001,0.001,0.001,0.001,0.001,5,"minP"
"V-PCA","Wasserstein",0.001,0.001,0.001,0.001,0.001,0.001,5,"minP"
"V-PCA","Centers-Euclidean",0.001,0.001,0.001,0.001,0.001,0.001,5,"minP"
"MR-PCA","Int-Euclidean",0.001,0.001,0.001,0.001,0.001,0.001,5,"minP"
"MR-PCA","Hausdorff",0.001,0.001,0.001,0.001,0.001,0.001,5,"minP"
"MR-PCA","Ichino-Yaguchi",0.001,0.001,0.001,0.001,0.001,0.001,5,"minP"
"MR-PCA","Wasserstein",0.001,0.001,0.001,0.001,0.001,0.001,5,"minP"
"MR-PCA","Centers-Euclidean",0.001,0.001,0.001,0.001,0.001,0.001,5,"minP"
"SPCA","Int-Euclidean",0.001,0.078,0.001,0.03,0.001,0.001,5,"minP"
"SPCA","Hausdorff",0.001,0.001,0.001,0.001,0.001,0.001,5,"minP"
"SPCA","Ichino-Yaguchi",0.001,0.001,0.001,0.001,0.001,0.001,5,"minP"
"SPCA","Wasserstein",0.001,0.001,0.001,0.001,0.001,0.001,5,"minP"
"SPCA","Centers-Euclidean",0.001,0.001,0.001,0.001,0.001,0.001,5,"minP"
"IMDS","Int-Euclidean",0.001,0.065,0.001,0.016,0.001,0.985,5,"minP"
"IMDS","Hausdorff",0.001,0.001,0.001,0.001,0.001,0.985,5,"minP"
"IMDS","Ichino-Yaguchi",0.001,0.013,0.001,0.001,0.001,0.713,5,"minP"
"IMDS","Wasserstein",0.001,0.001,0.001,0.001,0.001,0.367,5,"minP"
"IMDS","Centers-Euclidean",0.001,0.007,0.001,0.001,0.001,0.081,5,"minP"
"Int-UMAP","Int-Euclidean",0.001,1,0.001,0.819,0.001,0.526,5,"minP"
"Int-UMAP","Hausdorff",0.001,0.492,0.001,0.558,0.001,0.518,5,"minP"
"Int-UMAP","Ichino-Yaguchi",0.001,1,0.001,0.906,0.001,0.997,5,"minP"
"Int-UMAP","Wasserstein",0.001,0.989,0.001,0.846,0.001,0.878,5,"minP"
"Int-UMAP","Centers-Euclidean",0.001,0.61,0.001,0.33,0.001,0.07,5,"minP"
"C-PCA","Int-Euclidean",0.001,0.001,0.001,0.001,0.001,0.001,6,"raw"
"C-PCA","Hausdorff",0.001,0.001,0.001,0.001,0.001,0.001,6,"raw"
"C-PCA","Ichino-Yaguchi",0.001,0.001,0.001,0.001,0.001,0.001,6,"raw"
"C-PCA","Wasserstein",0.001,0.001,0.001,0.001,0.001,0.001,6,"raw"
"C-PCA","Centers-Euclidean",0.001,0.001,0.001,0.001,0.001,0.001,6,"raw"
"V-PCA","Int-Euclidean",0.001,0.001,0.001,0.001,0.001,0.001,6,"raw"
"V-PCA","Hausdorff",0.001,0.001,0.001,0.001,0.001,0.001,6,"raw"
"V-PCA","Ichino-Yaguchi",0.001,0.001,0.001,0.001,0.001,0.001,6,"raw"
"V-PCA","Wasserstein",0.001,0.001,0.001,0.001,0.001,0.001,6,"raw"
"V-PCA","Centers-Euclidean",0.001,0.001,0.001,0.001,0.001,0.001,6,"raw"
"MR-PCA","Int-Euclidean",0.001,0.001,0.001,0.001,0.001,0.001,6,"raw"
"MR-PCA","Hausdorff",0.001,0.001,0.001,0.001,0.001,0.001,6,"raw"
"MR-PCA","Ichino-Yaguchi",0.001,0.001,0.001,0.001,0.001,0.001,6,"raw"
"MR-PCA","Wasserstein",0.001,0.001,0.001,0.001,0.001,0.001,6,"raw"
"MR-PCA","Centers-Euclidean",0.001,0.001,0.001,0.001,0.001,0.001,6,"raw"
"SPCA","Int-Euclidean",0.001,0.002,0.001,0.001,0.001,0.001,6,"raw"
"SPCA","Hausdorff",0.001,0.001,0.001,0.001,0.001,0.001,6,"raw"
"SPCA","Ichino-Yaguchi",0.001,0.001,0.001,0.001,0.001,0.001,6,"raw"
"SPCA","Wasserstein",0.001,0.001,0.001,0.001,0.001,0.001,6,"raw"
"SPCA","Centers-Euclidean",0.001,0.001,0.001,0.001,0.001,0.001,6,"raw"
"IMDS","Int-Euclidean",0.26,0.058,0.083,0.001,0.007,0.009,6,"raw"
"IMDS","Hausdorff",0.001,0.042,0.001,0.01,0.001,0.533,6,"raw"
"IMDS","Ichino-Yaguchi",0.001,0.001,0.001,0.001,0.001,0.892,6,"raw"
"IMDS","Wasserstein",0.001,0.001,0.001,0.003,0.001,0.395,6,"raw"
"IMDS","Centers-Euclidean",0.001,0.001,0.001,0.001,0.001,0.777,6,"raw"
"Int-UMAP","Int-Euclidean",0.001,0.414,0.001,0.148,0.001,0.014,6,"raw"
"Int-UMAP","Hausdorff",0.001,0.251,0.001,0.362,0.001,0.004,6,"raw"
"Int-UMAP","Ichino-Yaguchi",0.001,0.06,0.001,0.354,0.001,0.001,6,"raw"
"Int-UMAP","Wasserstein",0.001,0.123,0.001,0.346,0.001,0.001,6,"raw"
"Int-UMAP","Centers-Euclidean",0.001,0.694,0.001,0.52,0.001,0.206,6,"raw"
"C-PCA","Int-Euclidean",0.001,0.001,0.001,0.001,0.001,0.001,6,"minP"
"C-PCA","Hausdorff",0.001,0.001,0.001,0.001,0.001,0.001,6,"minP"
"C-PCA","Ichino-Yaguchi",0.001,0.001,0.001,0.001,0.001,0.001,6,"minP"
"C-PCA","Wasserstein",0.001,0.001,0.001,0.001,0.001,0.001,6,"minP"
"C-PCA","Centers-Euclidean",0.001,0.001,0.001,0.001,0.001,0.001,6,"minP"
"V-PCA","Int-Euclidean",0.001,0.001,0.001,0.001,0.001,0.001,6,"minP"
"V-PCA","Hausdorff",0.001,0.001,0.001,0.001,0.001,0.001,6,"minP"
"V-PCA","Ichino-Yaguchi",0.001,0.001,0.001,0.001,0.001,0.001,6,"minP"
"V-PCA","Wasserstein",0.001,0.001,0.001,0.001,0.001,0.001,6,"minP"
"V-PCA","Centers-Euclidean",0.001,0.001,0.001,0.001,0.001,0.001,6,"minP"
"MR-PCA","Int-Euclidean",0.001,0.001,0.001,0.001,0.001,0.001,6,"minP"
"MR-PCA","Hausdorff",0.001,0.001,0.001,0.001,0.001,0.001,6,"minP"
"MR-PCA","Ichino-Yaguchi",0.001,0.001,0.001,0.001,0.001,0.001,6,"minP"
"MR-PCA","Wasserstein",0.001,0.001,0.001,0.001,0.001,0.001,6,"minP"
"MR-PCA","Centers-Euclidean",0.001,0.001,0.001,0.001,0.001,0.001,6,"minP"
"SPCA","Int-Euclidean",0.001,0.007,0.001,0.001,0.001,0.001,6,"minP"
"SPCA","Hausdorff",0.001,0.001,0.001,0.001,0.001,0.001,6,"minP"
"SPCA","Ichino-Yaguchi",0.001,0.001,0.001,0.001,0.001,0.001,6,"minP"
"SPCA","Wasserstein",0.001,0.001,0.001,0.001,0.001,0.001,6,"minP"
"SPCA","Centers-Euclidean",0.001,0.001,0.001,0.001,0.001,0.001,6,"minP"
"IMDS","Int-Euclidean",0.766,0.272,0.354,0.001,0.042,0.057,6,"minP"
"IMDS","Hausdorff",0.001,0.207,0.001,0.055,0.001,0.988,6,"minP"
"IMDS","Ichino-Yaguchi",0.001,0.001,0.001,0.001,0.001,1,6,"minP"
"IMDS","Wasserstein",0.001,0.001,0.001,0.013,0.001,0.954,6,"minP"
"IMDS","Centers-Euclidean",0.001,0.001,0.001,0.001,0.001,1,6,"minP"
"Int-UMAP","Int-Euclidean",0.001,0.899,0.001,0.5,0.001,0.086,6,"minP"
"Int-UMAP","Hausdorff",0.001,0.701,0.001,0.845,0.001,0.025,6,"minP"
"Int-UMAP","Ichino-Yaguchi",0.001,0.254,0.001,0.834,0.001,0.001,6,"minP"
"Int-UMAP","Wasserstein",0.001,0.441,0.001,0.826,0.001,0.001,6,"minP"
"Int-UMAP","Centers-Euclidean",0.001,0.996,0.001,0.949,0.001,0.736,6,"minP"
"C-PCA","Int-Euclidean",0.001,0.012,0.001,0.008,0.001,0.001,7,"raw"
"C-PCA","Hausdorff",0.001,0.001,0.001,0.001,0.001,0.001,7,"raw"
"C-PCA","Ichino-Yaguchi",0.001,0.001,0.001,0.001,0.001,0.001,7,"raw"
"C-PCA","Wasserstein",0.001,0.001,0.001,0.001,0.001,0.001,7,"raw"
"C-PCA","Centers-Euclidean",0.001,0.001,0.001,0.001,0.001,0.001,7,"raw"
"V-PCA","Int-Euclidean",0.001,0.014,0.001,0.01,0.001,0.001,7,"raw"
"V-PCA","Hausdorff",0.001,0.001,0.001,0.001,0.001,0.001,7,"raw"
"V-PCA","Ichino-Yaguchi",0.001,0.001,0.001,0.001,0.001,0.001,7,"raw"
"V-PCA","Wasserstein",0.001,0.001,0.001,0.001,0.001,0.001,7,"raw"
"V-PCA","Centers-Euclidean",0.001,0.001,0.001,0.001,0.001,0.001,7,"raw"
"MR-PCA","Int-Euclidean",0.001,0.001,0.001,0.001,0.001,0.001,7,"raw"
"MR-PCA","Hausdorff",0.001,0.001,0.001,0.001,0.001,0.001,7,"raw"
"MR-PCA","Ichino-Yaguchi",0.001,0.001,0.001,0.001,0.001,0.001,7,"raw"
"MR-PCA","Wasserstein",0.001,0.001,0.001,0.001,0.001,0.001,7,"raw"
"MR-PCA","Centers-Euclidean",0.001,0.001,0.001,0.001,0.001,0.001,7,"raw"
"SPCA","Int-Euclidean",0.001,0.013,0.001,0.004,0.001,0.001,7,"raw"
"SPCA","Hausdorff",0.001,0.001,0.001,0.001,0.001,0.001,7,"raw"
"SPCA","Ichino-Yaguchi",0.001,0.001,0.001,0.001,0.001,0.001,7,"raw"
"SPCA","Wasserstein",0.001,0.001,0.001,0.001,0.001,0.001,7,"raw"
"SPCA","Centers-Euclidean",0.001,0.001,0.001,0.001,0.001,0.001,7,"raw"
"IMDS","Int-Euclidean",0.02,0.886,0.004,0.277,0.001,0.226,7,"raw"
"IMDS","Hausdorff",0.001,0.001,0.001,0.002,0.001,0.626,7,"raw"
"IMDS","Ichino-Yaguchi",0.001,0.001,0.001,0.007,0.001,0.478,7,"raw"
"IMDS","Wasserstein",0.001,0.001,0.001,0.002,0.001,0.595,7,"raw"
"IMDS","Centers-Euclidean",0.001,0.001,0.001,0.001,0.001,0.768,7,"raw"
"Int-UMAP","Int-Euclidean",0.001,0.769,0.001,0.245,0.001,0.001,7,"raw"
"Int-UMAP","Hausdorff",0.001,0.059,0.001,0.147,0.001,0.03,7,"raw"
"Int-UMAP","Ichino-Yaguchi",0.001,0.831,0.001,0.867,0.001,1,7,"raw"
"Int-UMAP","Wasserstein",0.001,0.979,0.001,0.9,0.001,0.435,7,"raw"
"Int-UMAP","Centers-Euclidean",0.001,0.947,0.001,0.392,0.001,0.119,7,"raw"
"C-PCA","Int-Euclidean",0.001,0.064,0.001,0.039,0.001,0.001,7,"minP"
"C-PCA","Hausdorff",0.001,0.001,0.001,0.001,0.001,0.001,7,"minP"
"C-PCA","Ichino-Yaguchi",0.001,0.001,0.001,0.001,0.001,0.001,7,"minP"
"C-PCA","Wasserstein",0.001,0.001,0.001,0.001,0.001,0.001,7,"minP"
"C-PCA","Centers-Euclidean",0.001,0.001,0.001,0.001,0.001,0.001,7,"minP"
"V-PCA","Int-Euclidean",0.001,0.075,0.001,0.053,0.001,0.001,7,"minP"
"V-PCA","Hausdorff",0.001,0.001,0.001,0.001,0.001,0.001,7,"minP"
"V-PCA","Ichino-Yaguchi",0.001,0.001,0.001,0.001,0.001,0.001,7,"minP"
"V-PCA","Wasserstein",0.001,0.001,0.001,0.001,0.001,0.001,7,"minP"
"V-PCA","Centers-Euclidean",0.001,0.001,0.001,0.001,0.001,0.001,7,"minP"
"MR-PCA","Int-Euclidean",0.001,0.001,0.001,0.001,0.001,0.001,7,"minP"
"MR-PCA","Hausdorff",0.001,0.001,0.001,0.001,0.001,0.001,7,"minP"
"MR-PCA","Ichino-Yaguchi",0.001,0.001,0.001,0.001,0.001,0.001,7,"minP"
"MR-PCA","Wasserstein",0.001,0.001,0.001,0.001,0.001,0.001,7,"minP"
"MR-PCA","Centers-Euclidean",0.001,0.001,0.001,0.001,0.001,0.001,7,"minP"
"SPCA","Int-Euclidean",0.001,0.065,0.001,0.015,0.001,0.001,7,"minP"
"SPCA","Hausdorff",0.001,0.001,0.001,0.001,0.001,0.001,7,"minP"
"SPCA","Ichino-Yaguchi",0.001,0.001,0.001,0.001,0.001,0.001,7,"minP"
"SPCA","Wasserstein",0.001,0.001,0.001,0.001,0.001,0.001,7,"minP"
"SPCA","Centers-Euclidean",0.001,0.001,0.001,0.001,0.001,0.001,7,"minP"
"IMDS","Int-Euclidean",0.117,1,0.022,0.804,0.001,0.81,7,"minP"
"IMDS","Hausdorff",0.001,0.001,0.001,0.008,0.001,0.998,7,"minP"
"IMDS","Ichino-Yaguchi",0.001,0.001,0.001,0.042,0.001,0.981,7,"minP"
"IMDS","Wasserstein",0.001,0.001,0.001,0.008,0.001,0.994,7,"minP"
"IMDS","Centers-Euclidean",0.001,0.001,0.001,0.001,0.001,0.999,7,"minP"
"Int-UMAP","Int-Euclidean",0.001,0.999,0.001,0.658,0.001,0.001,7,"minP"
"Int-UMAP","Hausdorff",0.001,0.243,0.001,0.458,0.001,0.163,7,"minP"
"Int-UMAP","Ichino-Yaguchi",0.001,1,0.001,0.998,0.001,1,7,"minP"
"Int-UMAP","Wasserstein",0.001,1,0.001,0.999,0.001,0.935,7,"minP"
"Int-UMAP","Centers-Euclidean",0.001,1,0.001,0.857,0.001,0.471,7,"minP"
"C-PCA","Int-Euclidean",0.001,0.007,0.001,0.002,0.001,0.001,8,"raw"
"C-PCA","Hausdorff",0.001,0.001,0.001,0.001,0.001,0.001,8,"raw"
"C-PCA","Ichino-Yaguchi",0.001,0.001,0.001,0.001,0.001,0.001,8,"raw"
"C-PCA","Wasserstein",0.001,0.001,0.001,0.001,0.001,0.001,8,"raw"
"C-PCA","Centers-Euclidean",0.001,0.001,0.001,0.001,0.001,0.001,8,"raw"
"V-PCA","Int-Euclidean",0.001,0.002,0.001,0.003,0.001,0.001,8,"raw"
"V-PCA","Hausdorff",0.001,0.001,0.001,0.001,0.001,0.001,8,"raw"
"V-PCA","Ichino-Yaguchi",0.001,0.001,0.001,0.001,0.001,0.001,8,"raw"
"V-PCA","Wasserstein",0.001,0.001,0.001,0.001,0.001,0.001,8,"raw"
"V-PCA","Centers-Euclidean",0.001,0.001,0.001,0.001,0.001,0.001,8,"raw"
"MR-PCA","Int-Euclidean",0.001,0.001,0.001,0.001,0.001,0.001,8,"raw"
"MR-PCA","Hausdorff",0.001,0.001,0.001,0.001,0.001,0.001,8,"raw"
"MR-PCA","Ichino-Yaguchi",0.001,0.001,0.001,0.001,0.001,0.001,8,"raw"
"MR-PCA","Wasserstein",0.001,0.001,0.001,0.001,0.001,0.001,8,"raw"
"MR-PCA","Centers-Euclidean",0.001,0.001,0.001,0.001,0.001,0.001,8,"raw"
"SPCA","Int-Euclidean",0.001,0.003,0.001,0.004,0.001,0.001,8,"raw"
"SPCA","Hausdorff",0.001,0.001,0.001,0.001,0.001,0.001,8,"raw"
"SPCA","Ichino-Yaguchi",0.001,0.001,0.001,0.001,0.001,0.001,8,"raw"
"SPCA","Wasserstein",0.001,0.001,0.001,0.001,0.001,0.001,8,"raw"
"SPCA","Centers-Euclidean",0.001,0.001,0.001,0.001,0.001,0.001,8,"raw"
"IMDS","Int-Euclidean",0.001,0.032,0.001,0.003,0.001,0.74,8,"raw"
"IMDS","Hausdorff",0.001,0.002,0.001,0.001,0.001,0.909,8,"raw"
"IMDS","Ichino-Yaguchi",0.001,0.001,0.001,0.001,0.001,0.115,8,"raw"
"IMDS","Wasserstein",0.001,0.001,0.001,0.001,0.001,0.714,8,"raw"
"IMDS","Centers-Euclidean",0.001,0.001,0.001,0.001,0.001,0.493,8,"raw"
"Int-UMAP","Int-Euclidean",0.001,0.73,0.001,0.353,0.001,0.002,8,"raw"
"Int-UMAP","Hausdorff",0.001,0.016,0.001,0.022,0.001,0.001,8,"raw"
"Int-UMAP","Ichino-Yaguchi",0.001,0.73,0.001,0.27,0.001,0.001,8,"raw"
"Int-UMAP","Wasserstein",0.001,0.436,0.001,0.103,0.001,0.001,8,"raw"
"Int-UMAP","Centers-Euclidean",0.001,0.508,0.001,0.122,0.001,0.001,8,"raw"
"C-PCA","Int-Euclidean",0.001,0.033,0.001,0.01,0.001,0.001,8,"minP"
"C-PCA","Hausdorff",0.001,0.001,0.001,0.001,0.001,0.001,8,"minP"
"C-PCA","Ichino-Yaguchi",0.001,0.001,0.001,0.001,0.001,0.001,8,"minP"
"C-PCA","Wasserstein",0.001,0.001,0.001,0.001,0.001,0.001,8,"minP"
"C-PCA","Centers-Euclidean",0.001,0.001,0.001,0.001,0.001,0.001,8,"minP"
"V-PCA","Int-Euclidean",0.001,0.009,0.001,0.014,0.001,0.001,8,"minP"
"V-PCA","Hausdorff",0.001,0.001,0.001,0.001,0.001,0.001,8,"minP"
"V-PCA","Ichino-Yaguchi",0.001,0.001,0.001,0.001,0.001,0.001,8,"minP"
"V-PCA","Wasserstein",0.001,0.001,0.001,0.001,0.001,0.001,8,"minP"
"V-PCA","Centers-Euclidean",0.001,0.001,0.001,0.001,0.001,0.001,8,"minP"
"MR-PCA","Int-Euclidean",0.001,0.001,0.001,0.001,0.001,0.001,8,"minP"
"MR-PCA","Hausdorff",0.001,0.001,0.001,0.001,0.001,0.001,8,"minP"
"MR-PCA","Ichino-Yaguchi",0.001,0.001,0.001,0.001,0.001,0.001,8,"minP"
"MR-PCA","Wasserstein",0.001,0.001,0.001,0.001,0.001,0.001,8,"minP"
"MR-PCA","Centers-Euclidean",0.001,0.001,0.001,0.001,0.001,0.001,8,"minP"
"SPCA","Int-Euclidean",0.001,0.013,0.001,0.02,0.001,0.001,8,"minP"
"SPCA","Hausdorff",0.001,0.001,0.001,0.001,0.001,0.001,8,"minP"
"SPCA","Ichino-Yaguchi",0.001,0.001,0.001,0.001,0.001,0.001,8,"minP"
"SPCA","Wasserstein",0.001,0.001,0.001,0.001,0.001,0.001,8,"minP"
"SPCA","Centers-Euclidean",0.001,0.001,0.001,0.001,0.001,0.001,8,"minP"
"IMDS","Int-Euclidean",0.001,0.153,0.001,0.016,0.001,1,8,"minP"
"IMDS","Hausdorff",0.001,0.009,0.001,0.001,0.001,1,8,"minP"
"IMDS","Ichino-Yaguchi",0.001,0.001,0.001,0.001,0.001,0.57,8,"minP"
"IMDS","Wasserstein",0.001,0.001,0.001,0.001,0.001,1,8,"minP"
"IMDS","Centers-Euclidean",0.001,0.001,0.001,0.001,0.001,0.985,8,"minP"
"Int-UMAP","Int-Euclidean",0.001,0.998,0.001,0.778,0.001,0.007,8,"minP"
"Int-UMAP","Hausdorff",0.001,0.061,0.001,0.092,0.001,0.001,8,"minP"
"Int-UMAP","Ichino-Yaguchi",0.001,0.998,0.001,0.687,0.001,0.001,8,"minP"
"Int-UMAP","Wasserstein",0.001,0.886,0.001,0.346,0.001,0.001,8,"minP"
"Int-UMAP","Centers-Euclidean",0.001,0.934,0.001,0.397,0.001,0.001,8,"minP"
"C-PCA","Int-Euclidean",0.001,0.005,0.001,0.001,0.001,0.001,9,"raw"
"C-PCA","Hausdorff",0.001,0.001,0.001,0.001,0.001,0.001,9,"raw"
"C-PCA","Ichino-Yaguchi",0.001,0.001,0.001,0.001,0.001,0.001,9,"raw"
"C-PCA","Wasserstein",0.001,0.001,0.001,0.001,0.001,0.001,9,"raw"
"C-PCA","Centers-Euclidean",0.001,0.001,0.001,0.001,0.001,0.001,9,"raw"
"V-PCA","Int-Euclidean",0.001,0.001,0.001,0.001,0.001,0.001,9,"raw"
"V-PCA","Hausdorff",0.001,0.001,0.001,0.001,0.001,0.001,9,"raw"
"V-PCA","Ichino-Yaguchi",0.001,0.001,0.001,0.001,0.001,0.001,9,"raw"
"V-PCA","Wasserstein",0.001,0.001,0.001,0.001,0.001,0.001,9,"raw"
"V-PCA","Centers-Euclidean",0.001,0.001,0.001,0.001,0.001,0.001,9,"raw"
"MR-PCA","Int-Euclidean",0.001,0.001,0.001,0.001,0.001,0.001,9,"raw"
"MR-PCA","Hausdorff",0.001,0.001,0.001,0.001,0.001,0.001,9,"raw"
"MR-PCA","Ichino-Yaguchi",0.001,0.001,0.001,0.001,0.001,0.001,9,"raw"
"MR-PCA","Wasserstein",0.001,0.001,0.001,0.001,0.001,0.001,9,"raw"
"MR-PCA","Centers-Euclidean",0.001,0.001,0.001,0.001,0.001,0.001,9,"raw"
"SPCA","Int-Euclidean",0.001,0.003,0.001,0.001,0.001,0.001,9,"raw"
"SPCA","Hausdorff",0.001,0.001,0.001,0.001,0.001,0.001,9,"raw"
"SPCA","Ichino-Yaguchi",0.001,0.001,0.001,0.001,0.001,0.001,9,"raw"
"SPCA","Wasserstein",0.001,0.001,0.001,0.001,0.001,0.001,9,"raw"
"SPCA","Centers-Euclidean",0.001,0.001,0.001,0.001,0.001,0.001,9,"raw"
"IMDS","Int-Euclidean",0.004,0.022,0.004,0.003,0.001,0.62,9,"raw"
"IMDS","Hausdorff",0.001,0.001,0.001,0.002,0.001,0.915,9,"raw"
"IMDS","Ichino-Yaguchi",0.001,0.003,0.001,0.002,0.001,0.323,9,"raw"
"IMDS","Wasserstein",0.001,0.001,0.001,0.002,0.001,0.614,9,"raw"
"IMDS","Centers-Euclidean",0.001,0.001,0.001,0.001,0.001,1,9,"raw"
"Int-UMAP","Int-Euclidean",0.001,0.001,0.001,0.001,0.001,0.001,9,"raw"
"Int-UMAP","Hausdorff",0.001,0.001,0.001,0.001,0.001,0.001,9,"raw"
"Int-UMAP","Ichino-Yaguchi",0.001,0.001,0.001,0.001,0.001,0.001,9,"raw"
"Int-UMAP","Wasserstein",0.001,0.001,0.001,0.001,0.001,0.001,9,"raw"
"Int-UMAP","Centers-Euclidean",0.001,0.001,0.001,0.001,0.001,0.001,9,"raw"
"C-PCA","Int-Euclidean",0.001,0.027,0.001,0.001,0.001,0.001,9,"minP"
"C-PCA","Hausdorff",0.001,0.001,0.001,0.001,0.001,0.001,9,"minP"
"C-PCA","Ichino-Yaguchi",0.001,0.001,0.001,0.001,0.001,0.001,9,"minP"
"C-PCA","Wasserstein",0.001,0.001,0.001,0.001,0.001,0.001,9,"minP"
"C-PCA","Centers-Euclidean",0.001,0.001,0.001,0.001,0.001,0.001,9,"minP"
"V-PCA","Int-Euclidean",0.001,0.001,0.001,0.001,0.001,0.001,9,"minP"
"V-PCA","Hausdorff",0.001,0.001,0.001,0.001,0.001,0.001,9,"minP"
"V-PCA","Ichino-Yaguchi",0.001,0.001,0.001,0.001,0.001,0.001,9,"minP"
"V-PCA","Wasserstein",0.001,0.001,0.001,0.001,0.001,0.001,9,"minP"
"V-PCA","Centers-Euclidean",0.001,0.001,0.001,0.001,0.001,0.001,9,"minP"
"MR-PCA","Int-Euclidean",0.001,0.001,0.001,0.001,0.001,0.001,9,"minP"
"MR-PCA","Hausdorff",0.001,0.001,0.001,0.001,0.001,0.001,9,"minP"
"MR-PCA","Ichino-Yaguchi",0.001,0.001,0.001,0.001,0.001,0.001,9,"minP"
"MR-PCA","Wasserstein",0.001,0.001,0.001,0.001,0.001,0.001,9,"minP"
"MR-PCA","Centers-Euclidean",0.001,0.001,0.001,0.001,0.001,0.001,9,"minP"
"SPCA","Int-Euclidean",0.001,0.013,0.001,0.001,0.001,0.001,9,"minP"
"SPCA","Hausdorff",0.001,0.001,0.001,0.001,0.001,0.001,9,"minP"
"SPCA","Ichino-Yaguchi",0.001,0.001,0.001,0.001,0.001,0.001,9,"minP"
"SPCA","Wasserstein",0.001,0.001,0.001,0.001,0.001,0.001,9,"minP"
"SPCA","Centers-Euclidean",0.001,0.001,0.001,0.001,0.001,0.001,9,"minP"
"IMDS","Int-Euclidean",0.022,0.123,0.021,0.014,0.001,0.999,9,"minP"
"IMDS","Hausdorff",0.001,0.001,0.001,0.007,0.001,1,9,"minP"
"IMDS","Ichino-Yaguchi",0.001,0.016,0.001,0.007,0.001,0.909,9,"minP"
"IMDS","Wasserstein",0.001,0.001,0.001,0.007,0.001,0.998,9,"minP"
"IMDS","Centers-Euclidean",0.001,0.001,0.001,0.001,0.001,1,9,"minP"
"Int-UMAP","Int-Euclidean",0.001,0.001,0.001,0.001,0.001,0.001,9,"minP"
"Int-UMAP","Hausdorff",0.001,0.001,0.001,0.001,0.001,0.001,9,"minP"
"Int-UMAP","Ichino-Yaguchi",0.001,0.001,0.001,0.001,0.001,0.001,9,"minP"
"Int-UMAP","Wasserstein",0.001,0.001,0.001,0.001,0.001,0.001,9,"minP"
"Int-UMAP","Centers-Euclidean",0.001,0.001,0.001,0.001,0.001,0.001,9,"minP"
"C-PCA","Int-Euclidean",0.001,0.003,0.001,0.001,0.001,0.001,10,"raw"
"C-PCA","Hausdorff",0.001,0.001,0.001,0.001,0.001,0.001,10,"raw"
"C-PCA","Ichino-Yaguchi",0.001,0.001,0.001,0.001,0.001,0.001,10,"raw"
"C-PCA","Wasserstein",0.001,0.001,0.001,0.001,0.001,0.001,10,"raw"
"C-PCA","Centers-Euclidean",0.001,0.001,0.001,0.001,0.001,0.001,10,"raw"
"V-PCA","Int-Euclidean",0.001,0.002,0.001,0.002,0.001,0.001,10,"raw"
"V-PCA","Hausdorff",0.001,0.001,0.001,0.001,0.001,0.001,10,"raw"
"V-PCA","Ichino-Yaguchi",0.001,0.001,0.001,0.001,0.001,0.001,10,"raw"
"V-PCA","Wasserstein",0.001,0.001,0.001,0.001,0.001,0.001,10,"raw"
"V-PCA","Centers-Euclidean",0.001,0.001,0.001,0.001,0.001,0.001,10,"raw"
"MR-PCA","Int-Euclidean",0.001,0.001,0.001,0.001,0.001,0.001,10,"raw"
"MR-PCA","Hausdorff",0.001,0.001,0.001,0.001,0.001,0.001,10,"raw"
"MR-PCA","Ichino-Yaguchi",0.001,0.001,0.001,0.001,0.001,0.001,10,"raw"
"MR-PCA","Wasserstein",0.001,0.001,0.001,0.001,0.001,0.001,10,"raw"
"MR-PCA","Centers-Euclidean",0.001,0.001,0.001,0.001,0.001,0.001,10,"raw"
"SPCA","Int-Euclidean",0.001,0.004,0.001,0.003,0.001,0.001,10,"raw"
"SPCA","Hausdorff",0.001,0.001,0.001,0.001,0.001,0.001,10,"raw"
"SPCA","Ichino-Yaguchi",0.001,0.001,0.001,0.001,0.001,0.001,10,"raw"
"SPCA","Wasserstein",0.001,0.001,0.001,0.001,0.001,0.001,10,"raw"
"SPCA","Centers-Euclidean",0.001,0.001,0.001,0.001,0.001,0.001,10,"raw"
"IMDS","Int-Euclidean",0.001,0.085,0.001,0.001,0.001,0.29,10,"raw"
"IMDS","Hausdorff",0.001,0.001,0.001,0.001,0.001,0.647,10,"raw"
"IMDS","Ichino-Yaguchi",0.001,0.001,0.001,0.001,0.001,0.37,10,"raw"
"IMDS","Wasserstein",0.001,0.001,0.001,0.001,0.001,0.11,10,"raw"
"IMDS","Centers-Euclidean",0.001,0.021,0.001,0.001,0.001,0.627,10,"raw"
"Int-UMAP","Int-Euclidean",0.001,0.001,0.001,0.001,0.001,0.001,10,"raw"
"Int-UMAP","Hausdorff",0.001,0.001,0.001,0.001,0.001,0.506,10,"raw"
"Int-UMAP","Ichino-Yaguchi",0.001,0.001,0.001,0.001,0.001,0.758,10,"raw"
"Int-UMAP","Wasserstein",0.001,0.001,0.001,0.001,0.001,0.003,10,"raw"
"Int-UMAP","Centers-Euclidean",0.001,0.001,0.001,0.001,0.001,0.001,10,"raw"
"C-PCA","Int-Euclidean",0.001,0.015,0.001,0.001,0.001,0.001,10,"minP"
"C-PCA","Hausdorff",0.001,0.001,0.001,0.001,0.001,0.001,10,"minP"
"C-PCA","Ichino-Yaguchi",0.001,0.001,0.001,0.001,0.001,0.001,10,"minP"
"C-PCA","Wasserstein",0.001,0.001,0.001,0.001,0.001,0.001,10,"minP"
"C-PCA","Centers-Euclidean",0.001,0.001,0.001,0.001,0.001,0.001,10,"minP"
"V-PCA","Int-Euclidean",0.001,0.008,0.001,0.008,0.001,0.001,10,"minP"
"V-PCA","Hausdorff",0.001,0.001,0.001,0.001,0.001,0.001,10,"minP"
"V-PCA","Ichino-Yaguchi",0.001,0.001,0.001,0.001,0.001,0.001,10,"minP"
"V-PCA","Wasserstein",0.001,0.001,0.001,0.001,0.001,0.001,10,"minP"
"V-PCA","Centers-Euclidean",0.001,0.001,0.001,0.001,0.001,0.001,10,"minP"
"MR-PCA","Int-Euclidean",0.001,0.001,0.001,0.001,0.001,0.001,10,"minP"
"MR-PCA","Hausdorff",0.001,0.001,0.001,0.001,0.001,0.001,10,"minP"
"MR-PCA","Ichino-Yaguchi",0.001,0.001,0.001,0.001,0.001,0.001,10,"minP"
"MR-PCA","Wasserstein",0.001,0.001,0.001,0.001,0.001,0.001,10,"minP"
"MR-PCA","Centers-Euclidean",0.001,0.001,0.001,0.001,0.001,0.001,10,"minP"
"SPCA","Int-Euclidean",0.001,0.018,0.001,0.015,0.001,0.001,10,"minP"
"SPCA","Hausdorff",0.001,0.001,0.001,0.001,0.001,0.001,10,"minP"
"SPCA","Ichino-Yaguchi",0.001,0.001,0.001,0.001,0.001,0.001,10,"minP"
"SPCA","Wasserstein",0.001,0.001,0.001,0.001,0.001,0.001,10,"minP"
"SPCA","Centers-Euclidean",0.001,0.001,0.001,0.001,0.001,0.001,10,"minP"
"IMDS","Int-Euclidean",0.001,0.366,0.001,0.001,0.001,0.883,10,"minP"
"IMDS","Hausdorff",0.001,0.001,0.001,0.001,0.001,1,10,"minP"
"IMDS","Ichino-Yaguchi",0.001,0.001,0.001,0.001,0.001,0.95,10,"minP"
"IMDS","Wasserstein",0.001,0.001,0.001,0.001,0.001,0.529,10,"minP"
"IMDS","Centers-Euclidean",0.001,0.119,0.001,0.001,0.001,1,10,"minP"
"Int-UMAP","Int-Euclidean",0.001,0.001,0.001,0.001,0.001,0.001,10,"minP"
"Int-UMAP","Hausdorff",0.001,0.001,0.001,0.001,0.001,0.971,10,"minP"
"Int-UMAP","Ichino-Yaguchi",0.001,0.001,0.001,0.001,0.001,0.999,10,"minP"
"Int-UMAP","Wasserstein",0.001,0.001,0.001,0.001,0.001,0.011,10,"minP"
"Int-UMAP","Centers-Euclidean",0.001,0.001,0.001,0.001,0.001,0.001,10,"minP"
"C-PCA","Int-Euclidean",0.001,0.001,0.001,0.001,0.001,0.001,11,"raw"
"C-PCA","Hausdorff",0.001,0.001,0.001,0.001,0.001,0.001,11,"raw"
"C-PCA","Ichino-Yaguchi",0.001,0.001,0.001,0.001,0.001,0.001,11,"raw"
"C-PCA","Wasserstein",0.001,0.001,0.001,0.001,0.001,0.001,11,"raw"
"C-PCA","Centers-Euclidean",0.001,0.001,0.001,0.001,0.001,0.001,11,"raw"
"V-PCA","Int-Euclidean",0.001,0.001,0.001,0.001,0.001,0.001,11,"raw"
"V-PCA","Hausdorff",0.001,0.001,0.001,0.001,0.001,0.001,11,"raw"
"V-PCA","Ichino-Yaguchi",0.001,0.001,0.001,0.001,0.001,0.001,11,"raw"
"V-PCA","Wasserstein",0.001,0.001,0.001,0.001,0.001,0.001,11,"raw"
"V-PCA","Centers-Euclidean",0.001,0.001,0.001,0.001,0.001,0.001,11,"raw"
"MR-PCA","Int-Euclidean",0.001,0.001,0.001,0.001,0.001,0.001,11,"raw"
"MR-PCA","Hausdorff",0.001,0.001,0.001,0.001,0.001,0.001,11,"raw"
"MR-PCA","Ichino-Yaguchi",0.001,0.001,0.001,0.001,0.001,0.001,11,"raw"
"MR-PCA","Wasserstein",0.001,0.001,0.001,0.001,0.001,0.001,11,"raw"
"MR-PCA","Centers-Euclidean",0.001,0.001,0.001,0.001,0.001,0.001,11,"raw"
"SPCA","Int-Euclidean",0.001,0.001,0.001,0.001,0.001,0.001,11,"raw"
"SPCA","Hausdorff",0.001,0.001,0.001,0.001,0.001,0.001,11,"raw"
"SPCA","Ichino-Yaguchi",0.001,0.001,0.001,0.001,0.001,0.001,11,"raw"
"SPCA","Wasserstein",0.001,0.001,0.001,0.001,0.001,0.001,11,"raw"
"SPCA","Centers-Euclidean",0.001,0.001,0.001,0.001,0.001,0.001,11,"raw"
"IMDS","Int-Euclidean",0.035,0.255,0.006,0.005,0.001,0.402,11,"raw"
"IMDS","Hausdorff",0.001,0.001,0.001,0.001,0.001,0.201,11,"raw"
"IMDS","Ichino-Yaguchi",0.001,0.001,0.001,0.001,0.001,1,11,"raw"
"IMDS","Wasserstein",0.001,0.001,0.001,0.001,0.001,0.008,11,"raw"
"IMDS","Centers-Euclidean",0.001,0.001,0.001,0.001,0.001,0.14,11,"raw"
"Int-UMAP","Int-Euclidean",0.001,0.001,0.001,0.001,0.001,0.001,11,"raw"
"Int-UMAP","Hausdorff",0.001,0.001,0.001,0.003,0.001,0.006,11,"raw"
"Int-UMAP","Ichino-Yaguchi",0.001,0.016,0.001,0.021,0.001,0.001,11,"raw"
"Int-UMAP","Wasserstein",0.001,0.001,0.001,0.002,0.001,0.002,11,"raw"
"Int-UMAP","Centers-Euclidean",0.001,0.001,0.001,0.001,0.001,0.001,11,"raw"
"C-PCA","Int-Euclidean",0.001,0.001,0.001,0.001,0.001,0.001,11,"minP"
"C-PCA","Hausdorff",0.001,0.001,0.001,0.001,0.001,0.001,11,"minP"
"C-PCA","Ichino-Yaguchi",0.001,0.001,0.001,0.001,0.001,0.001,11,"minP"
"C-PCA","Wasserstein",0.001,0.001,0.001,0.001,0.001,0.001,11,"minP"
"C-PCA","Centers-Euclidean",0.001,0.001,0.001,0.001,0.001,0.001,11,"minP"
"V-PCA","Int-Euclidean",0.001,0.001,0.001,0.001,0.001,0.001,11,"minP"
"V-PCA","Hausdorff",0.001,0.001,0.001,0.001,0.001,0.001,11,"minP"
"V-PCA","Ichino-Yaguchi",0.001,0.001,0.001,0.001,0.001,0.001,11,"minP"
"V-PCA","Wasserstein",0.001,0.001,0.001,0.001,0.001,0.001,11,"minP"
"V-PCA","Centers-Euclidean",0.001,0.001,0.001,0.001,0.001,0.001,11,"minP"
"MR-PCA","Int-Euclidean",0.001,0.001,0.001,0.001,0.001,0.001,11,"minP"
"MR-PCA","Hausdorff",0.001,0.001,0.001,0.001,0.001,0.001,11,"minP"
"MR-PCA","Ichino-Yaguchi",0.001,0.001,0.001,0.001,0.001,0.001,11,"minP"
"MR-PCA","Wasserstein",0.001,0.001,0.001,0.001,0.001,0.001,11,"minP"
"MR-PCA","Centers-Euclidean",0.001,0.001,0.001,0.001,0.001,0.001,11,"minP"
"SPCA","Int-Euclidean",0.001,0.001,0.001,0.001,0.001,0.001,11,"minP"
"SPCA","Hausdorff",0.001,0.001,0.001,0.001,0.001,0.001,11,"minP"
"SPCA","Ichino-Yaguchi",0.001,0.001,0.001,0.001,0.001,0.001,11,"minP"
"SPCA","Wasserstein",0.001,0.001,0.001,0.001,0.001,0.001,11,"minP"
"SPCA","Centers-Euclidean",0.001,0.001,0.001,0.001,0.001,0.001,11,"minP"
"IMDS","Int-Euclidean",0.186,0.741,0.035,0.03,0.001,0.957,11,"minP"
"IMDS","Hausdorff",0.001,0.001,0.001,0.001,0.001,0.769,11,"minP"
"IMDS","Ichino-Yaguchi",0.001,0.001,0.001,0.001,0.001,1,11,"minP"
"IMDS","Wasserstein",0.001,0.001,0.001,0.001,0.001,0.051,11,"minP"
"IMDS","Centers-Euclidean",0.001,0.001,0.001,0.001,0.001,0.628,11,"minP"
"Int-UMAP","Int-Euclidean",0.001,0.001,0.001,0.001,0.001,0.001,11,"minP"
"Int-UMAP","Hausdorff",0.001,0.001,0.001,0.012,0.001,0.035,11,"minP"
"Int-UMAP","Ichino-Yaguchi",0.001,0.064,0.001,0.088,0.001,0.001,11,"minP"
"Int-UMAP","Wasserstein",0.001,0.001,0.001,0.007,0.001,0.009,11,"minP"
"Int-UMAP","Centers-Euclidean",0.001,0.001,0.001,0.001,0.001,0.001,11,"minP"
"C-PCA","Int-Euclidean",0.001,0.001,0.001,0.001,0.001,0.001,12,"raw"
"C-PCA","Hausdorff",0.001,0.001,0.001,0.001,0.001,0.001,12,"raw"
"C-PCA","Ichino-Yaguchi",0.001,0.001,0.001,0.001,0.001,0.001,12,"raw"
"C-PCA","Wasserstein",0.001,0.001,0.001,0.001,0.001,0.001,12,"raw"
"C-PCA","Centers-Euclidean",0.001,0.001,0.001,0.001,0.001,0.001,12,"raw"
"V-PCA","Int-Euclidean",0.001,0.001,0.001,0.001,0.001,0.001,12,"raw"
"V-PCA","Hausdorff",0.001,0.001,0.001,0.001,0.001,0.001,12,"raw"
"V-PCA","Ichino-Yaguchi",0.001,0.001,0.001,0.001,0.001,0.001,12,"raw"
"V-PCA","Wasserstein",0.001,0.001,0.001,0.001,0.001,0.001,12,"raw"
"V-PCA","Centers-Euclidean",0.001,0.001,0.001,0.001,0.001,0.001,12,"raw"
"MR-PCA","Int-Euclidean",0.001,0.001,0.001,0.001,0.001,0.001,12,"raw"
"MR-PCA","Hausdorff",0.001,0.001,0.001,0.001,0.001,0.001,12,"raw"
"MR-PCA","Ichino-Yaguchi",0.001,0.001,0.001,0.001,0.001,0.001,12,"raw"
"MR-PCA","Wasserstein",0.001,0.001,0.001,0.001,0.001,0.001,12,"raw"
"MR-PCA","Centers-Euclidean",0.001,0.001,0.001,0.001,0.001,0.001,12,"raw"
"SPCA","Int-Euclidean",0.001,0.001,0.001,0.001,0.001,0.001,12,"raw"
"SPCA","Hausdorff",0.001,0.001,0.001,0.001,0.001,0.001,12,"raw"
"SPCA","Ichino-Yaguchi",0.001,0.001,0.001,0.001,0.001,0.001,12,"raw"
"SPCA","Wasserstein",0.001,0.001,0.001,0.001,0.001,0.001,12,"raw"
"SPCA","Centers-Euclidean",0.001,0.001,0.001,0.001,0.001,0.001,12,"raw"
"IMDS","Int-Euclidean",0.112,0.053,0.013,0.026,0.001,0.557,12,"raw"
"IMDS","Hausdorff",0.001,0.002,0.001,0.002,0.001,0.093,12,"raw"
"IMDS","Ichino-Yaguchi",0.001,0.009,0.001,0.002,0.001,0.877,12,"raw"
"IMDS","Wasserstein",0.001,0.016,0.001,0.005,0.001,0.619,12,"raw"
"IMDS","Centers-Euclidean",0.001,0.001,0.001,0.001,0.001,0.9,12,"raw"
"Int-UMAP","Int-Euclidean",0.001,0.061,0.001,0.088,0.001,0.078,12,"raw"
"Int-UMAP","Hausdorff",0.001,0.078,0.001,0.929,0.001,0.001,12,"raw"
"Int-UMAP","Ichino-Yaguchi",0.001,0.34,0.001,0.902,0.001,0.597,12,"raw"
"Int-UMAP","Wasserstein",0.001,0.032,0.001,0.384,0.001,0.001,12,"raw"
"Int-UMAP","Centers-Euclidean",0.001,0.005,0.001,0.026,0.001,0.001,12,"raw"
"C-PCA","Int-Euclidean",0.001,0.001,0.001,0.001,0.001,0.001,12,"minP"
"C-PCA","Hausdorff",0.001,0.001,0.001,0.001,0.001,0.001,12,"minP"
"C-PCA","Ichino-Yaguchi",0.001,0.001,0.001,0.001,0.001,0.001,12,"minP"
"C-PCA","Wasserstein",0.001,0.001,0.001,0.001,0.001,0.001,12,"minP"
"C-PCA","Centers-Euclidean",0.001,0.001,0.001,0.001,0.001,0.001,12,"minP"
"V-PCA","Int-Euclidean",0.001,0.001,0.001,0.001,0.001,0.001,12,"minP"
"V-PCA","Hausdorff",0.001,0.001,0.001,0.001,0.001,0.001,12,"minP"
"V-PCA","Ichino-Yaguchi",0.001,0.001,0.001,0.001,0.001,0.001,12,"minP"
"V-PCA","Wasserstein",0.001,0.001,0.001,0.001,0.001,0.001,12,"minP"
"V-PCA","Centers-Euclidean",0.001,0.001,0.001,0.001,0.001,0.001,12,"minP"
"MR-PCA","Int-Euclidean",0.001,0.001,0.001,0.001,0.001,0.001,12,"minP"
"MR-PCA","Hausdorff",0.001,0.001,0.001,0.001,0.001,0.001,12,"minP"
"MR-PCA","Ichino-Yaguchi",0.001,0.001,0.001,0.001,0.001,0.001,12,"minP"
"MR-PCA","Wasserstein",0.001,0.001,0.001,0.001,0.001,0.001,12,"minP"
"MR-PCA","Centers-Euclidean",0.001,0.001,0.001,0.001,0.001,0.001,12,"minP"
"SPCA","Int-Euclidean",0.001,0.001,0.001,0.001,0.001,0.001,12,"minP"
"SPCA","Hausdorff",0.001,0.001,0.001,0.001,0.001,0.001,12,"minP"
"SPCA","Ichino-Yaguchi",0.001,0.001,0.001,0.001,0.001,0.001,12,"minP"
"SPCA","Wasserstein",0.001,0.001,0.001,0.001,0.001,0.001,12,"minP"
"SPCA","Centers-Euclidean",0.001,0.001,0.001,0.001,0.001,0.001,12,"minP"
"IMDS","Int-Euclidean",0.464,0.254,0.078,0.146,0.001,0.99,12,"minP"
"IMDS","Hausdorff",0.001,0.009,0.001,0.008,0.001,0.451,12,"minP"
"IMDS","Ichino-Yaguchi",0.001,0.05,0.001,0.008,0.001,1,12,"minP"
"IMDS","Wasserstein",0.001,0.094,0.001,0.035,0.001,0.996,12,"minP"
"IMDS","Centers-Euclidean",0.001,0.001,0.001,0.001,0.001,1,12,"minP"
"Int-UMAP","Int-Euclidean",0.001,0.241,0.001,0.329,0.001,0.35,12,"minP"
"Int-UMAP","Hausdorff",0.001,0.304,0.001,1,0.001,0.001,12,"minP"
"Int-UMAP","Ichino-Yaguchi",0.001,0.815,0.001,1,0.001,0.991,12,"minP"
"Int-UMAP","Wasserstein",0.001,0.145,0.001,0.856,0.001,0.001,12,"minP"
"Int-UMAP","Centers-Euclidean",0.001,0.022,0.001,0.12,0.001,0.001,12,"minP"
"C-PCA","Int-Euclidean",0.001,0.031,0.001,0.017,0.001,0.001,13,"raw"
"C-PCA","Hausdorff",0.001,0.001,0.001,0.001,0.001,0.001,13,"raw"
"C-PCA","Ichino-Yaguchi",0.001,0.001,0.001,0.001,0.001,0.001,13,"raw"
"C-PCA","Wasserstein",0.001,0.001,0.001,0.001,0.001,0.001,13,"raw"
"C-PCA","Centers-Euclidean",0.001,0.001,0.001,0.001,0.001,0.001,13,"raw"
"V-PCA","Int-Euclidean",0.001,0.019,0.001,0.011,0.001,0.001,13,"raw"
"V-PCA","Hausdorff",0.001,0.001,0.001,0.001,0.001,0.001,13,"raw"
"V-PCA","Ichino-Yaguchi",0.001,0.001,0.001,0.001,0.001,0.001,13,"raw"
"V-PCA","Wasserstein",0.001,0.001,0.001,0.001,0.001,0.001,13,"raw"
"V-PCA","Centers-Euclidean",0.001,0.001,0.001,0.001,0.001,0.001,13,"raw"
"MR-PCA","Int-Euclidean",0.001,0.001,0.001,0.001,0.001,0.001,13,"raw"
"MR-PCA","Hausdorff",0.001,0.001,0.001,0.001,0.001,0.001,13,"raw"
"MR-PCA","Ichino-Yaguchi",0.001,0.001,0.001,0.001,0.001,0.001,13,"raw"
"MR-PCA","Wasserstein",0.001,0.001,0.001,0.001,0.001,0.001,13,"raw"
"MR-PCA","Centers-Euclidean",0.001,0.001,0.001,0.001,0.001,0.001,13,"raw"
"SPCA","Int-Euclidean",0.001,0.031,0.001,0.022,0.001,0.001,13,"raw"
"SPCA","Hausdorff",0.001,0.001,0.001,0.001,0.001,0.001,13,"raw"
"SPCA","Ichino-Yaguchi",0.001,0.001,0.001,0.001,0.001,0.001,13,"raw"
"SPCA","Wasserstein",0.001,0.001,0.001,0.001,0.001,0.001,13,"raw"
"SPCA","Centers-Euclidean",0.001,0.001,0.001,0.001,0.001,0.001,13,"raw"
"IMDS","Int-Euclidean",0.001,0.058,0.001,0.001,0.001,0.003,13,"raw"
"IMDS","Hausdorff",0.001,0.001,0.001,0.001,0.001,0.424,13,"raw"
"IMDS","Ichino-Yaguchi",0.001,0.001,0.001,0.001,0.001,0.313,13,"raw"
"IMDS","Wasserstein",0.001,0.001,0.001,0.001,0.001,1,13,"raw"
"IMDS","Centers-Euclidean",0.001,0.001,0.001,0.001,0.001,0.357,13,"raw"
"Int-UMAP","Int-Euclidean",0.001,0.001,0.001,0.001,0.001,0.001,13,"raw"
"Int-UMAP","Hausdorff",0.001,0.003,0.001,0.023,0.001,0.097,13,"raw"
"Int-UMAP","Ichino-Yaguchi",0.001,0.004,0.001,0.054,0.001,0.515,13,"raw"
"Int-UMAP","Wasserstein",0.001,0.001,0.001,0.006,0.001,0.772,13,"raw"
"Int-UMAP","Centers-Euclidean",0.001,0.001,0.001,0.002,0.001,0.001,13,"raw"
"C-PCA","Int-Euclidean",0.001,0.143,0.001,0.081,0.001,0.001,13,"minP"
"C-PCA","Hausdorff",0.001,0.001,0.001,0.001,0.001,0.001,13,"minP"
"C-PCA","Ichino-Yaguchi",0.001,0.001,0.001,0.001,0.001,0.001,13,"minP"
"C-PCA","Wasserstein",0.001,0.001,0.001,0.001,0.001,0.001,13,"minP"
"C-PCA","Centers-Euclidean",0.001,0.001,0.001,0.001,0.001,0.001,13,"minP"
"V-PCA","Int-Euclidean",0.001,0.088,0.001,0.054,0.001,0.001,13,"minP"
"V-PCA","Hausdorff",0.001,0.001,0.001,0.001,0.001,0.001,13,"minP"
"V-PCA","Ichino-Yaguchi",0.001,0.001,0.001,0.001,0.001,0.001,13,"minP"
"V-PCA","Wasserstein",0.001,0.001,0.001,0.001,0.001,0.001,13,"minP"
"V-PCA","Centers-Euclidean",0.001,0.001,0.001,0.001,0.001,0.001,13,"minP"
"MR-PCA","Int-Euclidean",0.001,0.001,0.001,0.001,0.001,0.001,13,"minP"
"MR-PCA","Hausdorff",0.001,0.001,0.001,0.001,0.001,0.001,13,"minP"
"MR-PCA","Ichino-Yaguchi",0.001,0.001,0.001,0.001,0.001,0.001,13,"minP"
"MR-PCA","Wasserstein",0.001,0.001,0.001,0.001,0.001,0.001,13,"minP"
"MR-PCA","Centers-Euclidean",0.001,0.001,0.001,0.001,0.001,0.001,13,"minP"
"SPCA","Int-Euclidean",0.001,0.134,0.001,0.109,0.001,0.001,13,"minP"
"SPCA","Hausdorff",0.001,0.001,0.001,0.001,0.001,0.001,13,"minP"
"SPCA","Ichino-Yaguchi",0.001,0.001,0.001,0.001,0.001,0.001,13,"minP"
"SPCA","Wasserstein",0.001,0.001,0.001,0.001,0.001,0.001,13,"minP"
"SPCA","Centers-Euclidean",0.001,0.001,0.001,0.001,0.001,0.001,13,"minP"
"IMDS","Int-Euclidean",0.001,0.289,0.001,0.001,0.001,0.015,13,"minP"
"IMDS","Hausdorff",0.001,0.001,0.001,0.001,0.001,0.967,13,"minP"
"IMDS","Ichino-Yaguchi",0.001,0.001,0.001,0.001,0.001,0.906,13,"minP"
"IMDS","Wasserstein",0.001,0.001,0.001,0.001,0.001,1,13,"minP"
"IMDS","Centers-Euclidean",0.001,0.001,0.001,0.001,0.001,0.938,13,"minP"
"Int-UMAP","Int-Euclidean",0.001,0.001,0.001,0.001,0.001,0.001,13,"minP"
"Int-UMAP","Hausdorff",0.001,0.011,0.001,0.104,0.001,0.401,13,"minP"
"Int-UMAP","Ichino-Yaguchi",0.001,0.018,0.001,0.217,0.001,0.975,13,"minP"
"Int-UMAP","Wasserstein",0.001,0.001,0.001,0.026,0.001,1,13,"minP"
"Int-UMAP","Centers-Euclidean",0.001,0.001,0.001,0.005,0.001,0.001,13,"minP"
"C-PCA","Int-Euclidean",0.001,0.001,0.001,0.001,0.001,0.001,14,"raw"
"C-PCA","Hausdorff",0.001,0.001,0.001,0.001,0.001,0.001,14,"raw"
"C-PCA","Ichino-Yaguchi",0.001,0.001,0.001,0.001,0.001,0.001,14,"raw"
"C-PCA","Wasserstein",0.001,0.001,0.001,0.001,0.001,0.001,14,"raw"
"C-PCA","Centers-Euclidean",0.001,0.001,0.001,0.001,0.001,0.001,14,"raw"
"V-PCA","Int-Euclidean",0.001,0.001,0.001,0.001,0.001,0.001,14,"raw"
"V-PCA","Hausdorff",0.001,0.001,0.001,0.001,0.001,0.001,14,"raw"
"V-PCA","Ichino-Yaguchi",0.001,0.001,0.001,0.001,0.001,0.001,14,"raw"
"V-PCA","Wasserstein",0.001,0.001,0.001,0.001,0.001,0.001,14,"raw"
"V-PCA","Centers-Euclidean",0.001,0.001,0.001,0.001,0.001,0.001,14,"raw"
"MR-PCA","Int-Euclidean",0.001,0.001,0.001,0.001,0.001,0.001,14,"raw"
"MR-PCA","Hausdorff",0.001,0.001,0.001,0.001,0.001,0.001,14,"raw"
"MR-PCA","Ichino-Yaguchi",0.001,0.001,0.001,0.001,0.001,0.001,14,"raw"
"MR-PCA","Wasserstein",0.001,0.001,0.001,0.001,0.001,0.001,14,"raw"
"MR-PCA","Centers-Euclidean",0.001,0.001,0.001,0.001,0.001,0.001,14,"raw"
"SPCA","Int-Euclidean",0.001,0.001,0.001,0.001,0.001,0.001,14,"raw"
"SPCA","Hausdorff",0.001,0.001,0.001,0.001,0.001,0.001,14,"raw"
"SPCA","Ichino-Yaguchi",0.001,0.001,0.001,0.001,0.001,0.001,14,"raw"
"SPCA","Wasserstein",0.001,0.001,0.001,0.001,0.001,0.001,14,"raw"
"SPCA","Centers-Euclidean",0.001,0.001,0.001,0.001,0.001,0.001,14,"raw"
"IMDS","Int-Euclidean",0.001,0.935,0.002,0.324,0.001,0.546,14,"raw"
"IMDS","Hausdorff",0.001,0.166,0.001,0.034,0.001,0.635,14,"raw"
"IMDS","Ichino-Yaguchi",0.001,0.15,0.001,0.004,0.001,0.247,14,"raw"
"IMDS","Wasserstein",0.001,0.126,0.001,0.009,0.001,0.535,14,"raw"
"IMDS","Centers-Euclidean",0.001,0.118,0.001,0.018,0.001,0.399,14,"raw"
"Int-UMAP","Int-Euclidean",0.001,0.001,0.001,0.001,0.001,0.001,14,"raw"
"Int-UMAP","Hausdorff",0.001,0.087,0.001,0.339,0.001,0.001,14,"raw"
"Int-UMAP","Ichino-Yaguchi",0.001,0.068,0.001,0.112,0.001,0.001,14,"raw"
"Int-UMAP","Wasserstein",0.001,0.027,0.001,0.082,0.001,0.001,14,"raw"
"Int-UMAP","Centers-Euclidean",0.001,0.001,0.001,0.001,0.001,0.029,14,"raw"
"C-PCA","Int-Euclidean",0.001,0.001,0.001,0.001,0.001,0.001,14,"minP"
"C-PCA","Hausdorff",0.001,0.001,0.001,0.001,0.001,0.001,14,"minP"
"C-PCA","Ichino-Yaguchi",0.001,0.001,0.001,0.001,0.001,0.001,14,"minP"
"C-PCA","Wasserstein",0.001,0.001,0.001,0.001,0.001,0.001,14,"minP"
"C-PCA","Centers-Euclidean",0.001,0.001,0.001,0.001,0.001,0.001,14,"minP"
"V-PCA","Int-Euclidean",0.001,0.001,0.001,0.001,0.001,0.001,14,"minP"
"V-PCA","Hausdorff",0.001,0.001,0.001,0.001,0.001,0.001,14,"minP"
"V-PCA","Ichino-Yaguchi",0.001,0.001,0.001,0.001,0.001,0.001,14,"minP"
"V-PCA","Wasserstein",0.001,0.001,0.001,0.001,0.001,0.001,14,"minP"
"V-PCA","Centers-Euclidean",0.001,0.001,0.001,0.001,0.001,0.001,14,"minP"
"MR-PCA","Int-Euclidean",0.001,0.001,0.001,0.001,0.001,0.001,14,"minP"
"MR-PCA","Hausdorff",0.001,0.001,0.001,0.001,0.001,0.001,14,"minP"
"MR-PCA","Ichino-Yaguchi",0.001,0.001,0.001,0.001,0.001,0.001,14,"minP"
"MR-PCA","Wasserstein",0.001,0.001,0.001,0.001,0.001,0.001,14,"minP"
"MR-PCA","Centers-Euclidean",0.001,0.001,0.001,0.001,0.001,0.001,14,"minP"
"SPCA","Int-Euclidean",0.001,0.001,0.001,0.001,0.001,0.001,14,"minP"
"SPCA","Hausdorff",0.001,0.001,0.001,0.001,0.001,0.001,14,"minP"
"SPCA","Ichino-Yaguchi",0.001,0.001,0.001,0.001,0.001,0.001,14,"minP"
"SPCA","Wasserstein",0.001,0.001,0.001,0.001,0.001,0.001,14,"minP"
"SPCA","Centers-Euclidean",0.001,0.001,0.001,0.001,0.001,0.001,14,"minP"
"IMDS","Int-Euclidean",0.001,1,0.008,0.859,0.001,0.994,14,"minP"
"IMDS","Hausdorff",0.001,0.576,0.001,0.178,0.001,0.998,14,"minP"
"IMDS","Ichino-Yaguchi",0.001,0.545,0.001,0.021,0.001,0.839,14,"minP"
"IMDS","Wasserstein",0.001,0.494,0.001,0.054,0.001,0.993,14,"minP"
"IMDS","Centers-Euclidean",0.001,0.468,0.001,0.104,0.001,0.964,14,"minP"
"Int-UMAP","Int-Euclidean",0.001,0.001,0.001,0.001,0.001,0.001,14,"minP"
"Int-UMAP","Hausdorff",0.001,0.333,0.001,0.803,0.001,0.001,14,"minP"
"Int-UMAP","Ichino-Yaguchi",0.001,0.26,0.001,0.391,0.001,0.001,14,"minP"
"Int-UMAP","Wasserstein",0.001,0.124,0.001,0.313,0.001,0.001,14,"minP"
"Int-UMAP","Centers-Euclidean",0.001,0.001,0.001,0.001,0.001,0.167,14,"minP"
"C-PCA","Int-Euclidean",0.001,0.005,0.001,0.007,0.001,0.001,15,"raw"
"C-PCA","Hausdorff",0.001,0.001,0.001,0.001,0.001,0.001,15,"raw"
"C-PCA","Ichino-Yaguchi",0.001,0.001,0.001,0.001,0.001,0.001,15,"raw"
"C-PCA","Wasserstein",0.001,0.001,0.001,0.001,0.001,0.001,15,"raw"
"C-PCA","Centers-Euclidean",0.001,0.001,0.001,0.001,0.001,0.001,15,"raw"
"V-PCA","Int-Euclidean",0.001,0.008,0.001,0.006,0.001,0.001,15,"raw"
"V-PCA","Hausdorff",0.001,0.001,0.001,0.001,0.001,0.001,15,"raw"
"V-PCA","Ichino-Yaguchi",0.001,0.001,0.001,0.001,0.001,0.001,15,"raw"
"V-PCA","Wasserstein",0.001,0.001,0.001,0.001,0.001,0.001,15,"raw"
"V-PCA","Centers-Euclidean",0.001,0.001,0.001,0.001,0.001,0.001,15,"raw"
"MR-PCA","Int-Euclidean",0.001,0.001,0.001,0.001,0.001,0.001,15,"raw"
"MR-PCA","Hausdorff",0.001,0.001,0.001,0.001,0.001,0.001,15,"raw"
"MR-PCA","Ichino-Yaguchi",0.001,0.001,0.001,0.001,0.001,0.001,15,"raw"
"MR-PCA","Wasserstein",0.001,0.001,0.001,0.001,0.001,0.001,15,"raw"
"MR-PCA","Centers-Euclidean",0.001,0.001,0.001,0.001,0.001,0.001,15,"raw"
"SPCA","Int-Euclidean",0.001,0.005,0.001,0.006,0.001,0.001,15,"raw"
"SPCA","Hausdorff",0.001,0.001,0.001,0.001,0.001,0.001,15,"raw"
"SPCA","Ichino-Yaguchi",0.001,0.001,0.001,0.001,0.001,0.001,15,"raw"
"SPCA","Wasserstein",0.001,0.001,0.001,0.001,0.001,0.001,15,"raw"
"SPCA","Centers-Euclidean",0.001,0.001,0.001,0.001,0.001,0.001,15,"raw"
"IMDS","Int-Euclidean",0.001,0.001,0.001,0.001,0.001,0.027,15,"raw"
"IMDS","Hausdorff",0.001,0.001,0.001,0.001,0.001,0.502,15,"raw"
"IMDS","Ichino-Yaguchi",0.001,0.001,0.001,0.001,0.001,0.19,15,"raw"
"IMDS","Wasserstein",0.001,0.001,0.001,0.001,0.001,0.395,15,"raw"
"IMDS","Centers-Euclidean",0.001,0.001,0.001,0.001,0.001,0.008,15,"raw"
"Int-UMAP","Int-Euclidean",0.001,0.001,0.001,0.001,0.001,0.001,15,"raw"
"Int-UMAP","Hausdorff",0.001,0.201,0.001,0.298,0.001,0.338,15,"raw"
"Int-UMAP","Ichino-Yaguchi",0.001,0.318,0.001,0.214,0.001,0.065,15,"raw"
"Int-UMAP","Wasserstein",0.001,0.117,0.001,0.118,0.001,0.068,15,"raw"
"Int-UMAP","Centers-Euclidean",0.001,0.005,0.001,0.001,0.001,0.001,15,"raw"
"C-PCA","Int-Euclidean",0.001,0.024,0.001,0.033,0.001,0.001,15,"minP"
"C-PCA","Hausdorff",0.001,0.001,0.001,0.001,0.001,0.001,15,"minP"
"C-PCA","Ichino-Yaguchi",0.001,0.001,0.001,0.001,0.001,0.001,15,"minP"
"C-PCA","Wasserstein",0.001,0.001,0.001,0.001,0.001,0.001,15,"minP"
"C-PCA","Centers-Euclidean",0.001,0.001,0.001,0.001,0.001,0.001,15,"minP"
"V-PCA","Int-Euclidean",0.001,0.038,0.001,0.038,0.001,0.001,15,"minP"
"V-PCA","Hausdorff",0.001,0.001,0.001,0.001,0.001,0.001,15,"minP"
"V-PCA","Ichino-Yaguchi",0.001,0.001,0.001,0.001,0.001,0.001,15,"minP"
"V-PCA","Wasserstein",0.001,0.001,0.001,0.001,0.001,0.001,15,"minP"
"V-PCA","Centers-Euclidean",0.001,0.001,0.001,0.001,0.001,0.001,15,"minP"
"MR-PCA","Int-Euclidean",0.001,0.001,0.001,0.001,0.001,0.001,15,"minP"
"MR-PCA","Hausdorff",0.001,0.001,0.001,0.001,0.001,0.001,15,"minP"
"MR-PCA","Ichino-Yaguchi",0.001,0.001,0.001,0.001,0.001,0.001,15,"minP"
"MR-PCA","Wasserstein",0.001,0.001,0.001,0.001,0.001,0.001,15,"minP"
"MR-PCA","Centers-Euclidean",0.001,0.001,0.001,0.001,0.001,0.001,15,"minP"
"SPCA","Int-Euclidean",0.001,0.024,0.001,0.034,0.001,0.001,15,"minP"
"SPCA","Hausdorff",0.001,0.001,0.001,0.001,0.001,0.001,15,"minP"
"SPCA","Ichino-Yaguchi",0.001,0.001,0.001,0.001,0.001,0.001,15,"minP"
"SPCA","Wasserstein",0.001,0.001,0.001,0.001,0.001,0.001,15,"minP"
"SPCA","Centers-Euclidean",0.001,0.001,0.001,0.001,0.001,0.001,15,"minP"
"IMDS","Int-Euclidean",0.001,0.001,0.001,0.001,0.001,0.15,15,"minP"
"IMDS","Hausdorff",0.001,0.001,0.001,0.001,0.001,0.991,15,"minP"
"IMDS","Ichino-Yaguchi",0.001,0.001,0.001,0.001,0.001,0.701,15,"minP"
"IMDS","Wasserstein",0.001,0.001,0.001,0.001,0.001,0.961,15,"minP"
"IMDS","Centers-Euclidean",0.001,0.001,0.001,0.001,0.001,0.049,15,"minP"
"Int-UMAP","Int-Euclidean",0.001,0.001,0.001,0.001,0.001,0.001,15,"minP"
"Int-UMAP","Hausdorff",0.001,0.602,0.001,0.744,0.001,0.892,15,"minP"
"Int-UMAP","Ichino-Yaguchi",0.001,0.781,0.001,0.611,0.001,0.309,15,"minP"
"Int-UMAP","Wasserstein",0.001,0.418,0.001,0.417,0.001,0.318,15,"minP"
"Int-UMAP","Centers-Euclidean",0.001,0.022,0.001,0.001,0.001,0.001,15,"minP"
"C-PCA","Int-Euclidean",0.001,0.001,0.001,0.002,0.001,0.001,16,"raw"
"C-PCA","Hausdorff",0.001,0.001,0.001,0.001,0.001,0.001,16,"raw"
"C-PCA","Ichino-Yaguchi",0.001,0.001,0.001,0.001,0.001,0.001,16,"raw"
"C-PCA","Wasserstein",0.001,0.001,0.001,0.001,0.001,0.001,16,"raw"
"C-PCA","Centers-Euclidean",0.001,0.001,0.001,0.001,0.001,0.001,16,"raw"
"V-PCA","Int-Euclidean",0.001,0.001,0.001,0.003,0.001,0.001,16,"raw"
"V-PCA","Hausdorff",0.001,0.001,0.001,0.001,0.001,0.001,16,"raw"
"V-PCA","Ichino-Yaguchi",0.001,0.001,0.001,0.001,0.001,0.001,16,"raw"
"V-PCA","Wasserstein",0.001,0.001,0.001,0.001,0.001,0.001,16,"raw"
"V-PCA","Centers-Euclidean",0.001,0.001,0.001,0.001,0.001,0.001,16,"raw"
"MR-PCA","Int-Euclidean",0.001,0.001,0.001,0.001,0.001,0.001,16,"raw"
"MR-PCA","Hausdorff",0.001,0.001,0.001,0.001,0.001,0.001,16,"raw"
"MR-PCA","Ichino-Yaguchi",0.001,0.001,0.001,0.001,0.001,0.001,16,"raw"
"MR-PCA","Wasserstein",0.001,0.001,0.001,0.001,0.001,0.001,16,"raw"
"MR-PCA","Centers-Euclidean",0.001,0.001,0.001,0.001,0.001,0.001,16,"raw"
"SPCA","Int-Euclidean",0.001,0.002,0.001,0.004,0.001,0.001,16,"raw"
"SPCA","Hausdorff",0.001,0.001,0.001,0.001,0.001,0.001,16,"raw"
"SPCA","Ichino-Yaguchi",0.001,0.001,0.001,0.001,0.001,0.001,16,"raw"
"SPCA","Wasserstein",0.001,0.001,0.001,0.001,0.001,0.001,16,"raw"
"SPCA","Centers-Euclidean",0.001,0.001,0.001,0.001,0.001,0.001,16,"raw"
"IMDS","Int-Euclidean",0.189,0.857,0.026,0.288,0.01,0.759,16,"raw"
"IMDS","Hausdorff",0.001,0.002,0.001,0.003,0.001,0.914,16,"raw"
"IMDS","Ichino-Yaguchi",0.001,0.001,0.001,0.001,0.001,1,16,"raw"
"IMDS","Wasserstein",0.001,0.001,0.001,0.003,0.001,0.894,16,"raw"
"IMDS","Centers-Euclidean",0.001,0.001,0.001,0.001,0.001,0.164,16,"raw"
"Int-UMAP","Int-Euclidean",0.001,0.046,0.001,0.448,0.001,0.003,16,"raw"
"Int-UMAP","Hausdorff",0.001,0.556,0.001,0.388,0.001,0.029,16,"raw"
"Int-UMAP","Ichino-Yaguchi",0.001,0.183,0.001,0.944,0.001,0.003,16,"raw"
"Int-UMAP","Wasserstein",0.001,0.468,0.001,0.844,0.001,0.007,16,"raw"
"Int-UMAP","Centers-Euclidean",0.001,0.685,0.001,0.643,0.001,0.001,16,"raw"
"C-PCA","Int-Euclidean",0.001,0.001,0.001,0.008,0.001,0.001,16,"minP"
"C-PCA","Hausdorff",0.001,0.001,0.001,0.001,0.001,0.001,16,"minP"
"C-PCA","Ichino-Yaguchi",0.001,0.001,0.001,0.001,0.001,0.001,16,"minP"
"C-PCA","Wasserstein",0.001,0.001,0.001,0.001,0.001,0.001,16,"minP"
"C-PCA","Centers-Euclidean",0.001,0.001,0.001,0.001,0.001,0.001,16,"minP"
"V-PCA","Int-Euclidean",0.001,0.001,0.001,0.016,0.001,0.001,16,"minP"
"V-PCA","Hausdorff",0.001,0.001,0.001,0.001,0.001,0.001,16,"minP"
"V-PCA","Ichino-Yaguchi",0.001,0.001,0.001,0.001,0.001,0.001,16,"minP"
"V-PCA","Wasserstein",0.001,0.001,0.001,0.001,0.001,0.001,16,"minP"
"V-PCA","Centers-Euclidean",0.001,0.001,0.001,0.001,0.001,0.001,16,"minP"
"MR-PCA","Int-Euclidean",0.001,0.001,0.001,0.001,0.001,0.001,16,"minP"
"MR-PCA","Hausdorff",0.001,0.001,0.001,0.001,0.001,0.001,16,"minP"
"MR-PCA","Ichino-Yaguchi",0.001,0.001,0.001,0.001,0.001,0.001,16,"minP"
"MR-PCA","Wasserstein",0.001,0.001,0.001,0.001,0.001,0.001,16,"minP"
"MR-PCA","Centers-Euclidean",0.001,0.001,0.001,0.001,0.001,0.001,16,"minP"
"SPCA","Int-Euclidean",0.001,0.007,0.001,0.018,0.001,0.001,16,"minP"
"SPCA","Hausdorff",0.001,0.001,0.001,0.001,0.001,0.001,16,"minP"
"SPCA","Ichino-Yaguchi",0.001,0.001,0.001,0.001,0.001,0.001,16,"minP"
"SPCA","Wasserstein",0.001,0.001,0.001,0.001,0.001,0.001,16,"minP"
"SPCA","Centers-Euclidean",0.001,0.001,0.001,0.001,0.001,0.001,16,"minP"
"IMDS","Int-Euclidean",0.672,1,0.145,0.836,0.067,1,16,"minP"
"IMDS","Hausdorff",0.001,0.009,0.001,0.013,0.001,1,16,"minP"
"IMDS","Ichino-Yaguchi",0.001,0.001,0.001,0.001,0.001,1,16,"minP"
"IMDS","Wasserstein",0.001,0.001,0.001,0.013,0.001,1,16,"minP"
"IMDS","Centers-Euclidean",0.001,0.001,0.001,0.001,0.001,0.668,16,"minP"
"Int-UMAP","Int-Euclidean",0.001,0.202,0.001,0.887,0.001,0.013,16,"minP"
"Int-UMAP","Hausdorff",0.001,0.957,0.001,0.839,0.001,0.136,16,"minP"
"Int-UMAP","Ichino-Yaguchi",0.001,0.542,0.001,1,0.001,0.013,16,"minP"
"Int-UMAP","Wasserstein",0.001,0.921,0.001,1,0.001,0.036,16,"minP"
"Int-UMAP","Centers-Euclidean",0.001,0.989,0.001,0.972,0.001,0.001,16,"minP"
"C-PCA","Int-Euclidean",0.001,0.002,0.001,0.005,0.001,0.001,17,"raw"
"C-PCA","Hausdorff",0.001,0.001,0.001,0.001,0.001,0.001,17,"raw"
"C-PCA","Ichino-Yaguchi",0.001,0.001,0.001,0.001,0.001,0.001,17,"raw"
"C-PCA","Wasserstein",0.001,0.001,0.001,0.001,0.001,0.001,17,"raw"
"C-PCA","Centers-Euclidean",0.001,0.001,0.001,0.001,0.001,0.001,17,"raw"
"V-PCA","Int-Euclidean",0.001,0.005,0.001,0.004,0.001,0.001,17,"raw"
"V-PCA","Hausdorff",0.001,0.001,0.001,0.001,0.001,0.001,17,"raw"
"V-PCA","Ichino-Yaguchi",0.001,0.001,0.001,0.001,0.001,0.001,17,"raw"
"V-PCA","Wasserstein",0.001,0.001,0.001,0.001,0.001,0.001,17,"raw"
"V-PCA","Centers-Euclidean",0.001,0.001,0.001,0.001,0.001,0.001,17,"raw"
"MR-PCA","Int-Euclidean",0.001,0.001,0.001,0.001,0.001,0.001,17,"raw"
"MR-PCA","Hausdorff",0.001,0.001,0.001,0.001,0.001,0.001,17,"raw"
"MR-PCA","Ichino-Yaguchi",0.001,0.001,0.001,0.001,0.001,0.001,17,"raw"
"MR-PCA","Wasserstein",0.001,0.001,0.001,0.001,0.001,0.001,17,"raw"
"MR-PCA","Centers-Euclidean",0.001,0.001,0.001,0.001,0.001,0.001,17,"raw"
"SPCA","Int-Euclidean",0.001,0.005,0.001,0.003,0.001,0.001,17,"raw"
"SPCA","Hausdorff",0.001,0.001,0.001,0.001,0.001,0.001,17,"raw"
"SPCA","Ichino-Yaguchi",0.001,0.001,0.001,0.001,0.001,0.001,17,"raw"
"SPCA","Wasserstein",0.001,0.001,0.001,0.001,0.001,0.001,17,"raw"
"SPCA","Centers-Euclidean",0.001,0.001,0.001,0.001,0.001,0.001,17,"raw"
"IMDS","Int-Euclidean",0.335,0.749,0.11,0.4,0.002,0.124,17,"raw"
"IMDS","Hausdorff",0.001,0.002,0.001,0.004,0.001,0.216,17,"raw"
"IMDS","Ichino-Yaguchi",0.001,0.005,0.001,0.019,0.001,0.605,17,"raw"
"IMDS","Wasserstein",0.001,0.001,0.001,0.001,0.001,0.377,17,"raw"
"IMDS","Centers-Euclidean",0.001,0.01,0.001,0.005,0.001,1,17,"raw"
"Int-UMAP","Int-Euclidean",0.001,0.658,0.001,0.153,0.001,0.001,17,"raw"
"Int-UMAP","Hausdorff",0.001,0.636,0.001,0.819,0.001,0.221,17,"raw"
"Int-UMAP","Ichino-Yaguchi",0.001,0.121,0.001,0.77,0.001,0.001,17,"raw"
"Int-UMAP","Wasserstein",0.001,0.383,0.001,0.923,0.001,0.002,17,"raw"
"Int-UMAP","Centers-Euclidean",0.001,0.501,0.001,0.228,0.001,0.001,17,"raw"
"C-PCA","Int-Euclidean",0.001,0.007,0.001,0.027,0.001,0.001,17,"minP"
"C-PCA","Hausdorff",0.001,0.001,0.001,0.001,0.001,0.001,17,"minP"
"C-PCA","Ichino-Yaguchi",0.001,0.001,0.001,0.001,0.001,0.001,17,"minP"
"C-PCA","Wasserstein",0.001,0.001,0.001,0.001,0.001,0.001,17,"minP"
"C-PCA","Centers-Euclidean",0.001,0.001,0.001,0.001,0.001,0.001,17,"minP"
"V-PCA","Int-Euclidean",0.001,0.023,0.001,0.016,0.001,0.001,17,"minP"
"V-PCA","Hausdorff",0.001,0.001,0.001,0.001,0.001,0.001,17,"minP"
"V-PCA","Ichino-Yaguchi",0.001,0.001,0.001,0.001,0.001,0.001,17,"minP"
"V-PCA","Wasserstein",0.001,0.001,0.001,0.001,0.001,0.001,17,"minP"
"V-PCA","Centers-Euclidean",0.001,0.001,0.001,0.001,0.001,0.001,17,"minP"
"MR-PCA","Int-Euclidean",0.001,0.001,0.001,0.001,0.001,0.001,17,"minP"
"MR-PCA","Hausdorff",0.001,0.001,0.001,0.001,0.001,0.001,17,"minP"
"MR-PCA","Ichino-Yaguchi",0.001,0.001,0.001,0.001,0.001,0.001,17,"minP"
"MR-PCA","Wasserstein",0.001,0.001,0.001,0.001,0.001,0.001,17,"minP"
"MR-PCA","Centers-Euclidean",0.001,0.001,0.001,0.001,0.001,0.001,17,"minP"
"SPCA","Int-Euclidean",0.001,0.025,0.001,0.011,0.001,0.001,17,"minP"
"SPCA","Hausdorff",0.001,0.001,0.001,0.001,0.001,0.001,17,"minP"
"SPCA","Ichino-Yaguchi",0.001,0.001,0.001,0.001,0.001,0.001,17,"minP"
"SPCA","Wasserstein",0.001,0.001,0.001,0.001,0.001,0.001,17,"minP"
"SPCA","Centers-Euclidean",0.001,0.001,0.001,0.001,0.001,0.001,17,"minP"
"IMDS","Int-Euclidean",0.861,1,0.469,0.928,0.01,0.582,17,"minP"
"IMDS","Hausdorff",0.001,0.009,0.001,0.025,0.001,0.784,17,"minP"
"IMDS","Ichino-Yaguchi",0.001,0.028,0.001,0.11,0.001,0.998,17,"minP"
"IMDS","Wasserstein",0.001,0.001,0.001,0.001,0.001,0.947,17,"minP"
"IMDS","Centers-Euclidean",0.001,0.06,0.001,0.033,0.001,1,17,"minP"
"Int-UMAP","Int-Euclidean",0.001,0.987,0.001,0.461,0.001,0.001,17,"minP"
"Int-UMAP","Hausdorff",0.001,0.981,0.001,1,0.001,0.689,17,"minP"
"Int-UMAP","Ichino-Yaguchi",0.001,0.397,0.001,0.994,0.001,0.001,17,"minP"
"Int-UMAP","Wasserstein",0.001,0.817,0.001,1,0.001,0.005,17,"minP"
"Int-UMAP","Centers-Euclidean",0.001,0.914,0.001,0.617,0.001,0.001,17,"minP"
"C-PCA","Int-Euclidean",0.001,0.003,0.001,0.005,0.001,0.001,18,"raw"
"C-PCA","Hausdorff",0.001,0.001,0.001,0.001,0.001,0.001,18,"raw"
"C-PCA","Ichino-Yaguchi",0.001,0.001,0.001,0.001,0.001,0.001,18,"raw"
"C-PCA","Wasserstein",0.001,0.001,0.001,0.001,0.001,0.001,18,"raw"
"C-PCA","Centers-Euclidean",0.001,0.001,0.001,0.001,0.001,0.001,18,"raw"
"V-PCA","Int-Euclidean",0.001,0.002,0.001,0.001,0.001,0.001,18,"raw"
"V-PCA","Hausdorff",0.001,0.001,0.001,0.001,0.001,0.001,18,"raw"
"V-PCA","Ichino-Yaguchi",0.001,0.001,0.001,0.001,0.001,0.001,18,"raw"
"V-PCA","Wasserstein",0.001,0.001,0.001,0.001,0.001,0.001,18,"raw"
"V-PCA","Centers-Euclidean",0.001,0.001,0.001,0.001,0.001,0.001,18,"raw"
"MR-PCA","Int-Euclidean",0.001,0.001,0.001,0.001,0.001,0.001,18,"raw"
"MR-PCA","Hausdorff",0.001,0.001,0.001,0.001,0.001,0.001,18,"raw"
"MR-PCA","Ichino-Yaguchi",0.001,0.001,0.001,0.001,0.001,0.001,18,"raw"
"MR-PCA","Wasserstein",0.001,0.001,0.001,0.001,0.001,0.001,18,"raw"
"MR-PCA","Centers-Euclidean",0.001,0.001,0.001,0.001,0.001,0.001,18,"raw"
"SPCA","Int-Euclidean",0.001,0.001,0.001,0.001,0.001,0.001,18,"raw"
"SPCA","Hausdorff",0.001,0.001,0.001,0.001,0.001,0.001,18,"raw"
"SPCA","Ichino-Yaguchi",0.001,0.001,0.001,0.001,0.001,0.001,18,"raw"
"SPCA","Wasserstein",0.001,0.001,0.001,0.001,0.001,0.001,18,"raw"
"SPCA","Centers-Euclidean",0.001,0.001,0.001,0.001,0.001,0.001,18,"raw"
"IMDS","Int-Euclidean",0.005,0.002,0.002,0.001,0.001,0.067,18,"raw"
"IMDS","Hausdorff",0.001,0.001,0.001,0.001,0.001,0.766,18,"raw"
"IMDS","Ichino-Yaguchi",0.001,0.001,0.001,0.001,0.001,0.387,18,"raw"
"IMDS","Wasserstein",0.001,0.001,0.001,0.001,0.001,0.11,18,"raw"
"IMDS","Centers-Euclidean",0.001,0.001,0.001,0.001,0.001,0.299,18,"raw"
"Int-UMAP","Int-Euclidean",0.001,0.018,0.001,0.001,0.001,0.001,18,"raw"
"Int-UMAP","Hausdorff",0.001,0.004,0.001,0.021,0.001,0.44,18,"raw"
"Int-UMAP","Ichino-Yaguchi",0.001,0.101,0.001,0.039,0.001,0.222,18,"raw"
"Int-UMAP","Wasserstein",0.001,0.028,0.001,0.008,0.001,0.001,18,"raw"
"Int-UMAP","Centers-Euclidean",0.001,0.001,0.001,0.002,0.001,0.001,18,"raw"
"C-PCA","Int-Euclidean",0.001,0.012,0.001,0.027,0.001,0.001,18,"minP"
"C-PCA","Hausdorff",0.001,0.001,0.001,0.001,0.001,0.001,18,"minP"
"C-PCA","Ichino-Yaguchi",0.001,0.001,0.001,0.001,0.001,0.001,18,"minP"
"C-PCA","Wasserstein",0.001,0.001,0.001,0.001,0.001,0.001,18,"minP"
"C-PCA","Centers-Euclidean",0.001,0.001,0.001,0.001,0.001,0.001,18,"minP"
"V-PCA","Int-Euclidean",0.001,0.008,0.001,0.001,0.001,0.001,18,"minP"
"V-PCA","Hausdorff",0.001,0.001,0.001,0.001,0.001,0.001,18,"minP"
"V-PCA","Ichino-Yaguchi",0.001,0.001,0.001,0.001,0.001,0.001,18,"minP"
"V-PCA","Wasserstein",0.001,0.001,0.001,0.001,0.001,0.001,18,"minP"
"V-PCA","Centers-Euclidean",0.001,0.001,0.001,0.001,0.001,0.001,18,"minP"
"MR-PCA","Int-Euclidean",0.001,0.001,0.001,0.001,0.001,0.001,18,"minP"
"MR-PCA","Hausdorff",0.001,0.001,0.001,0.001,0.001,0.001,18,"minP"
"MR-PCA","Ichino-Yaguchi",0.001,0.001,0.001,0.001,0.001,0.001,18,"minP"
"MR-PCA","Wasserstein",0.001,0.001,0.001,0.001,0.001,0.001,18,"minP"
"MR-PCA","Centers-Euclidean",0.001,0.001,0.001,0.001,0.001,0.001,18,"minP"
"SPCA","Int-Euclidean",0.001,0.001,0.001,0.001,0.001,0.001,18,"minP"
"SPCA","Hausdorff",0.001,0.001,0.001,0.001,0.001,0.001,18,"minP"
"SPCA","Ichino-Yaguchi",0.001,0.001,0.001,0.001,0.001,0.001,18,"minP"
"SPCA","Wasserstein",0.001,0.001,0.001,0.001,0.001,0.001,18,"minP"
"SPCA","Centers-Euclidean",0.001,0.001,0.001,0.001,0.001,0.001,18,"minP"
"IMDS","Int-Euclidean",0.029,0.008,0.009,0.001,0.001,0.365,18,"minP"
"IMDS","Hausdorff",0.001,0.001,0.001,0.001,0.001,1,18,"minP"
"IMDS","Ichino-Yaguchi",0.001,0.001,0.001,0.001,0.001,0.952,18,"minP"
"IMDS","Wasserstein",0.001,0.001,0.001,0.001,0.001,0.519,18,"minP"
"IMDS","Centers-Euclidean",0.001,0.001,0.001,0.001,0.001,0.896,18,"minP"
"Int-UMAP","Int-Euclidean",0.001,0.068,0.001,0.001,0.001,0.001,18,"minP"
"Int-UMAP","Hausdorff",0.001,0.017,0.001,0.088,0.001,0.944,18,"minP"
"Int-UMAP","Ichino-Yaguchi",0.001,0.336,0.001,0.154,0.001,0.718,18,"minP"
"Int-UMAP","Wasserstein",0.001,0.104,0.001,0.034,0.001,0.001,18,"minP"
"Int-UMAP","Centers-Euclidean",0.001,0.001,0.001,0.006,0.001,0.001,18,"minP"
"C-PCA","Int-Euclidean",0.001,0.001,0.001,0.001,0.001,0.001,19,"raw"
"C-PCA","Hausdorff",0.001,0.001,0.001,0.001,0.001,0.001,19,"raw"
"C-PCA","Ichino-Yaguchi",0.001,0.001,0.001,0.001,0.001,0.001,19,"raw"
"C-PCA","Wasserstein",0.001,0.001,0.001,0.001,0.001,0.001,19,"raw"
"C-PCA","Centers-Euclidean",0.001,0.001,0.001,0.001,0.001,0.001,19,"raw"
"V-PCA","Int-Euclidean",0.001,0.001,0.001,0.001,0.001,0.001,19,"raw"
"V-PCA","Hausdorff",0.001,0.001,0.001,0.001,0.001,0.001,19,"raw"
"V-PCA","Ichino-Yaguchi",0.001,0.001,0.001,0.001,0.001,0.001,19,"raw"
"V-PCA","Wasserstein",0.001,0.001,0.001,0.001,0.001,0.001,19,"raw"
"V-PCA","Centers-Euclidean",0.001,0.001,0.001,0.001,0.001,0.001,19,"raw"
"MR-PCA","Int-Euclidean",0.001,0.001,0.001,0.001,0.001,0.001,19,"raw"
"MR-PCA","Hausdorff",0.001,0.001,0.001,0.001,0.001,0.001,19,"raw"
"MR-PCA","Ichino-Yaguchi",0.001,0.001,0.001,0.001,0.001,0.001,19,"raw"
"MR-PCA","Wasserstein",0.001,0.001,0.001,0.001,0.001,0.001,19,"raw"
"MR-PCA","Centers-Euclidean",0.001,0.001,0.001,0.001,0.001,0.001,19,"raw"
"SPCA","Int-Euclidean",0.001,0.001,0.001,0.001,0.001,0.001,19,"raw"
"SPCA","Hausdorff",0.001,0.001,0.001,0.001,0.001,0.001,19,"raw"
"SPCA","Ichino-Yaguchi",0.001,0.001,0.001,0.001,0.001,0.001,19,"raw"
"SPCA","Wasserstein",0.001,0.001,0.001,0.001,0.001,0.001,19,"raw"
"SPCA","Centers-Euclidean",0.001,0.001,0.001,0.001,0.001,0.001,19,"raw"
"IMDS","Int-Euclidean",0.005,0.066,0.003,0.024,0.001,0.472,19,"raw"
"IMDS","Hausdorff",0.001,0.001,0.001,0.001,0.001,0.508,19,"raw"
"IMDS","Ichino-Yaguchi",0.001,0.001,0.001,0.001,0.001,0.179,19,"raw"
"IMDS","Wasserstein",0.001,0.001,0.001,0.001,0.001,0.001,19,"raw"
"IMDS","Centers-Euclidean",0.001,0.001,0.001,0.001,0.001,0.026,19,"raw"
"Int-UMAP","Int-Euclidean",0.001,0.001,0.001,0.001,0.001,0.001,19,"raw"
"Int-UMAP","Hausdorff",0.001,0.014,0.001,0.285,0.001,0.048,19,"raw"
"Int-UMAP","Ichino-Yaguchi",0.001,0.005,0.001,0.144,0.001,0.82,19,"raw"
"Int-UMAP","Wasserstein",0.001,0.002,0.001,0.083,0.001,0.513,19,"raw"
"Int-UMAP","Centers-Euclidean",0.001,0.001,0.001,0.001,0.001,0.001,19,"raw"
"C-PCA","Int-Euclidean",0.001,0.001,0.001,0.001,0.001,0.001,19,"minP"
"C-PCA","Hausdorff",0.001,0.001,0.001,0.001,0.001,0.001,19,"minP"
"C-PCA","Ichino-Yaguchi",0.001,0.001,0.001,0.001,0.001,0.001,19,"minP"
"C-PCA","Wasserstein",0.001,0.001,0.001,0.001,0.001,0.001,19,"minP"
"C-PCA","Centers-Euclidean",0.001,0.001,0.001,0.001,0.001,0.001,19,"minP"
"V-PCA","Int-Euclidean",0.001,0.001,0.001,0.001,0.001,0.001,19,"minP"
"V-PCA","Hausdorff",0.001,0.001,0.001,0.001,0.001,0.001,19,"minP"
"V-PCA","Ichino-Yaguchi",0.001,0.001,0.001,0.001,0.001,0.001,19,"minP"
"V-PCA","Wasserstein",0.001,0.001,0.001,0.001,0.001,0.001,19,"minP"
"V-PCA","Centers-Euclidean",0.001,0.001,0.001,0.001,0.001,0.001,19,"minP"
"MR-PCA","Int-Euclidean",0.001,0.001,0.001,0.001,0.001,0.001,19,"minP"
"MR-PCA","Hausdorff",0.001,0.001,0.001,0.001,0.001,0.001,19,"minP"
"MR-PCA","Ichino-Yaguchi",0.001,0.001,0.001,0.001,0.001,0.001,19,"minP"
"MR-PCA","Wasserstein",0.001,0.001,0.001,0.001,0.001,0.001,19,"minP"
"MR-PCA","Centers-Euclidean",0.001,0.001,0.001,0.001,0.001,0.001,19,"minP"
"SPCA","Int-Euclidean",0.001,0.001,0.001,0.001,0.001,0.001,19,"minP"
"SPCA","Hausdorff",0.001,0.001,0.001,0.001,0.001,0.001,19,"minP"
"SPCA","Ichino-Yaguchi",0.001,0.001,0.001,0.001,0.001,0.001,19,"minP"
"SPCA","Wasserstein",0.001,0.001,0.001,0.001,0.001,0.001,19,"minP"
"SPCA","Centers-Euclidean",0.001,0.001,0.001,0.001,0.001,0.001,19,"minP"
"IMDS","Int-Euclidean",0.027,0.304,0.016,0.135,0.001,0.978,19,"minP"
"IMDS","Hausdorff",0.001,0.001,0.001,0.001,0.001,0.984,19,"minP"
"IMDS","Ichino-Yaguchi",0.001,0.001,0.001,0.001,0.001,0.703,19,"minP"
"IMDS","Wasserstein",0.001,0.001,0.001,0.001,0.001,0.001,19,"minP"
"IMDS","Centers-Euclidean",0.001,0.001,0.001,0.001,0.001,0.166,19,"minP"
"Int-UMAP","Int-Euclidean",0.001,0.001,0.001,0.001,0.001,0.001,19,"minP"
"Int-UMAP","Hausdorff",0.001,0.072,0.001,0.731,0.001,0.26,19,"minP"
"Int-UMAP","Ichino-Yaguchi",0.001,0.024,0.001,0.492,0.001,1,19,"minP"
"Int-UMAP","Wasserstein",0.001,0.008,0.001,0.321,0.001,0.979,19,"minP"
"Int-UMAP","Centers-Euclidean",0.001,0.001,0.001,0.001,0.001,0.001,19,"minP"
"C-PCA","Int-Euclidean",0.001,0.012,0.001,0.011,0.001,0.001,20,"raw"
"C-PCA","Hausdorff",0.001,0.001,0.001,0.001,0.001,0.001,20,"raw"
"C-PCA","Ichino-Yaguchi",0.001,0.001,0.001,0.001,0.001,0.001,20,"raw"
"C-PCA","Wasserstein",0.001,0.001,0.001,0.001,0.001,0.001,20,"raw"
"C-PCA","Centers-Euclidean",0.001,0.001,0.001,0.001,0.001,0.001,20,"raw"
"V-PCA","Int-Euclidean",0.001,0.013,0.001,0.01,0.001,0.001,20,"raw"
"V-PCA","Hausdorff",0.001,0.001,0.001,0.001,0.001,0.001,20,"raw"
"V-PCA","Ichino-Yaguchi",0.001,0.001,0.001,0.001,0.001,0.001,20,"raw"
"V-PCA","Wasserstein",0.001,0.001,0.001,0.001,0.001,0.001,20,"raw"
"V-PCA","Centers-Euclidean",0.001,0.001,0.001,0.001,0.001,0.001,20,"raw"
"MR-PCA","Int-Euclidean",0.001,0.001,0.001,0.001,0.001,0.001,20,"raw"
"MR-PCA","Hausdorff",0.001,0.001,0.001,0.001,0.001,0.001,20,"raw"
"MR-PCA","Ichino-Yaguchi",0.001,0.001,0.001,0.001,0.001,0.001,20,"raw"
"MR-PCA","Wasserstein",0.001,0.001,0.001,0.001,0.001,0.001,20,"raw"
"MR-PCA","Centers-Euclidean",0.001,0.001,0.001,0.001,0.001,0.001,20,"raw"
"SPCA","Int-Euclidean",0.001,0.014,0.001,0.008,0.001,0.001,20,"raw"
"SPCA","Hausdorff",0.001,0.001,0.001,0.001,0.001,0.001,20,"raw"
"SPCA","Ichino-Yaguchi",0.001,0.001,0.001,0.001,0.001,0.001,20,"raw"
"SPCA","Wasserstein",0.001,0.001,0.001,0.001,0.001,0.001,20,"raw"
"SPCA","Centers-Euclidean",0.001,0.001,0.001,0.001,0.001,0.001,20,"raw"
"IMDS","Int-Euclidean",0.013,0.005,0.005,0.001,0.005,0.224,20,"raw"
"IMDS","Hausdorff",0.001,0.001,0.001,0.001,0.001,0.529,20,"raw"
"IMDS","Ichino-Yaguchi",0.001,0.001,0.001,0.001,0.001,0.632,20,"raw"
"IMDS","Wasserstein",0.001,0.001,0.001,0.001,0.001,0.725,20,"raw"
"IMDS","Centers-Euclidean",0.001,0.001,0.001,0.001,0.008,0.967,20,"raw"
"Int-UMAP","Int-Euclidean",0.001,0.001,0.001,0.001,0.001,0.044,20,"raw"
"Int-UMAP","Hausdorff",0.001,0.001,0.001,0.01,0.001,0.351,20,"raw"
"Int-UMAP","Ichino-Yaguchi",0.001,0.003,0.001,0.004,0.001,0.001,20,"raw"
"Int-UMAP","Wasserstein",0.001,0.001,0.001,0.001,0.001,0.001,20,"raw"
"Int-UMAP","Centers-Euclidean",0.001,0.001,0.001,0.001,0.001,0.001,20,"raw"
"C-PCA","Int-Euclidean",0.001,0.054,0.001,0.054,0.001,0.001,20,"minP"
"C-PCA","Hausdorff",0.001,0.001,0.001,0.001,0.001,0.001,20,"minP"
"C-PCA","Ichino-Yaguchi",0.001,0.001,0.001,0.001,0.001,0.001,20,"minP"
"C-PCA","Wasserstein",0.001,0.001,0.001,0.001,0.001,0.001,20,"minP"
"C-PCA","Centers-Euclidean",0.001,0.001,0.001,0.001,0.001,0.001,20,"minP"
"V-PCA","Int-Euclidean",0.001,0.064,0.001,0.052,0.001,0.001,20,"minP"
"V-PCA","Hausdorff",0.001,0.001,0.001,0.001,0.001,0.001,20,"minP"
"V-PCA","Ichino-Yaguchi",0.001,0.001,0.001,0.001,0.001,0.001,20,"minP"
"V-PCA","Wasserstein",0.001,0.001,0.001,0.001,0.001,0.001,20,"minP"
"V-PCA","Centers-Euclidean",0.001,0.001,0.001,0.001,0.001,0.001,20,"minP"
"MR-PCA","Int-Euclidean",0.001,0.001,0.001,0.001,0.001,0.001,20,"minP"
"MR-PCA","Hausdorff",0.001,0.001,0.001,0.001,0.001,0.001,20,"minP"
"MR-PCA","Ichino-Yaguchi",0.001,0.001,0.001,0.001,0.001,0.001,20,"minP"
"MR-PCA","Wasserstein",0.001,0.001,0.001,0.001,0.001,0.001,20,"minP"
"MR-PCA","Centers-Euclidean",0.001,0.001,0.001,0.001,0.001,0.001,20,"minP"
"SPCA","Int-Euclidean",0.001,0.069,0.001,0.042,0.001,0.001,20,"minP"
"SPCA","Hausdorff",0.001,0.001,0.001,0.001,0.001,0.001,20,"minP"
"SPCA","Ichino-Yaguchi",0.001,0.001,0.001,0.001,0.001,0.001,20,"minP"
"SPCA","Wasserstein",0.001,0.001,0.001,0.001,0.001,0.001,20,"minP"
"SPCA","Centers-Euclidean",0.001,0.001,0.001,0.001,0.001,0.001,20,"minP"
"IMDS","Int-Euclidean",0.08,0.031,0.027,0.001,0.027,0.771,20,"minP"
"IMDS","Hausdorff",0.001,0.001,0.001,0.001,0.001,0.992,20,"minP"
"IMDS","Ichino-Yaguchi",0.001,0.001,0.001,0.001,0.001,0.998,20,"minP"
"IMDS","Wasserstein",0.001,0.001,0.001,0.001,0.001,1,20,"minP"
"IMDS","Centers-Euclidean",0.001,0.001,0.001,0.001,0.05,1,20,"minP"
"Int-UMAP","Int-Euclidean",0.001,0.001,0.001,0.001,0.001,0.202,20,"minP"
"Int-UMAP","Hausdorff",0.001,0.001,0.001,0.047,0.001,0.88,20,"minP"
"Int-UMAP","Ichino-Yaguchi",0.001,0.015,0.001,0.016,0.001,0.001,20,"minP"
"Int-UMAP","Wasserstein",0.001,0.001,0.001,0.001,0.001,0.001,20,"minP"
"Int-UMAP","Centers-Euclidean",0.001,0.001,0.001,0.001,0.001,0.001,20,"minP"
"C-PCA","Int-Euclidean",0.001,0.051,0.001,0.044,0.001,0.001,21,"raw"
"C-PCA","Hausdorff",0.001,0.001,0.001,0.001,0.001,0.001,21,"raw"
"C-PCA","Ichino-Yaguchi",0.001,0.001,0.001,0.001,0.001,0.001,21,"raw"
"C-PCA","Wasserstein",0.001,0.001,0.001,0.001,0.001,0.001,21,"raw"
"C-PCA","Centers-Euclidean",0.001,0.001,0.001,0.001,0.001,0.001,21,"raw"
"V-PCA","Int-Euclidean",0.001,0.043,0.001,0.022,0.001,0.001,21,"raw"
"V-PCA","Hausdorff",0.001,0.001,0.001,0.001,0.001,0.001,21,"raw"
"V-PCA","Ichino-Yaguchi",0.001,0.001,0.001,0.001,0.001,0.001,21,"raw"
"V-PCA","Wasserstein",0.001,0.001,0.001,0.001,0.001,0.001,21,"raw"
"V-PCA","Centers-Euclidean",0.001,0.001,0.001,0.001,0.001,0.001,21,"raw"
"MR-PCA","Int-Euclidean",0.001,0.001,0.001,0.001,0.001,0.001,21,"raw"
"MR-PCA","Hausdorff",0.001,0.001,0.001,0.001,0.001,0.001,21,"raw"
"MR-PCA","Ichino-Yaguchi",0.001,0.001,0.001,0.001,0.001,0.001,21,"raw"
"MR-PCA","Wasserstein",0.001,0.001,0.001,0.001,0.001,0.001,21,"raw"
"MR-PCA","Centers-Euclidean",0.001,0.001,0.001,0.001,0.001,0.001,21,"raw"
"SPCA","Int-Euclidean",0.001,0.043,0.001,0.035,0.001,0.001,21,"raw"
"SPCA","Hausdorff",0.001,0.001,0.001,0.001,0.001,0.001,21,"raw"
"SPCA","Ichino-Yaguchi",0.001,0.001,0.001,0.001,0.001,0.001,21,"raw"
"SPCA","Wasserstein",0.001,0.001,0.001,0.001,0.001,0.001,21,"raw"
"SPCA","Centers-Euclidean",0.001,0.001,0.001,0.001,0.001,0.001,21,"raw"
"IMDS","Int-Euclidean",0.001,0.001,0.001,0.001,0.001,0.718,21,"raw"
"IMDS","Hausdorff",0.001,0.001,0.001,0.001,0.001,0.199,21,"raw"
"IMDS","Ichino-Yaguchi",0.001,0.001,0.001,0.001,0.001,0.299,21,"raw"
"IMDS","Wasserstein",0.001,0.001,0.001,0.001,0.001,0.404,21,"raw"
"IMDS","Centers-Euclidean",0.001,0.001,0.001,0.001,0.001,0.445,21,"raw"
"Int-UMAP","Int-Euclidean",0.001,0.03,0.001,0.033,0.001,0.023,21,"raw"
"Int-UMAP","Hausdorff",0.001,0.115,0.001,0.337,0.001,0.391,21,"raw"
"Int-UMAP","Ichino-Yaguchi",0.001,0.458,0.001,0.532,0.001,0.006,21,"raw"
"Int-UMAP","Wasserstein",0.001,0.129,0.001,0.404,0.001,0.01,21,"raw"
"Int-UMAP","Centers-Euclidean",0.001,0.004,0.001,0.011,0.001,0.001,21,"raw"
"C-PCA","Int-Euclidean",0.001,0.219,0.001,0.195,0.001,0.001,21,"minP"
"C-PCA","Hausdorff",0.001,0.001,0.001,0.001,0.001,0.001,21,"minP"
"C-PCA","Ichino-Yaguchi",0.001,0.001,0.001,0.001,0.001,0.001,21,"minP"
"C-PCA","Wasserstein",0.001,0.001,0.001,0.001,0.001,0.001,21,"minP"
"C-PCA","Centers-Euclidean",0.001,0.001,0.001,0.001,0.001,0.001,21,"minP"
"V-PCA","Int-Euclidean",0.001,0.19,0.001,0.112,0.001,0.001,21,"minP"
"V-PCA","Hausdorff",0.001,0.001,0.001,0.001,0.001,0.001,21,"minP"
"V-PCA","Ichino-Yaguchi",0.001,0.001,0.001,0.001,0.001,0.001,21,"minP"
"V-PCA","Wasserstein",0.001,0.001,0.001,0.001,0.001,0.001,21,"minP"
"V-PCA","Centers-Euclidean",0.001,0.001,0.001,0.001,0.001,0.001,21,"minP"
"MR-PCA","Int-Euclidean",0.001,0.001,0.001,0.001,0.001,0.001,21,"minP"
"MR-PCA","Hausdorff",0.001,0.001,0.001,0.001,0.001,0.001,21,"minP"
"MR-PCA","Ichino-Yaguchi",0.001,0.001,0.001,0.001,0.001,0.001,21,"minP"
"MR-PCA","Wasserstein",0.001,0.001,0.001,0.001,0.001,0.001,21,"minP"
"MR-PCA","Centers-Euclidean",0.001,0.001,0.001,0.001,0.001,0.001,21,"minP"
"SPCA","Int-Euclidean",0.001,0.197,0.001,0.167,0.001,0.001,21,"minP"
"SPCA","Hausdorff",0.001,0.001,0.001,0.001,0.001,0.001,21,"minP"
"SPCA","Ichino-Yaguchi",0.001,0.001,0.001,0.001,0.001,0.001,21,"minP"
"SPCA","Wasserstein",0.001,0.001,0.001,0.001,0.001,0.001,21,"minP"
"SPCA","Centers-Euclidean",0.001,0.001,0.001,0.001,0.001,0.001,21,"minP"
"IMDS","Int-Euclidean",0.001,0.001,0.001,0.001,0.001,1,21,"minP"
"IMDS","Hausdorff",0.001,0.001,0.001,0.001,0.001,0.769,21,"minP"
"IMDS","Ichino-Yaguchi",0.001,0.001,0.001,0.001,0.001,0.904,21,"minP"
"IMDS","Wasserstein",0.001,0.001,0.001,0.001,0.001,0.965,21,"minP"
"IMDS","Centers-Euclidean",0.001,0.001,0.001,0.001,0.001,0.979,21,"minP"
"Int-UMAP","Int-Euclidean",0.001,0.123,0.001,0.131,0.001,0.126,21,"minP"
"Int-UMAP","Hausdorff",0.001,0.381,0.001,0.773,0.001,0.924,21,"minP"
"Int-UMAP","Ichino-Yaguchi",0.001,0.9,0.001,0.946,0.001,0.033,21,"minP"
"Int-UMAP","Wasserstein",0.001,0.411,0.001,0.848,0.001,0.056,21,"minP"
"Int-UMAP","Centers-Euclidean",0.001,0.016,0.001,0.051,0.001,0.001,21,"minP"
"C-PCA","Int-Euclidean",0.001,0.001,0.001,0.001,0.001,0.001,22,"raw"
"C-PCA","Hausdorff",0.001,0.001,0.001,0.001,0.001,0.001,22,"raw"
"C-PCA","Ichino-Yaguchi",0.001,0.001,0.001,0.001,0.001,0.001,22,"raw"
"C-PCA","Wasserstein",0.001,0.001,0.001,0.001,0.001,0.001,22,"raw"
"C-PCA","Centers-Euclidean",0.001,0.001,0.001,0.001,0.001,0.001,22,"raw"
"V-PCA","Int-Euclidean",0.001,0.001,0.001,0.001,0.001,0.001,22,"raw"
"V-PCA","Hausdorff",0.001,0.001,0.001,0.001,0.001,0.001,22,"raw"
"V-PCA","Ichino-Yaguchi",0.001,0.001,0.001,0.001,0.001,0.001,22,"raw"
"V-PCA","Wasserstein",0.001,0.001,0.001,0.001,0.001,0.001,22,"raw"
"V-PCA","Centers-Euclidean",0.001,0.001,0.001,0.001,0.001,0.001,22,"raw"
"MR-PCA","Int-Euclidean",0.001,0.001,0.001,0.001,0.001,0.001,22,"raw"
"MR-PCA","Hausdorff",0.001,0.001,0.001,0.001,0.001,0.001,22,"raw"
"MR-PCA","Ichino-Yaguchi",0.001,0.001,0.001,0.001,0.001,0.001,22,"raw"
"MR-PCA","Wasserstein",0.001,0.001,0.001,0.001,0.001,0.001,22,"raw"
"MR-PCA","Centers-Euclidean",0.001,0.001,0.001,0.001,0.001,0.001,22,"raw"
"SPCA","Int-Euclidean",0.001,0.001,0.001,0.001,0.001,0.001,22,"raw"
"SPCA","Hausdorff",0.001,0.001,0.001,0.001,0.001,0.001,22,"raw"
"SPCA","Ichino-Yaguchi",0.001,0.001,0.001,0.001,0.001,0.001,22,"raw"
"SPCA","Wasserstein",0.001,0.001,0.001,0.001,0.001,0.001,22,"raw"
"SPCA","Centers-Euclidean",0.001,0.001,0.001,0.001,0.001,0.001,22,"raw"
"IMDS","Int-Euclidean",0.001,0.014,0.001,0.002,0.001,0.765,22,"raw"
"IMDS","Hausdorff",0.001,0.001,0.001,0.001,0.001,0.952,22,"raw"
"IMDS","Ichino-Yaguchi",0.001,0.001,0.001,0.001,0.001,0.768,22,"raw"
"IMDS","Wasserstein",0.001,0.001,0.001,0.001,0.001,0.21,22,"raw"
"IMDS","Centers-Euclidean",0.001,0.001,0.001,0.001,0.001,0.387,22,"raw"
"Int-UMAP","Int-Euclidean",0.001,0.001,0.001,0.001,0.001,0.001,22,"raw"
"Int-UMAP","Hausdorff",0.001,0.001,0.001,0.001,0.001,0.001,22,"raw"
"Int-UMAP","Ichino-Yaguchi",0.001,0.001,0.001,0.001,0.001,0.012,22,"raw"
"Int-UMAP","Wasserstein",0.001,0.001,0.001,0.001,0.001,0.001,22,"raw"
"Int-UMAP","Centers-Euclidean",0.001,0.001,0.001,0.001,0.001,0.063,22,"raw"
"C-PCA","Int-Euclidean",0.001,0.001,0.001,0.001,0.001,0.001,22,"minP"
"C-PCA","Hausdorff",0.001,0.001,0.001,0.001,0.001,0.001,22,"minP"
"C-PCA","Ichino-Yaguchi",0.001,0.001,0.001,0.001,0.001,0.001,22,"minP"
"C-PCA","Wasserstein",0.001,0.001,0.001,0.001,0.001,0.001,22,"minP"
"C-PCA","Centers-Euclidean",0.001,0.001,0.001,0.001,0.001,0.001,22,"minP"
"V-PCA","Int-Euclidean",0.001,0.001,0.001,0.001,0.001,0.001,22,"minP"
"V-PCA","Hausdorff",0.001,0.001,0.001,0.001,0.001,0.001,22,"minP"
"V-PCA","Ichino-Yaguchi",0.001,0.001,0.001,0.001,0.001,0.001,22,"minP"
"V-PCA","Wasserstein",0.001,0.001,0.001,0.001,0.001,0.001,22,"minP"
"V-PCA","Centers-Euclidean",0.001,0.001,0.001,0.001,0.001,0.001,22,"minP"
"MR-PCA","Int-Euclidean",0.001,0.001,0.001,0.001,0.001,0.001,22,"minP"
"MR-PCA","Hausdorff",0.001,0.001,0.001,0.001,0.001,0.001,22,"minP"
"MR-PCA","Ichino-Yaguchi",0.001,0.001,0.001,0.001,0.001,0.001,22,"minP"
"MR-PCA","Wasserstein",0.001,0.001,0.001,0.001,0.001,0.001,22,"minP"
"MR-PCA","Centers-Euclidean",0.001,0.001,0.001,0.001,0.001,0.001,22,"minP"
"SPCA","Int-Euclidean",0.001,0.001,0.001,0.001,0.001,0.001,22,"minP"
"SPCA","Hausdorff",0.001,0.001,0.001,0.001,0.001,0.001,22,"minP"
"SPCA","Ichino-Yaguchi",0.001,0.001,0.001,0.001,0.001,0.001,22,"minP"
"SPCA","Wasserstein",0.001,0.001,0.001,0.001,0.001,0.001,22,"minP"
"SPCA","Centers-Euclidean",0.001,0.001,0.001,0.001,0.001,0.001,22,"minP"
"IMDS","Int-Euclidean",0.001,0.09,0.001,0.008,0.001,1,22,"minP"
"IMDS","Hausdorff",0.001,0.001,0.001,0.001,0.001,1,22,"minP"
"IMDS","Ichino-Yaguchi",0.001,0.001,0.001,0.001,0.001,1,22,"minP"
"IMDS","Wasserstein",0.001,0.001,0.001,0.001,0.001,0.79,22,"minP"
"IMDS","Centers-Euclidean",0.001,0.001,0.001,0.001,0.001,0.949,22,"minP"
"Int-UMAP","Int-Euclidean",0.001,0.001,0.001,0.001,0.001,0.001,22,"minP"
"Int-UMAP","Hausdorff",0.001,0.001,0.001,0.001,0.001,0.001,22,"minP"
"Int-UMAP","Ichino-Yaguchi",0.001,0.001,0.001,0.001,0.001,0.072,22,"minP"
"Int-UMAP","Wasserstein",0.001,0.001,0.001,0.001,0.001,0.001,22,"minP"
"Int-UMAP","Centers-Euclidean",0.001,0.001,0.001,0.001,0.001,0.328,22,"minP"
"C-PCA","Int-Euclidean",0.001,0.001,0.001,0.001,0.001,0.001,23,"raw"
"C-PCA","Hausdorff",0.001,0.001,0.001,0.001,0.001,0.001,23,"raw"
"C-PCA","Ichino-Yaguchi",0.001,0.001,0.001,0.001,0.001,0.001,23,"raw"
"C-PCA","Wasserstein",0.001,0.001,0.001,0.001,0.001,0.001,23,"raw"
"C-PCA","Centers-Euclidean",0.001,0.001,0.001,0.001,0.001,0.001,23,"raw"
"V-PCA","Int-Euclidean",0.001,0.001,0.001,0.001,0.001,0.001,23,"raw"
"V-PCA","Hausdorff",0.001,0.001,0.001,0.001,0.001,0.001,23,"raw"
"V-PCA","Ichino-Yaguchi",0.001,0.001,0.001,0.001,0.001,0.001,23,"raw"
"V-PCA","Wasserstein",0.001,0.001,0.001,0.001,0.001,0.001,23,"raw"
"V-PCA","Centers-Euclidean",0.001,0.001,0.001,0.001,0.001,0.001,23,"raw"
"MR-PCA","Int-Euclidean",0.001,0.001,0.001,0.001,0.001,0.001,23,"raw"
"MR-PCA","Hausdorff",0.001,0.001,0.001,0.001,0.001,0.001,23,"raw"
"MR-PCA","Ichino-Yaguchi",0.001,0.001,0.001,0.001,0.001,0.001,23,"raw"
"MR-PCA","Wasserstein",0.001,0.001,0.001,0.001,0.001,0.001,23,"raw"
"MR-PCA","Centers-Euclidean",0.001,0.001,0.001,0.001,0.001,0.001,23,"raw"
"SPCA","Int-Euclidean",0.001,0.001,0.001,0.001,0.001,0.001,23,"raw"
"SPCA","Hausdorff",0.001,0.001,0.001,0.001,0.001,0.001,23,"raw"
"SPCA","Ichino-Yaguchi",0.001,0.001,0.001,0.001,0.001,0.001,23,"raw"
"SPCA","Wasserstein",0.001,0.001,0.001,0.001,0.001,0.001,23,"raw"
"SPCA","Centers-Euclidean",0.001,0.001,0.001,0.001,0.001,0.001,23,"raw"
"IMDS","Int-Euclidean",0.133,0.361,0.008,0.103,0.001,0.692,23,"raw"
"IMDS","Hausdorff",0.001,0.052,0.001,0.001,0.001,0.753,23,"raw"
"IMDS","Ichino-Yaguchi",0.001,0.004,0.001,0.001,0.001,0.12,23,"raw"
"IMDS","Wasserstein",0.001,0.013,0.001,0.001,0.001,0.512,23,"raw"
"IMDS","Centers-Euclidean",0.001,0.034,0.001,0.002,0.001,1,23,"raw"
"Int-UMAP","Int-Euclidean",0.001,0.368,0.001,0.016,0.001,0.001,23,"raw"
"Int-UMAP","Hausdorff",0.001,0.814,0.001,0.857,0.001,0.001,23,"raw"
"Int-UMAP","Ichino-Yaguchi",0.001,0.629,0.001,0.571,0.001,0.531,23,"raw"
"Int-UMAP","Wasserstein",0.001,0.78,0.001,0.235,0.001,0.142,23,"raw"
"Int-UMAP","Centers-Euclidean",0.001,0.039,0.001,0.001,0.001,0.001,23,"raw"
"C-PCA","Int-Euclidean",0.001,0.001,0.001,0.001,0.001,0.001,23,"minP"
"C-PCA","Hausdorff",0.001,0.001,0.001,0.001,0.001,0.001,23,"minP"
"C-PCA","Ichino-Yaguchi",0.001,0.001,0.001,0.001,0.001,0.001,23,"minP"
"C-PCA","Wasserstein",0.001,0.001,0.001,0.001,0.001,0.001,23,"minP"
"C-PCA","Centers-Euclidean",0.001,0.001,0.001,0.001,0.001,0.001,23,"minP"
"V-PCA","Int-Euclidean",0.001,0.001,0.001,0.001,0.001,0.001,23,"minP"
"V-PCA","Hausdorff",0.001,0.001,0.001,0.001,0.001,0.001,23,"minP"
"V-PCA","Ichino-Yaguchi",0.001,0.001,0.001,0.001,0.001,0.001,23,"minP"
"V-PCA","Wasserstein",0.001,0.001,0.001,0.001,0.001,0.001,23,"minP"
"V-PCA","Centers-Euclidean",0.001,0.001,0.001,0.001,0.001,0.001,23,"minP"
"MR-PCA","Int-Euclidean",0.001,0.001,0.001,0.001,0.001,0.001,23,"minP"
"MR-PCA","Hausdorff",0.001,0.001,0.001,0.001,0.001,0.001,23,"minP"
"MR-PCA","Ichino-Yaguchi",0.001,0.001,0.001,0.001,0.001,0.001,23,"minP"
"MR-PCA","Wasserstein",0.001,0.001,0.001,0.001,0.001,0.001,23,"minP"
"MR-PCA","Centers-Euclidean",0.001,0.001,0.001,0.001,0.001,0.001,23,"minP"
"SPCA","Int-Euclidean",0.001,0.001,0.001,0.001,0.001,0.001,23,"minP"
"SPCA","Hausdorff",0.001,0.001,0.001,0.001,0.001,0.001,23,"minP"
"SPCA","Ichino-Yaguchi",0.001,0.001,0.001,0.001,0.001,0.001,23,"minP"
"SPCA","Wasserstein",0.001,0.001,0.001,0.001,0.001,0.001,23,"minP"
"SPCA","Centers-Euclidean",0.001,0.001,0.001,0.001,0.001,0.001,23,"minP"
"IMDS","Int-Euclidean",0.537,0.904,0.048,0.453,0.001,0.998,23,"minP"
"IMDS","Hausdorff",0.001,0.271,0.001,0.001,0.001,0.999,23,"minP"
"IMDS","Ichino-Yaguchi",0.001,0.018,0.001,0.001,0.001,0.569,23,"minP"
"IMDS","Wasserstein",0.001,0.071,0.001,0.001,0.001,0.988,23,"minP"
"IMDS","Centers-Euclidean",0.001,0.19,0.001,0.007,0.001,1,23,"minP"
"Int-UMAP","Int-Euclidean",0.001,0.859,0.001,0.079,0.001,0.001,23,"minP"
"Int-UMAP","Hausdorff",0.001,1,0.001,1,0.001,0.001,23,"minP"
"Int-UMAP","Ichino-Yaguchi",0.001,0.991,0.001,0.969,0.001,0.982,23,"minP"
"Int-UMAP","Wasserstein",0.001,0.998,0.001,0.681,0.001,0.557,23,"minP"
"Int-UMAP","Centers-Euclidean",0.001,0.172,0.001,0.001,0.001,0.001,23,"minP"
"C-PCA","Int-Euclidean",0.001,0.001,0.001,0.005,0.001,0.001,24,"raw"
"C-PCA","Hausdorff",0.001,0.001,0.001,0.001,0.001,0.001,24,"raw"
"C-PCA","Ichino-Yaguchi",0.001,0.001,0.001,0.001,0.001,0.001,24,"raw"
"C-PCA","Wasserstein",0.001,0.001,0.001,0.001,0.001,0.001,24,"raw"
"C-PCA","Centers-Euclidean",0.001,0.001,0.001,0.001,0.001,0.001,24,"raw"
"V-PCA","Int-Euclidean",0.001,0.001,0.001,0.007,0.001,0.001,24,"raw"
"V-PCA","Hausdorff",0.001,0.001,0.001,0.001,0.001,0.001,24,"raw"
"V-PCA","Ichino-Yaguchi",0.001,0.001,0.001,0.001,0.001,0.001,24,"raw"
"V-PCA","Wasserstein",0.001,0.001,0.001,0.001,0.001,0.001,24,"raw"
"V-PCA","Centers-Euclidean",0.001,0.001,0.001,0.001,0.001,0.001,24,"raw"
"MR-PCA","Int-Euclidean",0.001,0.001,0.001,0.001,0.001,0.001,24,"raw"
"MR-PCA","Hausdorff",0.001,0.001,0.001,0.001,0.001,0.001,24,"raw"
"MR-PCA","Ichino-Yaguchi",0.001,0.001,0.001,0.001,0.001,0.001,24,"raw"
"MR-PCA","Wasserstein",0.001,0.001,0.001,0.001,0.001,0.001,24,"raw"
"MR-PCA","Centers-Euclidean",0.001,0.001,0.001,0.001,0.001,0.001,24,"raw"
"SPCA","Int-Euclidean",0.001,0.001,0.001,0.005,0.001,0.001,24,"raw"
"SPCA","Hausdorff",0.001,0.001,0.001,0.001,0.001,0.001,24,"raw"
"SPCA","Ichino-Yaguchi",0.001,0.001,0.001,0.001,0.001,0.001,24,"raw"
"SPCA","Wasserstein",0.001,0.001,0.001,0.001,0.001,0.001,24,"raw"
"SPCA","Centers-Euclidean",0.001,0.001,0.001,0.001,0.001,0.001,24,"raw"
"IMDS","Int-Euclidean",0.193,0.172,0.058,0.107,0.001,0.288,24,"raw"
"IMDS","Hausdorff",0.001,0.001,0.001,0.001,0.001,0.197,24,"raw"
"IMDS","Ichino-Yaguchi",0.001,0.001,0.001,0.001,0.001,0.159,24,"raw"
"IMDS","Wasserstein",0.001,0.001,0.001,0.001,0.001,0.32,24,"raw"
"IMDS","Centers-Euclidean",0.001,0.001,0.001,0.001,0.001,0.229,24,"raw"
"Int-UMAP","Int-Euclidean",0.001,0.004,0.001,0.001,0.001,0.001,24,"raw"
"Int-UMAP","Hausdorff",0.001,0.778,0.001,0.858,0.001,0.478,24,"raw"
"Int-UMAP","Ichino-Yaguchi",0.001,0.102,0.001,0.27,0.001,0.004,24,"raw"
"Int-UMAP","Wasserstein",0.001,0.225,0.001,0.434,0.001,0.097,24,"raw"
"Int-UMAP","Centers-Euclidean",0.001,0.005,0.001,0.003,0.001,0.001,24,"raw"
"C-PCA","Int-Euclidean",0.001,0.001,0.001,0.026,0.001,0.001,24,"minP"
"C-PCA","Hausdorff",0.001,0.001,0.001,0.001,0.001,0.001,24,"minP"
"C-PCA","Ichino-Yaguchi",0.001,0.001,0.001,0.001,0.001,0.001,24,"minP"
"C-PCA","Wasserstein",0.001,0.001,0.001,0.001,0.001,0.001,24,"minP"
"C-PCA","Centers-Euclidean",0.001,0.001,0.001,0.001,0.001,0.001,24,"minP"
"V-PCA","Int-Euclidean",0.001,0.001,0.001,0.037,0.001,0.001,24,"minP"
"V-PCA","Hausdorff",0.001,0.001,0.001,0.001,0.001,0.001,24,"minP"
"V-PCA","Ichino-Yaguchi",0.001,0.001,0.001,0.001,0.001,0.001,24,"minP"
"V-PCA","Wasserstein",0.001,0.001,0.001,0.001,0.001,0.001,24,"minP"
"V-PCA","Centers-Euclidean",0.001,0.001,0.001,0.001,0.001,0.001,24,"minP"
"MR-PCA","Int-Euclidean",0.001,0.001,0.001,0.001,0.001,0.001,24,"minP"
"MR-PCA","Hausdorff",0.001,0.001,0.001,0.001,0.001,0.001,24,"minP"
"MR-PCA","Ichino-Yaguchi",0.001,0.001,0.001,0.001,0.001,0.001,24,"minP"
"MR-PCA","Wasserstein",0.001,0.001,0.001,0.001,0.001,0.001,24,"minP"
"MR-PCA","Centers-Euclidean",0.001,0.001,0.001,0.001,0.001,0.001,24,"minP"
"SPCA","Int-Euclidean",0.001,0.001,0.001,0.024,0.001,0.001,24,"minP"
"SPCA","Hausdorff",0.001,0.001,0.001,0.001,0.001,0.001,24,"minP"
"SPCA","Ichino-Yaguchi",0.001,0.001,0.001,0.001,0.001,0.001,24,"minP"
"SPCA","Wasserstein",0.001,0.001,0.001,0.001,0.001,0.001,24,"minP"
"SPCA","Centers-Euclidean",0.001,0.001,0.001,0.001,0.001,0.001,24,"minP"
"IMDS","Int-Euclidean",0.669,0.618,0.282,0.444,0.001,0.869,24,"minP"
"IMDS","Hausdorff",0.001,0.001,0.001,0.001,0.001,0.747,24,"minP"
"IMDS","Ichino-Yaguchi",0.001,0.001,0.001,0.001,0.001,0.655,24,"minP"
"IMDS","Wasserstein",0.001,0.001,0.001,0.001,0.001,0.901,24,"minP"
"IMDS","Centers-Euclidean",0.001,0.001,0.001,0.001,0.001,0.796,24,"minP"
"Int-UMAP","Int-Euclidean",0.001,0.024,0.001,0.001,0.001,0.001,24,"minP"
"Int-UMAP","Hausdorff",0.001,1,0.001,1,0.001,0.978,24,"minP"
"Int-UMAP","Ichino-Yaguchi",0.001,0.412,0.001,0.787,0.001,0.027,24,"minP"
"Int-UMAP","Wasserstein",0.001,0.69,0.001,0.933,0.001,0.491,24,"minP"
"Int-UMAP","Centers-Euclidean",0.001,0.029,0.001,0.014,0.001,0.001,24,"minP"
"C-PCA","Int-Euclidean",0.001,0.001,0.001,0.001,0.001,0.001,25,"raw"
"C-PCA","Hausdorff",0.001,0.001,0.001,0.001,0.001,0.001,25,"raw"
"C-PCA","Ichino-Yaguchi",0.001,0.001,0.001,0.001,0.001,0.001,25,"raw"
"C-PCA","Wasserstein",0.001,0.001,0.001,0.001,0.001,0.001,25,"raw"
"C-PCA","Centers-Euclidean",0.001,0.001,0.001,0.001,0.001,0.001,25,"raw"
"V-PCA","Int-Euclidean",0.001,0.002,0.001,0.001,0.001,0.001,25,"raw"
"V-PCA","Hausdorff",0.001,0.001,0.001,0.001,0.001,0.001,25,"raw"
"V-PCA","Ichino-Yaguchi",0.001,0.001,0.001,0.001,0.001,0.001,25,"raw"
"V-PCA","Wasserstein",0.001,0.001,0.001,0.001,0.001,0.001,25,"raw"
"V-PCA","Centers-Euclidean",0.001,0.001,0.001,0.001,0.001,0.001,25,"raw"
"MR-PCA","Int-Euclidean",0.001,0.001,0.001,0.001,0.001,0.001,25,"raw"
"MR-PCA","Hausdorff",0.001,0.001,0.001,0.001,0.001,0.001,25,"raw"
"MR-PCA","Ichino-Yaguchi",0.001,0.001,0.001,0.001,0.001,0.001,25,"raw"
"MR-PCA","Wasserstein",0.001,0.001,0.001,0.001,0.001,0.001,25,"raw"
"MR-PCA","Centers-Euclidean",0.001,0.001,0.001,0.001,0.001,0.001,25,"raw"
"SPCA","Int-Euclidean",0.001,0.001,0.001,0.001,0.001,0.001,25,"raw"
"SPCA","Hausdorff",0.001,0.001,0.001,0.001,0.001,0.001,25,"raw"
"SPCA","Ichino-Yaguchi",0.001,0.001,0.001,0.001,0.001,0.001,25,"raw"
"SPCA","Wasserstein",0.001,0.001,0.001,0.001,0.001,0.001,25,"raw"
"SPCA","Centers-Euclidean",0.001,0.001,0.001,0.001,0.001,0.001,25,"raw"
"IMDS","Int-Euclidean",0.03,0.116,0.007,0.131,0.001,0.131,25,"raw"
"IMDS","Hausdorff",0.001,0.001,0.001,0.001,0.001,1,25,"raw"
"IMDS","Ichino-Yaguchi",0.001,0.001,0.001,0.001,0.001,0.478,25,"raw"
"IMDS","Wasserstein",0.001,0.001,0.001,0.001,0.001,0.758,25,"raw"
"IMDS","Centers-Euclidean",0.001,0.001,0.001,0.001,0.001,0.143,25,"raw"
"Int-UMAP","Int-Euclidean",0.001,0.001,0.001,0.001,0.001,0.001,25,"raw"
"Int-UMAP","Hausdorff",0.001,0.001,0.001,0.002,0.001,0.001,25,"raw"
"Int-UMAP","Ichino-Yaguchi",0.001,0.001,0.001,0.001,0.001,0.002,25,"raw"
"Int-UMAP","Wasserstein",0.001,0.001,0.001,0.001,0.001,0.011,25,"raw"
"Int-UMAP","Centers-Euclidean",0.001,0.001,0.001,0.001,0.001,0.001,25,"raw"
"C-PCA","Int-Euclidean",0.001,0.001,0.001,0.001,0.001,0.001,25,"minP"
"C-PCA","Hausdorff",0.001,0.001,0.001,0.001,0.001,0.001,25,"minP"
"C-PCA","Ichino-Yaguchi",0.001,0.001,0.001,0.001,0.001,0.001,25,"minP"
"C-PCA","Wasserstein",0.001,0.001,0.001,0.001,0.001,0.001,25,"minP"
"C-PCA","Centers-Euclidean",0.001,0.001,0.001,0.001,0.001,0.001,25,"minP"
"V-PCA","Int-Euclidean",0.001,0.006,0.001,0.001,0.001,0.001,25,"minP"
"V-PCA","Hausdorff",0.001,0.001,0.001,0.001,0.001,0.001,25,"minP"
"V-PCA","Ichino-Yaguchi",0.001,0.001,0.001,0.001,0.001,0.001,25,"minP"
"V-PCA","Wasserstein",0.001,0.001,0.001,0.001,0.001,0.001,25,"minP"
"V-PCA","Centers-Euclidean",0.001,0.001,0.001,0.001,0.001,0.001,25,"minP"
"MR-PCA","Int-Euclidean",0.001,0.001,0.001,0.001,0.001,0.001,25,"minP"
"MR-PCA","Hausdorff",0.001,0.001,0.001,0.001,0.001,0.001,25,"minP"
"MR-PCA","Ichino-Yaguchi",0.001,0.001,0.001,0.001,0.001,0.001,25,"minP"
"MR-PCA","Wasserstein",0.001,0.001,0.001,0.001,0.001,0.001,25,"minP"
"MR-PCA","Centers-Euclidean",0.001,0.001,0.001,0.001,0.001,0.001,25,"minP"
"SPCA","Int-Euclidean",0.001,0.001,0.001,0.001,0.001,0.001,25,"minP"
"SPCA","Hausdorff",0.001,0.001,0.001,0.001,0.001,0.001,25,"minP"
"SPCA","Ichino-Yaguchi",0.001,0.001,0.001,0.001,0.001,0.001,25,"minP"
"SPCA","Wasserstein",0.001,0.001,0.001,0.001,0.001,0.001,25,"minP"
"SPCA","Centers-Euclidean",0.001,0.001,0.001,0.001,0.001,0.001,25,"minP"
"IMDS","Int-Euclidean",0.158,0.471,0.045,0.513,0.001,0.591,25,"minP"
"IMDS","Hausdorff",0.001,0.001,0.001,0.001,0.001,1,25,"minP"
"IMDS","Ichino-Yaguchi",0.001,0.001,0.001,0.001,0.001,0.978,25,"minP"
"IMDS","Wasserstein",0.001,0.001,0.001,0.001,0.001,1,25,"minP"
"IMDS","Centers-Euclidean",0.001,0.001,0.001,0.001,0.001,0.63,25,"minP"
"Int-UMAP","Int-Euclidean",0.001,0.001,0.001,0.001,0.001,0.001,25,"minP"
"Int-UMAP","Hausdorff",0.001,0.001,0.001,0.007,0.001,0.001,25,"minP"
"Int-UMAP","Ichino-Yaguchi",0.001,0.001,0.001,0.001,0.001,0.011,25,"minP"
"Int-UMAP","Wasserstein",0.001,0.001,0.001,0.001,0.001,0.071,25,"minP"
"Int-UMAP","Centers-Euclidean",0.001,0.001,0.001,0.001,0.001,0.001,25,"minP"
