"IDR","Metric","Q_TC","B_TC","Q_RE","B_RE","Q_LC","B_LC","rep","kind"
"C-PCA","Int-Euclidean",0.001,0.001,0.001,0.001,0.001,0.001,1,"raw"
"C-PCA","Hausdorff",0.001,0.001,0.001,0.001,0.001,0.001,1,"raw"
"C-PCA","Ichino-Yaguchi",0.001,0.001,0.001,0.001,0.001,0.001,1,"raw"
"C-PCA","Wasserstein",0.001,0.001,0.001,0.001,0.001,0.001,1,"raw"
"C-PCA","Centers-Euclidean",0.001,0.001,0.001,0.001,0.001,0.001,1,"raw"
"V-PCA","Int-Euclidean",0.001,0.001,0.001,0.001,0.001,0.001,1,"raw"
"V-PCA","Hausdorff",0.001,0.001,0.001,0.001,0.001,0.001,1,"raw"
"V-PCA","Ichino-Yaguchi",0.001,0.001,0.001,0.001,0.001,0.001,1,"raw"
"V-PCA","Wasserstein",0.001,0.001,0.001,0.001,0.001,0.001,1,"raw"
"V-PCA","Centers-Euclidean",0.001,0.001,0.001,0.001,0.001,0.001,1,"raw"
"MR-PCA","Int-Euclidean",0.001,0.001,0.001,0.001,0.001,0.001,1,"raw"
"MR-PCA","Hausdorff",0.001,0.001,0.001,0.001,0.001,0.001,1,"raw"
"MR-PCA","Ichino-Yaguchi",0.001,0.001,0.001,0.001,0.001,0.001,1,"raw"
"MR-PCA","Wasserstein",0.001,0.001,0.001,0.001,0.001,0.001,1,"raw"
"MR-PCA","Centers-Euclidean",0.001,0.001,0.001,0.001,0.001,0.001,1,"raw"
"SPCA","Int-Euclidean",0.001,0.001,0.001,0.001,0.001,0.001,1,"raw"
"SPCA","Hausdorff",0.001,0.001,0.001,0.001,0.001,0.001,1,"raw"
"SPCA","Ichino-Yaguchi",0.001,0.001,0.001,0.001,0.001,0.001,1,"raw"
"SPCA","Wasserstein",0.001,0.001,0.001,0.001,0.001,0.001,1,"raw"
"SPCA","Centers-Euclidean",0.001,0.001,0.001,0.001,0.001,0.001,1,"raw"
"IMDS","Int-Euclidean",0.001,0.001,0.001,0.001,0.001,0.001,1,"raw"
"IMDS","Hausdorff",0.001,0.001,0.001,0.001,0.001,0.001,1,"raw"
"IMDS","Ichino-Yaguchi",0.001,0.001,0.001,0.001,0.001,0.001,1,"raw"
"IMDS","Wasserstein",0.001,0.001,0.001,0.001,0.001,0.009,1,"raw"
"IMDS","Centers-Euclidean",0.001,0.001,0.001,0.001,0.001,0.001,1,"raw"
"Int-UMAP","Int-Euclidean",0.001,0.148,0.001,0.927,0.001,0.001,1,"raw"
"Int-UMAP","Hausdorff",0.001,0.037,0.001,0.282,0.001,0.001,1,"raw"
"Int-UMAP","Ichino-Yaguchi",0.001,0.116,0.001,0.523,0.001,0.001,1,"raw"
"Int-UMAP","Wasserstein",0.001,0.066,0.001,0.443,0.001,0.001,1,"raw"
"Int-UMAP","Centers-Euclidean",0.001,0.151,0.001,0.697,0.001,0.001,1,"raw"
"C-PCA","Int-Euclidean",0.001,0.001,0.001,0.001,0.001,0.001,1,"minP"
"C-PCA","Hausdorff",0.001,0.001,0.001,0.001,0.001,0.001,1,"minP"
"C-PCA","Ichino-Yaguchi",0.001,0.001,0.001,0.001,0.001,0.001,1,"minP"
"C-PCA","Wasserstein",0.001,0.001,0.001,0.001,0.001,0.001,1,"minP"
"C-PCA","Centers-Euclidean",0.001,0.001,0.001,0.001,0.001,0.001,1,"minP"
"V-PCA","Int-Euclidean",0.001,0.001,0.001,0.001,0.001,0.001,1,"minP"
"V-PCA","Hausdorff",0.001,0.001,0.001,0.001,0.001,0.001,1,"minP"
"V-PCA","Ichino-Yaguchi",0.001,0.001,0.001,0.001,0.001,0.001,1,"minP"
"V-PCA","Wasserstein",0.001,0.001,0.001,0.001,0.001,0.001,1,"minP"
"V-PCA","Centers-Euclidean",0.001,0.001,0.001,0.001,0.001,0.001,1,"minP"
"MR-PCA","Int-Euclidean",0.001,0.001,0.001,0.001,0.001,0.001,1,"minP"
"MR-PCA","Hausdorff",0.001,0.001,0.001,0.001,0.001,0.001,1,"minP"
"MR-PCA","Ichino-Yaguchi",0.001,0.001,0.001,0.001,0.001,0.001,1,"minP"
"MR-PCA","Wasserstein",0.001,0.001,0.001,0.001,0.001,0.001,1,"minP"
"MR-PCA","Centers-Euclidean",0.001,0.001,0.001,0.001,0.001,0.001,1,"minP"
"SPCA","Int-Euclidean",0.001,0.001,0.001,0.001,0.001,0.001,1,"minP"
"SPCA","Hausdorff",0.001,0.001,0.001,0.001,0.001,0.001,1,"minP"
"SPCA","Ichino-Yaguchi",0.001,0.001,0.001,0.001,0.001,0.001,1,"minP"
"SPCA","Wasserstein",0.001,0.001,0.001,0.001,0.001,0.001,1,"minP"
"SPCA","Centers-Euclidean",0.001,0.001,0.001,0.001,0.001,0.001,1,"minP"
"IMDS","Int-Euclidean",0.001,0.001,0.001,0.001,0.001,0.001,1,"minP"
"IMDS","Hausdorff",0.001,0.001,0.001,0.001,0.001,0.001,1,"minP"
"IMDS","Ichino-Yaguchi",0.001,0.001,0.001,0.001,0.001,0.001,1,"minP"
"IMDS","Wasserstein",0.001,0.001,0.001,0.001,0.001,0.058,1,"minP"
"IMDS","Centers-Euclidean",0.001,0.001,0.001,0.001,0.001,0.001,1,"minP"
"Int-UMAP","Int-Euclidean",0.001,0.316,0.001,1,0.001,0.001,1,"minP"
"Int-UMAP","Hausdorff",0.001,0.096,0.001,0.552,0.001,0.001,1,"minP"
"Int-UMAP","Ichino-Yaguchi",0.001,0.261,0.001,0.844,0.001,0.001,1,"minP"
"Int-UMAP","Wasserstein",0.001,0.156,0.001,0.771,0.001,0.001,1,"minP"
"Int-UMAP","Centers-Euclidean",0.001,0.322,0.001,0.96,0.001,0.001,1,"minP"
"C-PCA","Int-Euclidean",0.001,0.001,0.001,0.001,0.001,0.001,2,"raw"
"C-PCA","Hausdorff",0.001,0.001,0.001,0.001,0.001,0.001,2,"raw"
"C-PCA","Ichino-Yaguchi",0.001,0.001,0.001,0.001,0.001,0.001,2,"raw"
"C-PCA","Wasserstein",0.001,0.001,0.001,0.001,0.001,0.001,2,"raw"
"C-PCA","Centers-Euclidean",0.001,0.001,0.001,0.001,0.001,0.001,2,"raw"
"V-PCA","Int-Euclidean",0.001,0.001,0.001,0.001,0.001,0.001,2,"raw"
"V-PCA","Hausdorff",0.001,0.001,0.001,0.001,0.001,0.001,2,"raw"
"V-PCA","Ichino-Yaguchi",0.001,0.001,0.001,0.001,0.001,0.001,2,"raw"
"V-PCA","Wasserstein",0.001,0.001,0.001,0.001,0.001,0.001,2,"raw"
"V-PCA","Centers-Euclidean",0.001,0.001,0.001,0.001,0.001,0.001,2,"raw"
"MR-PCA","Int-Euclidean",0.001,0.001,0.001,0.001,0.001,0.001,2,"raw"
"MR-PCA","Hausdorff",0.001,0.001,0.001,0.001,0.001,0.001,2,"raw"
"MR-PCA","Ichino-Yaguchi",0.001,0.001,0.001,0.001,0.001,0.001,2,"raw"
"MR-PCA","Wasserstein",0.001,0.001,0.001,0.001,0.001,0.001,2,"raw"
"MR-PCA","Centers-Euclidean",0.001,0.001,0.001,0.001,0.001,0.001,2,"raw"
"SPCA","Int-Euclidean",0.001,0.001,0.001,0.001,0.001,0.001,2,"raw"
"SPCA","Hausdorff",0.001,0.001,0.001,0.001,0.001,0.001,2,"raw"
"SPCA","Ichino-Yaguchi",0.001,0.001,0.001,0.001,0.001,0.001,2,"raw"
"SPCA","Wasserstein",0.001,0.001,0.001,0.001,0.001,0.001,2,"raw"
"SPCA","Centers-Euclidean",0.001,0.001,0.001,0.001,0.001,0.001,2,"raw"
"IMDS","Int-Euclidean",0.001,0.001,0.001,0.001,0.001,0.559,2,"raw"
"IMDS","Hausdorff",0.001,0.004,0.001,0.001,0.001,0.001,2,"raw"
"IMDS","Ichino-Yaguchi",0.001,0.067,0.001,0.003,0.001,0.001,2,"raw"
"IMDS","Wasserstein",0.001,0.001,0.001,0.001,0.001,0.001,2,"raw"
"IMDS","Centers-Euclidean",0.001,0.001,0.001,0.001,0.001,0.001,2,"raw"
"Int-UMAP","Int-Euclidean",0.001,0.001,0.001,0.036,0.001,0.001,2,"raw"
"Int-UMAP","Hausdorff",0.001,0.011,0.001,0.157,0.001,0.001,2,"raw"
"Int-UMAP","Ichino-Yaguchi",0.001,0.002,0.001,0.115,0.001,0.001,2,"raw"
"Int-UMAP","Wasserstein",0.001,0.005,0.001,0.119,0.001,0.001,2,"raw"
"Int-UMAP","Centers-Euclidean",0.001,0.003,0.001,0.075,0.001,0.001,2,"raw"
"C-PCA","Int-Euclidean",0.001,0.001,0.001,0.001,0.001,0.001,2,"minP"
"C-PCA","Hausdorff",0.001,0.001,0.001,0.001,0.001,0.001,2,"minP"
"C-PCA","Ichino-Yaguchi",0.001,0.001,0.001,0.001,0.001,0.001,2,"minP"
"C-PCA","Wasserstein",0.001,0.001,0.001,0.001,0.001,0.001,2,"minP"
"C-PCA","Centers-Euclidean",0.001,0.001,0.001,0.001,0.001,0.001,2,"minP"
"V-PCA","Int-Euclidean",0.001,0.001,0.001,0.001,0.001,0.001,2,"minP"
"V-PCA","Hausdorff",0.001,0.001,0.001,0.001,0.001,0.001,2,"minP"
"V-PCA","Ichino-Yaguchi",0.001,0.001,0.001,0.001,0.001,0.001,2,"minP"
"V-PCA","Wasserstein",0.001,0.001,0.001,0.001,0.001,0.001,2,"minP"
"V-PCA","Centers-Euclidean",0.001,0.001,0.001,0.001,0.001,0.001,2,"minP"
"MR-PCA","Int-Euclidean",0.001,0.001,0.001,0.001,0.001,0.001,2,"minP"
"MR-PCA","Hausdorff",0.001,0.001,0.001,0.001,0.001,0.001,2,"minP"
"MR-PCA","Ichino-Yaguchi",0.001,0.001,0.001,0.001,0.001,0.001,2,"minP"
"MR-PCA","Wasserstein",0.001,0.001,0.001,0.001,0.001,0.001,2,"minP"
"MR-PCA","Centers-Euclidean",0.001,0.001,0.001,0.001,0.001,0.001,2,"minP"
"SPCA","Int-Euclidean",0.001,0.001,0.001,0.001,0.001,0.001,2,"minP"
"SPCA","Hausdorff",0.001,0.001,0.001,0.001,0.001,0.001,2,"minP"
"SPCA","Ichino-Yaguchi",0.001,0.001,0.001,0.001,0.001,0.001,2,"minP"
"SPCA","Wasserstein",0.001,0.001,0.001,0.001,0.001,0.001,2,"minP"
"SPCA","Centers-Euclidean",0.001,0.001,0.001,0.001,0.001,0.001,2,"minP"
"IMDS","Int-Euclidean",0.001,0.001,0.001,0.001,0.001,0.993,2,"minP"
"IMDS","Hausdorff",0.001,0.024,0.001,0.001,0.001,0.001,2,"minP"
"IMDS","Ichino-Yaguchi",0.001,0.323,0.001,0.014,0.001,0.001,2,"minP"
"IMDS","Wasserstein",0.001,0.001,0.001,0.001,0.001,0.001,2,"minP"
"IMDS","Centers-Euclidean",0.001,0.001,0.001,0.001,0.001,0.001,2,"minP"
"Int-UMAP","Int-Euclidean",0.001,0.001,0.001,0.096,0.001,0.001,2,"minP"
"Int-UMAP","Hausdorff",0.001,0.024,0.001,0.364,0.001,0.001,2,"minP"
"Int-UMAP","Ichino-Yaguchi",0.001,0.005,0.001,0.275,0.001,0.001,2,"minP"
"Int-UMAP","Wasserstein",0.001,0.013,0.001,0.283,0.001,0.001,2,"minP"
"Int-UMAP","Centers-Euclidean",0.001,0.008,0.001,0.192,0.001,0.001,2,"minP"
"C-PCA","Int-Euclidean",0.001,0.001,0.001,0.001,0.001,0.001,3,"raw"
"C-PCA","Hausdorff",0.001,0.001,0.001,0.001,0.001,0.001,3,"raw"
"C-PCA","Ichino-Yaguchi",0.001,0.001,0.001,0.001,0.001,0.001,3,"raw"
"C-PCA","Wasserstein",0.001,0.001,0.001,0.001,0.001,0.001,3,"raw"
"C-PCA","Centers-Euclidean",0.001,0.001,0.001,0.001,0.001,0.001,3,"raw"
"V-PCA","Int-Euclidean",0.001,0.001,0.001,0.001,0.001,0.001,3,"raw"
"V-PCA","Hausdorff",0.001,0.001,0.001,0.001,0.001,0.001,3,"raw"
"V-PCA","Ichino-Yaguchi",0.001,0.001,0.001,0.001,0.001,0.001,3,"raw"
"V-PCA","Wasserstein",0.001,0.001,0.001,0.001,0.001,0.001,3,"raw"
"V-PCA","Centers-Euclidean",0.001,0.001,0.001,0.001,0.001,0.001,3,"raw"
"MR-PCA","Int-Euclidean",0.001,0.001,0.001,0.001,0.001,0.001,3,"raw"
"MR-PCA","Hausdorff",0.001,0.001,0.001,0.001,0.001,0.001,3,"raw"
"MR-PCA","Ichino-Yaguchi",0.001,0.001,0.001,0.001,0.001,0.001,3,"raw"
"MR-PCA","Wasserstein",0.001,0.001,0.001,0.001,0.001,0.001,3,"raw"
"MR-PCA","Centers-Euclidean",0.001,0.001,0.001,0.001,0.001,0.001,3,"raw"
"SPCA","Int-Euclidean",0.001,0.001,0.001,0.001,0.001,0.001,3,"raw"
"SPCA","Hausdorff",0.001,0.001,0.001,0.001,0.001,0.001,3,"raw"
"SPCA","Ichino-Yaguchi",0.001,0.001,0.001,0.001,0.001,0.001,3,"raw"
"SPCA","Wasserstein",0.001,0.001,0.001,0.001,0.001,0.001,3,"raw"
"SPCA","Centers-Euclidean",0.001,0.001,0.001,0.001,0.001,0.001,3,"raw"
"IMDS","Int-Euclidean",0.001,0.001,0.001,0.001,0.001,0.429,3,"raw"
"IMDS","Hausdorff",0.001,0.001,0.001,0.001,0.001,0.001,3,"raw"
"IMDS","Ichino-Yaguchi",0.001,0.001,0.001,0.001,0.001,0.482,3,"raw"
"IMDS","Wasserstein",0.001,0.001,0.001,0.001,0.001,0.026,3,"raw"
"IMDS","Centers-Euclidean",0.001,0.001,0.001,0.001,0.001,0.001,3,"raw"
"Int-UMAP","Int-Euclidean",0.001,0.001,0.001,0.002,0.001,0.001,3,"raw"
"Int-UMAP","Hausdorff",0.001,0.001,0.001,0.005,0.001,0.001,3,"raw"
"Int-UMAP","Ichino-Yaguchi",0.001,0.001,0.001,0.003,0.001,0.001,3,"raw"
"Int-UMAP","Wasserstein",0.001,0.001,0.001,0.002,0.001,0.001,3,"raw"
"Int-UMAP","Centers-Euclidean",0.001,0.001,0.001,0.001,0.001,0.001,3,"raw"
"C-PCA","Int-Euclidean",0.001,0.001,0.001,0.001,0.001,0.001,3,"minP"
"C-PCA","Hausdorff",0.001,0.001,0.001,0.001,0.001,0.001,3,"minP"
"C-PCA","Ichino-Yaguchi",0.001,0.001,0.001,0.001,0.001,0.001,3,"minP"
"C-PCA","Wasserstein",0.001,0.001,0.001,0.001,0.001,0.001,3,"minP"
"C-PCA","Centers-Euclidean",0.001,0.001,0.001,0.001,0.001,0.001,3,"minP"
"V-PCA","Int-Euclidean",0.001,0.001,0.001,0.001,0.001,0.001,3,"minP"
"V-PCA","Hausdorff",0.001,0.001,0.001,0.001,0.001,0.001,3,"minP"
"V-PCA","Ichino-Yaguchi",0.001,0.001,0.001,0.001,0.001,0.001,3,"minP"
"V-PCA","Wasserstein",0.001,0.001,0.001,0.001,0.001,0.001,3,"minP"
"V-PCA","Centers-Euclidean",0.001,0.001,0.001,0.001,0.001,0.001,3,"minP"
"MR-PCA","Int-Euclidean",0.001,0.001,0.001,0.001,0.001,0.001,3,"minP"
"MR-PCA","Hausdorff",0.001,0.001,0.001,0.001,0.001,0.001,3,"minP"
"MR-PCA","Ichino-Yaguchi",0.001,0.001,0.001,0.001,0.001,0.001,3,"minP"
"MR-PCA","Wasserstein",0.001,0.001,0.001,0.001,0.001,0.001,3,"minP"
"MR-PCA","Centers-Euclidean",0.001,0.001,0.001,0.001,0.001,0.001,3,"minP"
"SPCA","Int-Euclidean",0.001,0.001,0.001,0.001,0.001,0.001,3,"minP"
"SPCA","Hausdorff",0.001,0.001,0.001,0.001,0.001,0.001,3,"minP"
"SPCA","Ichino-Yaguchi",0.001,0.001,0.001,0.001,0.001,0.001,3,"minP"
"SPCA","Wasserstein",0.001,0.001,0.001,0.001,0.001,0.001,3,"minP"
"SPCA","Centers-Euclidean",0.001,0.001,0.001,0.001,0.001,0.001,3,"minP"
"IMDS","Int-Euclidean",0.001,0.001,0.001,0.001,0.001,0.966,3,"minP"
"IMDS","Hausdorff",0.001,0.001,0.001,0.001,0.001,0.001,3,"minP"
"IMDS","Ichino-Yaguchi",0.001,0.001,0.001,0.001,0.001,0.98,3,"minP"
"IMDS","Wasserstein",0.001,0.001,0.001,0.001,0.001,0.169,3,"minP"
"IMDS","Centers-Euclidean",0.001,0.001,0.001,0.001,0.001,0.001,3,"minP"
"Int-UMAP","Int-Euclidean",0.001,0.001,0.001,0.005,0.001,0.001,3,"minP"
"Int-UMAP","Hausdorff",0.001,0.001,0.001,0.017,0.001,0.001,3,"minP"
"Int-UMAP","Ichino-Yaguchi",0.001,0.001,0.001,0.011,0.001,0.001,3,"minP"
"Int-UMAP","Wasserstein",0.001,0.001,0.001,0.005,0.001,0.001,3,"minP"
"Int-UMAP","Centers-Euclidean",0.001,0.001,0.001,0.001,0.001,0.001,3,"minP"
"C-PCA","Int-Euclidean",0.001,0.001,0.001,0.001,0.001,0.001,4,"raw"
"C-PCA","Hausdorff",0.001,0.001,0.001,0.001,0.001,0.001,4,"raw"
"C-PCA","Ichino-Yaguchi",0.001,0.001,0.001,0.001,0.001,0.001,4,"raw"
"C-PCA","Wasserstein",0.001,0.001,0.001,0.001,0.001,0.001,4,"raw"
"C-PCA","Centers-Euclidean",0.001,0.001,0.001,0.001,0.001,0.001,4,"raw"
"V-PCA","Int-Euclidean",0.001,0.001,0.001,0.001,0.001,0.001,4,"raw"
"V-PCA","Hausdorff",0.001,0.001,0.001,0.001,0.001,0.001,4,"raw"
"V-PCA","Ichino-Yaguchi",0.001,0.001,0.001,0.001,0.001,0.001,4,"raw"
"V-PCA","Wasserstein",0.001,0.001,0.001,0.001,0.001,0.001,4,"raw"
"V-PCA","Centers-Euclidean",0.001,0.001,0.001,0.001,0.001,0.001,4,"raw"
"MR-PCA","Int-Euclidean",0.001,0.001,0.001,0.001,0.001,0.001,4,"raw"
"MR-PCA","Hausdorff",0.001,0.001,0.001,0.001,0.001,0.001,4,"raw"
"MR-PCA","Ichino-Yaguchi",0.001,0.001,0.001,0.001,0.001,0.001,4,"raw"
"MR-PCA","Wasserstein",0.001,0.001,0.001,0.001,0.001,0.001,4,"raw"
"MR-PCA","Centers-Euclidean",0.001,0.001,0.001,0.001,0.001,0.001,4,"raw"
"SPCA","Int-Euclidean",0.001,0.001,0.001,0.001,0.001,0.001,4,"raw"
"SPCA","Hausdorff",0.001,0.001,0.001,0.001,0.001,0.001,4,"raw"
"SPCA","Ichino-Yaguchi",0.001,0.001,0.001,0.001,0.001,0.001,4,"raw"
"SPCA","Wasserstein",0.001,0.001,0.001,0.001,0.001,0.001,4,"raw"
"SPCA","Centers-Euclidean",0.001,0.001,0.001,0.001,0.001,0.001,4,"raw"
"IMDS","Int-Euclidean",0.001,0.001,0.001,0.001,0.001,0.896,4,"raw"
"IMDS","Hausdorff",0.001,0.001,0.001,0.001,0.001,0.311,4,"raw"
"IMDS","Ichino-Yaguchi",0.001,0.001,0.001,0.001,0.001,0.26,4,"raw"
"IMDS","Wasserstein",0.001,0.001,0.001,0.001,0.001,0.318,4,"raw"
"IMDS","Centers-Euclidean",0.001,0.001,0.001,0.001,0.001,0.003,4,"raw"
"Int-UMAP","Int-Euclidean",0.001,0.002,0.001,0.024,0.001,0.001,4,"raw"
"Int-UMAP","Hausdorff",0.001,0.002,0.001,0.025,0.001,0.001,4,"raw"
"Int-UMAP","Ichino-Yaguchi",0.001,0.001,0.001,0.036,0.001,0.001,4,"raw"
"Int-UMAP","Wasserstein",0.001,0.002,0.001,0.034,0.001,0.001,4,"raw"
"Int-UMAP","Centers-Euclidean",0.001,0.002,0.001,0.036,0.001,0.001,4,"raw"
"C-PCA","Int-Euclidean",0.001,0.001,0.001,0.001,0.001,0.001,4,"minP"
"C-PCA","Hausdorff",0.001,0.001,0.001,0.001,0.001,0.001,4,"minP"
"C-PCA","Ichino-Yaguchi",0.001,0.001,0.001,0.001,0.001,0.001,4,"minP"
"C-PCA","Wasserstein",0.001,0.001,0.001,0.001,0.001,0.001,4,"minP"
"C-PCA","Centers-Euclidean",0.001,0.001,0.001,0.001,0.001,0.001,4,"minP"
"V-PCA","Int-Euclidean",0.001,0.001,0.001,0.001,0.001,0.001,4,"minP"
"V-PCA","Hausdorff",0.001,0.001,0.001,0.001,0.001,0.001,4,"minP"
"V-PCA","Ichino-Yaguchi",0.001,0.001,0.001,0.001,0.001,0.001,4,"minP"
"V-PCA","Wasserstein",0.001,0.001,0.001,0.001,0.001,0.001,4,"minP"
"V-PCA","Centers-Euclidean",0.001,0.001,0.001,0.001,0.001,0.001,4,"minP"
"MR-PCA","Int-Euclidean",0.001,0.001,0.001,0.001,0.001,0.001,4,"minP"
"MR-PCA","Hausdorff",0.001,0.001,0.001,0.001,0.001,0.001,4,"minP"
"MR-PCA","Ichino-Yaguchi",0.001,0.001,0.001,0.001,0.001,0.001,4,"minP"
"MR-PCA","Wasserstein",0.001,0.001,0.001,0.001,0.001,0.001,4,"minP"
"MR-PCA","Centers-Euclidean",0.001,0.001,0.001,0.001,0.001,0.001,4,"minP"
"SPCA","Int-Euclidean",0.001,0.001,0.001,0.001,0.001,0.001,4,"minP"
"SPCA","Hausdorff",0.001,0.001,0.001,0.001,0.001,0.001,4,"minP"
"SPCA","Ichino-Yaguchi",0.001,0.001,0.001,0.001,0.001,0.001,4,"minP"
"SPCA","Wasserstein",0.001,0.001,0.001,0.001,0.001,0.001,4,"minP"
"SPCA","Centers-Euclidean",0.001,0.001,0.001,0.001,0.001,0.001,4,"minP"
"IMDS","Int-Euclidean",0.001,0.001,0.001,0.001,0.001,1,4,"minP"
"IMDS","Hausdorff",0.001,0.001,0.001,0.001,0.001,0.901,4,"minP"
"IMDS","Ichino-Yaguchi",0.001,0.001,0.001,0.001,0.001,0.85,4,"minP"
"IMDS","Wasserstein",0.001,0.001,0.001,0.001,0.001,0.908,4,"minP"
"IMDS","Centers-Euclidean",0.001,0.001,0.001,0.001,0.001,0.017,4,"minP"
"Int-UMAP","Int-Euclidean",0.001,0.004,0.001,0.061,0.001,0.001,4,"minP"
"Int-UMAP","Hausdorff",0.001,0.004,0.001,0.064,0.001,0.001,4,"minP"
"Int-UMAP","Ichino-Yaguchi",0.001,0.001,0.001,0.094,0.001,0.001,4,"minP"
"Int-UMAP","Wasserstein",0.001,0.004,0.001,0.091,0.001,0.001,4,"minP"
"Int-UMAP","Centers-Euclidean",0.001,0.004,0.001,0.094,0.001,0.001,4,"minP"
"C-PCA","Int-Euclidean",0.001,0.001,0.001,0.001,0.001,0.001,5,"raw"
"C-PCA","Hausdorff",0.001,0.001,0.001,0.001,0.001,0.001,5,"raw"
"C-PCA","Ichino-Yaguchi",0.001,0.001,0.001,0.001,0.001,0.001,5,"raw"
"C-PCA","Wasserstein",0.001,0.001,0.001,0.001,0.001,0.001,5,"raw"
"C-PCA","Centers-Euclidean",0.001,0.001,0.001,0.001,0.001,0.001,5,"raw"
"V-PCA","Int-Euclidean",0.001,0.001,0.001,0.001,0.001,0.001,5,"raw"
"V-PCA","Hausdorff",0.001,0.001,0.001,0.001,0.001,0.001,5,"raw"
"V-PCA","Ichino-Yaguchi",0.001,0.001,0.001,0.001,0.001,0.001,5,"raw"
"V-PCA","Wasserstein",0.001,0.001,0.001,0.001,0.001,0.001,5,"raw"
"V-PCA","Centers-Euclidean",0.001,0.001,0.001,0.001,0.001,0.001,5,"raw"
"MR-PCA","Int-Euclidean",0.001,0.001,0.001,0.001,0.001,0.001,5,"raw"
"MR-PCA","Hausdorff",0.001,0.001,0.001,0.001,0.001,0.001,5,"raw"
"MR-PCA","Ichino-Yaguchi",0.001,0.001,0.001,0.001,0.001,0.001,5,"raw"
"MR-PCA","Wasserstein",0.001,0.001,0.001,0.001,0.001,0.001,5,"raw"
"MR-PCA","Centers-Euclidean",0.001,0.001,0.001,0.001,0.001,0.001,5,"raw"
"SPCA","Int-Euclidean",0.001,0.001,0.001,0.001,0.001,0.001,5,"raw"
"SPCA","Hausdorff",0.001,0.001,0.001,0.001,0.001,0.001,5,"raw"
"SPCA","Ichino-Yaguchi",0.001,0.001,0.001,0.001,0.001,0.001,5,"raw"
"SPCA","Wasserstein",0.001,0.001,0.001,0.001,0.001,0.001,5,"raw"
"SPCA","Centers-Euclidean",0.001,0.001,0.001,0.001,0.001,0.001,5,"raw"
"IMDS","Int-Euclidean",0.001,0.001,0.001,0.001,0.001,0.078,5,"raw"
"IMDS","Hausdorff",0.001,0.07,0.001,0.002,0.001,0.046,5,"raw"
"IMDS","Ichino-Yaguchi",0.001,0.146,0.001,0.039,0.001,1,5,"raw"
"IMDS","Wasserstein",0.001,0.001,0.001,0.001,0.001,0.372,5,"raw"
"IMDS","Centers-Euclidean",0.001,0.001,0.001,0.001,0.001,0.547,5,"raw"
"Int-UMAP","Int-Euclidean",0.001,0.189,0.001,0.442,0.001,0.001,5,"raw"
"Int-UMAP","Hausdorff",0.001,0.454,0.001,0.79,0.001,0.001,5,"raw"
"Int-UMAP","Ichino-Yaguchi",0.001,0.162,0.001,0.564,0.001,0.001,5,"raw"
"Int-UMAP","Wasserstein",0.001,0.307,0.001,0.695,0.001,0.001,5,"raw"
"Int-UMAP","Centers-Euclidean",0.001,0.187,0.001,0.622,0.001,0.001,5,"raw"
"C-PCA","Int-Euclidean",0.001,0.001,0.001,0.001,0.001,0.001,5,"minP"
"C-PCA","Hausdorff",0.001,0.001,0.001,0.001,0.001,0.001,5,"minP"
"C-PCA","Ichino-Yaguchi",0.001,0.001,0.001,0.001,0.001,0.001,5,"minP"
"C-PCA","Wasserstein",0.001,0.001,0.001,0.001,0.001,0.001,5,"minP"
"C-PCA","Centers-Euclidean",0.001,0.001,0.001,0.001,0.001,0.001,5,"minP"
"V-PCA","Int-Euclidean",0.001,0.001,0.001,0.001,0.001,0.001,5,"minP"
"V-PCA","Hausdorff",0.001,0.001,0.001,0.001,0.001,0.001,5,"minP"
"V-PCA","Ichino-Yaguchi",0.001,0.001,0.001,0.001,0.001,0.001,5,"minP"
"V-PCA","Wasserstein",0.001,0.001,0.001,0.001,0.001,0.001,5,"minP"
"V-PCA","Centers-Euclidean",0.001,0.001,0.001,0.001,0.001,0.001,5,"minP"
"MR-PCA","Int-Euclidean",0.001,0.001,0.001,0.001,0.001,0.001,5,"minP"
"MR-PCA","Hausdorff",0.001,0.001,0.001,0.001,0.001,0.001,5,"minP"
"MR-PCA","Ichino-Yaguchi",0.001,0.001,0.001,0.001,0.001,0.001,5,"minP"
"MR-PCA","Wasserstein",0.001,0.001,0.001,0.001,0.001,0.001,5,"minP"
"MR-PCA","Centers-Euclidean",0.001,0.001,0.001,0.001,0.001,0.001,5,"minP"
"SPCA","Int-Euclidean",0.001,0.001,0.001,0.001,0.001,0.001,5,"minP"
"SPCA","Hausdorff",0.001,0.001,0.001,0.001,0.001,0.001,5,"minP"
"SPCA","Ichino-Yaguchi",0.001,0.001,0.001,0.001,0.001,0.001,5,"minP"
"SPCA","Wasserstein",0.001,0.001,0.001,0.001,0.001,0.001,5,"minP"
"SPCA","Centers-Euclidean",0.001,0.001,0.001,0.001,0.001,0.001,5,"minP"
"IMDS","Int-Euclidean",0.001,0.001,0.001,0.001,0.001,0.386,5,"minP"
"IMDS","Hausdorff",0.001,0.341,0.001,0.008,0.001,0.254,5,"minP"
"IMDS","Ichino-Yaguchi",0.001,0.592,0.001,0.203,0.001,1,5,"minP"
"IMDS","Wasserstein",0.001,0.001,0.001,0.001,0.001,0.939,5,"minP"
"IMDS","Centers-Euclidean",0.001,0.001,0.001,0.001,0.001,0.988,5,"minP"
"Int-UMAP","Int-Euclidean",0.001,0.415,0.001,0.768,0.001,0.001,5,"minP"
"Int-UMAP","Hausdorff",0.001,0.761,0.001,0.989,0.001,0.001,5,"minP"
"Int-UMAP","Ichino-Yaguchi",0.001,0.368,0.001,0.885,0.001,0.001,5,"minP"
"Int-UMAP","Wasserstein",0.001,0.585,0.001,0.951,0.001,0.001,5,"minP"
"Int-UMAP","Centers-Euclidean",0.001,0.412,0.001,0.914,0.001,0.001,5,"minP"
"C-PCA","Int-Euclidean",0.001,0.001,0.001,0.001,0.001,0.001,6,"raw"
"C-PCA","Hausdorff",0.001,0.001,0.001,0.001,0.001,0.001,6,"raw"
"C-PCA","Ichino-Yaguchi",0.001,0.001,0.001,0.001,0.001,0.001,6,"raw"
"C-PCA","Wasserstein",0.001,0.001,0.001,0.001,0.001,0.001,6,"raw"
"C-PCA","Centers-Euclidean",0.001,0.001,0.001,0.001,0.001,0.001,6,"raw"
"V-PCA","Int-Euclidean",0.001,0.001,0.001,0.001,0.001,0.001,6,"raw"
"V-PCA","Hausdorff",0.001,0.001,0.001,0.001,0.001,0.001,6,"raw"
"V-PCA","Ichino-Yaguchi",0.001,0.001,0.001,0.001,0.001,0.001,6,"raw"
"V-PCA","Wasserstein",0.001,0.001,0.001,0.001,0.001,0.001,6,"raw"
"V-PCA","Centers-Euclidean",0.001,0.001,0.001,0.001,0.001,0.001,6,"raw"
"MR-PCA","Int-Euclidean",0.001,0.001,0.001,0.001,0.001,0.001,6,"raw"
"MR-PCA","Hausdorff",0.001,0.001,0.001,0.001,0.001,0.001,6,"raw"
"MR-PCA","Ichino-Yaguchi",0.001,0.001,0.001,0.001,0.001,0.001,6,"raw"
"MR-PCA","Wasserstein",0.001,0.001,0.001,0.001,0.001,0.001,6,"raw"
"MR-PCA","Centers-Euclidean",0.001,0.001,0.001,0.001,0.001,0.001,6,"raw"
"SPCA","Int-Euclidean",0.001,0.001,0.001,0.001,0.001,0.001,6,"raw"
"SPCA","Hausdorff",0.001,0.001,0.001,0.001,0.001,0.001,6,"raw"
"SPCA","Ichino-Yaguchi",0.001,0.001,0.001,0.001,0.001,0.001,6,"raw"
"SPCA","Wasserstein",0.001,0.001,0.001,0.001,0.001,0.001,6,"raw"
"SPCA","Centers-Euclidean",0.001,0.001,0.001,0.001,0.001,0.001,6,"raw"
"IMDS","Int-Euclidean",0.001,0.001,0.001,0.001,0.001,0.702,6,"raw"
"IMDS","Hausdorff",0.001,0.825,0.001,0.002,0.001,0.036,6,"raw"
"IMDS","Ichino-Yaguchi",0.001,0.116,0.001,0.109,0.001,0.034,6,"raw"
"IMDS","Wasserstein",0.001,0.006,0.001,0.001,0.001,0.01,6,"raw"
"IMDS","Centers-Euclidean",0.001,0.001,0.001,0.001,0.001,0.129,6,"raw"
"Int-UMAP","Int-Euclidean",0.001,0.001,0.001,0.016,0.001,0.001,6,"raw"
"Int-UMAP","Hausdorff",0.001,0.001,0.001,0.072,0.001,0.001,6,"raw"
"Int-UMAP","Ichino-Yaguchi",0.001,0.001,0.001,0.063,0.001,0.001,6,"raw"
"Int-UMAP","Wasserstein",0.001,0.001,0.001,0.035,0.001,0.001,6,"raw"
"Int-UMAP","Centers-Euclidean",0.001,0.001,0.001,0.025,0.001,0.001,6,"raw"
"C-PCA","Int-Euclidean",0.001,0.001,0.001,0.001,0.001,0.001,6,"minP"
"C-PCA","Hausdorff",0.001,0.001,0.001,0.001,0.001,0.001,6,"minP"
"C-PCA","Ichino-Yaguchi",0.001,0.001,0.001,0.001,0.001,0.001,6,"minP"
"C-PCA","Wasserstein",0.001,0.001,0.001,0.001,0.001,0.001,6,"minP"
"C-PCA","Centers-Euclidean",0.001,0.001,0.001,0.001,0.001,0.001,6,"minP"
"V-PCA","Int-Euclidean",0.001,0.001,0.001,0.001,0.001,0.001,6,"minP"
"V-PCA","Hausdorff",0.001,0.001,0.001,0.001,0.001,0.001,6,"minP"
"V-PCA","Ichino-Yaguchi",0.001,0.001,0.001,0.001,0.001,0.001,6,"minP"
"V-PCA","Wasserstein",0.001,0.001,0.001,0.001,0.001,0.001,6,"minP"
"V-PCA","Centers-Euclidean",0.001,0.001,0.001,0.001,0.001,0.001,6,"minP"
"MR-PCA","Int-Euclidean",0.001,0.001,0.001,0.001,0.001,0.001,6,"minP"
"MR-PCA","Hausdorff",0.001,0.001,0.001,0.001,0.001,0.001,6,"minP"
"MR-PCA","Ichino-Yaguchi",0.001,0.001,0.001,0.001,0.001,0.001,6,"minP"
"MR-PCA","Wasserstein",0.001,0.001,0.001,0.001,0.001,0.001,6,"minP"
"MR-PCA","Centers-Euclidean",0.001,0.001,0.001,0.001,0.001,0.001,6,"minP"
"SPCA","Int-Euclidean",0.001,0.001,0.001,0.001,0.001,0.001,6,"minP"
"SPCA","Hausdorff",0.001,0.001,0.001,0.001,0.001,0.001,6,"minP"
"SPCA","Ichino-Yaguchi",0.001,0.001,0.001,0.001,0.001,0.001,6,"minP"
"SPCA","Wasserstein",0.001,0.001,0.001,0.001,0.001,0.001,6,"minP"
"SPCA","Centers-Euclidean",0.001,0.001,0.001,0.001,0.001,0.001,6,"minP"
"IMDS","Int-Euclidean",0.001,0.001,0.001,0.001,0.001,1,6,"minP"
"IMDS","Hausdorff",0.001,1,0.001,0.011,0.001,0.213,6,"minP"
"IMDS","Ichino-Yaguchi",0.001,0.476,0.001,0.457,0.001,0.194,6,"minP"
"IMDS","Wasserstein",0.001,0.037,0.001,0.001,0.001,0.064,6,"minP"
"IMDS","Centers-Euclidean",0.001,0.001,0.001,0.001,0.001,0.571,6,"minP"
"Int-UMAP","Int-Euclidean",0.001,0.001,0.001,0.047,0.001,0.001,6,"minP"
"Int-UMAP","Hausdorff",0.001,0.001,0.001,0.18,0.001,0.001,6,"minP"
"Int-UMAP","Ichino-Yaguchi",0.001,0.001,0.001,0.155,0.001,0.001,6,"minP"
"Int-UMAP","Wasserstein",0.001,0.001,0.001,0.092,0.001,0.001,6,"minP"
"Int-UMAP","Centers-Euclidean",0.001,0.001,0.001,0.07,0.001,0.001,6,"minP"
"C-PCA","Int-Euclidean",0.001,0.001,0.001,0.001,0.001,0.001,7,"raw"
"C-PCA","Hausdorff",0.001,0.001,0.001,0.001,0.001,0.001,7,"raw"
"C-PCA","Ichino-Yaguchi",0.001,0.001,0.001,0.001,0.001,0.001,7,"raw"
"C-PCA","Wasserstein",0.001,0.001,0.001,0.001,0.001,0.001,7,"raw"
"C-PCA","Centers-Euclidean",0.001,0.001,0.001,0.001,0.001,0.001,7,"raw"
"V-PCA","Int-Euclidean",0.001,0.001,0.001,0.001,0.001,0.001,7,"raw"
"V-PCA","Hausdorff",0.001,0.001,0.001,0.001,0.001,0.001,7,"raw"
"V-PCA","Ichino-Yaguchi",0.001,0.001,0.001,0.001,0.001,0.001,7,"raw"
"V-PCA","Wasserstein",0.001,0.001,0.001,0.001,0.001,0.001,7,"raw"
"V-PCA","Centers-Euclidean",0.001,0.001,0.001,0.001,0.001,0.001,7,"raw"
"MR-PCA","Int-Euclidean",0.001,0.001,0.001,0.001,0.001,0.001,7,"raw"
"MR-PCA","Hausdorff",0.001,0.001,0.001,0.001,0.001,0.001,7,"raw"
"MR-PCA","Ichino-Yaguchi",0.001,0.001,0.001,0.001,0.001,0.001,7,"raw"
"MR-PCA","Wasserstein",0.001,0.001,0.001,0.001,0.001,0.001,7,"raw"
"MR-PCA","Centers-Euclidean",0.001,0.001,0.001,0.001,0.001,0.001,7,"raw"
"SPCA","Int-Euclidean",0.001,0.001,0.001,0.001,0.001,0.001,7,"raw"
"SPCA","Hausdorff",0.001,0.001,0.001,0.001,0.001,0.001,7,"raw"
"SPCA","Ichino-Yaguchi",0.001,0.001,0.001,0.001,0.001,0.001,7,"raw"
"SPCA","Wasserstein",0.001,0.001,0.001,0.001,0.001,0.001,7,"raw"
"SPCA","Centers-Euclidean",0.001,0.001,0.001,0.001,0.001,0.001,7,"raw"
"IMDS","Int-Euclidean",0.001,0.001,0.001,0.001,0.001,0.001,7,"raw"
"IMDS","Hausdorff",0.001,0.001,0.001,0.001,0.001,0.422,7,"raw"
"IMDS","Ichino-Yaguchi",0.001,0.001,0.001,0.001,0.001,0.248,7,"raw"
"IMDS","Wasserstein",0.001,0.001,0.001,0.001,0.001,0.07,7,"raw"
"IMDS","Centers-Euclidean",0.001,0.001,0.001,0.001,0.001,0.038,7,"raw"
"Int-UMAP","Int-Euclidean",0.001,0.001,0.001,0.053,0.001,0.001,7,"raw"
"Int-UMAP","Hausdorff",0.001,0.001,0.001,0.214,0.001,0.001,7,"raw"
"Int-UMAP","Ichino-Yaguchi",0.001,0.001,0.001,0.16,0.001,0.001,7,"raw"
"Int-UMAP","Wasserstein",0.001,0.001,0.001,0.133,0.001,0.001,7,"raw"
"Int-UMAP","Centers-Euclidean",0.001,0.001,0.001,0.12,0.001,0.001,7,"raw"
"C-PCA","Int-Euclidean",0.001,0.001,0.001,0.001,0.001,0.001,7,"minP"
"C-PCA","Hausdorff",0.001,0.001,0.001,0.001,0.001,0.001,7,"minP"
"C-PCA","Ichino-Yaguchi",0.001,0.001,0.001,0.001,0.001,0.001,7,"minP"
"C-PCA","Wasserstein",0.001,0.001,0.001,0.001,0.001,0.001,7,"minP"
"C-PCA","Centers-Euclidean",0.001,0.001,0.001,0.001,0.001,0.001,7,"minP"
"V-PCA","Int-Euclidean",0.001,0.001,0.001,0.001,0.001,0.001,7,"minP"
"V-PCA","Hausdorff",0.001,0.001,0.001,0.001,0.001,0.001,7,"minP"
"V-PCA","Ichino-Yaguchi",0.001,0.001,0.001,0.001,0.001,0.001,7,"minP"
"V-PCA","Wasserstein",0.001,0.001,0.001,0.001,0.001,0.001,7,"minP"
"V-PCA","Centers-Euclidean",0.001,0.001,0.001,0.001,0.001,0.001,7,"minP"
"MR-PCA","Int-Euclidean",0.001,0.001,0.001,0.001,0.001,0.001,7,"minP"
"MR-PCA","Hausdorff",0.001,0.001,0.001,0.001,0.001,0.001,7,"minP"
"MR-PCA","Ichino-Yaguchi",0.001,0.001,0.001,0.001,0.001,0.001,7,"minP"
"MR-PCA","Wasserstein",0.001,0.001,0.001,0.001,0.001,0.001,7,"minP"
"MR-PCA","Centers-Euclidean",0.001,0.001,0.001,0.001,0.001,0.001,7,"minP"
"SPCA","Int-Euclidean",0.001,0.001,0.001,0.001,0.001,0.001,7,"minP"
"SPCA","Hausdorff",0.001,0.001,0.001,0.001,0.001,0.001,7,"minP"
"SPCA","Ichino-Yaguchi",0.001,0.001,0.001,0.001,0.001,0.001,7,"minP"
"SPCA","Wasserstein",0.001,0.001,0.001,0.001,0.001,0.001,7,"minP"
"SPCA","Centers-Euclidean",0.001,0.001,0.001,0.001,0.001,0.001,7,"minP"
"IMDS","Int-Euclidean",0.001,0.001,0.001,0.001,0.001,0.001,7,"minP"
"IMDS","Hausdorff",0.001,0.001,0.001,0.001,0.001,0.966,7,"minP"
"IMDS","Ichino-Yaguchi",0.001,0.001,0.001,0.001,0.001,0.823,7,"minP"
"IMDS","Wasserstein",0.001,0.001,0.001,0.001,0.001,0.355,7,"minP"
"IMDS","Centers-Euclidean",0.001,0.001,0.001,0.001,0.001,0.215,7,"minP"
"Int-UMAP","Int-Euclidean",0.001,0.001,0.001,0.136,0.001,0.001,7,"minP"
"Int-UMAP","Hausdorff",0.001,0.001,0.001,0.456,0.001,0.001,7,"minP"
"Int-UMAP","Ichino-Yaguchi",0.001,0.001,0.001,0.35,0.001,0.001,7,"minP"
"Int-UMAP","Wasserstein",0.001,0.001,0.001,0.295,0.001,0.001,7,"minP"
"Int-UMAP","Centers-Euclidean",0.001,0.001,0.001,0.265,0.001,0.001,7,"minP"
"C-PCA","Int-Euclidean",0.001,0.001,0.001,0.001,0.001,0.001,8,"raw"
"C-PCA","Hausdorff",0.001,0.001,0.001,0.001,0.001,0.001,8,"raw"
"C-PCA","Ichino-Yaguchi",0.001,0.001,0.001,0.001,0.001,0.001,8,"raw"
"C-PCA","Wasserstein",0.001,0.001,0.001,0.001,0.001,0.001,8,"raw"
"C-PCA","Centers-Euclidean",0.001,0.001,0.001,0.001,0.001,0.001,8,"raw"
"V-PCA","Int-Euclidean",0.001,0.001,0.001,0.001,0.001,0.001,8,"raw"
"V-PCA","Hausdorff",0.001,0.001,0.001,0.001,0.001,0.001,8,"raw"
"V-PCA","Ichino-Yaguchi",0.001,0.001,0.001,0.001,0.001,0.001,8,"raw"
"V-PCA","Wasserstein",0.001,0.001,0.001,0.001,0.001,0.001,8,"raw"
"V-PCA","Centers-Euclidean",0.001,0.001,0.001,0.001,0.001,0.001,8,"raw"
"MR-PCA","Int-Euclidean",0.001,0.001,0.001,0.001,0.001,0.001,8,"raw"
"MR-PCA","Hausdorff",0.001,0.001,0.001,0.001,0.001,0.001,8,"raw"
"MR-PCA","Ichino-Yaguchi",0.001,0.001,0.001,0.001,0.001,0.001,8,"raw"
"MR-PCA","Wasserstein",0.001,0.001,0.001,0.001,0.001,0.001,8,"raw"
"MR-PCA","Centers-Euclidean",0.001,0.001,0.001,0.001,0.001,0.001,8,"raw"
"SPCA","Int-Euclidean",0.001,0.001,0.001,0.001,0.001,0.001,8,"raw"
"SPCA","Hausdorff",0.001,0.001,0.001,0.001,0.001,0.001,8,"raw"
"SPCA","Ichino-Yaguchi",0.001,0.001,0.001,0.001,0.001,0.001,8,"raw"
"SPCA","Wasserstein",0.001,0.001,0.001,0.001,0.001,0.001,8,"raw"
"SPCA","Centers-Euclidean",0.001,0.001,0.001,0.001,0.001,0.001,8,"raw"
"IMDS","Int-Euclidean",0.001,0.001,0.001,0.001,0.001,0.055,8,"raw"
"IMDS","Hausdorff",0.001,0.001,0.001,0.001,0.001,0.27,8,"raw"
"IMDS","Ichino-Yaguchi",0.001,0.001,0.001,0.001,0.001,0.533,8,"raw"
"IMDS","Wasserstein",0.001,0.001,0.001,0.001,0.001,0.537,8,"raw"
"IMDS","Centers-Euclidean",0.001,0.001,0.001,0.001,0.001,0.001,8,"raw"
"Int-UMAP","Int-Euclidean",0.001,0.001,0.001,0.001,0.001,0.001,8,"raw"
"Int-UMAP","Hausdorff",0.001,0.001,0.001,0.001,0.001,0.001,8,"raw"
"Int-UMAP","Ichino-Yaguchi",0.001,0.001,0.001,0.002,0.001,0.001,8,"raw"
"Int-UMAP","Wasserstein",0.001,0.001,0.001,0.001,0.001,0.001,8,"raw"
"Int-UMAP","Centers-Euclidean",0.001,0.001,0.001,0.001,0.001,0.001,8,"raw"
"C-PCA","Int-Euclidean",0.001,0.001,0.001,0.001,0.001,0.001,8,"minP"
"C-PCA","Hausdorff",0.001,0.001,0.001,0.001,0.001,0.001,8,"minP"
"C-PCA","Ichino-Yaguchi",0.001,0.001,0.001,0.001,0.001,0.001,8,"minP"
"C-PCA","Wasserstein",0.001,0.001,0.001,0.001,0.001,0.001,8,"minP"
"C-PCA","Centers-Euclidean",0.001,0.001,0.001,0.001,0.001,0.001,8,"minP"
"V-PCA","Int-Euclidean",0.001,0.001,0.001,0.001,0.001,0.001,8,"minP"
"V-PCA","Hausdorff",0.001,0.001,0.001,0.001,0.001,0.001,8,"minP"
"V-PCA","Ichino-Yaguchi",0.001,0.001,0.001,0.001,0.001,0.001,8,"minP"
"V-PCA","Wasserstein",0.001,0.001,0.001,0.001,0.001,0.001,8,"minP"
"V-PCA","Centers-Euclidean",0.001,0.001,0.001,0.001,0.001,0.001,8,"minP"
"MR-PCA","Int-Euclidean",0.001,0.001,0.001,0.001,0.001,0.001,8,"minP"
"MR-PCA","Hausdorff",0.001,0.001,0.001,0.001,0.001,0.001,8,"minP"
"MR-PCA","Ichino-Yaguchi",0.001,0.001,0.001,0.001,0.001,0.001,8,"minP"
"MR-PCA","Wasserstein",0.001,0.001,0.001,0.001,0.001,0.001,8,"minP"
"MR-PCA","Centers-Euclidean",0.001,0.001,0.001,0.001,0.001,0.001,8,"minP"
"SPCA","Int-Euclidean",0.001,0.001,0.001,0.001,0.001,0.001,8,"minP"
"SPCA","Hausdorff",0.001,0.001,0.001,0.001,0.001,0.001,8,"minP"
"SPCA","Ichino-Yaguchi",0.001,0.001,0.001,0.001,0.001,0.001,8,"minP"
"SPCA","Wasserstein",0.001,0.001,0.001,0.001,0.001,0.001,8,"minP"
"SPCA","Centers-Euclidean",0.001,0.001,0.001,0.001,0.001,0.001,8,"minP"
"IMDS","Int-Euclidean",0.001,0.001,0.001,0.001,0.001,0.306,8,"minP"
"IMDS","Hausdorff",0.001,0.001,0.001,0.001,0.001,0.851,8,"minP"
"IMDS","Ichino-Yaguchi",0.001,0.001,0.001,0.001,0.001,0.987,8,"minP"
"IMDS","Wasserstein",0.001,0.001,0.001,0.001,0.001,0.987,8,"minP"
"IMDS","Centers-Euclidean",0.001,0.001,0.001,0.001,0.001,0.001,8,"minP"
"Int-UMAP","Int-Euclidean",0.001,0.001,0.001,0.001,0.001,0.001,8,"minP"
"Int-UMAP","Hausdorff",0.001,0.001,0.001,0.001,0.001,0.001,8,"minP"
"Int-UMAP","Ichino-Yaguchi",0.001,0.001,0.001,0.004,0.001,0.001,8,"minP"
"Int-UMAP","Wasserstein",0.001,0.001,0.001,0.001,0.001,0.001,8,"minP"
"Int-UMAP","Centers-Euclidean",0.001,0.001,0.001,0.001,0.001,0.001,8,"minP"
"C-PCA","Int-Euclidean",0.001,0.001,0.001,0.001,0.001,0.001,9,"raw"
"C-PCA","Hausdorff",0.001,0.001,0.001,0.001,0.001,0.001,9,"raw"
"C-PCA","Ichino-Yaguchi",0.001,0.001,0.001,0.001,0.001,0.001,9,"raw"
"C-PCA","Wasserstein",0.001,0.001,0.001,0.001,0.001,0.001,9,"raw"
"C-PCA","Centers-Euclidean",0.001,0.001,0.001,0.001,0.001,0.001,9,"raw"
"V-PCA","Int-Euclidean",0.001,0.001,0.001,0.001,0.001,0.001,9,"raw"
"V-PCA","Hausdorff",0.001,0.001,0.001,0.001,0.001,0.001,9,"raw"
"V-PCA","Ichino-Yaguchi",0.001,0.001,0.001,0.001,0.001,0.001,9,"raw"
"V-PCA","Wasserstein",0.001,0.001,0.001,0.001,0.001,0.001,9,"raw"
"V-PCA","Centers-Euclidean",0.001,0.001,0.001,0.001,0.001,0.001,9,"raw"
"MR-PCA","Int-Euclidean",0.001,0.001,0.001,0.001,0.001,0.001,9,"raw"
"MR-PCA","Hausdorff",0.001,0.001,0.001,0.001,0.001,0.001,9,"raw"
"MR-PCA","Ichino-Yaguchi",0.001,0.001,0.001,0.001,0.001,0.001,9,"raw"
"MR-PCA","Wasserstein",0.001,0.001,0.001,0.001,0.001,0.001,9,"raw"
"MR-PCA","Centers-Euclidean",0.001,0.001,0.001,0.001,0.001,0.001,9,"raw"
"SPCA","Int-Euclidean",0.001,0.001,0.001,0.001,0.001,0.001,9,"raw"
"SPCA","Hausdorff",0.001,0.001,0.001,0.001,0.001,0.001,9,"raw"
"SPCA","Ichino-Yaguchi",0.001,0.001,0.001,0.001,0.001,0.001,9,"raw"
"SPCA","Wasserstein",0.001,0.001,0.001,0.001,0.001,0.001,9,"raw"
"SPCA","Centers-Euclidean",0.001,0.001,0.001,0.001,0.001,0.001,9,"raw"
"IMDS","Int-Euclidean",0.001,0.001,0.001,0.001,0.001,0.875,9,"raw"
"IMDS","Hausdorff",0.001,0.479,0.001,0.385,0.001,0.815,9,"raw"
"IMDS","Ichino-Yaguchi",0.001,0.011,0.001,0.303,0.001,0.046,9,"raw"
"IMDS","Wasserstein",0.001,0.273,0.001,0.021,0.001,0.745,9,"raw"
"IMDS","Centers-Euclidean",0.001,0.001,0.001,0.001,0.001,1,9,"raw"
"Int-UMAP","Int-Euclidean",0.001,0.001,0.001,0.002,0.001,0.001,9,"raw"
"Int-UMAP","Hausdorff",0.001,0.001,0.001,0.046,0.001,0.001,9,"raw"
"Int-UMAP","Ichino-Yaguchi",0.001,0.001,0.001,0.01,0.001,0.001,9,"raw"
"Int-UMAP","Wasserstein",0.001,0.001,0.001,0.02,0.001,0.001,9,"raw"
"Int-UMAP","Centers-Euclidean",0.001,0.001,0.001,0.005,0.001,0.001,9,"raw"
"C-PCA","Int-Euclidean",0.001,0.001,0.001,0.001,0.001,0.001,9,"minP"
"C-PCA","Hausdorff",0.001,0.001,0.001,0.001,0.001,0.001,9,"minP"
"C-PCA","Ichino-Yaguchi",0.001,0.001,0.001,0.001,0.001,0.001,9,"minP"
"C-PCA","Wasserstein",0.001,0.001,0.001,0.001,0.001,0.001,9,"minP"
"C-PCA","Centers-Euclidean",0.001,0.001,0.001,0.001,0.001,0.001,9,"minP"
"V-PCA","Int-Euclidean",0.001,0.001,0.001,0.001,0.001,0.001,9,"minP"
"V-PCA","Hausdorff",0.001,0.001,0.001,0.001,0.001,0.001,9,"minP"
"V-PCA","Ichino-Yaguchi",0.001,0.001,0.001,0.001,0.001,0.001,9,"minP"
"V-PCA","Wasserstein",0.001,0.001,0.001,0.001,0.001,0.001,9,"minP"
"V-PCA","Centers-Euclidean",0.001,0.001,0.001,0.001,0.001,0.001,9,"minP"
"MR-PCA","Int-Euclidean",0.001,0.001,0.001,0.001,0.001,0.001,9,"minP"
"MR-PCA","Hausdorff",0.001,0.001,0.001,0.001,0.001,0.001,9,"minP"
"MR-PCA","Ichino-Yaguchi",0.001,0.001,0.001,0.001,0.001,0.001,9,"minP"
"MR-PCA","Wasserstein",0.001,0.001,0.001,0.001,0.001,0.001,9,"minP"
"MR-PCA","Centers-Euclidean",0.001,0.001,0.001,0.001,0.001,0.001,9,"minP"
"SPCA","Int-Euclidean",0.001,0.001,0.001,0.001,0.001,0.001,9,"minP"
"SPCA","Hausdorff",0.001,0.001,0.001,0.001,0.001,0.001,9,"minP"
"SPCA","Ichino-Yaguchi",0.001,0.001,0.001,0.001,0.001,0.001,9,"minP"
"SPCA","Wasserstein",0.001,0.001,0.001,0.001,0.001,0.001,9,"minP"
"SPCA","Centers-Euclidean",0.001,0.001,0.001,0.001,0.001,0.001,9,"minP"
"IMDS","Int-Euclidean",0.001,0.001,0.001,0.001,0.001,1,9,"minP"
"IMDS","Hausdorff",0.001,0.969,0.001,0.922,0.001,1,9,"minP"
"IMDS","Ichino-Yaguchi",0.001,0.065,0.001,0.85,0.001,0.27,9,"minP"
"IMDS","Wasserstein",0.001,0.81,0.001,0.119,0.001,0.999,9,"minP"
"IMDS","Centers-Euclidean",0.001,0.001,0.001,0.001,0.001,1,9,"minP"
"Int-UMAP","Int-Euclidean",0.001,0.001,0.001,0.003,0.001,0.001,9,"minP"
"Int-UMAP","Hausdorff",0.001,0.001,0.001,0.125,0.001,0.001,9,"minP"
"Int-UMAP","Ichino-Yaguchi",0.001,0.001,0.001,0.03,0.001,0.001,9,"minP"
"Int-UMAP","Wasserstein",0.001,0.001,0.001,0.057,0.001,0.001,9,"minP"
"Int-UMAP","Centers-Euclidean",0.001,0.001,0.001,0.015,0.001,0.001,9,"minP"
"C-PCA","Int-Euclidean",0.001,0.001,0.001,0.001,0.001,0.001,10,"raw"
"C-PCA","Hausdorff",0.001,0.001,0.001,0.001,0.001,0.001,10,"raw"
"C-PCA","Ichino-Yaguchi",0.001,0.001,0.001,0.001,0.001,0.001,10,"raw"
"C-PCA","Wasserstein",0.001,0.001,0.001,0.001,0.001,0.001,10,"raw"
"C-PCA","Centers-Euclidean",0.001,0.001,0.001,0.001,0.001,0.001,10,"raw"
"V-PCA","Int-Euclidean",0.001,0.001,0.001,0.001,0.001,0.001,10,"raw"
"V-PCA","Hausdorff",0.001,0.001,0.001,0.001,0.001,0.001,10,"raw"
"V-PCA","Ichino-Yaguchi",0.001,0.001,0.001,0.001,0.001,0.001,10,"raw"
"V-PCA","Wasserstein",0.001,0.001,0.001,0.001,0.001,0.001,10,"raw"
"V-PCA","Centers-Euclidean",0.001,0.001,0.001,0.001,0.001,0.001,10,"raw"
"MR-PCA","Int-Euclidean",0.001,0.001,0.001,0.001,0.001,0.001,10,"raw"
"MR-PCA","Hausdorff",0.001,0.001,0.001,0.001,0.001,0.001,10,"raw"
"MR-PCA","Ichino-Yaguchi",0.001,0.001,0.001,0.001,0.001,0.001,10,"raw"
"MR-PCA","Wasserstein",0.001,0.001,0.001,0.001,0.001,0.001,10,"raw"
"MR-PCA","Centers-Euclidean",0.001,0.001,0.001,0.001,0.001,0.001,10,"raw"
"SPCA","Int-Euclidean",0.001,0.001,0.001,0.001,0.001,0.001,10,"raw"
"SPCA","Hausdorff",0.001,0.001,0.001,0.001,0.001,0.001,10,"raw"
"SPCA","Ichino-Yaguchi",0.001,0.001,0.001,0.001,0.001,0.001,10,"raw"
"SPCA","Wasserstein",0.001,0.001,0.001,0.001,0.001,0.001,10,"raw"
"SPCA","Centers-Euclidean",0.001,0.001,0.001,0.001,0.001,0.001,10,"raw"
"IMDS","Int-Euclidean",0.001,0.001,0.001,0.001,0.001,0.197,10,"raw"
"IMDS","Hausdorff",0.001,0.001,0.001,0.001,0.001,0.641,10,"raw"
"IMDS","Ichino-Yaguchi",0.001,0.001,0.001,0.001,0.001,0.024,10,"raw"
"IMDS","Wasserstein",0.001,0.001,0.001,0.001,0.001,0.353,10,"raw"
"IMDS","Centers-Euclidean",0.001,0.001,0.001,0.001,0.001,0.001,10,"raw"
"Int-UMAP","Int-Euclidean",0.001,0.001,0.001,0.001,0.001,0.001,10,"raw"
"Int-UMAP","Hausdorff",0.001,0.001,0.001,0.001,0.001,0.001,10,"raw"
"Int-UMAP","Ichino-Yaguchi",0.001,0.001,0.001,0.001,0.001,0.001,10,"raw"
"Int-UMAP","Wasserstein",0.001,0.001,0.001,0.001,0.001,0.001,10,"raw"
"Int-UMAP","Centers-Euclidean",0.001,0.001,0.001,0.001,0.001,0.001,10,"raw"
"C-PCA","Int-Euclidean",0.001,0.001,0.001,0.001,0.001,0.001,10,"minP"
"C-PCA","Hausdorff",0.001,0.001,0.001,0.001,0.001,0.001,10,"minP"
"C-PCA","Ichino-Yaguchi",0.001,0.001,0.001,0.001,0.001,0.001,10,"minP"
"C-PCA","Wasserstein",0.001,0.001,0.001,0.001,0.001,0.001,10,"minP"
"C-PCA","Centers-Euclidean",0.001,0.001,0.001,0.001,0.001,0.001,10,"minP"
"V-PCA","Int-Euclidean",0.001,0.001,0.001,0.001,0.001,0.001,10,"minP"
"V-PCA","Hausdorff",0.001,0.001,0.001,0.001,0.001,0.001,10,"minP"
"V-PCA","Ichino-Yaguchi",0.001,0.001,0.001,0.001,0.001,0.001,10,"minP"
"V-PCA","Wasserstein",0.001,0.001,0.001,0.001,0.001,0.001,10,"minP"
"V-PCA","Centers-Euclidean",0.001,0.001,0.001,0.001,0.001,0.001,10,"minP"
"MR-PCA","Int-Euclidean",0.001,0.001,0.001,0.001,0.001,0.001,10,"minP"
"MR-PCA","Hausdorff",0.001,0.001,0.001,0.001,0.001,0.001,10,"minP"
"MR-PCA","Ichino-Yaguchi",0.001,0.001,0.001,0.001,0.001,0.001,10,"minP"
"MR-PCA","Wasserstein",0.001,0.001,0.001,0.001,0.001,0.001,10,"minP"
"MR-PCA","Centers-Euclidean",0.001,0.001,0.001,0.001,0.001,0.001,10,"minP"
"SPCA","Int-Euclidean",0.001,0.001,0.001,0.001,0.001,0.001,10,"minP"
"SPCA","Hausdorff",0.001,0.001,0.001,0.001,0.001,0.001,10,"minP"
"SPCA","Ichino-Yaguchi",0.001,0.001,0.001,0.001,0.001,0.001,10,"minP"
"SPCA","Wasserstein",0.001,0.001,0.001,0.001,0.001,0.001,10,"minP"
"SPCA","Centers-Euclidean",0.001,0.001,0.001,0.001,0.001,0.001,10,"minP"
"IMDS","Int-Euclidean",0.001,0.001,0.001,0.001,0.001,0.754,10,"minP"
"IMDS","Hausdorff",0.001,0.001,0.001,0.001,0.001,0.996,10,"minP"
"IMDS","Ichino-Yaguchi",0.001,0.001,0.001,0.001,0.001,0.164,10,"minP"
"IMDS","Wasserstein",0.001,0.001,0.001,0.001,0.001,0.925,10,"minP"
"IMDS","Centers-Euclidean",0.001,0.001,0.001,0.001,0.001,0.001,10,"minP"
"Int-UMAP","Int-Euclidean",0.001,0.001,0.001,0.001,0.001,0.001,10,"minP"
"Int-UMAP","Hausdorff",0.001,0.001,0.001,0.001,0.001,0.001,10,"minP"
"Int-UMAP","Ichino-Yaguchi",0.001,0.001,0.001,0.001,0.001,0.001,10,"minP"
"Int-UMAP","Wasserstein",0.001,0.001,0.001,0.001,0.001,0.001,10,"minP"
"Int-UMAP","Centers-Euclidean",0.001,0.001,0.001,0.001,0.001,0.001,10,"minP"
"C-PCA","Int-Euclidean",0.001,0.001,0.001,0.001,0.001,0.001,11,"raw"
"C-PCA","Hausdorff",0.001,0.001,0.001,0.001,0.001,0.001,11,"raw"
"C-PCA","Ichino-Yaguchi",0.001,0.001,0.001,0.001,0.001,0.001,11,"raw"
"C-PCA","Wasserstein",0.001,0.001,0.001,0.001,0.001,0.001,11,"raw"
"C-PCA","Centers-Euclidean",0.001,0.001,0.001,0.001,0.001,0.001,11,"raw"
"V-PCA","Int-Euclidean",0.001,0.001,0.001,0.001,0.001,0.001,11,"raw"
"V-PCA","Hausdorff",0.001,0.001,0.001,0.001,0.001,0.001,11,"raw"
"V-PCA","Ichino-Yaguchi",0.001,0.001,0.001,0.001,0.001,0.001,11,"raw"
"V-PCA","Wasserstein",0.001,0.001,0.001,0.001,0.001,0.001,11,"raw"
"V-PCA","Centers-Euclidean",0.001,0.001,0.001,0.001,0.001,0.001,11,"raw"
"MR-PCA","Int-Euclidean",0.001,0.001,0.001,0.001,0.001,0.001,11,"raw"
"MR-PCA","Hausdorff",0.001,0.001,0.001,0.001,0.001,0.001,11,"raw"
"MR-PCA","Ichino-Yaguchi",0.001,0.001,0.001,0.001,0.001,0.001,11,"raw"
"MR-PCA","Wasserstein",0.001,0.001,0.001,0.001,0.001,0.001,11,"raw"
"MR-PCA","Centers-Euclidean",0.001,0.001,0.001,0.001,0.001,0.001,11,"raw"
"SPCA","Int-Euclidean",0.001,0.001,0.001,0.001,0.001,0.001,11,"raw"
"SPCA","Hausdorff",0.001,0.001,0.001,0.001,0.001,0.001,11,"raw"
"SPCA","Ichino-Yaguchi",0.001,0.001,0.001,0.001,0.001,0.001,11,"raw"
"SPCA","Wasserstein",0.001,0.001,0.001,0.001,0.001,0.001,11,"raw"
"SPCA","Centers-Euclidean",0.001,0.001,0.001,0.001,0.001,0.001,11,"raw"
"IMDS","Int-Euclidean",0.001,0.001,0.001,0.001,0.001,0.001,11,"raw"
"IMDS","Hausdorff",0.001,0.164,0.001,0.022,0.001,0.542,11,"raw"
"IMDS","Ichino-Yaguchi",0.001,0.564,0.001,0.142,0.001,0.086,11,"raw"
"IMDS","Wasserstein",0.001,0.001,0.001,0.001,0.001,0.838,11,"raw"
"IMDS","Centers-Euclidean",0.001,0.001,0.001,0.001,0.001,0.071,11,"raw"
"Int-UMAP","Int-Euclidean",0.001,0.001,0.001,0.001,0.001,0.001,11,"raw"
"Int-UMAP","Hausdorff",0.001,0.001,0.001,0.001,0.001,0.001,11,"raw"
"Int-UMAP","Ichino-Yaguchi",0.001,0.001,0.001,0.001,0.001,0.001,11,"raw"
"Int-UMAP","Wasserstein",0.001,0.001,0.001,0.001,0.001,0.001,11,"raw"
"Int-UMAP","Centers-Euclidean",0.001,0.001,0.001,0.001,0.001,0.001,11,"raw"
"C-PCA","Int-Euclidean",0.001,0.001,0.001,0.001,0.001,0.001,11,"minP"
"C-PCA","Hausdorff",0.001,0.001,0.001,0.001,0.001,0.001,11,"minP"
"C-PCA","Ichino-Yaguchi",0.001,0.001,0.001,0.001,0.001,0.001,11,"minP"
"C-PCA","Wasserstein",0.001,0.001,0.001,0.001,0.001,0.001,11,"minP"
"C-PCA","Centers-Euclidean",0.001,0.001,0.001,0.001,0.001,0.001,11,"minP"
"V-PCA","Int-Euclidean",0.001,0.001,0.001,0.001,0.001,0.001,11,"minP"
"V-PCA","Hausdorff",0.001,0.001,0.001,0.001,0.001,0.001,11,"minP"
"V-PCA","Ichino-Yaguchi",0.001,0.001,0.001,0.001,0.001,0.001,11,"minP"
"V-PCA","Wasserstein",0.001,0.001,0.001,0.001,0.001,0.001,11,"minP"
"V-PCA","Centers-Euclidean",0.001,0.001,0.001,0.001,0.001,0.001,11,"minP"
"MR-PCA","Int-Euclidean",0.001,0.001,0.001,0.001,0.001,0.001,11,"minP"
"MR-PCA","Hausdorff",0.001,0.001,0.001,0.001,0.001,0.001,11,"minP"
"MR-PCA","Ichino-Yaguchi",0.001,0.001,0.001,0.001,0.001,0.001,11,"minP"
"MR-PCA","Wasserstein",0.001,0.001,0.001,0.001,0.001,0.001,11,"minP"
"MR-PCA","Centers-Euclidean",0.001,0.001,0.001,0.001,0.001,0.001,11,"minP"
"SPCA","Int-Euclidean",0.001,0.001,0.001,0.001,0.001,0.001,11,"minP"
"SPCA","Hausdorff",0.001,0.001,0.001,0.001,0.001,0.001,11,"minP"
"SPCA","Ichino-Yaguchi",0.001,0.001,0.001,0.001,0.001,0.001,11,"minP"
"SPCA","Wasserstein",0.001,0.001,0.001,0.001,0.001,0.001,11,"minP"
"SPCA","Centers-Euclidean",0.001,0.001,0.001,0.001,0.001,0.001,11,"minP"
"IMDS","Int-Euclidean",0.001,0.001,0.001,0.001,0.001,0.001,11,"minP"
"IMDS","Hausdorff",0.001,0.627,0.001,0.13,0.001,0.996,11,"minP"
"IMDS","Ichino-Yaguchi",0.001,0.993,0.001,0.568,0.001,0.441,11,"minP"
"IMDS","Wasserstein",0.001,0.001,0.001,0.001,0.001,1,11,"minP"
"IMDS","Centers-Euclidean",0.001,0.001,0.001,0.001,0.001,0.382,11,"minP"
"Int-UMAP","Int-Euclidean",0.001,0.001,0.001,0.001,0.001,0.001,11,"minP"
"Int-UMAP","Hausdorff",0.001,0.001,0.001,0.001,0.001,0.001,11,"minP"
"Int-UMAP","Ichino-Yaguchi",0.001,0.001,0.001,0.001,0.001,0.001,11,"minP"
"Int-UMAP","Wasserstein",0.001,0.001,0.001,0.001,0.001,0.001,11,"minP"
"Int-UMAP","Centers-Euclidean",0.001,0.001,0.001,0.001,0.001,0.001,11,"minP"
"C-PCA","Int-Euclidean",0.001,0.001,0.001,0.001,0.001,0.001,12,"raw"
"C-PCA","Hausdorff",0.001,0.001,0.001,0.001,0.001,0.001,12,"raw"
"C-PCA","Ichino-Yaguchi",0.001,0.001,0.001,0.001,0.001,0.001,12,"raw"
"C-PCA","Wasserstein",0.001,0.001,0.001,0.001,0.001,0.001,12,"raw"
"C-PCA","Centers-Euclidean",0.001,0.001,0.001,0.001,0.001,0.001,12,"raw"
"V-PCA","Int-Euclidean",0.001,0.001,0.001,0.001,0.001,0.001,12,"raw"
"V-PCA","Hausdorff",0.001,0.001,0.001,0.001,0.001,0.001,12,"raw"
"V-PCA","Ichino-Yaguchi",0.001,0.001,0.001,0.001,0.001,0.001,12,"raw"
"V-PCA","Wasserstein",0.001,0.001,0.001,0.001,0.001,0.001,12,"raw"
"V-PCA","Centers-Euclidean",0.001,0.001,0.001,0.001,0.001,0.001,12,"raw"
"MR-PCA","Int-Euclidean",0.001,0.001,0.001,0.001,0.001,0.001,12,"raw"
"MR-PCA","Hausdorff",0.001,0.001,0.001,0.001,0.001,0.001,12,"raw"
"MR-PCA","Ichino-Yaguchi",0.001,0.001,0.001,0.001,0.001,0.001,12,"raw"
"MR-PCA","Wasserstein",0.001,0.001,0.001,0.001,0.001,0.001,12,"raw"
"MR-PCA","Centers-Euclidean",0.001,0.001,0.001,0.001,0.001,0.001,12,"raw"
"SPCA","Int-Euclidean",0.001,0.001,0.001,0.001,0.001,0.001,12,"raw"
"SPCA","Hausdorff",0.001,0.001,0.001,0.001,0.001,0.001,12,"raw"
"SPCA","Ichino-Yaguchi",0.001,0.001,0.001,0.001,0.001,0.001,12,"raw"
"SPCA","Wasserstein",0.001,0.001,0.001,0.001,0.001,0.001,12,"raw"
"SPCA","Centers-Euclidean",0.001,0.001,0.001,0.001,0.001,0.001,12,"raw"
"IMDS","Int-Euclidean",0.001,0.001,0.001,0.001,0.001,0.001,12,"raw"
"IMDS","Hausdorff",0.001,0.001,0.001,0.001,0.001,0.016,12,"raw"
"IMDS","Ichino-Yaguchi",0.001,0.001,0.001,0.001,0.001,0.034,12,"raw"
"IMDS","Wasserstein",0.001,0.001,0.001,0.001,0.001,0.005,12,"raw"
"IMDS","Centers-Euclidean",0.001,0.001,0.001,0.001,0.001,0.001,12,"raw"
"Int-UMAP","Int-Euclidean",0.001,0.001,0.001,0.001,0.001,0.001,12,"raw"
"Int-UMAP","Hausdorff",0.001,0.001,0.001,0.001,0.001,0.001,12,"raw"
"Int-UMAP","Ichino-Yaguchi",0.001,0.001,0.001,0.001,0.001,0.001,12,"raw"
"Int-UMAP","Wasserstein",0.001,0.001,0.001,0.001,0.001,0.001,12,"raw"
"Int-UMAP","Centers-Euclidean",0.001,0.001,0.001,0.001,0.001,0.001,12,"raw"
"C-PCA","Int-Euclidean",0.001,0.001,0.001,0.001,0.001,0.001,12,"minP"
"C-PCA","Hausdorff",0.001,0.001,0.001,0.001,0.001,0.001,12,"minP"
"C-PCA","Ichino-Yaguchi",0.001,0.001,0.001,0.001,0.001,0.001,12,"minP"
"C-PCA","Wasserstein",0.001,0.001,0.001,0.001,0.001,0.001,12,"minP"
"C-PCA","Centers-Euclidean",0.001,0.001,0.001,0.001,0.001,0.001,12,"minP"
"V-PCA","Int-Euclidean",0.001,0.001,0.001,0.001,0.001,0.001,12,"minP"
"V-PCA","Hausdorff",0.001,0.001,0.001,0.001,0.001,0.001,12,"minP"
"V-PCA","Ichino-Yaguchi",0.001,0.001,0.001,0.001,0.001,0.001,12,"minP"
"V-PCA","Wasserstein",0.001,0.001,0.001,0.001,0.001,0.001,12,"minP"
"V-PCA","Centers-Euclidean",0.001,0.001,0.001,0.001,0.001,0.001,12,"minP"
"MR-PCA","Int-Euclidean",0.001,0.001,0.001,0.001,0.001,0.001,12,"minP"
"MR-PCA","Hausdorff",0.001,0.001,0.001,0.001,0.001,0.001,12,"minP"
"MR-PCA","Ichino-Yaguchi",0.001,0.001,0.001,0.001,0.001,0.001,12,"minP"
"MR-PCA","Wasserstein",0.001,0.001,0.001,0.001,0.001,0.001,12,"minP"
"MR-PCA","Centers-Euclidean",0.001,0.001,0.001,0.001,0.001,0.001,12,"minP"
"SPCA","Int-Euclidean",0.001,0.001,0.001,0.001,0.001,0.001,12,"minP"
"SPCA","Hausdorff",0.001,0.001,0.001,0.001,0.001,0.001,12,"minP"
"SPCA","Ichino-Yaguchi",0.001,0.001,0.001,0.001,0.001,0.001,12,"minP"
"SPCA","Wasserstein",0.001,0.001,0.001,0.001,0.001,0.001,12,"minP"
"SPCA","Centers-Euclidean",0.001,0.001,0.001,0.001,0.001,0.001,12,"minP"
"IMDS","Int-Euclidean",0.001,0.001,0.001,0.001,0.001,0.001,12,"minP"
"IMDS","Hausdorff",0.001,0.001,0.001,0.001,0.001,0.089,12,"minP"
"IMDS","Ichino-Yaguchi",0.001,0.001,0.001,0.001,0.001,0.188,12,"minP"
"IMDS","Wasserstein",0.001,0.001,0.001,0.001,0.001,0.028,12,"minP"
"IMDS","Centers-Euclidean",0.001,0.001,0.001,0.001,0.001,0.001,12,"minP"
"Int-UMAP","Int-Euclidean",0.001,0.001,0.001,0.001,0.001,0.001,12,"minP"
"Int-UMAP","Hausdorff",0.001,0.001,0.001,0.001,0.001,0.001,12,"minP"
"Int-UMAP","Ichino-Yaguchi",0.001,0.001,0.001,0.001,0.001,0.001,12,"minP"
"Int-UMAP","Wasserstein",0.001,0.001,0.001,0.001,0.001,0.001,12,"minP"
"Int-UMAP","Centers-Euclidean",0.001,0.001,0.001,0.001,0.001,0.001,12,"minP"
"C-PCA","Int-Euclidean",0.001,0.001,0.001,0.001,0.001,0.001,13,"raw"
"C-PCA","Hausdorff",0.001,0.001,0.001,0.001,0.001,0.001,13,"raw"
"C-PCA","Ichino-Yaguchi",0.001,0.001,0.001,0.001,0.001,0.001,13,"raw"
"C-PCA","Wasserstein",0.001,0.001,0.001,0.001,0.001,0.001,13,"raw"
"C-PCA","Centers-Euclidean",0.001,0.001,0.001,0.001,0.001,0.001,13,"raw"
"V-PCA","Int-Euclidean",0.001,0.001,0.001,0.001,0.001,0.001,13,"raw"
"V-PCA","Hausdorff",0.001,0.001,0.001,0.001,0.001,0.001,13,"raw"
"V-PCA","Ichino-Yaguchi",0.001,0.001,0.001,0.001,0.001,0.001,13,"raw"
"V-PCA","Wasserstein",0.001,0.001,0.001,0.001,0.001,0.001,13,"raw"
"V-PCA","Centers-Euclidean",0.001,0.001,0.001,0.001,0.001,0.001,13,"raw"
"MR-PCA","Int-Euclidean",0.001,0.001,0.001,0.001,0.001,0.001,13,"raw"
"MR-PCA","Hausdorff",0.001,0.001,0.001,0.001,0.001,0.001,13,"raw"
"MR-PCA","Ichino-Yaguchi",0.001,0.001,0.001,0.001,0.001,0.001,13,"raw"
"MR-PCA","Wasserstein",0.001,0.001,0.001,0.001,0.001,0.001,13,"raw"
"MR-PCA","Centers-Euclidean",0.001,0.001,0.001,0.001,0.001,0.001,13,"raw"
"SPCA","Int-Euclidean",0.001,0.001,0.001,0.001,0.001,0.001,13,"raw"
"SPCA","Hausdorff",0.001,0.001,0.001,0.001,0.001,0.001,13,"raw"
"SPCA","Ichino-Yaguchi",0.001,0.001,0.001,0.001,0.001,0.001,13,"raw"
"SPCA","Wasserstein",0.001,0.001,0.001,0.001,0.001,0.001,13,"raw"
"SPCA","Centers-Euclidean",0.001,0.001,0.001,0.001,0.001,0.001,13,"raw"
"IMDS","Int-Euclidean",0.001,0.001,0.001,0.001,0.001,0.841,13,"raw"
"IMDS","Hausdorff",0.001,0.561,0.001,0.491,0.001,0.799,13,"raw"
"IMDS","Ichino-Yaguchi",0.001,0.168,0.001,0.775,0.001,0.763,13,"raw"
"IMDS","Wasserstein",0.001,0.127,0.001,0.007,0.001,0.466,13,"raw"
"IMDS","Centers-Euclidean",0.001,0.001,0.001,0.001,0.001,0.79,13,"raw"
"Int-UMAP","Int-Euclidean",0.001,0.001,0.001,0.013,0.001,0.001,13,"raw"
"Int-UMAP","Hausdorff",0.001,0.001,0.001,0.125,0.001,0.001,13,"raw"
"Int-UMAP","Ichino-Yaguchi",0.001,0.001,0.001,0.075,0.001,0.001,13,"raw"
"Int-UMAP","Wasserstein",0.001,0.001,0.001,0.072,0.001,0.001,13,"raw"
"Int-UMAP","Centers-Euclidean",0.001,0.001,0.001,0.029,0.001,0.001,13,"raw"
"C-PCA","Int-Euclidean",0.001,0.001,0.001,0.001,0.001,0.001,13,"minP"
"C-PCA","Hausdorff",0.001,0.001,0.001,0.001,0.001,0.001,13,"minP"
"C-PCA","Ichino-Yaguchi",0.001,0.001,0.001,0.001,0.001,0.001,13,"minP"
"C-PCA","Wasserstein",0.001,0.001,0.001,0.001,0.001,0.001,13,"minP"
"C-PCA","Centers-Euclidean",0.001,0.001,0.001,0.001,0.001,0.001,13,"minP"
"V-PCA","Int-Euclidean",0.001,0.001,0.001,0.001,0.001,0.001,13,"minP"
"V-PCA","Hausdorff",0.001,0.001,0.001,0.001,0.001,0.001,13,"minP"
"V-PCA","Ichino-Yaguchi",0.001,0.001,0.001,0.001,0.001,0.001,13,"minP"
"V-PCA","Wasserstein",0.001,0.001,0.001,0.001,0.001,0.001,13,"minP"
"V-PCA","Centers-Euclidean",0.001,0.001,0.001,0.001,0.001,0.001,13,"minP"
"MR-PCA","Int-Euclidean",0.001,0.001,0.001,0.001,0.001,0.001,13,"minP"
"MR-PCA","Hausdorff",0.001,0.001,0.001,0.001,0.001,0.001,13,"minP"
"MR-PCA","Ichino-Yaguchi",0.001,0.001,0.001,0.001,0.001,0.001,13,"minP"
"MR-PCA","Wasserstein",0.001,0.001,0.001,0.001,0.001,0.001,13,"minP"
"MR-PCA","Centers-Euclidean",0.001,0.001,0.001,0.001,0.001,0.001,13,"minP"
"SPCA","Int-Euclidean",0.001,0.001,0.001,0.001,0.001,0.001,13,"minP"
"SPCA","Hausdorff",0.001,0.001,0.001,0.001,0.001,0.001,13,"minP"
"SPCA","Ichino-Yaguchi",0.001,0.001,0.001,0.001,0.001,0.001,13,"minP"
"SPCA","Wasserstein",0.001,0.001,0.001,0.001,0.001,0.001,13,"minP"
"SPCA","Centers-Euclidean",0.001,0.001,0.001,0.001,0.001,0.001,13,"minP"
"IMDS","Int-Euclidean",0.001,0.001,0.001,0.001,0.001,1,13,"minP"
"IMDS","Hausdorff",0.001,0.99,0.001,0.971,0.001,1,13,"minP"
"IMDS","Ichino-Yaguchi",0.001,0.636,0.001,0.999,0.001,1,13,"minP"
"IMDS","Wasserstein",0.001,0.534,0.001,0.042,0.001,0.971,13,"minP"
"IMDS","Centers-Euclidean",0.001,0.001,0.001,0.001,0.001,1,13,"minP"
"Int-UMAP","Int-Euclidean",0.001,0.001,0.001,0.032,0.001,0.001,13,"minP"
"Int-UMAP","Hausdorff",0.001,0.001,0.001,0.288,0.001,0.001,13,"minP"
"Int-UMAP","Ichino-Yaguchi",0.001,0.001,0.001,0.194,0.001,0.001,13,"minP"
"Int-UMAP","Wasserstein",0.001,0.001,0.001,0.19,0.001,0.001,13,"minP"
"Int-UMAP","Centers-Euclidean",0.001,0.001,0.001,0.077,0.001,0.001,13,"minP"
"C-PCA","Int-Euclidean",0.001,0.001,0.001,0.001,0.001,0.001,14,"raw"
"C-PCA","Hausdorff",0.001,0.001,0.001,0.001,0.001,0.001,14,"raw"
"C-PCA","Ichino-Yaguchi",0.001,0.001,0.001,0.001,0.001,0.001,14,"raw"
"C-PCA","Wasserstein",0.001,0.001,0.001,0.001,0.001,0.001,14,"raw"
"C-PCA","Centers-Euclidean",0.001,0.001,0.001,0.001,0.001,0.001,14,"raw"
"V-PCA","Int-Euclidean",0.001,0.001,0.001,0.001,0.001,0.001,14,"raw"
"V-PCA","Hausdorff",0.001,0.001,0.001,0.001,0.001,0.001,14,"raw"
"V-PCA","Ichino-Yaguchi",0.001,0.001,0.001,0.001,0.001,0.001,14,"raw"
"V-PCA","Wasserstein",0.001,0.001,0.001,0.001,0.001,0.001,14,"raw"
"V-PCA","Centers-Euclidean",0.001,0.001,0.001,0.001,0.001,0.001,14,"raw"
"MR-PCA","Int-Euclidean",0.001,0.001,0.001,0.001,0.001,0.001,14,"raw"
"MR-PCA","Hausdorff",0.001,0.001,0.001,0.001,0.001,0.001,14,"raw"
"MR-PCA","Ichino-Yaguchi",0.001,0.001,0.001,0.001,0.001,0.001,14,"raw"
"MR-PCA","Wasserstein",0.001,0.001,0.001,0.001,0.001,0.001,14,"raw"
"MR-PCA","Centers-Euclidean",0.001,0.001,0.001,0.001,0.001,0.001,14,"raw"
"SPCA","Int-Euclidean",0.001,0.001,0.001,0.001,0.001,0.001,14,"raw"
"SPCA","Hausdorff",0.001,0.001,0.001,0.001,0.001,0.001,14,"raw"
"SPCA","Ichino-Yaguchi",0.001,0.001,0.001,0.001,0.001,0.001,14,"raw"
"SPCA","Wasserstein",0.001,0.001,0.001,0.001,0.001,0.001,14,"raw"
"SPCA","Centers-Euclidean",0.001,0.001,0.001,0.001,0.001,0.001,14,"raw"
"IMDS","Int-Euclidean",0.001,0.018,0.001,0.006,0.001,0.025,14,"raw"
"IMDS","Hausdorff",0.001,0.406,0.001,0.538,0.001,0.706,14,"raw"
"IMDS","Ichino-Yaguchi",0.001,0.235,0.001,0.438,0.001,0.254,14,"raw"
"IMDS","Wasserstein",0.001,0.039,0.001,0.162,0.001,0.184,14,"raw"
"IMDS","Centers-Euclidean",0.001,0.001,0.001,0.002,0.001,0.103,14,"raw"
"Int-UMAP","Int-Euclidean",0.001,0.22,0.001,0.795,0.001,0.001,14,"raw"
"Int-UMAP","Hausdorff",0.001,0.275,0.001,0.792,0.001,0.001,14,"raw"
"Int-UMAP","Ichino-Yaguchi",0.001,0.212,0.001,0.717,0.001,0.001,14,"raw"
"Int-UMAP","Wasserstein",0.001,0.228,0.001,0.757,0.001,0.001,14,"raw"
"Int-UMAP","Centers-Euclidean",0.001,0.225,0.001,0.767,0.001,0.001,14,"raw"
"C-PCA","Int-Euclidean",0.001,0.001,0.001,0.001,0.001,0.001,14,"minP"
"C-PCA","Hausdorff",0.001,0.001,0.001,0.001,0.001,0.001,14,"minP"
"C-PCA","Ichino-Yaguchi",0.001,0.001,0.001,0.001,0.001,0.001,14,"minP"
"C-PCA","Wasserstein",0.001,0.001,0.001,0.001,0.001,0.001,14,"minP"
"C-PCA","Centers-Euclidean",0.001,0.001,0.001,0.001,0.001,0.001,14,"minP"
"V-PCA","Int-Euclidean",0.001,0.001,0.001,0.001,0.001,0.001,14,"minP"
"V-PCA","Hausdorff",0.001,0.001,0.001,0.001,0.001,0.001,14,"minP"
"V-PCA","Ichino-Yaguchi",0.001,0.001,0.001,0.001,0.001,0.001,14,"minP"
"V-PCA","Wasserstein",0.001,0.001,0.001,0.001,0.001,0.001,14,"minP"
"V-PCA","Centers-Euclidean",0.001,0.001,0.001,0.001,0.001,0.001,14,"minP"
"MR-PCA","Int-Euclidean",0.001,0.001,0.001,0.001,0.001,0.001,14,"minP"
"MR-PCA","Hausdorff",0.001,0.001,0.001,0.001,0.001,0.001,14,"minP"
"MR-PCA","Ichino-Yaguchi",0.001,0.001,0.001,0.001,0.001,0.001,14,"minP"
"MR-PCA","Wasserstein",0.001,0.001,0.001,0.001,0.001,0.001,14,"minP"
"MR-PCA","Centers-Euclidean",0.001,0.001,0.001,0.001,0.001,0.001,14,"minP"
"SPCA","Int-Euclidean",0.001,0.001,0.001,0.001,0.001,0.001,14,"minP"
"SPCA","Hausdorff",0.001,0.001,0.001,0.001,0.001,0.001,14,"minP"
"SPCA","Ichino-Yaguchi",0.001,0.001,0.001,0.001,0.001,0.001,14,"minP"
"SPCA","Wasserstein",0.001,0.001,0.001,0.001,0.001,0.001,14,"minP"
"SPCA","Centers-Euclidean",0.001,0.001,0.001,0.001,0.001,0.001,14,"minP"
"IMDS","Int-Euclidean",0.001,0.105,0.001,0.032,0.001,0.159,14,"minP"
"IMDS","Hausdorff",0.001,0.932,0.001,0.979,0.001,0.998,14,"minP"
"IMDS","Ichino-Yaguchi",0.001,0.752,0.001,0.949,0.001,0.828,14,"minP"
"IMDS","Wasserstein",0.001,0.215,0.001,0.626,0.001,0.714,14,"minP"
"IMDS","Centers-Euclidean",0.001,0.001,0.001,0.008,0.001,0.475,14,"minP"
"Int-UMAP","Int-Euclidean",0.001,0.445,0.001,0.982,0.001,0.001,14,"minP"
"Int-UMAP","Hausdorff",0.001,0.54,0.001,0.982,0.001,0.001,14,"minP"
"Int-UMAP","Ichino-Yaguchi",0.001,0.436,0.001,0.963,0.001,0.001,14,"minP"
"Int-UMAP","Wasserstein",0.001,0.46,0.001,0.976,0.001,0.001,14,"minP"
"Int-UMAP","Centers-Euclidean",0.001,0.454,0.001,0.977,0.001,0.001,14,"minP"
"C-PCA","Int-Euclidean",0.001,0.001,0.001,0.001,0.001,0.001,15,"raw"
"C-PCA","Hausdorff",0.001,0.001,0.001,0.001,0.001,0.001,15,"raw"
"C-PCA","Ichino-Yaguchi",0.001,0.001,0.001,0.001,0.001,0.001,15,"raw"
"C-PCA","Wasserstein",0.001,0.001,0.001,0.001,0.001,0.001,15,"raw"
"C-PCA","Centers-Euclidean",0.001,0.001,0.001,0.001,0.001,0.001,15,"raw"
"V-PCA","Int-Euclidean",0.001,0.001,0.001,0.001,0.001,0.001,15,"raw"
"V-PCA","Hausdorff",0.001,0.001,0.001,0.001,0.001,0.001,15,"raw"
"V-PCA","Ichino-Yaguchi",0.001,0.001,0.001,0.001,0.001,0.001,15,"raw"
"V-PCA","Wasserstein",0.001,0.001,0.001,0.001,0.001,0.001,15,"raw"
"V-PCA","Centers-Euclidean",0.001,0.001,0.001,0.001,0.001,0.001,15,"raw"
"MR-PCA","Int-Euclidean",0.001,0.001,0.001,0.001,0.001,0.001,15,"raw"
"MR-PCA","Hausdorff",0.001,0.001,0.001,0.001,0.001,0.001,15,"raw"
"MR-PCA","Ichino-Yaguchi",0.001,0.001,0.001,0.001,0.001,0.001,15,"raw"
"MR-PCA","Wasserstein",0.001,0.001,0.001,0.001,0.001,0.001,15,"raw"
"MR-PCA","Centers-Euclidean",0.001,0.001,0.001,0.001,0.001,0.001,15,"raw"
"SPCA","Int-Euclidean",0.001,0.001,0.001,0.001,0.001,0.001,15,"raw"
"SPCA","Hausdorff",0.001,0.001,0.001,0.001,0.001,0.001,15,"raw"
"SPCA","Ichino-Yaguchi",0.001,0.001,0.001,0.001,0.001,0.001,15,"raw"
"SPCA","Wasserstein",0.001,0.001,0.001,0.001,0.001,0.001,15,"raw"
"SPCA","Centers-Euclidean",0.001,0.001,0.001,0.001,0.001,0.001,15,"raw"
"IMDS","Int-Euclidean",0.001,0.001,0.001,0.001,0.001,0.021,15,"raw"
"IMDS","Hausdorff",0.001,0.001,0.001,0.001,0.001,0.418,15,"raw"
"IMDS","Ichino-Yaguchi",0.001,0.001,0.001,0.001,0.001,0.693,15,"raw"
"IMDS","Wasserstein",0.001,0.001,0.001,0.001,0.001,0.162,15,"raw"
"IMDS","Centers-Euclidean",0.001,0.001,0.001,0.001,0.001,0.568,15,"raw"
"Int-UMAP","Int-Euclidean",0.001,0.001,0.001,0.005,0.001,0.001,15,"raw"
"Int-UMAP","Hausdorff",0.001,0.001,0.001,0.008,0.001,0.001,15,"raw"
"Int-UMAP","Ichino-Yaguchi",0.001,0.001,0.001,0.011,0.001,0.001,15,"raw"
"Int-UMAP","Wasserstein",0.001,0.001,0.001,0.007,0.001,0.001,15,"raw"
"Int-UMAP","Centers-Euclidean",0.001,0.001,0.001,0.006,0.001,0.001,15,"raw"
"C-PCA","Int-Euclidean",0.001,0.001,0.001,0.001,0.001,0.001,15,"minP"
"C-PCA","Hausdorff",0.001,0.001,0.001,0.001,0.001,0.001,15,"minP"
"C-PCA","Ichino-Yaguchi",0.001,0.001,0.001,0.001,0.001,0.001,15,"minP"
"C-PCA","Wasserstein",0.001,0.001,0.001,0.001,0.001,0.001,15,"minP"
"C-PCA","Centers-Euclidean",0.001,0.001,0.001,0.001,0.001,0.001,15,"minP"
"V-PCA","Int-Euclidean",0.001,0.001,0.001,0.001,0.001,0.001,15,"minP"
"V-PCA","Hausdorff",0.001,0.001,0.001,0.001,0.001,0.001,15,"minP"
"V-PCA","Ichino-Yaguchi",0.001,0.001,0.001,0.001,0.001,0.001,15,"minP"
"V-PCA","Wasserstein",0.001,0.001,0.001,0.001,0.001,0.001,15,"minP"
"V-PCA","Centers-Euclidean",0.001,0.001,0.001,0.001,0.001,0.001,15,"minP"
"MR-PCA","Int-Euclidean",0.001,0.001,0.001,0.001,0.001,0.001,15,"minP"
"MR-PCA","Hausdorff",0.001,0.001,0.001,0.001,0.001,0.001,15,"minP"
"MR-PCA","Ichino-Yaguchi",0.001,0.001,0.001,0.001,0.001,0.001,15,"minP"
"MR-PCA","Wasserstein",0.001,0.001,0.001,0.001,0.001,0.001,15,"minP"
"MR-PCA","Centers-Euclidean",0.001,0.001,0.001,0.001,0.001,0.001,15,"minP"
"SPCA","Int-Euclidean",0.001,0.001,0.001,0.001,0.001,0.001,15,"minP"
"SPCA","Hausdorff",0.001,0.001,0.001,0.001,0.001,0.001,15,"minP"
"SPCA","Ichino-Yaguchi",0.001,0.001,0.001,0.001,0.001,0.001,15,"minP"
"SPCA","Wasserstein",0.001,0.001,0.001,0.001,0.001,0.001,15,"minP"
"SPCA","Centers-Euclidean",0.001,0.001,0.001,0.001,0.001,0.001,15,"minP"
"IMDS","Int-Euclidean",0.001,0.001,0.001,0.001,0.001,0.138,15,"minP"
"IMDS","Hausdorff",0.001,0.001,0.001,0.001,0.001,0.956,15,"minP"
"IMDS","Ichino-Yaguchi",0.001,0.001,0.001,0.001,0.001,0.999,15,"minP"
"IMDS","Wasserstein",0.001,0.001,0.001,0.001,0.001,0.639,15,"minP"
"IMDS","Centers-Euclidean",0.001,0.001,0.001,0.001,0.001,0.994,15,"minP"
"Int-UMAP","Int-Euclidean",0.001,0.001,0.001,0.012,0.001,0.001,15,"minP"
"Int-UMAP","Hausdorff",0.001,0.001,0.001,0.021,0.001,0.001,15,"minP"
"Int-UMAP","Ichino-Yaguchi",0.001,0.001,0.001,0.033,0.001,0.001,15,"minP"
"Int-UMAP","Wasserstein",0.001,0.001,0.001,0.017,0.001,0.001,15,"minP"
"Int-UMAP","Centers-Euclidean",0.001,0.001,0.001,0.016,0.001,0.001,15,"minP"
"C-PCA","Int-Euclidean",0.001,0.001,0.001,0.001,0.001,0.001,16,"raw"
"C-PCA","Hausdorff",0.001,0.001,0.001,0.001,0.001,0.001,16,"raw"
"C-PCA","Ichino-Yaguchi",0.001,0.001,0.001,0.001,0.001,0.001,16,"raw"
"C-PCA","Wasserstein",0.001,0.001,0.001,0.001,0.001,0.001,16,"raw"
"C-PCA","Centers-Euclidean",0.001,0.001,0.001,0.001,0.001,0.001,16,"raw"
"V-PCA","Int-Euclidean",0.001,0.001,0.001,0.001,0.001,0.001,16,"raw"
"V-PCA","Hausdorff",0.001,0.001,0.001,0.001,0.001,0.001,16,"raw"
"V-PCA","Ichino-Yaguchi",0.001,0.001,0.001,0.001,0.001,0.001,16,"raw"
"V-PCA","Wasserstein",0.001,0.001,0.001,0.001,0.001,0.001,16,"raw"
"V-PCA","Centers-Euclidean",0.001,0.001,0.001,0.001,0.001,0.001,16,"raw"
"MR-PCA","Int-Euclidean",0.001,0.001,0.001,0.001,0.001,0.001,16,"raw"
"MR-PCA","Hausdorff",0.001,0.001,0.001,0.001,0.001,0.001,16,"raw"
"MR-PCA","Ichino-Yaguchi",0.001,0.001,0.001,0.001,0.001,0.001,16,"raw"
"MR-PCA","Wasserstein",0.001,0.001,0.001,0.001,0.001,0.001,16,"raw"
"MR-PCA","Centers-Euclidean",0.001,0.001,0.001,0.001,0.001,0.001,16,"raw"
"SPCA","Int-Euclidean",0.001,0.001,0.001,0.001,0.001,0.001,16,"raw"
"SPCA","Hausdorff",0.001,0.001,0.001,0.001,0.001,0.001,16,"raw"
"SPCA","Ichino-Yaguchi",0.001,0.001,0.001,0.001,0.001,0.001,16,"raw"
"SPCA","Wasserstein",0.001,0.001,0.001,0.001,0.001,0.001,16,"raw"
"SPCA","Centers-Euclidean",0.001,0.001,0.001,0.001,0.001,0.001,16,"raw"
"IMDS","Int-Euclidean",0.001,0.001,0.001,0.001,0.001,0.225,16,"raw"
"IMDS","Hausdorff",0.001,0.001,0.001,0.001,0.001,0.631,16,"raw"
"IMDS","Ichino-Yaguchi",0.001,0.001,0.001,0.001,0.001,0.313,16,"raw"
"IMDS","Wasserstein",0.001,0.001,0.001,0.001,0.001,0.613,16,"raw"
"IMDS","Centers-Euclidean",0.001,0.001,0.001,0.001,0.001,0.012,16,"raw"
"Int-UMAP","Int-Euclidean",0.001,0.003,0.001,0.21,0.001,0.001,16,"raw"
"Int-UMAP","Hausdorff",0.001,0.002,0.001,0.243,0.001,0.001,16,"raw"
"Int-UMAP","Ichino-Yaguchi",0.001,0.003,0.001,0.261,0.001,0.001,16,"raw"
"Int-UMAP","Wasserstein",0.001,0.003,0.001,0.228,0.001,0.001,16,"raw"
"Int-UMAP","Centers-Euclidean",0.001,0.003,0.001,0.219,0.001,0.001,16,"raw"
"C-PCA","Int-Euclidean",0.001,0.001,0.001,0.001,0.001,0.001,16,"minP"
"C-PCA","Hausdorff",0.001,0.001,0.001,0.001,0.001,0.001,16,"minP"
"C-PCA","Ichino-Yaguchi",0.001,0.001,0.001,0.001,0.001,0.001,16,"minP"
"C-PCA","Wasserstein",0.001,0.001,0.001,0.001,0.001,0.001,16,"minP"
"C-PCA","Centers-Euclidean",0.001,0.001,0.001,0.001,0.001,0.001,16,"minP"
"V-PCA","Int-Euclidean",0.001,0.001,0.001,0.001,0.001,0.001,16,"minP"
"V-PCA","Hausdorff",0.001,0.001,0.001,0.001,0.001,0.001,16,"minP"
"V-PCA","Ichino-Yaguchi",0.001,0.001,0.001,0.001,0.001,0.001,16,"minP"
"V-PCA","Wasserstein",0.001,0.001,0.001,0.001,0.001,0.001,16,"minP"
"V-PCA","Centers-Euclidean",0.001,0.001,0.001,0.001,0.001,0.001,16,"minP"
"MR-PCA","Int-Euclidean",0.001,0.001,0.001,0.001,0.001,0.001,16,"minP"
"MR-PCA","Hausdorff",0.001,0.001,0.001,0.001,0.001,0.001,16,"minP"
"MR-PCA","Ichino-Yaguchi",0.001,0.001,0.001,0.001,0.001,0.001,16,"minP"
"MR-PCA","Wasserstein",0.001,0.001,0.001,0.001,0.001,0.001,16,"minP"
"MR-PCA","Centers-Euclidean",0.001,0.001,0.001,0.001,0.001,0.001,16,"minP"
"SPCA","Int-Euclidean",0.001,0.001,0.001,0.001,0.001,0.001,16,"minP"
"SPCA","Hausdorff",0.001,0.001,0.001,0.001,0.001,0.001,16,"minP"
"SPCA","Ichino-Yaguchi",0.001,0.001,0.001,0.001,0.001,0.001,16,"minP"
"SPCA","Wasserstein",0.001,0.001,0.001,0.001,0.001,0.001,16,"minP"
"SPCA","Centers-Euclidean",0.001,0.001,0.001,0.001,0.001,0.001,16,"minP"
"IMDS","Int-Euclidean",0.001,0.001,0.001,0.001,0.001,0.796,16,"minP"
"IMDS","Hausdorff",0.001,0.001,0.001,0.001,0.001,0.998,16,"minP"
"IMDS","Ichino-Yaguchi",0.001,0.001,0.001,0.001,0.001,0.905,16,"minP"
"IMDS","Wasserstein",0.001,0.001,0.001,0.001,0.001,0.998,16,"minP"
"IMDS","Centers-Euclidean",0.001,0.001,0.001,0.001,0.001,0.08,16,"minP"
"Int-UMAP","Int-Euclidean",0.001,0.007,0.001,0.45,0.001,0.001,16,"minP"
"Int-UMAP","Hausdorff",0.001,0.003,0.001,0.514,0.001,0.001,16,"minP"
"Int-UMAP","Ichino-Yaguchi",0.001,0.007,0.001,0.541,0.001,0.001,16,"minP"
"Int-UMAP","Wasserstein",0.001,0.007,0.001,0.488,0.001,0.001,16,"minP"
"Int-UMAP","Centers-Euclidean",0.001,0.007,0.001,0.469,0.001,0.001,16,"minP"
"C-PCA","Int-Euclidean",0.001,0.001,0.001,0.001,0.001,0.001,17,"raw"
"C-PCA","Hausdorff",0.001,0.001,0.001,0.001,0.001,0.001,17,"raw"
"C-PCA","Ichino-Yaguchi",0.001,0.001,0.001,0.001,0.001,0.001,17,"raw"
"C-PCA","Wasserstein",0.001,0.001,0.001,0.001,0.001,0.001,17,"raw"
"C-PCA","Centers-Euclidean",0.001,0.001,0.001,0.001,0.001,0.001,17,"raw"
"V-PCA","Int-Euclidean",0.001,0.001,0.001,0.001,0.001,0.001,17,"raw"
"V-PCA","Hausdorff",0.001,0.001,0.001,0.001,0.001,0.001,17,"raw"
"V-PCA","Ichino-Yaguchi",0.001,0.001,0.001,0.001,0.001,0.001,17,"raw"
"V-PCA","Wasserstein",0.001,0.001,0.001,0.001,0.001,0.001,17,"raw"
"V-PCA","Centers-Euclidean",0.001,0.001,0.001,0.001,0.001,0.001,17,"raw"
"MR-PCA","Int-Euclidean",0.001,0.001,0.001,0.001,0.001,0.001,17,"raw"
"MR-PCA","Hausdorff",0.001,0.001,0.001,0.001,0.001,0.001,17,"raw"
"MR-PCA","Ichino-Yaguchi",0.001,0.001,0.001,0.001,0.001,0.001,17,"raw"
"MR-PCA","Wasserstein",0.001,0.001,0.001,0.001,0.001,0.001,17,"raw"
"MR-PCA","Centers-Euclidean",0.001,0.001,0.001,0.001,0.001,0.001,17,"raw"
"SPCA","Int-Euclidean",0.001,0.001,0.001,0.001,0.001,0.001,17,"raw"
"SPCA","Hausdorff",0.001,0.001,0.001,0.001,0.001,0.001,17,"raw"
"SPCA","Ichino-Yaguchi",0.001,0.001,0.001,0.001,0.001,0.001,17,"raw"
"SPCA","Wasserstein",0.001,0.001,0.001,0.001,0.001,0.001,17,"raw"
"SPCA","Centers-Euclidean",0.001,0.001,0.001,0.001,0.001,0.001,17,"raw"
"IMDS","Int-Euclidean",0.001,0.001,0.001,0.001,0.001,0.014,17,"raw"
"IMDS","Hausdorff",0.001,0.001,0.001,0.001,0.001,0.028,17,"raw"
"IMDS","Ichino-Yaguchi",0.001,0.001,0.001,0.001,0.001,0.044,17,"raw"
"IMDS","Wasserstein",0.001,0.001,0.001,0.001,0.001,0.023,17,"raw"
"IMDS","Centers-Euclidean",0.001,0.001,0.001,0.001,0.001,0.001,17,"raw"
"Int-UMAP","Int-Euclidean",0.001,0.066,0.001,0.096,0.001,0.001,17,"raw"
"Int-UMAP","Hausdorff",0.001,0.146,0.001,0.628,0.001,0.001,17,"raw"
"Int-UMAP","Ichino-Yaguchi",0.001,0.261,0.001,0.599,0.001,0.001,17,"raw"
"Int-UMAP","Wasserstein",0.001,0.157,0.001,0.523,0.001,0.001,17,"raw"
"Int-UMAP","Centers-Euclidean",0.001,0.034,0.001,0.262,0.001,0.001,17,"raw"
"C-PCA","Int-Euclidean",0.001,0.001,0.001,0.001,0.001,0.001,17,"minP"
"C-PCA","Hausdorff",0.001,0.001,0.001,0.001,0.001,0.001,17,"minP"
"C-PCA","Ichino-Yaguchi",0.001,0.001,0.001,0.001,0.001,0.001,17,"minP"
"C-PCA","Wasserstein",0.001,0.001,0.001,0.001,0.001,0.001,17,"minP"
"C-PCA","Centers-Euclidean",0.001,0.001,0.001,0.001,0.001,0.001,17,"minP"
"V-PCA","Int-Euclidean",0.001,0.001,0.001,0.001,0.001,0.001,17,"minP"
"V-PCA","Hausdorff",0.001,0.001,0.001,0.001,0.001,0.001,17,"minP"
"V-PCA","Ichino-Yaguchi",0.001,0.001,0.001,0.001,0.001,0.001,17,"minP"
"V-PCA","Wasserstein",0.001,0.001,0.001,0.001,0.001,0.001,17,"minP"
"V-PCA","Centers-Euclidean",0.001,0.001,0.001,0.001,0.001,0.001,17,"minP"
"MR-PCA","Int-Euclidean",0.001,0.001,0.001,0.001,0.001,0.001,17,"minP"
"MR-PCA","Hausdorff",0.001,0.001,0.001,0.001,0.001,0.001,17,"minP"
"MR-PCA","Ichino-Yaguchi",0.001,0.001,0.001,0.001,0.001,0.001,17,"minP"
"MR-PCA","Wasserstein",0.001,0.001,0.001,0.001,0.001,0.001,17,"minP"
"MR-PCA","Centers-Euclidean",0.001,0.001,0.001,0.001,0.001,0.001,17,"minP"
"SPCA","Int-Euclidean",0.001,0.001,0.001,0.001,0.001,0.001,17,"minP"
"SPCA","Hausdorff",0.001,0.001,0.001,0.001,0.001,0.001,17,"minP"
"SPCA","Ichino-Yaguchi",0.001,0.001,0.001,0.001,0.001,0.001,17,"minP"
"SPCA","Wasserstein",0.001,0.001,0.001,0.001,0.001,0.001,17,"minP"
"SPCA","Centers-Euclidean",0.001,0.001,0.001,0.001,0.001,0.001,17,"minP"
"IMDS","Int-Euclidean",0.001,0.001,0.001,0.001,0.001,0.09,17,"minP"
"IMDS","Hausdorff",0.001,0.001,0.001,0.001,0.001,0.172,17,"minP"
"IMDS","Ichino-Yaguchi",0.001,0.001,0.001,0.001,0.001,0.247,17,"minP"
"IMDS","Wasserstein",0.001,0.001,0.001,0.001,0.001,0.145,17,"minP"
"IMDS","Centers-Euclidean",0.001,0.001,0.001,0.001,0.001,0.001,17,"minP"
"Int-UMAP","Int-Euclidean",0.001,0.163,0.001,0.238,0.001,0.001,17,"minP"
"Int-UMAP","Hausdorff",0.001,0.341,0.001,0.916,0.001,0.001,17,"minP"
"Int-UMAP","Ichino-Yaguchi",0.001,0.536,0.001,0.895,0.001,0.001,17,"minP"
"Int-UMAP","Wasserstein",0.001,0.358,0.001,0.854,0.001,0.001,17,"minP"
"Int-UMAP","Centers-Euclidean",0.001,0.088,0.001,0.543,0.001,0.001,17,"minP"
"C-PCA","Int-Euclidean",0.001,0.001,0.001,0.001,0.001,0.001,18,"raw"
"C-PCA","Hausdorff",0.001,0.001,0.001,0.001,0.001,0.001,18,"raw"
"C-PCA","Ichino-Yaguchi",0.001,0.001,0.001,0.001,0.001,0.001,18,"raw"
"C-PCA","Wasserstein",0.001,0.001,0.001,0.001,0.001,0.001,18,"raw"
"C-PCA","Centers-Euclidean",0.001,0.001,0.001,0.001,0.001,0.001,18,"raw"
"V-PCA","Int-Euclidean",0.001,0.001,0.001,0.001,0.001,0.001,18,"raw"
"V-PCA","Hausdorff",0.001,0.001,0.001,0.001,0.001,0.001,18,"raw"
"V-PCA","Ichino-Yaguchi",0.001,0.001,0.001,0.001,0.001,0.001,18,"raw"
"V-PCA","Wasserstein",0.001,0.001,0.001,0.001,0.001,0.001,18,"raw"
"V-PCA","Centers-Euclidean",0.001,0.001,0.001,0.001,0.001,0.001,18,"raw"
"MR-PCA","Int-Euclidean",0.001,0.001,0.001,0.001,0.001,0.001,18,"raw"
"MR-PCA","Hausdorff",0.001,0.001,0.001,0.001,0.001,0.001,18,"raw"
"MR-PCA","Ichino-Yaguchi",0.001,0.001,0.001,0.001,0.001,0.001,18,"raw"
"MR-PCA","Wasserstein",0.001,0.001,0.001,0.001,0.001,0.001,18,"raw"
"MR-PCA","Centers-Euclidean",0.001,0.001,0.001,0.001,0.001,0.001,18,"raw"
"SPCA","Int-Euclidean",0.001,0.001,0.001,0.001,0.001,0.001,18,"raw"
"SPCA","Hausdorff",0.001,0.001,0.001,0.001,0.001,0.001,18,"raw"
"SPCA","Ichino-Yaguchi",0.001,0.001,0.001,0.001,0.001,0.001,18,"raw"
"SPCA","Wasserstein",0.001,0.001,0.001,0.001,0.001,0.001,18,"raw"
"SPCA","Centers-Euclidean",0.001,0.001,0.001,0.001,0.001,0.001,18,"raw"
"IMDS","Int-Euclidean",0.001,0.001,0.001,0.001,0.001,0.168,18,"raw"
"IMDS","Hausdorff",0.001,0.055,0.001,0.001,0.001,0.961,18,"raw"
"IMDS","Ichino-Yaguchi",0.001,0.007,0.001,0.001,0.001,0.104,18,"raw"
"IMDS","Wasserstein",0.001,0.001,0.001,0.001,0.001,0.944,18,"raw"
"IMDS","Centers-Euclidean",0.001,0.001,0.001,0.001,0.001,0.001,18,"raw"
"Int-UMAP","Int-Euclidean",0.001,0.001,0.001,0.001,0.001,0.001,18,"raw"
"Int-UMAP","Hausdorff",0.001,0.001,0.001,0.004,0.001,0.001,18,"raw"
"Int-UMAP","Ichino-Yaguchi",0.001,0.001,0.001,0.005,0.001,0.001,18,"raw"
"Int-UMAP","Wasserstein",0.001,0.001,0.001,0.004,0.001,0.001,18,"raw"
"Int-UMAP","Centers-Euclidean",0.001,0.001,0.001,0.003,0.001,0.001,18,"raw"
"C-PCA","Int-Euclidean",0.001,0.001,0.001,0.001,0.001,0.001,18,"minP"
"C-PCA","Hausdorff",0.001,0.001,0.001,0.001,0.001,0.001,18,"minP"
"C-PCA","Ichino-Yaguchi",0.001,0.001,0.001,0.001,0.001,0.001,18,"minP"
"C-PCA","Wasserstein",0.001,0.001,0.001,0.001,0.001,0.001,18,"minP"
"C-PCA","Centers-Euclidean",0.001,0.001,0.001,0.001,0.001,0.001,18,"minP"
"V-PCA","Int-Euclidean",0.001,0.001,0.001,0.001,0.001,0.001,18,"minP"
"V-PCA","Hausdorff",0.001,0.001,0.001,0.001,0.001,0.001,18,"minP"
"V-PCA","Ichino-Yaguchi",0.001,0.001,0.001,0.001,0.001,0.001,18,"minP"
"V-PCA","Wasserstein",0.001,0.001,0.001,0.001,0.001,0.001,18,"minP"
"V-PCA","Centers-Euclidean",0.001,0.001,0.001,0.001,0.001,0.001,18,"minP"
"MR-PCA","Int-Euclidean",0.001,0.001,0.001,0.001,0.001,0.001,18,"minP"
"MR-PCA","Hausdorff",0.001,0.001,0.001,0.001,0.001,0.001,18,"minP"
"MR-PCA","Ichino-Yaguchi",0.001,0.001,0.001,0.001,0.001,0.001,18,"minP"
"MR-PCA","Wasserstein",0.001,0.001,0.001,0.001,0.001,0.001,18,"minP"
"MR-PCA","Centers-Euclidean",0.001,0.001,0.001,0.001,0.001,0.001,18,"minP"
"SPCA","Int-Euclidean",0.001,0.001,0.001,0.001,0.001,0.001,18,"minP"
"SPCA","Hausdorff",0.001,0.001,0.001,0.001,0.001,0.001,18,"minP"
"SPCA","Ichino-Yaguchi",0.001,0.001,0.001,0.001,0.001,0.001,18,"minP"
"SPCA","Wasserstein",0.001,0.001,0.001,0.001,0.001,0.001,18,"minP"
"SPCA","Centers-Euclidean",0.001,0.001,0.001,0.001,0.001,0.001,18,"minP"
"IMDS","Int-Euclidean",0.001,0.001,0.001,0.001,0.001,0.669,18,"minP"
"IMDS","Hausdorff",0.001,0.287,0.001,0.001,0.001,1,18,"minP"
"IMDS","Ichino-Yaguchi",0.001,0.036,0.001,0.001,0.001,0.504,18,"minP"
"IMDS","Wasserstein",0.001,0.001,0.001,0.001,0.001,1,18,"minP"
"IMDS","Centers-Euclidean",0.001,0.001,0.001,0.001,0.001,0.001,18,"minP"
"Int-UMAP","Int-Euclidean",0.001,0.001,0.001,0.001,0.001,0.001,18,"minP"
"Int-UMAP","Hausdorff",0.001,0.001,0.001,0.009,0.001,0.001,18,"minP"
"Int-UMAP","Ichino-Yaguchi",0.001,0.001,0.001,0.012,0.001,0.001,18,"minP"
"Int-UMAP","Wasserstein",0.001,0.001,0.001,0.009,0.001,0.001,18,"minP"
"Int-UMAP","Centers-Euclidean",0.001,0.001,0.001,0.006,0.001,0.001,18,"minP"
"C-PCA","Int-Euclidean",0.001,0.001,0.001,0.001,0.001,0.001,19,"raw"
"C-PCA","Hausdorff",0.001,0.001,0.001,0.001,0.001,0.001,19,"raw"
"C-PCA","Ichino-Yaguchi",0.001,0.001,0.001,0.001,0.001,0.001,19,"raw"
"C-PCA","Wasserstein",0.001,0.001,0.001,0.001,0.001,0.001,19,"raw"
"C-PCA","Centers-Euclidean",0.001,0.001,0.001,0.001,0.001,0.001,19,"raw"
"V-PCA","Int-Euclidean",0.001,0.001,0.001,0.001,0.001,0.001,19,"raw"
"V-PCA","Hausdorff",0.001,0.001,0.001,0.001,0.001,0.001,19,"raw"
"V-PCA","Ichino-Yaguchi",0.001,0.001,0.001,0.001,0.001,0.001,19,"raw"
"V-PCA","Wasserstein",0.001,0.001,0.001,0.001,0.001,0.001,19,"raw"
"V-PCA","Centers-Euclidean",0.001,0.001,0.001,0.001,0.001,0.001,19,"raw"
"MR-PCA","Int-Euclidean",0.001,0.001,0.001,0.001,0.001,0.001,19,"raw"
"MR-PCA","Hausdorff",0.001,0.001,0.001,0.001,0.001,0.001,19,"raw"
"MR-PCA","Ichino-Yaguchi",0.001,0.001,0.001,0.001,0.001,0.001,19,"raw"
"MR-PCA","Wasserstein",0.001,0.001,0.001,0.001,0.001,0.001,19,"raw"
"MR-PCA","Centers-Euclidean",0.001,0.001,0.001,0.001,0.001,0.001,19,"raw"
"SPCA","Int-Euclidean",0.001,0.001,0.001,0.001,0.001,0.001,19,"raw"
"SPCA","Hausdorff",0.001,0.001,0.001,0.001,0.001,0.001,19,"raw"
"SPCA","Ichino-Yaguchi",0.001,0.001,0.001,0.001,0.001,0.001,19,"raw"
"SPCA","Wasserstein",0.001,0.001,0.001,0.001,0.001,0.001,19,"raw"
"SPCA","Centers-Euclidean",0.001,0.001,0.001,0.001,0.001,0.001,19,"raw"
"IMDS","Int-Euclidean",0.001,0.001,0.001,0.001,0.001,0.289,19,"raw"
"IMDS","Hausdorff",0.001,0.487,0.001,0.304,0.001,0.863,19,"raw"
"IMDS","Ichino-Yaguchi",0.001,0.025,0.001,0.667,0.001,0.713,19,"raw"
"IMDS","Wasserstein",0.001,0.171,0.001,0.005,0.001,0.351,19,"raw"
"IMDS","Centers-Euclidean",0.001,0.001,0.001,0.001,0.001,0.099,19,"raw"
"Int-UMAP","Int-Euclidean",0.001,0.001,0.001,0.018,0.001,0.001,19,"raw"
"Int-UMAP","Hausdorff",0.001,0.001,0.001,0.025,0.001,0.001,19,"raw"
"Int-UMAP","Ichino-Yaguchi",0.001,0.001,0.001,0.047,0.001,0.001,19,"raw"
"Int-UMAP","Wasserstein",0.001,0.001,0.001,0.035,0.001,0.001,19,"raw"
"Int-UMAP","Centers-Euclidean",0.001,0.001,0.001,0.042,0.001,0.001,19,"raw"
"C-PCA","Int-Euclidean",0.001,0.001,0.001,0.001,0.001,0.001,19,"minP"
"C-PCA","Hausdorff",0.001,0.001,0.001,0.001,0.001,0.001,19,"minP"
"C-PCA","Ichino-Yaguchi",0.001,0.001,0.001,0.001,0.001,0.001,19,"minP"
"C-PCA","Wasserstein",0.001,0.001,0.001,0.001,0.001,0.001,19,"minP"
"C-PCA","Centers-Euclidean",0.001,0.001,0.001,0.001,0.001,0.001,19,"minP"
"V-PCA","Int-Euclidean",0.001,0.001,0.001,0.001,0.001,0.001,19,"minP"
"V-PCA","Hausdorff",0.001,0.001,0.001,0.001,0.001,0.001,19,"minP"
"V-PCA","Ichino-Yaguchi",0.001,0.001,0.001,0.001,0.001,0.001,19,"minP"
"V-PCA","Wasserstein",0.001,0.001,0.001,0.001,0.001,0.001,19,"minP"
"V-PCA","Centers-Euclidean",0.001,0.001,0.001,0.001,0.001,0.001,19,"minP"
"MR-PCA","Int-Euclidean",0.001,0.001,0.001,0.001,0.001,0.001,19,"minP"
"MR-PCA","Hausdorff",0.001,0.001,0.001,0.001,0.001,0.001,19,"minP"
"MR-PCA","Ichino-Yaguchi",0.001,0.001,0.001,0.001,0.001,0.001,19,"minP"
"MR-PCA","Wasserstein",0.001,0.001,0.001,0.001,0.001,0.001,19,"minP"
"MR-PCA","Centers-Euclidean",0.001,0.001,0.001,0.001,0.001,0.001,19,"minP"
"SPCA","Int-Euclidean",0.001,0.001,0.001,0.001,0.001,0.001,19,"minP"
"SPCA","Hausdorff",0.001,0.001,0.001,0.001,0.001,0.001,19,"minP"
"SPCA","Ichino-Yaguchi",0.001,0.001,0.001,0.001,0.001,0.001,19,"minP"
"SPCA","Wasserstein",0.001,0.001,0.001,0.001,0.001,0.001,19,"minP"
"SPCA","Centers-Euclidean",0.001,0.001,0.001,0.001,0.001,0.001,19,"minP"
"IMDS","Int-Euclidean",0.001,0.001,0.001,0.001,0.001,0.879,19,"minP"
"IMDS","Hausdorff",0.001,0.982,0.001,0.844,0.001,0.999,19,"minP"
"IMDS","Ichino-Yaguchi",0.001,0.148,0.001,1,0.001,0.998,19,"minP"
"IMDS","Wasserstein",0.001,0.651,0.001,0.027,0.001,0.922,19,"minP"
"IMDS","Centers-Euclidean",0.001,0.001,0.001,0.001,0.001,0.469,19,"minP"
"Int-UMAP","Int-Euclidean",0.001,0.001,0.001,0.051,0.001,0.001,19,"minP"
"Int-UMAP","Hausdorff",0.001,0.001,0.001,0.066,0.001,0.001,19,"minP"
"Int-UMAP","Ichino-Yaguchi",0.001,0.001,0.001,0.121,0.001,0.001,19,"minP"
"Int-UMAP","Wasserstein",0.001,0.001,0.001,0.094,0.001,0.001,19,"minP"
"Int-UMAP","Centers-Euclidean",0.001,0.001,0.001,0.114,0.001,0.001,19,"minP"
"C-PCA","Int-Euclidean",0.001,0.001,0.001,0.001,0.001,0.001,20,"raw"
"C-PCA","Hausdorff",0.001,0.001,0.001,0.001,0.001,0.001,20,"raw"
"C-PCA","Ichino-Yaguchi",0.001,0.001,0.001,0.001,0.001,0.001,20,"raw"
"C-PCA","Wasserstein",0.001,0.001,0.001,0.001,0.001,0.001,20,"raw"
"C-PCA","Centers-Euclidean",0.001,0.001,0.001,0.001,0.001,0.001,20,"raw"
"V-PCA","Int-Euclidean",0.001,0.001,0.001,0.001,0.001,0.001,20,"raw"
"V-PCA","Hausdorff",0.001,0.001,0.001,0.001,0.001,0.001,20,"raw"
"V-PCA","Ichino-Yaguchi",0.001,0.001,0.001,0.001,0.001,0.001,20,"raw"
"V-PCA","Wasserstein",0.001,0.001,0.001,0.001,0.001,0.001,20,"raw"
"V-PCA","Centers-Euclidean",0.001,0.001,0.001,0.001,0.001,0.001,20,"raw"
"MR-PCA","Int-Euclidean",0.001,0.001,0.001,0.001,0.001,0.001,20,"raw"
"MR-PCA","Hausdorff",0.001,0.001,0.001,0.001,0.001,0.001,20,"raw"
"MR-PCA","Ichino-Yaguchi",0.001,0.001,0.001,0.001,0.001,0.001,20,"raw"
"MR-PCA","Wasserstein",0.001,0.001,0.001,0.001,0.001,0.001,20,"raw"
"MR-PCA","Centers-Euclidean",0.001,0.001,0.001,0.001,0.001,0.001,20,"raw"
"SPCA","Int-Euclidean",0.001,0.001,0.001,0.001,0.001,0.001,20,"raw"
"SPCA","Hausdorff",0.001,0.001,0.001,0.001,0.001,0.001,20,"raw"
"SPCA","Ichino-Yaguchi",0.001,0.001,0.001,0.001,0.001,0.001,20,"raw"
"SPCA","Wasserstein",0.001,0.001,0.001,0.001,0.001,0.001,20,"raw"
"SPCA","Centers-Euclidean",0.001,0.001,0.001,0.001,0.001,0.001,20,"raw"
"IMDS","Int-Euclidean",0.001,0.162,0.001,0.016,0.001,0.285,20,"raw"
"IMDS","Hausdorff",0.001,0.569,0.001,0.001,0.001,0.003,20,"raw"
"IMDS","Ichino-Yaguchi",0.001,0.135,0.001,0.062,0.001,0.001,20,"raw"
"IMDS","Wasserstein",0.001,0.006,0.001,0.001,0.001,0.018,20,"raw"
"IMDS","Centers-Euclidean",0.001,0.001,0.001,0.001,0.001,0.001,20,"raw"
"Int-UMAP","Int-Euclidean",0.001,0.001,0.001,0.058,0.001,0.001,20,"raw"
"Int-UMAP","Hausdorff",0.001,0.001,0.001,0.053,0.001,0.001,20,"raw"
"Int-UMAP","Ichino-Yaguchi",0.001,0.001,0.001,0.079,0.001,0.001,20,"raw"
"Int-UMAP","Wasserstein",0.001,0.001,0.001,0.069,0.001,0.001,20,"raw"
"Int-UMAP","Centers-Euclidean",0.001,0.001,0.001,0.061,0.001,0.001,20,"raw"
"C-PCA","Int-Euclidean",0.001,0.001,0.001,0.001,0.001,0.001,20,"minP"
"C-PCA","Hausdorff",0.001,0.001,0.001,0.001,0.001,0.001,20,"minP"
"C-PCA","Ichino-Yaguchi",0.001,0.001,0.001,0.001,0.001,0.001,20,"minP"
"C-PCA","Wasserstein",0.001,0.001,0.001,0.001,0.001,0.001,20,"minP"
"C-PCA","Centers-Euclidean",0.001,0.001,0.001,0.001,0.001,0.001,20,"minP"
"V-PCA","Int-Euclidean",0.001,0.001,0.001,0.001,0.001,0.001,20,"minP"
"V-PCA","Hausdorff",0.001,0.001,0.001,0.001,0.001,0.001,20,"minP"
"V-PCA","Ichino-Yaguchi",0.001,0.001,0.001,0.001,0.001,0.001,20,"minP"
"V-PCA","Wasserstein",0.001,0.001,0.001,0.001,0.001,0.001,20,"minP"
"V-PCA","Centers-Euclidean",0.001,0.001,0.001,0.001,0.001,0.001,20,"minP"
"MR-PCA","Int-Euclidean",0.001,0.001,0.001,0.001,0.001,0.001,20,"minP"
"MR-PCA","Hausdorff",0.001,0.001,0.001,0.001,0.001,0.001,20,"minP"
"MR-PCA","Ichino-Yaguchi",0.001,0.001,0.001,0.001,0.001,0.001,20,"minP"
"MR-PCA","Wasserstein",0.001,0.001,0.001,0.001,0.001,0.001,20,"minP"
"MR-PCA","Centers-Euclidean",0.001,0.001,0.001,0.001,0.001,0.001,20,"minP"
"SPCA","Int-Euclidean",0.001,0.001,0.001,0.001,0.001,0.001,20,"minP"
"SPCA","Hausdorff",0.001,0.001,0.001,0.001,0.001,0.001,20,"minP"
"SPCA","Ichino-Yaguchi",0.001,0.001,0.001,0.001,0.001,0.001,20,"minP"
"SPCA","Wasserstein",0.001,0.001,0.001,0.001,0.001,0.001,20,"minP"
"SPCA","Centers-Euclidean",0.001,0.001,0.001,0.001,0.001,0.001,20,"minP"
"IMDS","Int-Euclidean",0.001,0.603,0.001,0.094,0.001,0.863,20,"minP"
"IMDS","Hausdorff",0.001,0.989,0.001,0.001,0.001,0.015,20,"minP"
"IMDS","Ichino-Yaguchi",0.001,0.55,0.001,0.31,0.001,0.001,20,"minP"
"IMDS","Wasserstein",0.001,0.033,0.001,0.001,0.001,0.114,20,"minP"
"IMDS","Centers-Euclidean",0.001,0.001,0.001,0.001,0.001,0.001,20,"minP"
"Int-UMAP","Int-Euclidean",0.001,0.001,0.001,0.141,0.001,0.001,20,"minP"
"Int-UMAP","Hausdorff",0.001,0.001,0.001,0.129,0.001,0.001,20,"minP"
"Int-UMAP","Ichino-Yaguchi",0.001,0.001,0.001,0.181,0.001,0.001,20,"minP"
"Int-UMAP","Wasserstein",0.001,0.001,0.001,0.161,0.001,0.001,20,"minP"
"Int-UMAP","Centers-Euclidean",0.001,0.001,0.001,0.148,0.001,0.001,20,"minP"
"C-PCA","Int-Euclidean",0.001,0.001,0.001,0.001,0.001,0.001,21,"raw"
"C-PCA","Hausdorff",0.001,0.001,0.001,0.001,0.001,0.001,21,"raw"
"C-PCA","Ichino-Yaguchi",0.001,0.001,0.001,0.001,0.001,0.001,21,"raw"
"C-PCA","Wasserstein",0.001,0.001,0.001,0.001,0.001,0.001,21,"raw"
"C-PCA","Centers-Euclidean",0.001,0.001,0.001,0.001,0.001,0.001,21,"raw"
"V-PCA","Int-Euclidean",0.001,0.001,0.001,0.001,0.001,0.001,21,"raw"
"V-PCA","Hausdorff",0.001,0.001,0.001,0.001,0.001,0.001,21,"raw"
"V-PCA","Ichino-Yaguchi",0.001,0.001,0.001,0.001,0.001,0.001,21,"raw"
"V-PCA","Wasserstein",0.001,0.001,0.001,0.001,0.001,0.001,21,"raw"
"V-PCA","Centers-Euclidean",0.001,0.001,0.001,0.001,0.001,0.001,21,"raw"
"MR-PCA","Int-Euclidean",0.001,0.001,0.001,0.001,0.001,0.001,21,"raw"
"MR-PCA","Hausdorff",0.001,0.001,0.001,0.001,0.001,0.001,21,"raw"
"MR-PCA","Ichino-Yaguchi",0.001,0.001,0.001,0.001,0.001,0.001,21,"raw"
"MR-PCA","Wasserstein",0.001,0.001,0.001,0.001,0.001,0.001,21,"raw"
"MR-PCA","Centers-Euclidean",0.001,0.001,0.001,0.001,0.001,0.001,21,"raw"
"SPCA","Int-Euclidean",0.001,0.001,0.001,0.001,0.001,0.001,21,"raw"
"SPCA","Hausdorff",0.001,0.001,0.001,0.001,0.001,0.001,21,"raw"
"SPCA","Ichino-Yaguchi",0.001,0.001,0.001,0.001,0.001,0.001,21,"raw"
"SPCA","Wasserstein",0.001,0.001,0.001,0.001,0.001,0.001,21,"raw"
"SPCA","Centers-Euclidean",0.001,0.001,0.001,0.001,0.001,0.001,21,"raw"
"IMDS","Int-Euclidean",0.001,0.001,0.001,0.001,0.001,0.001,21,"raw"
"IMDS","Hausdorff",0.001,0.003,0.001,0.001,0.001,0.006,21,"raw"
"IMDS","Ichino-Yaguchi",0.001,0.391,0.001,0.162,0.001,0.025,21,"raw"
"IMDS","Wasserstein",0.001,0.001,0.001,0.001,0.001,0.25,21,"raw"
"IMDS","Centers-Euclidean",0.001,0.001,0.001,0.001,0.001,0.113,21,"raw"
"Int-UMAP","Int-Euclidean",0.001,0.001,0.001,0.109,0.001,0.001,21,"raw"
"Int-UMAP","Hausdorff",0.001,0.001,0.001,0.291,0.001,0.001,21,"raw"
"Int-UMAP","Ichino-Yaguchi",0.001,0.001,0.001,0.102,0.001,0.001,21,"raw"
"Int-UMAP","Wasserstein",0.001,0.001,0.001,0.199,0.001,0.001,21,"raw"
"Int-UMAP","Centers-Euclidean",0.001,0.001,0.001,0.244,0.001,0.001,21,"raw"
"C-PCA","Int-Euclidean",0.001,0.001,0.001,0.001,0.001,0.001,21,"minP"
"C-PCA","Hausdorff",0.001,0.001,0.001,0.001,0.001,0.001,21,"minP"
"C-PCA","Ichino-Yaguchi",0.001,0.001,0.001,0.001,0.001,0.001,21,"minP"
"C-PCA","Wasserstein",0.001,0.001,0.001,0.001,0.001,0.001,21,"minP"
"C-PCA","Centers-Euclidean",0.001,0.001,0.001,0.001,0.001,0.001,21,"minP"
"V-PCA","Int-Euclidean",0.001,0.001,0.001,0.001,0.001,0.001,21,"minP"
"V-PCA","Hausdorff",0.001,0.001,0.001,0.001,0.001,0.001,21,"minP"
"V-PCA","Ichino-Yaguchi",0.001,0.001,0.001,0.001,0.001,0.001,21,"minP"
"V-PCA","Wasserstein",0.001,0.001,0.001,0.001,0.001,0.001,21,"minP"
"V-PCA","Centers-Euclidean",0.001,0.001,0.001,0.001,0.001,0.001,21,"minP"
"MR-PCA","Int-Euclidean",0.001,0.001,0.001,0.001,0.001,0.001,21,"minP"
"MR-PCA","Hausdorff",0.001,0.001,0.001,0.001,0.001,0.001,21,"minP"
"MR-PCA","Ichino-Yaguchi",0.001,0.001,0.001,0.001,0.001,0.001,21,"minP"
"MR-PCA","Wasserstein",0.001,0.001,0.001,0.001,0.001,0.001,21,"minP"
"MR-PCA","Centers-Euclidean",0.001,0.001,0.001,0.001,0.001,0.001,21,"minP"
"SPCA","Int-Euclidean",0.001,0.001,0.001,0.001,0.001,0.001,21,"minP"
"SPCA","Hausdorff",0.001,0.001,0.001,0.001,0.001,0.001,21,"minP"
"SPCA","Ichino-Yaguchi",0.001,0.001,0.001,0.001,0.001,0.001,21,"minP"
"SPCA","Wasserstein",0.001,0.001,0.001,0.001,0.001,0.001,21,"minP"
"SPCA","Centers-Euclidean",0.001,0.001,0.001,0.001,0.001,0.001,21,"minP"
"IMDS","Int-Euclidean",0.001,0.001,0.001,0.001,0.001,0.001,21,"minP"
"IMDS","Hausdorff",0.001,0.019,0.001,0.001,0.001,0.037,21,"minP"
"IMDS","Ichino-Yaguchi",0.001,0.919,0.001,0.618,0.001,0.162,21,"minP"
"IMDS","Wasserstein",0.001,0.001,0.001,0.001,0.001,0.828,21,"minP"
"IMDS","Centers-Euclidean",0.001,0.001,0.001,0.001,0.001,0.539,21,"minP"
"Int-UMAP","Int-Euclidean",0.001,0.001,0.001,0.265,0.001,0.001,21,"minP"
"Int-UMAP","Hausdorff",0.001,0.001,0.001,0.573,0.001,0.001,21,"minP"
"Int-UMAP","Ichino-Yaguchi",0.001,0.001,0.001,0.254,0.001,0.001,21,"minP"
"Int-UMAP","Wasserstein",0.001,0.001,0.001,0.433,0.001,0.001,21,"minP"
"Int-UMAP","Centers-Euclidean",0.001,0.001,0.001,0.503,0.001,0.001,21,"minP"
"C-PCA","Int-Euclidean",0.001,0.001,0.001,0.001,0.001,0.001,22,"raw"
"C-PCA","Hausdorff",0.001,0.001,0.001,0.001,0.001,0.001,22,"raw"
"C-PCA","Ichino-Yaguchi",0.001,0.001,0.001,0.001,0.001,0.001,22,"raw"
"C-PCA","Wasserstein",0.001,0.001,0.001,0.001,0.001,0.001,22,"raw"
"C-PCA","Centers-Euclidean",0.001,0.001,0.001,0.001,0.001,0.001,22,"raw"
"V-PCA","Int-Euclidean",0.001,0.001,0.001,0.001,0.001,0.001,22,"raw"
"V-PCA","Hausdorff",0.001,0.001,0.001,0.001,0.001,0.001,22,"raw"
"V-PCA","Ichino-Yaguchi",0.001,0.001,0.001,0.001,0.001,0.001,22,"raw"
"V-PCA","Wasserstein",0.001,0.001,0.001,0.001,0.001,0.001,22,"raw"
"V-PCA","Centers-Euclidean",0.001,0.001,0.001,0.001,0.001,0.001,22,"raw"
"MR-PCA","Int-Euclidean",0.001,0.001,0.001,0.001,0.001,0.001,22,"raw"
"MR-PCA","Hausdorff",0.001,0.001,0.001,0.001,0.001,0.001,22,"raw"
"MR-PCA","Ichino-Yaguchi",0.001,0.001,0.001,0.001,0.001,0.001,22,"raw"
"MR-PCA","Wasserstein",0.001,0.001,0.001,0.001,0.001,0.001,22,"raw"
"MR-PCA","Centers-Euclidean",0.001,0.001,0.001,0.001,0.001,0.001,22,"raw"
"SPCA","Int-Euclidean",0.001,0.001,0.001,0.001,0.001,0.001,22,"raw"
"SPCA","Hausdorff",0.001,0.001,0.001,0.001,0.001,0.001,22,"raw"
"SPCA","Ichino-Yaguchi",0.001,0.001,0.001,0.001,0.001,0.001,22,"raw"
"SPCA","Wasserstein",0.001,0.001,0.001,0.001,0.001,0.001,22,"raw"
"SPCA","Centers-Euclidean",0.001,0.001,0.001,0.001,0.001,0.001,22,"raw"
"IMDS","Int-Euclidean",0.001,0.001,0.001,0.001,0.001,0.001,22,"raw"
"IMDS","Hausdorff",0.001,0.001,0.001,0.001,0.001,0.291,22,"raw"
"IMDS","Ichino-Yaguchi",0.001,0.001,0.001,0.001,0.001,0.265,22,"raw"
"IMDS","Wasserstein",0.001,0.001,0.001,0.001,0.001,0.878,22,"raw"
"IMDS","Centers-Euclidean",0.001,0.001,0.001,0.001,0.001,0.001,22,"raw"
"Int-UMAP","Int-Euclidean",0.001,0.001,0.001,0.035,0.001,0.001,22,"raw"
"Int-UMAP","Hausdorff",0.001,0.002,0.001,0.037,0.001,0.001,22,"raw"
"Int-UMAP","Ichino-Yaguchi",0.001,0.001,0.001,0.047,0.001,0.001,22,"raw"
"Int-UMAP","Wasserstein",0.001,0.001,0.001,0.041,0.001,0.001,22,"raw"
"Int-UMAP","Centers-Euclidean",0.001,0.001,0.001,0.034,0.001,0.001,22,"raw"
"C-PCA","Int-Euclidean",0.001,0.001,0.001,0.001,0.001,0.001,22,"minP"
"C-PCA","Hausdorff",0.001,0.001,0.001,0.001,0.001,0.001,22,"minP"
"C-PCA","Ichino-Yaguchi",0.001,0.001,0.001,0.001,0.001,0.001,22,"minP"
"C-PCA","Wasserstein",0.001,0.001,0.001,0.001,0.001,0.001,22,"minP"
"C-PCA","Centers-Euclidean",0.001,0.001,0.001,0.001,0.001,0.001,22,"minP"
"V-PCA","Int-Euclidean",0.001,0.001,0.001,0.001,0.001,0.001,22,"minP"
"V-PCA","Hausdorff",0.001,0.001,0.001,0.001,0.001,0.001,22,"minP"
"V-PCA","Ichino-Yaguchi",0.001,0.001,0.001,0.001,0.001,0.001,22,"minP"
"V-PCA","Wasserstein",0.001,0.001,0.001,0.001,0.001,0.001,22,"minP"
"V-PCA","Centers-Euclidean",0.001,0.001,0.001,0.001,0.001,0.001,22,"minP"
"MR-PCA","Int-Euclidean",0.001,0.001,0.001,0.001,0.001,0.001,22,"minP"
"MR-PCA","Hausdorff",0.001,0.001,0.001,0.001,0.001,0.001,22,"minP"
"MR-PCA","Ichino-Yaguchi",0.001,0.001,0.001,0.001,0.001,0.001,22,"minP"
"MR-PCA","Wasserstein",0.001,0.001,0.001,0.001,0.001,0.001,22,"minP"
"MR-PCA","Centers-Euclidean",0.001,0.001,0.001,0.001,0.001,0.001,22,"minP"
"SPCA","Int-Euclidean",0.001,0.001,0.001,0.001,0.001,0.001,22,"minP"
"SPCA","Hausdorff",0.001,0.001,0.001,0.001,0.001,0.001,22,"minP"
"SPCA","Ichino-Yaguchi",0.001,0.001,0.001,0.001,0.001,0.001,22,"minP"
"SPCA","Wasserstein",0.001,0.001,0.001,0.001,0.001,0.001,22,"minP"
"SPCA","Centers-Euclidean",0.001,0.001,0.001,0.001,0.001,0.001,22,"minP"
"IMDS","Int-Euclidean",0.001,0.001,0.001,0.001,0.001,0.001,22,"minP"
"IMDS","Hausdorff",0.001,0.001,0.001,0.001,0.001,0.88,22,"minP"
"IMDS","Ichino-Yaguchi",0.001,0.001,0.001,0.001,0.001,0.842,22,"minP"
"IMDS","Wasserstein",0.001,0.001,0.001,0.001,0.001,1,22,"minP"
"IMDS","Centers-Euclidean",0.001,0.001,0.001,0.001,0.001,0.001,22,"minP"
"Int-UMAP","Int-Euclidean",0.001,0.001,0.001,0.082,0.001,0.001,22,"minP"
"Int-UMAP","Hausdorff",0.001,0.003,0.001,0.089,0.001,0.001,22,"minP"
"Int-UMAP","Ichino-Yaguchi",0.001,0.001,0.001,0.124,0.001,0.001,22,"minP"
"Int-UMAP","Wasserstein",0.001,0.001,0.001,0.099,0.001,0.001,22,"minP"
"Int-UMAP","Centers-Euclidean",0.001,0.001,0.001,0.081,0.001,0.001,22,"minP"
"C-PCA","Int-Euclidean",0.001,0.001,0.001,0.001,0.001,0.001,23,"raw"
"C-PCA","Hausdorff",0.001,0.001,0.001,0.001,0.001,0.001,23,"raw"
"C-PCA","Ichino-Yaguchi",0.001,0.001,0.001,0.001,0.001,0.001,23,"raw"
"C-PCA","Wasserstein",0.001,0.001,0.001,0.001,0.001,0.001,23,"raw"
"C-PCA","Centers-Euclidean",0.001,0.001,0.001,0.001,0.001,0.001,23,"raw"
"V-PCA","Int-Euclidean",0.001,0.001,0.001,0.001,0.001,0.001,23,"raw"
"V-PCA","Hausdorff",0.001,0.001,0.001,0.001,0.001,0.001,23,"raw"
"V-PCA","Ichino-Yaguchi",0.001,0.001,0.001,0.001,0.001,0.001,23,"raw"
"V-PCA","Wasserstein",0.001,0.001,0.001,0.001,0.001,0.001,23,"raw"
"V-PCA","Centers-Euclidean",0.001,0.001,0.001,0.001,0.001,0.001,23,"raw"
"MR-PCA","Int-Euclidean",0.001,0.001,0.001,0.001,0.001,0.001,23,"raw"
"MR-PCA","Hausdorff",0.001,0.001,0.001,0.001,0.001,0.001,23,"raw"
"MR-PCA","Ichino-Yaguchi",0.001,0.001,0.001,0.001,0.001,0.001,23,"raw"
"MR-PCA","Wasserstein",0.001,0.001,0.001,0.001,0.001,0.001,23,"raw"
"MR-PCA","Centers-Euclidean",0.001,0.001,0.001,0.001,0.001,0.001,23,"raw"
"SPCA","Int-Euclidean",0.001,0.001,0.001,0.001,0.001,0.001,23,"raw"
"SPCA","Hausdorff",0.001,0.001,0.001,0.001,0.001,0.001,23,"raw"
"SPCA","Ichino-Yaguchi",0.001,0.001,0.001,0.001,0.001,0.001,23,"raw"
"SPCA","Wasserstein",0.001,0.001,0.001,0.001,0.001,0.001,23,"raw"
"SPCA","Centers-Euclidean",0.001,0.001,0.001,0.001,0.001,0.001,23,"raw"
"IMDS","Int-Euclidean",0.001,0.001,0.001,0.001,0.001,0.045,23,"raw"
"IMDS","Hausdorff",0.001,0.001,0.001,0.001,0.001,0.001,23,"raw"
"IMDS","Ichino-Yaguchi",0.001,0.001,0.001,0.001,0.001,0.039,23,"raw"
"IMDS","Wasserstein",0.001,0.001,0.001,0.001,0.001,0.001,23,"raw"
"IMDS","Centers-Euclidean",0.001,0.001,0.001,0.001,0.001,0.001,23,"raw"
"Int-UMAP","Int-Euclidean",0.001,0.001,0.001,0.001,0.001,0.001,23,"raw"
"Int-UMAP","Hausdorff",0.001,0.001,0.001,0.001,0.001,0.001,23,"raw"
"Int-UMAP","Ichino-Yaguchi",0.001,0.001,0.001,0.001,0.001,0.001,23,"raw"
"Int-UMAP","Wasserstein",0.001,0.001,0.001,0.001,0.001,0.001,23,"raw"
"Int-UMAP","Centers-Euclidean",0.001,0.001,0.001,0.001,0.001,0.001,23,"raw"
"C-PCA","Int-Euclidean",0.001,0.001,0.001,0.001,0.001,0.001,23,"minP"
"C-PCA","Hausdorff",0.001,0.001,0.001,0.001,0.001,0.001,23,"minP"
"C-PCA","Ichino-Yaguchi",0.001,0.001,0.001,0.001,0.001,0.001,23,"minP"
"C-PCA","Wasserstein",0.001,0.001,0.001,0.001,0.001,0.001,23,"minP"
"C-PCA","Centers-Euclidean",0.001,0.001,0.001,0.001,0.001,0.001,23,"minP"
"V-PCA","Int-Euclidean",0.001,0.001,0.001,0.001,0.001,0.001,23,"minP"
"V-PCA","Hausdorff",0.001,0.001,0.001,0.001,0.001,0.001,23,"minP"
"V-PCA","Ichino-Yaguchi",0.001,0.001,0.001,0.001,0.001,0.001,23,"minP"
"V-PCA","Wasserstein",0.001,0.001,0.001,0.001,0.001,0.001,23,"minP"
"V-PCA","Centers-Euclidean",0.001,0.001,0.001,0.001,0.001,0.001,23,"minP"
"MR-PCA","Int-Euclidean",0.001,0.001,0.001,0.001,0.001,0.001,23,"minP"
"MR-PCA","Hausdorff",0.001,0.001,0.001,0.001,0.001,0.001,23,"minP"
"MR-PCA","Ichino-Yaguchi",0.001,0.001,0.001,0.001,0.001,0.001,23,"minP"
"MR-PCA","Wasserstein",0.001,0.001,0.001,0.001,0.001,0.001,23,"minP"
"MR-PCA","Centers-Euclidean",0.001,0.001,0.001,0.001,0.001,0.001,23,"minP"
"SPCA","Int-Euclidean",0.001,0.001,0.001,0.001,0.001,0.001,23,"minP"
"SPCA","Hausdorff",0.001,0.001,0.001,0.001,0.001,0.001,23,"minP"
"SPCA","Ichino-Yaguchi",0.001,0.001,0.001,0.001,0.001,0.001,23,"minP"
"SPCA","Wasserstein",0.001,0.001,0.001,0.001,0.001,0.001,23,"minP"
"SPCA","Centers-Euclidean",0.001,0.001,0.001,0.001,0.001,0.001,23,"minP"
"IMDS","Int-Euclidean",0.001,0.001,0.001,0.001,0.001,0.251,23,"minP"
"IMDS","Hausdorff",0.001,0.001,0.001,0.001,0.001,0.001,23,"minP"
"IMDS","Ichino-Yaguchi",0.001,0.001,0.001,0.001,0.001,0.227,23,"minP"
"IMDS","Wasserstein",0.001,0.001,0.001,0.001,0.001,0.001,23,"minP"
"IMDS","Centers-Euclidean",0.001,0.001,0.001,0.001,0.001,0.001,23,"minP"
"Int-UMAP","Int-Euclidean",0.001,0.001,0.001,0.001,0.001,0.001,23,"minP"
"Int-UMAP","Hausdorff",0.001,0.001,0.001,0.001,0.001,0.001,23,"minP"
"Int-UMAP","Ichino-Yaguchi",0.001,0.001,0.001,0.001,0.001,0.001,23,"minP"
"Int-UMAP","Wasserstein",0.001,0.001,0.001,0.001,0.001,0.001,23,"minP"
"Int-UMAP","Centers-Euclidean",0.001,0.001,0.001,0.001,0.001,0.001,23,"minP"
"C-PCA","Int-Euclidean",0.001,0.001,0.001,0.001,0.001,0.001,24,"raw"
"C-PCA","Hausdorff",0.001,0.001,0.001,0.001,0.001,0.001,24,"raw"
"C-PCA","Ichino-Yaguchi",0.001,0.001,0.001,0.001,0.001,0.001,24,"raw"
"C-PCA","Wasserstein",0.001,0.001,0.001,0.001,0.001,0.001,24,"raw"
"C-PCA","Centers-Euclidean",0.001,0.001,0.001,0.001,0.001,0.001,24,"raw"
"V-PCA","Int-Euclidean",0.001,0.001,0.001,0.001,0.001,0.001,24,"raw"
"V-PCA","Hausdorff",0.001,0.001,0.001,0.001,0.001,0.001,24,"raw"
"V-PCA","Ichino-Yaguchi",0.001,0.001,0.001,0.001,0.001,0.001,24,"raw"
"V-PCA","Wasserstein",0.001,0.001,0.001,0.001,0.001,0.001,24,"raw"
"V-PCA","Centers-Euclidean",0.001,0.001,0.001,0.001,0.001,0.001,24,"raw"
"MR-PCA","Int-Euclidean",0.001,0.001,0.001,0.001,0.001,0.001,24,"raw"
"MR-PCA","Hausdorff",0.001,0.001,0.001,0.001,0.001,0.001,24,"raw"
"MR-PCA","Ichino-Yaguchi",0.001,0.001,0.001,0.001,0.001,0.001,24,"raw"
"MR-PCA","Wasserstein",0.001,0.001,0.001,0.001,0.001,0.001,24,"raw"
"MR-PCA","Centers-Euclidean",0.001,0.001,0.001,0.001,0.001,0.001,24,"raw"
"SPCA","Int-Euclidean",0.001,0.001,0.001,0.001,0.001,0.001,24,"raw"
"SPCA","Hausdorff",0.001,0.001,0.001,0.001,0.001,0.001,24,"raw"
"SPCA","Ichino-Yaguchi",0.001,0.001,0.001,0.001,0.001,0.001,24,"raw"
"SPCA","Wasserstein",0.001,0.001,0.001,0.001,0.001,0.001,24,"raw"
"SPCA","Centers-Euclidean",0.001,0.001,0.001,0.001,0.001,0.001,24,"raw"
"IMDS","Int-Euclidean",0.001,0.001,0.001,0.001,0.001,0.331,24,"raw"
"IMDS","Hausdorff",0.001,0.001,0.001,0.001,0.001,0.023,24,"raw"
"IMDS","Ichino-Yaguchi",0.001,0.008,0.001,0.001,0.001,0.55,24,"raw"
"IMDS","Wasserstein",0.001,0.001,0.001,0.001,0.001,0.055,24,"raw"
"IMDS","Centers-Euclidean",0.001,0.001,0.001,0.001,0.001,0.009,24,"raw"
"Int-UMAP","Int-Euclidean",0.001,0.001,0.001,0.003,0.001,0.001,24,"raw"
"Int-UMAP","Hausdorff",0.001,0.001,0.001,0.003,0.001,0.001,24,"raw"
"Int-UMAP","Ichino-Yaguchi",0.001,0.001,0.001,0.006,0.001,0.001,24,"raw"
"Int-UMAP","Wasserstein",0.001,0.001,0.001,0.004,0.001,0.001,24,"raw"
"Int-UMAP","Centers-Euclidean",0.001,0.001,0.001,0.004,0.001,0.001,24,"raw"
"C-PCA","Int-Euclidean",0.001,0.001,0.001,0.001,0.001,0.001,24,"minP"
"C-PCA","Hausdorff",0.001,0.001,0.001,0.001,0.001,0.001,24,"minP"
"C-PCA","Ichino-Yaguchi",0.001,0.001,0.001,0.001,0.001,0.001,24,"minP"
"C-PCA","Wasserstein",0.001,0.001,0.001,0.001,0.001,0.001,24,"minP"
"C-PCA","Centers-Euclidean",0.001,0.001,0.001,0.001,0.001,0.001,24,"minP"
"V-PCA","Int-Euclidean",0.001,0.001,0.001,0.001,0.001,0.001,24,"minP"
"V-PCA","Hausdorff",0.001,0.001,0.001,0.001,0.001,0.001,24,"minP"
"V-PCA","Ichino-Yaguchi",0.001,0.001,0.001,0.001,0.001,0.001,24,"minP"
"V-PCA","Wasserstein",0.001,0.001,0.001,0.001,0.001,0.001,24,"minP"
"V-PCA","Centers-Euclidean",0.001,0.001,0.001,0.001,0.001,0.001,24,"minP"
"MR-PCA","Int-Euclidean",0.001,0.001,0.001,0.001,0.001,0.001,24,"minP"
"MR-PCA","Hausdorff",0.001,0.001,0.001,0.001,0.001,0.001,24,"minP"
"MR-PCA","Ichino-Yaguchi",0.001,0.001,0.001,0.001,0.001,0.001,24,"minP"
"MR-PCA","Wasserstein",0.001,0.001,0.001,0.001,0.001,0.001,24,"minP"
"MR-PCA","Centers-Euclidean",0.001,0.001,0.001,0.001,0.001,0.001,24,"minP"
"SPCA","Int-Euclidean",0.001,0.001,0.001,0.001,0.001,0.001,24,"minP"
"SPCA","Hausdorff",0.001,0.001,0.001,0.001,0.001,0.001,24,"minP"
"SPCA","Ichino-Yaguchi",0.001,0.001,0.001,0.001,0.001,0.001,24,"minP"
"SPCA","Wasserstein",0.001,0.001,0.001,0.001,0.001,0.001,24,"minP"
"SPCA","Centers-Euclidean",0.001,0.001,0.001,0.001,0.001,0.001,24,"minP"
"IMDS","Int-Euclidean",0.001,0.001,0.001,0.001,0.001,0.908,24,"minP"
"IMDS","Hausdorff",0.001,0.001,0.001,0.001,0.001,0.143,24,"minP"
"IMDS","Ichino-Yaguchi",0.001,0.052,0.001,0.001,0.001,0.994,24,"minP"
"IMDS","Wasserstein",0.001,0.001,0.001,0.001,0.001,0.305,24,"minP"
"IMDS","Centers-Euclidean",0.001,0.001,0.001,0.001,0.001,0.051,24,"minP"
"Int-UMAP","Int-Euclidean",0.001,0.001,0.001,0.007,0.001,0.001,24,"minP"
"Int-UMAP","Hausdorff",0.001,0.001,0.001,0.007,0.001,0.001,24,"minP"
"Int-UMAP","Ichino-Yaguchi",0.001,0.001,0.001,0.015,0.001,0.001,24,"minP"
"Int-UMAP","Wasserstein",0.001,0.001,0.001,0.008,0.001,0.001,24,"minP"
"Int-UMAP","Centers-Euclidean",0.001,0.001,0.001,0.008,0.001,0.001,24,"minP"
"C-PCA","Int-Euclidean",0.001,0.001,0.001,0.001,0.001,0.001,25,"raw"
"C-PCA","Hausdorff",0.001,0.001,0.001,0.001,0.001,0.001,25,"raw"
"C-PCA","Ichino-Yaguchi",0.001,0.001,0.001,0.001,0.001,0.001,25,"raw"
"C-PCA","Wasserstein",0.001,0.001,0.001,0.001,0.001,0.001,25,"raw"
"C-PCA","Centers-Euclidean",0.001,0.001,0.001,0.001,0.001,0.001,25,"raw"
"V-PCA","Int-Euclidean",0.001,0.001,0.001,0.001,0.001,0.001,25,"raw"
"V-PCA","Hausdorff",0.001,0.001,0.001,0.001,0.001,0.001,25,"raw"
"V-PCA","Ichino-Yaguchi",0.001,0.001,0.001,0.001,0.001,0.001,25,"raw"
"V-PCA","Wasserstein",0.001,0.001,0.001,0.001,0.001,0.001,25,"raw"
"V-PCA","Centers-Euclidean",0.001,0.001,0.001,0.001,0.001,0.001,25,"raw"
"MR-PCA","Int-Euclidean",0.001,0.001,0.001,0.001,0.001,0.001,25,"raw"
"MR-PCA","Hausdorff",0.001,0.001,0.001,0.001,0.001,0.001,25,"raw"
"MR-PCA","Ichino-Yaguchi",0.001,0.001,0.001,0.001,0.001,0.001,25,"raw"
"MR-PCA","Wasserstein",0.001,0.001,0.001,0.001,0.001,0.001,25,"raw"
"MR-PCA","Centers-Euclidean",0.001,0.001,0.001,0.001,0.001,0.001,25,"raw"
"SPCA","Int-Euclidean",0.001,0.001,0.001,0.001,0.001,0.001,25,"raw"
"SPCA","Hausdorff",0.001,0.001,0.001,0.001,0.001,0.001,25,"raw"
"SPCA","Ichino-Yaguchi",0.001,0.001,0.001,0.001,0.001,0.001,25,"raw"
"SPCA","Wasserstein",0.001,0.001,0.001,0.001,0.001,0.001,25,"raw"
"SPCA","Centers-Euclidean",0.001,0.001,0.001,0.001,0.001,0.001,25,"raw"
"IMDS","Int-Euclidean",0.001,0.001,0.001,0.001,0.001,0.705,25,"raw"
"IMDS","Hausdorff",0.001,0.001,0.001,0.001,0.001,0.077,25,"raw"
"IMDS","Ichino-Yaguchi",0.001,0.001,0.001,0.001,0.001,0.018,25,"raw"
"IMDS","Wasserstein",0.001,0.001,0.001,0.001,0.001,0.432,25,"raw"
"IMDS","Centers-Euclidean",0.001,0.001,0.001,0.001,0.001,0.003,25,"raw"
"Int-UMAP","Int-Euclidean",0.001,0.836,0.001,0.897,0.001,0.001,25,"raw"
"Int-UMAP","Hausdorff",0.001,0.648,0.001,0.825,0.001,0.001,25,"raw"
"Int-UMAP","Ichino-Yaguchi",0.001,0.746,0.001,0.936,0.001,0.001,25,"raw"
"Int-UMAP","Wasserstein",0.001,0.736,0.001,0.897,0.001,0.001,25,"raw"
"Int-UMAP","Centers-Euclidean",0.001,0.733,0.001,0.9,0.001,0.001,25,"raw"
"C-PCA","Int-Euclidean",0.001,0.001,0.001,0.001,0.001,0.001,25,"minP"
"C-PCA","Hausdorff",0.001,0.001,0.001,0.001,0.001,0.001,25,"minP"
"C-PCA","Ichino-Yaguchi",0.001,0.001,0.001,0.001,0.001,0.001,25,"minP"
"C-PCA","Wasserstein",0.001,0.001,0.001,0.001,0.001,0.001,25,"minP"
"C-PCA","Centers-Euclidean",0.001,0.001,0.001,0.001,0.001,0.001,25,"minP"
"V-PCA","Int-Euclidean",0.001,0.001,0.001,0.001,0.001,0.001,25,"minP"
"V-PCA","Hausdorff",0.001,0.001,0.001,0.001,0.001,0.001,25,"minP"
"V-PCA","Ichino-Yaguchi",0.001,0.001,0.001,0.001,0.001,0.001,25,"minP"
"V-PCA","Wasserstein",0.001,0.001,0.001,0.001,0.001,0.001,25,"minP"
"V-PCA","Centers-Euclidean",0.001,0.001,0.001,0.001,0.001,0.001,25,"minP"
"MR-PCA","Int-Euclidean",0.001,0.001,0.001,0.001,0.001,0.001,25,"minP"
"MR-PCA","Hausdorff",0.001,0.001,0.001,0.001,0.001,0.001,25,"minP"
"MR-PCA","Ichino-Yaguchi",0.001,0.001,0.001,0.001,0.001,0.001,25,"minP"
"MR-PCA","Wasserstein",0.001,0.001,0.001,0.001,0.001,0.001,25,"minP"
"MR-PCA","Centers-Euclidean",0.001,0.001,0.001,0.001,0.001,0.001,25,"minP"
"SPCA","Int-Euclidean",0.001,0.001,0.001,0.001,0.001,0.001,25,"minP"
"SPCA","Hausdorff",0.001,0.001,0.001,0.001,0.001,0.001,25,"minP"
"SPCA","Ichino-Yaguchi",0.001,0.001,0.001,0.001,0.001,0.001,25,"minP"
"SPCA","Wasserstein",0.001,0.001,0.001,0.001,0.001,0.001,25,"minP"
"SPCA","Centers-Euclidean",0.001,0.001,0.001,0.001,0.001,0.001,25,"minP"
"IMDS","Int-Euclidean",0.001,0.001,0.001,0.001,0.001,1,25,"minP"
"IMDS","Hausdorff",0.001,0.001,0.001,0.001,0.001,0.394,25,"minP"
"IMDS","Ichino-Yaguchi",0.001,0.001,0.001,0.001,0.001,0.121,25,"minP"
"IMDS","Wasserstein",0.001,0.001,0.001,0.001,0.001,0.972,25,"minP"
"IMDS","Centers-Euclidean",0.001,0.001,0.001,0.001,0.001,0.016,25,"minP"
"Int-UMAP","Int-Euclidean",0.001,0.994,0.001,0.999,0.001,0.001,25,"minP"
"Int-UMAP","Hausdorff",0.001,0.924,0.001,0.993,0.001,0.001,25,"minP"
"Int-UMAP","Ichino-Yaguchi",0.001,0.973,0.001,1,0.001,0.001,25,"minP"
"Int-UMAP","Wasserstein",0.001,0.969,0.001,0.999,0.001,0.001,25,"minP"
"Int-UMAP","Centers-Euclidean",0.001,0.968,0.001,0.999,0.001,0.001,25,"minP"
