"IDR","Metric","Q_TC","B_TC","Q_RE","B_RE","Q_LC","B_LC","rep","kind"
"C-PCA","Int-Euclidean",0.001,0.038,0.001,0.018,0.001,0.001,1,"raw"
"C-PCA","Hausdorff",0.001,0.001,0.001,0.002,0.001,0.001,1,"raw"
"C-PCA","Ichino-Yaguchi",0.001,0.001,0.001,0.001,0.001,0.001,1,"raw"
"C-PCA","Wasserstein",0.001,0.001,0.001,0.001,0.001,0.001,1,"raw"
"C-PCA","Centers-Euclidean",0.001,0.001,0.001,0.001,0.001,0.001,1,"raw"
"V-PCA","Int-Euclidean",0.001,0.019,0.001,0.01,0.001,0.001,1,"raw"
"V-PCA","Hausdorff",0.001,0.002,0.001,0.001,0.001,0.001,1,"raw"
"V-PCA","Ichino-Yaguchi",0.001,0.001,0.001,0.001,0.001,0.001,1,"raw"
"V-PCA","Wasserstein",0.001,0.001,0.001,0.001,0.001,0.001,1,"raw"
"V-PCA","Centers-Euclidean",0.001,0.001,0.001,0.001,0.001,0.001,1,"raw"
"MR-PCA","Int-Euclidean",0.001,0.001,0.001,0.001,0.001,0.001,1,"raw"
"MR-PCA","Hausdorff",0.001,0.001,0.001,0.001,0.001,0.001,1,"raw"
"MR-PCA","Ichino-Yaguchi",0.001,0.001,0.001,0.001,0.001,0.001,1,"raw"
"MR-PCA","Wasserstein",0.001,0.001,0.001,0.001,0.001,0.001,1,"raw"
"MR-PCA","Centers-Euclidean",0.001,0.001,0.001,0.001,0.001,0.001,1,"raw"
"SPCA","Int-Euclidean",0.001,0.024,0.001,0.007,0.001,0.001,1,"raw"
"SPCA","Hausdorff",0.001,0.002,0.001,0.001,0.001,0.001,1,"raw"
"SPCA","Ichino-Yaguchi",0.001,0.001,0.001,0.001,0.001,0.001,1,"raw"
"SPCA","Wasserstein",0.001,0.001,0.001,0.001,0.001,0.001,1,"raw"
"SPCA","Centers-Euclidean",0.001,0.001,0.001,0.001,0.001,0.001,1,"raw"
"IMDS","Int-Euclidean",0.001,0.163,0.002,0.251,0.017,0.718,1,"raw"
"IMDS","Hausdorff",0.001,0.001,0.001,0.001,0.001,0.467,1,"raw"
"IMDS","Ichino-Yaguchi",0.001,0.001,0.001,0.001,0.001,0.011,1,"raw"
"IMDS","Wasserstein",0.001,0.001,0.001,0.001,0.001,0.389,1,"raw"
"IMDS","Centers-Euclidean",0.222,0.752,0.551,0.531,0.714,0.491,1,"raw"
"Int-UMAP","Int-Euclidean",0.001,0.001,0.001,0.012,0.001,0.375,1,"raw"
"Int-UMAP","Hausdorff",0.001,0.325,0.001,0.675,0.001,0.001,1,"raw"
"Int-UMAP","Ichino-Yaguchi",0.001,0.018,0.001,0.038,0.001,0.001,1,"raw"
"Int-UMAP","Wasserstein",0.001,0.344,0.001,0.167,0.001,0.001,1,"raw"
"Int-UMAP","Centers-Euclidean",0.001,0.001,0.001,0.001,0.001,0.321,1,"raw"
"C-PCA","Int-Euclidean",0.001,0.238,0.001,0.115,0.001,0.001,1,"minP"
"C-PCA","Hausdorff",0.001,0.001,0.001,0.01,0.001,0.001,1,"minP"
"C-PCA","Ichino-Yaguchi",0.001,0.001,0.001,0.001,0.001,0.001,1,"minP"
"C-PCA","Wasserstein",0.001,0.001,0.001,0.001,0.001,0.001,1,"minP"
"C-PCA","Centers-Euclidean",0.001,0.001,0.001,0.001,0.001,0.001,1,"minP"
"V-PCA","Int-Euclidean",0.001,0.123,0.001,0.067,0.001,0.001,1,"minP"
"V-PCA","Hausdorff",0.001,0.01,0.001,0.001,0.001,0.001,1,"minP"
"V-PCA","Ichino-Yaguchi",0.001,0.001,0.001,0.001,0.001,0.001,1,"minP"
"V-PCA","Wasserstein",0.001,0.001,0.001,0.001,0.001,0.001,1,"minP"
"V-PCA","Centers-Euclidean",0.001,0.001,0.001,0.001,0.001,0.001,1,"minP"
"MR-PCA","Int-Euclidean",0.001,0.001,0.001,0.001,0.001,0.001,1,"minP"
"MR-PCA","Hausdorff",0.001,0.001,0.001,0.001,0.001,0.001,1,"minP"
"MR-PCA","Ichino-Yaguchi",0.001,0.001,0.001,0.001,0.001,0.001,1,"minP"
"MR-PCA","Wasserstein",0.001,0.001,0.001,0.001,0.001,0.001,1,"minP"
"MR-PCA","Centers-Euclidean",0.001,0.001,0.001,0.001,0.001,0.001,1,"minP"
"SPCA","Int-Euclidean",0.001,0.158,0.001,0.044,0.001,0.001,1,"minP"
"SPCA","Hausdorff",0.001,0.01,0.001,0.001,0.001,0.001,1,"minP"
"SPCA","Ichino-Yaguchi",0.001,0.001,0.001,0.001,0.001,0.001,1,"minP"
"SPCA","Wasserstein",0.001,0.001,0.001,0.001,0.001,0.001,1,"minP"
"SPCA","Centers-Euclidean",0.001,0.001,0.001,0.001,0.001,0.001,1,"minP"
"IMDS","Int-Euclidean",0.001,0.668,0.008,0.835,0.12,1,1,"minP"
"IMDS","Hausdorff",0.001,0.001,0.001,0.001,0.001,0.988,1,"minP"
"IMDS","Ichino-Yaguchi",0.001,0.001,0.001,0.001,0.001,0.078,1,"minP"
"IMDS","Wasserstein",0.001,0.001,0.001,0.001,0.001,0.974,1,"minP"
"IMDS","Centers-Euclidean",0.79,0.999,0.995,0.993,1,0.992,1,"minP"
"Int-UMAP","Int-Euclidean",0.001,0.001,0.001,0.08,0.001,0.96,1,"minP"
"Int-UMAP","Hausdorff",0.001,0.916,0.001,1,0.001,0.001,1,"minP"
"Int-UMAP","Ichino-Yaguchi",0.001,0.12,0.001,0.232,0.001,0.001,1,"minP"
"Int-UMAP","Wasserstein",0.001,0.93,0.001,0.677,0.001,0.001,1,"minP"
"Int-UMAP","Centers-Euclidean",0.001,0.001,0.001,0.001,0.001,0.918,1,"minP"
"C-PCA","Int-Euclidean",0.001,0.045,0.001,0.021,0.001,0.001,2,"raw"
"C-PCA","Hausdorff",0.001,0.002,0.001,0.002,0.001,0.001,2,"raw"
"C-PCA","Ichino-Yaguchi",0.001,0.001,0.001,0.001,0.001,0.001,2,"raw"
"C-PCA","Wasserstein",0.001,0.001,0.001,0.001,0.001,0.001,2,"raw"
"C-PCA","Centers-Euclidean",0.001,0.001,0.001,0.001,0.001,0.001,2,"raw"
"V-PCA","Int-Euclidean",0.001,0.043,0.001,0.019,0.001,0.001,2,"raw"
"V-PCA","Hausdorff",0.001,0.001,0.001,0.001,0.001,0.001,2,"raw"
"V-PCA","Ichino-Yaguchi",0.001,0.001,0.001,0.001,0.001,0.001,2,"raw"
"V-PCA","Wasserstein",0.001,0.001,0.001,0.001,0.001,0.001,2,"raw"
"V-PCA","Centers-Euclidean",0.001,0.001,0.001,0.001,0.001,0.001,2,"raw"
"MR-PCA","Int-Euclidean",0.001,0.001,0.001,0.001,0.001,0.001,2,"raw"
"MR-PCA","Hausdorff",0.001,0.001,0.001,0.001,0.001,0.001,2,"raw"
"MR-PCA","Ichino-Yaguchi",0.001,0.001,0.001,0.001,0.001,0.001,2,"raw"
"MR-PCA","Wasserstein",0.001,0.001,0.001,0.001,0.001,0.001,2,"raw"
"MR-PCA","Centers-Euclidean",0.001,0.001,0.001,0.001,0.001,0.001,2,"raw"
"SPCA","Int-Euclidean",0.001,0.051,0.001,0.029,0.001,0.001,2,"raw"
"SPCA","Hausdorff",0.001,0.003,0.001,0.002,0.001,0.001,2,"raw"
"SPCA","Ichino-Yaguchi",0.001,0.001,0.001,0.001,0.001,0.001,2,"raw"
"SPCA","Wasserstein",0.001,0.001,0.001,0.001,0.001,0.001,2,"raw"
"SPCA","Centers-Euclidean",0.001,0.001,0.001,0.001,0.001,0.001,2,"raw"
"IMDS","Int-Euclidean",0.436,0.12,0.626,0.329,0.331,0.548,2,"raw"
"IMDS","Hausdorff",0.001,0.001,0.001,0.001,0.001,0.906,2,"raw"
"IMDS","Ichino-Yaguchi",0.001,0.001,0.001,0.001,0.001,0.336,2,"raw"
"IMDS","Wasserstein",0.001,0.001,0.001,0.001,0.001,0.888,2,"raw"
"IMDS","Centers-Euclidean",0.24,0.312,0.289,0.59,0.16,0.274,2,"raw"
"Int-UMAP","Int-Euclidean",0.001,0.006,0.001,0.022,0.001,0.539,2,"raw"
"Int-UMAP","Hausdorff",0.001,0.686,0.001,0.92,0.001,0.061,2,"raw"
"Int-UMAP","Ichino-Yaguchi",0.001,0.011,0.001,0.015,0.001,0.001,2,"raw"
"Int-UMAP","Wasserstein",0.001,0.258,0.001,0.105,0.001,0.016,2,"raw"
"Int-UMAP","Centers-Euclidean",0.001,0.001,0.001,0.001,0.001,0.001,2,"raw"
"C-PCA","Int-Euclidean",0.001,0.271,0.001,0.141,0.001,0.001,2,"minP"
"C-PCA","Hausdorff",0.001,0.008,0.001,0.007,0.001,0.001,2,"minP"
"C-PCA","Ichino-Yaguchi",0.001,0.001,0.001,0.001,0.001,0.001,2,"minP"
"C-PCA","Wasserstein",0.001,0.001,0.001,0.001,0.001,0.001,2,"minP"
"C-PCA","Centers-Euclidean",0.001,0.001,0.001,0.001,0.001,0.001,2,"minP"
"V-PCA","Int-Euclidean",0.001,0.27,0.001,0.129,0.001,0.001,2,"minP"
"V-PCA","Hausdorff",0.001,0.001,0.001,0.001,0.001,0.001,2,"minP"
"V-PCA","Ichino-Yaguchi",0.001,0.001,0.001,0.001,0.001,0.001,2,"minP"
"V-PCA","Wasserstein",0.001,0.001,0.001,0.001,0.001,0.001,2,"minP"
"V-PCA","Centers-Euclidean",0.001,0.001,0.001,0.001,0.001,0.001,2,"minP"
"MR-PCA","Int-Euclidean",0.001,0.001,0.001,0.001,0.001,0.001,2,"minP"
"MR-PCA","Hausdorff",0.001,0.001,0.001,0.001,0.001,0.001,2,"minP"
"MR-PCA","Ichino-Yaguchi",0.001,0.001,0.001,0.001,0.001,0.001,2,"minP"
"MR-PCA","Wasserstein",0.001,0.001,0.001,0.001,0.001,0.001,2,"minP"
"MR-PCA","Centers-Euclidean",0.001,0.001,0.001,0.001,0.001,0.001,2,"minP"
"SPCA","Int-Euclidean",0.001,0.308,0.001,0.183,0.001,0.001,2,"minP"
"SPCA","Hausdorff",0.001,0.017,0.001,0.009,0.001,0.001,2,"minP"
"SPCA","Ichino-Yaguchi",0.001,0.001,0.001,0.001,0.001,0.001,2,"minP"
"SPCA","Wasserstein",0.001,0.001,0.001,0.001,0.001,0.001,2,"minP"
"SPCA","Centers-Euclidean",0.001,0.001,0.001,0.001,0.001,0.001,2,"minP"
"IMDS","Int-Euclidean",0.966,0.554,0.999,0.902,0.936,0.999,2,"minP"
"IMDS","Hausdorff",0.001,0.001,0.001,0.001,0.001,1,2,"minP"
"IMDS","Ichino-Yaguchi",0.001,0.001,0.001,0.001,0.001,0.936,2,"minP"
"IMDS","Wasserstein",0.001,0.001,0.001,0.001,0.001,1,2,"minP"
"IMDS","Centers-Euclidean",0.822,0.892,0.869,0.998,0.728,0.887,2,"minP"
"Int-UMAP","Int-Euclidean",0.001,0.042,0.001,0.136,0.001,0.994,2,"minP"
"Int-UMAP","Hausdorff",0.001,1,0.001,1,0.001,0.353,2,"minP"
"Int-UMAP","Ichino-Yaguchi",0.001,0.079,0.001,0.094,0.001,0.001,2,"minP"
"Int-UMAP","Wasserstein",0.001,0.841,0.001,0.507,0.001,0.113,2,"minP"
"Int-UMAP","Centers-Euclidean",0.001,0.001,0.001,0.001,0.001,0.001,2,"minP"
"C-PCA","Int-Euclidean",0.001,0.044,0.001,0.014,0.001,0.001,3,"raw"
"C-PCA","Hausdorff",0.001,0.004,0.001,0.002,0.001,0.001,3,"raw"
"C-PCA","Ichino-Yaguchi",0.001,0.001,0.001,0.001,0.001,0.001,3,"raw"
"C-PCA","Wasserstein",0.001,0.001,0.001,0.001,0.001,0.001,3,"raw"
"C-PCA","Centers-Euclidean",0.001,0.001,0.001,0.001,0.001,0.001,3,"raw"
"V-PCA","Int-Euclidean",0.001,0.042,0.001,0.009,0.001,0.001,3,"raw"
"V-PCA","Hausdorff",0.001,0.001,0.001,0.001,0.001,0.001,3,"raw"
"V-PCA","Ichino-Yaguchi",0.001,0.001,0.001,0.001,0.001,0.001,3,"raw"
"V-PCA","Wasserstein",0.001,0.001,0.001,0.001,0.001,0.001,3,"raw"
"V-PCA","Centers-Euclidean",0.001,0.001,0.001,0.001,0.001,0.001,3,"raw"
"MR-PCA","Int-Euclidean",0.001,0.001,0.001,0.001,0.001,0.001,3,"raw"
"MR-PCA","Hausdorff",0.001,0.001,0.001,0.001,0.001,0.001,3,"raw"
"MR-PCA","Ichino-Yaguchi",0.001,0.001,0.001,0.001,0.001,0.001,3,"raw"
"MR-PCA","Wasserstein",0.001,0.001,0.001,0.001,0.001,0.001,3,"raw"
"MR-PCA","Centers-Euclidean",0.001,0.001,0.001,0.001,0.001,0.001,3,"raw"
"SPCA","Int-Euclidean",0.001,0.047,0.001,0.009,0.001,0.001,3,"raw"
"SPCA","Hausdorff",0.001,0.002,0.001,0.004,0.001,0.001,3,"raw"
"SPCA","Ichino-Yaguchi",0.001,0.001,0.001,0.001,0.001,0.001,3,"raw"
"SPCA","Wasserstein",0.001,0.001,0.001,0.001,0.001,0.001,3,"raw"
"SPCA","Centers-Euclidean",0.001,0.001,0.001,0.001,0.001,0.001,3,"raw"
"IMDS","Int-Euclidean",0.299,0.005,0.473,0.029,0.448,0.73,3,"raw"
"IMDS","Hausdorff",0.001,0.001,0.001,0.001,0.001,0.72,3,"raw"
"IMDS","Ichino-Yaguchi",0.001,0.001,0.001,0.001,0.001,0.803,3,"raw"
"IMDS","Wasserstein",0.001,0.001,0.001,0.001,0.001,0.352,3,"raw"
"IMDS","Centers-Euclidean",0.925,0.59,0.629,0.454,0.172,0.366,3,"raw"
"Int-UMAP","Int-Euclidean",0.001,0.007,0.001,0.019,0.001,0.792,3,"raw"
"Int-UMAP","Hausdorff",0.001,0.911,0.001,0.654,0.001,0.016,3,"raw"
"Int-UMAP","Ichino-Yaguchi",0.001,0.001,0.001,0.003,0.001,0.001,3,"raw"
"Int-UMAP","Wasserstein",0.001,0.241,0.001,0.085,0.001,0.001,3,"raw"
"Int-UMAP","Centers-Euclidean",0.001,0.001,0.001,0.001,0.001,0.769,3,"raw"
"C-PCA","Int-Euclidean",0.001,0.273,0.001,0.094,0.001,0.001,3,"minP"
"C-PCA","Hausdorff",0.001,0.027,0.001,0.01,0.001,0.001,3,"minP"
"C-PCA","Ichino-Yaguchi",0.001,0.001,0.001,0.001,0.001,0.001,3,"minP"
"C-PCA","Wasserstein",0.001,0.001,0.001,0.001,0.001,0.001,3,"minP"
"C-PCA","Centers-Euclidean",0.001,0.001,0.001,0.001,0.001,0.001,3,"minP"
"V-PCA","Int-Euclidean",0.001,0.273,0.001,0.066,0.001,0.001,3,"minP"
"V-PCA","Hausdorff",0.001,0.001,0.001,0.001,0.001,0.001,3,"minP"
"V-PCA","Ichino-Yaguchi",0.001,0.001,0.001,0.001,0.001,0.001,3,"minP"
"V-PCA","Wasserstein",0.001,0.001,0.001,0.001,0.001,0.001,3,"minP"
"V-PCA","Centers-Euclidean",0.001,0.001,0.001,0.001,0.001,0.001,3,"minP"
"MR-PCA","Int-Euclidean",0.001,0.001,0.001,0.001,0.001,0.001,3,"minP"
"MR-PCA","Hausdorff",0.001,0.001,0.001,0.001,0.001,0.001,3,"minP"
"MR-PCA","Ichino-Yaguchi",0.001,0.001,0.001,0.001,0.001,0.001,3,"minP"
"MR-PCA","Wasserstein",0.001,0.001,0.001,0.001,0.001,0.001,3,"minP"
"MR-PCA","Centers-Euclidean",0.001,0.001,0.001,0.001,0.001,0.001,3,"minP"
"SPCA","Int-Euclidean",0.001,0.279,0.001,0.061,0.001,0.001,3,"minP"
"SPCA","Hausdorff",0.001,0.009,0.001,0.021,0.001,0.001,3,"minP"
"SPCA","Ichino-Yaguchi",0.001,0.001,0.001,0.001,0.001,0.001,3,"minP"
"SPCA","Wasserstein",0.001,0.001,0.001,0.001,0.001,0.001,3,"minP"
"SPCA","Centers-Euclidean",0.001,0.001,0.001,0.001,0.001,0.001,3,"minP"
"IMDS","Int-Euclidean",0.893,0.03,0.99,0.178,0.989,1,3,"minP"
"IMDS","Hausdorff",0.001,0.001,0.001,0.001,0.001,1,3,"minP"
"IMDS","Ichino-Yaguchi",0.001,0.001,0.001,0.001,0.001,1,3,"minP"
"IMDS","Wasserstein",0.001,0.001,0.001,0.001,0.001,0.96,3,"minP"
"IMDS","Centers-Euclidean",1,0.997,1,0.986,0.754,0.966,3,"minP"
"Int-UMAP","Int-Euclidean",0.001,0.043,0.001,0.118,0.001,1,3,"minP"
"Int-UMAP","Hausdorff",0.001,1,0.001,0.998,0.001,0.118,3,"minP"
"Int-UMAP","Ichino-Yaguchi",0.001,0.001,0.001,0.016,0.001,0.001,3,"minP"
"Int-UMAP","Wasserstein",0.001,0.823,0.001,0.469,0.001,0.001,3,"minP"
"Int-UMAP","Centers-Euclidean",0.001,0.001,0.001,0.001,0.001,1,3,"minP"
"C-PCA","Int-Euclidean",0.001,0.009,0.001,0.002,0.001,0.001,4,"raw"
"C-PCA","Hausdorff",0.001,0.001,0.001,0.001,0.001,0.001,4,"raw"
"C-PCA","Ichino-Yaguchi",0.001,0.001,0.001,0.001,0.001,0.001,4,"raw"
"C-PCA","Wasserstein",0.001,0.001,0.001,0.001,0.001,0.001,4,"raw"
"C-PCA","Centers-Euclidean",0.001,0.001,0.001,0.001,0.001,0.001,4,"raw"
"V-PCA","Int-Euclidean",0.001,0.012,0.001,0.006,0.001,0.001,4,"raw"
"V-PCA","Hausdorff",0.001,0.001,0.001,0.002,0.001,0.001,4,"raw"
"V-PCA","Ichino-Yaguchi",0.001,0.001,0.001,0.001,0.001,0.001,4,"raw"
"V-PCA","Wasserstein",0.001,0.001,0.001,0.001,0.001,0.001,4,"raw"
"V-PCA","Centers-Euclidean",0.001,0.001,0.001,0.001,0.001,0.001,4,"raw"
"MR-PCA","Int-Euclidean",0.001,0.001,0.001,0.001,0.001,0.001,4,"raw"
"MR-PCA","Hausdorff",0.001,0.001,0.001,0.001,0.001,0.001,4,"raw"
"MR-PCA","Ichino-Yaguchi",0.001,0.001,0.001,0.001,0.001,0.001,4,"raw"
"MR-PCA","Wasserstein",0.001,0.001,0.001,0.001,0.001,0.001,4,"raw"
"MR-PCA","Centers-Euclidean",0.001,0.001,0.001,0.001,0.001,0.001,4,"raw"
"SPCA","Int-Euclidean",0.001,0.012,0.001,0.003,0.001,0.001,4,"raw"
"SPCA","Hausdorff",0.001,0.001,0.001,0.002,0.001,0.001,4,"raw"
"SPCA","Ichino-Yaguchi",0.001,0.001,0.001,0.001,0.001,0.001,4,"raw"
"SPCA","Wasserstein",0.001,0.001,0.001,0.001,0.001,0.001,4,"raw"
"SPCA","Centers-Euclidean",0.001,0.001,0.001,0.001,0.001,0.001,4,"raw"
"IMDS","Int-Euclidean",0.508,0.025,0.632,0.066,0.916,0.329,4,"raw"
"IMDS","Hausdorff",0.001,0.001,0.001,0.001,0.001,0.101,4,"raw"
"IMDS","Ichino-Yaguchi",0.001,0.001,0.001,0.001,0.001,0.158,4,"raw"
"IMDS","Wasserstein",0.001,0.001,0.001,0.001,0.001,0.043,4,"raw"
"IMDS","Centers-Euclidean",0.689,0.441,0.397,0.024,0.25,0.497,4,"raw"
"Int-UMAP","Int-Euclidean",0.001,0.03,0.001,0.15,0.001,0.002,4,"raw"
"Int-UMAP","Hausdorff",0.001,0.552,0.001,0.978,0.001,0.899,4,"raw"
"Int-UMAP","Ichino-Yaguchi",0.001,0.002,0.001,0.009,0.001,1,4,"raw"
"Int-UMAP","Wasserstein",0.001,0.409,0.001,0.3,0.001,0.001,4,"raw"
"Int-UMAP","Centers-Euclidean",0.001,0.001,0.001,0.001,0.001,0.011,4,"raw"
"C-PCA","Int-Euclidean",0.001,0.062,0.001,0.01,0.001,0.001,4,"minP"
"C-PCA","Hausdorff",0.001,0.001,0.001,0.001,0.001,0.001,4,"minP"
"C-PCA","Ichino-Yaguchi",0.001,0.001,0.001,0.001,0.001,0.001,4,"minP"
"C-PCA","Wasserstein",0.001,0.001,0.001,0.001,0.001,0.001,4,"minP"
"C-PCA","Centers-Euclidean",0.001,0.001,0.001,0.001,0.001,0.001,4,"minP"
"V-PCA","Int-Euclidean",0.001,0.082,0.001,0.034,0.001,0.001,4,"minP"
"V-PCA","Hausdorff",0.001,0.001,0.001,0.009,0.001,0.001,4,"minP"
"V-PCA","Ichino-Yaguchi",0.001,0.001,0.001,0.001,0.001,0.001,4,"minP"
"V-PCA","Wasserstein",0.001,0.001,0.001,0.001,0.001,0.001,4,"minP"
"V-PCA","Centers-Euclidean",0.001,0.001,0.001,0.001,0.001,0.001,4,"minP"
"MR-PCA","Int-Euclidean",0.001,0.001,0.001,0.001,0.001,0.001,4,"minP"
"MR-PCA","Hausdorff",0.001,0.001,0.001,0.001,0.001,0.001,4,"minP"
"MR-PCA","Ichino-Yaguchi",0.001,0.001,0.001,0.001,0.001,0.001,4,"minP"
"MR-PCA","Wasserstein",0.001,0.001,0.001,0.001,0.001,0.001,4,"minP"
"MR-PCA","Centers-Euclidean",0.001,0.001,0.001,0.001,0.001,0.001,4,"minP"
"SPCA","Int-Euclidean",0.001,0.081,0.001,0.017,0.001,0.001,4,"minP"
"SPCA","Hausdorff",0.001,0.001,0.001,0.008,0.001,0.001,4,"minP"
"SPCA","Ichino-Yaguchi",0.001,0.001,0.001,0.001,0.001,0.001,4,"minP"
"SPCA","Wasserstein",0.001,0.001,0.001,0.001,0.001,0.001,4,"minP"
"SPCA","Centers-Euclidean",0.001,0.001,0.001,0.001,0.001,0.001,4,"minP"
"IMDS","Int-Euclidean",0.987,0.154,1,0.354,1,0.942,4,"minP"
"IMDS","Hausdorff",0.001,0.001,0.001,0.001,0.001,0.542,4,"minP"
"IMDS","Ichino-Yaguchi",0.001,0.001,0.001,0.001,0.001,0.686,4,"minP"
"IMDS","Wasserstein",0.001,0.001,0.001,0.001,0.001,0.291,4,"minP"
"IMDS","Centers-Euclidean",0.998,0.975,0.954,0.167,0.873,0.994,4,"minP"
"Int-UMAP","Int-Euclidean",0.001,0.195,0.001,0.644,0.001,0.01,4,"minP"
"Int-UMAP","Hausdorff",0.001,0.995,0.001,1,0.001,1,4,"minP"
"Int-UMAP","Ichino-Yaguchi",0.001,0.009,0.001,0.059,0.001,1,4,"minP"
"Int-UMAP","Wasserstein",0.001,0.974,0.001,0.888,0.001,0.001,4,"minP"
"Int-UMAP","Centers-Euclidean",0.001,0.001,0.001,0.001,0.001,0.076,4,"minP"
"C-PCA","Int-Euclidean",0.001,0.041,0.001,0.016,0.001,0.001,5,"raw"
"C-PCA","Hausdorff",0.001,0.001,0.001,0.002,0.001,0.001,5,"raw"
"C-PCA","Ichino-Yaguchi",0.001,0.001,0.001,0.001,0.001,0.001,5,"raw"
"C-PCA","Wasserstein",0.001,0.001,0.001,0.001,0.001,0.001,5,"raw"
"C-PCA","Centers-Euclidean",0.001,0.001,0.001,0.001,0.001,0.001,5,"raw"
"V-PCA","Int-Euclidean",0.001,0.037,0.001,0.015,0.001,0.001,5,"raw"
"V-PCA","Hausdorff",0.001,0.002,0.001,0.002,0.001,0.001,5,"raw"
"V-PCA","Ichino-Yaguchi",0.001,0.001,0.001,0.001,0.001,0.001,5,"raw"
"V-PCA","Wasserstein",0.001,0.001,0.001,0.001,0.001,0.001,5,"raw"
"V-PCA","Centers-Euclidean",0.001,0.001,0.001,0.001,0.001,0.001,5,"raw"
"MR-PCA","Int-Euclidean",0.001,0.001,0.001,0.001,0.001,0.001,5,"raw"
"MR-PCA","Hausdorff",0.001,0.001,0.001,0.001,0.001,0.001,5,"raw"
"MR-PCA","Ichino-Yaguchi",0.001,0.001,0.001,0.001,0.001,0.001,5,"raw"
"MR-PCA","Wasserstein",0.001,0.001,0.001,0.001,0.001,0.001,5,"raw"
"MR-PCA","Centers-Euclidean",0.001,0.001,0.001,0.001,0.001,0.001,5,"raw"
"SPCA","Int-Euclidean",0.001,0.027,0.001,0.005,0.001,0.001,5,"raw"
"SPCA","Hausdorff",0.001,0.001,0.001,0.001,0.001,0.001,5,"raw"
"SPCA","Ichino-Yaguchi",0.001,0.001,0.001,0.001,0.001,0.001,5,"raw"
"SPCA","Wasserstein",0.001,0.001,0.001,0.001,0.001,0.001,5,"raw"
"SPCA","Centers-Euclidean",0.001,0.001,0.001,0.001,0.001,0.001,5,"raw"
"IMDS","Int-Euclidean",0.158,0.3,0.331,0.513,0.831,0.427,5,"raw"
"IMDS","Hausdorff",0.001,0.001,0.001,0.001,0.001,0.459,5,"raw"
"IMDS","Ichino-Yaguchi",0.001,0.001,0.001,0.001,0.001,0.557,5,"raw"
"IMDS","Wasserstein",0.001,0.001,0.001,0.001,0.002,0.027,5,"raw"
"IMDS","Centers-Euclidean",0.771,0.376,0.952,0.686,0.86,0.874,5,"raw"
"Int-UMAP","Int-Euclidean",0.001,0.007,0.001,0.065,0.001,0.013,5,"raw"
"Int-UMAP","Hausdorff",0.001,0.184,0.001,0.825,0.001,0.001,5,"raw"
"Int-UMAP","Ichino-Yaguchi",0.001,0.026,0.001,0.006,0.001,0.001,5,"raw"
"Int-UMAP","Wasserstein",0.001,0.262,0.001,0.051,0.001,0.001,5,"raw"
"Int-UMAP","Centers-Euclidean",0.001,0.001,0.001,0.001,0.001,0.898,5,"raw"
"C-PCA","Int-Euclidean",0.001,0.25,0.001,0.107,0.001,0.001,5,"minP"
"C-PCA","Hausdorff",0.001,0.001,0.001,0.009,0.001,0.001,5,"minP"
"C-PCA","Ichino-Yaguchi",0.001,0.001,0.001,0.001,0.001,0.001,5,"minP"
"C-PCA","Wasserstein",0.001,0.001,0.001,0.001,0.001,0.001,5,"minP"
"C-PCA","Centers-Euclidean",0.001,0.001,0.001,0.001,0.001,0.001,5,"minP"
"V-PCA","Int-Euclidean",0.001,0.242,0.001,0.101,0.001,0.001,5,"minP"
"V-PCA","Hausdorff",0.001,0.007,0.001,0.009,0.001,0.001,5,"minP"
"V-PCA","Ichino-Yaguchi",0.001,0.001,0.001,0.001,0.001,0.001,5,"minP"
"V-PCA","Wasserstein",0.001,0.001,0.001,0.001,0.001,0.001,5,"minP"
"V-PCA","Centers-Euclidean",0.001,0.001,0.001,0.001,0.001,0.001,5,"minP"
"MR-PCA","Int-Euclidean",0.001,0.001,0.001,0.001,0.001,0.001,5,"minP"
"MR-PCA","Hausdorff",0.001,0.001,0.001,0.001,0.001,0.001,5,"minP"
"MR-PCA","Ichino-Yaguchi",0.001,0.001,0.001,0.001,0.001,0.001,5,"minP"
"MR-PCA","Wasserstein",0.001,0.001,0.001,0.001,0.001,0.001,5,"minP"
"MR-PCA","Centers-Euclidean",0.001,0.001,0.001,0.001,0.001,0.001,5,"minP"
"SPCA","Int-Euclidean",0.001,0.176,0.001,0.036,0.001,0.001,5,"minP"
"SPCA","Hausdorff",0.001,0.001,0.001,0.001,0.001,0.001,5,"minP"
"SPCA","Ichino-Yaguchi",0.001,0.001,0.001,0.001,0.001,0.001,5,"minP"
"SPCA","Wasserstein",0.001,0.001,0.001,0.001,0.001,0.001,5,"minP"
"SPCA","Centers-Euclidean",0.001,0.001,0.001,0.001,0.001,0.001,5,"minP"
"IMDS","Int-Euclidean",0.669,0.892,0.917,0.982,1,0.976,5,"minP"
"IMDS","Hausdorff",0.001,0.001,0.001,0.001,0.001,0.986,5,"minP"
"IMDS","Ichino-Yaguchi",0.001,0.001,0.001,0.001,0.001,0.996,5,"minP"
"IMDS","Wasserstein",0.001,0.001,0.001,0.001,0.011,0.192,5,"minP"
"IMDS","Centers-Euclidean",1,0.939,1,0.999,1,1,5,"minP"
"Int-UMAP","Int-Euclidean",0.001,0.047,0.001,0.36,0.001,0.096,5,"minP"
"Int-UMAP","Hausdorff",0.001,0.726,0.001,1,0.001,0.001,5,"minP"
"Int-UMAP","Ichino-Yaguchi",0.001,0.174,0.001,0.042,0.001,0.001,5,"minP"
"Int-UMAP","Wasserstein",0.001,0.857,0.001,0.295,0.001,0.001,5,"minP"
"Int-UMAP","Centers-Euclidean",0.001,0.001,0.001,0.001,0.001,1,5,"minP"
"C-PCA","Int-Euclidean",0.001,0.064,0.001,0.028,0.001,0.001,6,"raw"
"C-PCA","Hausdorff",0.001,0.003,0.001,0.002,0.001,0.001,6,"raw"
"C-PCA","Ichino-Yaguchi",0.001,0.001,0.001,0.001,0.001,0.001,6,"raw"
"C-PCA","Wasserstein",0.001,0.001,0.001,0.001,0.001,0.001,6,"raw"
"C-PCA","Centers-Euclidean",0.001,0.001,0.001,0.001,0.001,0.001,6,"raw"
"V-PCA","Int-Euclidean",0.001,0.066,0.001,0.032,0.001,0.001,6,"raw"
"V-PCA","Hausdorff",0.001,0.003,0.001,0.002,0.001,0.001,6,"raw"
"V-PCA","Ichino-Yaguchi",0.001,0.001,0.001,0.001,0.001,0.001,6,"raw"
"V-PCA","Wasserstein",0.001,0.001,0.001,0.001,0.001,0.001,6,"raw"
"V-PCA","Centers-Euclidean",0.001,0.001,0.001,0.001,0.001,0.001,6,"raw"
"MR-PCA","Int-Euclidean",0.001,0.001,0.001,0.001,0.001,0.001,6,"raw"
"MR-PCA","Hausdorff",0.001,0.001,0.001,0.001,0.001,0.001,6,"raw"
"MR-PCA","Ichino-Yaguchi",0.001,0.001,0.001,0.001,0.001,0.001,6,"raw"
"MR-PCA","Wasserstein",0.001,0.001,0.001,0.001,0.001,0.001,6,"raw"
"MR-PCA","Centers-Euclidean",0.001,0.001,0.001,0.001,0.001,0.001,6,"raw"
"SPCA","Int-Euclidean",0.001,0.072,0.001,0.031,0.001,0.001,6,"raw"
"SPCA","Hausdorff",0.001,0.002,0.001,0.001,0.001,0.001,6,"raw"
"SPCA","Ichino-Yaguchi",0.001,0.001,0.001,0.001,0.001,0.001,6,"raw"
"SPCA","Wasserstein",0.001,0.001,0.001,0.001,0.001,0.001,6,"raw"
"SPCA","Centers-Euclidean",0.001,0.001,0.001,0.001,0.001,0.001,6,"raw"
"IMDS","Int-Euclidean",0.935,0.001,0.952,0.002,0.647,0.951,6,"raw"
"IMDS","Hausdorff",0.001,0.001,0.001,0.001,0.001,0.621,6,"raw"
"IMDS","Ichino-Yaguchi",0.001,0.001,0.001,0.001,0.001,0.003,6,"raw"
"IMDS","Wasserstein",0.001,0.001,0.001,0.001,0.001,0.494,6,"raw"
"IMDS","Centers-Euclidean",0.598,0.775,0.687,0.171,0.774,0.392,6,"raw"
"Int-UMAP","Int-Euclidean",0.001,0.045,0.001,0.095,0.001,0.524,6,"raw"
"Int-UMAP","Hausdorff",0.001,0.852,0.001,0.686,0.001,0.132,6,"raw"
"Int-UMAP","Ichino-Yaguchi",0.001,0.001,0.001,0.003,0.001,0.566,6,"raw"
"Int-UMAP","Wasserstein",0.001,0.226,0.001,0.104,0.001,0.001,6,"raw"
"Int-UMAP","Centers-Euclidean",0.001,0.001,0.001,0.001,0.001,0.727,6,"raw"
"C-PCA","Int-Euclidean",0.001,0.362,0.001,0.187,0.001,0.001,6,"minP"
"C-PCA","Hausdorff",0.001,0.017,0.001,0.009,0.001,0.001,6,"minP"
"C-PCA","Ichino-Yaguchi",0.001,0.001,0.001,0.001,0.001,0.001,6,"minP"
"C-PCA","Wasserstein",0.001,0.001,0.001,0.001,0.001,0.001,6,"minP"
"C-PCA","Centers-Euclidean",0.001,0.001,0.001,0.001,0.001,0.001,6,"minP"
"V-PCA","Int-Euclidean",0.001,0.378,0.001,0.209,0.001,0.001,6,"minP"
"V-PCA","Hausdorff",0.001,0.017,0.001,0.009,0.001,0.001,6,"minP"
"V-PCA","Ichino-Yaguchi",0.001,0.001,0.001,0.001,0.001,0.001,6,"minP"
"V-PCA","Wasserstein",0.001,0.001,0.001,0.001,0.001,0.001,6,"minP"
"V-PCA","Centers-Euclidean",0.001,0.001,0.001,0.001,0.001,0.001,6,"minP"
"MR-PCA","Int-Euclidean",0.001,0.001,0.001,0.001,0.001,0.001,6,"minP"
"MR-PCA","Hausdorff",0.001,0.001,0.001,0.001,0.001,0.001,6,"minP"
"MR-PCA","Ichino-Yaguchi",0.001,0.001,0.001,0.001,0.001,0.001,6,"minP"
"MR-PCA","Wasserstein",0.001,0.001,0.001,0.001,0.001,0.001,6,"minP"
"MR-PCA","Centers-Euclidean",0.001,0.001,0.001,0.001,0.001,0.001,6,"minP"
"SPCA","Int-Euclidean",0.001,0.407,0.001,0.199,0.001,0.001,6,"minP"
"SPCA","Hausdorff",0.001,0.009,0.001,0.001,0.001,0.001,6,"minP"
"SPCA","Ichino-Yaguchi",0.001,0.001,0.001,0.001,0.001,0.001,6,"minP"
"SPCA","Wasserstein",0.001,0.001,0.001,0.001,0.001,0.001,6,"minP"
"SPCA","Centers-Euclidean",0.001,0.001,0.001,0.001,0.001,0.001,6,"minP"
"IMDS","Int-Euclidean",1,0.001,1,0.011,1,1,6,"minP"
"IMDS","Hausdorff",0.001,0.001,0.001,0.001,0.001,0.999,6,"minP"
"IMDS","Ichino-Yaguchi",0.001,0.001,0.001,0.001,0.001,0.015,6,"minP"
"IMDS","Wasserstein",0.001,0.001,0.001,0.001,0.001,0.991,6,"minP"
"IMDS","Centers-Euclidean",0.998,1,1,0.7,1,0.972,6,"minP"
"Int-UMAP","Int-Euclidean",0.001,0.278,0.001,0.488,0.001,0.993,6,"minP"
"Int-UMAP","Hausdorff",0.001,1,0.001,1,0.001,0.649,6,"minP"
"Int-UMAP","Ichino-Yaguchi",0.001,0.001,0.001,0.015,0.001,0.998,6,"minP"
"Int-UMAP","Wasserstein",0.001,0.81,0.001,0.517,0.001,0.001,6,"minP"
"Int-UMAP","Centers-Euclidean",0.001,0.001,0.001,0.001,0.001,1,6,"minP"
"C-PCA","Int-Euclidean",0.001,0.011,0.001,0.003,0.001,0.001,7,"raw"
"C-PCA","Hausdorff",0.001,0.001,0.001,0.002,0.001,0.001,7,"raw"
"C-PCA","Ichino-Yaguchi",0.001,0.001,0.001,0.001,0.001,0.001,7,"raw"
"C-PCA","Wasserstein",0.001,0.001,0.001,0.001,0.001,0.001,7,"raw"
"C-PCA","Centers-Euclidean",0.001,0.001,0.001,0.001,0.001,0.001,7,"raw"
"V-PCA","Int-Euclidean",0.001,0.021,0.001,0.003,0.001,0.001,7,"raw"
"V-PCA","Hausdorff",0.001,0.001,0.001,0.003,0.001,0.001,7,"raw"
"V-PCA","Ichino-Yaguchi",0.001,0.001,0.001,0.001,0.001,0.001,7,"raw"
"V-PCA","Wasserstein",0.001,0.001,0.001,0.001,0.001,0.001,7,"raw"
"V-PCA","Centers-Euclidean",0.001,0.001,0.001,0.001,0.001,0.001,7,"raw"
"MR-PCA","Int-Euclidean",0.001,0.001,0.001,0.001,0.001,0.001,7,"raw"
"MR-PCA","Hausdorff",0.001,0.001,0.001,0.001,0.001,0.001,7,"raw"
"MR-PCA","Ichino-Yaguchi",0.001,0.001,0.001,0.001,0.001,0.001,7,"raw"
"MR-PCA","Wasserstein",0.001,0.001,0.001,0.001,0.001,0.001,7,"raw"
"MR-PCA","Centers-Euclidean",0.001,0.001,0.001,0.001,0.001,0.001,7,"raw"
"SPCA","Int-Euclidean",0.001,0.016,0.001,0.007,0.001,0.001,7,"raw"
"SPCA","Hausdorff",0.001,0.002,0.001,0.001,0.001,0.001,7,"raw"
"SPCA","Ichino-Yaguchi",0.001,0.001,0.001,0.001,0.001,0.001,7,"raw"
"SPCA","Wasserstein",0.001,0.001,0.001,0.001,0.001,0.001,7,"raw"
"SPCA","Centers-Euclidean",0.001,0.001,0.001,0.001,0.001,0.001,7,"raw"
"IMDS","Int-Euclidean",0.998,0.001,0.998,0.002,0.832,0.451,7,"raw"
"IMDS","Hausdorff",0.001,0.001,0.001,0.001,0.021,0.929,7,"raw"
"IMDS","Ichino-Yaguchi",0.001,0.001,0.001,0.001,0.001,0.214,7,"raw"
"IMDS","Wasserstein",0.001,0.023,0.001,0.001,0.031,0.022,7,"raw"
"IMDS","Centers-Euclidean",0.677,0.761,0.715,0.278,0.994,0.745,7,"raw"
"Int-UMAP","Int-Euclidean",0.001,0.001,0.001,0.017,0.001,0.893,7,"raw"
"Int-UMAP","Hausdorff",0.001,0.101,0.001,0.815,0.001,0.001,7,"raw"
"Int-UMAP","Ichino-Yaguchi",0.001,0.103,0.001,0.007,0.001,0.001,7,"raw"
"Int-UMAP","Wasserstein",0.001,0.94,0.001,0.043,0.001,0.001,7,"raw"
"Int-UMAP","Centers-Euclidean",0.001,0.001,0.001,0.001,0.001,0.002,7,"raw"
"C-PCA","Int-Euclidean",0.001,0.074,0.001,0.017,0.001,0.001,7,"minP"
"C-PCA","Hausdorff",0.001,0.001,0.001,0.008,0.001,0.001,7,"minP"
"C-PCA","Ichino-Yaguchi",0.001,0.001,0.001,0.001,0.001,0.001,7,"minP"
"C-PCA","Wasserstein",0.001,0.001,0.001,0.001,0.001,0.001,7,"minP"
"C-PCA","Centers-Euclidean",0.001,0.001,0.001,0.001,0.001,0.001,7,"minP"
"V-PCA","Int-Euclidean",0.001,0.142,0.001,0.019,0.001,0.001,7,"minP"
"V-PCA","Hausdorff",0.001,0.001,0.001,0.019,0.001,0.001,7,"minP"
"V-PCA","Ichino-Yaguchi",0.001,0.001,0.001,0.001,0.001,0.001,7,"minP"
"V-PCA","Wasserstein",0.001,0.001,0.001,0.001,0.001,0.001,7,"minP"
"V-PCA","Centers-Euclidean",0.001,0.001,0.001,0.001,0.001,0.001,7,"minP"
"MR-PCA","Int-Euclidean",0.001,0.001,0.001,0.001,0.001,0.001,7,"minP"
"MR-PCA","Hausdorff",0.001,0.001,0.001,0.001,0.001,0.001,7,"minP"
"MR-PCA","Ichino-Yaguchi",0.001,0.001,0.001,0.001,0.001,0.001,7,"minP"
"MR-PCA","Wasserstein",0.001,0.001,0.001,0.001,0.001,0.001,7,"minP"
"MR-PCA","Centers-Euclidean",0.001,0.001,0.001,0.001,0.001,0.001,7,"minP"
"SPCA","Int-Euclidean",0.001,0.108,0.001,0.047,0.001,0.001,7,"minP"
"SPCA","Hausdorff",0.001,0.009,0.001,0.001,0.001,0.001,7,"minP"
"SPCA","Ichino-Yaguchi",0.001,0.001,0.001,0.001,0.001,0.001,7,"minP"
"SPCA","Wasserstein",0.001,0.001,0.001,0.001,0.001,0.001,7,"minP"
"SPCA","Centers-Euclidean",0.001,0.001,0.001,0.001,0.001,0.001,7,"minP"
"IMDS","Int-Euclidean",1,0.001,1,0.009,1,0.989,7,"minP"
"IMDS","Hausdorff",0.001,0.001,0.001,0.001,0.153,1,7,"minP"
"IMDS","Ichino-Yaguchi",0.001,0.001,0.001,0.001,0.001,0.817,7,"minP"
"IMDS","Wasserstein",0.001,0.147,0.001,0.001,0.219,0.156,7,"minP"
"IMDS","Centers-Euclidean",0.999,0.999,1,0.864,1,1,7,"minP"
"Int-UMAP","Int-Euclidean",0.001,0.001,0.001,0.106,0.001,1,7,"minP"
"Int-UMAP","Hausdorff",0.001,0.496,0.001,1,0.001,0.001,7,"minP"
"Int-UMAP","Ichino-Yaguchi",0.001,0.501,0.001,0.041,0.001,0.001,7,"minP"
"Int-UMAP","Wasserstein",0.001,1,0.001,0.252,0.001,0.001,7,"minP"
"Int-UMAP","Centers-Euclidean",0.001,0.001,0.001,0.001,0.001,0.009,7,"minP"
"C-PCA","Int-Euclidean",0.001,0.011,0.001,0.009,0.001,0.001,8,"raw"
"C-PCA","Hausdorff",0.001,0.001,0.001,0.004,0.001,0.001,8,"raw"
"C-PCA","Ichino-Yaguchi",0.001,0.001,0.001,0.001,0.001,0.001,8,"raw"
"C-PCA","Wasserstein",0.001,0.001,0.001,0.001,0.001,0.001,8,"raw"
"C-PCA","Centers-Euclidean",0.001,0.001,0.001,0.001,0.001,0.001,8,"raw"
"V-PCA","Int-Euclidean",0.001,0.026,0.001,0.015,0.001,0.001,8,"raw"
"V-PCA","Hausdorff",0.001,0.003,0.001,0.006,0.001,0.001,8,"raw"
"V-PCA","Ichino-Yaguchi",0.001,0.001,0.001,0.001,0.001,0.001,8,"raw"
"V-PCA","Wasserstein",0.001,0.001,0.001,0.001,0.001,0.001,8,"raw"
"V-PCA","Centers-Euclidean",0.001,0.001,0.001,0.001,0.001,0.001,8,"raw"
"MR-PCA","Int-Euclidean",0.001,0.001,0.001,0.001,0.001,0.001,8,"raw"
"MR-PCA","Hausdorff",0.001,0.001,0.001,0.001,0.001,0.001,8,"raw"
"MR-PCA","Ichino-Yaguchi",0.001,0.001,0.001,0.001,0.001,0.001,8,"raw"
"MR-PCA","Wasserstein",0.001,0.001,0.001,0.001,0.001,0.001,8,"raw"
"MR-PCA","Centers-Euclidean",0.001,0.001,0.001,0.001,0.001,0.001,8,"raw"
"SPCA","Int-Euclidean",0.001,0.029,0.001,0.018,0.001,0.001,8,"raw"
"SPCA","Hausdorff",0.001,0.001,0.001,0.006,0.001,0.001,8,"raw"
"SPCA","Ichino-Yaguchi",0.001,0.001,0.001,0.001,0.001,0.001,8,"raw"
"SPCA","Wasserstein",0.001,0.001,0.001,0.001,0.001,0.001,8,"raw"
"SPCA","Centers-Euclidean",0.001,0.001,0.001,0.001,0.001,0.001,8,"raw"
"IMDS","Int-Euclidean",0.796,0.005,0.823,0.021,0.64,0.944,8,"raw"
"IMDS","Hausdorff",0.001,0.001,0.001,0.001,0.001,0.358,8,"raw"
"IMDS","Ichino-Yaguchi",0.001,0.001,0.001,0.001,0.001,0.676,8,"raw"
"IMDS","Wasserstein",0.001,0.001,0.001,0.001,0.001,0.061,8,"raw"
"IMDS","Centers-Euclidean",0.659,0.842,0.569,0.427,0.952,0.887,8,"raw"
"Int-UMAP","Int-Euclidean",0.001,0.001,0.001,0.007,0.001,0.1,8,"raw"
"Int-UMAP","Hausdorff",0.001,0.246,0.001,0.424,0.001,0.024,8,"raw"
"Int-UMAP","Ichino-Yaguchi",0.001,0.033,0.001,0.077,0.001,0.001,8,"raw"
"Int-UMAP","Wasserstein",0.001,0.946,0.001,0.696,0.001,0.003,8,"raw"
"Int-UMAP","Centers-Euclidean",0.001,0.001,0.001,0.001,0.001,0.538,8,"raw"
"C-PCA","Int-Euclidean",0.001,0.076,0.001,0.06,0.001,0.001,8,"minP"
"C-PCA","Hausdorff",0.001,0.001,0.001,0.025,0.001,0.001,8,"minP"
"C-PCA","Ichino-Yaguchi",0.001,0.001,0.001,0.001,0.001,0.001,8,"minP"
"C-PCA","Wasserstein",0.001,0.001,0.001,0.001,0.001,0.001,8,"minP"
"C-PCA","Centers-Euclidean",0.001,0.001,0.001,0.001,0.001,0.001,8,"minP"
"V-PCA","Int-Euclidean",0.001,0.169,0.001,0.1,0.001,0.001,8,"minP"
"V-PCA","Hausdorff",0.001,0.016,0.001,0.041,0.001,0.001,8,"minP"
"V-PCA","Ichino-Yaguchi",0.001,0.001,0.001,0.001,0.001,0.001,8,"minP"
"V-PCA","Wasserstein",0.001,0.001,0.001,0.001,0.001,0.001,8,"minP"
"V-PCA","Centers-Euclidean",0.001,0.001,0.001,0.001,0.001,0.001,8,"minP"
"MR-PCA","Int-Euclidean",0.001,0.001,0.001,0.001,0.001,0.001,8,"minP"
"MR-PCA","Hausdorff",0.001,0.001,0.001,0.001,0.001,0.001,8,"minP"
"MR-PCA","Ichino-Yaguchi",0.001,0.001,0.001,0.001,0.001,0.001,8,"minP"
"MR-PCA","Wasserstein",0.001,0.001,0.001,0.001,0.001,0.001,8,"minP"
"MR-PCA","Centers-Euclidean",0.001,0.001,0.001,0.001,0.001,0.001,8,"minP"
"SPCA","Int-Euclidean",0.001,0.19,0.001,0.112,0.001,0.001,8,"minP"
"SPCA","Hausdorff",0.001,0.001,0.001,0.036,0.001,0.001,8,"minP"
"SPCA","Ichino-Yaguchi",0.001,0.001,0.001,0.001,0.001,0.001,8,"minP"
"SPCA","Wasserstein",0.001,0.001,0.001,0.001,0.001,0.001,8,"minP"
"SPCA","Centers-Euclidean",0.001,0.001,0.001,0.001,0.001,0.001,8,"minP"
"IMDS","Int-Euclidean",1,0.035,1,0.134,1,1,8,"minP"
"IMDS","Hausdorff",0.001,0.001,0.001,0.001,0.001,0.96,8,"minP"
"IMDS","Ichino-Yaguchi",0.001,0.001,0.001,0.001,0.001,1,8,"minP"
"IMDS","Wasserstein",0.001,0.001,0.001,0.001,0.001,0.39,8,"minP"
"IMDS","Centers-Euclidean",0.999,1,0.995,0.976,1,1,8,"minP"
"Int-UMAP","Int-Euclidean",0.001,0.001,0.001,0.041,0.001,0.538,8,"minP"
"Int-UMAP","Hausdorff",0.001,0.843,0.001,0.971,0.001,0.164,8,"minP"
"Int-UMAP","Ichino-Yaguchi",0.001,0.205,0.001,0.415,0.001,0.001,8,"minP"
"Int-UMAP","Wasserstein",0.001,1,0.001,1,0.001,0.016,8,"minP"
"Int-UMAP","Centers-Euclidean",0.001,0.001,0.001,0.001,0.001,0.997,8,"minP"
"C-PCA","Int-Euclidean",0.001,0.029,0.001,0.009,0.001,0.001,9,"raw"
"C-PCA","Hausdorff",0.001,0.005,0.001,0.003,0.001,0.001,9,"raw"
"C-PCA","Ichino-Yaguchi",0.001,0.001,0.001,0.001,0.001,0.001,9,"raw"
"C-PCA","Wasserstein",0.001,0.001,0.001,0.001,0.001,0.001,9,"raw"
"C-PCA","Centers-Euclidean",0.001,0.001,0.001,0.001,0.001,0.001,9,"raw"
"V-PCA","Int-Euclidean",0.001,0.017,0.001,0.005,0.001,0.001,9,"raw"
"V-PCA","Hausdorff",0.001,0.001,0.001,0.005,0.001,0.001,9,"raw"
"V-PCA","Ichino-Yaguchi",0.001,0.001,0.001,0.001,0.001,0.001,9,"raw"
"V-PCA","Wasserstein",0.001,0.001,0.001,0.001,0.001,0.001,9,"raw"
"V-PCA","Centers-Euclidean",0.001,0.001,0.001,0.001,0.001,0.001,9,"raw"
"MR-PCA","Int-Euclidean",0.001,0.001,0.001,0.001,0.001,0.001,9,"raw"
"MR-PCA","Hausdorff",0.001,0.001,0.001,0.001,0.001,0.001,9,"raw"
"MR-PCA","Ichino-Yaguchi",0.001,0.001,0.001,0.001,0.001,0.001,9,"raw"
"MR-PCA","Wasserstein",0.001,0.001,0.001,0.001,0.001,0.001,9,"raw"
"MR-PCA","Centers-Euclidean",0.001,0.001,0.001,0.001,0.001,0.001,9,"raw"
"SPCA","Int-Euclidean",0.001,0.035,0.001,0.011,0.001,0.001,9,"raw"
"SPCA","Hausdorff",0.001,0.003,0.001,0.006,0.001,0.001,9,"raw"
"SPCA","Ichino-Yaguchi",0.001,0.001,0.001,0.001,0.001,0.001,9,"raw"
"SPCA","Wasserstein",0.001,0.001,0.001,0.001,0.001,0.001,9,"raw"
"SPCA","Centers-Euclidean",0.001,0.001,0.001,0.001,0.001,0.001,9,"raw"
"IMDS","Int-Euclidean",0.234,0.243,0.318,0.652,0.997,0.407,9,"raw"
"IMDS","Hausdorff",0.001,0.001,0.001,0.001,0.001,0.254,9,"raw"
"IMDS","Ichino-Yaguchi",0.001,0.001,0.001,0.001,0.001,0.022,9,"raw"
"IMDS","Wasserstein",0.001,0.001,0.001,0.001,0.001,0.078,9,"raw"
"IMDS","Centers-Euclidean",0.401,0.073,0.195,0.02,0.31,0.911,9,"raw"
"Int-UMAP","Int-Euclidean",0.001,0.003,0.001,0.13,0.001,0.008,9,"raw"
"Int-UMAP","Hausdorff",0.001,0.883,0.001,0.425,0.001,0.001,9,"raw"
"Int-UMAP","Ichino-Yaguchi",0.001,0.009,0.001,0.004,0.001,0.001,9,"raw"
"Int-UMAP","Wasserstein",0.001,0.344,0.001,0.066,0.001,0.001,9,"raw"
"Int-UMAP","Centers-Euclidean",0.001,0.001,0.001,0.001,0.001,0.065,9,"raw"
"C-PCA","Int-Euclidean",0.001,0.185,0.001,0.059,0.001,0.001,9,"minP"
"C-PCA","Hausdorff",0.001,0.031,0.001,0.015,0.001,0.001,9,"minP"
"C-PCA","Ichino-Yaguchi",0.001,0.001,0.001,0.001,0.001,0.001,9,"minP"
"C-PCA","Wasserstein",0.001,0.001,0.001,0.001,0.001,0.001,9,"minP"
"C-PCA","Centers-Euclidean",0.001,0.001,0.001,0.001,0.001,0.001,9,"minP"
"V-PCA","Int-Euclidean",0.001,0.119,0.001,0.03,0.001,0.001,9,"minP"
"V-PCA","Hausdorff",0.001,0.001,0.001,0.03,0.001,0.001,9,"minP"
"V-PCA","Ichino-Yaguchi",0.001,0.001,0.001,0.001,0.001,0.001,9,"minP"
"V-PCA","Wasserstein",0.001,0.001,0.001,0.001,0.001,0.001,9,"minP"
"V-PCA","Centers-Euclidean",0.001,0.001,0.001,0.001,0.001,0.001,9,"minP"
"MR-PCA","Int-Euclidean",0.001,0.001,0.001,0.001,0.001,0.001,9,"minP"
"MR-PCA","Hausdorff",0.001,0.001,0.001,0.001,0.001,0.001,9,"minP"
"MR-PCA","Ichino-Yaguchi",0.001,0.001,0.001,0.001,0.001,0.001,9,"minP"
"MR-PCA","Wasserstein",0.001,0.001,0.001,0.001,0.001,0.001,9,"minP"
"MR-PCA","Centers-Euclidean",0.001,0.001,0.001,0.001,0.001,0.001,9,"minP"
"SPCA","Int-Euclidean",0.001,0.215,0.001,0.07,0.001,0.001,9,"minP"
"SPCA","Hausdorff",0.001,0.015,0.001,0.034,0.001,0.001,9,"minP"
"SPCA","Ichino-Yaguchi",0.001,0.001,0.001,0.001,0.001,0.001,9,"minP"
"SPCA","Wasserstein",0.001,0.001,0.001,0.001,0.001,0.001,9,"minP"
"SPCA","Centers-Euclidean",0.001,0.001,0.001,0.001,0.001,0.001,9,"minP"
"IMDS","Int-Euclidean",0.815,0.83,0.918,1,1,0.987,9,"minP"
"IMDS","Hausdorff",0.001,0.001,0.001,0.001,0.001,0.88,9,"minP"
"IMDS","Ichino-Yaguchi",0.001,0.001,0.001,0.001,0.001,0.154,9,"minP"
"IMDS","Wasserstein",0.001,0.001,0.001,0.001,0.001,0.452,9,"minP"
"IMDS","Centers-Euclidean",0.964,0.378,0.746,0.13,0.929,1,9,"minP"
"Int-UMAP","Int-Euclidean",0.001,0.016,0.001,0.596,0.001,0.053,9,"minP"
"Int-UMAP","Hausdorff",0.001,1,0.001,0.957,0.001,0.001,9,"minP"
"Int-UMAP","Ichino-Yaguchi",0.001,0.058,0.001,0.023,0.001,0.001,9,"minP"
"Int-UMAP","Wasserstein",0.001,0.924,0.001,0.357,0.001,0.001,9,"minP"
"Int-UMAP","Centers-Euclidean",0.001,0.001,0.001,0.001,0.001,0.381,9,"minP"
"C-PCA","Int-Euclidean",0.001,0.046,0.001,0.015,0.001,0.001,10,"raw"
"C-PCA","Hausdorff",0.001,0.001,0.001,0.005,0.001,0.001,10,"raw"
"C-PCA","Ichino-Yaguchi",0.001,0.001,0.001,0.001,0.001,0.001,10,"raw"
"C-PCA","Wasserstein",0.001,0.001,0.001,0.001,0.001,0.001,10,"raw"
"C-PCA","Centers-Euclidean",0.001,0.001,0.001,0.001,0.001,0.001,10,"raw"
"V-PCA","Int-Euclidean",0.001,0.041,0.001,0.018,0.001,0.001,10,"raw"
"V-PCA","Hausdorff",0.001,0.005,0.001,0.001,0.001,0.001,10,"raw"
"V-PCA","Ichino-Yaguchi",0.001,0.001,0.001,0.001,0.001,0.001,10,"raw"
"V-PCA","Wasserstein",0.001,0.001,0.001,0.001,0.001,0.001,10,"raw"
"V-PCA","Centers-Euclidean",0.001,0.001,0.001,0.001,0.001,0.001,10,"raw"
"MR-PCA","Int-Euclidean",0.001,0.001,0.001,0.001,0.001,0.001,10,"raw"
"MR-PCA","Hausdorff",0.001,0.001,0.001,0.001,0.001,0.001,10,"raw"
"MR-PCA","Ichino-Yaguchi",0.001,0.001,0.001,0.001,0.001,0.001,10,"raw"
"MR-PCA","Wasserstein",0.001,0.001,0.001,0.001,0.001,0.001,10,"raw"
"MR-PCA","Centers-Euclidean",0.001,0.001,0.001,0.001,0.001,0.001,10,"raw"
"SPCA","Int-Euclidean",0.001,0.037,0.001,0.014,0.001,0.001,10,"raw"
"SPCA","Hausdorff",0.001,0.001,0.001,0.005,0.001,0.001,10,"raw"
"SPCA","Ichino-Yaguchi",0.001,0.001,0.001,0.001,0.001,0.001,10,"raw"
"SPCA","Wasserstein",0.001,0.001,0.001,0.001,0.001,0.001,10,"raw"
"SPCA","Centers-Euclidean",0.001,0.001,0.001,0.001,0.001,0.001,10,"raw"
"IMDS","Int-Euclidean",0.138,0.004,0.246,0.008,0.187,0.675,10,"raw"
"IMDS","Hausdorff",0.001,0.001,0.001,0.001,0.001,0.015,10,"raw"
"IMDS","Ichino-Yaguchi",0.001,0.001,0.001,0.001,0.001,0.003,10,"raw"
"IMDS","Wasserstein",0.001,0.001,0.001,0.001,0.001,0.002,10,"raw"
"IMDS","Centers-Euclidean",0.842,0.911,0.932,0.888,0.998,0.808,10,"raw"
"Int-UMAP","Int-Euclidean",0.001,0.017,0.001,0.097,0.001,0.633,10,"raw"
"Int-UMAP","Hausdorff",0.001,0.615,0.001,0.833,0.001,0.467,10,"raw"
"Int-UMAP","Ichino-Yaguchi",0.001,0.004,0.001,0.002,0.001,0.005,10,"raw"
"Int-UMAP","Wasserstein",0.001,0.374,0.001,0.067,0.001,0.178,10,"raw"
"Int-UMAP","Centers-Euclidean",0.001,0.001,0.001,0.001,0.001,0.002,10,"raw"
"C-PCA","Int-Euclidean",0.001,0.282,0.001,0.098,0.001,0.001,10,"minP"
"C-PCA","Hausdorff",0.001,0.001,0.001,0.034,0.001,0.001,10,"minP"
"C-PCA","Ichino-Yaguchi",0.001,0.001,0.001,0.001,0.001,0.001,10,"minP"
"C-PCA","Wasserstein",0.001,0.001,0.001,0.001,0.001,0.001,10,"minP"
"C-PCA","Centers-Euclidean",0.001,0.001,0.001,0.001,0.001,0.001,10,"minP"
"V-PCA","Int-Euclidean",0.001,0.259,0.001,0.119,0.001,0.001,10,"minP"
"V-PCA","Hausdorff",0.001,0.031,0.001,0.001,0.001,0.001,10,"minP"
"V-PCA","Ichino-Yaguchi",0.001,0.001,0.001,0.001,0.001,0.001,10,"minP"
"V-PCA","Wasserstein",0.001,0.001,0.001,0.001,0.001,0.001,10,"minP"
"V-PCA","Centers-Euclidean",0.001,0.001,0.001,0.001,0.001,0.001,10,"minP"
"MR-PCA","Int-Euclidean",0.001,0.001,0.001,0.001,0.001,0.001,10,"minP"
"MR-PCA","Hausdorff",0.001,0.001,0.001,0.001,0.001,0.001,10,"minP"
"MR-PCA","Ichino-Yaguchi",0.001,0.001,0.001,0.001,0.001,0.001,10,"minP"
"MR-PCA","Wasserstein",0.001,0.001,0.001,0.001,0.001,0.001,10,"minP"
"MR-PCA","Centers-Euclidean",0.001,0.001,0.001,0.001,0.001,0.001,10,"minP"
"SPCA","Int-Euclidean",0.001,0.241,0.001,0.089,0.001,0.001,10,"minP"
"SPCA","Hausdorff",0.001,0.001,0.001,0.03,0.001,0.001,10,"minP"
"SPCA","Ichino-Yaguchi",0.001,0.001,0.001,0.001,0.001,0.001,10,"minP"
"SPCA","Wasserstein",0.001,0.001,0.001,0.001,0.001,0.001,10,"minP"
"SPCA","Centers-Euclidean",0.001,0.001,0.001,0.001,0.001,0.001,10,"minP"
"IMDS","Int-Euclidean",0.61,0.022,0.836,0.054,0.782,1,10,"minP"
"IMDS","Hausdorff",0.001,0.001,0.001,0.001,0.001,0.108,10,"minP"
"IMDS","Ichino-Yaguchi",0.001,0.001,0.001,0.001,0.001,0.018,10,"minP"
"IMDS","Wasserstein",0.001,0.001,0.001,0.001,0.001,0.01,10,"minP"
"IMDS","Centers-Euclidean",1,1,1,1,1,1,10,"minP"
"Int-UMAP","Int-Euclidean",0.001,0.11,0.001,0.483,0.001,0.999,10,"minP"
"Int-UMAP","Hausdorff",0.001,1,0.001,1,0.001,0.99,10,"minP"
"Int-UMAP","Ichino-Yaguchi",0.001,0.024,0.001,0.009,0.001,0.034,10,"minP"
"Int-UMAP","Wasserstein",0.001,0.957,0.001,0.362,0.001,0.775,10,"minP"
"Int-UMAP","Centers-Euclidean",0.001,0.001,0.001,0.001,0.001,0.008,10,"minP"
"C-PCA","Int-Euclidean",0.001,0.021,0.001,0.009,0.001,0.001,11,"raw"
"C-PCA","Hausdorff",0.001,0.001,0.001,0.002,0.001,0.001,11,"raw"
"C-PCA","Ichino-Yaguchi",0.001,0.001,0.001,0.001,0.001,0.001,11,"raw"
"C-PCA","Wasserstein",0.001,0.001,0.001,0.001,0.001,0.001,11,"raw"
"C-PCA","Centers-Euclidean",0.001,0.001,0.001,0.001,0.001,0.001,11,"raw"
"V-PCA","Int-Euclidean",0.001,0.014,0.001,0.004,0.001,0.001,11,"raw"
"V-PCA","Hausdorff",0.001,0.001,0.001,0.001,0.001,0.001,11,"raw"
"V-PCA","Ichino-Yaguchi",0.001,0.001,0.001,0.001,0.001,0.001,11,"raw"
"V-PCA","Wasserstein",0.001,0.001,0.001,0.001,0.001,0.001,11,"raw"
"V-PCA","Centers-Euclidean",0.001,0.001,0.001,0.001,0.001,0.001,11,"raw"
"MR-PCA","Int-Euclidean",0.001,0.001,0.001,0.001,0.001,0.001,11,"raw"
"MR-PCA","Hausdorff",0.001,0.001,0.001,0.001,0.001,0.001,11,"raw"
"MR-PCA","Ichino-Yaguchi",0.001,0.001,0.001,0.001,0.001,0.001,11,"raw"
"MR-PCA","Wasserstein",0.001,0.001,0.001,0.001,0.001,0.001,11,"raw"
"MR-PCA","Centers-Euclidean",0.001,0.001,0.001,0.001,0.001,0.001,11,"raw"
"SPCA","Int-Euclidean",0.001,0.024,0.001,0.007,0.001,0.001,11,"raw"
"SPCA","Hausdorff",0.001,0.001,0.001,0.002,0.001,0.001,11,"raw"
"SPCA","Ichino-Yaguchi",0.001,0.001,0.001,0.001,0.001,0.001,11,"raw"
"SPCA","Wasserstein",0.001,0.001,0.001,0.001,0.001,0.001,11,"raw"
"SPCA","Centers-Euclidean",0.001,0.001,0.001,0.001,0.001,0.001,11,"raw"
"IMDS","Int-Euclidean",0.163,0.159,0.315,0.389,0.488,0.306,11,"raw"
"IMDS","Hausdorff",0.001,0.001,0.001,0.001,0.001,0.009,11,"raw"
"IMDS","Ichino-Yaguchi",0.001,0.001,0.001,0.001,0.001,0.086,11,"raw"
"IMDS","Wasserstein",0.001,0.001,0.001,0.001,0.001,0.038,11,"raw"
"IMDS","Centers-Euclidean",0.85,0.935,0.806,0.948,0.926,0.32,11,"raw"
"Int-UMAP","Int-Euclidean",0.001,0.009,0.001,0.038,0.001,0.34,11,"raw"
"Int-UMAP","Hausdorff",0.001,0.941,0.001,0.713,0.001,0.001,11,"raw"
"Int-UMAP","Ichino-Yaguchi",0.001,0.001,0.001,0.004,0.001,0.001,11,"raw"
"Int-UMAP","Wasserstein",0.001,0.498,0.001,0.249,0.001,0.002,11,"raw"
"Int-UMAP","Centers-Euclidean",0.001,0.001,0.001,0.001,0.001,1,11,"raw"
"C-PCA","Int-Euclidean",0.001,0.141,0.001,0.065,0.001,0.001,11,"minP"
"C-PCA","Hausdorff",0.001,0.001,0.001,0.009,0.001,0.001,11,"minP"
"C-PCA","Ichino-Yaguchi",0.001,0.001,0.001,0.001,0.001,0.001,11,"minP"
"C-PCA","Wasserstein",0.001,0.001,0.001,0.001,0.001,0.001,11,"minP"
"C-PCA","Centers-Euclidean",0.001,0.001,0.001,0.001,0.001,0.001,11,"minP"
"V-PCA","Int-Euclidean",0.001,0.103,0.001,0.026,0.001,0.001,11,"minP"
"V-PCA","Hausdorff",0.001,0.001,0.001,0.001,0.001,0.001,11,"minP"
"V-PCA","Ichino-Yaguchi",0.001,0.001,0.001,0.001,0.001,0.001,11,"minP"
"V-PCA","Wasserstein",0.001,0.001,0.001,0.001,0.001,0.001,11,"minP"
"V-PCA","Centers-Euclidean",0.001,0.001,0.001,0.001,0.001,0.001,11,"minP"
"MR-PCA","Int-Euclidean",0.001,0.001,0.001,0.001,0.001,0.001,11,"minP"
"MR-PCA","Hausdorff",0.001,0.001,0.001,0.001,0.001,0.001,11,"minP"
"MR-PCA","Ichino-Yaguchi",0.001,0.001,0.001,0.001,0.001,0.001,11,"minP"
"MR-PCA","Wasserstein",0.001,0.001,0.001,0.001,0.001,0.001,11,"minP"
"MR-PCA","Centers-Euclidean",0.001,0.001,0.001,0.001,0.001,0.001,11,"minP"
"SPCA","Int-Euclidean",0.001,0.159,0.001,0.047,0.001,0.001,11,"minP"
"SPCA","Hausdorff",0.001,0.001,0.001,0.009,0.001,0.001,11,"minP"
"SPCA","Ichino-Yaguchi",0.001,0.001,0.001,0.001,0.001,0.001,11,"minP"
"SPCA","Wasserstein",0.001,0.001,0.001,0.001,0.001,0.001,11,"minP"
"SPCA","Centers-Euclidean",0.001,0.001,0.001,0.001,0.001,0.001,11,"minP"
"IMDS","Int-Euclidean",0.683,0.673,0.919,0.957,0.994,0.919,11,"minP"
"IMDS","Hausdorff",0.001,0.001,0.001,0.001,0.001,0.064,11,"minP"
"IMDS","Ichino-Yaguchi",0.001,0.001,0.001,0.001,0.001,0.501,11,"minP"
"IMDS","Wasserstein",0.001,0.001,0.001,0.001,0.001,0.26,11,"minP"
"IMDS","Centers-Euclidean",1,1,1,1,1,0.929,11,"minP"
"Int-UMAP","Int-Euclidean",0.001,0.064,0.001,0.233,0.001,0.941,11,"minP"
"Int-UMAP","Hausdorff",0.001,1,0.001,1,0.001,0.001,11,"minP"
"Int-UMAP","Ichino-Yaguchi",0.001,0.001,0.001,0.023,0.001,0.001,11,"minP"
"Int-UMAP","Wasserstein",0.001,0.984,0.001,0.844,0.001,0.01,11,"minP"
"Int-UMAP","Centers-Euclidean",0.001,0.001,0.001,0.001,0.001,1,11,"minP"
"C-PCA","Int-Euclidean",0.001,0.029,0.001,0.007,0.001,0.001,12,"raw"
"C-PCA","Hausdorff",0.001,0.002,0.001,0.001,0.001,0.001,12,"raw"
"C-PCA","Ichino-Yaguchi",0.001,0.001,0.001,0.001,0.001,0.001,12,"raw"
"C-PCA","Wasserstein",0.001,0.001,0.001,0.001,0.001,0.001,12,"raw"
"C-PCA","Centers-Euclidean",0.001,0.001,0.001,0.001,0.001,0.001,12,"raw"
"V-PCA","Int-Euclidean",0.001,0.017,0.001,0.006,0.001,0.001,12,"raw"
"V-PCA","Hausdorff",0.001,0.001,0.001,0.001,0.001,0.001,12,"raw"
"V-PCA","Ichino-Yaguchi",0.001,0.001,0.001,0.001,0.001,0.001,12,"raw"
"V-PCA","Wasserstein",0.001,0.001,0.001,0.001,0.001,0.001,12,"raw"
"V-PCA","Centers-Euclidean",0.001,0.001,0.001,0.001,0.001,0.001,12,"raw"
"MR-PCA","Int-Euclidean",0.001,0.001,0.001,0.001,0.001,0.001,12,"raw"
"MR-PCA","Hausdorff",0.001,0.001,0.001,0.001,0.001,0.001,12,"raw"
"MR-PCA","Ichino-Yaguchi",0.001,0.001,0.001,0.001,0.001,0.001,12,"raw"
"MR-PCA","Wasserstein",0.001,0.001,0.001,0.001,0.001,0.001,12,"raw"
"MR-PCA","Centers-Euclidean",0.001,0.001,0.001,0.001,0.001,0.001,12,"raw"
"SPCA","Int-Euclidean",0.001,0.027,0.001,0.006,0.001,0.001,12,"raw"
"SPCA","Hausdorff",0.001,0.001,0.001,0.001,0.001,0.001,12,"raw"
"SPCA","Ichino-Yaguchi",0.001,0.001,0.001,0.001,0.001,0.001,12,"raw"
"SPCA","Wasserstein",0.001,0.001,0.001,0.001,0.001,0.001,12,"raw"
"SPCA","Centers-Euclidean",0.001,0.001,0.001,0.001,0.001,0.001,12,"raw"
"IMDS","Int-Euclidean",1,0.095,0.997,0.098,0.734,0.952,12,"raw"
"IMDS","Hausdorff",0.001,0.001,0.001,0.001,0.001,0.511,12,"raw"
"IMDS","Ichino-Yaguchi",0.001,0.001,0.001,0.001,0.001,0.387,12,"raw"
"IMDS","Wasserstein",0.001,0.001,0.001,0.001,0.002,0.001,12,"raw"
"IMDS","Centers-Euclidean",0.894,0.884,0.874,0.847,0.397,0.331,12,"raw"
"Int-UMAP","Int-Euclidean",0.001,0.001,0.001,0.102,0.001,0.001,12,"raw"
"Int-UMAP","Hausdorff",0.001,0.566,0.001,0.893,0.001,0.001,12,"raw"
"Int-UMAP","Ichino-Yaguchi",0.001,0.021,0.001,0.03,0.001,0.001,12,"raw"
"Int-UMAP","Wasserstein",0.001,0.375,0.001,0.132,0.001,0.001,12,"raw"
"Int-UMAP","Centers-Euclidean",0.001,0.001,0.001,0.001,0.001,0.873,12,"raw"
"C-PCA","Int-Euclidean",0.001,0.178,0.001,0.042,0.001,0.001,12,"minP"
"C-PCA","Hausdorff",0.001,0.011,0.001,0.001,0.001,0.001,12,"minP"
"C-PCA","Ichino-Yaguchi",0.001,0.001,0.001,0.001,0.001,0.001,12,"minP"
"C-PCA","Wasserstein",0.001,0.001,0.001,0.001,0.001,0.001,12,"minP"
"C-PCA","Centers-Euclidean",0.001,0.001,0.001,0.001,0.001,0.001,12,"minP"
"V-PCA","Int-Euclidean",0.001,0.116,0.001,0.039,0.001,0.001,12,"minP"
"V-PCA","Hausdorff",0.001,0.001,0.001,0.001,0.001,0.001,12,"minP"
"V-PCA","Ichino-Yaguchi",0.001,0.001,0.001,0.001,0.001,0.001,12,"minP"
"V-PCA","Wasserstein",0.001,0.001,0.001,0.001,0.001,0.001,12,"minP"
"V-PCA","Centers-Euclidean",0.001,0.001,0.001,0.001,0.001,0.001,12,"minP"
"MR-PCA","Int-Euclidean",0.001,0.001,0.001,0.001,0.001,0.001,12,"minP"
"MR-PCA","Hausdorff",0.001,0.001,0.001,0.001,0.001,0.001,12,"minP"
"MR-PCA","Ichino-Yaguchi",0.001,0.001,0.001,0.001,0.001,0.001,12,"minP"
"MR-PCA","Wasserstein",0.001,0.001,0.001,0.001,0.001,0.001,12,"minP"
"MR-PCA","Centers-Euclidean",0.001,0.001,0.001,0.001,0.001,0.001,12,"minP"
"SPCA","Int-Euclidean",0.001,0.176,0.001,0.04,0.001,0.001,12,"minP"
"SPCA","Hausdorff",0.001,0.001,0.001,0.001,0.001,0.001,12,"minP"
"SPCA","Ichino-Yaguchi",0.001,0.001,0.001,0.001,0.001,0.001,12,"minP"
"SPCA","Wasserstein",0.001,0.001,0.001,0.001,0.001,0.001,12,"minP"
"SPCA","Centers-Euclidean",0.001,0.001,0.001,0.001,0.001,0.001,12,"minP"
"IMDS","Int-Euclidean",1,0.459,1,0.493,1,1,12,"minP"
"IMDS","Hausdorff",0.001,0.001,0.001,0.001,0.001,0.995,12,"minP"
"IMDS","Ichino-Yaguchi",0.001,0.001,0.001,0.001,0.001,0.97,12,"minP"
"IMDS","Wasserstein",0.001,0.001,0.001,0.001,0.011,0.001,12,"minP"
"IMDS","Centers-Euclidean",1,1,1,1,0.978,0.94,12,"minP"
"Int-UMAP","Int-Euclidean",0.001,0.001,0.001,0.503,0.001,0.001,12,"minP"
"Int-UMAP","Hausdorff",0.001,0.994,0.001,1,0.001,0.001,12,"minP"
"Int-UMAP","Ichino-Yaguchi",0.001,0.14,0.001,0.188,0.001,0.001,12,"minP"
"Int-UMAP","Wasserstein",0.001,0.939,0.001,0.595,0.001,0.001,12,"minP"
"Int-UMAP","Centers-Euclidean",0.001,0.001,0.001,0.001,0.001,1,12,"minP"
"C-PCA","Int-Euclidean",0.001,0.054,0.001,0.018,0.001,0.001,13,"raw"
"C-PCA","Hausdorff",0.001,0.003,0.001,0.004,0.001,0.001,13,"raw"
"C-PCA","Ichino-Yaguchi",0.001,0.001,0.001,0.001,0.001,0.001,13,"raw"
"C-PCA","Wasserstein",0.001,0.001,0.001,0.001,0.001,0.001,13,"raw"
"C-PCA","Centers-Euclidean",0.001,0.001,0.001,0.001,0.001,0.001,13,"raw"
"V-PCA","Int-Euclidean",0.001,0.044,0.001,0.011,0.001,0.001,13,"raw"
"V-PCA","Hausdorff",0.001,0.001,0.001,0.003,0.001,0.001,13,"raw"
"V-PCA","Ichino-Yaguchi",0.001,0.001,0.001,0.001,0.001,0.001,13,"raw"
"V-PCA","Wasserstein",0.001,0.001,0.001,0.001,0.001,0.001,13,"raw"
"V-PCA","Centers-Euclidean",0.001,0.001,0.001,0.001,0.001,0.001,13,"raw"
"MR-PCA","Int-Euclidean",0.001,0.001,0.001,0.001,0.001,0.001,13,"raw"
"MR-PCA","Hausdorff",0.001,0.001,0.001,0.001,0.001,0.001,13,"raw"
"MR-PCA","Ichino-Yaguchi",0.001,0.001,0.001,0.001,0.001,0.001,13,"raw"
"MR-PCA","Wasserstein",0.001,0.001,0.001,0.001,0.001,0.001,13,"raw"
"MR-PCA","Centers-Euclidean",0.001,0.001,0.001,0.001,0.001,0.001,13,"raw"
"SPCA","Int-Euclidean",0.001,0.05,0.001,0.015,0.001,0.001,13,"raw"
"SPCA","Hausdorff",0.001,0.001,0.001,0.002,0.001,0.001,13,"raw"
"SPCA","Ichino-Yaguchi",0.001,0.001,0.001,0.001,0.001,0.001,13,"raw"
"SPCA","Wasserstein",0.001,0.001,0.001,0.001,0.001,0.001,13,"raw"
"SPCA","Centers-Euclidean",0.001,0.001,0.001,0.001,0.001,0.001,13,"raw"
"IMDS","Int-Euclidean",0.104,0.034,0.221,0.147,0.38,0.886,13,"raw"
"IMDS","Hausdorff",0.001,0.001,0.001,0.001,0.001,0.001,13,"raw"
"IMDS","Ichino-Yaguchi",0.001,0.001,0.001,0.001,0.001,0.006,13,"raw"
"IMDS","Wasserstein",0.001,0.001,0.001,0.001,0.001,0.017,13,"raw"
"IMDS","Centers-Euclidean",0.225,0.451,0.455,0.92,0.896,0.29,13,"raw"
"Int-UMAP","Int-Euclidean",0.001,0.003,0.001,0.016,0.001,0.116,13,"raw"
"Int-UMAP","Hausdorff",0.001,0.407,0.001,0.99,0.001,0.001,13,"raw"
"Int-UMAP","Ichino-Yaguchi",0.001,0.032,0.001,0.029,0.001,0.001,13,"raw"
"Int-UMAP","Wasserstein",0.001,0.285,0.001,0.095,0.001,0.001,13,"raw"
"Int-UMAP","Centers-Euclidean",0.001,0.001,0.001,0.001,0.001,0.004,13,"raw"
"C-PCA","Int-Euclidean",0.001,0.311,0.001,0.12,0.001,0.001,13,"minP"
"C-PCA","Hausdorff",0.001,0.019,0.001,0.025,0.001,0.001,13,"minP"
"C-PCA","Ichino-Yaguchi",0.001,0.001,0.001,0.001,0.001,0.001,13,"minP"
"C-PCA","Wasserstein",0.001,0.001,0.001,0.001,0.001,0.001,13,"minP"
"C-PCA","Centers-Euclidean",0.001,0.001,0.001,0.001,0.001,0.001,13,"minP"
"V-PCA","Int-Euclidean",0.001,0.27,0.001,0.075,0.001,0.001,13,"minP"
"V-PCA","Hausdorff",0.001,0.001,0.001,0.016,0.001,0.001,13,"minP"
"V-PCA","Ichino-Yaguchi",0.001,0.001,0.001,0.001,0.001,0.001,13,"minP"
"V-PCA","Wasserstein",0.001,0.001,0.001,0.001,0.001,0.001,13,"minP"
"V-PCA","Centers-Euclidean",0.001,0.001,0.001,0.001,0.001,0.001,13,"minP"
"MR-PCA","Int-Euclidean",0.001,0.001,0.001,0.001,0.001,0.001,13,"minP"
"MR-PCA","Hausdorff",0.001,0.001,0.001,0.001,0.001,0.001,13,"minP"
"MR-PCA","Ichino-Yaguchi",0.001,0.001,0.001,0.001,0.001,0.001,13,"minP"
"MR-PCA","Wasserstein",0.001,0.001,0.001,0.001,0.001,0.001,13,"minP"
"MR-PCA","Centers-Euclidean",0.001,0.001,0.001,0.001,0.001,0.001,13,"minP"
"SPCA","Int-Euclidean",0.001,0.299,0.001,0.095,0.001,0.001,13,"minP"
"SPCA","Hausdorff",0.001,0.001,0.001,0.01,0.001,0.001,13,"minP"
"SPCA","Ichino-Yaguchi",0.001,0.001,0.001,0.001,0.001,0.001,13,"minP"
"SPCA","Wasserstein",0.001,0.001,0.001,0.001,0.001,0.001,13,"minP"
"SPCA","Centers-Euclidean",0.001,0.001,0.001,0.001,0.001,0.001,13,"minP"
"IMDS","Int-Euclidean",0.486,0.204,0.774,0.633,0.966,1,13,"minP"
"IMDS","Hausdorff",0.001,0.001,0.001,0.001,0.001,0.001,13,"minP"
"IMDS","Ichino-Yaguchi",0.001,0.001,0.001,0.001,0.001,0.038,13,"minP"
"IMDS","Wasserstein",0.001,0.001,0.001,0.001,0.001,0.128,13,"minP"
"IMDS","Centers-Euclidean",0.782,0.984,0.982,1,1,0.929,13,"minP"
"Int-UMAP","Int-Euclidean",0.001,0.019,0.001,0.106,0.001,0.594,13,"minP"
"Int-UMAP","Hausdorff",0.001,0.965,0.001,1,0.001,0.001,13,"minP"
"Int-UMAP","Ichino-Yaguchi",0.001,0.205,0.001,0.182,0.001,0.001,13,"minP"
"Int-UMAP","Wasserstein",0.001,0.875,0.001,0.486,0.001,0.001,13,"minP"
"Int-UMAP","Centers-Euclidean",0.001,0.001,0.001,0.001,0.001,0.025,13,"minP"
"C-PCA","Int-Euclidean",0.001,0.077,0.001,0.038,0.001,0.001,14,"raw"
"C-PCA","Hausdorff",0.001,0.007,0.001,0.01,0.001,0.001,14,"raw"
"C-PCA","Ichino-Yaguchi",0.001,0.001,0.001,0.001,0.001,0.001,14,"raw"
"C-PCA","Wasserstein",0.001,0.001,0.001,0.001,0.001,0.001,14,"raw"
"C-PCA","Centers-Euclidean",0.001,0.001,0.001,0.001,0.001,0.001,14,"raw"
"V-PCA","Int-Euclidean",0.001,0.092,0.001,0.031,0.001,0.001,14,"raw"
"V-PCA","Hausdorff",0.001,0.004,0.001,0.007,0.001,0.001,14,"raw"
"V-PCA","Ichino-Yaguchi",0.001,0.001,0.001,0.001,0.001,0.001,14,"raw"
"V-PCA","Wasserstein",0.001,0.001,0.001,0.001,0.001,0.001,14,"raw"
"V-PCA","Centers-Euclidean",0.001,0.001,0.001,0.001,0.001,0.001,14,"raw"
"MR-PCA","Int-Euclidean",0.001,0.001,0.001,0.001,0.001,0.001,14,"raw"
"MR-PCA","Hausdorff",0.001,0.001,0.001,0.001,0.001,0.001,14,"raw"
"MR-PCA","Ichino-Yaguchi",0.001,0.001,0.001,0.001,0.001,0.001,14,"raw"
"MR-PCA","Wasserstein",0.001,0.001,0.001,0.001,0.001,0.001,14,"raw"
"MR-PCA","Centers-Euclidean",0.001,0.001,0.001,0.001,0.001,0.001,14,"raw"
"SPCA","Int-Euclidean",0.001,0.064,0.001,0.036,0.001,0.001,14,"raw"
"SPCA","Hausdorff",0.001,0.004,0.001,0.005,0.001,0.001,14,"raw"
"SPCA","Ichino-Yaguchi",0.001,0.001,0.001,0.001,0.001,0.001,14,"raw"
"SPCA","Wasserstein",0.001,0.001,0.001,0.001,0.001,0.001,14,"raw"
"SPCA","Centers-Euclidean",0.001,0.001,0.001,0.001,0.001,0.001,14,"raw"
"IMDS","Int-Euclidean",0.311,0.037,0.351,0.081,0.307,0.409,14,"raw"
"IMDS","Hausdorff",0.001,0.001,0.001,0.001,0.001,0.027,14,"raw"
"IMDS","Ichino-Yaguchi",0.001,0.001,0.001,0.001,0.001,0.457,14,"raw"
"IMDS","Wasserstein",0.001,0.001,0.001,0.001,0.001,0.302,14,"raw"
"IMDS","Centers-Euclidean",0.097,0.748,0.103,0.544,0.019,0.419,14,"raw"
"Int-UMAP","Int-Euclidean",0.001,0.001,0.001,0.004,0.001,0.055,14,"raw"
"Int-UMAP","Hausdorff",0.001,0.031,0.001,0.21,0.001,0.001,14,"raw"
"Int-UMAP","Ichino-Yaguchi",0.001,0.347,0.001,0.309,0.001,0.086,14,"raw"
"Int-UMAP","Wasserstein",0.001,0.34,0.001,0.746,0.001,0.342,14,"raw"
"Int-UMAP","Centers-Euclidean",0.001,0.001,0.001,0.001,0.001,0.54,14,"raw"
"C-PCA","Int-Euclidean",0.001,0.428,0.001,0.25,0.001,0.001,14,"minP"
"C-PCA","Hausdorff",0.001,0.041,0.001,0.065,0.001,0.001,14,"minP"
"C-PCA","Ichino-Yaguchi",0.001,0.001,0.001,0.001,0.001,0.001,14,"minP"
"C-PCA","Wasserstein",0.001,0.001,0.001,0.001,0.001,0.001,14,"minP"
"C-PCA","Centers-Euclidean",0.001,0.001,0.001,0.001,0.001,0.001,14,"minP"
"V-PCA","Int-Euclidean",0.001,0.479,0.001,0.192,0.001,0.001,14,"minP"
"V-PCA","Hausdorff",0.001,0.024,0.001,0.045,0.001,0.001,14,"minP"
"V-PCA","Ichino-Yaguchi",0.001,0.001,0.001,0.001,0.001,0.001,14,"minP"
"V-PCA","Wasserstein",0.001,0.001,0.001,0.001,0.001,0.001,14,"minP"
"V-PCA","Centers-Euclidean",0.001,0.001,0.001,0.001,0.001,0.001,14,"minP"
"MR-PCA","Int-Euclidean",0.001,0.001,0.001,0.001,0.001,0.001,14,"minP"
"MR-PCA","Hausdorff",0.001,0.001,0.001,0.001,0.001,0.001,14,"minP"
"MR-PCA","Ichino-Yaguchi",0.001,0.001,0.001,0.001,0.001,0.001,14,"minP"
"MR-PCA","Wasserstein",0.001,0.001,0.001,0.001,0.001,0.001,14,"minP"
"MR-PCA","Centers-Euclidean",0.001,0.001,0.001,0.001,0.001,0.001,14,"minP"
"SPCA","Int-Euclidean",0.001,0.377,0.001,0.219,0.001,0.001,14,"minP"
"SPCA","Hausdorff",0.001,0.027,0.001,0.034,0.001,0.001,14,"minP"
"SPCA","Ichino-Yaguchi",0.001,0.001,0.001,0.001,0.001,0.001,14,"minP"
"SPCA","Wasserstein",0.001,0.001,0.001,0.001,0.001,0.001,14,"minP"
"SPCA","Centers-Euclidean",0.001,0.001,0.001,0.001,0.001,0.001,14,"minP"
"IMDS","Int-Euclidean",0.899,0.213,0.93,0.427,0.927,0.979,14,"minP"
"IMDS","Hausdorff",0.001,0.001,0.001,0.001,0.001,0.187,14,"minP"
"IMDS","Ichino-Yaguchi",0.001,0.001,0.001,0.001,0.001,0.991,14,"minP"
"IMDS","Wasserstein",0.001,0.001,0.001,0.001,0.001,0.922,14,"minP"
"IMDS","Centers-Euclidean",0.483,1,0.511,0.991,0.134,0.98,14,"minP"
"Int-UMAP","Int-Euclidean",0.001,0.001,0.001,0.025,0.001,0.333,14,"minP"
"Int-UMAP","Hausdorff",0.001,0.182,0.001,0.776,0.001,0.001,14,"minP"
"Int-UMAP","Ichino-Yaguchi",0.001,0.93,0.001,0.906,0.001,0.482,14,"minP"
"Int-UMAP","Wasserstein",0.001,0.929,0.001,1,0.001,0.951,14,"minP"
"Int-UMAP","Centers-Euclidean",0.001,0.001,0.001,0.001,0.001,0.996,14,"minP"
"C-PCA","Int-Euclidean",0.001,0.02,0.001,0.007,0.001,0.001,15,"raw"
"C-PCA","Hausdorff",0.001,0.002,0.001,0.003,0.001,0.001,15,"raw"
"C-PCA","Ichino-Yaguchi",0.001,0.001,0.001,0.001,0.001,0.001,15,"raw"
"C-PCA","Wasserstein",0.001,0.001,0.001,0.001,0.001,0.001,15,"raw"
"C-PCA","Centers-Euclidean",0.001,0.001,0.001,0.001,0.001,0.001,15,"raw"
"V-PCA","Int-Euclidean",0.001,0.011,0.001,0.002,0.001,0.001,15,"raw"
"V-PCA","Hausdorff",0.001,0.003,0.001,0.004,0.001,0.001,15,"raw"
"V-PCA","Ichino-Yaguchi",0.001,0.001,0.001,0.001,0.001,0.001,15,"raw"
"V-PCA","Wasserstein",0.001,0.001,0.001,0.001,0.001,0.001,15,"raw"
"V-PCA","Centers-Euclidean",0.001,0.001,0.001,0.001,0.001,0.001,15,"raw"
"MR-PCA","Int-Euclidean",0.001,0.001,0.001,0.001,0.001,0.001,15,"raw"
"MR-PCA","Hausdorff",0.001,0.001,0.001,0.001,0.001,0.001,15,"raw"
"MR-PCA","Ichino-Yaguchi",0.001,0.001,0.001,0.001,0.001,0.001,15,"raw"
"MR-PCA","Wasserstein",0.001,0.001,0.001,0.001,0.001,0.001,15,"raw"
"MR-PCA","Centers-Euclidean",0.001,0.001,0.001,0.001,0.001,0.001,15,"raw"
"SPCA","Int-Euclidean",0.001,0.01,0.001,0.003,0.001,0.001,15,"raw"
"SPCA","Hausdorff",0.001,0.002,0.001,0.003,0.001,0.001,15,"raw"
"SPCA","Ichino-Yaguchi",0.001,0.001,0.001,0.001,0.001,0.001,15,"raw"
"SPCA","Wasserstein",0.001,0.001,0.001,0.001,0.001,0.001,15,"raw"
"SPCA","Centers-Euclidean",0.001,0.001,0.001,0.001,0.001,0.001,15,"raw"
"IMDS","Int-Euclidean",0.542,0.259,0.703,0.169,0.941,0.6,15,"raw"
"IMDS","Hausdorff",0.001,0.001,0.001,0.001,0.001,0.004,15,"raw"
"IMDS","Ichino-Yaguchi",0.001,0.001,0.001,0.001,0.001,0.231,15,"raw"
"IMDS","Wasserstein",0.001,0.001,0.001,0.001,0.001,0.223,15,"raw"
"IMDS","Centers-Euclidean",0.474,0.826,0.47,0.913,0.434,0.468,15,"raw"
"Int-UMAP","Int-Euclidean",0.001,0.005,0.001,0.019,0.001,0.068,15,"raw"
"Int-UMAP","Hausdorff",0.001,0.573,0.001,0.915,0.001,0.001,15,"raw"
"Int-UMAP","Ichino-Yaguchi",0.001,0.002,0.001,0.002,0.001,0.001,15,"raw"
"Int-UMAP","Wasserstein",0.001,0.171,0.001,0.039,0.001,0.001,15,"raw"
"Int-UMAP","Centers-Euclidean",0.001,0.001,0.001,0.001,0.001,0.801,15,"raw"
"C-PCA","Int-Euclidean",0.001,0.129,0.001,0.042,0.001,0.001,15,"minP"
"C-PCA","Hausdorff",0.001,0.007,0.001,0.018,0.001,0.001,15,"minP"
"C-PCA","Ichino-Yaguchi",0.001,0.001,0.001,0.001,0.001,0.001,15,"minP"
"C-PCA","Wasserstein",0.001,0.001,0.001,0.001,0.001,0.001,15,"minP"
"C-PCA","Centers-Euclidean",0.001,0.001,0.001,0.001,0.001,0.001,15,"minP"
"V-PCA","Int-Euclidean",0.001,0.077,0.001,0.01,0.001,0.001,15,"minP"
"V-PCA","Hausdorff",0.001,0.016,0.001,0.022,0.001,0.001,15,"minP"
"V-PCA","Ichino-Yaguchi",0.001,0.001,0.001,0.001,0.001,0.001,15,"minP"
"V-PCA","Wasserstein",0.001,0.001,0.001,0.001,0.001,0.001,15,"minP"
"V-PCA","Centers-Euclidean",0.001,0.001,0.001,0.001,0.001,0.001,15,"minP"
"MR-PCA","Int-Euclidean",0.001,0.001,0.001,0.001,0.001,0.001,15,"minP"
"MR-PCA","Hausdorff",0.001,0.001,0.001,0.001,0.001,0.001,15,"minP"
"MR-PCA","Ichino-Yaguchi",0.001,0.001,0.001,0.001,0.001,0.001,15,"minP"
"MR-PCA","Wasserstein",0.001,0.001,0.001,0.001,0.001,0.001,15,"minP"
"MR-PCA","Centers-Euclidean",0.001,0.001,0.001,0.001,0.001,0.001,15,"minP"
"SPCA","Int-Euclidean",0.001,0.071,0.001,0.017,0.001,0.001,15,"minP"
"SPCA","Hausdorff",0.001,0.01,0.001,0.017,0.001,0.001,15,"minP"
"SPCA","Ichino-Yaguchi",0.001,0.001,0.001,0.001,0.001,0.001,15,"minP"
"SPCA","Wasserstein",0.001,0.001,0.001,0.001,0.001,0.001,15,"minP"
"SPCA","Centers-Euclidean",0.001,0.001,0.001,0.001,0.001,0.001,15,"minP"
"IMDS","Int-Euclidean",0.996,0.857,1,0.688,1,0.997,15,"minP"
"IMDS","Hausdorff",0.001,0.001,0.001,0.001,0.001,0.028,15,"minP"
"IMDS","Ichino-Yaguchi",0.001,0.001,0.001,0.001,0.001,0.853,15,"minP"
"IMDS","Wasserstein",0.001,0.001,0.001,0.001,0.001,0.831,15,"minP"
"IMDS","Centers-Euclidean",0.988,1,0.98,1,0.984,0.987,15,"minP"
"Int-UMAP","Int-Euclidean",0.001,0.035,0.001,0.125,0.001,0.414,15,"minP"
"Int-UMAP","Hausdorff",0.001,0.999,0.001,1,0.001,0.001,15,"minP"
"Int-UMAP","Ichino-Yaguchi",0.001,0.01,0.001,0.007,0.001,0.001,15,"minP"
"Int-UMAP","Wasserstein",0.001,0.7,0.001,0.241,0.001,0.001,15,"minP"
"Int-UMAP","Centers-Euclidean",0.001,0.001,0.001,0.001,0.001,1,15,"minP"
"C-PCA","Int-Euclidean",0.001,0.023,0.001,0.017,0.001,0.001,16,"raw"
"C-PCA","Hausdorff",0.001,0.001,0.001,0.001,0.001,0.001,16,"raw"
"C-PCA","Ichino-Yaguchi",0.001,0.001,0.001,0.001,0.001,0.001,16,"raw"
"C-PCA","Wasserstein",0.001,0.001,0.001,0.001,0.001,0.001,16,"raw"
"C-PCA","Centers-Euclidean",0.001,0.001,0.001,0.001,0.001,0.001,16,"raw"
"V-PCA","Int-Euclidean",0.001,0.02,0.001,0.009,0.001,0.001,16,"raw"
"V-PCA","Hausdorff",0.001,0.001,0.001,0.001,0.001,0.001,16,"raw"
"V-PCA","Ichino-Yaguchi",0.001,0.001,0.001,0.001,0.001,0.001,16,"raw"
"V-PCA","Wasserstein",0.001,0.001,0.001,0.001,0.001,0.001,16,"raw"
"V-PCA","Centers-Euclidean",0.001,0.001,0.001,0.001,0.001,0.001,16,"raw"
"MR-PCA","Int-Euclidean",0.001,0.001,0.001,0.001,0.001,0.001,16,"raw"
"MR-PCA","Hausdorff",0.001,0.001,0.001,0.001,0.001,0.001,16,"raw"
"MR-PCA","Ichino-Yaguchi",0.001,0.001,0.001,0.001,0.001,0.001,16,"raw"
"MR-PCA","Wasserstein",0.001,0.001,0.001,0.001,0.001,0.001,16,"raw"
"MR-PCA","Centers-Euclidean",0.001,0.001,0.001,0.001,0.001,0.001,16,"raw"
"SPCA","Int-Euclidean",0.001,0.019,0.001,0.012,0.001,0.001,16,"raw"
"SPCA","Hausdorff",0.001,0.001,0.001,0.003,0.001,0.001,16,"raw"
"SPCA","Ichino-Yaguchi",0.001,0.001,0.001,0.001,0.001,0.001,16,"raw"
"SPCA","Wasserstein",0.001,0.001,0.001,0.001,0.001,0.001,16,"raw"
"SPCA","Centers-Euclidean",0.001,0.001,0.001,0.001,0.001,0.001,16,"raw"
"IMDS","Int-Euclidean",1,0.003,1,0.023,0.961,0.88,16,"raw"
"IMDS","Hausdorff",0.001,0.001,0.001,0.001,0.001,0.962,16,"raw"
"IMDS","Ichino-Yaguchi",0.001,0.001,0.001,0.001,0.001,0.894,16,"raw"
"IMDS","Wasserstein",0.001,0.001,0.001,0.001,0.001,0.799,16,"raw"
"IMDS","Centers-Euclidean",0.921,0.924,0.658,0.778,0.152,0.153,16,"raw"
"Int-UMAP","Int-Euclidean",0.001,0.028,0.001,0.064,0.001,0.595,16,"raw"
"Int-UMAP","Hausdorff",0.001,0.757,0.001,0.88,0.001,0.001,16,"raw"
"Int-UMAP","Ichino-Yaguchi",0.001,0.004,0.001,0.003,0.001,0.001,16,"raw"
"Int-UMAP","Wasserstein",0.001,0.375,0.001,0.172,0.001,0.001,16,"raw"
"Int-UMAP","Centers-Euclidean",0.001,0.001,0.001,0.001,0.001,0.87,16,"raw"
"C-PCA","Int-Euclidean",0.001,0.151,0.001,0.117,0.001,0.001,16,"minP"
"C-PCA","Hausdorff",0.001,0.001,0.001,0.001,0.001,0.001,16,"minP"
"C-PCA","Ichino-Yaguchi",0.001,0.001,0.001,0.001,0.001,0.001,16,"minP"
"C-PCA","Wasserstein",0.001,0.001,0.001,0.001,0.001,0.001,16,"minP"
"C-PCA","Centers-Euclidean",0.001,0.001,0.001,0.001,0.001,0.001,16,"minP"
"V-PCA","Int-Euclidean",0.001,0.131,0.001,0.058,0.001,0.001,16,"minP"
"V-PCA","Hausdorff",0.001,0.001,0.001,0.001,0.001,0.001,16,"minP"
"V-PCA","Ichino-Yaguchi",0.001,0.001,0.001,0.001,0.001,0.001,16,"minP"
"V-PCA","Wasserstein",0.001,0.001,0.001,0.001,0.001,0.001,16,"minP"
"V-PCA","Centers-Euclidean",0.001,0.001,0.001,0.001,0.001,0.001,16,"minP"
"MR-PCA","Int-Euclidean",0.001,0.001,0.001,0.001,0.001,0.001,16,"minP"
"MR-PCA","Hausdorff",0.001,0.001,0.001,0.001,0.001,0.001,16,"minP"
"MR-PCA","Ichino-Yaguchi",0.001,0.001,0.001,0.001,0.001,0.001,16,"minP"
"MR-PCA","Wasserstein",0.001,0.001,0.001,0.001,0.001,0.001,16,"minP"
"MR-PCA","Centers-Euclidean",0.001,0.001,0.001,0.001,0.001,0.001,16,"minP"
"SPCA","Int-Euclidean",0.001,0.126,0.001,0.079,0.001,0.001,16,"minP"
"SPCA","Hausdorff",0.001,0.001,0.001,0.017,0.001,0.001,16,"minP"
"SPCA","Ichino-Yaguchi",0.001,0.001,0.001,0.001,0.001,0.001,16,"minP"
"SPCA","Wasserstein",0.001,0.001,0.001,0.001,0.001,0.001,16,"minP"
"SPCA","Centers-Euclidean",0.001,0.001,0.001,0.001,0.001,0.001,16,"minP"
"IMDS","Int-Euclidean",1,0.017,1,0.149,1,1,16,"minP"
"IMDS","Hausdorff",0.001,0.001,0.001,0.001,0.001,1,16,"minP"
"IMDS","Ichino-Yaguchi",0.001,0.001,0.001,0.001,0.001,1,16,"minP"
"IMDS","Wasserstein",0.001,0.001,0.001,0.001,0.001,1,16,"minP"
"IMDS","Centers-Euclidean",1,1,0.999,1,0.711,0.712,16,"minP"
"Int-UMAP","Int-Euclidean",0.001,0.182,0.001,0.38,0.001,0.998,16,"minP"
"Int-UMAP","Hausdorff",0.001,1,0.001,1,0.001,0.001,16,"minP"
"Int-UMAP","Ichino-Yaguchi",0.001,0.026,0.001,0.019,0.001,0.001,16,"minP"
"Int-UMAP","Wasserstein",0.001,0.962,0.001,0.725,0.001,0.001,16,"minP"
"Int-UMAP","Centers-Euclidean",0.001,0.001,0.001,0.001,0.001,1,16,"minP"
"C-PCA","Int-Euclidean",0.001,0.02,0.001,0.011,0.001,0.001,17,"raw"
"C-PCA","Hausdorff",0.001,0.001,0.001,0.003,0.001,0.001,17,"raw"
"C-PCA","Ichino-Yaguchi",0.001,0.001,0.001,0.001,0.001,0.001,17,"raw"
"C-PCA","Wasserstein",0.001,0.001,0.001,0.001,0.001,0.001,17,"raw"
"C-PCA","Centers-Euclidean",0.001,0.001,0.001,0.001,0.001,0.001,17,"raw"
"V-PCA","Int-Euclidean",0.001,0.012,0.001,0.006,0.001,0.001,17,"raw"
"V-PCA","Hausdorff",0.001,0.001,0.001,0.003,0.001,0.001,17,"raw"
"V-PCA","Ichino-Yaguchi",0.001,0.001,0.001,0.001,0.001,0.001,17,"raw"
"V-PCA","Wasserstein",0.001,0.001,0.001,0.001,0.001,0.001,17,"raw"
"V-PCA","Centers-Euclidean",0.001,0.001,0.001,0.001,0.001,0.001,17,"raw"
"MR-PCA","Int-Euclidean",0.001,0.001,0.001,0.001,0.001,0.001,17,"raw"
"MR-PCA","Hausdorff",0.001,0.001,0.001,0.001,0.001,0.001,17,"raw"
"MR-PCA","Ichino-Yaguchi",0.001,0.001,0.001,0.001,0.001,0.001,17,"raw"
"MR-PCA","Wasserstein",0.001,0.001,0.001,0.001,0.001,0.001,17,"raw"
"MR-PCA","Centers-Euclidean",0.001,0.001,0.001,0.001,0.001,0.001,17,"raw"
"SPCA","Int-Euclidean",0.001,0.018,0.001,0.01,0.001,0.001,17,"raw"
"SPCA","Hausdorff",0.001,0.001,0.001,0.002,0.001,0.001,17,"raw"
"SPCA","Ichino-Yaguchi",0.001,0.001,0.001,0.001,0.001,0.001,17,"raw"
"SPCA","Wasserstein",0.001,0.001,0.001,0.001,0.001,0.001,17,"raw"
"SPCA","Centers-Euclidean",0.001,0.001,0.001,0.001,0.001,0.001,17,"raw"
"IMDS","Int-Euclidean",0.544,0.003,0.588,0.005,0.042,0.772,17,"raw"
"IMDS","Hausdorff",0.001,0.001,0.001,0.001,0.001,0.157,17,"raw"
"IMDS","Ichino-Yaguchi",0.001,0.007,0.001,0.003,0.004,0.23,17,"raw"
"IMDS","Wasserstein",0.001,0.001,0.001,0.001,0.004,0.054,17,"raw"
"IMDS","Centers-Euclidean",0.021,0.004,0.078,0.007,0.468,0.104,17,"raw"
"Int-UMAP","Int-Euclidean",0.001,0.006,0.001,0.056,0.001,0.841,17,"raw"
"Int-UMAP","Hausdorff",0.001,0.873,0.001,0.498,0.001,0.001,17,"raw"
"Int-UMAP","Ichino-Yaguchi",0.001,0.025,0.001,0.009,0.001,0.001,17,"raw"
"Int-UMAP","Wasserstein",0.001,0.19,0.001,0.037,0.001,0.003,17,"raw"
"Int-UMAP","Centers-Euclidean",0.001,0.001,0.001,0.001,0.001,0.001,17,"raw"
"C-PCA","Int-Euclidean",0.001,0.134,0.001,0.07,0.001,0.001,17,"minP"
"C-PCA","Hausdorff",0.001,0.001,0.001,0.015,0.001,0.001,17,"minP"
"C-PCA","Ichino-Yaguchi",0.001,0.001,0.001,0.001,0.001,0.001,17,"minP"
"C-PCA","Wasserstein",0.001,0.001,0.001,0.001,0.001,0.001,17,"minP"
"C-PCA","Centers-Euclidean",0.001,0.001,0.001,0.001,0.001,0.001,17,"minP"
"V-PCA","Int-Euclidean",0.001,0.078,0.001,0.035,0.001,0.001,17,"minP"
"V-PCA","Hausdorff",0.001,0.001,0.001,0.015,0.001,0.001,17,"minP"
"V-PCA","Ichino-Yaguchi",0.001,0.001,0.001,0.001,0.001,0.001,17,"minP"
"V-PCA","Wasserstein",0.001,0.001,0.001,0.001,0.001,0.001,17,"minP"
"V-PCA","Centers-Euclidean",0.001,0.001,0.001,0.001,0.001,0.001,17,"minP"
"MR-PCA","Int-Euclidean",0.001,0.001,0.001,0.001,0.001,0.001,17,"minP"
"MR-PCA","Hausdorff",0.001,0.001,0.001,0.001,0.001,0.001,17,"minP"
"MR-PCA","Ichino-Yaguchi",0.001,0.001,0.001,0.001,0.001,0.001,17,"minP"
"MR-PCA","Wasserstein",0.001,0.001,0.001,0.001,0.001,0.001,17,"minP"
"MR-PCA","Centers-Euclidean",0.001,0.001,0.001,0.001,0.001,0.001,17,"minP"
"SPCA","Int-Euclidean",0.001,0.114,0.001,0.069,0.001,0.001,17,"minP"
"SPCA","Hausdorff",0.001,0.001,0.001,0.01,0.001,0.001,17,"minP"
"SPCA","Ichino-Yaguchi",0.001,0.001,0.001,0.001,0.001,0.001,17,"minP"
"SPCA","Wasserstein",0.001,0.001,0.001,0.001,0.001,0.001,17,"minP"
"SPCA","Centers-Euclidean",0.001,0.001,0.001,0.001,0.001,0.001,17,"minP"
"IMDS","Int-Euclidean",0.991,0.018,0.995,0.03,0.278,1,17,"minP"
"IMDS","Hausdorff",0.001,0.001,0.001,0.001,0.001,0.721,17,"minP"
"IMDS","Ichino-Yaguchi",0.001,0.04,0.001,0.015,0.024,0.86,17,"minP"
"IMDS","Wasserstein",0.001,0.001,0.001,0.001,0.024,0.351,17,"minP"
"IMDS","Centers-Euclidean",0.115,0.023,0.407,0.042,0.991,0.554,17,"minP"
"Int-UMAP","Int-Euclidean",0.001,0.043,0.001,0.32,0.001,1,17,"minP"
"Int-UMAP","Hausdorff",0.001,1,0.001,0.988,0.001,0.001,17,"minP"
"Int-UMAP","Ichino-Yaguchi",0.001,0.155,0.001,0.057,0.001,0.001,17,"minP"
"Int-UMAP","Wasserstein",0.001,0.736,0.001,0.221,0.001,0.018,17,"minP"
"Int-UMAP","Centers-Euclidean",0.001,0.001,0.001,0.001,0.001,0.001,17,"minP"
"C-PCA","Int-Euclidean",0.001,0.024,0.001,0.008,0.001,0.001,18,"raw"
"C-PCA","Hausdorff",0.001,0.002,0.001,0.002,0.001,0.001,18,"raw"
"C-PCA","Ichino-Yaguchi",0.001,0.001,0.001,0.001,0.001,0.001,18,"raw"
"C-PCA","Wasserstein",0.001,0.001,0.001,0.001,0.001,0.001,18,"raw"
"C-PCA","Centers-Euclidean",0.001,0.001,0.001,0.001,0.001,0.001,18,"raw"
"V-PCA","Int-Euclidean",0.001,0.029,0.001,0.013,0.001,0.001,18,"raw"
"V-PCA","Hausdorff",0.001,0.001,0.001,0.002,0.001,0.001,18,"raw"
"V-PCA","Ichino-Yaguchi",0.001,0.001,0.001,0.001,0.001,0.001,18,"raw"
"V-PCA","Wasserstein",0.001,0.001,0.001,0.001,0.001,0.001,18,"raw"
"V-PCA","Centers-Euclidean",0.001,0.001,0.001,0.001,0.001,0.001,18,"raw"
"MR-PCA","Int-Euclidean",0.001,0.001,0.001,0.001,0.001,0.001,18,"raw"
"MR-PCA","Hausdorff",0.001,0.001,0.001,0.001,0.001,0.001,18,"raw"
"MR-PCA","Ichino-Yaguchi",0.001,0.001,0.001,0.001,0.001,0.001,18,"raw"
"MR-PCA","Wasserstein",0.001,0.001,0.001,0.001,0.001,0.001,18,"raw"
"MR-PCA","Centers-Euclidean",0.001,0.001,0.001,0.001,0.001,0.001,18,"raw"
"SPCA","Int-Euclidean",0.001,0.032,0.001,0.011,0.001,0.001,18,"raw"
"SPCA","Hausdorff",0.001,0.001,0.001,0.001,0.001,0.001,18,"raw"
"SPCA","Ichino-Yaguchi",0.001,0.001,0.001,0.001,0.001,0.001,18,"raw"
"SPCA","Wasserstein",0.001,0.001,0.001,0.001,0.001,0.001,18,"raw"
"SPCA","Centers-Euclidean",0.001,0.001,0.001,0.001,0.001,0.001,18,"raw"
"IMDS","Int-Euclidean",0.042,0.281,0.068,0.239,0.516,0.481,18,"raw"
"IMDS","Hausdorff",0.001,0.001,0.001,0.001,0.001,0.121,18,"raw"
"IMDS","Ichino-Yaguchi",0.001,0.001,0.001,0.001,0.001,0.384,18,"raw"
"IMDS","Wasserstein",0.001,0.001,0.001,0.001,0.001,0.337,18,"raw"
"IMDS","Centers-Euclidean",0.053,0.542,0.085,0.584,0.177,0.208,18,"raw"
"Int-UMAP","Int-Euclidean",0.001,0.117,0.001,0.468,0.001,0.002,18,"raw"
"Int-UMAP","Hausdorff",0.001,0.714,0.001,0.339,0.001,0.001,18,"raw"
"Int-UMAP","Ichino-Yaguchi",0.001,0.002,0.001,0.001,0.001,0.001,18,"raw"
"Int-UMAP","Wasserstein",0.001,0.126,0.001,0.009,0.001,0.001,18,"raw"
"Int-UMAP","Centers-Euclidean",0.001,0.001,0.001,0.001,0.001,0.001,18,"raw"
"C-PCA","Int-Euclidean",0.001,0.157,0.001,0.054,0.001,0.001,18,"minP"
"C-PCA","Hausdorff",0.001,0.008,0.001,0.009,0.001,0.001,18,"minP"
"C-PCA","Ichino-Yaguchi",0.001,0.001,0.001,0.001,0.001,0.001,18,"minP"
"C-PCA","Wasserstein",0.001,0.001,0.001,0.001,0.001,0.001,18,"minP"
"C-PCA","Centers-Euclidean",0.001,0.001,0.001,0.001,0.001,0.001,18,"minP"
"V-PCA","Int-Euclidean",0.001,0.177,0.001,0.084,0.001,0.001,18,"minP"
"V-PCA","Hausdorff",0.001,0.001,0.001,0.009,0.001,0.001,18,"minP"
"V-PCA","Ichino-Yaguchi",0.001,0.001,0.001,0.001,0.001,0.001,18,"minP"
"V-PCA","Wasserstein",0.001,0.001,0.001,0.001,0.001,0.001,18,"minP"
"V-PCA","Centers-Euclidean",0.001,0.001,0.001,0.001,0.001,0.001,18,"minP"
"MR-PCA","Int-Euclidean",0.001,0.001,0.001,0.001,0.001,0.001,18,"minP"
"MR-PCA","Hausdorff",0.001,0.001,0.001,0.001,0.001,0.001,18,"minP"
"MR-PCA","Ichino-Yaguchi",0.001,0.001,0.001,0.001,0.001,0.001,18,"minP"
"MR-PCA","Wasserstein",0.001,0.001,0.001,0.001,0.001,0.001,18,"minP"
"MR-PCA","Centers-Euclidean",0.001,0.001,0.001,0.001,0.001,0.001,18,"minP"
"SPCA","Int-Euclidean",0.001,0.196,0.001,0.073,0.001,0.001,18,"minP"
"SPCA","Hausdorff",0.001,0.001,0.001,0.001,0.001,0.001,18,"minP"
"SPCA","Ichino-Yaguchi",0.001,0.001,0.001,0.001,0.001,0.001,18,"minP"
"SPCA","Wasserstein",0.001,0.001,0.001,0.001,0.001,0.001,18,"minP"
"SPCA","Centers-Euclidean",0.001,0.001,0.001,0.001,0.001,0.001,18,"minP"
"IMDS","Int-Euclidean",0.228,0.862,0.371,0.816,0.992,0.987,18,"minP"
"IMDS","Hausdorff",0.001,0.001,0.001,0.001,0.001,0.604,18,"minP"
"IMDS","Ichino-Yaguchi",0.001,0.001,0.001,0.001,0.001,0.97,18,"minP"
"IMDS","Wasserstein",0.001,0.001,0.001,0.001,0.001,0.953,18,"minP"
"IMDS","Centers-Euclidean",0.285,0.992,0.445,0.999,0.758,0.821,18,"minP"
"Int-UMAP","Int-Euclidean",0.001,0.533,0.001,0.979,0.001,0.009,18,"minP"
"Int-UMAP","Hausdorff",0.001,1,0.001,0.924,0.001,0.001,18,"minP"
"Int-UMAP","Ichino-Yaguchi",0.001,0.01,0.001,0.001,0.001,0.001,18,"minP"
"Int-UMAP","Wasserstein",0.001,0.562,0.001,0.059,0.001,0.001,18,"minP"
"Int-UMAP","Centers-Euclidean",0.001,0.001,0.001,0.001,0.001,0.001,18,"minP"
"C-PCA","Int-Euclidean",0.001,0.027,0.001,0.008,0.001,0.001,19,"raw"
"C-PCA","Hausdorff",0.001,0.002,0.001,0.002,0.001,0.001,19,"raw"
"C-PCA","Ichino-Yaguchi",0.001,0.001,0.001,0.001,0.001,0.001,19,"raw"
"C-PCA","Wasserstein",0.001,0.001,0.001,0.001,0.001,0.001,19,"raw"
"C-PCA","Centers-Euclidean",0.001,0.001,0.001,0.001,0.001,0.001,19,"raw"
"V-PCA","Int-Euclidean",0.001,0.017,0.001,0.006,0.001,0.001,19,"raw"
"V-PCA","Hausdorff",0.001,0.001,0.001,0.001,0.001,0.001,19,"raw"
"V-PCA","Ichino-Yaguchi",0.001,0.001,0.001,0.001,0.001,0.001,19,"raw"
"V-PCA","Wasserstein",0.001,0.001,0.001,0.001,0.001,0.001,19,"raw"
"V-PCA","Centers-Euclidean",0.001,0.001,0.001,0.001,0.001,0.001,19,"raw"
"MR-PCA","Int-Euclidean",0.001,0.001,0.001,0.001,0.001,0.001,19,"raw"
"MR-PCA","Hausdorff",0.001,0.001,0.001,0.001,0.001,0.001,19,"raw"
"MR-PCA","Ichino-Yaguchi",0.001,0.001,0.001,0.001,0.001,0.001,19,"raw"
"MR-PCA","Wasserstein",0.001,0.001,0.001,0.001,0.001,0.001,19,"raw"
"MR-PCA","Centers-Euclidean",0.001,0.001,0.001,0.001,0.001,0.001,19,"raw"
"SPCA","Int-Euclidean",0.001,0.024,0.001,0.008,0.001,0.001,19,"raw"
"SPCA","Hausdorff",0.001,0.001,0.001,0.001,0.001,0.001,19,"raw"
"SPCA","Ichino-Yaguchi",0.001,0.001,0.001,0.001,0.001,0.001,19,"raw"
"SPCA","Wasserstein",0.001,0.001,0.001,0.001,0.001,0.001,19,"raw"
"SPCA","Centers-Euclidean",0.001,0.001,0.001,0.001,0.001,0.001,19,"raw"
"IMDS","Int-Euclidean",0.018,0.086,0.036,0.239,0.078,0.072,19,"raw"
"IMDS","Hausdorff",0.001,0.001,0.001,0.001,0.001,0.008,19,"raw"
"IMDS","Ichino-Yaguchi",0.001,0.001,0.001,0.001,0.001,0.019,19,"raw"
"IMDS","Wasserstein",0.001,0.001,0.001,0.001,0.001,0.106,19,"raw"
"IMDS","Centers-Euclidean",0.495,0.488,0.35,0.804,0.101,0.77,19,"raw"
"Int-UMAP","Int-Euclidean",0.001,0.077,0.001,0.385,0.001,0.002,19,"raw"
"Int-UMAP","Hausdorff",0.001,0.881,0.001,0.713,0.001,0.001,19,"raw"
"Int-UMAP","Ichino-Yaguchi",0.001,0.003,0.001,0.001,0.001,0.001,19,"raw"
"Int-UMAP","Wasserstein",0.001,0.428,0.001,0.051,0.001,0.001,19,"raw"
"Int-UMAP","Centers-Euclidean",0.001,0.001,0.001,0.001,0.001,0.036,19,"raw"
"C-PCA","Int-Euclidean",0.001,0.174,0.001,0.052,0.001,0.001,19,"minP"
"C-PCA","Hausdorff",0.001,0.009,0.001,0.008,0.001,0.001,19,"minP"
"C-PCA","Ichino-Yaguchi",0.001,0.001,0.001,0.001,0.001,0.001,19,"minP"
"C-PCA","Wasserstein",0.001,0.001,0.001,0.001,0.001,0.001,19,"minP"
"C-PCA","Centers-Euclidean",0.001,0.001,0.001,0.001,0.001,0.001,19,"minP"
"V-PCA","Int-Euclidean",0.001,0.12,0.001,0.037,0.001,0.001,19,"minP"
"V-PCA","Hausdorff",0.001,0.001,0.001,0.001,0.001,0.001,19,"minP"
"V-PCA","Ichino-Yaguchi",0.001,0.001,0.001,0.001,0.001,0.001,19,"minP"
"V-PCA","Wasserstein",0.001,0.001,0.001,0.001,0.001,0.001,19,"minP"
"V-PCA","Centers-Euclidean",0.001,0.001,0.001,0.001,0.001,0.001,19,"minP"
"MR-PCA","Int-Euclidean",0.001,0.001,0.001,0.001,0.001,0.001,19,"minP"
"MR-PCA","Hausdorff",0.001,0.001,0.001,0.001,0.001,0.001,19,"minP"
"MR-PCA","Ichino-Yaguchi",0.001,0.001,0.001,0.001,0.001,0.001,19,"minP"
"MR-PCA","Wasserstein",0.001,0.001,0.001,0.001,0.001,0.001,19,"minP"
"MR-PCA","Centers-Euclidean",0.001,0.001,0.001,0.001,0.001,0.001,19,"minP"
"SPCA","Int-Euclidean",0.001,0.159,0.001,0.053,0.001,0.001,19,"minP"
"SPCA","Hausdorff",0.001,0.001,0.001,0.001,0.001,0.001,19,"minP"
"SPCA","Ichino-Yaguchi",0.001,0.001,0.001,0.001,0.001,0.001,19,"minP"
"SPCA","Wasserstein",0.001,0.001,0.001,0.001,0.001,0.001,19,"minP"
"SPCA","Centers-Euclidean",0.001,0.001,0.001,0.001,0.001,0.001,19,"minP"
"IMDS","Int-Euclidean",0.118,0.424,0.22,0.808,0.466,0.443,19,"minP"
"IMDS","Hausdorff",0.001,0.001,0.001,0.001,0.001,0.061,19,"minP"
"IMDS","Ichino-Yaguchi",0.001,0.001,0.001,0.001,0.001,0.142,19,"minP"
"IMDS","Wasserstein",0.001,0.001,0.001,0.001,0.001,0.563,19,"minP"
"IMDS","Centers-Euclidean",0.987,0.986,0.93,1,0.54,1,19,"minP"
"Int-UMAP","Int-Euclidean",0.001,0.426,0.001,0.945,0.001,0.009,19,"minP"
"Int-UMAP","Hausdorff",0.001,1,0.001,1,0.001,0.001,19,"minP"
"Int-UMAP","Ichino-Yaguchi",0.001,0.019,0.001,0.001,0.001,0.001,19,"minP"
"Int-UMAP","Wasserstein",0.001,0.969,0.001,0.301,0.001,0.001,19,"minP"
"Int-UMAP","Centers-Euclidean",0.001,0.001,0.001,0.001,0.001,0.229,19,"minP"
"C-PCA","Int-Euclidean",0.001,0.043,0.001,0.005,0.001,0.001,20,"raw"
"C-PCA","Hausdorff",0.001,0.001,0.001,0.001,0.001,0.001,20,"raw"
"C-PCA","Ichino-Yaguchi",0.001,0.001,0.001,0.001,0.001,0.001,20,"raw"
"C-PCA","Wasserstein",0.001,0.001,0.001,0.001,0.001,0.001,20,"raw"
"C-PCA","Centers-Euclidean",0.001,0.001,0.001,0.001,0.001,0.001,20,"raw"
"V-PCA","Int-Euclidean",0.001,0.029,0.001,0.002,0.001,0.001,20,"raw"
"V-PCA","Hausdorff",0.001,0.001,0.001,0.001,0.001,0.001,20,"raw"
"V-PCA","Ichino-Yaguchi",0.001,0.001,0.001,0.001,0.001,0.001,20,"raw"
"V-PCA","Wasserstein",0.001,0.001,0.001,0.001,0.001,0.001,20,"raw"
"V-PCA","Centers-Euclidean",0.001,0.001,0.001,0.001,0.001,0.001,20,"raw"
"MR-PCA","Int-Euclidean",0.001,0.001,0.001,0.001,0.001,0.001,20,"raw"
"MR-PCA","Hausdorff",0.001,0.001,0.001,0.001,0.001,0.001,20,"raw"
"MR-PCA","Ichino-Yaguchi",0.001,0.001,0.001,0.001,0.001,0.001,20,"raw"
"MR-PCA","Wasserstein",0.001,0.001,0.001,0.001,0.001,0.001,20,"raw"
"MR-PCA","Centers-Euclidean",0.001,0.001,0.001,0.001,0.001,0.001,20,"raw"
"SPCA","Int-Euclidean",0.001,0.043,0.001,0.004,0.001,0.001,20,"raw"
"SPCA","Hausdorff",0.001,0.003,0.001,0.002,0.001,0.001,20,"raw"
"SPCA","Ichino-Yaguchi",0.001,0.001,0.001,0.001,0.001,0.001,20,"raw"
"SPCA","Wasserstein",0.001,0.001,0.001,0.001,0.001,0.001,20,"raw"
"SPCA","Centers-Euclidean",0.001,0.001,0.001,0.001,0.001,0.001,20,"raw"
"IMDS","Int-Euclidean",0.001,0.506,0.003,0.515,0.608,0.089,20,"raw"
"IMDS","Hausdorff",0.001,0.001,0.001,0.001,0.001,0.581,20,"raw"
"IMDS","Ichino-Yaguchi",0.001,0.001,0.001,0.001,0.001,0.589,20,"raw"
"IMDS","Wasserstein",0.001,0.001,0.001,0.001,0.001,0.742,20,"raw"
"IMDS","Centers-Euclidean",0.615,0.939,0.754,0.729,0.524,0.956,20,"raw"
"Int-UMAP","Int-Euclidean",0.001,0.19,0.001,0.638,0.001,0.006,20,"raw"
"Int-UMAP","Hausdorff",0.001,0.311,0.001,0.235,0.001,0.04,20,"raw"
"Int-UMAP","Ichino-Yaguchi",0.001,0.001,0.001,0.002,0.001,0.001,20,"raw"
"Int-UMAP","Wasserstein",0.001,0.007,0.001,0.01,0.001,0.048,20,"raw"
"Int-UMAP","Centers-Euclidean",0.001,0.001,0.001,0.001,0.001,0.073,20,"raw"
"C-PCA","Int-Euclidean",0.001,0.26,0.001,0.031,0.001,0.001,20,"minP"
"C-PCA","Hausdorff",0.001,0.001,0.001,0.001,0.001,0.001,20,"minP"
"C-PCA","Ichino-Yaguchi",0.001,0.001,0.001,0.001,0.001,0.001,20,"minP"
"C-PCA","Wasserstein",0.001,0.001,0.001,0.001,0.001,0.001,20,"minP"
"C-PCA","Centers-Euclidean",0.001,0.001,0.001,0.001,0.001,0.001,20,"minP"
"V-PCA","Int-Euclidean",0.001,0.191,0.001,0.009,0.001,0.001,20,"minP"
"V-PCA","Hausdorff",0.001,0.001,0.001,0.001,0.001,0.001,20,"minP"
"V-PCA","Ichino-Yaguchi",0.001,0.001,0.001,0.001,0.001,0.001,20,"minP"
"V-PCA","Wasserstein",0.001,0.001,0.001,0.001,0.001,0.001,20,"minP"
"V-PCA","Centers-Euclidean",0.001,0.001,0.001,0.001,0.001,0.001,20,"minP"
"MR-PCA","Int-Euclidean",0.001,0.001,0.001,0.001,0.001,0.001,20,"minP"
"MR-PCA","Hausdorff",0.001,0.001,0.001,0.001,0.001,0.001,20,"minP"
"MR-PCA","Ichino-Yaguchi",0.001,0.001,0.001,0.001,0.001,0.001,20,"minP"
"MR-PCA","Wasserstein",0.001,0.001,0.001,0.001,0.001,0.001,20,"minP"
"MR-PCA","Centers-Euclidean",0.001,0.001,0.001,0.001,0.001,0.001,20,"minP"
"SPCA","Int-Euclidean",0.001,0.265,0.001,0.024,0.001,0.001,20,"minP"
"SPCA","Hausdorff",0.001,0.014,0.001,0.008,0.001,0.001,20,"minP"
"SPCA","Ichino-Yaguchi",0.001,0.001,0.001,0.001,0.001,0.001,20,"minP"
"SPCA","Wasserstein",0.001,0.001,0.001,0.001,0.001,0.001,20,"minP"
"SPCA","Centers-Euclidean",0.001,0.001,0.001,0.001,0.001,0.001,20,"minP"
"IMDS","Int-Euclidean",0.001,0.988,0.018,0.987,0.999,0.503,20,"minP"
"IMDS","Hausdorff",0.001,0.001,0.001,0.001,0.001,0.997,20,"minP"
"IMDS","Ichino-Yaguchi",0.001,0.001,0.001,0.001,0.001,0.999,20,"minP"
"IMDS","Wasserstein",0.001,0.001,0.001,0.001,0.001,1,20,"minP"
"IMDS","Centers-Euclidean",0.999,1,1,1,0.995,1,20,"minP"
"Int-UMAP","Int-Euclidean",0.001,0.737,0.001,0.998,0.001,0.037,20,"minP"
"Int-UMAP","Hausdorff",0.001,0.9,0.001,0.818,0.001,0.264,20,"minP"
"Int-UMAP","Ichino-Yaguchi",0.001,0.001,0.001,0.009,0.001,0.001,20,"minP"
"Int-UMAP","Wasserstein",0.001,0.049,0.001,0.064,0.001,0.307,20,"minP"
"Int-UMAP","Centers-Euclidean",0.001,0.001,0.001,0.001,0.001,0.426,20,"minP"
"C-PCA","Int-Euclidean",0.001,0.01,0.001,0.003,0.001,0.001,21,"raw"
"C-PCA","Hausdorff",0.001,0.001,0.001,0.002,0.001,0.001,21,"raw"
"C-PCA","Ichino-Yaguchi",0.001,0.001,0.001,0.001,0.001,0.001,21,"raw"
"C-PCA","Wasserstein",0.001,0.001,0.001,0.001,0.001,0.001,21,"raw"
"C-PCA","Centers-Euclidean",0.001,0.001,0.001,0.001,0.001,0.001,21,"raw"
"V-PCA","Int-Euclidean",0.001,0.016,0.001,0.008,0.001,0.001,21,"raw"
"V-PCA","Hausdorff",0.001,0.002,0.001,0.004,0.001,0.001,21,"raw"
"V-PCA","Ichino-Yaguchi",0.001,0.001,0.001,0.001,0.001,0.001,21,"raw"
"V-PCA","Wasserstein",0.001,0.001,0.001,0.001,0.001,0.001,21,"raw"
"V-PCA","Centers-Euclidean",0.001,0.001,0.001,0.001,0.001,0.001,21,"raw"
"MR-PCA","Int-Euclidean",0.001,0.001,0.001,0.001,0.001,0.001,21,"raw"
"MR-PCA","Hausdorff",0.001,0.001,0.001,0.001,0.001,0.001,21,"raw"
"MR-PCA","Ichino-Yaguchi",0.001,0.001,0.001,0.001,0.001,0.001,21,"raw"
"MR-PCA","Wasserstein",0.001,0.001,0.001,0.001,0.001,0.001,21,"raw"
"MR-PCA","Centers-Euclidean",0.001,0.001,0.001,0.001,0.001,0.001,21,"raw"
"SPCA","Int-Euclidean",0.001,0.011,0.001,0.006,0.001,0.001,21,"raw"
"SPCA","Hausdorff",0.001,0.002,0.001,0.005,0.001,0.001,21,"raw"
"SPCA","Ichino-Yaguchi",0.001,0.001,0.001,0.001,0.001,0.001,21,"raw"
"SPCA","Wasserstein",0.001,0.001,0.001,0.001,0.001,0.001,21,"raw"
"SPCA","Centers-Euclidean",0.001,0.001,0.001,0.001,0.001,0.001,21,"raw"
"IMDS","Int-Euclidean",0.01,0.114,0.033,0.113,0.465,0.384,21,"raw"
"IMDS","Hausdorff",0.001,0.001,0.001,0.001,0.001,0.493,21,"raw"
"IMDS","Ichino-Yaguchi",0.001,0.001,0.001,0.001,0.001,0.612,21,"raw"
"IMDS","Wasserstein",0.001,0.001,0.001,0.001,0.001,0.899,21,"raw"
"IMDS","Centers-Euclidean",0.367,0.769,0.369,0.533,0.663,0.687,21,"raw"
"Int-UMAP","Int-Euclidean",0.001,0.17,0.001,0.563,0.001,0.018,21,"raw"
"Int-UMAP","Hausdorff",0.001,0.925,0.001,0.725,0.001,0.001,21,"raw"
"Int-UMAP","Ichino-Yaguchi",0.001,0.004,0.001,0.006,0.001,0.001,21,"raw"
"Int-UMAP","Wasserstein",0.001,0.376,0.001,0.08,0.001,0.001,21,"raw"
"Int-UMAP","Centers-Euclidean",0.001,0.001,0.001,0.001,0.001,0.002,21,"raw"
"C-PCA","Int-Euclidean",0.001,0.066,0.001,0.017,0.001,0.001,21,"minP"
"C-PCA","Hausdorff",0.001,0.001,0.001,0.009,0.001,0.001,21,"minP"
"C-PCA","Ichino-Yaguchi",0.001,0.001,0.001,0.001,0.001,0.001,21,"minP"
"C-PCA","Wasserstein",0.001,0.001,0.001,0.001,0.001,0.001,21,"minP"
"C-PCA","Centers-Euclidean",0.001,0.001,0.001,0.001,0.001,0.001,21,"minP"
"V-PCA","Int-Euclidean",0.001,0.099,0.001,0.056,0.001,0.001,21,"minP"
"V-PCA","Hausdorff",0.001,0.008,0.001,0.028,0.001,0.001,21,"minP"
"V-PCA","Ichino-Yaguchi",0.001,0.001,0.001,0.001,0.001,0.001,21,"minP"
"V-PCA","Wasserstein",0.001,0.001,0.001,0.001,0.001,0.001,21,"minP"
"V-PCA","Centers-Euclidean",0.001,0.001,0.001,0.001,0.001,0.001,21,"minP"
"MR-PCA","Int-Euclidean",0.001,0.001,0.001,0.001,0.001,0.001,21,"minP"
"MR-PCA","Hausdorff",0.001,0.001,0.001,0.001,0.001,0.001,21,"minP"
"MR-PCA","Ichino-Yaguchi",0.001,0.001,0.001,0.001,0.001,0.001,21,"minP"
"MR-PCA","Wasserstein",0.001,0.001,0.001,0.001,0.001,0.001,21,"minP"
"MR-PCA","Centers-Euclidean",0.001,0.001,0.001,0.001,0.001,0.001,21,"minP"
"SPCA","Int-Euclidean",0.001,0.079,0.001,0.039,0.001,0.001,21,"minP"
"SPCA","Hausdorff",0.001,0.01,0.001,0.032,0.001,0.001,21,"minP"
"SPCA","Ichino-Yaguchi",0.001,0.001,0.001,0.001,0.001,0.001,21,"minP"
"SPCA","Wasserstein",0.001,0.001,0.001,0.001,0.001,0.001,21,"minP"
"SPCA","Centers-Euclidean",0.001,0.001,0.001,0.001,0.001,0.001,21,"minP"
"IMDS","Int-Euclidean",0.071,0.547,0.205,0.547,0.986,0.967,21,"minP"
"IMDS","Hausdorff",0.001,0.001,0.001,0.001,0.001,0.988,21,"minP"
"IMDS","Ichino-Yaguchi",0.001,0.001,0.001,0.001,0.001,0.997,21,"minP"
"IMDS","Wasserstein",0.001,0.001,0.001,0.001,0.001,1,21,"minP"
"IMDS","Centers-Euclidean",0.942,1,0.937,0.989,0.998,1,21,"minP"
"Int-UMAP","Int-Euclidean",0.001,0.697,0.001,0.997,0.001,0.123,21,"minP"
"Int-UMAP","Hausdorff",0.001,1,0.001,1,0.001,0.001,21,"minP"
"Int-UMAP","Ichino-Yaguchi",0.001,0.026,0.001,0.038,0.001,0.001,21,"minP"
"Int-UMAP","Wasserstein",0.001,0.951,0.001,0.42,0.001,0.001,21,"minP"
"Int-UMAP","Centers-Euclidean",0.001,0.001,0.001,0.001,0.001,0.011,21,"minP"
"C-PCA","Int-Euclidean",0.001,0.027,0.001,0.01,0.001,0.001,22,"raw"
"C-PCA","Hausdorff",0.001,0.001,0.001,0.002,0.001,0.001,22,"raw"
"C-PCA","Ichino-Yaguchi",0.001,0.001,0.001,0.001,0.001,0.001,22,"raw"
"C-PCA","Wasserstein",0.001,0.001,0.001,0.001,0.001,0.001,22,"raw"
"C-PCA","Centers-Euclidean",0.001,0.001,0.001,0.001,0.001,0.001,22,"raw"
"V-PCA","Int-Euclidean",0.001,0.017,0.001,0.009,0.001,0.001,22,"raw"
"V-PCA","Hausdorff",0.001,0.001,0.001,0.002,0.001,0.001,22,"raw"
"V-PCA","Ichino-Yaguchi",0.001,0.001,0.001,0.001,0.001,0.001,22,"raw"
"V-PCA","Wasserstein",0.001,0.001,0.001,0.001,0.001,0.001,22,"raw"
"V-PCA","Centers-Euclidean",0.001,0.001,0.001,0.001,0.001,0.001,22,"raw"
"MR-PCA","Int-Euclidean",0.001,0.001,0.001,0.001,0.001,0.001,22,"raw"
"MR-PCA","Hausdorff",0.001,0.001,0.001,0.001,0.001,0.001,22,"raw"
"MR-PCA","Ichino-Yaguchi",0.001,0.001,0.001,0.001,0.001,0.001,22,"raw"
"MR-PCA","Wasserstein",0.001,0.001,0.001,0.001,0.001,0.001,22,"raw"
"MR-PCA","Centers-Euclidean",0.001,0.001,0.001,0.001,0.001,0.001,22,"raw"
"SPCA","Int-Euclidean",0.001,0.025,0.001,0.007,0.001,0.001,22,"raw"
"SPCA","Hausdorff",0.001,0.001,0.001,0.002,0.001,0.001,22,"raw"
"SPCA","Ichino-Yaguchi",0.001,0.001,0.001,0.001,0.001,0.001,22,"raw"
"SPCA","Wasserstein",0.001,0.001,0.001,0.001,0.001,0.001,22,"raw"
"SPCA","Centers-Euclidean",0.001,0.001,0.001,0.001,0.001,0.001,22,"raw"
"IMDS","Int-Euclidean",0.963,0.135,0.982,0.339,0.951,0.589,22,"raw"
"IMDS","Hausdorff",0.001,0.001,0.001,0.001,0.001,0.001,22,"raw"
"IMDS","Ichino-Yaguchi",0.001,0.001,0.001,0.001,0.001,0.001,22,"raw"
"IMDS","Wasserstein",0.001,0.001,0.001,0.001,0.001,0.19,22,"raw"
"IMDS","Centers-Euclidean",0.611,0.4,0.518,0.679,0.464,0.652,22,"raw"
"Int-UMAP","Int-Euclidean",0.001,0.001,0.001,0.002,0.001,0.74,22,"raw"
"Int-UMAP","Hausdorff",0.001,0.017,0.001,0.213,0.001,0.738,22,"raw"
"Int-UMAP","Ichino-Yaguchi",0.001,0.533,0.001,0.203,0.001,0.001,22,"raw"
"Int-UMAP","Wasserstein",0.001,0.545,0.001,0.697,0.001,0.026,22,"raw"
"Int-UMAP","Centers-Euclidean",0.001,0.001,0.001,0.001,0.001,0.169,22,"raw"
"C-PCA","Int-Euclidean",0.001,0.178,0.001,0.068,0.001,0.001,22,"minP"
"C-PCA","Hausdorff",0.001,0.001,0.001,0.011,0.001,0.001,22,"minP"
"C-PCA","Ichino-Yaguchi",0.001,0.001,0.001,0.001,0.001,0.001,22,"minP"
"C-PCA","Wasserstein",0.001,0.001,0.001,0.001,0.001,0.001,22,"minP"
"C-PCA","Centers-Euclidean",0.001,0.001,0.001,0.001,0.001,0.001,22,"minP"
"V-PCA","Int-Euclidean",0.001,0.112,0.001,0.057,0.001,0.001,22,"minP"
"V-PCA","Hausdorff",0.001,0.001,0.001,0.009,0.001,0.001,22,"minP"
"V-PCA","Ichino-Yaguchi",0.001,0.001,0.001,0.001,0.001,0.001,22,"minP"
"V-PCA","Wasserstein",0.001,0.001,0.001,0.001,0.001,0.001,22,"minP"
"V-PCA","Centers-Euclidean",0.001,0.001,0.001,0.001,0.001,0.001,22,"minP"
"MR-PCA","Int-Euclidean",0.001,0.001,0.001,0.001,0.001,0.001,22,"minP"
"MR-PCA","Hausdorff",0.001,0.001,0.001,0.001,0.001,0.001,22,"minP"
"MR-PCA","Ichino-Yaguchi",0.001,0.001,0.001,0.001,0.001,0.001,22,"minP"
"MR-PCA","Wasserstein",0.001,0.001,0.001,0.001,0.001,0.001,22,"minP"
"MR-PCA","Centers-Euclidean",0.001,0.001,0.001,0.001,0.001,0.001,22,"minP"
"SPCA","Int-Euclidean",0.001,0.159,0.001,0.045,0.001,0.001,22,"minP"
"SPCA","Hausdorff",0.001,0.001,0.001,0.009,0.001,0.001,22,"minP"
"SPCA","Ichino-Yaguchi",0.001,0.001,0.001,0.001,0.001,0.001,22,"minP"
"SPCA","Wasserstein",0.001,0.001,0.001,0.001,0.001,0.001,22,"minP"
"SPCA","Centers-Euclidean",0.001,0.001,0.001,0.001,0.001,0.001,22,"minP"
"IMDS","Int-Euclidean",1,0.606,1,0.948,1,0.998,22,"minP"
"IMDS","Hausdorff",0.001,0.001,0.001,0.001,0.001,0.001,22,"minP"
"IMDS","Ichino-Yaguchi",0.001,0.001,0.001,0.001,0.001,0.001,22,"minP"
"IMDS","Wasserstein",0.001,0.001,0.001,0.001,0.001,0.775,22,"minP"
"IMDS","Centers-Euclidean",0.996,0.96,0.994,1,0.989,1,22,"minP"
"Int-UMAP","Int-Euclidean",0.001,0.001,0.001,0.009,0.001,1,22,"minP"
"Int-UMAP","Hausdorff",0.001,0.114,0.001,0.784,0.001,1,22,"minP"
"Int-UMAP","Ichino-Yaguchi",0.001,0.987,0.001,0.767,0.001,0.001,22,"minP"
"Int-UMAP","Wasserstein",0.001,0.988,0.001,1,0.001,0.178,22,"minP"
"Int-UMAP","Centers-Euclidean",0.001,0.001,0.001,0.001,0.001,0.759,22,"minP"
"C-PCA","Int-Euclidean",0.001,0.028,0.001,0.008,0.001,0.001,23,"raw"
"C-PCA","Hausdorff",0.001,0.001,0.001,0.001,0.001,0.001,23,"raw"
"C-PCA","Ichino-Yaguchi",0.001,0.001,0.001,0.001,0.001,0.001,23,"raw"
"C-PCA","Wasserstein",0.001,0.001,0.001,0.001,0.001,0.001,23,"raw"
"C-PCA","Centers-Euclidean",0.001,0.001,0.001,0.001,0.001,0.001,23,"raw"
"V-PCA","Int-Euclidean",0.001,0.031,0.001,0.006,0.001,0.001,23,"raw"
"V-PCA","Hausdorff",0.001,0.005,0.001,0.005,0.001,0.001,23,"raw"
"V-PCA","Ichino-Yaguchi",0.001,0.001,0.001,0.001,0.001,0.001,23,"raw"
"V-PCA","Wasserstein",0.001,0.001,0.001,0.001,0.001,0.001,23,"raw"
"V-PCA","Centers-Euclidean",0.001,0.001,0.001,0.001,0.001,0.001,23,"raw"
"MR-PCA","Int-Euclidean",0.001,0.001,0.001,0.001,0.001,0.001,23,"raw"
"MR-PCA","Hausdorff",0.001,0.001,0.001,0.001,0.001,0.001,23,"raw"
"MR-PCA","Ichino-Yaguchi",0.001,0.001,0.001,0.001,0.001,0.001,23,"raw"
"MR-PCA","Wasserstein",0.001,0.001,0.001,0.001,0.001,0.001,23,"raw"
"MR-PCA","Centers-Euclidean",0.001,0.001,0.001,0.001,0.001,0.001,23,"raw"
"SPCA","Int-Euclidean",0.001,0.035,0.001,0.012,0.001,0.001,23,"raw"
"SPCA","Hausdorff",0.001,0.004,0.001,0.002,0.001,0.001,23,"raw"
"SPCA","Ichino-Yaguchi",0.001,0.001,0.001,0.001,0.001,0.001,23,"raw"
"SPCA","Wasserstein",0.001,0.001,0.001,0.001,0.001,0.001,23,"raw"
"SPCA","Centers-Euclidean",0.001,0.001,0.001,0.001,0.001,0.001,23,"raw"
"IMDS","Int-Euclidean",0.049,0.01,0.134,0.015,0.643,0.162,23,"raw"
"IMDS","Hausdorff",0.001,0.001,0.001,0.001,0.027,0.631,23,"raw"
"IMDS","Ichino-Yaguchi",0.001,0.001,0.001,0.001,0.131,0.148,23,"raw"
"IMDS","Wasserstein",0.001,0.001,0.001,0.001,0.03,1,23,"raw"
"IMDS","Centers-Euclidean",1,0.128,1,0.939,0.799,0.334,23,"raw"
"Int-UMAP","Int-Euclidean",0.001,0.099,0.001,0.285,0.001,0.26,23,"raw"
"Int-UMAP","Hausdorff",0.001,0.368,0.001,0.242,0.001,0.021,23,"raw"
"Int-UMAP","Ichino-Yaguchi",0.001,0.001,0.001,0.001,0.001,0.001,23,"raw"
"Int-UMAP","Wasserstein",0.001,0.003,0.001,0.001,0.001,0.001,23,"raw"
"Int-UMAP","Centers-Euclidean",0.001,0.001,0.001,0.001,0.001,0.498,23,"raw"
"C-PCA","Int-Euclidean",0.001,0.193,0.001,0.054,0.001,0.001,23,"minP"
"C-PCA","Hausdorff",0.001,0.001,0.001,0.001,0.001,0.001,23,"minP"
"C-PCA","Ichino-Yaguchi",0.001,0.001,0.001,0.001,0.001,0.001,23,"minP"
"C-PCA","Wasserstein",0.001,0.001,0.001,0.001,0.001,0.001,23,"minP"
"C-PCA","Centers-Euclidean",0.001,0.001,0.001,0.001,0.001,0.001,23,"minP"
"V-PCA","Int-Euclidean",0.001,0.195,0.001,0.037,0.001,0.001,23,"minP"
"V-PCA","Hausdorff",0.001,0.032,0.001,0.031,0.001,0.001,23,"minP"
"V-PCA","Ichino-Yaguchi",0.001,0.001,0.001,0.001,0.001,0.001,23,"minP"
"V-PCA","Wasserstein",0.001,0.001,0.001,0.001,0.001,0.001,23,"minP"
"V-PCA","Centers-Euclidean",0.001,0.001,0.001,0.001,0.001,0.001,23,"minP"
"MR-PCA","Int-Euclidean",0.001,0.001,0.001,0.001,0.001,0.001,23,"minP"
"MR-PCA","Hausdorff",0.001,0.001,0.001,0.001,0.001,0.001,23,"minP"
"MR-PCA","Ichino-Yaguchi",0.001,0.001,0.001,0.001,0.001,0.001,23,"minP"
"MR-PCA","Wasserstein",0.001,0.001,0.001,0.001,0.001,0.001,23,"minP"
"MR-PCA","Centers-Euclidean",0.001,0.001,0.001,0.001,0.001,0.001,23,"minP"
"SPCA","Int-Euclidean",0.001,0.217,0.001,0.077,0.001,0.001,23,"minP"
"SPCA","Hausdorff",0.001,0.026,0.001,0.009,0.001,0.001,23,"minP"
"SPCA","Ichino-Yaguchi",0.001,0.001,0.001,0.001,0.001,0.001,23,"minP"
"SPCA","Wasserstein",0.001,0.001,0.001,0.001,0.001,0.001,23,"minP"
"SPCA","Centers-Euclidean",0.001,0.001,0.001,0.001,0.001,0.001,23,"minP"
"IMDS","Int-Euclidean",0.262,0.063,0.599,0.096,1,0.758,23,"minP"
"IMDS","Hausdorff",0.001,0.001,0.001,0.001,0.189,1,23,"minP"
"IMDS","Ichino-Yaguchi",0.001,0.001,0.001,0.001,0.654,0.721,23,"minP"
"IMDS","Wasserstein",0.001,0.001,0.001,0.001,0.212,1,23,"minP"
"IMDS","Centers-Euclidean",1,0.564,1,1,1,0.949,23,"minP"
"Int-UMAP","Int-Euclidean",0.001,0.491,0.001,0.883,0.001,0.89,23,"minP"
"Int-UMAP","Hausdorff",0.001,0.956,0.001,0.832,0.001,0.154,23,"minP"
"Int-UMAP","Ichino-Yaguchi",0.001,0.001,0.001,0.001,0.001,0.001,23,"minP"
"Int-UMAP","Wasserstein",0.001,0.016,0.001,0.001,0.001,0.001,23,"minP"
"Int-UMAP","Centers-Euclidean",0.001,0.001,0.001,0.001,0.001,0.996,23,"minP"
"C-PCA","Int-Euclidean",0.001,0.031,0.001,0.006,0.001,0.001,24,"raw"
"C-PCA","Hausdorff",0.001,0.002,0.001,0.002,0.001,0.001,24,"raw"
"C-PCA","Ichino-Yaguchi",0.001,0.001,0.001,0.001,0.001,0.001,24,"raw"
"C-PCA","Wasserstein",0.001,0.001,0.001,0.001,0.001,0.001,24,"raw"
"C-PCA","Centers-Euclidean",0.001,0.001,0.001,0.001,0.001,0.001,24,"raw"
"V-PCA","Int-Euclidean",0.001,0.027,0.001,0.005,0.001,0.001,24,"raw"
"V-PCA","Hausdorff",0.001,0.001,0.001,0.002,0.001,0.001,24,"raw"
"V-PCA","Ichino-Yaguchi",0.001,0.001,0.001,0.001,0.001,0.001,24,"raw"
"V-PCA","Wasserstein",0.001,0.001,0.001,0.001,0.001,0.001,24,"raw"
"V-PCA","Centers-Euclidean",0.001,0.001,0.001,0.001,0.001,0.001,24,"raw"
"MR-PCA","Int-Euclidean",0.001,0.001,0.001,0.001,0.001,0.001,24,"raw"
"MR-PCA","Hausdorff",0.001,0.001,0.001,0.001,0.001,0.001,24,"raw"
"MR-PCA","Ichino-Yaguchi",0.001,0.001,0.001,0.001,0.001,0.001,24,"raw"
"MR-PCA","Wasserstein",0.001,0.001,0.001,0.001,0.001,0.001,24,"raw"
"MR-PCA","Centers-Euclidean",0.001,0.001,0.001,0.001,0.001,0.001,24,"raw"
"SPCA","Int-Euclidean",0.001,0.029,0.001,0.01,0.001,0.001,24,"raw"
"SPCA","Hausdorff",0.001,0.001,0.001,0.002,0.001,0.001,24,"raw"
"SPCA","Ichino-Yaguchi",0.001,0.001,0.001,0.001,0.001,0.001,24,"raw"
"SPCA","Wasserstein",0.001,0.001,0.001,0.001,0.001,0.001,24,"raw"
"SPCA","Centers-Euclidean",0.001,0.001,0.001,0.001,0.001,0.001,24,"raw"
"IMDS","Int-Euclidean",0.518,0.023,0.633,0.083,0.656,0.576,24,"raw"
"IMDS","Hausdorff",0.001,0.001,0.001,0.001,0.001,0.056,24,"raw"
"IMDS","Ichino-Yaguchi",0.001,0.001,0.001,0.001,0.001,0.13,24,"raw"
"IMDS","Wasserstein",0.001,0.001,0.001,0.001,0.001,0.005,24,"raw"
"IMDS","Centers-Euclidean",0.277,0.391,0.034,0.428,0.38,0.05,24,"raw"
"Int-UMAP","Int-Euclidean",0.001,0.015,0.001,0.079,0.001,0.058,24,"raw"
"Int-UMAP","Hausdorff",0.001,0.436,0.001,0.381,0.001,0.001,24,"raw"
"Int-UMAP","Ichino-Yaguchi",0.001,0.003,0.001,0.003,0.001,0.001,24,"raw"
"Int-UMAP","Wasserstein",0.001,0.081,0.001,0.02,0.001,0.001,24,"raw"
"Int-UMAP","Centers-Euclidean",0.001,0.001,0.001,0.001,0.001,0.094,24,"raw"
"C-PCA","Int-Euclidean",0.001,0.198,0.001,0.038,0.001,0.001,24,"minP"
"C-PCA","Hausdorff",0.001,0.009,0.001,0.008,0.001,0.001,24,"minP"
"C-PCA","Ichino-Yaguchi",0.001,0.001,0.001,0.001,0.001,0.001,24,"minP"
"C-PCA","Wasserstein",0.001,0.001,0.001,0.001,0.001,0.001,24,"minP"
"C-PCA","Centers-Euclidean",0.001,0.001,0.001,0.001,0.001,0.001,24,"minP"
"V-PCA","Int-Euclidean",0.001,0.183,0.001,0.028,0.001,0.001,24,"minP"
"V-PCA","Hausdorff",0.001,0.001,0.001,0.009,0.001,0.001,24,"minP"
"V-PCA","Ichino-Yaguchi",0.001,0.001,0.001,0.001,0.001,0.001,24,"minP"
"V-PCA","Wasserstein",0.001,0.001,0.001,0.001,0.001,0.001,24,"minP"
"V-PCA","Centers-Euclidean",0.001,0.001,0.001,0.001,0.001,0.001,24,"minP"
"MR-PCA","Int-Euclidean",0.001,0.001,0.001,0.001,0.001,0.001,24,"minP"
"MR-PCA","Hausdorff",0.001,0.001,0.001,0.001,0.001,0.001,24,"minP"
"MR-PCA","Ichino-Yaguchi",0.001,0.001,0.001,0.001,0.001,0.001,24,"minP"
"MR-PCA","Wasserstein",0.001,0.001,0.001,0.001,0.001,0.001,24,"minP"
"MR-PCA","Centers-Euclidean",0.001,0.001,0.001,0.001,0.001,0.001,24,"minP"
"SPCA","Int-Euclidean",0.001,0.187,0.001,0.066,0.001,0.001,24,"minP"
"SPCA","Hausdorff",0.001,0.001,0.001,0.009,0.001,0.001,24,"minP"
"SPCA","Ichino-Yaguchi",0.001,0.001,0.001,0.001,0.001,0.001,24,"minP"
"SPCA","Wasserstein",0.001,0.001,0.001,0.001,0.001,0.001,24,"minP"
"SPCA","Centers-Euclidean",0.001,0.001,0.001,0.001,0.001,0.001,24,"minP"
"IMDS","Int-Euclidean",0.984,0.156,0.996,0.439,0.999,0.999,24,"minP"
"IMDS","Hausdorff",0.001,0.001,0.001,0.001,0.001,0.358,24,"minP"
"IMDS","Ichino-Yaguchi",0.001,0.001,0.001,0.001,0.001,0.643,24,"minP"
"IMDS","Wasserstein",0.001,0.001,0.001,0.001,0.001,0.034,24,"minP"
"IMDS","Centers-Euclidean",0.859,0.948,0.206,0.957,0.972,0.325,24,"minP"
"Int-UMAP","Int-Euclidean",0.001,0.096,0.001,0.414,0.001,0.346,24,"minP"
"Int-UMAP","Hausdorff",0.001,0.976,0.001,0.944,0.001,0.001,24,"minP"
"Int-UMAP","Ichino-Yaguchi",0.001,0.017,0.001,0.017,0.001,0.001,24,"minP"
"Int-UMAP","Wasserstein",0.001,0.435,0.001,0.134,0.001,0.001,24,"minP"
"Int-UMAP","Centers-Euclidean",0.001,0.001,0.001,0.001,0.001,0.513,24,"minP"
"C-PCA","Int-Euclidean",0.001,0.038,0.001,0.013,0.001,0.001,25,"raw"
"C-PCA","Hausdorff",0.001,0.001,0.001,0.001,0.001,0.001,25,"raw"
"C-PCA","Ichino-Yaguchi",0.001,0.001,0.001,0.001,0.001,0.001,25,"raw"
"C-PCA","Wasserstein",0.001,0.001,0.001,0.001,0.001,0.001,25,"raw"
"C-PCA","Centers-Euclidean",0.001,0.001,0.001,0.001,0.001,0.001,25,"raw"
"V-PCA","Int-Euclidean",0.001,0.043,0.001,0.013,0.001,0.001,25,"raw"
"V-PCA","Hausdorff",0.001,0.002,0.001,0.001,0.001,0.001,25,"raw"
"V-PCA","Ichino-Yaguchi",0.001,0.001,0.001,0.001,0.001,0.001,25,"raw"
"V-PCA","Wasserstein",0.001,0.001,0.001,0.001,0.001,0.001,25,"raw"
"V-PCA","Centers-Euclidean",0.001,0.001,0.001,0.001,0.001,0.001,25,"raw"
"MR-PCA","Int-Euclidean",0.001,0.001,0.001,0.001,0.001,0.001,25,"raw"
"MR-PCA","Hausdorff",0.001,0.001,0.001,0.001,0.001,0.001,25,"raw"
"MR-PCA","Ichino-Yaguchi",0.001,0.001,0.001,0.001,0.001,0.001,25,"raw"
"MR-PCA","Wasserstein",0.001,0.001,0.001,0.001,0.001,0.001,25,"raw"
"MR-PCA","Centers-Euclidean",0.001,0.001,0.001,0.001,0.001,0.001,25,"raw"
"SPCA","Int-Euclidean",0.001,0.039,0.001,0.015,0.001,0.001,25,"raw"
"SPCA","Hausdorff",0.001,0.001,0.001,0.001,0.001,0.001,25,"raw"
"SPCA","Ichino-Yaguchi",0.001,0.001,0.001,0.001,0.001,0.001,25,"raw"
"SPCA","Wasserstein",0.001,0.001,0.001,0.001,0.001,0.001,25,"raw"
"SPCA","Centers-Euclidean",0.001,0.001,0.001,0.001,0.001,0.001,25,"raw"
"IMDS","Int-Euclidean",0.001,0.032,0.006,0.061,0.056,0.288,25,"raw"
"IMDS","Hausdorff",0.001,0.001,0.001,0.001,0.001,0.658,25,"raw"
"IMDS","Ichino-Yaguchi",0.001,0.001,0.001,0.001,0.001,0.893,25,"raw"
"IMDS","Wasserstein",0.001,0.001,0.001,0.001,0.001,0.3,25,"raw"
"IMDS","Centers-Euclidean",0.796,0.691,0.897,0.521,0.913,0.361,25,"raw"
"Int-UMAP","Int-Euclidean",0.001,0.043,0.001,0.521,0.001,0.001,25,"raw"
"Int-UMAP","Hausdorff",0.001,0.276,0.001,0.816,0.001,0.001,25,"raw"
"Int-UMAP","Ichino-Yaguchi",0.001,0.005,0.001,0.004,0.001,0.001,25,"raw"
"Int-UMAP","Wasserstein",0.001,0.14,0.001,0.041,0.001,0.001,25,"raw"
"Int-UMAP","Centers-Euclidean",0.001,0.001,0.001,0.001,0.001,0.079,25,"raw"
"C-PCA","Int-Euclidean",0.001,0.233,0.001,0.085,0.001,0.001,25,"minP"
"C-PCA","Hausdorff",0.001,0.001,0.001,0.001,0.001,0.001,25,"minP"
"C-PCA","Ichino-Yaguchi",0.001,0.001,0.001,0.001,0.001,0.001,25,"minP"
"C-PCA","Wasserstein",0.001,0.001,0.001,0.001,0.001,0.001,25,"minP"
"C-PCA","Centers-Euclidean",0.001,0.001,0.001,0.001,0.001,0.001,25,"minP"
"V-PCA","Int-Euclidean",0.001,0.268,0.001,0.09,0.001,0.001,25,"minP"
"V-PCA","Hausdorff",0.001,0.011,0.001,0.001,0.001,0.001,25,"minP"
"V-PCA","Ichino-Yaguchi",0.001,0.001,0.001,0.001,0.001,0.001,25,"minP"
"V-PCA","Wasserstein",0.001,0.001,0.001,0.001,0.001,0.001,25,"minP"
"V-PCA","Centers-Euclidean",0.001,0.001,0.001,0.001,0.001,0.001,25,"minP"
"MR-PCA","Int-Euclidean",0.001,0.001,0.001,0.001,0.001,0.001,25,"minP"
"MR-PCA","Hausdorff",0.001,0.001,0.001,0.001,0.001,0.001,25,"minP"
"MR-PCA","Ichino-Yaguchi",0.001,0.001,0.001,0.001,0.001,0.001,25,"minP"
"MR-PCA","Wasserstein",0.001,0.001,0.001,0.001,0.001,0.001,25,"minP"
"MR-PCA","Centers-Euclidean",0.001,0.001,0.001,0.001,0.001,0.001,25,"minP"
"SPCA","Int-Euclidean",0.001,0.244,0.001,0.098,0.001,0.001,25,"minP"
"SPCA","Hausdorff",0.001,0.001,0.001,0.001,0.001,0.001,25,"minP"
"SPCA","Ichino-Yaguchi",0.001,0.001,0.001,0.001,0.001,0.001,25,"minP"
"SPCA","Wasserstein",0.001,0.001,0.001,0.001,0.001,0.001,25,"minP"
"SPCA","Centers-Euclidean",0.001,0.001,0.001,0.001,0.001,0.001,25,"minP"
"IMDS","Int-Euclidean",0.001,0.198,0.038,0.347,0.361,0.911,25,"minP"
"IMDS","Hausdorff",0.001,0.001,0.001,0.001,0.001,1,25,"minP"
"IMDS","Ichino-Yaguchi",0.001,0.001,0.001,0.001,0.001,1,25,"minP"
"IMDS","Wasserstein",0.001,0.001,0.001,0.001,0.001,0.924,25,"minP"
"IMDS","Centers-Euclidean",1,0.999,1,0.992,1,0.955,25,"minP"
"Int-UMAP","Int-Euclidean",0.001,0.271,0.001,0.985,0.001,0.001,25,"minP"
"Int-UMAP","Hausdorff",0.001,0.862,0.001,1,0.001,0.001,25,"minP"
"Int-UMAP","Ichino-Yaguchi",0.001,0.031,0.001,0.024,0.001,0.001,25,"minP"
"Int-UMAP","Wasserstein",0.001,0.609,0.001,0.248,0.001,0.001,25,"minP"
"Int-UMAP","Centers-Euclidean",0.001,0.001,0.001,0.001,0.001,0.455,25,"minP"
