"scenario","Method","Metric","K","Q_TC.mean","Q_TC.sd","Q_TC.mcse","Q_TC.q025","Q_TC.q975","B_TC.mean","B_TC.sd","B_TC.mcse","B_TC.q025","B_TC.q975","Q_RE.mean","Q_RE.sd","Q_RE.mcse","Q_RE.q025","Q_RE.q975","B_RE.mean","B_RE.sd","B_RE.mcse","B_RE.q025","B_RE.q975","Q_LC.mean","Q_LC.sd","Q_LC.mcse","Q_LC.q025","Q_LC.q975","B_LC.mean","B_LC.sd","B_LC.mcse","B_LC.q025","B_LC.q975"
"I","C-PCA","Centers-Euclidean",5,0.840150593607306,0.00655329045990964,0.00131065809198193,0.828777168949772,0.849499315068493,0.157968767123288,0.00992816634367734,0.00198563326873547,0.146203196347032,0.177097716894977,0.841444511159781,0.00675517887209129,0.00135103577441826,0.830665633125805,0.850692882512652,0.165924896030711,0.0116273977524209,0.00232547955048418,0.150676001345244,0.185546406804964,0.150026666666667,0.0110595693439697,0.00221191386879394,0.132933333333333,0.1704,0.0306666666666667,0.00922757542088648,0.0018455150841773,0.0141333333333333,0.046
"II","C-PCA","Centers-Euclidean",5,0.922194797979798,0.0038707064710834,0.00077414129421668,0.914910069444444,0.929638636363637,0.128620277777778,0.00722416879239151,0.0014448337584783,0.114163383838384,0.141849684343435,0.923031676241788,0.0040874768894483,0.00081749537788966,0.915837660463454,0.92998600153935,0.130969762775228,0.0078240332461802,0.00156480664923604,0.117205200802661,0.144486484876806,0.33642,0.0165239283565783,0.00330478567131567,0.3097,0.36195,0.07134,0.00758455118426046,0.00151691023685209,0.059,0.0833
"III","C-PCA","Centers-Euclidean",5,0.837974583333333,0.00801502862251947,0.00160300572450389,0.825109375,0.85040625,0.147935,0.011178529640361,0.0022357059280722,0.132553125,0.167415625,0.837622058878123,0.00856045601074611,0.00171209120214922,0.822736273527119,0.849474199057059,0.155577428815384,0.0135343315286721,0.00270686630573442,0.131825444555815,0.17565296803653,0.18836,0.0175211301005386,0.00350422602010772,0.1616,0.2208,0.03372,0.00859030461237163,0.00171806092247433,0.0192,0.0474
"IV","C-PCA","Centers-Euclidean",5,0.90442436803653,0.0166647991882396,0.00333295983764793,0.87856704109589,0.937454885844749,0.0902802575342465,0.0200500990316635,0.0040100198063327,0.0527504109589041,0.124861881278539,0.903689479243054,0.0150959992667107,0.00301919985334214,0.880660839464855,0.933867361271747,0.0949082394861826,0.0191323209535364,0.00382646419070727,0.0587682594679726,0.128096122581227,0.228101866666667,0.0265341878366033,0.00530683756732067,0.19,0.281466666666667,0.0384218666666667,0.0120823758271968,0.00241647516543936,0.017128,0.058368
"I","IMDS","Centers-Euclidean",5,0.501001415525114,0.0074437170218053,0.00148874340436106,0.484786529680365,0.50974200913242,-0.00223041095890411,0.0134002784260673,0.00268005568521346,-0.0229470319634704,0.0225109589041096,0.50018366349222,0.00789812631375264,0.00157962526275053,0.484476322891289,0.511777698484961,-0.00229897220103191,0.014485351508559,0.0028970703017118,-0.03145584893898,0.0240255268187447,0.0167466666666667,0.0038792897402603,0.000775857948052061,0.0104,0.0221333333333333,0.000453333333333333,0.00301059856236326,0.000602119712472651,-0.0056,0.00586666666666666
"II","IMDS","Centers-Euclidean",5,0.613037222222222,0.0235204550197124,0.00470409100394248,0.568618339646465,0.644809943181819,-0.0751445202020202,0.0234484336335426,0.00468968672670852,-0.106085858585858,-0.025132196969697,0.618691418583982,0.0234841035069838,0.00469682070139677,0.574656451295161,0.648982838084243,-0.0828011554284982,0.025738475254888,0.00514769505097759,-0.114066288243218,-0.0291027492967555,0.0328,0.00583853934359157,0.00116770786871831,0.01935,0.0408,-0.00208,0.00283276955175202,0.000566553910350404,-0.0076,0.00185
"III","IMDS","Centers-Euclidean",5,0.506051666666667,0.0112612743176618,0.00225225486353237,0.485431770833333,0.525680208333333,-0.00372499999999999,0.0129657817993016,0.00259315635986032,-0.0322427083333333,0.0150614583333334,0.503870449567509,0.0110187145671435,0.00220374291342869,0.486439581245127,0.52447586962171,-0.00272026580539778,0.0130584259521272,0.00261168519042544,-0.03033990422096,0.0168387719493634,0.02636,0.00595035012975427,0.00119007002595085,0.0182,0.0392,0.00096,0.004773887304912,0.000954777460982401,-0.0062,0.0106
"IV","IMDS","Centers-Euclidean",5,0.547417174429224,0.0124672065194813,0.00249344130389625,0.531665835616439,0.574093735159817,-0.0547546264840183,0.0215906452538587,0.00431812905077175,-0.107535506849315,-0.0271258812785388,0.547623258836364,0.0124398009636421,0.00248796019272841,0.529426321496829,0.574698371106791,-0.0617495347261527,0.0228283454215202,0.00456566908430404,-0.116540793201598,-0.0347404188301302,0.0291909333333333,0.00516915742113205,0.00103383148422641,0.0213333333333333,0.0382133333333333,0.00114933333333333,0.00348981162603158,0.000697962325206316,-0.004912,0.0076
"I","Int-UMAP","Centers-Euclidean",5,0.60741196347032,0.0108700993625712,0.00217401987251425,0.590947260273972,0.626567123287671,-0.090069406392694,0.0181527918830146,0.00363055837660292,-0.122468493150685,-0.0673433789954339,0.612707544028021,0.0115752556530454,0.00231505113060908,0.596097095422071,0.632620149125182,-0.0916687977294912,0.0188395941886892,0.00376791883773784,-0.128345366701938,-0.0634028430576404,0.0890933333333333,0.0108215833715158,0.00216431667430316,0.0673333333333333,0.104,-0.000720000000000001,0.00753736372028389,0.00150747274405678,-0.0157333333333333,0.0109333333333333
"II","Int-UMAP","Centers-Euclidean",5,0.911975656565657,0.0362122826359126,0.00724245652718253,0.855062405303031,0.959451799242424,0.0135148484848485,0.0114649252685827,0.00229298505371654,-0.00330410353535358,0.0366827651515151,0.940975836105079,0.0252820350188627,0.00505640700377254,0.900696213245737,0.973600624673575,0.0110369430165755,0.00890011862390485,0.00178002372478097,-0.000451751010198193,0.0299811200601079,0.61411,0.0333689195459887,0.00667378390919774,0.56715,0.663,-0.01751,0.00703876172822086,0.00140775234564417,-0.0327,-0.00775000000000001
"III","Int-UMAP","Centers-Euclidean",5,0.511008958333333,0.00885289797257601,0.0017705795945152,0.4968609375,0.525950520833333,-0.00444291666666666,0.0182560201193534,0.00365120402387067,-0.0363177083333333,0.0289541666666667,0.509573768422616,0.00875945036742538,0.00175189007348508,0.497339532984371,0.525663585402977,-0.0064201358725916,0.0203307042030576,0.00406614084061151,-0.0426093477373129,0.0259415673608791,0.02864,0.00550666263115268,0.00110133252623054,0.0192,0.0384,-0.00068,0.00310537169004506,0.000621074338009013,-0.0064,0.0054
"IV","Int-UMAP","Centers-Euclidean",5,0.818025139726027,0.0270163435028288,0.00540326870056576,0.76547104109589,0.85901894063927,0.0493373333333334,0.0331619470711905,0.0066323894142381,0.00400797260273974,0.119846703196347,0.83345297553133,0.0245526533836285,0.0049105306767257,0.786313129742189,0.870273224401407,0.0528371530706827,0.0303557127721928,0.00607114255443856,0.0119776820795498,0.116591421610847,0.278972266666667,0.0275646036901058,0.00551292073802115,0.228266666666667,0.3216,0.0135184,0.00975742400735252,0.0019514848014705,-0.00192266666666667,0.0330133333333333
"I","MR-PCA","Centers-Euclidean",5,0.840150593607306,0.00655329045990964,0.00131065809198193,0.828777168949772,0.849499315068493,0.157968767123288,0.00992816634367734,0.00198563326873547,0.146203196347032,0.177097716894977,0.841444511159781,0.00675517887209129,0.00135103577441826,0.830665633125805,0.850692882512652,0.165924896030711,0.0116273977524209,0.00232547955048418,0.150676001345244,0.185546406804964,0.150026666666667,0.0110595693439697,0.00221191386879394,0.132933333333333,0.1704,0.0306666666666667,0.00922757542088648,0.0018455150841773,0.0141333333333333,0.046
"II","MR-PCA","Centers-Euclidean",5,0.920582720959596,0.00304206039850787,0.000608412079701574,0.915555523989899,0.92624163510101,0.13086375,0.00592624451467508,0.00118524890293502,0.119521148989899,0.140641477272727,0.921571450103998,0.00328279187873943,0.000656558375747886,0.915641020002382,0.927256797648827,0.133142423742635,0.00641737490610786,0.00128347498122157,0.121611270696464,0.144396318388814,0.33002,0.0131416402451647,0.00262832804903295,0.30735,0.35335,0.07077,0.00585587312021017,0.00117117462404203,0.0621,0.0815
"III","MR-PCA","Centers-Euclidean",5,0.837974583333333,0.00801502862251947,0.00160300572450389,0.825109375,0.85040625,0.147935,0.011178529640361,0.0022357059280722,0.132553125,0.167415625,0.837622058878123,0.00856045601074611,0.00171209120214922,0.822736273527119,0.849474199057059,0.155577428815384,0.0135343315286721,0.00270686630573442,0.131825444555815,0.17565296803653,0.18836,0.0175211301005386,0.00350422602010772,0.1616,0.2208,0.03372,0.00859030461237163,0.00171806092247433,0.0192,0.0474
"IV","MR-PCA","Centers-Euclidean",5,0.90442436803653,0.0166647989491174,0.00333295978982349,0.878567333333333,0.937454899543379,0.0902801735159818,0.0200504505107039,0.00401009010214078,0.052749397260274,0.124862301369863,0.903689304098892,0.0150960685294471,0.00301921370588941,0.880661176760095,0.933867339944714,0.0949083402810247,0.0191326657265121,0.00382653314530242,0.0587676826537392,0.1280965051554,0.228104533333333,0.0265311332644555,0.0053062266528911,0.19,0.281466666666667,0.0384314666666667,0.0120555079650878,0.00241110159301757,0.0172506666666667,0.0584
"I","SPCA","Centers-Euclidean",5,0.840150593607306,0.00655329045990964,0.00131065809198193,0.828777168949772,0.849499315068493,0.157968767123288,0.00992816634367734,0.00198563326873547,0.146203196347032,0.177097716894977,0.841444511159781,0.00675517887209129,0.00135103577441826,0.830665633125805,0.850692882512652,0.165924896030711,0.0116273977524209,0.00232547955048418,0.150676001345244,0.185546406804964,0.150026666666667,0.0110595693439697,0.00221191386879394,0.132933333333333,0.1704,0.0306666666666667,0.00922757542088648,0.0018455150841773,0.0141333333333333,0.046
"II","SPCA","Centers-Euclidean",5,0.920846073232323,0.00272569799775662,0.000545139599551324,0.916030018939394,0.926003188131313,0.130333762626263,0.00525659153725182,0.00105131830745036,0.119941603535354,0.1394125,0.922048922684332,0.00300667442108534,0.000601334884217067,0.917074088072789,0.928188524515059,0.132169396721552,0.00591555973688288,0.00118311194737658,0.119874116935595,0.141536046437047,0.32927,0.0124211932464907,0.00248423864929814,0.3095,0.34965,0.07027,0.00608829135855592,0.00121765827171118,0.0596,0.08025
"III","SPCA","Centers-Euclidean",5,0.837974583333333,0.00801502862251947,0.00160300572450389,0.825109375,0.85040625,0.147935,0.011178529640361,0.0022357059280722,0.132553125,0.167415625,0.837622058878123,0.00856045601074611,0.00171209120214922,0.822736273527119,0.849474199057059,0.155577428815384,0.0135343315286721,0.00270686630573442,0.131825444555815,0.17565296803653,0.18836,0.0175211301005386,0.00350422602010772,0.1616,0.2208,0.03372,0.00859030461237163,0.00171806092247433,0.0192,0.0474
"IV","SPCA","Centers-Euclidean",5,0.904424420091324,0.0166648360045339,0.00333296720090678,0.878567223744292,0.937455273972603,0.0902801899543379,0.0200505170749615,0.00401010341499231,0.0527493242009133,0.124862264840183,0.903689352593285,0.0150960605532806,0.00301921211065611,0.880660503482048,0.933867753361058,0.0949084074775861,0.0191327322089237,0.00382654644178475,0.0587680652279122,0.128097145622626,0.2281072,0.0265297631545598,0.00530595263091196,0.19,0.281466666666667,0.0384133333333333,0.0120792819261681,0.00241585638523362,0.017112,0.058368
"I","V-PCA","Centers-Euclidean",5,0.839852146118721,0.00607043656850354,0.00121408731370071,0.827234703196347,0.850222374429223,0.158493881278539,0.00903676939263807,0.00180735387852761,0.145423744292237,0.174721461187215,0.841266650261256,0.00642298349286799,0.0012845966985736,0.830523414622142,0.850919375610076,0.16620744969691,0.0111880560721315,0.0022376112144263,0.150873998244621,0.185430945525834,0.1504,0.0101762250149824,0.00203524500299648,0.1364,0.169866666666667,0.0300266666666667,0.00926258903091115,0.00185251780618223,0.0161333333333333,0.0452
"II","V-PCA","Centers-Euclidean",5,0.922202064393939,0.00387010470614791,0.000774020941229581,0.914943276515152,0.929663257575758,0.12860773989899,0.00722476678303426,0.00144495335660685,0.114122222222223,0.141784027777778,0.923023027021084,0.00409955209178128,0.000819910418356255,0.915875111098894,0.929962118713177,0.130988442049901,0.00784380877081241,0.00156876175416248,0.117259513272309,0.144413796421012,0.33648,0.0165469533953132,0.00330939067906264,0.3101,0.3621,0.07136,0.00739442357455941,0.00147888471491188,0.0592,0.08325
"III","V-PCA","Centers-Euclidean",5,0.837754375,0.00809373326729011,0.00161874665345802,0.824130729166667,0.850183333333333,0.148614583333333,0.01030582784297,0.00206116556859401,0.133633333333333,0.166508333333333,0.837204310056799,0.00777557936981766,0.00155511587396353,0.822881649775402,0.847896146564206,0.156562460556112,0.011766135996019,0.00235322719920379,0.138554070609199,0.176745146081598,0.18716,0.0180247052680481,0.00360494105360961,0.1602,0.22,0.03216,0.0100153215957685,0.0020030643191537,0.0196,0.0492
"IV","V-PCA","Centers-Euclidean",5,0.90455484109589,0.0166941749201027,0.00333883498402054,0.878754287671233,0.93776294977169,0.0899493716894977,0.0200922588188086,0.00401845176376172,0.0520855890410959,0.123867589041096,0.903663974276316,0.0152159934440422,0.00304319868880844,0.880856071232293,0.934080922148124,0.0949000756289424,0.0193079123305463,0.00386158246610926,0.0583017634175751,0.127581676140791,0.228085866666667,0.0267399997451453,0.00534799994902906,0.188933333333333,0.282266666666667,0.0382122666666667,0.0122015529794822,0.00244031059589644,0.017368,0.05732
"I","C-PCA","Hausdorff",5,0.94377100456621,0.00230101501157756,0.000460203002315513,0.939114155251142,0.947152283105023,0.0410850228310502,0.00239380415866637,0.000478760831733275,0.0368442922374429,0.0455735159817352,0.940752076514835,0.00261556820634816,0.000523113641269632,0.936166162200294,0.944350099662869,0.0452733092173799,0.00335680591485417,0.000671361182970834,0.0395422234252857,0.0517467824888648,0.25776,0.015719626797945,0.00314392535958899,0.2284,0.278666666666667,0.04048,0.0113668132932869,0.00227336265865739,0.0217333333333333,0.0570666666666667
"II","C-PCA","Hausdorff",5,0.921637544191919,0.00384454260055975,0.00076890852011195,0.914694128787879,0.928943560606061,0.128726679292929,0.0071047858280102,0.00142095716560204,0.114564772727273,0.141147727272728,0.922466013130286,0.00401111460709344,0.000802222921418687,0.915314380091078,0.929424349670597,0.131246978110082,0.0076437892587961,0.00152875785175922,0.117471828985587,0.144530090620047,0.33286,0.0163626034501441,0.00327252069002881,0.307,0.35955,0.06713,0.0080806868519947,0.00161613737039894,0.0536,0.08065
"III","C-PCA","Hausdorff",5,0.812265416666667,0.0108237008312093,0.00216474016624187,0.797308333333333,0.835909895833333,0.128579583333333,0.0165174639052111,0.00330349278104223,0.101898958333333,0.155007291666667,0.816630523072354,0.00992147121293242,0.00198429424258648,0.802823291383598,0.837181868804989,0.139442254148569,0.0155131062762271,0.00310262125524543,0.113959980695697,0.161633106879014,0.18,0.0129357386079548,0.00258714772159097,0.152,0.2,0.02324,0.00808949936646267,0.00161789987329253,0.0098,0.0378
"IV","C-PCA","Hausdorff",5,0.924256938812785,0.0130868191108957,0.00261736382217914,0.902140730593607,0.949468684931507,0.0696500712328767,0.0155439942848608,0.00310879885697217,0.0430370958904109,0.0988215981735159,0.923547960069231,0.0124633641711918,0.00249267283423835,0.903670871209325,0.947439326886007,0.0743633499192033,0.0160315122757516,0.00320630245515032,0.0472900981863818,0.104627876073529,0.286293866666667,0.0266819340961466,0.00533638681922933,0.2448,0.343141333333333,0.0451392,0.0135123461131471,0.00270246922262942,0.0241866666666667,0.0705733333333333
"I","IMDS","Hausdorff",5,0.584986255707763,0.0147281739438806,0.00294563478877612,0.559530821917808,0.611174885844749,-0.107191872146119,0.0172295732396003,0.00344591464792007,-0.129267579908676,-0.0730287671232876,0.5894527565191,0.0136090767742769,0.00272181535485538,0.567453297897647,0.615029045779298,-0.122800380605524,0.0175582943364858,0.00351165886729716,-0.147699977852696,-0.0843072897441577,0.0285333333333333,0.00529849734114061,0.00105969946822812,0.02,0.0378666666666667,-0.00106666666666666,0.00418993502999217,0.000837987005998435,-0.00973333333333332,0.004
"II","IMDS","Hausdorff",5,0.621791849747475,0.0227602825951657,0.00455205651903315,0.583503787878788,0.656310227272727,-0.033000643939394,0.0172041111957782,0.00344082223915563,-0.0642838383838384,-0.00475012626262626,0.628232495166625,0.0235125770513135,0.00470251541026269,0.586534024895315,0.661346626258739,-0.0406181977697756,0.0182001270723202,0.00364002541446405,-0.0685532312597928,-0.0072783405261277,0.0324,0.00417519959602732,0.000835039919205463,0.0248,0.03985,-0.00044,0.00215817245217646,0.000431634490435291,-0.0036,0.00355
"III","IMDS","Hausdorff",5,0.504887708333333,0.00782186242104524,0.00156437248420905,0.49279375,0.516063541666667,-0.00145041666666668,0.0167369696527643,0.00334739393055285,-0.02855625,0.0260239583333333,0.504917871329398,0.0089274841759167,0.00178549683518334,0.48974882132383,0.520669970672309,-0.00208591157144448,0.0185024480897609,0.00370048961795218,-0.0312812488398856,0.0308663919515907,0.0272,0.00495815826021451,0.000991631652042901,0.0186,0.0348,-0.00108,0.00356978057215473,0.000713956114430945,-0.0074,0.0042
"IV","IMDS","Hausdorff",5,0.554621789954338,0.0132536229048025,0.0026507245809605,0.536033662100457,0.581586406392694,-0.0503342100456621,0.0176112273850635,0.0035222454770127,-0.0931338721461187,-0.0271245114155251,0.556450670177425,0.0138106484187653,0.00276212968375307,0.536624305435933,0.583273431601743,-0.0573169710362478,0.0188053952285735,0.00376107904571471,-0.0984257427139472,-0.0345635740827325,0.0305696,0.00551469890383872,0.00110293978076774,0.020168,0.0401333333333333,-0.0001312,0.00413810957017994,0.000827621914035988,-0.00560533333333333,0.00781066666666667
"I","Int-UMAP","Hausdorff",5,0.903960228310502,0.00675213267895611,0.00135042653579122,0.891377853881279,0.914145433789954,0.00010036529680364,0.00766462574468346,0.00153292514893669,-0.0173931506849315,0.00939543378995431,0.906144689158484,0.00629340921902833,0.00125868184380567,0.894071929522356,0.91633909163242,0.00475192558505794,0.00814894779130686,0.00162978955826137,-0.0128003051406354,0.0161515203714185,0.2292,0.0161532017236808,0.00323064034473616,0.203866666666667,0.252933333333333,0.0144,0.011001683372877,0.00220033667457539,-0.00506666666666668,0.0358666666666667
"II","Int-UMAP","Hausdorff",5,0.910608787878788,0.0366325721332179,0.00732651442664357,0.853356123737374,0.958087247474747,0.0124457323232323,0.0114614080142894,0.00229228160285788,-0.00441287878787884,0.0328494318181818,0.939716554651493,0.0257437534245338,0.00514875068490677,0.899071327780679,0.972530907254185,0.0095299976176732,0.00937968524460812,0.00187593704892162,-0.00116453631673951,0.0268017079450598,0.60641,0.0316146952908506,0.00632293905817013,0.56135,0.6527,-0.02069,0.00605413082118317,0.00121082616423663,-0.03115,-0.01195
"III","Int-UMAP","Hausdorff",5,0.914835104166667,0.0167081210825252,0.00334162421650504,0.8800609375,0.940606770833333,0.0272997916666667,0.0147428088251568,0.00294856176503136,-0.00338541666666668,0.049353125,0.922129914244348,0.0154683311811829,0.00309366623623658,0.890485930133274,0.946096948435238,0.0316759772803207,0.0155935974739751,0.00311871949479502,0.0045120837509745,0.0587892861120392,0.42984,0.0376360642646562,0.00752721285293124,0.3604,0.4928,0.01896,0.0159856185366723,0.00319712370733445,-0.0212,0.0412
"IV","Int-UMAP","Hausdorff",5,0.831103944292237,0.0240808534280368,0.00481617068560736,0.784068684931507,0.866832127853882,0.0271309570776256,0.0278271472105649,0.00556542944211298,-0.00619004566210046,0.0898276073059361,0.848685143227436,0.020724815128422,0.00414496302568441,0.808954894636251,0.879419775081822,0.0233944546431413,0.023820254673427,0.00476405093468539,-0.00793789370934535,0.0805211319733248,0.30368,0.0241117153022097,0.00482234306044194,0.257866666666667,0.342266666666667,-0.00359786666666667,0.0121387110670932,0.00242774221341863,-0.0172693333333333,0.0213493333333333
"I","MR-PCA","Hausdorff",5,0.75959196347032,0.0148612587907745,0.00297225175815491,0.741117579908676,0.78910205479452,0.22498703196347,0.0218212079364525,0.0043642415872905,0.186189497716895,0.256262100456621,0.771182543002682,0.0168136218228748,0.00336272436457496,0.749348861054375,0.806938873440461,0.227263439722421,0.0271215628953475,0.0054243125790695,0.17798536637383,0.265405139815111,0.106053333333333,0.0120890522864774,0.00241781045729548,0.0893333333333333,0.124933333333333,0.0199733333333333,0.00681360295182991,0.00136272059036598,0.00706666666666667,0.0333333333333333
"II","MR-PCA","Hausdorff",5,0.919967531565656,0.00329600637779119,0.000659201275558237,0.913653914141414,0.925400315656565,0.131393825757576,0.0063585735725593,0.00127171471451186,0.120578787878788,0.143271590909091,0.920852566269918,0.00347073166583707,0.000694146333167414,0.914694436808782,0.926693217011646,0.133937734682097,0.00674170920453337,0.00134834184090667,0.122074679073091,0.145839651080752,0.32471,0.0115277473225836,0.00230554946451672,0.303,0.34175,0.07145,0.00663913586244475,0.00132782717248895,0.06075,0.0825
"III","MR-PCA","Hausdorff",5,0.564648333333333,0.0121236286118677,0.00242472572237353,0.5475109375,0.585547395833333,0.00945458333333334,0.014635231355712,0.00292704627114239,-0.00957083333333336,0.0382343750000001,0.570114700968928,0.0142567214595541,0.00285134429191082,0.549016018858819,0.59421856554182,0.0108932175075175,0.0194751851452423,0.00389503702904846,-0.0155452351783792,0.0459008427070572,0.03752,0.00750066663703967,0.00150013332740793,0.0274,0.052,0.00132,0.00414045086111807,0.000828090172223613,-0.0056,0.00759999999999999
"IV","MR-PCA","Hausdorff",5,0.912198440182648,0.0153289731284121,0.00306579462568242,0.89002103196347,0.945281086757991,0.076920200913242,0.0172887187231299,0.00345774374462598,0.0420300273972603,0.106248721461187,0.912863822755945,0.0139984754645729,0.00279969509291458,0.895641564584,0.943559857601037,0.0793601018447884,0.0162521358846589,0.00325042717693178,0.0458625646578242,0.106485214295675,0.2478096,0.0302270826614516,0.00604541653229032,0.207333333333333,0.316266666666667,0.0348789333333333,0.0113985853053334,0.00227971706106669,0.0175173333333333,0.0529626666666667
"I","SPCA","Hausdorff",5,0.94377100456621,0.00230101501157756,0.000460203002315513,0.939114155251142,0.947152283105023,0.0410850228310502,0.00239380415866637,0.000478760831733275,0.0368442922374429,0.0455735159817352,0.940752076514835,0.00261556820634816,0.000523113641269632,0.936166162200294,0.944350099662869,0.0452733092173799,0.00335680591485417,0.000671361182970834,0.0395422234252857,0.0517467824888648,0.25776,0.015719626797945,0.00314392535958899,0.2284,0.278666666666667,0.04048,0.0113668132932869,0.00227336265865739,0.0217333333333333,0.0570666666666667
"II","SPCA","Hausdorff",5,0.920387531565657,0.00282702866270608,0.000565405732541217,0.915254987373737,0.925695075757576,0.13033125,0.00545912610838491,0.00109182522167698,0.11965101010101,0.139946464646465,0.921622036293832,0.00321758848827643,0.000643517697655286,0.916240947158159,0.928058983204596,0.132249638985862,0.0062915269703155,0.0012583053940631,0.11920047738164,0.142403820427536,0.32629,0.0124370665753625,0.00248741331507251,0.30505,0.34305,0.06731,0.00658528979367398,0.0013170579587348,0.05665,0.0774
"III","SPCA","Hausdorff",5,0.812265416666667,0.0108237008312093,0.00216474016624187,0.797308333333333,0.835909895833333,0.128579583333333,0.0165174639052111,0.00330349278104223,0.101898958333333,0.155007291666667,0.816630523072354,0.00992147121293242,0.00198429424258648,0.802823291383598,0.837181868804989,0.139442254148569,0.0155131062762271,0.00310262125524543,0.113959980695697,0.161633106879014,0.18,0.0129357386079548,0.00258714772159097,0.152,0.2,0.02324,0.00808949936646267,0.00161789987329253,0.0098,0.0378
"IV","SPCA","Hausdorff",5,0.924256883105023,0.0130868923042754,0.00261737846085508,0.902140200913242,0.949468913242009,0.069650102283105,0.0155440050349353,0.00310880100698706,0.043038100456621,0.0988220273972601,0.923547764451116,0.0124634189842706,0.00249268379685412,0.903670988836118,0.947440130094906,0.0743635047862785,0.0160318014332371,0.00320636028664742,0.0472907439033393,0.10463024599913,0.2862944,0.0266873802663634,0.00533747605327267,0.2448,0.343173333333333,0.0451274666666667,0.01351728061628,0.002703456123256,0.0240826666666667,0.0706106666666667
"I","V-PCA","Hausdorff",5,0.943686849315068,0.00237060362679965,0.000474120725359929,0.939106621004566,0.946779680365296,0.0413298630136986,0.00256724949766289,0.000513449899532577,0.0369287671232876,0.0458812785388128,0.940619860389957,0.00265244268485498,0.000530488536970996,0.935575337746389,0.943978894439386,0.0456047411636358,0.00333066029341189,0.000666132058682378,0.0400507747455111,0.0515482114001198,0.257706666666667,0.0150260021542904,0.00300520043085809,0.229733333333333,0.2776,0.04048,0.0105101714402622,0.00210203428805244,0.0201333333333333,0.0565333333333333
"II","V-PCA","Hausdorff",5,0.921650688131313,0.00386513188220567,0.000773026376441135,0.914688226010101,0.929015940656566,0.128704027777778,0.00713973560532513,0.00142794712106503,0.11442380050505,0.141159532828283,0.922477991652693,0.0040369354499524,0.000807387089990479,0.915263374245214,0.929444450552975,0.131225845955084,0.00768704847006072,0.00153740969401215,0.117436236106912,0.144628153146962,0.33295,0.0163929608877306,0.00327859217754613,0.307,0.35995,0.06722,0.00814910526786019,0.00162982105357204,0.05345,0.0807
"III","V-PCA","Hausdorff",5,0.812883333333333,0.0112060233898613,0.00224120467797227,0.795071354166667,0.8330328125,0.126786666666667,0.0146192554601229,0.00292385109202457,0.107061458333333,0.1527625,0.816306682258603,0.0101967648840966,0.00203935297681932,0.80112031777852,0.834749935033597,0.139279956936556,0.0153173375336854,0.00306346750673708,0.114562794669043,0.163317852767569,0.17892,0.014279705879324,0.0028559411758648,0.1538,0.2018,0.02228,0.0102083299319722,0.00204166598639444,0.004,0.041
"IV","V-PCA","Hausdorff",5,0.924198885844749,0.0131233789813829,0.00262467579627658,0.902761315068493,0.949492744292237,0.0697145936073059,0.0155521604810184,0.00311043209620368,0.0429195890410959,0.0986204200913242,0.923269283198399,0.012608582484771,0.00252171649695419,0.903806831705096,0.947492034845092,0.0748590512094889,0.016254089419921,0.00325081788398419,0.0471325032195618,0.103988367579628,0.286304533333333,0.0268372962373883,0.00536745924747766,0.242266666666667,0.342698666666667,0.0456373333333333,0.0139361002037474,0.00278722004074948,0.0248213333333333,0.0716746666666667
"I","C-PCA","Ichino-Yaguchi",5,0.925263698630137,0.00340440008491652,0.000680880016983304,0.918387671232877,0.930190182648402,0.0729944292237443,0.00396197290424103,0.000792394580848205,0.065951598173516,0.0805342465753425,0.923230146582343,0.00387876335836352,0.000775752671672704,0.915715973127938,0.928794546841549,0.0773827858027577,0.0057102157873732,0.00114204315747464,0.0684363018923641,0.0883783743878731,0.255306666666667,0.0167691073991123,0.00335382147982246,0.225866666666667,0.280933333333333,0.0413066666666667,0.010684845620126,0.0021369691240252,0.0204,0.0590666666666667
"II","C-PCA","Ichino-Yaguchi",5,0.922187752525253,0.0038622569565774,0.00077245139131548,0.914885132575757,0.929592929292929,0.128652702020202,0.00720313623753729,0.00144062724750746,0.114283585858586,0.141915340909091,0.923006967389611,0.00409138795321743,0.000818277590643485,0.915844014862054,0.929995002840466,0.131049222536812,0.00782264135018746,0.00156452827003749,0.117221109706149,0.144498410255001,0.33654,0.0165300673017384,0.00330601346034767,0.30965,0.36235,0.07183,0.00726066743947598,0.0014521334878952,0.06065,0.08375
"III","C-PCA","Ichino-Yaguchi",5,0.8108690625,0.0109995908955238,0.00219991817910475,0.793358333333333,0.833991666666667,0.135894791666667,0.0153408836903988,0.00306817673807977,0.1099625,0.159325,0.813642940936259,0.0102100345895508,0.00204200691791017,0.799107250250584,0.835915673608791,0.149421205033968,0.0152959313297557,0.00305918626595115,0.122215020232394,0.175264023462152,0.18076,0.0166064244596281,0.00332128489192561,0.1436,0.2038,0.02728,0.0122083304891919,0.00244166609783839,0.005,0.0458
"IV","C-PCA","Ichino-Yaguchi",5,0.9122546456621,0.0153991589349877,0.00307983178699754,0.887724616438356,0.941449780821918,0.0783905077625571,0.0185028499394108,0.00370056998788216,0.0470237808219178,0.113280255707762,0.911163210768511,0.0145029356694258,0.00290058713388517,0.887760832902691,0.938013089877041,0.0836620545151791,0.0184213008168599,0.00368426016337198,0.0520380703956165,0.118544589741697,0.2503296,0.0263088847181159,0.00526177694362318,0.211066666666667,0.3076,0.0373642666666667,0.010376657365167,0.00207533147303339,0.0190506666666667,0.0531493333333333
"I","IMDS","Ichino-Yaguchi",5,0.572756118721461,0.0147712674446974,0.00295425348893948,0.547245433789954,0.601708675799087,-0.0825792694063927,0.0162660973336648,0.00325321946673296,-0.102848401826484,-0.0422073059360731,0.576839894677265,0.0139443965828285,0.0027888793165657,0.557073717712102,0.604896038913634,-0.0948453478357162,0.0175850390520384,0.00351700781040768,-0.118719935034574,-0.0506272936814562,0.0280266666666667,0.00501656515216596,0.00100331303043319,0.018,0.0361333333333333,-0.00125333333333333,0.00388406049462749,0.000776812098925498,-0.00893333333333333,0.004
"II","IMDS","Ichino-Yaguchi",5,0.628953251262626,0.0239619578893159,0.00479239157786317,0.58776047979798,0.663440214646465,-0.0261132702020202,0.0192297545866175,0.00384595091732349,-0.0593710858585859,0.00434122474747473,0.634562543637813,0.0237418138786197,0.00474836277572394,0.592138893088503,0.666937621979714,-0.0322258065550638,0.0206361715308528,0.00412723430617056,-0.0676021170638739,0.00256952500068721,0.03224,0.00396631651115574,0.000793263302231149,0.02415,0.03855,-0.00036,0.00240234260670704,0.000480468521341409,-0.005,0.00295
"III","IMDS","Ichino-Yaguchi",5,0.5043228125,0.00782944496557495,0.00156588899311499,0.491934895833333,0.5178828125,-0.00443145833333332,0.0154529887846017,0.00309059775692034,-0.0301291666666667,0.0207708333333333,0.504651126703048,0.00942615632591898,0.0018852312651838,0.490973679325834,0.521234992760886,-0.00424170471841706,0.0145866536466993,0.00291733072933987,-0.0323847124772618,0.0226394179010282,0.02612,0.0062671099134024,0.00125342198268048,0.0156,0.036,-0.00092,0.00567832134819203,0.00113566426963841,-0.0086,0.0118
"IV","IMDS","Ichino-Yaguchi",5,0.555768330593607,0.0120005044605231,0.00240010089210461,0.534149625570776,0.578081337899543,-0.0522332456621004,0.0173758127815474,0.00347516255630948,-0.0903961552511413,-0.0264053150684932,0.557268118807983,0.0129933821464246,0.00259867642928491,0.534521377726374,0.580841402170436,-0.0589933144014896,0.0201780022900979,0.00403560045801958,-0.0996857494401652,-0.030289340912633,0.0297413333333333,0.00705566019170005,0.00141113203834001,0.0196,0.0446666666666667,0.0003696,0.00309411991914891,0.000618823983829783,-0.00438666666666667,0.00465866666666667
"I","Int-UMAP","Ichino-Yaguchi",5,0.878347442922374,0.00862863659187909,0.00172572731837582,0.863606621004566,0.893083789954338,0.0342539726027397,0.00988692789630775,0.00197738557926155,0.0137748858447489,0.0518872146118721,0.883352202836496,0.00814479569866321,0.00162895913973264,0.868975990681727,0.896995750998679,0.0387598887713168,0.0109523489854759,0.00219046979709518,0.0180625046140217,0.0586881249436064,0.236133333333333,0.0153610859955591,0.00307221719911182,0.211733333333333,0.2632,0.0142933333333333,0.00895891858553376,0.00179178371710675,-0.00226666666666667,0.028
"II","Int-UMAP","Ichino-Yaguchi",5,0.913044747474748,0.0354635955264548,0.00709271910529095,0.857257481060606,0.959632417929293,0.0125170202020202,0.0112465798071248,0.00224931596142495,-0.00563099747474751,0.034596654040404,0.942107420489843,0.0246290004519059,0.00492580009038119,0.90259791592219,0.973898607942311,0.00986487534016878,0.00881916327124148,0.0017638326542483,-0.000660076326085563,0.0287927925451496,0.61695,0.0329334872634729,0.00658669745269459,0.56845,0.66525,-0.02011,0.00651164021835769,0.00130232804367154,-0.03315,-0.0105
"III","Int-UMAP","Ichino-Yaguchi",5,0.921047604166667,0.0158214210988465,0.00316428421976929,0.889467708333333,0.944895833333333,0.0271435416666667,0.0149203121212275,0.00298406242424551,-0.00276250000000002,0.0493375,0.927425797230575,0.0144357577731117,0.00288715155462234,0.899465474997216,0.948697664921855,0.0321753350410216,0.0150488039182906,0.00300976078365812,0.00605000556854884,0.0597204588484241,0.44624,0.0367947912980447,0.00735895825960894,0.3838,0.4992,0.01896,0.0170158749407722,0.00340317498815444,-0.00779999999999998,0.049
"IV","Int-UMAP","Ichino-Yaguchi",5,0.837217643835616,0.0226118902477103,0.00452237804954206,0.790875292237443,0.873223397260274,0.0263385388127854,0.029099150388393,0.0058198300776786,-0.00854823744292236,0.0935949954337899,0.855978621387734,0.0187352665580536,0.00374705331161073,0.819999186455693,0.885167344046067,0.026021181616097,0.0248838572931838,0.00497677145863676,-0.00332841039774917,0.0874200146008154,0.315521066666667,0.0225528511525951,0.00451057023051902,0.273066666666667,0.3516,-0.00315093333333333,0.0149189289259081,0.00298378578518161,-0.0323813333333333,0.02096
"I","MR-PCA","Ichino-Yaguchi",5,0.729365707762557,0.00720743313643869,0.00144148662728774,0.716150456621005,0.74082100456621,0.283985114155251,0.0116015195297203,0.00232030390594406,0.263224200913242,0.301206849315069,0.736477981478292,0.00875258710087219,0.00175051742017444,0.723304057878289,0.752619238624899,0.293456170485026,0.0157161288638297,0.00314322577276594,0.26367441822313,0.313450894505008,0.0967733333333334,0.0109876698571121,0.00219753397142242,0.0797333333333333,0.115866666666667,0.0207466666666667,0.00595140817447931,0.00119028163489586,0.0118666666666667,0.0349333333333333
"II","MR-PCA","Ichino-Yaguchi",5,0.920474728535354,0.00303517279049162,0.000607034558098325,0.915435921717171,0.926267329545454,0.13099125,0.00593685946421177,0.00118737189284235,0.119474179292929,0.140525505050505,0.921345236033609,0.00320270068393624,0.000640540136787248,0.915515834455776,0.927096661764572,0.133457039775695,0.0062568410445267,0.00125136820890534,0.121883314091463,0.144664852433181,0.32836,0.0128300347492385,0.0025660069498477,0.30635,0.35025,0.07151,0.00519388663077404,0.00103877732615481,0.06235,0.0795
"III","MR-PCA","Ichino-Yaguchi",5,0.509585416666667,0.00767912124875173,0.00153582424975035,0.497053125,0.524348958333333,0.00411833333333336,0.0136335674072002,0.00272671348144004,-0.0168468749999999,0.03286875,0.511697263986339,0.00790295780469481,0.00158059156093896,0.500333648884434,0.525116475479823,0.00421701006051157,0.0185273123768815,0.0037054624753763,-0.0270718342799866,0.0412227790771058,0.02624,0.00624686588085044,0.00124937317617009,0.0146,0.0384,0.00068,0.00427901857906693,0.000855803715813387,-0.0068,0.0072
"IV","MR-PCA","Ichino-Yaguchi",5,0.906494642009132,0.016232506142733,0.00324650122854661,0.882677237442922,0.939971926940639,0.0861987634703196,0.0193358630082306,0.00386717260164613,0.0479099360730594,0.117672100456621,0.906561594802766,0.0146910258133253,0.00293820516266506,0.88623457686345,0.936828107225763,0.0893495250797713,0.0183198754185419,0.00366397508370839,0.0533973554478267,0.118517284576453,0.231810666666667,0.0259422997923954,0.00518845995847909,0.195466666666667,0.284882666666667,0.0352506666666667,0.010504805954807,0.0021009611909614,0.0152586666666667,0.0546426666666667
"I","SPCA","Ichino-Yaguchi",5,0.925263698630137,0.00340440008491652,0.000680880016983304,0.918387671232877,0.930190182648402,0.0729944292237443,0.00396197290424103,0.000792394580848205,0.065951598173516,0.0805342465753425,0.923230146582343,0.00387876335836352,0.000775752671672704,0.915715973127938,0.928794546841549,0.0773827858027577,0.0057102157873732,0.00114204315747464,0.0684363018923641,0.0883783743878731,0.255306666666667,0.0167691073991123,0.00335382147982246,0.225866666666667,0.280933333333333,0.0413066666666667,0.010684845620126,0.0021369691240252,0.0204,0.0590666666666667
"II","SPCA","Ichino-Yaguchi",5,0.920844217171717,0.00274183535443127,0.000548367070886255,0.91601957070707,0.92603023989899,0.130356666666667,0.00528157713532534,0.00105631542706507,0.119931691919192,0.139452777777778,0.921999888213896,0.00301630698240506,0.000603261396481013,0.917005597322631,0.928236211138294,0.13229777618956,0.00593583175168783,0.00118716635033757,0.119814868009932,0.141700685835234,0.32931,0.0125491284557933,0.00250982569115865,0.3095,0.34965,0.07092,0.00592079668062781,0.00118415933612556,0.061,0.0807
"III","SPCA","Ichino-Yaguchi",5,0.8108690625,0.0109995908955238,0.00219991817910475,0.793358333333333,0.833991666666667,0.135894791666667,0.0153408836903988,0.00306817673807977,0.1099625,0.159325,0.813642940936259,0.0102100345895508,0.00204200691791017,0.799107250250584,0.835915673608791,0.149421205033968,0.0152959313297557,0.00305918626595115,0.122215020232394,0.175264023462152,0.18076,0.0166064244596281,0.00332128489192561,0.1436,0.2038,0.02728,0.0122083304891919,0.00244166609783839,0.005,0.0458
"IV","SPCA","Ichino-Yaguchi",5,0.912253452054794,0.0153990466559476,0.00307980933118953,0.887724698630137,0.941449538812785,0.0783920694063927,0.0185031534487501,0.00370063068975002,0.0470235525114155,0.113285689497717,0.911163666051464,0.0145014036727677,0.00290028073455355,0.887770035845822,0.938014179196299,0.0836600806161872,0.0184178592613975,0.0036835718522795,0.0520384424703267,0.118535571031326,0.2503312,0.0263112770302576,0.00526225540605152,0.211066666666667,0.3076,0.0373722666666667,0.010386268655903,0.00207725373118059,0.019088,0.0532773333333333
"I","V-PCA","Ichino-Yaguchi",5,0.925300913242009,0.00331238644028068,0.000662477288056135,0.918468264840183,0.92999703196347,0.0729698630136986,0.00361633091362544,0.000723266182725087,0.0669219178082192,0.0796616438356164,0.923145048436975,0.00381124343181427,0.000762248686362854,0.916212671539074,0.928846453560384,0.0775524636825225,0.00536397427229673,0.00107279485445935,0.0692933369425236,0.0879100163233834,0.255706666666667,0.0167918410523065,0.00335836821046129,0.226666666666667,0.2804,0.04136,0.0101752786839622,0.00203505573679245,0.0252,0.0585333333333333
"II","V-PCA","Ichino-Yaguchi",5,0.922198106060606,0.00387647380901855,0.000775294761803711,0.914918339646465,0.929666161616162,0.128633863636364,0.00722988074655952,0.0014459761493119,0.114145707070707,0.141849684343434,0.923004697994264,0.00411498874154986,0.000822997748309971,0.915861282149958,0.929995205567314,0.131055477519082,0.00786439947233377,0.00157287989446675,0.117228309372624,0.14446636337814,0.33659,0.0165631493583396,0.00331262987166793,0.31005,0.36235,0.07183,0.0071,0.00142,0.061,0.0836
"III","V-PCA","Ichino-Yaguchi",5,0.810626666666667,0.0111754250128506,0.00223508500257012,0.7927015625,0.831621354166667,0.1361125,0.0141617972987456,0.00283235945974913,0.118280208333333,0.159840625,0.813353599138731,0.0104256843519308,0.00208513687038616,0.796703177785202,0.833889816980362,0.149487374243605,0.0144849407623222,0.00289698815246443,0.127911719939117,0.172919070423581,0.17728,0.0171622648078082,0.00343245296156165,0.1446,0.2068,0.0258,0.012760616495034,0.0025521232990068,0.00440000000000001,0.044
"IV","V-PCA","Ichino-Yaguchi",5,0.912247711415525,0.0155010540069746,0.00310021080139493,0.887906068493151,0.941608493150685,0.0783306484018265,0.0187026880285296,0.00374053760570593,0.0467104109589041,0.113668584474886,0.911098944672753,0.0147497859927955,0.00294995719855909,0.887210668602505,0.938229753016545,0.0837145543224155,0.0188983690987869,0.00377967381975738,0.051645232013518,0.119540293164686,0.250981866666667,0.0266492320450813,0.00532984640901627,0.212,0.309333333333333,0.0375562666666667,0.0104367779333293,0.00208735558666586,0.0192533333333333,0.0536
"I","C-PCA","Int-Euclidean",5,0.929561643835616,0.00465693518443082,0.000931387036886164,0.919965296803653,0.937609360730594,0.0641534246575343,0.0056581158571862,0.00113162317143724,0.0521794520547945,0.0724621004566211,0.926874767658374,0.00462316774397719,0.000924633548795438,0.917871717892561,0.934317748193354,0.0690624242275102,0.00661976804451001,0.001323953608902,0.0579584779060134,0.0800938225426746,0.247973333333333,0.0125070054443574,0.00250140108887149,0.224933333333333,0.268933333333333,0.0396266666666667,0.00988466826285367,0.00197693365257073,0.0257333333333333,0.0573333333333333
"II","C-PCA","Int-Euclidean",5,0.922580757575758,0.00387097699255958,0.000774195398511916,0.915392203282828,0.929688983585859,0.128912474747475,0.00725035594926509,0.00145007118985302,0.115152714646465,0.141876957070707,0.923247468319635,0.00406684197276681,0.000813368394553362,0.916149410832256,0.929919029522527,0.131600499372349,0.00783339649143471,0.00156667929828694,0.118438267956788,0.145201054637749,0.34122,0.0175140300901877,0.00350280601803754,0.315,0.3701,0.08326,0.0068906942078913,0.00137813884157826,0.07245,0.09535
"III","C-PCA","Int-Euclidean",5,0.9967421875,0.00356322901592997,0.000712645803185994,0.9888984375,0.999692708333333,0.000671041666666658,0.00155288104034501,0.000310576208069002,-0.00111041666666667,0.00462187500000002,0.994732130526785,0.0043428064227647,0.00086856128455294,0.984766566432787,0.999168467164124,0.000652812117162267,0.00209340713925387,0.000418681427850773,-0.00132709655863682,0.006358837287003,0.8132,0.115532823618803,0.0231065647237605,0.5854,0.9564,0.01188,0.0728430504578165,0.0145686100915633,-0.1296,0.1642
"IV","C-PCA","Int-Euclidean",5,0.924859674885845,0.0143737836332452,0.00287475672664903,0.898206726027397,0.951625150684932,0.0535396821917808,0.018044494846207,0.0036088989692414,0.0254477077625571,0.0923571415525114,0.91921071237214,0.0153698982858706,0.00307397965717411,0.893164612709271,0.948067392770136,0.0651482016224951,0.0210905103664129,0.00421810207328259,0.0316208473394525,0.107529948569038,0.265778666666667,0.0285743168804643,0.00571486337609286,0.224666666666667,0.324266666666667,0.0434448,0.0100966740985263,0.00201933481970526,0.0264,0.0631333333333333
"I","IMDS","Int-Euclidean",5,0.506785890410959,0.0320821174195811,0.00641642348391622,0.451815296803653,0.562417351598174,-0.0585473059360731,0.0297341991333303,0.00594683982666607,-0.124654337899544,-0.0185899543378996,0.501780913945419,0.0318399907674405,0.0063679981534881,0.446382894078467,0.556459310480597,-0.0533942728711929,0.0285929928788531,0.00571859857577063,-0.114404360558112,-0.0109308101811978,0.0167466666666667,0.0045432897201787,0.00090865794403574,0.0101333333333334,0.0253333333333333,-2.66666666666669e-05,0.00339105577354004,0.000678211154708009,-0.006,0.00573333333333333
"II","IMDS","Int-Euclidean",5,0.581880189393939,0.0180398139320939,0.00360796278641877,0.54802913510101,0.605390056818182,-0.0712258838383839,0.0215356207449243,0.00430712414898487,-0.0998285353535355,-0.0313236742424242,0.585415109220521,0.017784149235729,0.00355682984714581,0.554341018627963,0.611623703464453,-0.075981793067429,0.0237276501514987,0.00474553003029974,-0.108884775557327,-0.0335473258381667,0.02332,0.00374132329530609,0.000748264659061217,0.01665,0.02965,-0.00088,0.0022396986404425,0.000447939728088501,-0.00475,0.0042
"III","IMDS","Int-Euclidean",5,0.502413645833333,0.0562202110936687,0.0112440422187337,0.413683333333333,0.6156765625,0.00537354166666665,0.10367118338266,0.0207342366765321,-0.17916875,0.167421875,0.499233697145191,0.0634057563955507,0.0126811512791101,0.405803374540595,0.630961539889371,0.0017433938448973,0.11447957052518,0.022895914105036,-0.179379775030627,0.196047963767309,0.02708,0.0143698758983275,0.0028739751796655,0.0022,0.0518,-0.00132,0.00644023809083691,0.00128804761816738,-0.0142,0.00799999999999999
"IV","IMDS","Int-Euclidean",5,0.536043153424657,0.0132110745134566,0.00264221490269133,0.514457315068493,0.55891099543379,-0.0468575908675799,0.0189687570801362,0.00379375141602724,-0.07998900456621,-0.0134636894977169,0.537604608936027,0.0122958859680041,0.00245917719360081,0.517894230709288,0.560337617606287,-0.0565419885654289,0.022265159459583,0.0044530318919166,-0.0938625820475592,-0.0238409039381188,0.0273754666666667,0.00502384341581887,0.00100476868316377,0.018216,0.036,-9.06666666666668e-05,0.00447554838353172,0.000895109676706343,-0.00946666666666668,0.00761599999999999
"I","Int-UMAP","Int-Euclidean",5,0.781490502283105,0.011930027217813,0.0023860054435626,0.76465502283105,0.806796575342466,-0.0819280365296803,0.0273475400099779,0.00546950800199559,-0.12220502283105,-0.0332360730593607,0.78176086161216,0.0119757132959018,0.00239514265918035,0.763943212671539,0.80400815348902,-0.0690646127092715,0.0316916242864807,0.00633832485729614,-0.115688379227469,-0.0113905061889411,0.12088,0.0129210136054643,0.00258420272109287,0.0997333333333331,0.143866666666667,0.00904,0.00672772043282286,0.00134554408656457,-0.00386666666666667,0.0192
"II","Int-UMAP","Int-Euclidean",5,0.912629962121212,0.0361240104561604,0.00722480209123208,0.856098042929293,0.959622632575757,0.0143492676767677,0.0110885377871054,0.00221770755742108,-0.00285101010101005,0.0361868055555556,0.94094086560928,0.0255714153965405,0.00511428307930809,0.900375486773505,0.973631021101918,0.0131565417777656,0.00865877255428498,0.001731754510857,0.00038060877612542,0.0316887879454264,0.61483,0.0349737044077404,0.00699474088154808,0.5634,0.66745,-0.00923,0.00790402060135642,0.00158080412027128,-0.0218,0.00395
"III","Int-UMAP","Int-Euclidean",5,0.476581458333333,0.184233651854413,0.0368467303708826,0.184645833333333,0.7740578125,-0.00490125,0.0925568454808347,0.0185113690961669,-0.148480208333333,0.149280208333333,0.471451427404685,0.185279239541872,0.0370558479083745,0.184875431562535,0.783639956194083,-0.00673303634406206,0.0964709087337745,0.0192941817467549,-0.147789508853993,0.14288172402272,0.0244,0.0380032893313197,0.00760065786626395,0,0.1142,0.0016,0.0127769323391806,0.00255538646783613,-0.0138,0.0324
"IV","Int-UMAP","Int-Euclidean",5,0.798158771689498,0.0354670294186387,0.00709340588372773,0.737700840182648,0.851658091324201,0.0583620876712329,0.0437053988675398,0.00874107977350796,0.000369269406392689,0.13281001826484,0.806607200006562,0.0358001336629254,0.00716002673258507,0.742036537310005,0.859592484189285,0.0686296962210137,0.0438380184376383,0.00876760368752765,0.00801502899656307,0.142012038946444,0.24728,0.0431272535643067,0.00862545071286134,0.1596,0.299066666666667,0.0146464,0.00952392007681866,0.00190478401536373,-0.00213333333333334,0.02876
"I","MR-PCA","Int-Euclidean",5,0.744797123287671,0.00615755791882422,0.00123151158376484,0.732520091324201,0.754115296803653,0.249708219178082,0.00919561168649654,0.00183912233729931,0.233175799086758,0.264716438356164,0.750548198275791,0.00451701092588631,0.000903402185177262,0.741631747750408,0.757722896211171,0.26226893717548,0.00846676961846037,0.00169335392369207,0.245108431560729,0.272685713348262,0.0959466666666666,0.00918114008897219,0.00183622801779444,0.0790666666666667,0.107866666666667,0.0188,0.00656872500171442,0.00131374500034288,0.0076,0.0285333333333333
"II","MR-PCA","Int-Euclidean",5,0.921082436868687,0.0031045659300814,0.00062091318601628,0.91609273989899,0.927203598484848,0.13130601010101,0.00606111298678198,0.0012122225973564,0.11916148989899,0.140877146464647,0.922113278264933,0.00330941919089699,0.000661883838179398,0.916324021642523,0.928208762839367,0.133439504476025,0.00648546207463106,0.00129709241492621,0.12120953022348,0.144474110521638,0.33679,0.0140014284985497,0.00280028569970994,0.3132,0.35955,0.08539,0.00674115160784862,0.00134823032156972,0.07305,0.097
"III","MR-PCA","Int-Euclidean",5,0.531136458333333,0.0336412417149597,0.00672824834299194,0.483340104166667,0.597433333333333,0.00226041666666665,0.0644113682427628,0.0128822736485526,-0.0930520833333333,0.119595833333333,0.52749964732524,0.0419937047075596,0.00839874094151192,0.466373649626907,0.60346601329027,-0.00229658833574639,0.0774848559850242,0.0154969711970048,-0.124891636039648,0.12943133979285,0.03,0.00570087712549569,0.00114017542509914,0.021,0.0388,0.00124,0.00567362318100171,0.00113472463620034,-0.0064,0.0114
"IV","MR-PCA","Int-Euclidean",5,0.902082536986301,0.0159227061562675,0.00318454123125349,0.87627604109589,0.932836063926941,0.0917895050228311,0.0196475627514071,0.00392951255028142,0.0570545570776256,0.125457178082192,0.900262990411038,0.0150665336602156,0.00301330673204312,0.875989616195421,0.92827502686386,0.0983481381663673,0.0195121959702156,0.00390243919404312,0.0663808686664862,0.132538126009958,0.2186448,0.0240124242162416,0.00480248484324831,0.184533333333333,0.265866666666667,0.0386330666666667,0.0105462860726384,0.00210925721452767,0.01948,0.0569173333333333
"I","SPCA","Int-Euclidean",5,0.929561643835616,0.00465693518443082,0.000931387036886164,0.919965296803653,0.937609360730594,0.0641534246575343,0.0056581158571862,0.00113162317143724,0.0521794520547945,0.0724621004566211,0.926874767658374,0.00462316774397719,0.000924633548795438,0.917871717892561,0.934317748193354,0.0690624242275102,0.00661976804451001,0.001323953608902,0.0579584779060134,0.0800938225426746,0.247973333333333,0.0125070054443574,0.00250140108887149,0.224933333333333,0.268933333333333,0.0396266666666667,0.00988466826285367,0.00197693365257073,0.0257333333333333,0.0573333333333333
"II","SPCA","Int-Euclidean",5,0.92125932449495,0.0026562615897253,0.000531252317945059,0.916506060606061,0.926358712121212,0.130510012626263,0.00512669983967918,0.00102533996793584,0.12029696969697,0.139329924242424,0.922521819135582,0.00307127526093508,0.000614255052187016,0.917438672265134,0.928610237591284,0.132221685129699,0.00605700330596258,0.00121140066119252,0.120091114837314,0.141982318095604,0.33177,0.0129200103199133,0.00258400206398266,0.30995,0.3496,0.07911,0.00553072855357532,0.00110614571071506,0.06975,0.0885
"III","SPCA","Int-Euclidean",5,0.9967421875,0.00356322901592997,0.000712645803185994,0.9888984375,0.999692708333333,0.000671041666666658,0.00155288104034501,0.000310576208069002,-0.00111041666666667,0.00462187500000002,0.994732130526785,0.0043428064227647,0.00086856128455294,0.984766566432787,0.999168467164124,0.000652812117162267,0.00209340713925387,0.000418681427850773,-0.00132709655863682,0.006358837287003,0.8132,0.115532823618803,0.0231065647237605,0.5854,0.9564,0.01188,0.0728430504578165,0.0145686100915633,-0.1296,0.1642
"IV","SPCA","Int-Euclidean",5,0.924859684931507,0.0143736743343393,0.00287473486686787,0.898207127853882,0.951625273972603,0.0535395926940639,0.0180449773676454,0.00360899547352908,0.0254476164383562,0.0923583470319634,0.919210652492392,0.0153698055158064,0.00307396110316129,0.893164658480367,0.948067622117775,0.0651481272731747,0.0210907924000843,0.00421815848001686,0.0316213047222974,0.107530418748103,0.265769066666667,0.0285726003742772,0.00571452007485545,0.224666666666667,0.324266666666667,0.0434389333333333,0.0101051295518296,0.00202102591036591,0.0264,0.0631173333333333
"I","V-PCA","Int-Euclidean",5,0.929341095890411,0.004564564153521,0.000912912830704201,0.920088127853881,0.937315296803653,0.064542100456621,0.00566186953609245,0.00113237390721849,0.0525867579908675,0.0732315068493151,0.926722381081281,0.00463774491688426,0.000927548983376853,0.917870503892183,0.934286044737554,0.0693512316361936,0.00690181312927462,0.00138036262585492,0.0580759570506353,0.0817633027372427,0.24728,0.011586901928311,0.00231738038566221,0.223466666666667,0.266533333333333,0.0387466666666667,0.0100780656580222,0.00201561313160445,0.0232,0.0558666666666667
"II","V-PCA","Int-Euclidean",5,0.922595277777778,0.00388193687705138,0.000776387375410276,0.915407102272727,0.929733333333333,0.128886717171717,0.0072651170034588,0.00145302340069176,0.115068181818181,0.141847916666667,0.923243726463069,0.00407111026998213,0.000814222053996426,0.916117202461127,0.92993604139751,0.131610036467926,0.0078353877755755,0.0015670775551151,0.118407366429351,0.145263922867589,0.34124,0.0175222299284842,0.00350444598569684,0.315,0.3701,0.08344,0.00680620121653775,0.00136124024330755,0.07265,0.09565
"III","V-PCA","Int-Euclidean",5,0.996674583333333,0.00383064223325038,0.000766128446650076,0.988341666666667,0.999703125,0.000638333333333332,0.0016147184923267,0.00032294369846534,-0.001859375,0.00444583333333337,0.994904714704681,0.00370533974404437,0.000741067948808873,0.986395292720051,0.999194695029142,0.000398210639640643,0.00122565832215405,0.000245131664430811,-0.00132353268738167,0.00309741248097412,0.81516,0.102320851573209,0.0204641703146418,0.606,0.9576,0.00916,0.0730243566672563,0.0146048713334513,-0.1282,0.168
"IV","V-PCA","Int-Euclidean",5,0.924834612785388,0.0143253194827817,0.00286506389655633,0.898296,0.951721410958904,0.0535517424657534,0.0179496512371329,0.00358993024742657,0.0249931050228311,0.0919994520547945,0.919150115740171,0.0153669068439727,0.00307338136879454,0.893361134762244,0.948197705375233,0.065251146688978,0.0210905421345519,0.00421810842691039,0.031463439066204,0.107064863055836,0.265773333333333,0.0286159582517634,0.00572319165035269,0.225733333333333,0.324533333333333,0.0433024,0.0100383455328574,0.00200766910657147,0.0269333333333333,0.063072
"I","C-PCA","Wasserstein",5,0.921271598173516,0.00369335006310005,0.000738670012620011,0.913267351598174,0.926211187214611,0.0728719634703196,0.0044320692541778,0.00088641385083556,0.0644059360730594,0.0811063926940639,0.919736276463978,0.00403068660421133,0.000806137320842266,0.911794030071118,0.925500020506763,0.078566757716695,0.00583117053682551,0.0011662341073651,0.0691332693522324,0.0894677264561853,0.24776,0.0153017549223514,0.00306035098447029,0.220533333333333,0.269466666666667,0.0437866666666667,0.0120226945892003,0.00240453891784005,0.0196,0.0649333333333333
"II","C-PCA","Wasserstein",5,0.922180233585859,0.00384528817032737,0.000769057634065475,0.915013383838383,0.929536710858586,0.128646426767677,0.00716094746934961,0.00143218949386992,0.114376957070707,0.141631060606061,0.923014179654929,0.00408694358206567,0.000817388716413133,0.915843831606146,0.9299901694659,0.131001532477528,0.007817690425931,0.0015635380851862,0.117195609646591,0.144468979356222,0.33637,0.0165424202179326,0.00330848404358653,0.3102,0.3625,0.07118,0.00781375656561341,0.00156275131312268,0.0587,0.0839
"III","C-PCA","Wasserstein",5,0.811934895833333,0.0103476277680827,0.00206952555361653,0.797828645833333,0.833036979166667,0.134437708333333,0.0152971225637762,0.00305942451275524,0.105734375,0.156164583333333,0.815780317036047,0.0098749235181538,0.00197498470363076,0.803033912462412,0.835006311022014,0.147278033931024,0.0156094893963334,0.00312189787926667,0.118548984667929,0.169671047258418,0.1804,0.0151657508881031,0.00303315017762062,0.144,0.2036,0.02796,0.0109562767398419,0.00219125534796837,0.00559999999999999,0.0456
"IV","C-PCA","Wasserstein",5,0.911525387214612,0.0154442918431811,0.00308885836863621,0.88651399086758,0.942205114155251,0.0799939415525114,0.0181917309192075,0.00363834618384151,0.0463005844748859,0.112822904109589,0.911095577626301,0.0140357088968123,0.00280714177936245,0.889789823067647,0.938344354652164,0.0842263690068985,0.0172743534032361,0.00345487068064722,0.0529854903987335,0.114995864196012,0.24456,0.0259892362334871,0.00519784724669742,0.2036,0.2992,0.0354789333333333,0.0122917701585097,0.00245835403170194,0.0140746666666667,0.055696
"I","IMDS","Wasserstein",5,0.569157945205479,0.0146501937583122,0.00293003875166244,0.540595433789954,0.596219178082191,-0.0887973515981735,0.0177244587380518,0.00354489174761037,-0.118008675799086,-0.0464251141552511,0.57365047616704,0.0133292098108903,0.00266584196217805,0.552228174652,0.598304525432487,-0.101010179557218,0.0189569707561293,0.00379139415122586,-0.125234917275717,-0.049541485181813,0.0281866666666667,0.00481325330804513,0.000962650661609027,0.02,0.0361333333333333,-0.00149333333333333,0.00423949682548924,0.000847899365097848,-0.0084,0.00533333333333333
"II","IMDS","Wasserstein",5,0.620061262626263,0.0232546008436418,0.00465092016872836,0.579704955808081,0.654508838383838,-0.048310303030303,0.0208134044245066,0.00416268088490133,-0.0822047979797981,-0.0119460227272728,0.625667710767201,0.0230784249010087,0.00461568498020173,0.584283084563439,0.658207841978431,-0.0550142618910177,0.022012084414072,0.00440241688281441,-0.0886773596488817,-0.0162062751404198,0.03257,0.00451647447315566,0.000903294894631131,0.02415,0.04065,-2.00000000000001e-05,0.00218889241398475,0.000437778482796951,-0.00435,0.00325
"III","IMDS","Wasserstein",5,0.505787916666667,0.00853232172294462,0.00170646434458892,0.492323958333333,0.518401041666667,-0.00381499999999999,0.018186302911496,0.00363726058229919,-0.0378260416666667,0.022875,0.504937669376694,0.00905789554920709,0.00181157910984142,0.492689868953484,0.520848962393733,-0.00310909158406652,0.0184315072555779,0.00368630145111557,-0.0431206890151093,0.0283913947358652,0.02736,0.00566333235236405,0.00113266647047281,0.02,0.0404,-0.00064,0.00504876222454574,0.00100975244490915,-0.0108,0.0078
"IV","IMDS","Wasserstein",5,0.553241026484018,0.0124637133414094,0.00249274266828188,0.534615863013699,0.576482342465754,-0.0542063634703196,0.019354250300837,0.0038708500601674,-0.101727388127854,-0.0308507123287672,0.554247853073144,0.0134048367484998,0.00268096734969995,0.533788803307331,0.579179402679003,-0.0611894342594187,0.0217546969589037,0.00435093939178075,-0.111238386363823,-0.0354546109867034,0.0298602666666667,0.00606672542096091,0.00121334508419218,0.0201333333333333,0.0390666666666667,-0.0001696,0.00321257602878761,0.000642515205757521,-0.005288,0.00493333333333333
"I","Int-UMAP","Wasserstein",5,0.865601826484018,0.0083254123874425,0.0016650824774885,0.850840867579909,0.880003652968036,0.019973698630137,0.0087996522368154,0.00175993044736308,0.00268767123287674,0.0358657534246575,0.872247003141636,0.00755168381349525,0.00151033676269905,0.85876600142727,0.885539426302795,0.0270757388586756,0.0101204684298147,0.00202409368596293,0.00884103977491777,0.0459024206183199,0.224133333333333,0.0144311905004147,0.00288623810008294,0.201333333333333,0.243866666666667,0.0137333333333333,0.00833555525933825,0.00166711105186765,-0.00413333333333334,0.0268
"II","Int-UMAP","Wasserstein",5,0.912245214646465,0.0359817025574012,0.00719634051148024,0.855851073232323,0.959293023989899,0.0126902272727273,0.0114661177680328,0.00229322355360656,-0.00458768939393945,0.035578409090909,0.941300483337456,0.0250628904813139,0.00501257809626278,0.900894649614705,0.973516730119025,0.0101315081044925,0.00898327313918907,0.00179665462783781,-0.000291443323529141,0.0289312515462217,0.61492,0.0329017413419614,0.00658034826839228,0.5679,0.66355,-0.01907,0.00715072840112577,0.00143014568022515,-0.03345,-0.00850000000000001
"III","Int-UMAP","Wasserstein",5,0.912801770833333,0.0157391843501806,0.00314783687003613,0.881591145833333,0.935768229166667,0.0305935416666666,0.0160349605560249,0.00320699211120498,0.00421562500000001,0.0552552083333333,0.920897620373464,0.0141552341467829,0.00283104682935659,0.89245036566804,0.942648902995879,0.0332390392397075,0.0159026143047766,0.00318052286095532,0.00782150944797119,0.0605427850168913,0.42316,0.0371468706622779,0.00742937413245557,0.3598,0.4816,0.01736,0.0170779585040679,0.00341559170081359,-0.0148,0.0462
"IV","Int-UMAP","Wasserstein",5,0.830412673059361,0.0241908448273665,0.0048381689654733,0.781098908675799,0.869092182648402,0.0314402429223744,0.0296536747900853,0.00593073495801705,-0.00923536073059363,0.101006228310502,0.848912239617426,0.0203248362261679,0.00406496724523359,0.808749854401982,0.881094179852516,0.029397464642239,0.0263979749512022,0.00527959499024044,-0.00386640549253144,0.0933813755936706,0.303271466666667,0.0219832528446004,0.00439665056892008,0.2628,0.340266666666667,-0.00413226666666667,0.0156140202524668,0.00312280405049337,-0.0347573333333333,0.0186666666666667
"I","MR-PCA","Wasserstein",5,0.754531643835616,0.00693726758888594,0.00138745351777719,0.740865296803653,0.766524429223744,0.25065799086758,0.00988040618063258,0.00197608123612652,0.230024657534246,0.26560502283105,0.759553977901912,0.0071505575214408,0.00143011150428816,0.746438516622783,0.772452813938037,0.26084338574862,0.011433454193783,0.00228669083875659,0.239151544979534,0.279525030555077,0.108,0.0112001984109409,0.00224003968218819,0.0902666666666667,0.128933333333333,0.0204,0.00739369100427295,0.00147873820085459,0.00973333333333334,0.0333333333333333
"II","MR-PCA","Wasserstein",5,0.920524166666667,0.00306638177450942,0.000613276354901885,0.915503345959596,0.926256628787879,0.130978282828283,0.00595515617952479,0.00119103123590496,0.119517171717172,0.140468686868687,0.921430029916527,0.00325591740140385,0.000651183480280769,0.915608636392791,0.927085843939269,0.13341189376655,0.00635857633837126,0.00127171526767425,0.121958355094972,0.144450291835033,0.32974,0.0129856651735673,0.00259713303471347,0.30765,0.3521,0.07157,0.00606927027464313,0.00121385405492863,0.06265,0.0838
"III","MR-PCA","Wasserstein",5,0.541973020833333,0.008520531182563,0.0017041062365126,0.528605729166667,0.557419270833333,0.039791875,0.0123315760628152,0.00246631521256305,0.0219979166666666,0.0676604166666666,0.548063774733638,0.00923585474272317,0.00184717094854463,0.532512436425734,0.564459980695697,0.050844630062739,0.015710452795588,0.00314209055911759,0.0281336822957271,0.0818166833723131,0.03252,0.00722910782877113,0.00144582156575423,0.0196,0.0474,0.00288,0.00548725796732758,0.00109745159346552,-0.0084,0.0104
"IV","MR-PCA","Wasserstein",5,0.905948453881279,0.0163210072645481,0.00326420145290961,0.882773497716895,0.939246744292238,0.0874936894977169,0.0192791128596416,0.00385582257192831,0.0498442100456621,0.119042721461187,0.905773646742296,0.0146768664675275,0.00293537329350551,0.885710107045304,0.935571045926947,0.0910071546620076,0.018084694862011,0.00361693897240221,0.0562076527958921,0.11912013747734,0.230970666666667,0.0263705649597481,0.00527411299194963,0.192,0.283733333333333,0.0349269333333333,0.0107339690080914,0.00214679380161828,0.0146746666666667,0.0527093333333333
"I","SPCA","Wasserstein",5,0.921271598173516,0.00369335006310005,0.000738670012620011,0.913267351598174,0.926211187214611,0.0728719634703196,0.0044320692541778,0.00088641385083556,0.0644059360730594,0.0811063926940639,0.919736276463978,0.00403068660421133,0.000806137320842266,0.911794030071118,0.925500020506763,0.078566757716695,0.00583117053682551,0.0011662341073651,0.0691332693522324,0.0894677264561853,0.24776,0.0153017549223514,0.00306035098447029,0.220533333333333,0.269466666666667,0.0437866666666667,0.0120226945892003,0.00240453891784005,0.0196,0.0649333333333333
"II","SPCA","Wasserstein",5,0.920845555555556,0.00272515444979788,0.000545030889959576,0.915995643939394,0.925992234848485,0.130333156565656,0.00524879979096549,0.0010497599581931,0.119984848484848,0.139474747474747,0.922024886610407,0.00302250703800223,0.000604501407600447,0.917005014339775,0.928277876659611,0.13221868660491,0.00594929399147586,0.00118985879829517,0.119701162300595,0.141671151855008,0.32932,0.0125367210625426,0.00250734421250853,0.3099,0.34975,0.07012,0.00593941635740976,0.00118788327148195,0.06045,0.07955
"III","SPCA","Wasserstein",5,0.811934895833333,0.0103476277680827,0.00206952555361653,0.797828645833333,0.833036979166667,0.134437708333333,0.0152971225637762,0.00305942451275524,0.105734375,0.156164583333333,0.815780317036047,0.0098749235181538,0.00197498470363076,0.803033912462412,0.835006311022014,0.147278033931024,0.0156094893963334,0.00312189787926667,0.118548984667929,0.169671047258418,0.1804,0.0151657508881031,0.00303315017762062,0.144,0.2036,0.02796,0.0109562767398419,0.00219125534796837,0.00559999999999999,0.0456
"IV","SPCA","Wasserstein",5,0.911525305022831,0.0154442725611213,0.00308885451222426,0.886513835616438,0.942205264840183,0.0799938867579909,0.0181920062605675,0.00363840125211349,0.0463001187214612,0.112824511415525,0.911095246597928,0.0140356962412634,0.00280713924825268,0.88978964293624,0.938344535275734,0.0842265705309611,0.0172746631572939,0.00345493263145878,0.0529857932426114,0.114998616367678,0.244562666666667,0.0259873407928068,0.00519746815856136,0.2036,0.2992,0.0354762666666667,0.0123057020929324,0.00246114041858647,0.0140186666666667,0.0557146666666667
"I","V-PCA","Wasserstein",5,0.921339543378995,0.00352044026105333,0.000704088052210666,0.913233105022831,0.926297945205479,0.0727888584474886,0.00382274121486241,0.000764548242972481,0.0652853881278539,0.0798342465753424,0.91978225754854,0.00392648138247849,0.000785296276495698,0.912233826315919,0.925492408396289,0.0784708320003937,0.00551429416072186,0.00110285883214437,0.0694004150568858,0.0886491949044795,0.247813333333333,0.014199008833431,0.00283980176668619,0.2228,0.2692,0.04272,0.0120905840314777,0.00241811680629553,0.0188,0.0652
"II","V-PCA","Wasserstein",5,0.922205744949495,0.00385038298572966,0.000770076597145932,0.915046654040404,0.929597758838384,0.128598156565656,0.00717235464801192,0.00143447092960238,0.114263699494949,0.14156553030303,0.923025443250227,0.00407902147418857,0.000815804294837714,0.915914807764553,0.929969438641341,0.130981249255523,0.00779395379078814,0.00155879075815763,0.117243686833979,0.144331054087981,0.33644,0.0166056089921448,0.00332112179842896,0.31015,0.3625,0.07115,0.00772172260574025,0.00154434452114805,0.05895,0.0833
"III","V-PCA","Wasserstein",5,0.811909270833333,0.0107193802676247,0.00214387605352494,0.796617708333333,0.831313541666667,0.134169375,0.0149299991912247,0.00298599983824495,0.110816666666667,0.158188541666667,0.81594602962468,0.0104680854667273,0.00209361709334547,0.801196402717452,0.834364628577793,0.146135026172179,0.0161883438892057,0.00323766877784113,0.117978319783198,0.170060697182315,0.17944,0.0160262285020525,0.0032052457004105,0.1476,0.2072,0.02576,0.0103813936122918,0.00207627872245836,0.0086,0.0456
"IV","V-PCA","Wasserstein",5,0.911411333333333,0.0155551223489677,0.00311102446979354,0.885858753424657,0.942124196347032,0.0801689242009133,0.0184184096663199,0.00368368193326398,0.0464238082191781,0.113066821917808,0.910987336007415,0.0142776396262333,0.00285552792524665,0.889462931318749,0.938758660990395,0.0843926003724028,0.017733396168571,0.00354667923371419,0.0521355211588782,0.115012008432381,0.244512533333333,0.0257039573491595,0.0051407914698319,0.203733333333333,0.298533333333333,0.0359536,0.0118813474232762,0.00237626948465524,0.013608,0.0549706666666667
"I","C-PCA","Centers-Euclidean",10,0.835692114821324,0.00595224662156502,0.001190449324313,0.825671587580551,0.846811130638547,0.140064909197422,0.00500359829692291,0.00100071965938458,0.131466432337434,0.149197656707674,0.835661391316923,0.00619169245345039,0.00123833849069008,0.825231912098588,0.845567269582641,0.15614776413862,0.00889535471191522,0.00177907094238304,0.144282746145401,0.170605784634355,0.21532,0.00752063827078537,0.00150412765415707,0.201933333333333,0.224666666666667,0.0458533333333333,0.00767637067022345,0.00153527413404469,0.0345333333333333,0.0606
"II","C-PCA","Centers-Euclidean",10,0.917308518164436,0.00352564246984354,0.000705128493968708,0.910216794136393,0.923274314850223,0.119354219247929,0.00593793572510375,0.00118758714502075,0.109844518801785,0.13182982791587,0.919581046298045,0.00382815621527457,0.000765631243054914,0.912426106715689,0.925962429208802,0.126506289078353,0.00699827160565163,0.00139965432113033,0.114676486975545,0.139355952994491,0.35905,0.0136688895549956,0.00273377791099911,0.3368,0.381775,0.09416,0.0085465575428551,0.00170931150857102,0.080175,0.108625
"III","C-PCA","Centers-Euclidean",10,0.834991598915989,0.00750321812977999,0.001500643625956,0.822571273712737,0.847180216802168,0.127831436314363,0.00860427188447447,0.00172085437689489,0.116132791327913,0.14730460704607,0.831100177786337,0.00773982987846884,0.00154796597569377,0.817353370928026,0.841604473894086,0.145007468421644,0.0109031614602654,0.00218063229205307,0.126590430657398,0.160660862096274,0.2659,0.0138924439894498,0.00277848879788996,0.2429,0.2902,0.055,0.00846192452499233,0.00169238490499847,0.0384,0.069
"IV","C-PCA","Centers-Euclidean",10,0.904852085764499,0.0174454727300995,0.0034890945460199,0.876549166959578,0.937393640304628,0.0766905738722906,0.01759804213383,0.00351960842676599,0.0447547744581136,0.108560960749854,0.900281585399587,0.0156447868686805,0.00312895737373611,0.875926064312572,0.930930244588333,0.0880425321138381,0.0180494669968003,0.00360989339936006,0.05421162810341,0.119779322166654,0.312411733333333,0.0306625302331085,0.0061325060466217,0.272533333333333,0.3752,0.0608917333333333,0.0107716330616492,0.00215432661232984,0.035532,0.075508
"I","IMDS","Centers-Euclidean",10,0.506235641476274,0.00656803903279528,0.00131360780655906,0.494349502050381,0.517473462214411,-0.00232604569420036,0.00846143758053903,0.00169228751610781,-0.0154338605741066,0.0160393673110721,0.500448506603552,0.00709261792776775,0.00141852358555355,0.486497940770141,0.511121617607302,-0.00243590924742892,0.0114333244868158,0.00228666489736316,-0.0258013624215384,0.0198427978690919,0.0328933333333333,0.0043201937542284,0.00086403875084568,0.0250666666666667,0.0397333333333333,0.000933333333333333,0.00293919868142473,0.000587839736284947,-0.0038,0.00586666666666666
"II","IMDS","Centers-Euclidean",10,0.603624563416189,0.0220784886641648,0.00441569773283296,0.561244216061186,0.636931373486297,-0.0629870363288719,0.0208137347777313,0.00416274695554626,-0.0926698215423837,-0.0199181325685149,0.612490456228235,0.0226224340086314,0.00452448680172627,0.569149762248026,0.643784105142277,-0.0758546568867039,0.0236030461892577,0.00472060923785154,-0.106800018927694,-0.0262814177124666,0.05084,0.0070949218929222,0.00141898437858444,0.03705,0.059025,-0.00469,0.00332840521120852,0.000665681042241703,-0.0103,0.000149999999999999
"III","IMDS","Centers-Euclidean",10,0.513089756097561,0.00917281246115381,0.00183456249223076,0.499916531165312,0.53050596205962,-0.0025368021680217,0.0136084711511049,0.00272169423022097,-0.0247772357723577,0.0247051490514905,0.503907215557561,0.00988682246346061,0.00197736449269212,0.489253581020123,0.522599532787554,-0.00243424145310327,0.0112469154657572,0.00224938309315145,-0.0234366587332653,0.0119752473693134,0.0493,0.00594418483337567,0.00118883696667513,0.0388,0.0618,0.00128,0.00550204507433372,0.00110040901486674,-0.0069,0.0102
"IV","IMDS","Centers-Euclidean",10,0.545438059753954,0.0119630698563538,0.00239261397127077,0.531701609841828,0.572197949619215,-0.0431894889279438,0.0169381364755132,0.00338762729510263,-0.0864249326303456,-0.0177905659050966,0.544371678904757,0.0119218856273602,0.00238437712547204,0.528155845552311,0.57039765258696,-0.0551056294405622,0.0197750895521776,0.00395501791043553,-0.105226823090455,-0.0310723813331086,0.0546061333333333,0.00581135571611816,0.00116227114322363,0.0453333333333333,0.065696,0.000580266666666667,0.00446750426640763,0.000893500853281526,-0.00589866666666667,0.008832
"I","Int-UMAP","Centers-Euclidean",10,0.599205272407733,0.01026032303895,0.00205206460779,0.581549736379614,0.617643585237258,-0.083701136496778,0.0139952075953721,0.00279904151907442,-0.108759226713533,-0.0629359109548917,0.605657799059633,0.0104946711438494,0.00209893422876988,0.59047712141665,0.625144263685815,-0.0883031965001306,0.0165622330912997,0.00331244661825995,-0.119747420685454,-0.0611080767528478,0.112026666666667,0.00910225857197603,0.00182045171439521,0.0972,0.125733333333333,-0.00242666666666667,0.00747806669410493,0.00149561333882099,-0.0154,0.0116666666666667
"II","Int-UMAP","Centers-Euclidean",10,0.853059786488209,0.0543422406361466,0.0108684481272293,0.768002278521351,0.923035850860421,0.0251589101338432,0.0138373699571723,0.00276747399143447,-0.00159592096876986,0.0489765137029955,0.908968846230352,0.0353276609227525,0.0070655321845505,0.855135587460534,0.954257493349718,0.0163539200884509,0.00963735115044352,0.0019274702300887,-0.00032965019505164,0.0344632463665906,0.512325,0.0488834444964073,0.00977668889928146,0.435675,0.5801,-0.03281,0.00799080852187896,0.00159816170437579,-0.046875,-0.021725
"III","Int-UMAP","Centers-Euclidean",10,0.516708401084011,0.00754027811352954,0.00150805562270591,0.50460569105691,0.532860975609756,-0.0057259620596206,0.0154666583022953,0.00309333166045906,-0.034190243902439,0.0193853658536585,0.508967591043978,0.00806805166114558,0.00161361033222912,0.497723871583562,0.525723543641731,-0.00669686731822429,0.0183512038597245,0.00367024077194491,-0.0393028710260602,0.022679298009114,0.05274,0.00558852991999387,0.00111770598399877,0.0425,0.063,-8.00000000000002e-05,0.00450157379886931,0.000900314759773862,-0.0072,0.00889999999999999
"IV","Int-UMAP","Centers-Euclidean",10,0.795804203866432,0.0319278346116655,0.0063855669223331,0.737914268306971,0.847911079086116,0.0391002957234915,0.032712480448791,0.0065424960897582,-0.00505689045108379,0.102912159343878,0.817974323445622,0.0267227204097655,0.00534454408195311,0.767281488239738,0.860067939310173,0.0475573411235119,0.0302024028338144,0.00604048056676288,0.00702161738930459,0.108299169544,0.298013333333333,0.030055116037041,0.00601102320740821,0.235533333333333,0.345266666666667,0.0186522666666667,0.00893208069161276,0.00178641613832255,0.00444,0.0342133333333333
"I","MR-PCA","Centers-Euclidean",10,0.835692114821324,0.00595224662156502,0.001190449324313,0.825671587580551,0.846811130638547,0.140064909197422,0.00500359829692291,0.00100071965938458,0.131466432337434,0.149197656707674,0.835661391316923,0.00619169245345039,0.00123833849069008,0.825231912098588,0.845567269582641,0.15614776413862,0.00889535471191522,0.00177907094238304,0.144282746145401,0.170605784634355,0.21532,0.00752063827078537,0.00150412765415707,0.201933333333333,0.224666666666667,0.0458533333333333,0.00767637067022345,0.00153527413404469,0.0345333333333333,0.0606
"II","MR-PCA","Centers-Euclidean",10,0.914675073295092,0.00278556999809218,0.000557113999618436,0.909697131931166,0.919249490121096,0.122922931803697,0.00542698697651214,0.00108539739530243,0.114577629063098,0.133371829190567,0.917647936254357,0.00303551110771114,0.000607102221542228,0.912092316332698,0.922989220191781,0.129250183169586,0.00590537494959244,0.00118107498991849,0.118835073205567,0.139730552497612,0.35128,0.0085809017591393,0.00171618035182786,0.3367,0.365525,0.09309,0.0062463030732853,0.00124926061465706,0.082275,0.10415
"III","MR-PCA","Centers-Euclidean",10,0.834991598915989,0.00750321812977999,0.001500643625956,0.822571273712737,0.847180216802168,0.127831436314363,0.00860427188447447,0.00172085437689489,0.116132791327913,0.14730460704607,0.831100177786337,0.00773982987846884,0.00154796597569377,0.817353370928026,0.841604473894086,0.145007468421644,0.0109031614602654,0.00218063229205307,0.126590430657398,0.160660862096274,0.2659,0.0138924439894498,0.00277848879788996,0.2429,0.2902,0.055,0.00846192452499233,0.00169238490499847,0.0384,0.069
"IV","MR-PCA","Centers-Euclidean",10,0.904852092325718,0.0174455152389676,0.00348910304779353,0.876548988869361,0.937393570005858,0.0766905963678969,0.017597986849686,0.0035195973699372,0.0447546338605741,0.108560642062097,0.900281465324233,0.0156448371676493,0.00312896743352986,0.875926184874275,0.930930208947314,0.0880426472090286,0.0180496099396431,0.00360992198792862,0.0542113910329125,0.119779261323922,0.312412266666667,0.0306633483518703,0.00613266967037406,0.272533333333333,0.3752,0.0608941333333333,0.0107580208354649,0.00215160416709298,0.035528,0.0755333333333333
"I","SPCA","Centers-Euclidean",10,0.835692114821324,0.00595224662156502,0.001190449324313,0.825671587580551,0.846811130638547,0.140064909197422,0.00500359829692291,0.00100071965938458,0.131466432337434,0.149197656707674,0.835661391316923,0.00619169245345039,0.00123833849069008,0.825231912098588,0.845567269582641,0.15614776413862,0.00889535471191522,0.00177907094238304,0.144282746145401,0.170605784634355,0.21532,0.00752063827078537,0.00150412765415707,0.201933333333333,0.224666666666667,0.0458533333333333,0.00767637067022345,0.00153527413404469,0.0345333333333333,0.0606
"II","SPCA","Centers-Euclidean",10,0.915035315487572,0.00265338119189321,0.000530676238378642,0.910630720203952,0.919435803059274,0.122206118546845,0.0051402885133538,0.00102805770267076,0.113511121733588,0.131550669216061,0.918132762781482,0.00285621518130596,0.000571243036261192,0.913205855886633,0.923772946972089,0.128265481037248,0.00559054310231848,0.0011181086204637,0.117300180653286,0.137517566461456,0.350755,0.00821294392508963,0.00164258878501793,0.336375,0.363625,0.09275,0.00685166494364691,0.00137033298872938,0.08415,0.106475
"III","SPCA","Centers-Euclidean",10,0.834991598915989,0.00750321812977999,0.001500643625956,0.822571273712737,0.847180216802168,0.127831436314363,0.00860427188447447,0.00172085437689489,0.116132791327913,0.14730460704607,0.831100177786337,0.00773982987846884,0.00154796597569377,0.817353370928026,0.841604473894086,0.145007468421644,0.0109031614602654,0.00218063229205307,0.126590430657398,0.160660862096274,0.2659,0.0138924439894498,0.00277848879788996,0.2429,0.2902,0.055,0.00846192452499233,0.00169238490499847,0.0384,0.069
"IV","SPCA","Centers-Euclidean",10,0.904852068892794,0.0174455393803732,0.00348910787607463,0.876548707674283,0.937393598125366,0.0766905738722906,0.0175980140400464,0.00351960280800928,0.0447547463386057,0.108560609256005,0.90028145148417,0.015644839385852,0.0031289678771704,0.875925571218097,0.930930402191149,0.0880427078061292,0.018049684277257,0.00360993685545139,0.0542118229745482,0.119779986824982,0.312413333333333,0.0306617916414984,0.00613235832829969,0.272533333333333,0.3752,0.0608824,0.0107702116420623,0.00215404232841247,0.0354973333333333,0.075536
"I","V-PCA","Centers-Euclidean",10,0.835580949033392,0.0061763173830866,0.00123526347661732,0.822773989455185,0.845807615700058,0.140217035735208,0.00546406160588499,0.001092812321177,0.131950087873462,0.150505916813122,0.835540430127039,0.00615400933099238,0.00123080186619848,0.824240069034516,0.845295195631826,0.156317149185205,0.00892588931096672,0.00178517786219334,0.142993760825983,0.172017911392706,0.215706666666667,0.00769699315991009,0.00153939863198202,0.202733333333333,0.2266,0.0448666666666667,0.00721751983666083,0.00144350396733217,0.0325333333333333,0.0591333333333333
"II","V-PCA","Centers-Euclidean",10,0.917303161249203,0.00353126278773927,0.000706252557547855,0.910190200764818,0.92322930210325,0.119369496494582,0.00595550818533136,0.00119110163706627,0.109771829190567,0.13188282345443,0.919571824988003,0.00383613053414701,0.000767226106829403,0.912398554807831,0.92600018375388,0.126527320126767,0.0070110720995371,0.00140221441990742,0.114707217268949,0.139411551113902,0.359045,0.0136987149640639,0.00273974299281277,0.336875,0.381825,0.09412,0.00839848076539243,0.00167969615307849,0.08055,0.108425
"III","V-PCA","Centers-Euclidean",10,0.835166016260163,0.00776556148612456,0.00155311229722491,0.821554742547425,0.848990785907859,0.127665582655826,0.00919660104540019,0.00183932020908004,0.116021680216802,0.148828726287262,0.830897890845608,0.00725039871705585,0.00145007974341117,0.817743203405571,0.841151203162755,0.145557430778108,0.0098374681477589,0.00196749362955178,0.131131056021536,0.162117290837654,0.26596,0.0144862866187301,0.00289725732374603,0.2436,0.2907,0.05454,0.0108569486198164,0.00217138972396328,0.04,0.0784
"IV","V-PCA","Centers-Euclidean",10,0.904642696660808,0.0175962989101753,0.00351925978203507,0.875753216168717,0.937412306971295,0.0770297063854716,0.0178368738175516,0.00356737476351031,0.0447180597539543,0.108947650849443,0.90014837725134,0.0157783967540972,0.00315567935081945,0.875873422942493,0.93098681761596,0.0882425441571128,0.018241300203489,0.00364826004069781,0.0540658492076029,0.119695156938846,0.3120128,0.0310457749806337,0.00620915499612674,0.2736,0.376133333333333,0.0608797333333333,0.0108880290159354,0.00217760580318709,0.036864,0.0756426666666667
"I","C-PCA","Hausdorff",10,0.947022870533099,0.00226987110111407,0.000453974220222814,0.942627299355595,0.9512769771529,0.0325961804335091,0.00157717499188581,0.000315434998377162,0.0292883421206796,0.035031985940246,0.938832071052373,0.0024330469934315,0.0004866093986863,0.934346869582211,0.942295298643213,0.0409729986430437,0.0025400577003364,0.000508011540067279,0.0361021931293094,0.0453271228674072,0.35984,0.0131297372403258,0.00262594744806516,0.337866666666667,0.382733333333333,0.06332,0.0126679385326369,0.00253358770652738,0.0417333333333333,0.0866666666666666
"II","C-PCA","Hausdorff",10,0.916640334608031,0.00356009777062968,0.000712019554125937,0.909469263862333,0.922492001274697,0.119571912045889,0.00586346954310254,0.00117269390862051,0.109925366475462,0.131896590184831,0.918987320525963,0.00376245398444603,0.000752490796889206,0.911899478417907,0.925409776759828,0.126742887016761,0.00683189574131847,0.00136637914826369,0.114837960297391,0.139360196755901,0.356905,0.0138004415690224,0.00276008831380447,0.333675,0.379625,0.088775,0.00873890665834882,0.00174778133166976,0.072475,0.100725
"III","C-PCA","Hausdorff",10,0.802323306233062,0.0129938259297655,0.00259876518595309,0.785208943089431,0.829130894308943,0.106325962059621,0.0143834914824806,0.00287669829649612,0.0786780487804878,0.126540921409214,0.80649639438424,0.0107862659076122,0.00215725318152245,0.791970694210989,0.828737121828994,0.127306264037829,0.014431746371919,0.00288634927438381,0.103679810854316,0.146985248897383,0.24582,0.0154271675948633,0.00308543351897266,0.2166,0.2721,0.03574,0.00976080597765027,0.00195216119553005,0.0193,0.0537
"IV","C-PCA","Hausdorff",10,0.921789690451084,0.0146826350920584,0.00293652701841167,0.896273764499121,0.947964883421207,0.0612146840070299,0.0146374341754041,0.00292748683508081,0.0368728763913299,0.0927880867018161,0.919039399389884,0.0131558687221966,0.00263117374443933,0.897246677010791,0.94372413710923,0.0697977971504686,0.0152829656976246,0.00305659313952493,0.0438532548727379,0.0983042546650264,0.3633008,0.0319574801027634,0.00639149602055267,0.320312,0.428133333333333,0.064108,0.0110691668862456,0.00221383337724911,0.043548,0.08418
"I","IMDS","Hausdorff",10,0.579400164030463,0.0149636372494967,0.00299272744989934,0.550080023432923,0.607104276508495,-0.0834711657879321,0.0155729909593863,0.00311459819187725,-0.109425659050967,-0.0552306971294669,0.583555838573327,0.0137595260159954,0.00275190520319909,0.56148901178613,0.609908835997429,-0.109045042749725,0.0159541216017571,0.00319082432035141,-0.13210347163725,-0.0740502809171176,0.0535733333333333,0.00573368861948268,0.00114673772389654,0.0412,0.0636666666666667,-0.00378666666666667,0.00531235457317291,0.00106247091463458,-0.0144,0.00306666666666666
"II","IMDS","Hausdorff",10,0.610781969407266,0.0208061264146419,0.00416122528292838,0.57606073932441,0.640818164435946,-0.0193581134480561,0.0151351109383908,0.00302702218767816,-0.04381287444232,0.00360487571701724,0.621157567503801,0.0223849682590516,0.00447699365181032,0.581469900636854,0.652635080490042,-0.0330439351623679,0.0167323837790224,0.00334647675580448,-0.0591696353889714,-0.00441213975752416,0.050415,0.00615952429846115,0.00123190485969223,0.039125,0.0605,-0.00178,0.00229562536868134,0.000459125073736268,-0.0056,0.0019
"III","IMDS","Hausdorff",10,0.509789593495935,0.00537015034976428,0.00107403006995286,0.501976151761517,0.518436585365853,-0.00192021680216803,0.0104113253931808,0.00208226507863617,-0.0222363143631437,0.0149891598915989,0.50378307896909,0.00684844912903433,0.00136968982580687,0.492618602953849,0.515220419821362,-0.00229488040938304,0.0140045426886788,0.00280090853773575,-0.025094064880849,0.0208710867643375,0.05032,0.00506392469664916,0.00101278493932983,0.0413,0.0597,-0.00052,0.00428777331490367,0.000857554662980734,-0.007,0.0094
"IV","IMDS","Hausdorff",10,0.553928387580551,0.0124405717929391,0.00248811435858782,0.535723625073228,0.579553234915056,-0.0392255446983011,0.014195468542794,0.0028390937085588,-0.0688979824253076,-0.0160015559461043,0.553378935473268,0.0128676993727419,0.00257353987454838,0.535723214191684,0.579635437958821,-0.0508109811341784,0.0165861278914971,0.00331722557829943,-0.0863039155656653,-0.0283229464326972,0.0571474666666667,0.00587418373210428,0.00117483674642086,0.0482666666666667,0.0686666666666667,-0.000633333333333333,0.00271121470658175,0.000542242941316351,-0.00518533333333333,0.0042
"I","Int-UMAP","Hausdorff",10,0.901811974223784,0.0067760233097083,0.00135520466194166,0.889093731693029,0.912607850029291,-0.00453070884592855,0.00834483693346137,0.00166896738669227,-0.0218188635032221,0.00860152314001172,0.900993584800862,0.00630101277003504,0.00126020255400701,0.888823411617382,0.910740034722974,0.00189914967247445,0.00810029627362404,0.00162005925472481,-0.0157861330093464,0.0142636634011597,0.282013333333333,0.0137350861880293,0.00274701723760586,0.253866666666667,0.298666666666667,0.01464,0.00897316988459362,0.00179463397691872,-0.000733333333333335,0.0314
"II","Int-UMAP","Hausdorff",10,0.852205943275972,0.0548031190551437,0.0109606238110287,0.767381421287444,0.922301449968132,0.0242378903760357,0.0145413795824936,0.00290827591649873,-0.00187052262587635,0.0503147864882091,0.907891455246281,0.0357750070771476,0.00715500141542952,0.853828248637232,0.953407783146453,0.0149848854895807,0.0101120619799662,0.00202241239599323,-0.000120410545873328,0.0327191220552252,0.509145,0.0478986788700899,0.00957973577401799,0.433375,0.57585,-0.03412,0.00703307661458815,0.00140661532291763,-0.04705,-0.0239
"III","Int-UMAP","Hausdorff",10,0.88795837398374,0.0168215129603967,0.00336430259207934,0.85589566395664,0.913143631436314,0.0168557181571816,0.0150413104276678,0.00300826208553356,-0.0143138211382114,0.0408915989159892,0.905318677682721,0.0156592606399517,0.00313185212799034,0.873883207703703,0.928286540569544,0.0263146980039506,0.0146481567364632,0.00292963134729264,-0.00130196325516457,0.0508029781304664,0.46486,0.0358810302713472,0.00717620605426944,0.3934,0.5218,0.02292,0.0138486461432156,0.00276972922864312,-0.001,0.0439
"IV","Int-UMAP","Hausdorff",10,0.804056222144112,0.0294085721786191,0.00588171443572383,0.749170643233743,0.848278929115407,0.0301452672524898,0.0288915984083311,0.00577831968166622,-0.00734414059753951,0.094370352665495,0.830727244561467,0.0233270984159607,0.00466541968319214,0.786191401079209,0.865950220673111,0.0251842946610779,0.0245135680219434,0.00490271360438869,-0.00598171342477857,0.0833707516438453,0.308106666666667,0.0254257670411263,0.00508515340822525,0.254266666666667,0.347333333333333,-0.000843999999999996,0.0103703442922953,0.00207406885845905,-0.017436,0.019444
"I","MR-PCA","Hausdorff",10,0.741056567076743,0.01200172821437,0.00240034564287401,0.725343878148799,0.765480492091388,0.206929068541301,0.0137274011642643,0.00274548023285286,0.183995782073814,0.227500878734622,0.757744632408242,0.0150147100538385,0.0030029420107677,0.738142587563133,0.789890612807217,0.218206879349103,0.0223191249921636,0.00446382499843272,0.176959634427787,0.249550198247025,0.143066666666667,0.0117157696827507,0.00234315393655013,0.128133333333333,0.1676,0.0290666666666667,0.00711610068006974,0.00142322013601395,0.0162666666666667,0.042
"II","MR-PCA","Hausdorff",10,0.914390726577438,0.00284940826272126,0.000569881652544252,0.909528728489483,0.919301529636712,0.122837973231358,0.00547555593133229,0.00109511118626646,0.113927087316762,0.133177915869981,0.917109679285186,0.00320144069597124,0.000640288139194248,0.911405946567263,0.922854421548673,0.129676355019063,0.00618288094521181,0.00123657618904236,0.118485988388171,0.140889033341573,0.34964,0.00877461715689066,0.00175492343137813,0.33395,0.365875,0.093025,0.00663040267128124,0.00132608053425625,0.083275,0.10205
"III","MR-PCA","Hausdorff",10,0.561685745257453,0.0125881440744144,0.00251762881488288,0.542118970189702,0.584805962059621,0.00836509485094852,0.0114695776089503,0.00229391552179005,-0.0129149051490515,0.026738753387534,0.563936330303011,0.0137573317041148,0.00275146634082297,0.541758762501038,0.589274541387306,0.0100032071315486,0.016604769241799,0.0033209538483598,-0.0128729050971231,0.0398361065350434,0.06624,0.00811777884235172,0.00162355576847034,0.056,0.0825,0.00078,0.00495832633052727,0.000991665266105454,-0.0065,0.0119
"IV","MR-PCA","Hausdorff",10,0.90990056801406,0.0165490417686729,0.00330980835373458,0.882141115407147,0.943549462214411,0.0685289570005858,0.0159315089943026,0.00318630179886052,0.038645834797891,0.0961844358523726,0.908058740109026,0.0146850406442568,0.00293700812885137,0.887671524527073,0.939616567893945,0.0752068172917278,0.0156210647634397,0.00312421295268794,0.0436240854868624,0.101281069961312,0.329473866666667,0.0331513286656251,0.00663026573312503,0.29,0.4098,0.0561642666666667,0.00891965347275745,0.00178393069455149,0.0373453333333333,0.0706186666666667
"I","SPCA","Hausdorff",10,0.947022870533099,0.00226987110111407,0.000453974220222814,0.942627299355595,0.9512769771529,0.0325961804335091,0.00157717499188581,0.000315434998377162,0.0292883421206796,0.035031985940246,0.938832071052373,0.0024330469934315,0.0004866093986863,0.934346869582211,0.942295298643213,0.0409729986430437,0.0025400577003364,0.000508011540067279,0.0361021931293094,0.0453271228674072,0.35984,0.0131297372403258,0.00262594744806516,0.337866666666667,0.382733333333333,0.06332,0.0126679385326369,0.00253358770652738,0.0417333333333333,0.0866666666666666
"II","SPCA","Hausdorff",10,0.91456293499044,0.00260814403882407,0.000521628807764813,0.909954174633525,0.918903250478011,0.122121332058636,0.00503886251546781,0.00100777250309356,0.113614467813894,0.131286073932441,0.917677133336268,0.0029563086220896,0.000591261724417919,0.912528250884842,0.923543921271539,0.12831266772846,0.00577373573424438,0.00115474714684888,0.116905656275797,0.138134422072404,0.34891,0.00816141838162951,0.0016322836763259,0.3346,0.3617,0.08855,0.00656844968390563,0.00131368993678113,0.078425,0.10005
"III","SPCA","Hausdorff",10,0.802323306233062,0.0129938259297655,0.00259876518595309,0.785208943089431,0.829130894308943,0.106325962059621,0.0143834914824806,0.00287669829649612,0.0786780487804878,0.126540921409214,0.80649639438424,0.0107862659076122,0.00215725318152245,0.791970694210989,0.828737121828994,0.127306264037829,0.014431746371919,0.00288634927438381,0.103679810854316,0.146985248897383,0.24582,0.0154271675948633,0.00308543351897266,0.2166,0.2721,0.03574,0.00976080597765027,0.00195216119553005,0.0193,0.0537
"IV","SPCA","Hausdorff",10,0.92178970685413,0.0146826861536461,0.00293653723072922,0.896273537199766,0.947965002929115,0.0612148199179848,0.0146374314270813,0.00292748628541626,0.0368730732278852,0.0927881757469245,0.91903927030848,0.0131559073467245,0.00263118146934489,0.897246566550653,0.943724720737052,0.0697979656506919,0.0152831747604472,0.00305663495208944,0.0438531344584142,0.098304958126869,0.363299733333333,0.0319589679340151,0.00639179358680302,0.320296,0.428133333333333,0.0641072,0.0110968924445507,0.00221937848891013,0.0434346666666667,0.0842186666666667
"I","V-PCA","Hausdorff",10,0.946976426479203,0.00242148013280383,0.000484296026560767,0.942420738137083,0.951542120679555,0.0327048154657294,0.00184847340090245,0.00036969468018049,0.0292475688342121,0.0358005858230814,0.938730246154229,0.00248436473100822,0.000496872946201644,0.933782947946396,0.942268774209019,0.0412210495094831,0.00253093322900074,0.000506186645800149,0.0363302075287968,0.0459690063147055,0.35956,0.013241601111648,0.0026483202223296,0.337533333333333,0.380733333333333,0.06364,0.0119721590614472,0.00239443181228944,0.0468666666666667,0.0854666666666667
"II","V-PCA","Hausdorff",10,0.916640586360739,0.00356411047531167,0.000712822095062333,0.909469152326323,0.922532122370937,0.119575717017208,0.00588022742776901,0.0011760454855538,0.109851051625239,0.131896367112811,0.918994088925362,0.00378346534940878,0.000756693069881756,0.911898498766842,0.925418997251006,0.126732599486402,0.00686766975253213,0.00137353395050643,0.114824951025976,0.139362474391316,0.3569,0.0138023152496239,0.00276046304992478,0.333625,0.3797,0.08876,0.00876270803366935,0.00175254160673387,0.072425,0.10075
"III","V-PCA","Hausdorff",10,0.802590352303523,0.0124679129957204,0.00249358259914409,0.784586178861788,0.827366666666667,0.105219512195122,0.0144218052644011,0.00288436105288022,0.0771734417344174,0.126187533875339,0.806261675182688,0.0105693279558499,0.00211386559116999,0.791019368104936,0.825253943500507,0.127036062158234,0.0142068177298678,0.00284136354597357,0.103852580378892,0.149359281207328,0.24456,0.0148206781221373,0.00296413562442747,0.2188,0.271,0.03616,0.0108768868094996,0.00217537736189992,0.0203,0.0587
"IV","V-PCA","Hausdorff",10,0.92174087029877,0.0147513716611996,0.00295027433223992,0.896052799062683,0.947960171060339,0.0612610362038664,0.0147311825893615,0.00294623651787231,0.0371704838898652,0.0933345940246046,0.918810164061983,0.0132955292954913,0.00265910585909827,0.896654125289787,0.943773947901416,0.0701939312101934,0.0155066213963971,0.00310132427927941,0.0438671529049748,0.099427152260194,0.363010666666667,0.032083766057688,0.00641675321153759,0.3196,0.428666666666667,0.0642890666666667,0.0111024273088432,0.00222048546176865,0.0435066666666667,0.083956
"I","C-PCA","Ichino-Yaguchi",10,0.925513016988869,0.00370662936607879,0.000741325873215758,0.918620035149385,0.933448388986526,0.060920726420621,0.00347612192552956,0.000695224385105912,0.0552777973052137,0.0671147041593438,0.920036337934457,0.00365118842541291,0.000730237685082583,0.912795227487061,0.925786388772342,0.0714010594360349,0.00467250423905385,0.00093450084781077,0.0639024053849624,0.0799797053751526,0.351026666666667,0.0132971453355251,0.00265942906710501,0.3302,0.375666666666667,0.06752,0.0119249505007126,0.00238499010014251,0.0474,0.089
"II","C-PCA","Ichino-Yaguchi",10,0.917315162523901,0.00352604815975288,0.000705209631950577,0.910216284257489,0.923285914595284,0.119358215423837,0.00593820792587973,0.00118764158517595,0.109842574888464,0.131831293817718,0.919567684271214,0.00383642809451135,0.000767285618902269,0.912433077464,0.926004577235144,0.126560871951716,0.0070066835232767,0.00140133670465534,0.114657600266881,0.139369851415466,0.3591,0.0136851215589535,0.0027370243117907,0.33685,0.3819,0.094425,0.00841083750288876,0.00168216750057775,0.0807,0.109175
"III","C-PCA","Ichino-Yaguchi",10,0.801687208672087,0.0125577707392977,0.00251155414785953,0.783736314363144,0.82840487804878,0.112418319783198,0.0143416194306738,0.00286832388613477,0.0859214092140921,0.134981571815718,0.804175616129435,0.0106946494329884,0.00213892988659767,0.78918926185876,0.827802830207769,0.136230459795378,0.0142900667185158,0.00285801334370316,0.111856687327002,0.157436653849025,0.24616,0.0181186598106299,0.00362373196212597,0.2085,0.2787,0.03912,0.0106343390329003,0.00212686780658006,0.0184,0.0564
"IV","C-PCA","Ichino-Yaguchi",10,0.910981653895723,0.0162555573375553,0.00325111146751105,0.883504742823667,0.93994208553017,0.0678167864089045,0.0159421079606453,0.00318842159212905,0.041621741066198,0.0983961898066784,0.907181769481395,0.014961990052685,0.002992398010537,0.88354329713504,0.934513165893007,0.0779293674373177,0.017129547000168,0.00342590940003361,0.0486762981975464,0.109294125867019,0.330658666666667,0.0290380586791172,0.00580761173582343,0.28966,0.389149333333333,0.0568466666666667,0.00820637444194946,0.00164127488838989,0.037672,0.0667746666666667
"I","IMDS","Ichino-Yaguchi",10,0.569936051552431,0.0142163799123401,0.00284327598246801,0.543626362038664,0.597221206795547,-0.063139683655536,0.0143627177337354,0.00287254354674709,-0.0872841241944933,-0.0336074985354423,0.572323232537229,0.013646332310101,0.0027292664620202,0.552162359455087,0.599838934558294,-0.083572805055326,0.0159502224668088,0.00319004449336176,-0.106269885841583,-0.0447168972294849,0.0534,0.0055502752684489,0.00111005505368978,0.0414,0.0613333333333333,-0.00334666666666667,0.00491075916285411,0.000982151832570822,-0.0116666666666667,0.00426666666666667
"II","IMDS","Ichino-Yaguchi",10,0.618499091778203,0.0226970502691757,0.00453941005383514,0.579866937539834,0.652150350541746,-0.0157266475462078,0.0181515147169614,0.00363030294339228,-0.0453215423836838,0.012310707456979,0.627871692255306,0.0231100834207294,0.00462201668414589,0.586991406536682,0.660310192627463,-0.0264720641218087,0.0195371500614548,0.00390743001229097,-0.060210957173255,0.00585375434530903,0.05145,0.0062618637401336,0.00125237274802672,0.0399,0.06195,-0.001405,0.00233805697464084,0.000467611394928168,-0.005775,0.002375
"III","IMDS","Ichino-Yaguchi",10,0.50831864498645,0.00714240496366158,0.00142848099273232,0.496530623306233,0.520986991869919,-0.00232791327913279,0.0100836274099887,0.00201672548199774,-0.0204260162601626,0.0130504065040651,0.503017286302288,0.0082928032304554,0.00165856064609108,0.491371062343137,0.516385479921936,-0.00325885537137319,0.0113329881772544,0.00226659763545087,-0.0255256628437022,0.0167183579743242,0.05006,0.00470221578974565,0.000940443157949131,0.0425,0.0589,-0.00056,0.00446355613085949,0.000892711226171898,-0.0079,0.0077
"IV","IMDS","Ichino-Yaguchi",10,0.554015643350908,0.0117361501034216,0.00234723002068433,0.537117949619215,0.578485785588752,-0.0400862734622144,0.0128795745212565,0.0025759149042513,-0.0661360796719391,-0.019584698301113,0.553791976712365,0.0122575017778319,0.00245150035556638,0.535315593912841,0.578531156667423,-0.0522925893731243,0.0167969850697136,0.00335939701394273,-0.0875172146273711,-0.0309673167928671,0.0566802666666667,0.00605881924690502,0.001211763849381,0.0445333333333333,0.0661493333333333,-0.000555466666666668,0.00332670659072013,0.000665341318144026,-0.00522933333333333,0.004456
"I","Int-UMAP","Ichino-Yaguchi",10,0.869968037492677,0.00840359543731991,0.00168071908746398,0.856514235500879,0.882690919742238,0.0270714938488576,0.0087888592274228,0.00175777184548456,0.00781394258933803,0.04159179847686,0.875241763456688,0.00789424418376955,0.00157884883675391,0.861798104897523,0.888223523041621,0.0347650616080246,0.00973785990750225,0.00194757198150045,0.0143716055176644,0.0521836301550406,0.28604,0.0158477478245684,0.00316954956491367,0.2538,0.306266666666667,0.01732,0.00835135828384732,0.00167027165676946,0.0014,0.0332
"II","Int-UMAP","Ichino-Yaguchi",10,0.853836035691523,0.0536598437833619,0.0107319687566724,0.769337555768005,0.923107680050988,0.0245707711918419,0.0140931073561708,0.00281862147123415,-0.00170920968769916,0.0489697259400893,0.909969854102362,0.0346818560116654,0.00693637120233307,0.856766947387662,0.954510286250886,0.0153830081505945,0.00962165134014339,0.00192433026802868,-0.000753552589221601,0.0329399262357293,0.51395,0.0483031335249933,0.00966062670499866,0.4383,0.580525,-0.035235,0.0072485020004136,0.00144970040008272,-0.048225,-0.024975
"III","Int-UMAP","Ichino-Yaguchi",10,0.895086395663957,0.0165306637744718,0.00330613275489435,0.865093766937669,0.91770216802168,0.019739620596206,0.0166576207434108,0.00333152414868216,-0.014330081300813,0.0446970189701897,0.911194899597469,0.0149814479092631,0.00299628958185261,0.883244924053556,0.933058121060773,0.0279803684252024,0.0151677612508297,0.00303355225016593,-0.000623507428580197,0.054241536135352,0.48144,0.0372520469236255,0.00745040938472511,0.4162,0.5413,0.02228,0.0140141892380544,0.00280283784761088,0.00380000000000001,0.0477
"IV","Int-UMAP","Ichino-Yaguchi",10,0.809341336145284,0.0279959598604353,0.00559919197208705,0.754160717047451,0.851685555946104,0.024258123960164,0.029445650421045,0.005889130084209,-0.0172171528998243,0.0861997750439367,0.837448907926089,0.0214000448505536,0.00428000897011072,0.79498540601608,0.870277180619797,0.0250751466327942,0.0253247798085254,0.00506495596170509,-0.00644380521913101,0.0854720070410048,0.323253333333333,0.0272582437411483,0.00545164874822967,0.264933333333333,0.364733333333333,0.00155866666666667,0.011563157969267,0.00231263159385339,-0.0198746666666667,0.0194053333333333
"I","MR-PCA","Ichino-Yaguchi",10,0.717404311657879,0.0050402966428729,0.00100805932857458,0.707517398945519,0.725810896309315,0.25768215582894,0.00885678534530549,0.0017713570690611,0.239211013473931,0.273401523140012,0.726838963020754,0.00727851619872204,0.00145570323974441,0.71536736301443,0.740314964299877,0.279044048006684,0.0122615615676427,0.00245231231352855,0.255104053321519,0.293677019234267,0.13872,0.00799402554689702,0.0015988051093794,0.1256,0.152733333333333,0.0298533333333333,0.00653202934832717,0.00130640586966543,0.0202,0.04
"II","MR-PCA","Ichino-Yaguchi",10,0.914658291905672,0.00279391191783881,0.000558782383567762,0.909658652007648,0.919237253027406,0.122889572976418,0.00543972487603176,0.00108794497520635,0.11457488846399,0.133387284894837,0.917480812486853,0.00299643572346091,0.000599287144692182,0.912001894432767,0.922824855619819,0.129461530173168,0.00581349461858025,0.00116269892371605,0.11911168482753,0.139977694193966,0.350855,0.00863516007861657,0.00172703201572331,0.335825,0.365525,0.093725,0.00631868508868736,0.00126373701773747,0.083775,0.10515
"III","MR-PCA","Ichino-Yaguchi",10,0.51398162601626,0.00741143252945534,0.00148228650589107,0.503153929539296,0.526275067750678,0.00464596205962061,0.00974936385855894,0.00194987277171179,-0.0129864498644986,0.0222655826558266,0.509820265409603,0.00720897242774982,0.00144179448554996,0.499763550800631,0.52292635403344,0.00434849834040502,0.0148224389073709,0.00296448778147419,-0.0185462464266551,0.0328653659237737,0.05078,0.00615778639880707,0.00123155727976141,0.0422,0.0631,-0.00044,0.00419404339510215,0.000838808679020431,-0.008,0.0065
"IV","MR-PCA","Ichino-Yaguchi",10,0.905608214645577,0.0171284990492583,0.00342569980985165,0.877447029876977,0.937809497363796,0.0752892456942004,0.0171904945452194,0.00343809890904388,0.0440143831282952,0.104281546572935,0.902437505340549,0.0152861431854549,0.00305722863709099,0.880799327542896,0.932907194797296,0.0839313302073753,0.0173979364892391,0.00347958729784782,0.0506807552346595,0.111746862170304,0.314148,0.0303222967712124,0.00606445935424249,0.275666666666667,0.378666666666667,0.0573693333333333,0.00998838510656437,0.00199767702131287,0.0361506666666667,0.0732666666666667
"I","SPCA","Ichino-Yaguchi",10,0.925513016988869,0.00370662936607879,0.000741325873215758,0.918620035149385,0.933448388986526,0.060920726420621,0.00347612192552956,0.000695224385105912,0.0552777973052137,0.0671147041593438,0.920036337934457,0.00365118842541291,0.000730237685082583,0.912795227487061,0.925786388772342,0.0714010594360349,0.00467250423905385,0.00093450084781077,0.0639024053849624,0.0799797053751526,0.351026666666667,0.0132971453355251,0.00265942906710501,0.3302,0.375666666666667,0.06752,0.0119249505007126,0.00238499010014251,0.0474,0.089
"II","SPCA","Ichino-Yaguchi",10,0.915037189292543,0.00265392315918241,0.000530784631836481,0.910633253664754,0.919425844486935,0.122218776290631,0.00513515224164951,0.0010270304483299,0.113563607393245,0.131496367112811,0.918096413837364,0.00285889647177702,0.000571779294355404,0.913161872389979,0.923803295683513,0.128365348603095,0.0056001878949491,0.00112003757898982,0.117259585653234,0.137627171161802,0.35075,0.00821472889591211,0.00164294577918242,0.3362,0.36355,0.093075,0.00673522688927404,0.00134704537785481,0.08465,0.106575
"III","SPCA","Ichino-Yaguchi",10,0.801687208672087,0.0125577707392977,0.00251155414785953,0.783736314363144,0.82840487804878,0.112418319783198,0.0143416194306738,0.00286832388613477,0.0859214092140921,0.134981571815718,0.804175616129435,0.0106946494329884,0.00213892988659767,0.78918926185876,0.827802830207769,0.136230459795378,0.0142900667185158,0.00285801334370316,0.111856687327002,0.157436653849025,0.24616,0.0181186598106299,0.00362373196212597,0.2085,0.2787,0.03912,0.0106343390329003,0.00212686780658006,0.0184,0.0564
"IV","SPCA","Ichino-Yaguchi",10,0.910981952431166,0.0162547348266311,0.00325094696532621,0.883507257176333,0.939942404217926,0.0678159775043937,0.0159395860356611,0.00318791720713223,0.0416203632103105,0.0983819144698302,0.907182494189068,0.014960608723884,0.00299212174477679,0.883552848759174,0.934514166580312,0.0779270255841291,0.0171260408851863,0.00342520817703726,0.0486760773263955,0.109282400530685,0.330664533333333,0.0290323472035617,0.00580646944071234,0.289672,0.389146666666667,0.0568368,0.00823489798897891,0.00164697959779578,0.0375986666666667,0.066716
"I","V-PCA","Ichino-Yaguchi",10,0.925449162272994,0.00388395562466591,0.000776791124933183,0.917375981253661,0.933532747510252,0.0611458230814294,0.00375941634550245,0.000751883269100489,0.0555824253075571,0.069157352079672,0.919917675172705,0.00369640307801903,0.000739280615603806,0.912533833713831,0.925761400758354,0.0716683794190311,0.00455388801912916,0.000910777603825831,0.0646426866597798,0.0801177225180282,0.351213333333333,0.0134766189847179,0.00269532379694357,0.329466666666667,0.375533333333333,0.0673866666666667,0.0106643573889156,0.00213287147778312,0.05,0.0872
"II","V-PCA","Ichino-Yaguchi",10,0.91730770235819,0.00353732333617729,0.000707464667235457,0.910189770554493,0.923258110261313,0.119377635436584,0.00596597870035447,0.00119319574007089,0.109769885277246,0.131884448693435,0.919561622956402,0.00385181493423536,0.000770362986847073,0.912405570337752,0.926065330272489,0.126575774436131,0.00703538499342574,0.00140707699868515,0.114677311085146,0.1394255390981,0.35909,0.0137208270067806,0.00274416540135612,0.336925,0.38195,0.094375,0.00826702788189322,0.00165340557637865,0.080925,0.10905
"III","V-PCA","Ichino-Yaguchi",10,0.801551653116531,0.0119124678573329,0.00238249357146658,0.78490460704607,0.82500108401084,0.112379837398374,0.0138745994017744,0.00277491988035487,0.0914065040650406,0.134675880758807,0.80404279773455,0.0104864870178789,0.00209729740357579,0.787752858152599,0.824711518991669,0.136026853132996,0.013251430825557,0.00265028616511141,0.116984453464008,0.156901075998077,0.24428,0.0170233173422025,0.00340466346844051,0.2132,0.2763,0.03876,0.00927712239867514,0.00185542447973503,0.0214,0.0537
"IV","V-PCA","Ichino-Yaguchi",10,0.910912923257176,0.0163024134947193,0.00326048269894386,0.883516684241359,0.939935226713533,0.0678893966022261,0.0159872716344498,0.00319745432688995,0.0416305846514352,0.0983275172817809,0.907101979425663,0.0151389253692257,0.00302778507384513,0.883113028481036,0.934618413854924,0.0780168261838672,0.0174606429663926,0.00349212859327853,0.0484911543861281,0.110035092420864,0.330574933333333,0.0294225649283499,0.00588451298566998,0.28976,0.389988,0.0563658666666667,0.00872458474444274,0.00174491694888855,0.03644,0.0683573333333333
"I","C-PCA","Int-Euclidean",10,0.930441827768014,0.00493762191251862,0.000987524382503725,0.920650966608084,0.939106151142355,0.054209021675454,0.00494396097495903,0.000988792194991805,0.0455737551259519,0.0626699472759226,0.923974854966569,0.00465583275595403,0.000931166551190807,0.914822085825525,0.931845698921512,0.0638606992523461,0.00585332376965189,0.00117066475393038,0.053875826297932,0.0729626274382112,0.34512,0.0135878077156883,0.00271756154313767,0.319333333333333,0.3716,0.0639466666666667,0.0097949722552686,0.00195899445105372,0.0478,0.0814666666666667
"II","C-PCA","Int-Euclidean",10,0.917666851497769,0.00349896898151465,0.000699793796302929,0.910456389420013,0.923429445506692,0.119850414276609,0.00588464156120163,0.00117692831224033,0.110673581899299,0.132631835564054,0.919830465412304,0.003793153602241,0.0007586307204482,0.912988531557218,0.926091316060767,0.127148861881739,0.00697405501738736,0.00139481100347747,0.115707248573428,0.13947244463756,0.36064,0.0139650941338276,0.00279301882676552,0.338775,0.384725,0.103925,0.00834103810485641,0.00166820762097128,0.0902,0.1181
"III","C-PCA","Int-Euclidean",10,0.995371707317073,0.00334262674896412,0.000668525349792824,0.98820054200542,0.999133062330624,0.000257127371273711,0.00225199533188052,0.000450399066376105,-0.00399999999999996,0.00470948509485092,0.992437536989396,0.00466867794795242,0.000933735589590483,0.982468847968261,0.99720814119082,0.00055109898889254,0.0019004986069055,0.0003800997213811,-0.00200726635365666,0.00479902398929374,0.82924,0.0743152238777493,0.0148630447755499,0.6966,0.9338,0.02714,0.0630151304582214,0.0126030260916443,-0.0829,0.158
"IV","C-PCA","Int-Euclidean",10,0.926789916344464,0.0140064545516156,0.00280129091032312,0.899622849443468,0.952398444053896,0.0416214139425893,0.0137146913413302,0.00274293826826603,0.0220534083186878,0.0745429876977153,0.917596921324017,0.0148801544221124,0.00297603088442249,0.890912000353708,0.945476920730205,0.0575627748436676,0.0182791219929677,0.00365582439859355,0.0289024093703211,0.0964463425599911,0.3591936,0.0331774073329025,0.0066354814665805,0.306666666666667,0.424133333333333,0.0539592,0.00838563174147922,0.00167712634829584,0.039112,0.0651986666666667
"I","IMDS","Int-Euclidean",10,0.515974434680726,0.0340993334327501,0.00681986668655002,0.453825659050966,0.572327592267135,-0.0597703104862332,0.0258170362726325,0.0051634072545265,-0.114482249560633,-0.0274474516695958,0.504462916775857,0.0324555537479195,0.00649111074958389,0.44725535417418,0.559023223157206,-0.0549257757670856,0.0262995422291958,0.00525990844583915,-0.113537381542662,-0.0184691046437564,0.0328666666666667,0.00615539510420646,0.00123107902084129,0.0230666666666667,0.044,-0.00156,0.00249577420631132,0.000499154841262264,-0.00613333333333333,0.00306666666666666
"II","IMDS","Int-Euclidean",10,0.574771644359465,0.0176114138970377,0.00352228277940753,0.543691539196941,0.60043701402167,-0.0594296622052262,0.0217182048883019,0.00434364097766038,-0.0876996494582537,-0.0163719247928617,0.580746013071795,0.0175574479220847,0.00351148958441693,0.550343927191241,0.606715711743581,-0.0699247316643184,0.0228594383929863,0.00457188767859726,-0.102255643208096,-0.0268015125437133,0.038625,0.00525074399490206,0.00105014879898041,0.02765,0.047,-0.00209,0.00241375183410944,0.000482750366821887,-0.00625,0.00135
"III","IMDS","Int-Euclidean",10,0.509357777777778,0.0458522040420122,0.00917044080840244,0.430322764227642,0.598567208672087,0.00155783197831979,0.0790802838949819,0.0158160567789964,-0.149391327913279,0.153854200542005,0.499493994617568,0.0545699115602655,0.0109139823120531,0.416050173006759,0.615430996852456,0.000815695295988439,0.0981175608875139,0.0196235121775028,-0.156520729761279,0.161276641959389,0.05396,0.021268580112457,0.00425371602249139,0.0214,0.0943,-0.0022,0.011060440015358,0.00221208800307161,-0.0299,0.0126
"IV","IMDS","Int-Euclidean",10,0.529846025073228,0.0114315486914445,0.0022863097382889,0.512196229642648,0.549931411833626,-0.0262080168717048,0.0156774895366672,0.00313549790733345,-0.0514150673696544,0.00331346221441124,0.532413629166684,0.0112778233660677,0.00225556467321354,0.514101759339302,0.552696342131672,-0.0458335664559309,0.0192983328991756,0.00385966657983512,-0.0766874263748758,-0.0157233612170266,0.0513973333333333,0.00618947403976209,0.00123789480795242,0.0425333333333333,0.0618,-0.00188693333333333,0.00360053930116854,0.000720107860233708,-0.00892533333333333,0.00486666666666666
"I","Int-UMAP","Int-Euclidean",10,0.777067369654364,0.0123844063846539,0.00247688127693077,0.760317750439368,0.800760632688928,-0.0863213591095489,0.0241631723266755,0.00483263446533509,-0.124797188049209,-0.0452590509666081,0.776439361495203,0.0111156574489227,0.00222313148978455,0.76074740794336,0.798931752423262,-0.0732430837525559,0.0287168626166387,0.00574337252332773,-0.118229428618406,-0.0235058401008437,0.166826666666667,0.0112793321315285,0.0022558664263057,0.144666666666667,0.1854,0.00761333333333334,0.00677596514923917,0.00135519302984783,-0.0024,0.0176666666666667
"II","Int-UMAP","Int-Euclidean",10,0.853557319949012,0.0541253169120698,0.010825063382414,0.768663782664117,0.923157154238368,0.0254908922880816,0.0141234645739087,0.00282469291478175,-0.0020113129381772,0.0492275015933716,0.909023544119953,0.0354611985082307,0.00709223970164614,0.855245149426429,0.954345858110359,0.0179302433936034,0.00958106279459652,0.0019162125589193,-0.000141376827281672,0.035321778653962,0.513925,0.0495942521241121,0.00991885042482242,0.436575,0.5825,-0.02741,0.00725839313025502,0.001451678626051,-0.0396,-0.016975
"III","Int-UMAP","Int-Euclidean",10,0.492207262872629,0.17555814653901,0.0351116293078021,0.197934146341464,0.768224661246612,-0.0027492682926829,0.0975850539051507,0.0195170107810301,-0.175510569105691,0.184178861788618,0.475983691383014,0.179494178886437,0.0358988357772875,0.189347266674621,0.770626385990325,-0.00523410399663402,0.0930345465074672,0.0186069093014934,-0.155544330409069,0.157839432702499,0.04704,0.0612530475432311,0.0122506095086462,0,0.2007,-0.00334,0.02430308622377,0.004860617244754,-0.0496,0.0473
"IV","Int-UMAP","Int-Euclidean",10,0.783064755946104,0.0358042454234599,0.00716084908469197,0.724468681898067,0.843447154071471,0.0442484817809022,0.038549869822024,0.0077099739644048,-0.0118591025190392,0.113393776215583,0.79557737329254,0.0351984195732036,0.00703968391464073,0.734918017861346,0.851402716261353,0.060200250120858,0.0410735140024052,0.00821470280048104,0.0028210687116653,0.130181724570273,0.28348,0.0373091538762668,0.00746183077525337,0.2158,0.336133333333333,0.0178005333333333,0.00947119608387764,0.00189423921677553,0.00540000000000001,0.0380413333333333
"I","MR-PCA","Int-Euclidean",10,0.733418699472759,0.00492549287997366,0.000985098575994732,0.724769654364382,0.741515875805507,0.221230275336848,0.00513350899390647,0.00102670179878129,0.212373989455184,0.229259050966608,0.741336295179359,0.00387334955461772,0.000774669910923544,0.733276211139876,0.747239504544399,0.246433938736319,0.00617179231883537,0.00123435846376707,0.23395352267471,0.254868873566649,0.137306666666667,0.00608574533613569,0.00121714906722714,0.1282,0.1486,0.02832,0.00537439057699327,0.00107487811539865,0.0192,0.0383333333333333
"II","MR-PCA","Int-Euclidean",10,0.915183017845762,0.00282476802080396,0.000564953604160791,0.910270219885277,0.919729365838113,0.123501395793499,0.00544685123595463,0.00108937024719093,0.115237858508604,0.133762938177183,0.91818691012595,0.00308395903234541,0.000616791806469083,0.912699520248198,0.923725820723258,0.129656618125106,0.00598854067441429,0.00119770813488286,0.119046666490952,0.14008559727837,0.354785,0.00870842204898989,0.00174168440979798,0.34025,0.370225,0.105985,0.00607797852222815,0.00121559570444563,0.094925,0.114925
"III","MR-PCA","Int-Euclidean",10,0.537616043360434,0.0208385542252591,0.00416771084505181,0.510894850948509,0.582544715447154,0.00829376693766936,0.0385131752798072,0.00770263505596144,-0.0484628726287263,0.0743924119241193,0.527645103654039,0.0336495219288628,0.00672990438577257,0.481049770056957,0.590280602031425,0.00160992379887814,0.0617914239507738,0.0123582847901548,-0.0974205574871564,0.106156179156715,0.05748,0.00512241804879948,0.0010244836097599,0.0504,0.0669,0.00154,0.00542931855760923,0.00108586371152185,-0.0082,0.0104
"IV","MR-PCA","Int-Euclidean",10,0.903235360281195,0.0170464913645845,0.00340929827291691,0.874024803749268,0.934118033977739,0.0785811008787346,0.0176589280281283,0.00353178560562565,0.0495980831868776,0.113442310486233,0.89737954266813,0.0155226362918849,0.00310452725837698,0.871198842247195,0.92596201231746,0.0912290777533324,0.0183223007656489,0.00366446015312978,0.0607330616411848,0.125185032681936,0.3048592,0.0294829106382614,0.00589658212765228,0.262533333333333,0.363266666666667,0.0595434666666667,0.0105349299282241,0.00210698598564483,0.0354693333333333,0.076004
"I","SPCA","Int-Euclidean",10,0.930441827768014,0.00493762191251862,0.000987524382503725,0.920650966608084,0.939106151142355,0.054209021675454,0.00494396097495903,0.000988792194991805,0.0455737551259519,0.0626699472759226,0.923974854966569,0.00465583275595403,0.000931166551190807,0.914822085825525,0.931845698921512,0.0638606992523461,0.00585332376965189,0.00117066475393038,0.053875826297932,0.0729626274382112,0.34512,0.0135878077156883,0.00271756154313767,0.319333333333333,0.3716,0.0639466666666667,0.0097949722552686,0.00195899445105372,0.0478,0.0814666666666667
"II","SPCA","Int-Euclidean",10,0.915359391332059,0.00267517858079026,0.000535035716158053,0.910901784576163,0.919831134480561,0.122677495219885,0.0051591514730436,0.00103183029460872,0.113944391332058,0.131755831739962,0.918551741377748,0.00293107630725062,0.000586215261450125,0.913522127937738,0.924242289694037,0.128485776464525,0.00575113377182507,0.00115022675436501,0.117556605279181,0.138197168573852,0.35201,0.00839262138726632,0.00167852427745326,0.337975,0.365625,0.101095,0.0067484836259711,0.00134969672519422,0.091625,0.114
"III","SPCA","Int-Euclidean",10,0.995371707317073,0.00334262674896412,0.000668525349792824,0.98820054200542,0.999133062330624,0.000257127371273711,0.00225199533188052,0.000450399066376105,-0.00399999999999996,0.00470948509485092,0.992437536989396,0.00466867794795242,0.000933735589590483,0.982468847968261,0.99720814119082,0.00055109898889254,0.0019004986069055,0.0003800997213811,-0.00200726635365666,0.00479902398929374,0.82924,0.0743152238777493,0.0148630447755499,0.6966,0.9338,0.02714,0.0630151304582214,0.0126030260916443,-0.0829,0.158
"IV","SPCA","Int-Euclidean",10,0.926789873227885,0.0140064009954013,0.00280128019908027,0.899622715875805,0.95239815582894,0.0416214495606327,0.0137145873635406,0.00274291747270812,0.0220537176332747,0.0745426502636204,0.917596843692425,0.0148801072326451,0.00297602144652903,0.890911837531239,0.945476982334391,0.0575627517838548,0.0182791700650269,0.00365583401300537,0.0289030824476426,0.0964463002623798,0.359192266666667,0.0331730434785479,0.00663460869570959,0.306666666666667,0.424114666666667,0.0539410666666667,0.00837548952245424,0.00167509790449085,0.0390906666666667,0.0651746666666667
"I","V-PCA","Int-Euclidean",10,0.930309408318688,0.00490657260691911,0.000981314521383822,0.920938371411834,0.939307088459285,0.0544785471587581,0.00490252227336549,0.000980504454673097,0.045134856473345,0.0619409490333919,0.923844464596399,0.00467485212394288,0.000934970424788576,0.914899641425193,0.931893697315088,0.0641188697977523,0.00607285161981816,0.00121457032396363,0.0536788851066874,0.0740835899790646,0.345013333333333,0.0127839888286235,0.0025567977657247,0.320866666666667,0.370266666666667,0.0632533333333333,0.00943362779281297,0.00188672555856259,0.0473333333333333,0.0795333333333333
"II","V-PCA","Int-Euclidean",10,0.917674811982154,0.0035120464967379,0.00070240929934758,0.910457345442958,0.923485006373487,0.119839094964946,0.00590755925955783,0.00118151185191157,0.110511249203315,0.132631198215424,0.919828804023044,0.00380406719710169,0.000760813439420338,0.912985683361422,0.926079834993835,0.127155250417919,0.0069886748161472,0.00139773496322944,0.115665763357587,0.139478967484456,0.36064,0.0139718056874073,0.00279436113748146,0.338775,0.3847,0.104015,0.00832973776598039,0.00166594755319608,0.0901,0.1181
"III","V-PCA","Int-Euclidean",10,0.995088888888889,0.00385077948666818,0.000770155897333636,0.985814092140922,0.999173983739837,0.000247371273712731,0.00227424906973974,0.000454849813947949,-0.00390406504065046,0.00468997289972894,0.992536315092092,0.00423207029749068,0.000846414059498137,0.983627218404375,0.997160691845622,0.000272836438663364,0.00120420440408149,0.000240840880816297,-0.00211814278866382,0.00216171509390649,0.82552,0.0833619717457147,0.0166723943491429,0.6578,0.9346,0.02352,0.057181815291227,0.0114363630582454,-0.0941,0.1361
"IV","V-PCA","Int-Euclidean",10,0.926725250380785,0.0140401785369038,0.00280803570738077,0.899674912712361,0.952474781487991,0.0416948105448155,0.0136739010669318,0.00273478021338636,0.0221201734036321,0.0744558734622144,0.917530169819567,0.0148998355609076,0.00297996711218151,0.891018832569345,0.945587579448876,0.0576659194518505,0.0182784298728314,0.00365568597456628,0.0287867908759852,0.0961237850160038,0.359353866666667,0.0332592735004506,0.00665185470009012,0.307333333333333,0.425325333333333,0.0544485333333333,0.008810383713845,0.001762076742769,0.0383533333333333,0.0668773333333333
"I","C-PCA","Wasserstein",10,0.920880421792619,0.00381518562613647,0.000763037125227293,0.912881546572935,0.929190275336848,0.0595684592852958,0.0026558602964411,0.000531172059288221,0.0547521968365554,0.0633002929115407,0.916125306796618,0.00376936058786075,0.000753872117572149,0.90813773819848,0.921907527246205,0.0717841257150349,0.00448864978935539,0.000897729957871079,0.0639512033065581,0.0800570529562963,0.334013333333333,0.0119239410586589,0.00238478821173177,0.315533333333333,0.3576,0.0704133333333333,0.0101854471346786,0.00203708942693573,0.0528666666666667,0.0864666666666667
"II","C-PCA","Wasserstein",10,0.917285137029956,0.00351738681045275,0.00070347736209055,0.910173295092416,0.923196462715105,0.119394034416826,0.00592246537714986,0.00118449307542997,0.109979254302104,0.131905289993626,0.919563927264598,0.00382894765569662,0.000765789531139323,0.912439703927015,0.925966637869958,0.126535402934705,0.00699486429317588,0.00139897285863518,0.114653160319364,0.139332905263776,0.359005,0.0136702935990173,0.00273405871980346,0.33685,0.381825,0.09392,0.00868359324627004,0.00173671864925401,0.0797,0.1083
"III","C-PCA","Wasserstein",10,0.802863631436314,0.0134272674849766,0.00268545349699533,0.785136314363144,0.830059349593496,0.110445311653117,0.0141103163859927,0.00282206327719855,0.0828195121951219,0.129043360433604,0.806215531394848,0.0109206446440435,0.00218412892880869,0.792498152361774,0.828052675482022,0.133912587593612,0.0145716274032679,0.00291432548065357,0.107308108326862,0.153000302125133,0.24784,0.0154412326796363,0.00308824653592725,0.2196,0.2749,0.04172,0.0116646545883994,0.00233293091767988,0.021,0.0583
"IV","C-PCA","Wasserstein",10,0.90996865049795,0.0162883717483765,0.0032576743496753,0.882873935559461,0.939696707674283,0.0698678476859988,0.0160493367764873,0.00320986735529745,0.0426241780902168,0.100781136496778,0.906819487454641,0.0146459307924678,0.00292918615849357,0.883868051864314,0.934487668146131,0.0789370485681034,0.0164298291205991,0.00328596582411981,0.0500709323390201,0.107220206738173,0.326059466666667,0.0300268349067716,0.00600536698135432,0.287194666666667,0.388466666666667,0.0574210666666667,0.00864357472345788,0.00172871494469158,0.0384253333333333,0.067664
"I","IMDS","Wasserstein",10,0.563968599882835,0.0143484750855922,0.00286969501711844,0.534251552431165,0.589585237258348,-0.070187885178676,0.0164518989158038,0.00329037978316077,-0.0959193907439953,-0.0342919742237845,0.568098328283319,0.0132677827642628,0.00265355655285255,0.544991006230884,0.592698029872688,-0.0901749724701685,0.017493987903205,0.003498797580641,-0.113312892865241,-0.0436169843209301,0.0509733333333333,0.00473650128728415,0.00094730025745683,0.0408666666666667,0.0574666666666667,-0.00222666666666667,0.00537373585478828,0.00107474717095766,-0.0100666666666667,0.00846666666666667
"II","IMDS","Wasserstein",10,0.61015316762269,0.0219248875973445,0.0043849775194689,0.573408460803059,0.644096622052263,-0.0369489611217336,0.0200110056216287,0.00400220112432575,-0.0699587635436585,-0.00646593371574256,0.619249888242157,0.0223974793684227,0.00447949587368455,0.579659263690506,0.651943686718251,-0.0486297768033299,0.0209830140969976,0.00419660281939952,-0.0820206574162358,-0.0131885313098528,0.051875,0.00666692707824727,0.00133338541564945,0.039125,0.06355,-0.00131,0.00218902327915138,0.000437804655830276,-0.00525,0.002175
"III","IMDS","Wasserstein",10,0.509179891598916,0.00636646116094025,0.00127329223218805,0.498719783197832,0.520882926829268,-0.00380975609756098,0.0102295714509037,0.00204591429018074,-0.0219116531165312,0.0126471544715447,0.503244055217031,0.00741065954446189,0.00148213190889238,0.493217726511864,0.515616857186915,-0.00317097993903073,0.0133831955120701,0.00267663910241401,-0.0318719687185359,0.0191931256414926,0.05068,0.00586458296329188,0.00117291659265838,0.0423,0.0615,0.00018,0.0046365396579777,0.000927307931595541,-0.0075,0.009
"IV","IMDS","Wasserstein",10,0.551504726889279,0.0119608207371084,0.00239216414742169,0.535055292325717,0.575958844756883,-0.0428897002929115,0.0153204124656351,0.00306408249312703,-0.0769354797891037,-0.0191621839484476,0.550837471582904,0.0126226303587605,0.0025245260717521,0.531749007717871,0.575395144737139,-0.0546911295098761,0.0190238956481314,0.00380477912962628,-0.0983184518325049,-0.0315745491440306,0.0566453333333333,0.00614296315277052,0.0012285926305541,0.0458666666666667,0.0658,2.05333333333321e-05,0.00431481767350088,0.000862963534700175,-0.0068,0.00812533333333331
"I","Int-UMAP","Wasserstein",10,0.853828072642062,0.008841353350246,0.0017682706700492,0.838836789689514,0.867191329818395,0.00967493848857646,0.00801423462880081,0.00160284692576016,-0.0071887521968365,0.0266190978324546,0.862372450518074,0.00773306176942715,0.00154661235388543,0.849161940808214,0.875817972278423,0.0212469265224845,0.00886394302844733,0.00177278860568947,0.00436149904134932,0.0374510362009032,0.264493333333333,0.0157647990437204,0.00315295980874408,0.233466666666667,0.289,0.0167066666666667,0.00817761171328972,0.00163552234265794,0.00393333333333334,0.0313333333333333
"II","Int-UMAP","Wasserstein",10,0.853236105799873,0.0541034010411632,0.0108206802082326,0.768366857871256,0.923045108349267,0.0245801147227533,0.0141153567848495,0.0028230713569699,-0.00161112173358833,0.0493366475462077,0.909249200353954,0.0350930892434316,0.00701861784868632,0.855503457929425,0.954249168938587,0.0155543538388759,0.00971736867063405,0.00194347373412681,-0.000316772709522924,0.0330267044265215,0.512575,0.0485334801752014,0.00970669603504028,0.4367,0.579975,-0.034325,0.00749140132084779,0.00149828026416956,-0.04675,-0.02225
"III","Int-UMAP","Wasserstein",10,0.885876151761518,0.015283458644933,0.0030566917289866,0.85779891598916,0.905324390243902,0.0215756097560975,0.0160479703651163,0.00320959407302327,-0.00499457994579941,0.0468054200542005,0.903774961501722,0.0141820894235393,0.00283641788470786,0.875675970446161,0.924047759145565,0.0288779489820197,0.0150295363547482,0.00300590727094965,0.00391841574790624,0.0535800809527897,0.46194,0.0350681835856949,0.00701363671713897,0.3977,0.51,0.02004,0.0127172127449375,0.00254344254898749,-0.0019,0.0429
"IV","Int-UMAP","Wasserstein",10,0.803629914938489,0.0292104192263278,0.00584208384526556,0.748284028119508,0.85049152665495,0.0290323543057996,0.0299670986888616,0.00599341973777233,-0.0116086373755126,0.092572517867604,0.830879623971901,0.0228766573274563,0.00457533146549126,0.785805302691514,0.865918391585428,0.0285932334383865,0.0262745233102341,0.00525490466204681,-0.00366915007930036,0.0901594335878221,0.312330666666667,0.0268941344975139,0.00537882689950278,0.252666666666667,0.350533333333333,0.000138133333333326,0.0133857137111009,0.00267714274222019,-0.0250066666666667,0.0197786666666666
"I","MR-PCA","Wasserstein",10,0.745157797305214,0.00503410369763136,0.00100682073952627,0.736502753368482,0.753510017574692,0.229783573520797,0.00624671184351349,0.0012493423687027,0.214816871704745,0.239039015817223,0.751318037478029,0.00611551980925906,0.00122310396185181,0.74012131087593,0.762471433069541,0.248697124692751,0.00894004264372663,0.00178800852874533,0.230654178493403,0.261556845321571,0.155426666666667,0.00876256769403762,0.00175251353880752,0.14,0.1708,0.03016,0.00680966089328107,0.00136193217865621,0.0193333333333333,0.0418
"II","MR-PCA","Wasserstein",10,0.914696319311664,0.0027810472067223,0.000556209441344459,0.909673725302741,0.919214786488209,0.122872421924793,0.00541049390343883,0.00108209878068777,0.114662332695984,0.133423550031867,0.9175557894819,0.00301908368209803,0.000603816736419605,0.912107939911948,0.922827107878988,0.129420742236873,0.00587192551927026,0.00117438510385405,0.119158586699162,0.139694482572788,0.35143,0.00856121340698852,0.0017122426813977,0.3366,0.36545,0.093765,0.00619899185351941,0.00123979837070388,0.083275,0.105375
"III","MR-PCA","Wasserstein",10,0.53948406504065,0.00780705096573263,0.00156141019314653,0.526292953929539,0.552012195121952,0.0270420596205962,0.0106828189558497,0.00213656379116995,0.00829376693766936,0.0450883468834688,0.542197760855049,0.00810473326746118,0.00162094665349224,0.528809077848506,0.556878959461506,0.0428190930524477,0.0131609663724027,0.00263219327448053,0.0228848289225157,0.0690536143027294,0.05868,0.00563264295572395,0.00112652859114479,0.0504,0.0694,0.00154,0.00531099488482776,0.00106219897696555,-0.0066,0.0114
"IV","MR-PCA","Wasserstein",10,0.90544904745167,0.0172900874243954,0.00345801748487908,0.876971693028705,0.938129345049795,0.0758197980082016,0.0173835459192233,0.00347670918384467,0.0437755125951963,0.105375854715876,0.901847443010831,0.0153159309287779,0.00306318618575559,0.880001746888895,0.932168600873555,0.0852242284685093,0.0172862010209544,0.00345724020419089,0.0524616539575793,0.112654156742801,0.3144848,0.0308259666587187,0.00616519333174375,0.275466666666667,0.379933333333333,0.0585984,0.0105819250646597,0.00211638501293195,0.0345946666666667,0.0721933333333333
"I","SPCA","Wasserstein",10,0.920880421792619,0.00381518562613647,0.000763037125227293,0.912881546572935,0.929190275336848,0.0595684592852958,0.0026558602964411,0.000531172059288221,0.0547521968365554,0.0633002929115407,0.916125306796618,0.00376936058786075,0.000753872117572149,0.90813773819848,0.921907527246205,0.0717841257150349,0.00448864978935539,0.000897729957871079,0.0639512033065581,0.0800570529562963,0.334013333333333,0.0119239410586589,0.00238478821173177,0.315533333333333,0.3576,0.0704133333333333,0.0101854471346786,0.00203708942693573,0.0528666666666667,0.0864666666666667
"II","SPCA","Wasserstein",10,0.915037383683875,0.00265141228075617,0.000530282456151234,0.910644502868069,0.91940119502868,0.122197571701721,0.00513889813554643,0.00102777962710929,0.113537061822817,0.13160086042065,0.918114838702606,0.00287179654293771,0.000574359308587543,0.913167877838664,0.923852450859219,0.128301043752743,0.00562685059674285,0.00112537011934857,0.117142859311871,0.137595584217493,0.35077,0.00818620218721722,0.00163724043744344,0.336175,0.3637,0.092635,0.00684433692308223,0.00136886738461645,0.08395,0.106275
"III","SPCA","Wasserstein",10,0.802863631436314,0.0134272674849766,0.00268545349699533,0.785136314363144,0.830059349593496,0.110445311653117,0.0141103163859927,0.00282206327719855,0.0828195121951219,0.129043360433604,0.806215531394848,0.0109206446440435,0.00218412892880869,0.792498152361774,0.828052675482022,0.133912587593612,0.0145716274032679,0.00291432548065357,0.107308108326862,0.153000302125133,0.24784,0.0154412326796363,0.00308824653592725,0.2196,0.2749,0.04172,0.0116646545883994,0.00233293091767988,0.021,0.0583
"IV","SPCA","Wasserstein",10,0.909968608787346,0.0162883741702265,0.0032576748340453,0.882873682483889,0.939696522554188,0.0698678973637961,0.0160492581741103,0.00320985163482205,0.0426242952548331,0.100781052138254,0.906819269375083,0.0146459025857465,0.00292918051714929,0.883867679260922,0.934487687418933,0.078937207510835,0.0164299536731973,0.00328599073463945,0.0500713173099198,0.107220691650075,0.3260608,0.0300250051543462,0.00600500103086924,0.287208,0.388466666666667,0.0574173333333333,0.00867071059499867,0.00173414211899973,0.038376,0.067668
"I","V-PCA","Wasserstein",10,0.920792688927944,0.0040136804241354,0.000802736084827079,0.911700761570006,0.929144698301113,0.0598148799062683,0.00290477081117774,0.000580954162235548,0.0550626830697129,0.0644096074985354,0.916095278685716,0.00380293301792988,0.000760586603585977,0.907997422412545,0.921944210813801,0.0718549492826278,0.00437912315001738,0.000875824630003476,0.06464849459835,0.0802757487400295,0.33376,0.0119150231966949,0.00238300463933898,0.314933333333333,0.3568,0.0694133333333333,0.0087253780561201,0.00174507561122402,0.0540666666666667,0.0834
"II","V-PCA","Wasserstein",10,0.917293384321224,0.00353801726006158,0.000707603452012317,0.910190822179733,0.923223836838751,0.119382460165711,0.00596156467124968,0.00119231293424994,0.109814563416189,0.131871383046526,0.91957006694723,0.00382787920884573,0.000765575841769145,0.912441646723922,0.926014099490411,0.126526317701054,0.00698394561788365,0.00139678912357673,0.114680686467134,0.139329684826165,0.35905,0.0136648880956511,0.00273297761913022,0.337025,0.38195,0.09388,0.00859516882227064,0.00171903376445413,0.079825,0.108425
"III","V-PCA","Wasserstein",10,0.803045203252033,0.0123615812157494,0.00247231624314989,0.784958807588076,0.826342005420054,0.109752195121951,0.0130993197415593,0.00261986394831186,0.0876146341463415,0.129947425474255,0.806360655353371,0.0108655249280763,0.00217310498561525,0.790676157442779,0.825250082159895,0.132902516569784,0.0145832843887674,0.00291665687775348,0.109914640928117,0.154089904903847,0.24714,0.0152113718425832,0.00304227436851664,0.2229,0.2773,0.04226,0.0116905588688765,0.0023381117737753,0.0252,0.0643
"IV","V-PCA","Wasserstein",10,0.909919955008787,0.016354726902316,0.0032709453804632,0.882794233157587,0.939699219683655,0.0699154202694786,0.0161294881062683,0.00322589762125367,0.0426691974223785,0.100896093731693,0.90673506502874,0.0148362012564286,0.00296724025128572,0.883296256627616,0.934825688712485,0.0790546955657359,0.0167612319835386,0.00335224639670772,0.0493956288599526,0.108180327907811,0.326260266666667,0.0295934888033763,0.00591869776067525,0.287536,0.387733333333333,0.057724,0.00864290567566941,0.00172858113513388,0.03914,0.0692106666666667
"I","C-PCA","Centers-Euclidean",20,0.833546431663574,0.0065689584211499,0.00131379168422998,0.821933024118738,0.84539449598021,0.118681682127396,0.00453250483762677,0.000906500967525353,0.110017934446506,0.126353246753247,0.8288369541928,0.00614537720623545,0.00122907544124709,0.81807288925984,0.8390057584143,0.145393605487272,0.0075800606252391,0.00151601212504782,0.135474003297433,0.158321583609802,0.3004,0.0110479803751803,0.00220959607503606,0.281566666666667,0.317333333333333,0.0626133333333333,0.00512024847487351,0.0010240496949747,0.0536,0.0710666666666667
"II","C-PCA","Centers-Euclidean",20,0.907793741065627,0.00337227983609282,0.000674455967218565,0.901894143924626,0.913415391487979,0.102717988953866,0.00455768807364647,0.000911537614729293,0.0958639863547759,0.110066487979207,0.913746310763307,0.003647098789678,0.0007294197579356,0.907129464129424,0.919930292590509,0.119382636040566,0.00617219421456711,0.00123443884291342,0.108882520954621,0.130352683221784,0.3789825,0.0100488960836502,0.00200977921673004,0.3646,0.3989,0.1101325,0.00728653063164036,0.00145730612632807,0.098525,0.1225
"III","C-PCA","Centers-Euclidean",20,0.835924306784661,0.00763482900266814,0.00152696580053363,0.822933333333334,0.849887168141593,0.104459115044248,0.00508171030086487,0.00101634206017297,0.0964176991150442,0.113687315634219,0.823330532546042,0.00742230816127336,0.00148446163225467,0.811091220205413,0.833809632356988,0.133531811210496,0.00908215979139102,0.0018164319582782,0.118600761450517,0.146396989767569,0.36786,0.0112412187951307,0.00224824375902614,0.35415,0.39245,0.07292,0.0103962433118892,0.00207924866237783,0.05435,0.0902
"IV","C-PCA","Centers-Euclidean",20,0.908002403463203,0.0187234441203346,0.00374468882406692,0.87540359554731,0.940723461966605,0.0629559896103896,0.0162548221640532,0.00325096443281065,0.0370118911564626,0.092768195423624,0.896070015760908,0.0163620276016067,0.00327240552032135,0.870527810891281,0.92720631478367,0.0813506351873327,0.0172262873947292,0.00344525747894584,0.0502651169326031,0.112577601691312,0.422853333333333,0.0385137757942003,0.00770275515884005,0.363266666666667,0.493233333333333,0.0827094666666667,0.0115850020652502,0.00231700041305004,0.0582926666666667,0.09739
"I","IMDS","Centers-Euclidean",20,0.514367223252938,0.00601664942047927,0.00120332988409585,0.502730674087817,0.523871366728509,-0.00223208410636982,0.00874521599422197,0.00174904319884439,-0.0163474335188621,0.0137224489795918,0.500098903354381,0.00620133579770347,0.00124026715954069,0.488286076803518,0.509757073304524,-0.00236598337030303,0.0102340488089831,0.00204680976179662,-0.0221962163842792,0.0170295350636519,0.0662666666666667,0.00244191788620399,0.000488383577240799,0.0624333333333333,0.0723333333333333,2.00000000000002e-05,0.00311593871474939,0.000623187742949878,-0.00443333333333333,0.0071
"II","IMDS","Centers-Euclidean",20,0.593182142625081,0.0201356379903969,0.00402712759807938,0.557601526965562,0.623762727420403,-0.0472384762833009,0.0182395338405683,0.00364790676811366,-0.0772954353476284,-0.0157580084470435,0.605469018164245,0.02156149780604,0.004312299561208,0.564908979610104,0.636124262751268,-0.067799630353519,0.0216027706107027,0.00432055412214054,-0.0993445297992613,-0.0248431592154731,0.07925,0.0110886285126551,0.00221772570253101,0.0571125,0.0933125,-0.0061025,0.00400052405421256,0.000800104810842513,-0.0126875,0.0011125
"III","IMDS","Centers-Euclidean",20,0.524767286135693,0.0111254804839268,0.00222509609678536,0.508265781710915,0.548536725663717,-2.54277286135865e-05,0.0113414177612791,0.00226828355225581,-0.0191038348082596,0.0212091445427729,0.503051200183118,0.0100567839660259,0.00201135679320519,0.487785210973228,0.523236834938759,-0.00160266376648913,0.00998286434706935,0.00199657286941387,-0.019740130376012,0.0122405396826409,0.10172,0.00558425987337027,0.00111685197467405,0.09375,0.1114,0.00075,0.00560784420848749,0.0011215688416975,-0.00665,0.0115
"IV","IMDS","Centers-Euclidean",20,0.543933797897341,0.0106099196636041,0.00212198393272082,0.529552359925788,0.567648954854669,-0.0287174154607297,0.0129504430891607,0.00259008861783213,-0.0597061273964131,-0.00782611750154613,0.539855880107722,0.0111588759764862,0.00223177519529725,0.525800510985789,0.564410251277278,-0.047796281131537,0.0174089932779658,0.00348179865559317,-0.0921837897612642,-0.0260469740129609,0.0964468,0.00723094049515305,0.00144618809903061,0.0862266666666667,0.11255,-0.0020516,0.00455747779092941,0.000911495558185882,-0.010134,0.00687533333333333
"I","Int-UMAP","Centers-Euclidean",20,0.593694421768708,0.0112165065080869,0.00224330130161738,0.575676437847866,0.612687445887446,-0.0759361781076067,0.0124284782281602,0.00248569564563205,-0.0966420531849104,-0.0585475572047001,0.598225798583087,0.0104278163960748,0.00208556327921496,0.581670780737726,0.617797535090584,-0.0841279834308573,0.0150816108122766,0.00301632216245533,-0.111104384201708,-0.0601820890176781,0.149846666666667,0.0103071936404018,0.00206143872808037,0.133133333333333,0.169533333333333,-0.00426666666666667,0.00725398996210847,0.00145079799242169,-0.0173666666666667,0.00933333333333333
"II","Int-UMAP","Centers-Euclidean",20,0.794396684535413,0.0691156783246614,0.0138231356649323,0.68975510071475,0.880491707277453,0.0342967478882391,0.0187120802977179,0.00374241605954358,0.00478131903833659,0.0700335120207927,0.876609896506018,0.0439465350678487,0.00878930701356974,0.810164017848042,0.931903941455378,0.0211674259012768,0.0116433184238909,0.00232866368477818,0.00142191724218393,0.0428288768821374,0.4258975,0.0682686698937551,0.013653733978751,0.3235,0.515275,-0.0251525,0.0110248606378191,0.00220497212756382,-0.0466125,-0.0084375
"III","Int-UMAP","Centers-Euclidean",20,0.526216283185841,0.00624724448383608,0.00124944889676722,0.514734513274336,0.536946460176992,-0.00129758112094395,0.0112336684992339,0.00224673369984677,-0.0202289085545722,0.0166681415929204,0.507175651871766,0.00702268007845644,0.00140453601569129,0.497172483673802,0.521343357759066,-0.00500222069502974,0.0156332066191558,0.00312664132383116,-0.0331275902592016,0.0186325123851472,0.10341,0.00546050211366439,0.00109210042273288,0.09525,0.1127,-0.0022,0.00458995733458747,0.000917991466917495,-0.01105,0.00485
"IV","Int-UMAP","Centers-Euclidean",20,0.77590485021645,0.0369828613121149,0.00739657226242297,0.71684521335807,0.834778118738404,0.0317086827458256,0.0326351194878746,0.00652702389757491,-0.0167401038961039,0.0874650463821893,0.802298715655061,0.0288465204453015,0.0057693040890603,0.750027863232113,0.848183357755218,0.0433450647699027,0.0296207276373383,0.00592414552746767,0.00117943596785912,0.0984163098315064,0.330953333333333,0.0333807828947535,0.00667615657895069,0.2638,0.3883,0.0188136,0.00901040735298169,0.00180208147059634,0.0014,0.031158
"I","MR-PCA","Centers-Euclidean",20,0.833546431663574,0.0065689584211499,0.00131379168422998,0.821933024118738,0.84539449598021,0.118681682127396,0.00453250483762677,0.000906500967525353,0.110017934446506,0.126353246753247,0.8288369541928,0.00614537720623545,0.00122907544124709,0.81807288925984,0.8390057584143,0.145393605487272,0.0075800606252391,0.00151601212504782,0.135474003297433,0.158321583609802,0.3004,0.0110479803751803,0.00220959607503606,0.281566666666667,0.317333333333333,0.0626133333333333,0.00512024847487351,0.0010240496949747,0.0536,0.0710666666666667
"II","MR-PCA","Centers-Euclidean",20,0.904718689083821,0.00275454124047888,0.000550908248095776,0.900697717673814,0.90955023554256,0.105836351526966,0.00475197800522833,0.000950395601045667,0.0976582846003899,0.112686484730344,0.911526656816197,0.00282777758789174,0.000565555517578348,0.906311054817965,0.916812577566463,0.122091364511523,0.00532615815795181,0.00106523163159036,0.112498058418932,0.13144431499891,0.37159,0.00676132537549653,0.00135226507509931,0.3605375,0.38555,0.1084725,0.00634100618001591,0.00126820123600318,0.098325,0.119875
"III","MR-PCA","Centers-Euclidean",20,0.835924306784661,0.00763482900266814,0.00152696580053363,0.822933333333334,0.849887168141593,0.104459115044248,0.00508171030086487,0.00101634206017297,0.0964176991150442,0.113687315634219,0.823330532546042,0.00742230816127336,0.00148446163225467,0.811091220205413,0.833809632356988,0.133531811210496,0.00908215979139102,0.0018164319582782,0.118600761450517,0.146396989767569,0.36786,0.0112412187951307,0.00224824375902614,0.35415,0.39245,0.07292,0.0103962433118892,0.00207924866237783,0.05435,0.0902
"IV","MR-PCA","Centers-Euclidean",20,0.908002392084106,0.0187234142472508,0.00374468284945015,0.87540360296846,0.94072341991342,0.062956008410637,0.0162548362252771,0.00325096724505543,0.0370118367346939,0.0927682176870748,0.896069909304413,0.0163620405588316,0.00327240811176633,0.870527950902638,0.927206266777411,0.0813507404911172,0.0172264212959345,0.00344528425918689,0.0502650184868409,0.112577740326375,0.422853333333333,0.0385137757942003,0.00770275515884005,0.363266666666667,0.493233333333333,0.0827097333333333,0.0115851229600725,0.00231702459201451,0.058288,0.09742
"I","SPCA","Centers-Euclidean",20,0.833546431663574,0.0065689584211499,0.00131379168422998,0.821933024118738,0.84539449598021,0.118681682127396,0.00453250483762677,0.000906500967525353,0.110017934446506,0.126353246753247,0.8288369541928,0.00614537720623545,0.00122907544124709,0.81807288925984,0.8390057584143,0.145393605487272,0.0075800606252391,0.00151601212504782,0.135474003297433,0.158321583609802,0.3004,0.0110479803751803,0.00220959607503606,0.281566666666667,0.317333333333333,0.0626133333333333,0.00512024847487351,0.0010240496949747,0.0536,0.0710666666666667
"II","SPCA","Centers-Euclidean",20,0.904941340155945,0.00255830908199769,0.000511661816399537,0.900742681936322,0.909728614359974,0.105395844704353,0.00441794215473618,0.000883588430947236,0.0979814327485378,0.112322205977908,0.911936365907298,0.0027056002190541,0.000541120043810821,0.907135480866056,0.917129196057689,0.121259512188718,0.00509613296034279,0.00101922659206856,0.111791038797751,0.129817386469588,0.3714225,0.00661320392441011,0.00132264078488202,0.361725,0.385575,0.10877,0.00690171702670188,0.00138034340534038,0.0979375,0.1212375
"III","SPCA","Centers-Euclidean",20,0.835924306784661,0.00763482900266814,0.00152696580053363,0.822933333333334,0.849887168141593,0.104459115044248,0.00508171030086487,0.00101634206017297,0.0964176991150442,0.113687315634219,0.823330532546042,0.00742230816127336,0.00148446163225467,0.811091220205413,0.833809632356988,0.133531811210496,0.00908215979139102,0.0018164319582782,0.118600761450517,0.146396989767569,0.36786,0.0112412187951307,0.00224824375902614,0.35415,0.39245,0.07292,0.0103962433118892,0.00207924866237783,0.05435,0.0902
"IV","SPCA","Centers-Euclidean",20,0.908002386641929,0.0187234292286357,0.00374468584572713,0.875403637600495,0.940723459492888,0.0629559757575757,0.0162547896727655,0.0032509579345531,0.0370119752628324,0.0927680346320346,0.896069917465567,0.0163620523970818,0.00327241047941636,0.870527487523707,0.927206444628118,0.0813507799964936,0.0172264458968073,0.00344528917936147,0.0502653289966004,0.112578196355915,0.422853333333333,0.0385137757942003,0.00770275515884005,0.363266666666667,0.493233333333333,0.0827064,0.0115917863609125,0.0023183572721825,0.0582566666666667,0.0974053333333333
"I","V-PCA","Centers-Euclidean",20,0.833379158936302,0.00660373063755635,0.00132074612751127,0.820936239950526,0.845282683982684,0.118939839208411,0.00434080292989802,0.000868160585979605,0.111203215831787,0.125931230674087,0.828712271705988,0.00608052112220749,0.0012161042244415,0.817558068518747,0.838940099477934,0.145567200549753,0.00745015518063292,0.00149003103612658,0.134501522261004,0.158725270397126,0.30008,0.0111086927923836,0.00222173855847671,0.281466666666667,0.317433333333333,0.0614466666666667,0.00529231623309785,0.00105846324661957,0.0516333333333333,0.0673333333333333
"II","V-PCA","Centers-Euclidean",20,0.90779549382716,0.00337318195926066,0.000674636391852132,0.901880620532814,0.913408162768031,0.102722917478882,0.00455273245194749,0.000910546490389498,0.0958944282001299,0.110075812215725,0.91374041600835,0.00365061931829278,0.000730123863658557,0.907112332234739,0.919911442669908,0.119398696168592,0.00617309491519649,0.0012346189830393,0.108930226723045,0.130387420716612,0.3789875,0.0100731374932706,0.00201462749865411,0.3645625,0.398825,0.1101175,0.00726944500833225,0.00145388900166645,0.0983625,0.1220875
"III","V-PCA","Centers-Euclidean",20,0.835775899705015,0.00755116745416045,0.00151023349083209,0.822850442477876,0.849829203539823,0.104836401179941,0.00492899895906938,0.000985799791813876,0.0962802359882005,0.112891445427729,0.823076726165603,0.006979974787288,0.0013959949574576,0.811523405591167,0.833222999802946,0.134146386864461,0.00803648384911006,0.00160729676982201,0.122817710775183,0.147111246214751,0.36751,0.0114306058457109,0.00228612116914218,0.3515,0.392,0.07249,0.010872959578698,0.00217459191573959,0.0534,0.0931
"IV","V-PCA","Centers-Euclidean",20,0.907987321459493,0.0187779957477504,0.00375559914955007,0.875437457019171,0.940772319109462,0.0629116066790353,0.016321518037365,0.003264303607473,0.0368872677798392,0.0932485936920222,0.896006732355056,0.0164573509005096,0.00329147018010192,0.870446359025786,0.927259264273482,0.0814101486801549,0.0173616902703485,0.00347233805406971,0.0501194807612632,0.112453759569018,0.422708933333333,0.0388383375974479,0.00776766751948959,0.3617,0.493467333333333,0.0830424,0.0115674356740841,0.00231348713481682,0.058354,0.0978493333333333
"I","C-PCA","Hausdorff",20,0.954941038961039,0.0021600362473029,0.000432007249460579,0.950715337043908,0.959380210265925,0.022761830550402,0.00156601670108852,0.000313203340217704,0.0199978973407545,0.0263034013605442,0.936731425893446,0.0023396944853833,0.000467938897076659,0.932239259674605,0.940413211465494,0.0365502657584726,0.00215194256018724,0.000430388512037448,0.0326211412680873,0.0405024340476804,0.493693333333333,0.011909154586408,0.00238183091728159,0.473866666666667,0.517033333333333,0.0879666666666667,0.0113793998409732,0.00227587996819464,0.0689333333333333,0.107933333333333
"II","C-PCA","Hausdorff",20,0.907014970760234,0.00334817728233926,0.000669635456467853,0.901248984730345,0.912664465562053,0.10274828460039,0.00446266508382371,0.000892533016764743,0.0958542722547109,0.109885461338532,0.913110649237887,0.00357102327414653,0.000714204654829306,0.906661603530004,0.919344130370081,0.119512539657092,0.00603309519085352,0.0012066190381707,0.108976713737304,0.130121664672088,0.37725,0.00997609447316433,0.00199521889463287,0.3632625,0.3976625,0.1057025,0.00771221636431448,0.0015424432728629,0.092675,0.11875
"III","C-PCA","Hausdorff",20,0.792198643067847,0.0147060990877876,0.00294121981755752,0.772164601769911,0.821809439528024,0.0803571681415929,0.0139907494530121,0.00279814989060243,0.0536548672566372,0.101394690265487,0.794080755250525,0.0114445406223902,0.00228890812447804,0.778940782522708,0.817645200683982,0.114439488698441,0.0139153487341159,0.00278306974682319,0.0901030066569668,0.134607546771397,0.33186,0.0176812164928397,0.00353624329856794,0.30465,0.3619,0.04844,0.0105414064526514,0.00210828129053027,0.0327,0.06815
"IV","C-PCA","Hausdorff",20,0.921838736920223,0.0157507293071801,0.00315014586143601,0.895219528756957,0.949569970315399,0.0513023178726036,0.0129488163873903,0.00258976327747807,0.0302940977118119,0.0765989387755102,0.913707495415025,0.0138066915154071,0.00276133830308141,0.890719058690974,0.939404341288643,0.0648864223289825,0.0143473780514113,0.00286947561028226,0.0408649849222887,0.0916010568267765,0.4640964,0.0367063883823248,0.00734127767646496,0.408566666666667,0.5331,0.0809517333333333,0.0130806671069545,0.0026161334213909,0.0589713333333333,0.100969333333333
"I","IMDS","Hausdorff",20,0.577723896103896,0.0167999481804055,0.0033599896360811,0.546447433518862,0.610759183673469,-0.0620683982683983,0.0145032509672717,0.00290065019345433,-0.0859936920222634,-0.0329073593073593,0.577557534859405,0.0142791448625778,0.00285582897251555,0.553527672905545,0.605707763926118,-0.0966024865280202,0.0148431104803837,0.00296862209607673,-0.117188881484334,-0.0640176146710393,0.0987666666666667,0.00739525623726553,0.00147905124745311,0.0868666666666667,0.110233333333333,-0.00759333333333334,0.00385353373181322,0.000770706746362643,-0.0141666666666667,-0.0016
"II","IMDS","Hausdorff",20,0.600365570175439,0.0190939958502932,0.00381879917005863,0.569580344379467,0.630026112735542,-0.00656763807667316,0.0131364604788054,0.00262729209576108,-0.0297488953866147,0.0117917641325535,0.613789385704049,0.0212879058861893,0.00425758117723786,0.576702571431176,0.643769182451095,-0.0259201414281281,0.0152379435849036,0.00304758871698072,-0.0501519221897664,-0.00143367455823878,0.0793425,0.010055333887213,0.00201106677744259,0.0602125,0.0936875,-0.002365,0.0023939539730329,0.00047879079460658,-0.0059625,0.00194999999999999
"III","IMDS","Hausdorff",20,0.520840884955752,0.00586803851860202,0.0011736077037204,0.512292477876106,0.531693362831858,-0.00220566371681414,0.00878119439308694,0.00175623887861739,-0.0192946902654867,0.0124705014749262,0.502264023050893,0.00636542159105694,0.00127308431821139,0.492198841276333,0.513059620984906,-0.0023360227201073,0.0115169592482219,0.00230339184964438,-0.0212374091447764,0.0163767413937519,0.10084,0.00517349011789913,0.00103469802357983,0.09275,0.1104,7.99999999999997e-05,0.00497374355993551,0.000994748711987103,-0.00999999999999999,0.00785
"IV","IMDS","Hausdorff",20,0.553308543722944,0.0125133600824602,0.00250267201649204,0.533277188620903,0.57783031292517,-0.0268483255411255,0.0110237008993153,0.00220474017986305,-0.0488590426716141,-0.00792915769944337,0.548926153057371,0.0124676435481485,0.0024935287096297,0.530874247255287,0.574350998499262,-0.0442020416609768,0.0145393488330293,0.00290786976660586,-0.0763936748457041,-0.0252800687820192,0.0984827999999999,0.00796121906261608,0.00159224381252322,0.0879773333333333,0.113641333333333,-0.00387253333333334,0.00406928721122108,0.000813857442244216,-0.0122766666666667,0.00342399999999999
"I","Int-UMAP","Hausdorff",20,0.907227433518862,0.00669188073333971,0.00133837614666794,0.895341805813235,0.918438713667285,-0.00967163883735313,0.00733882486134901,0.0014677649722698,-0.0228225108225108,0.00267755102040814,0.896643116823832,0.00627524286759371,0.00125504857351874,0.884543609578858,0.906337971851339,-0.000790999539424456,0.00749154264555319,0.00149830852911064,-0.0169779511679014,0.0111075500646046,0.3708,0.0168570377653437,0.00337140755306875,0.345133333333333,0.402066666666667,0.0160333333333333,0.00798682363971133,0.00159736472794227,0.000100000000000009,0.0256
"II","Int-UMAP","Hausdorff",20,0.793414113060429,0.0696320337313752,0.013926406746275,0.688889205653021,0.880181578947368,0.0341800064977258,0.01910510142552,0.003821020285104,0.00563156270305396,0.0715101039636127,0.87551237190806,0.0443973129790382,0.00887946259580763,0.808870634541911,0.93133292653704,0.0201748036176259,0.0119385306068446,0.00238770612136892,0.00207886334469151,0.0429594079405167,0.4234375,0.0678261411011025,0.0135652282202205,0.3218375,0.5126,-0.026275,0.0105602345943402,0.00211204691886804,-0.0464,-0.010325
"III","Int-UMAP","Hausdorff",20,0.8518498820059,0.0162703284935537,0.00325406569871074,0.823524336283186,0.875044395280236,0.00981339233038349,0.0114372295840081,0.00228744591680162,-0.0084103244837758,0.0276362831858407,0.88357590473624,0.0154430422721237,0.00308860845442475,0.854432940200653,0.905109061131206,0.022193527964399,0.0129663837092664,0.00259327674185327,-0.00216292945469326,0.0432388179483901,0.48367,0.0308568367627014,0.00617136735254028,0.42585,0.53485,0.01787,0.0139927659881812,0.00279855319763624,-0.0053,0.03935
"IV","Int-UMAP","Hausdorff",20,0.778736803710575,0.034213402761316,0.00684268055226321,0.724930070500928,0.831722325293754,0.0327356769325912,0.0283976720067549,0.00567953440135099,-0.010663064935065,0.0852815262832406,0.812422058576571,0.0255160820169623,0.00510321640339246,0.76664354829678,0.851333162376678,0.0266674997900113,0.0238216200696652,0.00476432401393303,-0.00725528052855923,0.0795240262510184,0.333493333333333,0.0297516915174272,0.00595033830348544,0.268833333333333,0.3812,0.00209213333333333,0.0119964803048104,0.00239929606096208,-0.016116,0.0241513333333333
"I","MR-PCA","Hausdorff",20,0.722077847866419,0.0104654049297019,0.00209308098594037,0.706256462585034,0.741448979591837,0.17447218305504,0.00794206924608457,0.00158841384921691,0.161673964131107,0.188222758194187,0.74282500783236,0.0137262634671139,0.00274525269342278,0.725066213725547,0.771877043017956,0.203969372092576,0.0184144871898997,0.00368289743797994,0.169807792211913,0.230656860830032,0.193166666666667,0.0103473247571355,0.0020694649514271,0.179466666666667,0.212666666666667,0.04664,0.00621837926961204,0.00124367585392241,0.0337333333333333,0.0569333333333333
"II","MR-PCA","Hausdorff",20,0.904228242365172,0.0027115570780689,0.00054231141561378,0.900114010721247,0.909097392787524,0.105964970760234,0.00453389320983268,0.000906778641966536,0.098341682910981,0.112595825211176,0.910957906250316,0.0029641233052995,0.000592824661059901,0.905654827933173,0.916434060427282,0.122492724006236,0.00552361209863986,0.00110472241972797,0.112532658841607,0.132054791778356,0.3696975,0.00659077934662005,0.00131815586932401,0.35955,0.3836,0.10722,0.00599185971235142,0.00119837194247028,0.097525,0.1173875
"III","MR-PCA","Hausdorff",20,0.567116548672566,0.00880139820725383,0.00176027964145077,0.553893362831859,0.585724631268436,0.00689374631268439,0.00848199287085488,0.00169639857417098,-0.00568761061946898,0.0222032448377581,0.558526843316674,0.0120875825926809,0.00241751651853619,0.539651868539764,0.581854005603382,0.00921305438658116,0.0139985076512959,0.00279970153025919,-0.00947013958580527,0.0341731763879833,0.1231,0.00807420016678639,0.00161484003335728,0.10985,0.1398,0.00218,0.00417552391922259,0.000835104783844519,-0.0047,0.00965
"IV","MR-PCA","Hausdorff",20,0.911112066790353,0.0179450978882565,0.0035890195776513,0.87952500803958,0.944671952999381,0.0577699047619048,0.0145491708385316,0.00290983416770631,0.0318398763141621,0.082541820655535,0.902794780893959,0.01545713495604,0.00309142699120799,0.879863372186724,0.934896065056166,0.0702993969166065,0.014908269051811,0.0029816538103622,0.0407602704829286,0.0949661682628909,0.435520666666667,0.0376965408325583,0.00753930816651167,0.382366666666667,0.5118,0.0749121333333333,0.0113867624930914,0.00227735249861829,0.0545146666666667,0.09082
"I","SPCA","Hausdorff",20,0.954941038961039,0.0021600362473029,0.000432007249460579,0.950715337043908,0.959380210265925,0.022761830550402,0.00156601670108852,0.000313203340217704,0.0199978973407545,0.0263034013605442,0.936731425893446,0.0023396944853833,0.000467938897076659,0.932239259674605,0.940413211465494,0.0365502657584726,0.00215194256018724,0.000430388512037448,0.0326211412680873,0.0405024340476804,0.493693333333333,0.011909154586408,0.00238183091728159,0.473866666666667,0.517033333333333,0.0879666666666667,0.0113793998409732,0.00227587996819464,0.0689333333333333,0.107933333333333
"II","SPCA","Hausdorff",20,0.904333125406108,0.002503458189449,0.000500691637889801,0.900337394411956,0.90901948505523,0.105232469135802,0.00423150487649741,0.000846300975299481,0.0982924788823912,0.111912800519818,0.911427858290491,0.00277321105171684,0.000554642210343367,0.906549078196035,0.916852443812689,0.121244858944278,0.00522007943370655,0.00104401588674131,0.111312694888258,0.130039869161239,0.3699525,0.00649650046018367,0.00129930009203673,0.3601875,0.3841125,0.1050925,0.00673626882690509,0.00134725376538102,0.093925,0.1157875
"III","SPCA","Hausdorff",20,0.792198643067847,0.0147060990877876,0.00294121981755752,0.772164601769911,0.821809439528024,0.0803571681415929,0.0139907494530121,0.00279814989060243,0.0536548672566372,0.101394690265487,0.794080755250525,0.0114445406223902,0.00228890812447804,0.778940782522708,0.817645200683982,0.114439488698441,0.0139153487341159,0.00278306974682319,0.0901030066569668,0.134607546771397,0.33186,0.0176812164928397,0.00353624329856794,0.30465,0.3619,0.04844,0.0105414064526514,0.00210828129053027,0.0327,0.06815
"IV","SPCA","Hausdorff",20,0.921838729251701,0.0157507513779199,0.00315015027558398,0.895219429808287,0.949570016079159,0.0513022896722325,0.012948796072893,0.00258975921457859,0.0302939715522572,0.0765987235621522,0.913707396840294,0.0138067149216638,0.00276134298433276,0.890718986250376,0.939404836841654,0.0648865291231971,0.0143475238674391,0.00286950477348782,0.0408648695668421,0.0916015121008375,0.464097466666667,0.0367046322548389,0.00734092645096777,0.408566666666667,0.5331,0.0809572,0.0131029953346836,0.00262059906693673,0.0589333333333333,0.10105
"I","V-PCA","Hausdorff",20,0.954930414347557,0.00214177189047394,0.000428354378094789,0.950669140383426,0.959208658008658,0.0228075200989487,0.00144356075843468,0.000288712151686936,0.0203048855905999,0.0261570810142239,0.936656576801438,0.00236255372291148,0.000472510744582296,0.931849928744073,0.94026467545913,0.0367438712994349,0.00211681389634358,0.000423362779268715,0.0328775624195412,0.0409897236501313,0.493333333333333,0.0117308749002761,0.00234617498005521,0.474133333333333,0.5161,0.0884200000000001,0.0115093681649149,0.00230187363298298,0.0690333333333333,0.107766666666667
"II","V-PCA","Hausdorff",20,0.907026500974659,0.00334478140624837,0.000668956281249675,0.901262670565302,0.912650129954516,0.102732722547109,0.00445935209157698,0.000891870418315397,0.0958856725146199,0.109862313190384,0.913119894586601,0.00358760519873255,0.00071752103974651,0.906654787705943,0.91934349982224,0.119498654522587,0.00605832771153192,0.00121166554230638,0.108985794108149,0.130174712112272,0.37725,0.00997145992424547,0.00199429198484909,0.3632875,0.39765,0.1056925,0.00770771224975349,0.0015415424499507,0.092725,0.11875
"III","V-PCA","Hausdorff",20,0.792328053097345,0.0145548018497514,0.00291096036995027,0.771991887905605,0.821974778761062,0.0796007669616519,0.0134146130783612,0.00268292261567224,0.0573032448377581,0.101523008849558,0.793870123385851,0.0113029699729813,0.00226059399459627,0.777748477506677,0.814976251800917,0.114158936299573,0.0133896717997282,0.00267793435994564,0.091446880391201,0.136710516411936,0.33071,0.017445701476295,0.00348914029525899,0.30465,0.36135,0.04925,0.0101944633666188,0.00203889267332377,0.0334,0.0684
"IV","V-PCA","Hausdorff",20,0.921823783549784,0.0158120169872102,0.00316240339744204,0.894915794681509,0.949610425479283,0.0512811977736549,0.0130374913837605,0.0026074982767521,0.030173696969697,0.0770411057513914,0.913519074734343,0.0139332760545047,0.00278665521090093,0.890367057227971,0.939459173470424,0.0652023895191746,0.0145510371206626,0.00291020742413252,0.0407615449952813,0.0926059799971667,0.4640236,0.0369100145363569,0.00738200290727137,0.407233333333333,0.532466666666667,0.0808201333333333,0.0132936092791486,0.00265872185582973,0.0585106666666667,0.100188
"I","C-PCA","Ichino-Yaguchi",20,0.925295658627087,0.00440077563440386,0.000880155126880772,0.916285034013606,0.934306740878169,0.0420670871985158,0.00308732744602472,0.000617465489204945,0.0378236239950525,0.0474145949288807,0.914956103868725,0.00370812262960631,0.000741624525921263,0.907158181879484,0.921486730372343,0.0635292077042789,0.00407246577235211,0.000814493154470423,0.0570851133347093,0.0715594738446628,0.46452,0.0139401266002009,0.00278802532004018,0.439866666666667,0.4937,0.0981133333333333,0.00955850891052537,0.00191170178210507,0.0815333333333333,0.1154
"II","C-PCA","Ichino-Yaguchi",20,0.907796448992853,0.00337270866238717,0.000674541732477434,0.90189466374269,0.913417259584146,0.102728011695906,0.0045566603443489,0.000911332068869781,0.0958818226120857,0.110077306692657,0.91373531399992,0.00365326903991925,0.000730653807983849,0.907137011678348,0.919948346117189,0.119430091408273,0.00617888658001769,0.00123577731600354,0.108874065876019,0.130370068185241,0.378985,0.0100490055737288,0.00200980111474577,0.3646,0.398875,0.110285,0.00727326726215025,0.00145465345243005,0.0990375,0.12275
"III","C-PCA","Ichino-Yaguchi",20,0.792566430678466,0.0144770175679659,0.00289540351359318,0.77371401179941,0.821416076696166,0.0839209439528023,0.0147680058695125,0.0029536011739025,0.0559277286135694,0.106277286135693,0.792351067641448,0.011280323912113,0.0022560647824226,0.776626940670314,0.817534248357542,0.122050227009274,0.0141527037387391,0.00283054074774781,0.096163049187258,0.142546021730378,0.33295,0.0173811439976391,0.00347622879952783,0.30345,0.3628,0.05338,0.00881113169046217,0.00176222633809243,0.0411,0.06895
"IV","C-PCA","Ichino-Yaguchi",20,0.912431572047001,0.0174971548095997,0.00349943096191994,0.881194758194187,0.942562166975881,0.0565306538033395,0.0143975450413474,0.00287950900826949,0.0350739047619048,0.0844473098330241,0.902322819402549,0.015583388447335,0.003116677689467,0.877488504476503,0.930438594929364,0.0723169526177495,0.0161014558882324,0.00322029117764647,0.0454628958519762,0.10074383086958,0.434607733333333,0.0365083897983281,0.00730167795966563,0.376193333333333,0.499294666666667,0.0769933333333333,0.00945370239053932,0.00189074047810786,0.0560833333333333,0.091126
"I","IMDS","Ichino-Yaguchi",20,0.56838622139765,0.0152665534578297,0.00305331069156593,0.539855349412492,0.598664749536178,-0.0491168831168831,0.0127673220599532,0.00255346441199064,-0.0718196660482375,-0.0262539270253555,0.566799201994412,0.0137468645758503,0.00274937291517005,0.544517242339647,0.594911710225947,-0.0746405928629398,0.0142815713072142,0.00285631426144285,-0.0938906684169953,-0.0398032558572448,0.0950466666666667,0.005883419892344,0.0011766839784688,0.0832,0.106,-0.0054,0.00420867710367081,0.000841735420734163,-0.0127333333333333,0.00266666666666666
"II","IMDS","Ichino-Yaguchi",20,0.607997542235218,0.0209996828361077,0.00419993656722154,0.572552688434048,0.637672344054581,-0.00312135477582847,0.0166605596053639,0.00333211192107278,-0.0286558641975309,0.0216888564002599,0.620628606375597,0.0222944462817982,0.00445888925635964,0.581349394988669,0.651873210620185,-0.0198888833146458,0.0183643334674676,0.00367286669349352,-0.0515269439535242,0.00916748713190864,0.081985,0.0108194113267928,0.00216388226535857,0.0618125,0.097675,-0.0023925,0.002203255758531,0.0004406511517062,-0.0058,0.0009375
"III","IMDS","Ichino-Yaguchi",20,0.520066548672566,0.00618344642841956,0.00123668928568391,0.510552359882006,0.531151032448377,-0.00199823008849556,0.00840428914641775,0.00168085782928355,-0.0141227138643068,0.0146890855457228,0.501676289159571,0.0074616670370031,0.00149233340740062,0.491216921246068,0.513648564518885,-0.00294860688640923,0.00911411300124373,0.00182282260024875,-0.0196324625865509,0.014505732750716,0.10072,0.00477314536408296,0.000954629072816592,0.0944,0.10895,-6.99999999999996e-05,0.00440555993414382,0.000881111986828764,-0.0081,0.0065
"IV","IMDS","Ichino-Yaguchi",20,0.55299440593692,0.0124539042331033,0.00249078084662067,0.534071829313543,0.579337520098949,-0.0257880014842301,0.0111987400446809,0.00223974800893617,-0.0515351069882499,-0.00637392702535566,0.549186523171345,0.0120962282917235,0.00241924565834471,0.53120155168272,0.574426609460097,-0.0449562268397399,0.014992881366726,0.0029985762733452,-0.0783291177805385,-0.0254573940230389,0.0995905333333334,0.0069317746431707,0.00138635492863414,0.0892266666666667,0.113148,-0.0038104,0.0036671203406205,0.0007334240681241,-0.0101666666666667,0.00208333333333332
"I","Int-UMAP","Ichino-Yaguchi",20,0.863447520098949,0.00857122243495925,0.00171424448699185,0.85050061842919,0.876688744588744,0.0144965739022882,0.00609083499825868,0.00121816699965174,0.00246283240568956,0.0259068645640074,0.866279524628676,0.00798211507658641,0.00159642301531728,0.853258467475751,0.87905883135875,0.0292257274187469,0.00840891436455345,0.00168178287291069,0.0116006697243426,0.044433171631256,0.356473333333333,0.017754608165519,0.00355092163310379,0.3271,0.3829,0.0248466666666667,0.00871991122958554,0.00174398224591711,0.00993333333333333,0.0392333333333333
"II","Int-UMAP","Ichino-Yaguchi",20,0.794881944444444,0.0686798934190472,0.0137359786838094,0.690471068875893,0.880486119233268,0.0339829597141001,0.0186837140142541,0.00373674280285082,0.00482059779077324,0.070325227420403,0.877470358389558,0.0433767735550585,0.00867535471101171,0.811371556689551,0.932096846793111,0.0203606239250943,0.0115818628049566,0.00231637256099133,0.00110371476749811,0.042518024632152,0.426825,0.0676366912644929,0.0135273382528986,0.3253375,0.5152875,-0.02688,0.0111805134143443,0.00223610268286886,-0.048475,-0.00982499999999998
"III","Int-UMAP","Ichino-Yaguchi",20,0.856860678466077,0.0165665523624531,0.00331331047249062,0.828748672566372,0.879191445427729,0.0117402359882006,0.0131783083714432,0.00263566167428864,-0.0137766961651916,0.0312448377581121,0.889045549893768,0.0149577800771143,0.00299155601542286,0.861226749045612,0.909586432246301,0.0237164204744984,0.0137214087679838,0.00274428175359676,-0.00171124025326167,0.0473140993360284,0.49484,0.0320795625489709,0.00641591250979417,0.43025,0.55,0.01951,0.0133836576340949,0.00267673152681898,-0.00624999999999998,0.04405
"IV","Int-UMAP","Ichino-Yaguchi",20,0.783463467656153,0.0342250424766694,0.00684500849533387,0.723711829313544,0.835290343846629,0.0238668388373531,0.0311955826716669,0.00623911653433338,-0.0218920667903526,0.0782981818181819,0.818726871457634,0.0241188310415982,0.00482376620831963,0.772162709044457,0.85562787687044,0.0246415728596476,0.0254329881106843,0.00508659762213687,-0.00940738810126078,0.0790410621757112,0.3461164,0.0307466254083273,0.00614932508166547,0.276966666666667,0.395,0.0043008,0.0113805009197831,0.00227610018395663,-0.0150233333333333,0.024792
"I","MR-PCA","Ichino-Yaguchi",20,0.706856907854051,0.00505979617818748,0.0010119592356375,0.697430674087817,0.715924118738404,0.225740284477427,0.00559779601561872,0.00111955920312374,0.214634013605442,0.233474582560297,0.716167863383953,0.00638381380826274,0.00127676276165255,0.70555739370795,0.727888807545572,0.262561633927331,0.00977486569373574,0.00195497313874715,0.243449137226419,0.274848597925824,0.202133333333333,0.00774611611162734,0.00154922322232547,0.187866666666667,0.214633333333333,0.0431866666666667,0.00633540170903272,0.00126708034180654,0.0359666666666667,0.0568
"II","MR-PCA","Ichino-Yaguchi",20,0.904679762833008,0.00273162909044856,0.000546325818089712,0.900704093567251,0.909447985705003,0.105867128005198,0.00471086120521256,0.000942172241042511,0.0977237491877842,0.112712556855101,0.911376973096159,0.00279790096709735,0.00055958019341947,0.906249315113385,0.916707819682868,0.122282328719118,0.00523942859316973,0.00104788571863395,0.112674395050648,0.131573254151352,0.3713075,0.00676019003215392,0.00135203800643078,0.3602375,0.385525,0.1085575,0.00654993638645954,0.00130998727729191,0.0983625,0.1204125
"III","MR-PCA","Ichino-Yaguchi",20,0.524244041297935,0.00548020392422658,0.00109604078484532,0.515677581120944,0.534184660766962,0.00401233038348082,0.00799465665980569,0.00159893133196114,-0.00622920353982299,0.019333628318584,0.507586551665025,0.00629772346580472,0.00125954469316094,0.499375193769294,0.519122893890018,0.00415582751713506,0.0122619337465537,0.00245238674931074,-0.0148140297457,0.0274508211774446,0.10098,0.00597691740503971,0.00119538348100794,0.08905,0.11075,0.00175,0.00459845988710713,0.000919691977421426,-0.00645,0.0091
"IV","MR-PCA","Ichino-Yaguchi",20,0.908438034137291,0.0184914600242745,0.00369829200485491,0.87584987012987,0.940959051329622,0.0621005640074211,0.0158201312599434,0.00316402625198868,0.0367176672850958,0.0894914013605442,0.897883081693433,0.0160183002904249,0.00320366005808498,0.873518585405453,0.928860341594403,0.0778907857774016,0.0165613259023783,0.00331226518047566,0.0473420355375664,0.104762426394031,0.4242584,0.0379318852013175,0.0075863770402635,0.368933333333333,0.495066666666667,0.0803473333333333,0.0109592613886696,0.00219185227773393,0.0567653333333333,0.094602
"I","SPCA","Ichino-Yaguchi",20,0.925295658627087,0.00440077563440386,0.000880155126880772,0.916285034013606,0.934306740878169,0.0420670871985158,0.00308732744602472,0.000617465489204945,0.0378236239950525,0.0474145949288807,0.914956103868725,0.00370812262960631,0.000741624525921263,0.907158181879484,0.921486730372343,0.0635292077042789,0.00407246577235211,0.000814493154470423,0.0570851133347093,0.0715594738446628,0.46452,0.0139401266002009,0.00278802532004018,0.439866666666667,0.4937,0.0981133333333333,0.00955850891052537,0.00191170178210507,0.0815333333333333,0.1154
"II","SPCA","Ichino-Yaguchi",20,0.904947116634178,0.00255896242173679,0.000511792484347359,0.900751234567901,0.909734608512021,0.105400107212476,0.00441903558179763,0.000883807116359526,0.0979917316439247,0.112331448992852,0.911908361476801,0.00270847410896341,0.000541694821792682,0.907101687808414,0.917159979724601,0.121340606427115,0.00510712164325858,0.00102142432865172,0.111751804423676,0.129912319387331,0.371435,0.00661906377128467,0.00132381275425693,0.3616875,0.3856375,0.1089625,0.0068926383585436,0.00137852767170872,0.097875,0.1213125
"III","SPCA","Ichino-Yaguchi",20,0.792566430678466,0.0144770175679659,0.00289540351359318,0.77371401179941,0.821416076696166,0.0839209439528023,0.0147680058695125,0.0029536011739025,0.0559277286135694,0.106277286135693,0.792351067641448,0.011280323912113,0.0022560647824226,0.776626940670314,0.817534248357542,0.122050227009274,0.0141527037387391,0.00283054074774781,0.096163049187258,0.142546021730378,0.33295,0.0173811439976391,0.00347622879952783,0.30345,0.3628,0.05338,0.00881113169046217,0.00176222633809243,0.0411,0.06895
"IV","SPCA","Ichino-Yaguchi",20,0.912430070995671,0.0174980024286732,0.00349960048573465,0.881187632653061,0.942561466914038,0.0565332472479901,0.0143990302900237,0.00287980605800473,0.0350751614100186,0.0844573209647495,0.902322846130315,0.0155824473006998,0.00311648946013996,0.877487794783623,0.930438453006349,0.0723160464077576,0.0160993937075393,0.00321987874150786,0.0454639640208623,0.100740219768447,0.434604666666667,0.0365094312143122,0.00730188624286244,0.376194,0.499292,0.0769957333333333,0.00944922731114972,0.00188984546222994,0.056072,0.0910326666666667
"I","V-PCA","Ichino-Yaguchi",20,0.925276264687693,0.00439273151034741,0.000878546302069482,0.916113358070501,0.934180952380952,0.04229902288188,0.00290578675093254,0.000581157350186508,0.0386049474335189,0.047561038961039,0.914866638090055,0.00370509210405227,0.000741018420810455,0.907090055545843,0.921454690171214,0.0637823889390824,0.00380894886572307,0.000761789773144613,0.0580288210998043,0.0715804987030324,0.46426,0.0142112110151992,0.00284224220303984,0.438966666666667,0.493166666666667,0.09806,0.00919136571482737,0.00183827314296547,0.0821666666666667,0.112866666666667
"II","V-PCA","Ichino-Yaguchi",20,0.907797478882391,0.00337244010963363,0.000674488021926726,0.901880255035737,0.913413888888889,0.102734165042235,0.00454848745755266,0.000909697491510531,0.0959044834307992,0.110081627680311,0.91373234864976,0.00366023012184325,0.000732046024368649,0.907120728436712,0.919956917206848,0.119440388242724,0.00618941450120209,0.00123788290024042,0.108912874638017,0.130403256461414,0.378985,0.0100730289118186,0.00201460578236372,0.3645625,0.398825,0.1102675,0.00724513845623395,0.00144902769124679,0.098875,0.122375
"III","V-PCA","Ichino-Yaguchi",20,0.792322271386431,0.0138968765769431,0.00277937531538862,0.772724188790561,0.819787315634218,0.084062005899705,0.0136377102975528,0.00272754205951056,0.0618808259587021,0.106925073746313,0.792188482892786,0.010969328448371,0.0021938656896742,0.775540626093835,0.812294228271078,0.12186801892411,0.012689758622955,0.00253795172459101,0.105437509268771,0.142511177357565,0.33148,0.0166961073307523,0.00333922146615046,0.30765,0.3603,0.05264,0.00846133362222922,0.00169226672444584,0.0393,0.0673
"IV","V-PCA","Ichino-Yaguchi",20,0.912412552380952,0.0175229485079863,0.00350458970159727,0.881245786023501,0.942529977736549,0.0565040687693259,0.0144325875814876,0.00288651751629752,0.035112843537415,0.0848658379715522,0.90226389083684,0.0157283604330321,0.00314567208660642,0.877026844446124,0.930524233916177,0.0723643852952469,0.0163733875552727,0.00327467751105454,0.0453038995428659,0.101329024930847,0.4345244,0.0367306812755082,0.00734613625510163,0.374504666666667,0.499016,0.0766477333333333,0.0100006328373833,0.00200012656747665,0.0539766666666667,0.0903946666666667
"I","C-PCA","Int-Euclidean",20,0.933506493506493,0.00552038910758492,0.00110407782151698,0.922942918985776,0.943988868274582,0.0414506864564007,0.00376865286973885,0.000753730573947769,0.0344641929499072,0.0488380952380953,0.919994291085299,0.00481639189517004,0.000963278379034008,0.910492447814169,0.928680231417146,0.058088993799987,0.00512286191975412,0.00102457238395082,0.0489123276139047,0.066378568080417,0.465246666666667,0.0142490350550484,0.00284980701100969,0.440466666666667,0.492466666666667,0.08952,0.00763888686868658,0.00152777737373732,0.0756,0.101
"II","C-PCA","Int-Euclidean",20,0.908189095191683,0.00330482370737157,0.000660964741474315,0.90248885640026,0.913787946718649,0.103217202729045,0.00455755334381544,0.000911510668763087,0.0964022092267706,0.110452452891488,0.914032284247664,0.00359374119078297,0.000718748238156594,0.907538743900463,0.92010735437871,0.119996089247382,0.00614979957654953,0.00122995991530991,0.109746381004086,0.130985167742052,0.3800275,0.010277387825748,0.0020554775651496,0.3650125,0.40085,0.1177525,0.00730901537343893,0.00146180307468779,0.1053625,0.1304125
"III","C-PCA","Int-Euclidean",20,0.992624041297935,0.00410783635879969,0.000821567271759938,0.984330678466077,0.997736578171091,0.00188985250737463,0.0019698240037367,0.000393964800747339,-0.000853982300884982,0.00585073746312683,0.988351496237877,0.00545017334838473,0.00109003466967695,0.97760139707193,0.994171023688735,0.000998272076279308,0.00163099897861686,0.000326199795723371,-0.0011788815873906,0.00469298444053956,0.83479,0.0527960738754944,0.0105592147750989,0.726,0.9054,0.02599,0.0519809400165099,0.010396188003302,-0.0715,0.12265
"IV","C-PCA","Int-Euclidean",20,0.927166583549784,0.0148978316757699,0.00297956633515398,0.898648500927643,0.953741034013605,0.0347102357452072,0.0124205159041997,0.00248410318083993,0.0173089325912183,0.0645181768707483,0.913431878179632,0.0149996683995362,0.00299993367990724,0.885648546331102,0.94142573635435,0.0523962972216249,0.0166478411875538,0.00332956823751077,0.0261933552245433,0.0891755813305558,0.466257333333333,0.0344625726265036,0.00689251452530072,0.408566666666667,0.531266666666667,0.0620885333333333,0.00885725581823342,0.00177145116364668,0.045296,0.0734786666666667
"I","IMDS","Int-Euclidean",20,0.528220828695114,0.034581229357972,0.00691624587159441,0.465795670995671,0.585480333951762,-0.057351589363018,0.0265491229046409,0.00530982458092817,-0.106627705627706,-0.018469635126778,0.506411013830612,0.0324964290898103,0.00649928581796206,0.44848644574896,0.56101282047638,-0.0545196608542028,0.0253198482167679,0.00506396964335357,-0.11023111209892,-0.0178493452735092,0.0645266666666667,0.00912384949621757,0.00182476989924351,0.0515666666666667,0.0824,-0.00346,0.00340080328201485,0.00068016065640297,-0.00836666666666667,0.00329999999999999
"II","IMDS","Int-Euclidean",20,0.564548515269656,0.0166849883765561,0.00333699767531122,0.538511785250162,0.589428362573099,-0.0403207342430149,0.02176832904138,0.004353665808276,-0.070716016894087,-0.00106678037686809,0.574401287791204,0.0171575894281391,0.00343151788562782,0.545720838832774,0.599568969292493,-0.0611188566219805,0.0222906567410357,0.00445813134820714,-0.0927498986721205,-0.0195614032107486,0.06221,0.00897959347400167,0.00179591869480033,0.0454,0.076125,-0.0050975,0.00270410808231353,0.000540821616462705,-0.0107375,-0.000325000000000005
"III","IMDS","Int-Euclidean",20,0.51940598820059,0.0373708705151309,0.00747417410302617,0.451941002949852,0.599641002949852,-0.00519758112094395,0.0393272806086629,0.00786545612173258,-0.0594023598820058,0.0587648967551622,0.498378303729867,0.0468386104947024,0.00936772209894048,0.425660660781183,0.596429958847798,-0.00122336960447806,0.0768176254904718,0.0153635250980944,-0.124099161839899,0.122275471422753,0.10003,0.0236661150170449,0.00473322300340899,0.05695,0.13635,0.00133,0.0143689697496608,0.00287379394993216,-0.0265,0.0231
"IV","IMDS","Int-Euclidean",20,0.519041822634508,0.00985481216645318,0.00197096243329064,0.50484435126778,0.538339964131107,0.00390462139764997,0.018271642686655,0.003654328537331,-0.0217967594310451,0.0377048509585652,0.524249830308169,0.0101555071643354,0.00203110143286708,0.507751220916193,0.541778151725031,-0.0321014823375179,0.0176420593085161,0.00352841186170322,-0.0586281842628824,-0.0023105511029688,0.0872561333333333,0.00668471977029759,0.00133694395405952,0.0766373333333333,0.0974666666666667,-0.00467053333333334,0.00490724244432731,0.000981448488865462,-0.0148626666666667,0.00209466666666667
"I","Int-UMAP","Int-Euclidean",20,0.779644106369821,0.0123332191818719,0.00246664383637438,0.761676932591218,0.801797526283241,-0.0916601113172541,0.0219003740474493,0.00438007480948986,-0.12678169449598,-0.057274335188621,0.771534476749996,0.0107695596861693,0.00215391193723386,0.755381317333231,0.793579435695887,-0.0764202950561072,0.0265948557914186,0.00531897115828372,-0.118169151941506,-0.0307531946232553,0.242926666666667,0.0113204665523538,0.00226409331047076,0.226066666666667,0.263133333333333,0.00723333333333333,0.00779036679590986,0.00155807335918197,-0.00503333333333334,0.0225666666666667
"II","Int-UMAP","Int-Euclidean",20,0.794624920402859,0.0689986536205719,0.0137997307241144,0.690067738791423,0.880646507472385,0.0344846231319038,0.018831870168328,0.00376637403366559,0.00461166341780377,0.0717940058479531,0.876649797780115,0.0440588135972339,0.00881176271944677,0.810330179997454,0.932000203902925,0.0224649378264284,0.0116177355220018,0.00232354710440035,0.00167596101247543,0.0450739791496946,0.426705,0.0684686965616709,0.0136937393123342,0.3243375,0.5157625,-0.022225,0.0108865180862233,0.00217730361724466,-0.0451375,-0.00587499999999999
"III","Int-UMAP","Int-Euclidean",20,0.508087935103245,0.170544043392407,0.0341088086784813,0.231243362831858,0.75399587020649,-0.00367840707964604,0.0994055498392903,0.0198811099678581,-0.19692802359882,0.184400884955752,0.478152120559771,0.17443913655142,0.0348878273102839,0.196845002970425,0.758229339158009,-0.00532112080761254,0.0908864096521176,0.0181772819304235,-0.154993756518154,0.159787141835331,0.09231,0.0910655464486981,0.0182131092897396,0.00025,0.27475,-0.00464,0.0185344667669003,0.00370689335338007,-0.0447,0.0211
"IV","Int-UMAP","Int-Euclidean",20,0.767978786889301,0.0390915617388379,0.00781831234776758,0.707302806431663,0.830694959802103,0.0327945538651824,0.034867619193018,0.0069735238386036,-0.0180636190476191,0.0902708670377242,0.783277873370054,0.0357616022776948,0.00715232045553895,0.724213285661856,0.840394346334361,0.0533325872300167,0.038567343974995,0.00771346879499899,0.000484250545497987,0.117847308748125,0.324813333333333,0.0359917467391253,0.00719834934782506,0.2525,0.383166666666667,0.0194497333333333,0.0121503700187522,0.00243007400375044,0.00180066666666666,0.0416233333333333
"I","MR-PCA","Int-Euclidean",20,0.721568658008658,0.00603159620198399,0.0012063192403968,0.711394928880643,0.731387322201608,0.186853333333333,0.00601445846363859,0.00120289169272772,0.17549820655535,0.19696586270872,0.730348556112379,0.00410495632861442,0.000820991265722884,0.722401364852448,0.736977687096728,0.22882336090321,0.0059880307354512,0.00119760614709024,0.216877394453366,0.238336840492725,0.19912,0.00691625166090984,0.00138325033218197,0.185933333333333,0.212366666666667,0.0422533333333333,0.00501043355853009,0.00100208671170602,0.0349666666666667,0.0503666666666667
"II","MR-PCA","Int-Euclidean",20,0.905270797595842,0.00276911572366125,0.000553823144732249,0.901149049707603,0.910104987004548,0.106396306042885,0.00479925664213545,0.00095985132842709,0.0981323911630928,0.113373375568551,0.912081510944677,0.00286530657310136,0.000573061314620273,0.9068930171926,0.917503706148665,0.122524765381082,0.0054016603075711,0.00108033206151422,0.112752222027106,0.131817207358597,0.3733975,0.00695181705863055,0.00139036341172611,0.3621125,0.3880375,0.118,0.00613437314272344,0.00122687462854469,0.1085625,0.1290125
"III","MR-PCA","Int-Euclidean",20,0.548215693215339,0.0154085451838553,0.00308170903677106,0.528899557522124,0.582051622418879,0.00409581120943953,0.0304476659655415,0.0060895331931083,-0.0458778761061947,0.0570259587020649,0.526373653642706,0.0291102488676296,0.00582204977352592,0.48696071194929,0.581748479428796,0.00123477069806881,0.0535422682808192,0.0107084536561638,-0.08469248087029,0.0877205017050185,0.11153,0.00662905536256864,0.00132581107251373,0.09885,0.1255,0.00151,0.0057065751550295,0.0011413150310059,-0.0086,0.0101
"IV","MR-PCA","Int-Euclidean",20,0.90722218008658,0.0180569142388278,0.00361138284776557,0.87537540507112,0.938174434137291,0.0637641820655535,0.0162239630259457,0.00324479260518913,0.0390631193568336,0.0943981620284478,0.893640098968474,0.0160462913987095,0.0032092582797419,0.866469820011456,0.922712631906752,0.0838814429820885,0.0173639305816273,0.00347278611632546,0.055327331287676,0.116636884084558,0.418640133333333,0.0360667676174394,0.00721335352348788,0.3608,0.478189333333333,0.0812638666666667,0.0108477062637769,0.00216954125275539,0.0564753333333333,0.096636
"I","SPCA","Int-Euclidean",20,0.933506493506493,0.00552038910758492,0.00110407782151698,0.922942918985776,0.943988868274582,0.0414506864564007,0.00376865286973885,0.000753730573947769,0.0344641929499072,0.0488380952380953,0.919994291085299,0.00481639189517004,0.000963278379034008,0.910492447814169,0.928680231417146,0.058088993799987,0.00512286191975412,0.00102457238395082,0.0489123276139047,0.066378568080417,0.465246666666667,0.0142490350550484,0.00284980701100969,0.440466666666667,0.492466666666667,0.08952,0.00763888686868658,0.00152777737373732,0.0756,0.101
"II","SPCA","Int-Euclidean",20,0.905248513645224,0.00255184196047745,0.00051036839209549,0.900978874269005,0.910042568226121,0.105957469135802,0.00443827242404821,0.000887654484809642,0.0984220760233919,0.112820890188434,0.912332064255179,0.00275427148028264,0.000550854296056529,0.907449242939083,0.917529814297305,0.121556528912591,0.00524395046187228,0.00104879009237446,0.1121090594823,0.130393248981427,0.3718175,0.00683837117393462,0.00136767423478692,0.361475,0.3863375,0.114995,0.00683177510180675,0.00136635502036135,0.1046125,0.12635
"III","SPCA","Int-Euclidean",20,0.992624041297935,0.00410783635879969,0.000821567271759938,0.984330678466077,0.997736578171091,0.00188985250737463,0.0019698240037367,0.000393964800747339,-0.000853982300884982,0.00585073746312683,0.988351496237877,0.00545017334838473,0.00109003466967695,0.97760139707193,0.994171023688735,0.000998272076279308,0.00163099897861686,0.000326199795723371,-0.0011788815873906,0.00469298444053956,0.83479,0.0527960738754944,0.0105592147750989,0.726,0.9054,0.02599,0.0519809400165099,0.010396188003302,-0.0715,0.12265
"IV","SPCA","Int-Euclidean",20,0.927166587012987,0.0148978406575434,0.00297956813150868,0.898648432900433,0.953741062461348,0.0347101941867656,0.0124205034101951,0.00248410068203902,0.0173088855905999,0.0645181150278293,0.913431828004441,0.014999645151979,0.00299992903039579,0.885648401891997,0.941425796005462,0.0523962572524222,0.0166478810306687,0.00332957620613373,0.0261938251612702,0.0891756199793283,0.466257733333333,0.0344623402442596,0.00689246804885191,0.408566666666667,0.531266666666667,0.0620753333333333,0.0088509980081763,0.00177019960163526,0.0452746666666667,0.0734286666666667
"I","V-PCA","Int-Euclidean",20,0.93348035868893,0.00548855217024658,0.00109771043404932,0.92268781694496,0.943763265306122,0.0415490166975881,0.00374425849377478,0.000748851698754957,0.0346674087816946,0.0492486085343228,0.919901945897408,0.00483213909344708,0.000966427818689417,0.910359965025963,0.928625144007352,0.0582899210638103,0.0052593150045527,0.00105186300091054,0.0488849912060409,0.0662674902850074,0.465226666666667,0.0143435751522468,0.00286871503044935,0.439533333333333,0.4923,0.08922,0.00767326406957827,0.00153465281391565,0.0761333333333333,0.101333333333333
"II","V-PCA","Int-Euclidean",20,0.908189392462638,0.00330468147645583,0.000660936295291165,0.902494720597791,0.91374003411306,0.10322477582846,0.00455479993952741,0.000910959987905483,0.0964173164392462,0.110452729044835,0.914029322605105,0.00359632693567872,0.000719265387135745,0.907529956187524,0.920081870009254,0.120006598731909,0.00614389806496892,0.00122877961299378,0.10976529063413,0.131004424098714,0.3800575,0.0102818344565387,0.00205636689130774,0.3650875,0.4009,0.1178225,0.0072497683152636,0.00144995366305272,0.105575,0.1301875
"III","V-PCA","Int-Euclidean",20,0.992270678466077,0.00401217985811927,0.000802435971623853,0.984804129793511,0.997814896755162,0.00227539823008851,0.00254633379350531,0.000509266758701062,-0.000852802359882053,0.0080336283185841,0.988307221915015,0.00511390831470434,0.00102278166294087,0.978139518556539,0.994008435688822,0.000906847446847186,0.00126025822885003,0.000252051645770006,-0.00120470881673849,0.00345371749091762,0.82977,0.0505308239262598,0.010106164785252,0.732,0.91175,0.02295,0.0487237643079158,0.00974475286158317,-0.07225,0.1137
"IV","V-PCA","Int-Euclidean",20,0.927075287322202,0.015005799361116,0.00300115987222319,0.898287299938157,0.953768457637601,0.0348218008658009,0.012612827323115,0.002522565464623,0.0172670080395794,0.0650421471861471,0.913363523932384,0.0150368426032248,0.00300736852064496,0.885707104123381,0.941504904511164,0.0524927082360433,0.0166934361611101,0.00333868723222202,0.0261187908770625,0.0890341633135562,0.466008133333333,0.0348472652505824,0.00696945305011649,0.406933333333333,0.531666666666667,0.0620485333333333,0.00902798889052304,0.00180559777810461,0.043918,0.0730313333333333
"I","C-PCA","Wasserstein",20,0.923222906617192,0.00363572074899213,0.000727144149798425,0.915463945578231,0.93121706864564,0.0442483116883117,0.00238038602333779,0.000476077204667558,0.0406787878787878,0.0489325912183055,0.911637536038575,0.00366275976187082,0.000732551952374165,0.903683960355647,0.918014140120035,0.0646463416928959,0.00384292479598554,0.000768584959197108,0.0584192470494118,0.0723427159962018,0.439586666666667,0.0127953188778235,0.00255906377556471,0.416433333333333,0.466666666666667,0.0955,0.00962045948698606,0.00192409189739721,0.0776333333333333,0.111166666666667
"II","C-PCA","Wasserstein",20,0.907797436647173,0.00337620186062473,0.000675240372124946,0.901890107212476,0.913433910006498,0.102714132553606,0.00454973680067293,0.000909947360134585,0.0958517706302794,0.110045890188434,0.913739091893323,0.00365213040823657,0.000730426081647313,0.907153450370474,0.919956449979742,0.119394871663231,0.00617107692046457,0.00123421538409291,0.108833460567684,0.130304246416652,0.378955,0.0100877742889186,0.00201755485778371,0.36455,0.3989625,0.110055,0.00737381522969397,0.00147476304593879,0.0983625,0.122425
"III","C-PCA","Wasserstein",20,0.793291120943953,0.0145725091135306,0.00291450182270613,0.772350737463126,0.821460619469027,0.0832405309734513,0.013249248915321,0.00264984978306419,0.0556516224188791,0.104038643067847,0.794117977252672,0.0113658822524124,0.00227317645048247,0.779107217305753,0.816908550880083,0.120161757377292,0.0137847797263215,0.00275695594526431,0.0931868314421391,0.138244436853589,0.33336,0.0174785702123105,0.00349571404246209,0.3084,0.3646,0.0527,0.0102971476633095,0.0020594295326619,0.03555,0.0713
"IV","C-PCA","Wasserstein",20,0.911272709214595,0.0178412312829938,0.00356824625659876,0.879290467532467,0.942232235003092,0.0589763082251082,0.0149461105447373,0.00298922210894746,0.036070693877551,0.0882075769944341,0.901773962373643,0.0154410169316814,0.00308820338633628,0.877295629438877,0.930376493711677,0.0736293022856246,0.015712849788078,0.00314256995761559,0.0467440305121073,0.101946894361692,0.43173,0.0375429790743593,0.00750859581487186,0.371666666666667,0.499133333333333,0.0787486666666667,0.0111493867544363,0.00222987735088726,0.054058,0.0945286666666667
"I","IMDS","Wasserstein",20,0.562538577612863,0.0143919775757546,0.00287839551515093,0.533515955473098,0.590435003092146,-0.0550653308596166,0.0136406228158013,0.00272812456316026,-0.0771364254792825,-0.0260371057513915,0.562383984384664,0.0130821488026842,0.00261642976053684,0.538485767607439,0.586783459240427,-0.0808758662903193,0.0156844878803216,0.00313689757606432,-0.100673808480633,-0.0389083232196511,0.0897933333333333,0.00666723608679315,0.00133344721735863,0.0768,0.0994333333333332,-0.00378666666666667,0.00467670547223941,0.000935341094447883,-0.0116666666666667,0.00673333333333333
"II","IMDS","Wasserstein",20,0.599319020467836,0.0202061876766861,0.00404123753533722,0.565486541585445,0.628790180311891,-0.022318216374269,0.0184556880831413,0.00369113761662825,-0.0529355588044184,0.00429416829109809,0.611974191717623,0.0215665993911719,0.00431331987823437,0.574115414663604,0.643254178177303,-0.0411487923593966,0.0199174406511479,0.00398348813022957,-0.0745449219598839,-0.00804752203274864,0.081355,0.0111542616108523,0.00223085232217046,0.0606375,0.097875,-0.0024625,0.00258034941916788,0.000516069883833575,-0.0065875,0.0017875
"III","IMDS","Wasserstein",20,0.52009383480826,0.00657822784182679,0.00131564556836536,0.509093657817109,0.530812831858407,-0.00214058997050146,0.00860380428811602,0.0017207608576232,-0.015265191740413,0.0134044247787612,0.501661423770449,0.00685417480928429,0.00137083496185686,0.491905044237043,0.512098778200772,-0.00277244594575964,0.0111064228331133,0.00222128456662266,-0.0247828499054341,0.0153540515054733,0.10075,0.00560366323637196,0.00112073264727439,0.09285,0.1137,-0.00036,0.00430665666923504,0.000861331333847008,-0.0085,0.00655
"IV","IMDS","Wasserstein",20,0.550285028324057,0.0119876565782731,0.00239753131565463,0.532438374768089,0.575557990105133,-0.0290716452690167,0.0115743530699189,0.00231487061398378,-0.0563852269635127,-0.0101978280766852,0.546267596605374,0.0122291953464159,0.00244583906928318,0.528019566419108,0.570976131088308,-0.0475983406361668,0.0166546954854111,0.00333093909708222,-0.0872522475763806,-0.0275862304492422,0.0990945333333334,0.00705986943012204,0.00141197388602441,0.0887933333333333,0.113802666666667,-0.0036756,0.00445531629171929,0.000891063258343857,-0.0109386666666667,0.00434266666666666
"I","Int-UMAP","Wasserstein",20,0.848498874458874,0.00870091724397058,0.00174018344879412,0.835551948051948,0.861357452071738,-0.00092314162028446,0.00670132645835904,0.00134026529167181,-0.014669758812616,0.0110324056895486,0.853145649095128,0.00773021221585142,0.00154604244317028,0.840057866215576,0.866110649044051,0.015727233481416,0.00782331851779509,0.00156466370355902,4.3667307213752e-05,0.0296697198741442,0.325893333333333,0.0174351231288603,0.00348702462577206,0.2952,0.3536,0.02068,0.00794336433994042,0.00158867286798808,0.0053,0.0325333333333333
"II","Int-UMAP","Wasserstein",20,0.794412535737492,0.0690881346141322,0.0138176269228264,0.689878557504874,0.880480051981807,0.0340546946068876,0.0188623690402993,0.00377247380805987,0.00484988628979859,0.0710318551007148,0.876814922089428,0.0437779101059757,0.00875558202119514,0.810331836114205,0.931890305061956,0.0205278540380083,0.0116681072176111,0.00233362144352222,0.00146256826819612,0.0427543238538614,0.425925,0.0682388383730263,0.0136477676746053,0.3238375,0.51515,-0.0263725,0.0110365969100156,0.00220731938200313,-0.0486875,-0.00925
"III","Int-UMAP","Wasserstein",20,0.84980005899705,0.0143612481358595,0.0028722496271719,0.82198407079646,0.868287758112094,0.0108794100294985,0.0126679583225486,0.00253359166450971,-0.00888348082595864,0.0309309734513274,0.88196059931384,0.0137327685243551,0.00274655370487102,0.856062115147131,0.899904847711851,0.023951906771017,0.013661043735209,0.0027322087470418,0.000879112495807684,0.0470221517506675,0.48144,0.0277956906132347,0.00555913812264695,0.4334,0.52475,0.02009,0.0164112004435995,0.0032822400887199,-0.00524999999999999,0.0459
"IV","Int-UMAP","Wasserstein",20,0.779333340754484,0.0354734690067066,0.00709469380134131,0.72089748051948,0.83518849598021,0.0276233904761905,0.0313228977730195,0.0062645795546039,-0.0188886629560915,0.0811582683982685,0.812806903141978,0.0256174929880239,0.00512349859760478,0.76498810694917,0.852696940265645,0.028002942540246,0.0259257558671737,0.00518515117343475,-0.00745175149342626,0.0832645416340314,0.338413333333333,0.0313583351787875,0.0062716670357575,0.268566666666667,0.390066666666667,0.00402933333333334,0.0116468379113532,0.00232936758227063,-0.017786,0.024914
"I","MR-PCA","Wasserstein",20,0.736167173778602,0.00535355477135124,0.00107071095427025,0.725871366728509,0.745939146567718,0.201261051329623,0.00440666575639561,0.000881333151279121,0.192072356215214,0.209171675943105,0.741635642007452,0.00564081123600354,0.00112816224720071,0.731077520623127,0.751246586704382,0.234183829697922,0.00714554292442771,0.00142910858488554,0.22049999650567,0.244998076043566,0.221613333333333,0.00871351121981137,0.00174270224396227,0.206333333333333,0.234866666666667,0.0475266666666667,0.00565289994407983,0.00113057998881597,0.0389666666666667,0.0573666666666667
"II","MR-PCA","Wasserstein",20,0.904708884015595,0.0027538256957811,0.00055076513915622,0.900697750162443,0.909550852826511,0.105858528265107,0.00473216149533359,0.000946432299066719,0.0976398960363872,0.11265937296946,0.911442106197225,0.00281505481848376,0.000563010963696752,0.906298966751661,0.916693335563889,0.122250396889266,0.00529391990810278,0.00105878398162056,0.11273814543827,0.131460637870217,0.3715325,0.00670929858480006,0.00134185971696001,0.3605625,0.3855125,0.1086225,0.00638880959340888,0.00127776191868178,0.098075,0.119725
"III","MR-PCA","Wasserstein",20,0.545565398230088,0.00560192103843691,0.00112038420768738,0.536672861356932,0.555442772861357,0.0179593510324484,0.00844391983737172,0.00168878396747434,0.00462949852507379,0.032834808259587,0.537133061437798,0.00707706121583029,0.00141541224316606,0.526328232492659,0.550471098508809,0.0369170844423885,0.0106457042300184,0.00212914084600368,0.0213166089527053,0.0564270404564759,0.11179,0.00646612970279234,0.00129322594055847,0.0984,0.12275,0.00533,0.00454131497109226,0.000908262994218451,-0.00325,0.01315
"IV","MR-PCA","Wasserstein",20,0.908416803215832,0.0186411166774778,0.00372822333549557,0.875777222016079,0.941308790352505,0.0624334451453309,0.0161033576342367,0.00322067152684733,0.0364294100185529,0.091565922077922,0.897423579878022,0.0160659742316458,0.00321319484632917,0.873092471534146,0.928298778167147,0.0789522543397436,0.0165313498842189,0.00330626997684378,0.0488279484761609,0.106817118987413,0.424502266666667,0.0385814265033972,0.00771628530067944,0.366133333333333,0.495433333333333,0.0811062666666667,0.011110498093645,0.002222099618729,0.0569226666666667,0.0952746666666667
"I","SPCA","Wasserstein",20,0.923222906617192,0.00363572074899213,0.000727144149798425,0.915463945578231,0.93121706864564,0.0442483116883117,0.00238038602333779,0.000476077204667558,0.0406787878787878,0.0489325912183055,0.911637536038575,0.00366275976187082,0.000732551952374165,0.903683960355647,0.918014140120035,0.0646463416928959,0.00384292479598554,0.000768584959197108,0.0584192470494118,0.0723427159962018,0.439586666666667,0.0127953188778235,0.00255906377556471,0.416433333333333,0.466666666666667,0.0955,0.00962045948698606,0.00192409189739721,0.0776333333333333,0.111166666666667
"II","SPCA","Wasserstein",20,0.904937176738142,0.00256079051263105,0.00051215810252621,0.900730758609487,0.909740302144249,0.105410142949967,0.00441337528365658,0.000882675056731317,0.0979961013645221,0.112323099415205,0.911920318384825,0.00271893181493535,0.000543786362987071,0.907098245876324,0.917191359753874,0.121293557598456,0.00512388996423604,0.00102477799284721,0.111671220066919,0.129889802831577,0.371405,0.0065907902124859,0.00131815804249718,0.3617625,0.3856125,0.1086825,0.00697962343032679,0.00139592468606536,0.0972125,0.121025
"III","SPCA","Wasserstein",20,0.793291120943953,0.0145725091135306,0.00291450182270613,0.772350737463126,0.821460619469027,0.0832405309734513,0.013249248915321,0.00264984978306419,0.0556516224188791,0.104038643067847,0.794117977252672,0.0113658822524124,0.00227317645048247,0.779107217305753,0.816908550880083,0.120161757377292,0.0137847797263215,0.00275695594526431,0.0931868314421391,0.138244436853589,0.33336,0.0174785702123105,0.00349571404246209,0.3084,0.3646,0.0527,0.0102971476633095,0.0020594295326619,0.03555,0.0713
"IV","SPCA","Wasserstein",20,0.911272698824985,0.0178412537531396,0.00356825075062791,0.879290364873222,0.942232335188621,0.0589763270253556,0.0149460875885116,0.00298921751770233,0.036070879406308,0.0882074359925788,0.901773796383324,0.0154409845916506,0.00308819691833011,0.877295306177044,0.93037650842172,0.0736294561264183,0.0157129595825167,0.00314259191650334,0.0467443924258073,0.101947351070221,0.431729733333333,0.037543061571323,0.0075086123142646,0.371666666666667,0.499133333333333,0.0787525333333333,0.0111544944138957,0.00223089888277913,0.0540513333333333,0.094558
"I","V-PCA","Wasserstein",20,0.923189375386518,0.00359899974537267,0.000719799949074535,0.915251948051948,0.931023809523809,0.0444180828695114,0.00231633073740192,0.000463266147480384,0.0409396413110699,0.0491290043290043,0.91161561674912,0.00363700311207351,0.000727400622414701,0.903689343908809,0.917982068900742,0.0647167498341974,0.00364950849723921,0.000729901699447842,0.0591475881625391,0.0722388112772752,0.439586666666667,0.0131672925308354,0.00263345850616707,0.4161,0.4663,0.0951,0.00936242984446839,0.00187248596889368,0.0767333333333333,0.1086
"II","V-PCA","Wasserstein",20,0.907804030214425,0.00337364248601658,0.000674728497203316,0.901906384015595,0.913407366796621,0.102709314489929,0.00453545970798405,0.00090709194159681,0.0959185347628329,0.110046393762183,0.913743533354683,0.00364477062326105,0.00072895412465221,0.907149408747413,0.919931912878557,0.119390694071524,0.00614395245699587,0.00122879049139917,0.10890600388123,0.13031303304536,0.378965,0.0100863956696219,0.00201727913392437,0.3645125,0.398925,0.11003,0.00737873140067677,0.00147574628013535,0.0981375,0.1221125
"III","V-PCA","Wasserstein",20,0.793298908554572,0.0144307587046031,0.00288615174092062,0.771569469026549,0.821728466076696,0.0829383480825959,0.0120597803162031,0.00241195606324061,0.0617026548672566,0.103105899705015,0.794200707469994,0.0115074948889663,0.00230149897779325,0.777882498925145,0.81501893125101,0.119336013227604,0.0136086728377363,0.00272173456754727,0.0978450866316,0.14004088338109,0.3325,0.0174915158005246,0.00349830316010491,0.3086,0.36395,0.05331,0.0105902077411163,0.00211804154822326,0.0353,0.0717
"IV","V-PCA","Wasserstein",20,0.911197558194187,0.0179247846131369,0.00358495692262739,0.878902392084106,0.942225059987631,0.0590747087198516,0.0150738760449159,0.00301477520898318,0.036123341991342,0.0887127272727272,0.901694898648148,0.0156052742190146,0.00312105484380292,0.876862059280167,0.930640304186677,0.0737371439288249,0.0159980895356684,0.00319961790713368,0.0462134002765969,0.102884051043482,0.431606666666667,0.0378153371295592,0.00756306742591184,0.3702,0.4994,0.0787073333333333,0.0111306690092102,0.00222613380184204,0.0546126666666667,0.095198
"I","C-PCA","Centers-Euclidean",40,0.835006492693111,0.00672939367225204,0.00134587873445041,0.821916875434934,0.846603966597077,0.0940566875434934,0.00285608341938903,0.000571216683877806,0.0896155880306193,0.100383785664579,0.82000100510451,0.00603702186665355,0.00120740437333071,0.808832790487603,0.830176444859037,0.134499774507944,0.00641697465279494,0.00128339493055899,0.125976198462289,0.146189432820222,0.414853333333333,0.0108027956343958,0.00216055912687916,0.39425,0.432816666666667,0.0846466666666667,0.00565431046652479,0.00113086209330496,0.07515,0.0944666666666666
"II","C-PCA","Centers-Euclidean",40,0.895975605138607,0.00353872948744671,0.000707745897489343,0.889888818458418,0.901951259296822,0.0783245098039216,0.00437306453353505,0.000874612906707009,0.0705581389452332,0.0853415652467885,0.905764089787409,0.00357489751822556,0.000714979503645113,0.899226463073013,0.911787081156092,0.109529395393345,0.0054809646856023,0.00109619293712046,0.0994108115621195,0.118619465842453,0.4157225,0.00811698984159408,0.00162339796831882,0.401725,0.4301125,0.1028375,0.00755147806482556,0.00151029561296511,0.0905625,0.1164375
"III","C-PCA","Centers-Euclidean",40,0.840799874551971,0.00755264786376851,0.0015105295727537,0.827531272401434,0.854567025089605,0.078926917562724,0.00533842129271846,0.00106768425854369,0.0712838709677419,0.0893096774193549,0.812119506524924,0.0072525707606158,0.00145051415212316,0.799715353422334,0.822302708415134,0.123019279361762,0.00815558302574225,0.00163111660514845,0.110136184236306,0.134289938153773,0.500285,0.0109551357819061,0.00219102715638122,0.47775,0.51845,0.09709,0.0079491810374822,0.00158983620749644,0.0833,0.11035
"IV","C-PCA","Centers-Euclidean",40,0.916435607376479,0.0195483869018686,0.00390967738037372,0.880632828810021,0.950243864300626,0.0473663301322199,0.013570468806612,0.0027140937613224,0.0254437286012526,0.0712312943632568,0.890569861295515,0.0170704329034148,0.00341408658068297,0.863871997922371,0.922662464350748,0.0748226091342319,0.0160667495460919,0.00321334990921838,0.0462151976947299,0.104115951849285,0.556443333333333,0.0420096833524173,0.00840193667048347,0.492183333333333,0.635533333333333,0.105167,0.0102930120690547,0.00205860241381093,0.0861963333333333,0.124766
"I","IMDS","Centers-Euclidean",40,0.528959032707028,0.00735864670392001,0.001471729340784,0.515023034098817,0.540644398051496,-0.000873500347947103,0.00791239486897105,0.00158247897379421,-0.0113759916492693,0.0153154488517745,0.49862133647152,0.00614770166135183,0.00122954033227037,0.486353190938422,0.508555316346507,-0.00195665384852038,0.00907333025499056,0.00181466605099811,-0.0194033489997507,0.015368146409779,0.133623333333333,0.00413292728740331,0.000826585457480662,0.1266,0.141616666666667,-0.00101,0.00252571497028289,0.000505142994056578,-0.00501666666666667,0.00261666666666666
"II","IMDS","Centers-Euclidean",40,0.577338535327924,0.0167323271876422,0.00334646543752845,0.548945512170386,0.601190994759973,-0.0438156304935768,0.0214132050640763,0.00428264101281527,-0.0774894100743746,-0.013209263015551,0.596064331804754,0.0201361097205171,0.00402722194410343,0.558733354939458,0.62434187829551,-0.063065741510787,0.0213964659801706,0.00427929319603412,-0.0951249869798159,-0.0224961765764461,0.11676375,0.0162405097488054,0.00324810194976107,0.08618125,0.13758125,-0.00721875,0.00323721694789032,0.000647443389578065,-0.0125375,-0.00135
"III","IMDS","Centers-Euclidean",40,0.543755483870968,0.0150786982823074,0.00301573965646148,0.520548387096774,0.574980107526882,0.00210200716845879,0.00890265166733101,0.0017805303334662,-0.0122612903225806,0.0160215053763441,0.499472681107026,0.0107427850296275,0.0021485570059255,0.483148973144993,0.521416855757267,-0.00101317371518324,0.00874568793331899,0.0017491375866638,-0.0169630262114712,0.0123610022271898,0.20148,0.00909889817047464,0.00181977963409493,0.186975,0.217975,-0.00085,0.00497598398979204,0.000995196797958407,-0.01015,0.007825
"IV","IMDS","Centers-Euclidean",40,0.539660982045929,0.0102090978603129,0.00204181957206258,0.52607671329158,0.562214866388309,-0.0120391181628392,0.0110403993699414,0.00220807987398828,-0.0356824843423799,0.00545047459986082,0.531922992623497,0.0105888855758137,0.00211777711516273,0.519015097900152,0.555449266923818,-0.0405319121743551,0.0154391291612429,0.00308782583224857,-0.0811140563712944,-0.0217973151960907,0.1563756,0.00711179142600774,0.00142235828520155,0.146698,0.169286666666667,-0.0049398,0.00339561632980808,0.000679123265961615,-0.011423,-2.70000000000001e-05
"I","Int-UMAP","Centers-Euclidean",40,0.592783500347947,0.0115258143491353,0.00230516286982706,0.574353166318719,0.612507028531663,-0.0679612943632568,0.0109801228610836,0.00219602457221672,-0.0920631176061239,-0.0543059846903271,0.589793114710297,0.0103618139362826,0.00207236278725652,0.573150102604846,0.609369647454875,-0.0798372702325234,0.0137771051168266,0.00275542102336532,-0.104024992175089,-0.0583977860280251,0.212736666666667,0.0122642037835501,0.00245284075671003,0.194283333333333,0.236066666666667,-0.00973666666666667,0.0065310281505827,0.00130620563011654,-0.0211166666666667,0.00158333333333333
"II","Int-UMAP","Centers-Euclidean",40,0.740768978194726,0.0737188440479257,0.0147437688095851,0.631124463319811,0.834017799188641,0.0291872329276538,0.021382845458873,0.00427656909177459,0.00316368323191345,0.0765940838404327,0.845716967871833,0.0491074587418677,0.00982149174837354,0.771873171387683,0.907520271796323,0.021818713601806,0.0131462463728012,0.00262924927456025,0.00252220684304417,0.0489073124365289,0.36462125,0.0849616456244436,0.0169923291248887,0.24231875,0.46814375,-0.00583875,0.0148115513716983,0.00296231027433966,-0.03139375,0.01630625
"III","Int-UMAP","Centers-Euclidean",40,0.544876146953405,0.00739790129634109,0.00147958025926822,0.534100089605735,0.55552858422939,0.0011205376344086,0.0087732063576931,0.00175464127153862,-0.0130290322580645,0.0143543010752688,0.503154530914673,0.00655024318195864,0.00131004863639173,0.492958615929257,0.515684620119488,-0.00393425394512697,0.013858460182537,0.00277169203650739,-0.029232111606876,0.0174262547513332,0.204295,0.00425227880083138,0.000850455760166277,0.1967,0.21,-0.003135,0.00560922788804306,0.00112184557760861,-0.0123,0.00659999999999999
"IV","Int-UMAP","Centers-Euclidean",40,0.761063395546277,0.0432160668996509,0.00864321337993018,0.695198187195547,0.830765962421712,0.0266931465553236,0.0287567168885982,0.00575134337771964,-0.0148812720946417,0.0866819220598469,0.786414929403845,0.0309603794024835,0.00619207588049671,0.734183425636323,0.836412439500929,0.0401636991279154,0.0279383391164448,0.00558766782328895,0.000642639454903196,0.0881882017169742,0.391861533333333,0.0434754036888377,0.00869508073776754,0.318416666666667,0.46615,0.0219501333333333,0.014371967779391,0.00287439355587819,-0.00302833333333334,0.044132
"I","MR-PCA","Centers-Euclidean",40,0.835006492693111,0.00672939367225204,0.00134587873445041,0.821916875434934,0.846603966597077,0.0940566875434934,0.00285608341938903,0.000571216683877806,0.0896155880306193,0.100383785664579,0.82000100510451,0.00603702186665355,0.00120740437333071,0.808832790487603,0.830176444859037,0.134499774507944,0.00641697465279494,0.00128339493055899,0.125976198462289,0.146189432820222,0.414853333333333,0.0108027956343958,0.00216055912687916,0.39425,0.432816666666667,0.0846466666666667,0.00565431046652479,0.00113086209330496,0.07515,0.0944666666666666
"II","MR-PCA","Centers-Euclidean",40,0.892180731068289,0.00298174085610534,0.000596348171221068,0.887222409567275,0.897635175794455,0.0810003262339418,0.00440840485362361,0.000881680970724722,0.0727357505070994,0.0884038286004058,0.903193961672954,0.00276843305213034,0.000553686610426068,0.89817593354257,0.908310637160565,0.112145961684702,0.00508411582577604,0.00101682316515521,0.102602734879309,0.120634682400228,0.40882125,0.00647243831042766,0.00129448766208553,0.39901875,0.4194625,0.09917125,0.00648768188770393,0.00129753637754079,0.08873125,0.1094875
"III","MR-PCA","Centers-Euclidean",40,0.840799874551971,0.00755264786376851,0.0015105295727537,0.827531272401434,0.854567025089605,0.078926917562724,0.00533842129271846,0.00106768425854369,0.0712838709677419,0.0893096774193549,0.812119506524924,0.0072525707606158,0.00145051415212316,0.799715353422334,0.822302708415134,0.123019279361762,0.00815558302574225,0.00163111660514845,0.110136184236306,0.134289938153773,0.500285,0.0109551357819061,0.00219102715638122,0.47775,0.51845,0.09709,0.0079491810374822,0.00158983620749644,0.0833,0.11035
"IV","MR-PCA","Centers-Euclidean",40,0.916435599721642,0.0195483951131416,0.00390967902262832,0.880632799582463,0.950243928322895,0.0473663226165623,0.0135704466558163,0.00271408933116326,0.0254436812804454,0.0712312372999304,0.890569764203395,0.0170704519983304,0.00341409039966608,0.863872098747569,0.922662439085933,0.0748226857496965,0.0160668649317087,0.00321337298634174,0.0462151100881491,0.104116054676962,0.556443333333333,0.0420096833524173,0.00840193667048347,0.492183333333333,0.635533333333333,0.105170866666667,0.0102994590508794,0.00205989181017588,0.0861963333333333,0.124757
"I","SPCA","Centers-Euclidean",40,0.835006492693111,0.00672939367225204,0.00134587873445041,0.821916875434934,0.846603966597077,0.0940566875434934,0.00285608341938903,0.000571216683877806,0.0896155880306193,0.100383785664579,0.82000100510451,0.00603702186665355,0.00120740437333071,0.808832790487603,0.830176444859037,0.134499774507944,0.00641697465279494,0.00128339493055899,0.125976198462289,0.146189432820222,0.414853333333333,0.0108027956343958,0.00216055912687916,0.39425,0.432816666666667,0.0846466666666667,0.00565431046652479,0.00113086209330496,0.07515,0.0944666666666666
"II","SPCA","Centers-Euclidean",40,0.892609383029074,0.00308710185289231,0.000617420370578461,0.887336122379986,0.898191611730899,0.0802538201487492,0.00445281259400359,0.000890562518800718,0.0717355138607167,0.0876286173089926,0.903636045030088,0.00271356608777301,0.000542713217554602,0.898937769158387,0.908703756480872,0.111284571871446,0.00493732033070309,0.000987464066140617,0.1017401576385,0.119221574037954,0.4093275,0.00646632225980953,0.00129326445196191,0.399675,0.4199625,0.1000625,0.00672553557540525,0.00134510711508105,0.0888375,0.1128
"III","SPCA","Centers-Euclidean",40,0.840799874551971,0.00755264786376851,0.0015105295727537,0.827531272401434,0.854567025089605,0.078926917562724,0.00533842129271846,0.00106768425854369,0.0712838709677419,0.0893096774193549,0.812119506524924,0.0072525707606158,0.00145051415212316,0.799715353422334,0.822302708415134,0.123019279361762,0.00815558302574225,0.00163111660514845,0.110136184236306,0.134289938153773,0.500285,0.0109551357819061,0.00219102715638122,0.47775,0.51845,0.09709,0.0079491810374822,0.00158983620749644,0.0833,0.11035
"IV","SPCA","Centers-Euclidean",40,0.916435594989561,0.0195483971348795,0.0039096794269759,0.880632805149617,0.950243901878914,0.0473663627000696,0.0135704530229297,0.00271409060458595,0.025443729993041,0.0712312400835073,0.890569771821338,0.0170704586604782,0.00341409173209565,0.863871716054075,0.922662597113715,0.0748227443348227,0.0160669149215337,0.00321338298430674,0.0462153245781171,0.10411647894662,0.556443333333333,0.0420096833524173,0.00840193667048347,0.492183333333333,0.635533333333333,0.105168866666667,0.0102893909845691,0.00205787819691383,0.0862156666666667,0.12475
"I","V-PCA","Centers-Euclidean",40,0.834839241475296,0.0068483188070556,0.00136966376141112,0.821205915100905,0.846542136395268,0.0942800695894224,0.00305295503436276,0.000610591006872552,0.0890112038970077,0.100396311760613,0.819891656877581,0.00601598362023763,0.00120319672404753,0.808386259370926,0.830198548668203,0.134633497342388,0.00637806483482703,0.00127561296696541,0.124876195932257,0.146361969158904,0.41453,0.0109037741936756,0.00218075483873511,0.39405,0.43295,0.08393,0.00584897110293451,0.0011697942205869,0.0740333333333333,0.0937166666666666
"II","V-PCA","Centers-Euclidean",40,0.895982900608519,0.00354073788952438,0.000708147577904877,0.889903105983773,0.901961540736985,0.0783217748478702,0.00437168743237042,0.000874337486474084,0.0705728363759297,0.085323791413117,0.905760698020497,0.00357734560593587,0.000715469121187174,0.899242111062248,0.911773405305311,0.109542156968143,0.00547847863170982,0.00109569572634196,0.0994498334291805,0.118592089373675,0.4157375,0.00812659239203308,0.00162531847840662,0.40171875,0.43016875,0.10285625,0.00753229807714197,0.00150645961542839,0.0905625,0.1164375
"III","V-PCA","Centers-Euclidean",40,0.840924892473118,0.00757939731051261,0.00151587946210252,0.827409677419355,0.854307795698925,0.078643835125448,0.00554232997744845,0.00110846599548969,0.0702985663082437,0.0898745519713262,0.811952238207671,0.00692644580484805,0.00138528916096961,0.799965626457122,0.822075983448399,0.123437093731262,0.00727745162264396,0.00145549032452879,0.11297708679263,0.134665388653438,0.500435,0.0108897242274541,0.00217794484549081,0.47755,0.5183,0.09758,0.00862680234791548,0.0017253604695831,0.084575,0.113475
"IV","V-PCA","Centers-Euclidean",40,0.916409614613779,0.0195887386203461,0.00391774772406922,0.880390628392485,0.950229075852471,0.047363765901183,0.01360513952601,0.00272102790520199,0.0255061169102296,0.0714172456506611,0.890504988731902,0.0171481030360396,0.00342962060720792,0.863807402500114,0.922693122619547,0.0748876523417335,0.0161630838904362,0.00323261677808724,0.0461227519972601,0.104056192672872,0.55641,0.0423139850797976,0.00846279701595952,0.491233333333333,0.63555,0.105306666666667,0.0106134200949134,0.00212268401898267,0.0847793333333333,0.125581333333333
"I","C-PCA","Hausdorff",40,0.969336005567154,0.00171434400350153,0.000342868800700307,0.966107167710508,0.972846798886569,0.0132115518441197,0.00120026279935532,0.000240052559871065,0.0116203897007654,0.0159009742519137,0.933787846057599,0.00224792943111407,0.000449585886222814,0.929380955283983,0.93761004794315,0.0327905902507172,0.00188624041176004,0.000377248082352008,0.0293052017473117,0.0364657196138346,0.663703333333333,0.0103842573603471,0.00207685147206943,0.644516666666667,0.686733333333333,0.107046666666667,0.0089429480287233,0.00178858960574466,0.0904333333333333,0.124316666666667
"II","C-PCA","Hausdorff",40,0.895141792596349,0.00360012568648242,0.000720025137296484,0.888951195909398,0.90124710530764,0.0778787068965517,0.00439711076128726,0.000879422152257451,0.0700918526031102,0.0850210023664639,0.905096012323064,0.00353298837621024,0.000706597675242048,0.898604862431886,0.91117356519749,0.109490017590117,0.00541453667060522,0.00108290733412104,0.0993274263011701,0.118414976482587,0.41405375,0.00823883852775732,0.00164776770555146,0.3995375,0.42814375,0.09966625,0.00776496329340433,0.00155299265868087,0.0865,0.11436875
"III","C-PCA","Hausdorff",40,0.784839534050179,0.017058529907073,0.00341170598141459,0.761547222222222,0.818974910394265,0.0521016487455197,0.0109773959991109,0.00219547919982219,0.0298232974910395,0.0688878136200717,0.778654512038509,0.0120992791798586,0.00241985583597171,0.762288204138124,0.803268472251288,0.102515399231844,0.0128996988004218,0.00257993976008437,0.079544553027004,0.1216695957323,0.44587,0.0210930935083027,0.00421861870166053,0.415025,0.489775,0.06019,0.0137079432568615,0.00274158865137229,0.035775,0.08325
"IV","C-PCA","Hausdorff",40,0.925780393876131,0.0177153534414685,0.0035430706882937,0.893317949895616,0.956246022964509,0.0404949973556019,0.0118659707958821,0.00237319415917642,0.021832270006959,0.060343248434238,0.906806396583893,0.0148010726555755,0.0029602145311151,0.882432716869114,0.934070980089533,0.0603790971523344,0.0135612873989023,0.00271225747978046,0.0376233388249875,0.0857050144664285,0.582961933333333,0.0413219276088956,0.00826438552177912,0.518816666666667,0.664033333333333,0.101524666666667,0.0128120971391046,0.00256241942782091,0.0815176666666667,0.128348
"I","IMDS","Hausdorff",40,0.582853180236604,0.0174775929229748,0.00349551858459496,0.55077139874739,0.617215379262352,-0.0405230619345859,0.0116678753862595,0.0023335750772519,-0.0594077940153097,-0.0157386917188588,0.571039572096042,0.0144350667436792,0.00288701334873584,0.545838702962559,0.59971524100674,-0.085538280100592,0.0133367333025696,0.00266734666051391,-0.102529712371286,-0.0553713564160045,0.178856666666667,0.0127997513358369,0.00255995026716738,0.15435,0.1996,-0.01538,0.0046812198671334,0.00093624397342668,-0.0226166666666667,-0.00638333333333333
"II","IMDS","Hausdorff",40,0.586737084178499,0.0159931729958332,0.00319863459916664,0.559317334347532,0.612569958586883,-0.0110005172413793,0.0182877681986294,0.00365755363972588,-0.0415717799188642,0.0130231237322515,0.604826405353726,0.0199201100746764,0.00398402201493527,0.569663698022516,0.632648167453688,-0.023855524619436,0.0160714116348974,0.00321428232697949,-0.0502174821747907,-0.000104852688080994,0.1199975,0.0157877073216461,0.00315754146432922,0.0915625,0.14143125,-0.00174375,0.00242163977352296,0.000484327954704592,-0.00610625,0.0023
"III","IMDS","Hausdorff",40,0.540242329749104,0.00814127472402247,0.00162825494480449,0.52887517921147,0.554504928315412,-0.000478709677419366,0.00714067520471491,0.00142813504094298,-0.011226523297491,0.0151152329749103,0.498485714687271,0.00629284578131882,0.00125856915626376,0.489121664524344,0.509308200107561,-0.00179031252543025,0.0102807235163461,0.00205614470326923,-0.0173946102217109,0.0159420193919283,0.201165,0.00505358268129321,0.00101071653625864,0.192025,0.209425,0.000285,0.00421068210032531,0.000842136420065063,-0.00879999999999999,0.007525
"IV","IMDS","Hausdorff",40,0.553452903688239,0.0140480536448467,0.00280961072896935,0.53524364578984,0.583563349338901,-0.0125877397355602,0.0106379278416245,0.0021275855683249,-0.0341952526096033,0.00316750034794711,0.542053719084988,0.0123945255056971,0.00247890510113941,0.524710822527415,0.568743375339904,-0.0378828436454889,0.0132703690237588,0.00265407380475175,-0.0684950990546587,-0.0191478136462717,0.163983333333333,0.00976540433158087,0.00195308086631617,0.149933333333333,0.184407333333333,-0.005534,0.00375133139945253,0.000750266279890507,-0.0111,0.00195733333333333
"I","Int-UMAP","Hausdorff",40,0.925354495476688,0.00640025344509051,0.0012800506890181,0.913786464857342,0.9347208072373,-0.0120585525400139,0.00605454956455297,0.00121090991291059,-0.0227721642310368,-0.00144697286012525,0.892728616956253,0.0062059423640426,0.00124118847280852,0.880636482706245,0.902190959720615,-0.00247912171093964,0.006938847886429,0.0013877695772858,-0.016591680654776,0.00881740277242116,0.521816666666667,0.0160174600913434,0.00320349201826867,0.49345,0.5481,0.0115733333333333,0.00914186417288922,0.00182837283457784,-0.0121666666666667,0.0248166666666667
"II","Int-UMAP","Hausdorff",40,0.740263182893847,0.0740661495266728,0.0148132299053346,0.63087390551048,0.833722185598377,0.029131724137931,0.0213379582857959,0.00426759165715917,0.00249532623394186,0.0763241379310345,0.844773105285342,0.0495047006393283,0.00990094012786566,0.770897043226278,0.907031940680136,0.0209898459851096,0.0133552995551989,0.00267105991103978,0.00295546603642252,0.0486920290275241,0.3634025,0.0848572101815259,0.0169714420363052,0.2416875,0.46664375,-0.006645,0.0142321362125253,0.00284642724250507,-0.032175,0.0150125
"III","Int-UMAP","Hausdorff",40,0.811906433691756,0.0163390773830979,0.00326781547661957,0.78658458781362,0.837346594982079,0.00688032258064517,0.0118160832591871,0.00236321665183741,-0.0121216845878137,0.0280467741935484,0.858206888601395,0.015175513522759,0.0030351027045518,0.830049344013347,0.881097447156929,0.0196714182211598,0.0111932770494418,0.00223865540988837,0.000329863031373871,0.0380617197753828,0.52099,0.0239430726759676,0.00478861453519352,0.475325,0.5558,0.011275,0.0160707258444249,0.00321414516888498,-0.01805,0.037425
"IV","Int-UMAP","Hausdorff",40,0.760568735421016,0.0412234836051616,0.00824469672103231,0.702410473903967,0.829169157967989,0.0335671215031315,0.0260963260027778,0.00521926520055555,-0.00588495198329853,0.0816795476687543,0.794603772196234,0.0277858260784482,0.00555716521568965,0.74903679389285,0.838050718729205,0.0274304855938482,0.0225403450975929,0.00450806901951858,-0.00564990176145535,0.0743022827947452,0.389456666666667,0.0419241980201129,0.00838483960402258,0.320933333333333,0.457766666666667,0.008667,0.0132465876895398,0.00264931753790795,-0.00920933333333333,0.032541
"I","MR-PCA","Hausdorff",40,0.700031322199026,0.00914852205208977,0.00182970441041795,0.686976443980515,0.716241510090466,0.121177244258873,0.00564051649364807,0.00112810329872961,0.110293806541406,0.129701530967293,0.724885935908051,0.0127803600840311,0.00255607201680623,0.708256028125436,0.751688033780905,0.184297803899907,0.0160650832604168,0.00321301665208336,0.15467795688352,0.20733068631476,0.260043333333333,0.00979932088538874,0.00195986417707775,0.2455,0.27575,0.0696466666666667,0.00515423459489955,0.00103084691897991,0.0616333333333333,0.0797333333333333
"II","MR-PCA","Hausdorff",40,0.891622628465179,0.00300143863359451,0.000600287726718903,0.886702193204868,0.897007331812035,0.0808223563218391,0.00442800408803782,0.000885600817607563,0.0726783045977011,0.0877127873563218,0.902615933225526,0.00290156527708512,0.000580313055417024,0.897562701522473,0.907877269862987,0.112412485337707,0.00525228613506645,0.00105045722701329,0.102603106426819,0.12152871091975,0.4072875,0.00640117939572466,0.00128023587914493,0.3968375,0.41769375,0.09880875,0.00635253343081194,0.00127050668616239,0.08810625,0.1098125
"III","MR-PCA","Hausdorff",40,0.582879103942652,0.00716750404881165,0.00143350080976233,0.57335,0.598763709677419,0.00361412186379928,0.00493932443053815,0.000987864886107629,-0.00497777777777779,0.01178458781362,0.551787918003588,0.0109788312504288,0.00219576625008577,0.535157126804726,0.573583138021834,0.00795750991663047,0.0120031135714322,0.00240062271428643,-0.00810062351963455,0.0296428793138276,0.23185,0.00679105953319019,0.00135821190663804,0.2236,0.2469,0.001755,0.00377396508992863,0.000754793017985726,-0.0036,0.009325
"IV","MR-PCA","Hausdorff",40,0.917376750034795,0.0196616176984466,0.00393232353968931,0.880888500347947,0.952672306889353,0.0446717787056367,0.0132407006881088,0.00264814013762176,0.0237364857341684,0.0673176910229645,0.8963112800865,0.0164174773684807,0.00328349547369614,0.870648763069673,0.929621635584024,0.0652482410882532,0.0141799091821528,0.00283598183643057,0.0379189715221028,0.0880392615140927,0.5617948,0.0433179335892704,0.00866358671785408,0.493633333333333,0.651,0.0978406666666667,0.010884802276654,0.0021769604553308,0.0794333333333333,0.120651
"I","SPCA","Hausdorff",40,0.969336005567154,0.00171434400350153,0.000342868800700307,0.966107167710508,0.972846798886569,0.0132115518441197,0.00120026279935532,0.000240052559871065,0.0116203897007654,0.0159009742519137,0.933787846057599,0.00224792943111407,0.000449585886222814,0.929380955283983,0.93761004794315,0.0327905902507172,0.00188624041176004,0.000377248082352008,0.0293052017473117,0.0364657196138346,0.663703333333333,0.0103842573603471,0.00207685147206943,0.644516666666667,0.686733333333333,0.107046666666667,0.0089429480287233,0.00178858960574466,0.0904333333333333,0.124316666666667
"II","SPCA","Hausdorff",40,0.891830525693036,0.00305890613824719,0.000611781227649438,0.886718796484111,0.897386684415145,0.0798480189317106,0.00440462150540506,0.000880924301081012,0.0713814739688979,0.0868574712643678,0.903063985090655,0.00275550615127617,0.000551101230255235,0.898317925233894,0.908290635809126,0.111168603048694,0.00504334599730491,0.00100866919946098,0.101302511768782,0.119535662454179,0.40771625,0.00627348400512029,0.00125469680102406,0.39819375,0.41829375,0.0974725,0.00678108390733615,0.00135621678146723,0.08648125,0.1098125
"III","SPCA","Hausdorff",40,0.784839534050179,0.017058529907073,0.00341170598141459,0.761547222222222,0.818974910394265,0.0521016487455197,0.0109773959991109,0.00219547919982219,0.0298232974910395,0.0688878136200717,0.778654512038509,0.0120992791798586,0.00241985583597171,0.762288204138124,0.803268472251288,0.102515399231844,0.0128996988004218,0.00257993976008437,0.079544553027004,0.1216695957323,0.44587,0.0210930935083027,0.00421861870166053,0.415025,0.489775,0.06019,0.0137079432568615,0.00274158865137229,0.035775,0.08325
"IV","SPCA","Hausdorff",40,0.925780387056368,0.017715377710351,0.0035430755420702,0.893317940848991,0.95624604940849,0.0404950360473208,0.0118659578981999,0.00237319157963998,0.0218324314544189,0.0603433389004871,0.906806307352281,0.0148010740242169,0.00296021480484337,0.882432653885028,0.934071377319618,0.0603792005663284,0.0135614233492637,0.00271228466985274,0.0376232507545423,0.0857055109661881,0.582962066666667,0.0413217489234493,0.00826434978468986,0.518816666666667,0.664033333333333,0.1015292,0.0128242559447727,0.00256485118895454,0.081476,0.128391
"I","V-PCA","Hausdorff",40,0.969332185107864,0.00175554037411409,0.000351108074822817,0.965987578288101,0.972841057759221,0.0132262352122477,0.00120287503653004,0.000240575007306007,0.0116538622129437,0.0158617954070981,0.933723820627257,0.00228767006270089,0.000457534012540179,0.92897668664865,0.937518238212826,0.0329563950717133,0.0018630645456564,0.000372612909131281,0.0295680123106309,0.0365810287938868,0.66355,0.0108262530281547,0.00216525060563094,0.642533333333333,0.686433333333333,0.107863333333333,0.00900886523252388,0.00180177304650478,0.09155,0.1246
"II","V-PCA","Hausdorff",40,0.895146598208249,0.00360114053275817,0.000720228106551634,0.888960687119676,0.901260256085193,0.0778802789046653,0.00439774751304104,0.000879549502608209,0.0700941260987154,0.0850011578769439,0.905102897542164,0.00354917441398216,0.000709834882796432,0.898576722360915,0.911176656916596,0.109482414461246,0.00543753868551749,0.0010875077371035,0.0993098998908579,0.118455703785171,0.41407,0.00823938059432413,0.00164787611886483,0.39951875,0.42815,0.099685,0.00778211758884859,0.00155642351776972,0.08649375,0.11445625
"III","V-PCA","Hausdorff",40,0.784745071684588,0.0168725456358607,0.00337450912717214,0.760300806451613,0.819904928315412,0.0515236917562724,0.0114884494087182,0.00229768988174364,0.0275259856630824,0.0687417562724014,0.778408752399479,0.0118811538186613,0.00237623076373226,0.761476968836953,0.801231649633248,0.102244131080059,0.0124698196650329,0.00249396393300658,0.0804820673308249,0.123611483852292,0.44563,0.0198942673903816,0.00397885347807632,0.4166,0.490875,0.06083,0.0126263345004267,0.00252526690008535,0.036125,0.082725
"IV","V-PCA","Hausdorff",40,0.925748182185108,0.0177267527512065,0.0035453505502413,0.893214888656924,0.956176311064718,0.0405052356297843,0.0118696462148943,0.00237392924297885,0.0217577842727905,0.0604080904662491,0.906634285996242,0.0149077574542761,0.00298155149085522,0.882153890131067,0.934099506538152,0.0606627205800081,0.0137332037518836,0.00274664075037672,0.0375509722693273,0.086462129652048,0.582885,0.0412442253253128,0.00824884506506257,0.51905,0.663433333333333,0.1013684,0.0129242468571315,0.00258484937142631,0.080901,0.128130666666667
"I","C-PCA","Ichino-Yaguchi",40,0.925013152400835,0.00498731960002823,0.000997463920005645,0.915322407794015,0.93561851078636,0.0181369798190675,0.00367361682579741,0.000734723365159483,0.0110077940153097,0.0232317327766179,0.907153983445064,0.00391794614379854,0.000783589228759707,0.898696749376292,0.914700216513713,0.0548629631662364,0.0036296997473321,0.00072593994946642,0.0492947369082157,0.0623122214675298,0.58144,0.0140863639079837,0.00281727278159675,0.5548,0.60885,0.120553333333333,0.0074550691180939,0.00149101382361878,0.107583333333333,0.132966666666667
"II","C-PCA","Ichino-Yaguchi",40,0.895977794117647,0.00353994547630841,0.000707989095261683,0.889887550709939,0.901954978025693,0.0783292089249493,0.004375867475425,0.000875173495085,0.0705607082488169,0.0853528904665314,0.905755054399432,0.00358110841611077,0.000716221683222155,0.899227997396011,0.911803129849242,0.109569445207365,0.00549173799354068,0.00109834759870814,0.0994026805332692,0.118629092012245,0.41573125,0.00812348243039123,0.00162469648607825,0.40174375,0.43014375,0.10293375,0.00752842551634858,0.00150568510326972,0.0907625,0.11653125
"III","C-PCA","Ichino-Yaguchi",40,0.784957258064516,0.0163353472612674,0.00326706945225347,0.760024820788531,0.81636747311828,0.0560650537634408,0.0110016151775853,0.00220032303551706,0.0344485663082438,0.0737252688172042,0.777140971715254,0.011757820363547,0.0023515640727094,0.760983172216977,0.803246424130391,0.109707493386715,0.0128562195131476,0.00257124390262952,0.0860371051831925,0.128945674414553,0.44581,0.0208006447716571,0.00416012895433142,0.417025,0.4854,0.063065,0.0123397604312239,0.00246795208624479,0.0429,0.08515
"IV","C-PCA","Ichino-Yaguchi",40,0.918656643980515,0.018960316109037,0.00379206322180739,0.883514988865692,0.951121547668754,0.0442737867780097,0.0127733784799269,0.00255467569598537,0.024458040361865,0.0675254822546973,0.896048713898944,0.0163986333711381,0.00327972667422763,0.869304474929415,0.925535350108687,0.0670727798103505,0.0151148410947253,0.00302296821894506,0.0419972799628502,0.0935977302785337,0.561812133333333,0.0414333125349685,0.0082866625069937,0.496823,0.639253666666667,0.0981122666666667,0.00935656617182702,0.0018713132343654,0.0796966666666667,0.11549
"I","IMDS","Ichino-Yaguchi",40,0.57189475295755,0.015667661132904,0.00313353222658081,0.543437439109255,0.603929123173277,-0.0351497286012526,0.0093448475874847,0.00186896951749694,-0.0500155184411969,-0.0160741823242867,0.560096465141398,0.0137312407888817,0.00274624815777634,0.537213264326213,0.588089078090136,-0.066827131465084,0.012711069722878,0.0025422139445756,-0.0823670420915972,-0.0348990360186441,0.16533,0.0103180184449161,0.00206360368898321,0.145466666666667,0.186083333333333,-0.0091,0.00369997497489034,0.000739994994978069,-0.0147,-0.0035
"II","IMDS","Ichino-Yaguchi",40,0.592948411933739,0.0177232664288231,0.00354465328576462,0.56160656693712,0.618266941345504,-0.00848821331981067,0.0201600189270877,0.00403200378541754,-0.0399481828938471,0.0160707319134551,0.611361316241403,0.0210039250252924,0.00420078500505849,0.574054838163758,0.64060782575879,-0.0184631639200802,0.0187982367903646,0.00375964735807291,-0.0505183679626118,0.00923812791938714,0.123615,0.0164092574624433,0.00328185149248865,0.0939625,0.14566875,-0.000814999999999999,0.00184100961601236,0.000368201923202473,-0.0042125,0.0021125
"III","IMDS","Ichino-Yaguchi",40,0.540148315412186,0.00867558376956115,0.00173511675391223,0.527870967741935,0.555331989247312,-0.000716702508960588,0.00677118072355768,0.00135423614471154,-0.011994623655914,0.0133388888888889,0.498063802081198,0.00744891016357278,0.00148978203271456,0.487062712835257,0.510832037672321,-0.00245427904167852,0.00789964366109319,0.00157992873221864,-0.0162421900868394,0.011754360593274,0.20078,0.00592183019991849,0.0011843660399837,0.191375,0.2112,-0.000345000000000001,0.00480820695963336,0.000961641391926672,-0.010025,0.00792499999999999
"IV","IMDS","Ichino-Yaguchi",40,0.550110347807933,0.0139224749175889,0.00278449498351777,0.532900921363953,0.583368675713291,-0.0085564857341684,0.0108966909337231,0.00217933818674462,-0.0342326694502435,0.00820399164926932,0.541482405533165,0.0119961539183348,0.00239923078366696,0.523627200140899,0.567111222822882,-0.0375718398976341,0.0135233564591143,0.00270467129182286,-0.0699108398916932,-0.019797661945391,0.162583733333333,0.00947352428261694,0.00189470485652339,0.149033333333333,0.181982,-0.0061414,0.00295511584343967,0.000591023168687934,-0.0103153333333333,-0.000497000000000005
"I","Int-UMAP","Ichino-Yaguchi",40,0.862867898399443,0.00790468854630902,0.0015809377092618,0.850817814892136,0.875071816283925,-0.00111764787752261,0.00391358254242496,0.000782716508484992,-0.00660257480862907,0.00707272094641613,0.856133004001688,0.00784656461264174,0.00156931292252835,0.843391233321622,0.868063257180767,0.0232764636846064,0.0073339211229283,0.00146678422458566,0.00810135308790479,0.0368072544001274,0.449803333333333,0.0166527872764314,0.00333055745528627,0.42065,0.476066666666667,0.0333133333333333,0.00860667269127943,0.00172133453825589,0.0121666666666666,0.04315
"II","Int-UMAP","Ichino-Yaguchi",40,0.741146767241379,0.0733548339368205,0.0146709667873641,0.631621855983773,0.833966480730223,0.0288816615956727,0.0213501965303258,0.00427003930606516,0.00298157538877619,0.0765264874915482,0.846489249799,0.0485824979228703,0.00971649958457406,0.772993174654743,0.907710831425304,0.0210913503029446,0.0131209017862764,0.00262418035725529,0.00225758218878413,0.0484598662250695,0.3653275,0.0843223244716183,0.0168644648943237,0.24345625,0.46810625,-0.006695,0.0147752676847579,0.00295505353695157,-0.03213125,0.0146625
"III","Int-UMAP","Ichino-Yaguchi",40,0.815296845878136,0.0161484728715867,0.00322969457431734,0.787170967741935,0.839445788530466,0.00680924731182798,0.0125092404607475,0.00250184809214949,-0.0142252688172042,0.0255754480286739,0.863302505614004,0.0147557694552169,0.00295115389104338,0.835760903564066,0.882645180451826,0.0208324758269601,0.0122387950047263,0.00244775900094526,-0.00013225814211312,0.0419763622548319,0.52769,0.0229977387928321,0.00459954775856641,0.48025,0.560475,0.013815,0.014557273740299,0.00291145474805981,-0.015575,0.033325
"IV","Int-UMAP","Ichino-Yaguchi",40,0.76552145302714,0.0409126975433639,0.00818253950867278,0.705572041057759,0.83135191927627,0.0218867373695198,0.0266573276450796,0.00533146552901592,-0.0170759526791928,0.0735280111343076,0.800847766670503,0.0265004095673134,0.00530008191346268,0.753605874733146,0.842105337302194,0.0238355161959498,0.0239876438176305,0.0047975287635261,-0.00962424972760834,0.0720012945712304,0.4002,0.0401039303744842,0.00802078607489684,0.327316666666667,0.467366666666667,0.0106674,0.0147027105642186,0.00294054211284372,-0.013646,0.0356406666666667
"I","MR-PCA","Ichino-Yaguchi",40,0.699468503827418,0.0040562937317005,0.000811258746340099,0.693064718162839,0.706928148921364,0.194130855949896,0.00527696764378616,0.00105539352875723,0.183712247738344,0.201318510786361,0.704035988352602,0.00584687532925915,0.00116937506585183,0.694334306462164,0.714990608857794,0.246331418102461,0.00847381588333944,0.00169476317666789,0.230343523866661,0.256274675599086,0.297713333333333,0.00586509606501482,0.00117301921300296,0.28745,0.306566666666667,0.0588466666666667,0.00579175059891223,0.00115835011978245,0.0503666666666667,0.0718166666666667
"II","MR-PCA","Ichino-Yaguchi",40,0.892172326741041,0.00297908440522862,0.000595816881045724,0.887229551217039,0.897642452670723,0.0809851098715348,0.00441215725109783,0.000882431450219566,0.0726824881676809,0.0883941430020285,0.903068741342993,0.00274817357470269,0.000549634714940538,0.898122874584398,0.908234599496225,0.112299745147381,0.00499935905646911,0.000999871811293822,0.102729244104257,0.120740857342703,0.40876625,0.00648051541762883,0.00129610308352577,0.3989875,0.4195375,0.0992,0.00667247265082755,0.00133449453016551,0.08805,0.1094625
"III","MR-PCA","Ichino-Yaguchi",40,0.543798727598566,0.00512014216602807,0.00102402843320561,0.536409498207886,0.553245161290323,0.00180476702508961,0.00512225087380203,0.00102445017476041,-0.00797114695340497,0.0114313620071685,0.503504893084574,0.00579543758815565,0.00115908751763113,0.495946226016382,0.513827962632955,0.00353341456238916,0.0106534190385852,0.00213068380771703,-0.0124904412836838,0.0235569711999862,0.202525,0.00426361178071675,0.00085272235614335,0.1958,0.210475,0.001505,0.00491761290329634,0.000983522580659268,-0.005875,0.010525
"IV","MR-PCA","Ichino-Yaguchi",40,0.91651652651357,0.0194675850503343,0.00389351701006685,0.880748973556019,0.950284463465553,0.047077462769659,0.0134361756637203,0.00268723513274406,0.0253140542797495,0.0702043562978427,0.892098061777461,0.0167659209381337,0.00335318418762674,0.865704099143718,0.924070736613213,0.0718888316146781,0.0155032231960382,0.00310064463920765,0.0436988729606498,0.0975386308252614,0.556735066666667,0.041748310246577,0.0083496620493154,0.492366666666667,0.635526,0.1035026,0.00970606531781568,0.00194121306356314,0.0859633333333333,0.123713
"I","SPCA","Ichino-Yaguchi",40,0.925013152400835,0.00498731960002823,0.000997463920005645,0.915322407794015,0.93561851078636,0.0181369798190675,0.00367361682579741,0.000734723365159483,0.0110077940153097,0.0232317327766179,0.907153983445064,0.00391794614379854,0.000783589228759707,0.898696749376292,0.914700216513713,0.0548629631662364,0.0036296997473321,0.00072593994946642,0.0492947369082157,0.0623122214675298,0.58144,0.0140863639079837,0.00281727278159675,0.5548,0.60885,0.120553333333333,0.0074550691180939,0.00149101382361878,0.107583333333333,0.132966666666667
"II","SPCA","Ichino-Yaguchi",40,0.89261220250169,0.00308750811927544,0.000617501623855089,0.887335784313726,0.898194295131846,0.0802577180527383,0.0044528551879097,0.00089057103758194,0.0717382437457742,0.087628059499662,0.903611984728688,0.00271509005750954,0.000543018011501908,0.898908120518476,0.908728110331875,0.111354225770402,0.00494295660156052,0.000988591320312104,0.101715132393015,0.119353852927202,0.40933375,0.00647171656010791,0.00129434331202158,0.399675,0.41998125,0.10017125,0.00672002240858429,0.00134400448171686,0.0888,0.11275625
"III","SPCA","Ichino-Yaguchi",40,0.784957258064516,0.0163353472612674,0.00326706945225347,0.760024820788531,0.81636747311828,0.0560650537634408,0.0110016151775853,0.00220032303551706,0.0344485663082438,0.0737252688172042,0.777140971715254,0.011757820363547,0.0023515640727094,0.760983172216977,0.803246424130391,0.109707493386715,0.0128562195131476,0.00257124390262952,0.0860371051831925,0.128945674414553,0.44581,0.0208006447716571,0.00416012895433142,0.417025,0.4854,0.063065,0.0123397604312239,0.00246795208624479,0.0429,0.08515
"IV","SPCA","Ichino-Yaguchi",40,0.918657168545581,0.0189598887079195,0.00379197774158391,0.883516325678497,0.951122222686152,0.044272359638135,0.0127723153798769,0.00255446307597538,0.0244583674321503,0.0675231718858733,0.896049103378764,0.0163976957857874,0.00327953915715747,0.869305522614481,0.925535363363602,0.0670712218216518,0.0151128970982529,0.00302257941965059,0.0419980122423698,0.0935898454868984,0.561816733333333,0.0414337880592059,0.00828675761184117,0.496833666666667,0.639263666666667,0.0981230666666666,0.00936471643002684,0.00187294328600537,0.079685,0.115519666666667
"I","V-PCA","Ichino-Yaguchi",40,0.925072324286708,0.00499959860087481,0.000999919720174961,0.91499509394572,0.93527860125261,0.018382282533055,0.00348658650758977,0.000697317301517954,0.0118141962421712,0.0236149617258177,0.907100756064569,0.00393839077883253,0.000787678155766507,0.898588832028005,0.914604393222322,0.0551061248376237,0.003388087556157,0.0006776175112314,0.0504253319981139,0.0624323183547476,0.581546666666667,0.0140955543622014,0.00281911087244029,0.5542,0.608683333333333,0.120636666666667,0.00730834917013366,0.00146166983402673,0.107833333333333,0.13355
"II","V-PCA","Ichino-Yaguchi",40,0.895985873901285,0.00354178011752132,0.000708356023504263,0.88991040821501,0.901969079614604,0.0783247870182556,0.00437277138002088,0.000874554276004175,0.0705694895199459,0.0853175202839757,0.905754425467025,0.00358599535664147,0.000717199071328295,0.899240719830556,0.911794229474066,0.10957673137033,0.00549793996528223,0.00109958799305645,0.0994328131562896,0.118607688324902,0.41574875,0.00813086467028312,0.00162617293405662,0.4017375,0.4302,0.10295875,0.00750834886871774,0.00150166977374355,0.09073125,0.116475
"III","V-PCA","Ichino-Yaguchi",40,0.785315681003584,0.0162176471343626,0.00324352942687253,0.759263620071684,0.817701164874552,0.0548096415770609,0.0120544857985075,0.00241089715970151,0.0314091397849462,0.0745806451612903,0.777120146002017,0.0114242843163927,0.00228485686327853,0.76042549790256,0.798646923862127,0.109220308357694,0.0117646508620584,0.00235293017241168,0.0935367727926521,0.12943409763847,0.44635,0.019669866441675,0.003933973288335,0.4156,0.486225,0.063565,0.0112501226845162,0.00225002453690325,0.044325,0.086775
"IV","V-PCA","Ichino-Yaguchi",40,0.918650292693111,0.0189935773553028,0.00379871547106057,0.883344106471816,0.951125920668058,0.0442328676409186,0.0127803176005751,0.00255606352011502,0.024343422407794,0.0675378803061935,0.895996046893859,0.0165237199921871,0.00330474399843742,0.869190480601895,0.925619913142753,0.0671084774122364,0.0153350191774474,0.00306700383548947,0.0418378601737187,0.0944543681756521,0.561741533333333,0.0415326538783153,0.00830653077566305,0.496262333333333,0.638814666666667,0.0979762666666666,0.00946465042691502,0.001892930085383,0.0791906666666667,0.114997
"I","C-PCA","Int-Euclidean",40,0.940347070285317,0.00587588608781917,0.00117517721756383,0.930092553931802,0.951896416144746,0.0283457759220598,0.00439669470064862,0.000879338940129724,0.0210006263048017,0.0361632567849687,0.91436277593103,0.00503231618206571,0.00100646323641314,0.904653964747203,0.923907464564847,0.0527967859430784,0.00476174753537478,0.000952349507074957,0.0439708673713322,0.0602302392726185,0.602333333333333,0.017304111987232,0.0034608223974464,0.573466666666667,0.641583333333333,0.10902,0.00718800441064186,0.00143760088212837,0.09485,0.123083333333333
"II","C-PCA","Int-Euclidean",40,0.896414011156187,0.00353274931432002,0.000706549862864003,0.890322832150101,0.902327125591616,0.0787865990534145,0.00431543151552772,0.000863086303105545,0.0709717714672075,0.0857619421906694,0.906081635748357,0.00353505741738432,0.000707011483476863,0.899566172171146,0.91199771268014,0.110105239727082,0.00547391907281577,0.00109478381456315,0.100227473885781,0.119331753941006,0.41640875,0.00813763000728201,0.0016275260014564,0.40225,0.4307125,0.10791375,0.0074503143722122,0.00149006287444244,0.095525,0.12124375
"III","C-PCA","Int-Euclidean",40,0.989679928315412,0.00778080173726239,0.00155616034745248,0.97085582437276,0.997726344086021,0.00125591397849462,0.00249964161828334,0.000499928323656668,-0.00220304659498209,0.0063245519713262,0.982249446890971,0.00685633714027009,0.00137126742805402,0.968229678196255,0.990038245396021,0.00113853943322138,0.00149027417434511,0.000298054834869021,-0.00125710320939532,0.00428132664111483,0.871495,0.0479918271036851,0.00959836542073701,0.76975,0.934875,0.04194,0.0452071637713538,0.00904143275427075,-0.0239,0.1319
"IV","C-PCA","Int-Euclidean",40,0.929006942101601,0.0167382194069327,0.00334764388138654,0.898229434237996,0.958236568545581,0.0301508506610995,0.0109514173462273,0.00219028346924545,0.0150511329157968,0.0541636270006959,0.90667145136211,0.015631386979888,0.0031262773959776,0.877944140915084,0.935663500091627,0.0489590529580953,0.0154507751245409,0.00309015502490817,0.0246912936438991,0.0831643905765306,0.5853448,0.0387225090665288,0.00774450181330575,0.521,0.660433333333333,0.0742096666666667,0.00811431238671886,0.00162286247734377,0.0616386666666667,0.089888
"I","IMDS","Int-Euclidean",40,0.54718369519833,0.0404928520737186,0.00809857041474373,0.475444154488518,0.614793041057759,-0.0450636186499652,0.0241065389845172,0.00482130779690344,-0.0946469728601254,-0.00742296450939467,0.506903773563541,0.0336434204801559,0.00672868409603118,0.446813229948068,0.563835769213414,-0.0510011460913138,0.0234686485720261,0.00469372971440522,-0.101344092201568,-0.0168731090092358,0.123426666666667,0.0148215137053716,0.00296430274107432,0.10155,0.149933333333333,-0.01088,0.00491260896590109,0.000982521793180218,-0.0196333333333333,-0.00195
"II","IMDS","Int-Euclidean",40,0.545146402129817,0.0135868468086585,0.0027173693617317,0.523380125929682,0.565178304597701,-0.0307283451656525,0.0241862742295099,0.00483725484590198,-0.0654918695064233,0.00517017410412441,0.564480544286707,0.016067271306276,0.00321345426125519,0.537774774013108,0.588479131925059,-0.0546136973414425,0.0223352392338486,0.00446704784676971,-0.0861328187316884,-0.0156124197612804,0.0940975,0.0128079333833403,0.00256158667666806,0.07050625,0.11321875,-0.00618,0.00287280940094651,0.000574561880189303,-0.01158125,-0.000787500000000005
"III","IMDS","Int-Euclidean",40,0.53943564516129,0.0350143230234084,0.00700286460468167,0.474796774193548,0.605393189964158,-0.00313523297491039,0.027892471028784,0.0055784942057568,-0.0570413978494624,0.0328489247311828,0.495082971381368,0.0427021681750589,0.00854043363501177,0.430433544874873,0.583801574223651,-0.00122059814940468,0.0664002419533554,0.0132800483906711,-0.110028982289029,0.106960676912541,0.20068,0.0257217958402986,0.00514435916805971,0.1536,0.2365,0.00125,0.0193476621649749,0.00386953243299497,-0.03,0.0411
"IV","IMDS","Int-Euclidean",40,0.509639981071677,0.0111087722322165,0.0022217544464433,0.491295393180237,0.524916035490606,0.0320397867780097,0.020095874322338,0.0040191748644676,-0.000603554627696584,0.0658302658315936,0.513804351300301,0.00941093545627573,0.00188218709125515,0.497976777796783,0.530330483883449,-0.0196928008943191,0.0163809671412366,0.00327619342824732,-0.0433581675774996,0.00994102652268259,0.137958533333333,0.00582640851513052,0.0011652817030261,0.130950666666667,0.148589666666667,-0.005384,0.00450299308896419,0.000900598617792837,-0.01236,0.00204833333333333
"I","Int-UMAP","Int-Euclidean",40,0.793625734168407,0.0126198422113663,0.00252396844227325,0.773295894224078,0.816307063326374,-0.0993145720250523,0.0176240986589413,0.00352481973178826,-0.129524704244955,-0.0724617954070981,0.766644281250376,0.0105111278171582,0.00210222556343163,0.749875455872276,0.788360188861527,-0.078973635844763,0.0242702255717404,0.00485404511434808,-0.116749354768204,-0.0385906020513808,0.372266666666667,0.0158615246102939,0.00317230492205879,0.347516666666667,0.400483333333333,0.00614333333333334,0.0118425365229032,0.00236850730458064,-0.0192,0.0255833333333333
"II","Int-UMAP","Int-Euclidean",40,0.740918034144692,0.0735298240321789,0.0147059648064358,0.631503317275186,0.833966784989858,0.0290456997971602,0.0213211132677667,0.00426422265355334,0.00248428837052064,0.0765853363759296,0.845764256775152,0.04917211920718,0.00983442384143601,0.772107225681186,0.907582814369617,0.022859444864486,0.0130297276155104,0.00260594552310209,0.00275475714910721,0.0489116207163822,0.364935,0.0848601018811316,0.0169720203762263,0.2424,0.46784375,-0.00421625,0.0147940283472617,0.00295880566945234,-0.0304625,0.01629375
"III","Int-UMAP","Int-Euclidean",40,0.529444247311828,0.15653379495452,0.0313067589909041,0.264797311827957,0.759575089605734,-0.00744612903225803,0.072795414306533,0.0145590828613066,-0.138340501792115,0.114074014336918,0.476348817296057,0.166284891194816,0.0332569782389632,0.211094526073355,0.741207161199618,-0.00581537778667349,0.0816042796771664,0.0163208559354333,-0.140545861041764,0.140244069895693,0.18388,0.122266553071558,0.0244533106143115,0.0177,0.409325,-0.00039,0.0218669127907897,0.00437338255815793,-0.03685,0.041025
"IV","Int-UMAP","Int-Euclidean",40,0.756786342379958,0.0443323958670882,0.00886647917341765,0.689236942240779,0.829186040361865,0.0267721547668754,0.0297380731284092,0.00594761462568183,-0.0157834975643703,0.0848003590814196,0.769923053861916,0.0367767179790911,0.00735534359581822,0.712549582689295,0.829822752611966,0.048670726315653,0.0357672163740115,0.00715344327480229,-0.000287249313817316,0.110077476045498,0.3901816,0.0436524272411775,0.0087304854482355,0.318816666666667,0.465718,0.0204556,0.0170135994139547,0.00340271988279093,-0.00805933333333332,0.047424
"I","MR-PCA","Int-Euclidean",40,0.709863215031315,0.00807215916964243,0.00161443183392849,0.695324425887266,0.72305347947112,0.142848545581072,0.00687980806572096,0.00137596161314419,0.129884481558803,0.154087404314544,0.71685650056743,0.00450957529000104,0.000901915058000207,0.70903114809571,0.724731669572855,0.209402073321658,0.00554646064204283,0.00110929212840857,0.199456514777417,0.218511861102162,0.284663333333333,0.00613734017669252,0.0012274680353385,0.272983333333333,0.29475,0.0619933333333333,0.00557139685922328,0.00111427937184466,0.0546166666666667,0.073
"II","MR-PCA","Int-Euclidean",40,0.892720929682218,0.00299462496647937,0.000598924993295874,0.887740496112238,0.898117803414469,0.0815916768086545,0.00440643969632323,0.000881287939264646,0.0732687711291413,0.0888859617985125,0.903745961459161,0.00279227276618398,0.000558454553236796,0.89876800587107,0.908970119718318,0.11261193137369,0.00513042777185397,0.00102608555437079,0.102939872802522,0.121043335662805,0.4101825,0.00653344684943369,0.00130668936988674,0.40036875,0.42116875,0.10574125,0.00632054922043304,0.00126410984408661,0.096425,0.11724375
"III","MR-PCA","Int-Euclidean",40,0.570673602150538,0.0147479209238993,0.00294958418477986,0.542910215053763,0.594730913978495,0.00920433691756271,0.0190248722344798,0.00380497444689596,-0.0231189964157706,0.0398370967741935,0.523351088865736,0.0252151608038377,0.00504303216076754,0.487308453777719,0.571247401949309,0.00277419748542271,0.046284693561556,0.00925693871231119,-0.0702523037910135,0.0795313209872858,0.2203,0.00857814871733212,0.00171562974346642,0.2047,0.233175,0.001415,0.00773829088580504,0.00154765817716101,-0.012775,0.013825
"IV","MR-PCA","Int-Euclidean",40,0.915892028670842,0.0189616745535351,0.00379233491070701,0.880484475991649,0.948573272094642,0.0477401586638831,0.0135012528663919,0.00270025057327837,0.0268881141266528,0.0714379304105775,0.888382832530771,0.0166474723909103,0.00332949447818205,0.860264181206868,0.918521078082219,0.0769928795742553,0.0161318583822979,0.00322637167645959,0.0505554946527792,0.107476819767239,0.55393,0.0399212743803119,0.00798425487606238,0.491666666666667,0.628016666666667,0.1042144,0.0078488475634372,0.00156976951268744,0.0906936666666667,0.118465
"I","SPCA","Int-Euclidean",40,0.940347070285317,0.00587588608781917,0.00117517721756383,0.930092553931802,0.951896416144746,0.0283457759220598,0.00439669470064862,0.000879338940129724,0.0210006263048017,0.0361632567849687,0.91436277593103,0.00503231618206571,0.00100646323641314,0.904653964747203,0.923907464564847,0.0527967859430784,0.00476174753537478,0.000952349507074957,0.0439708673713322,0.0602302392726185,0.602333333333333,0.017304111987232,0.0034608223974464,0.573466666666667,0.641583333333333,0.10902,0.00718800441064186,0.00143760088212837,0.09485,0.123083333333333
"II","SPCA","Int-Euclidean",40,0.892972721433401,0.0030712525535958,0.00061425051071916,0.887700887423935,0.898459470081136,0.0807610953346856,0.00442743961334771,0.000885487922669542,0.0723657623394185,0.087978093306288,0.90403590102504,0.00273494264901377,0.000546988529802754,0.899289581444714,0.909082997198166,0.111594938355177,0.0050459716815289,0.00100919433630578,0.10211502081944,0.119942150992599,0.40990875,0.0064447201116657,0.00128894402233314,0.40065,0.42091875,0.10425,0.00642546027250513,0.00128509205450103,0.0938875,0.1155625
"III","SPCA","Int-Euclidean",40,0.989679928315412,0.00778080173726239,0.00155616034745248,0.97085582437276,0.997726344086021,0.00125591397849462,0.00249964161828334,0.000499928323656668,-0.00220304659498209,0.0063245519713262,0.982249446890971,0.00685633714027009,0.00137126742805402,0.968229678196255,0.990038245396021,0.00113853943322138,0.00149027417434511,0.000298054834869021,-0.00125710320939532,0.00428132664111483,0.871495,0.0479918271036851,0.00959836542073701,0.76975,0.934875,0.04194,0.0452071637713538,0.00904143275427075,-0.0239,0.1319
"IV","SPCA","Int-Euclidean",40,0.929006937647878,0.0167382023108015,0.00334764046216031,0.898229439109255,0.95823656506611,0.0301508400835073,0.0109513957909054,0.00219027915818107,0.0150510953375087,0.0541635532359082,0.906671400197809,0.0156313631395769,0.00312627262791539,0.87794400359522,0.935663510501372,0.048959025039067,0.0154508200090936,0.00309016400181872,0.0246916946079453,0.0831644261298257,0.585344666666667,0.0387226228617883,0.00774452457235766,0.521,0.660433333333333,0.0742021333333333,0.00811772593932105,0.00162354518786421,0.0616146666666667,0.0898843333333333
"I","V-PCA","Int-Euclidean",40,0.940365267919276,0.00588800543238021,0.00117760108647604,0.930038239387613,0.951886673625609,0.0283703409881698,0.00435166794736217,0.000870333589472435,0.0212757828810021,0.03613583855254,0.914286340422111,0.00507183154781028,0.00101436630956206,0.904544839898012,0.923909333471054,0.0529716351799883,0.00491152717668427,0.000982305435336855,0.0439060652229093,0.059599518618881,0.602513333333333,0.0173094399956487,0.00346188799912975,0.5738,0.642066666666667,0.10899,0.00733425341450291,0.00146685068290058,0.0960166666666667,0.1241
"II","V-PCA","Int-Euclidean",40,0.896417748478702,0.0035415645857354,0.000708312917147081,0.890319645875591,0.902339414300203,0.0787904022988506,0.00432516362501136,0.000865032725002272,0.070972599729547,0.0857677231237323,0.906080490074244,0.00354213882959983,0.000708427765919966,0.899553440112653,0.911999430114075,0.110113772178466,0.00547432327728912,0.00109486465545782,0.100218919384414,0.119360031452747,0.416415,0.0081561677837491,0.00163123355674982,0.40225,0.4307875,0.1079375,0.00742294948362565,0.00148458989672513,0.09549375,0.1211375
"III","V-PCA","Int-Euclidean",40,0.989498333333333,0.00812288506575909,0.00162457701315182,0.969169086021505,0.99731729390681,0.00155967741935485,0.00261629078316423,0.000523258156632846,-0.00266326164874544,0.00677526881720436,0.982064769453682,0.00664609950250847,0.00132921990050169,0.968272439644038,0.99003390587031,0.00112506149160308,0.00128822709679711,0.000257645419359421,-0.00134605023735316,0.0035773878866191,0.870345,0.0473639674928808,0.00947279349857616,0.770675,0.9341,0.04459,0.0461450176752594,0.00922900353505187,-0.029575,0.13905
"IV","V-PCA","Int-Euclidean",40,0.928927753792624,0.0167696709101779,0.00335393418203559,0.898000332637439,0.958269792623521,0.0302491994432846,0.0109930980703355,0.0021986196140671,0.014995947112039,0.054185944328462,0.906605049952543,0.0156515871257334,0.00313031742514668,0.878016345523166,0.935724538319567,0.0490465849436997,0.0154608740852,0.00309217481704001,0.0246372866461851,0.0829630712235546,0.585127933333333,0.0389442308975758,0.00778884617951515,0.520366666666667,0.661033333333333,0.0739914666666667,0.0084489070397695,0.0016897814079539,0.0611603333333333,0.089518
"I","C-PCA","Wasserstein",40,0.931361329157968,0.00350306678873349,0.000700613357746698,0.923792658315936,0.937981384829506,0.0304785664578984,0.00222311234787165,0.00044462246957433,0.0275823938761307,0.0352067501739736,0.905880766278094,0.00365676613869698,0.000731353227739397,0.89775505342789,0.912368869473517,0.05856124381076,0.00341070639644755,0.00068214127928951,0.052952608284213,0.065768457400649,0.568766666666667,0.0106951118117889,0.00213902236235778,0.546666666666667,0.590416666666667,0.108816666666667,0.00696344622534936,0.00139268924506987,0.0952166666666667,0.120983333333333
"II","C-PCA","Wasserstein",40,0.89597667173766,0.00353735361356311,0.000707470722712621,0.88989771382691,0.90194987745098,0.0783278566599053,0.00436801057503968,0.000873602115007937,0.0705667596348885,0.0853228279242731,0.905757316150022,0.0035779874040407,0.000715597480808141,0.899229159241092,0.911808303852888,0.109541662842809,0.00548027268322632,0.00109605453664526,0.0993712699094112,0.118612753979239,0.41572125,0.00813004610931471,0.00162600922186294,0.401725,0.43010625,0.1028225,0.00754825362666756,0.00150965072533351,0.0908,0.11654375
"III","C-PCA","Wasserstein",40,0.785645197132616,0.0170389839004145,0.0034077967800829,0.761658064516129,0.819319982078853,0.0551039426523297,0.0101242059515878,0.00202484119031755,0.0337874551971326,0.0725209677419354,0.77877031631367,0.012094751643264,0.0024189503286528,0.762244223256014,0.802917576494894,0.10789697385645,0.0127055241230871,0.00254110482461742,0.0822482868860464,0.125536439121036,0.446655,0.0216028692152995,0.00432057384305989,0.415125,0.489275,0.063275,0.0131695671910659,0.00263391343821318,0.0408,0.086375
"IV","C-PCA","Wasserstein",40,0.918092492832289,0.0192557282161289,0.00385114564322577,0.882586631871955,0.951114700765484,0.045575620598469,0.0132885673698883,0.00265771347397766,0.0244813764787752,0.0687278162839248,0.895553068722002,0.0163099689825254,0.00326199379650508,0.869467932783068,0.925487834647267,0.0682316617699568,0.0148338078158031,0.00296676156316062,0.0430562512513524,0.0949945029978524,0.560633066666667,0.04219532280744,0.00843906456148801,0.494566666666667,0.639366666666667,0.101095333333333,0.0105848192089041,0.00211696384178083,0.0816063333333333,0.120582666666667
"I","IMDS","Wasserstein",40,0.56792307585247,0.0153659232882075,0.0030731846576415,0.538596102992345,0.59766443980515,-0.0389013500347947,0.00999127906585807,0.00199825581317161,-0.0548203897007654,-0.0185665274878218,0.556057298121385,0.0132248693664321,0.00264497387328643,0.531428820554397,0.581218898443295,-0.0724647756624678,0.0139180774331085,0.00278361548662171,-0.0898535193369066,-0.0351258280179653,0.161386666666667,0.0102755125131259,0.00205510250262519,0.1405,0.18105,-0.0100066666666667,0.00427416333593163,0.000854832667186326,-0.0163,-0.00251666666666666
"II","IMDS","Wasserstein",40,0.584549334854632,0.0164422816443115,0.00328845632886229,0.555861904158215,0.608390525693036,-0.0249401741041244,0.0218513400378386,0.00437026800756771,-0.0597851926977688,0.00284825050709933,0.602808985536811,0.0201135340298711,0.00402270680597422,0.567122427853948,0.631577699539792,-0.038528085954113,0.0203148663713608,0.00406297327427217,-0.0722992268196121,-0.00749105222859473,0.1213325,0.0166711986351399,0.00333423972702799,0.09075625,0.14330625,-0.00204125,0.00237990721107637,0.000475981442215275,-0.00596875,0.0016
"III","IMDS","Wasserstein",40,0.539808136200717,0.00863938934413169,0.00172787786882634,0.526901344086021,0.554952867383513,-0.000709175627240168,0.00717611632275008,0.00143522326455002,-0.0109005376344087,0.0125546594982078,0.497958718854553,0.00672126819241429,0.00134425363848286,0.488362325165098,0.508073988246372,-0.00232381052893635,0.00969686469116788,0.00193937293823358,-0.0205993639544653,0.0142684115598895,0.201095,0.00543765325454526,0.00108753065090905,0.192775,0.210975,-0.000994999999999999,0.0049717273574349,0.000994345471486981,-0.00869999999999999,0.007975
"IV","IMDS","Wasserstein",40,0.546996050521921,0.0131568378698881,0.00263136757397762,0.53069895894224,0.577629699373695,-0.0119629903966597,0.0116682436671077,0.00233364873342154,-0.0386513347251218,0.00458921781489212,0.53850963415762,0.0119698063576012,0.00239396127152024,0.520523551356091,0.563864330431579,-0.0402601269045863,0.0150864586732082,0.00301729173464164,-0.0783037154943697,-0.0213756909102432,0.160382266666667,0.00857727615131557,0.00171545523026311,0.14865,0.17765,-0.00615833333333334,0.00361222845961388,0.000722445691922777,-0.0112246666666667,0.001228
"I","Int-UMAP","Wasserstein",40,0.855508399443285,0.00828171841792941,0.00165634368358588,0.84279624217119,0.869423556019485,-0.0073251356993737,0.00417334321694554,0.000834668643389108,-0.0139118997912318,0.000215796798886524,0.844520059458494,0.00764593385112809,0.00152918677022562,0.831300149205607,0.856807905691327,0.0119294522084917,0.00680452960574376,0.00136090592114875,-0.00154839424321733,0.0249072322898212,0.424926666666667,0.0156538866313342,0.00313077732626684,0.3958,0.451133333333333,0.0200433333333333,0.00899180182165955,0.00179836036433191,0.000366666666666669,0.0318833333333333
"II","Int-UMAP","Wasserstein",40,0.740849628127113,0.0736516004665827,0.0147303200933165,0.631316108857336,0.834025004225828,0.0289451960784314,0.0214101280719902,0.00428202561439805,0.00241430020283973,0.0766438725490195,0.845911424950535,0.0489508058855368,0.00979016117710737,0.772090541701498,0.907541295497162,0.0212451075529688,0.0131993409246177,0.00263986818492353,0.00254961773121571,0.0487414176098382,0.36473125,0.0848764813705407,0.0169752962741081,0.24238125,0.4681625,-0.0065175,0.0147322679873835,0.00294645359747669,-0.0318875,0.0147625
"III","Int-UMAP","Wasserstein",40,0.80935688172043,0.0146193842144055,0.0029238768428811,0.779824372759857,0.834110663082438,0.00742286738351253,0.0111139816855223,0.00222279633710446,-0.0130634408602151,0.026133870967742,0.856420284251029,0.0132943246793789,0.00265886493587579,0.830751495253655,0.873065709224677,0.0212876046462563,0.0120878321400547,0.00241756642801094,0.00198877864764595,0.0419262713220464,0.518545,0.0203281952183004,0.00406563904366009,0.48185,0.551375,0.01312,0.0159852829450508,0.00319705658901017,-0.011325,0.041175
"IV","Int-UMAP","Wasserstein",40,0.762485827279054,0.0422906235901113,0.00845812471802226,0.699473501739736,0.831510588726514,0.0254328826722338,0.0278335906017384,0.00556671812034767,-0.0166672901878914,0.0809268072373,0.795433225387393,0.0280899122598098,0.00561798245196197,0.747241722368856,0.840404182110347,0.0271220961322568,0.0244579283413002,0.00489158566826003,-0.00804857884346638,0.0765370579776323,0.394383333333333,0.0423536354970244,0.00847072709940489,0.320766666666667,0.466083333333333,0.00997973333333333,0.0147199807571457,0.00294399615142915,-0.0113143333333333,0.0351413333333333
"I","MR-PCA","Wasserstein",40,0.726573890048712,0.00461361696204014,0.000922723392408028,0.718058281141266,0.733996624913013,0.162638413361169,0.00496973030448708,0.000993946060897416,0.152806402226862,0.170871885873348,0.729222652304351,0.00528294369417259,0.00105658873883452,0.718888307357026,0.737950496055009,0.217442602751821,0.00603946547806795,0.00120789309561359,0.206706166408062,0.226019658824055,0.307933333333333,0.00641941679882508,0.00128388335976502,0.294683333333333,0.316283333333333,0.0738966666666667,0.00480525127488822,0.000961050254977644,0.0666166666666667,0.0820166666666667
"II","MR-PCA","Wasserstein",40,0.892176286342123,0.00298310367850462,0.000596620735700925,0.887247265889114,0.897629014536849,0.0810143171061528,0.00440998553376891,0.000881997106753782,0.0727105392156863,0.0883528313049358,0.903122832259929,0.00275885200757834,0.000551770401515668,0.89817106536112,0.908205890379423,0.112280005197852,0.00505270756067966,0.00101054151213593,0.102814535529859,0.120638668137703,0.4088325,0.00649522736442882,0.00129904547288576,0.39898125,0.419575,0.09930375,0.00658211676193216,0.00131642335238643,0.0883,0.11005
"III","MR-PCA","Wasserstein",40,0.561562544802867,0.00496809047586734,0.000993618095173468,0.554167741935484,0.571175537634409,0.00960774193548387,0.0048941821960371,0.000978836439207421,-0.000247670250896092,0.0181718637992831,0.530771414008013,0.00637618606579132,0.00127523721315826,0.52063047517858,0.542999034330135,0.0321903557008376,0.00932409118759611,0.00186481823751922,0.0177666042265921,0.0499573001224238,0.2159,0.00420441236480597,0.000840882472961194,0.208875,0.22395,0.00595,0.00465544595966201,0.000931089191932402,-0.002275,0.016
"IV","MR-PCA","Wasserstein",40,0.916572697286012,0.019515709053015,0.00390314181060301,0.880667874043146,0.950372177453027,0.0470898855949896,0.0134965643666011,0.00269931287332023,0.0254100055671538,0.0702679888656924,0.891724057877165,0.0168102396433843,0.00336204792867686,0.865339535100898,0.923566541820604,0.072759077959642,0.015463901612771,0.00309278032255421,0.0449663049996896,0.0990174038327949,0.556898466666667,0.0419831881143004,0.00839663762286008,0.492116666666667,0.636083333333333,0.10422,0.00977441341661427,0.00195488268332285,0.0859386666666667,0.122890666666667
"I","SPCA","Wasserstein",40,0.931361329157968,0.00350306678873349,0.000700613357746698,0.923792658315936,0.937981384829506,0.0304785664578984,0.00222311234787165,0.00044462246957433,0.0275823938761307,0.0352067501739736,0.905880766278094,0.00365676613869698,0.000731353227739397,0.89775505342789,0.912368869473517,0.05856124381076,0.00341070639644755,0.00068214127928951,0.052952608284213,0.065768457400649,0.568766666666667,0.0106951118117889,0.00213902236235778,0.546666666666667,0.590416666666667,0.108816666666667,0.00696344622534936,0.00139268924506987,0.0952166666666667,0.120983333333333
"II","SPCA","Wasserstein",40,0.892611733434753,0.00308826319003302,0.000617652638006604,0.887334047498309,0.898201174780257,0.0802548698444895,0.00445432623948338,0.000890865247896676,0.0717333248816768,0.0876472785665991,0.903623803434301,0.00272366735601523,0.000544733471203045,0.898911337650079,0.908756868937942,0.111310859607904,0.00495546048399902,0.000991092096799803,0.101638212715974,0.11931900194997,0.40933625,0.00648656639677663,0.00129731327935533,0.39963125,0.4200375,0.10000625,0.0067032828264248,0.00134065656528496,0.088525,0.1126
"III","SPCA","Wasserstein",40,0.785645197132616,0.0170389839004145,0.0034077967800829,0.761658064516129,0.819319982078853,0.0551039426523297,0.0101242059515878,0.00202484119031755,0.0337874551971326,0.0725209677419354,0.77877031631367,0.012094751643264,0.0024189503286528,0.762244223256014,0.802917576494894,0.10789697385645,0.0127055241230871,0.00254110482461742,0.0822482868860464,0.125536439121036,0.446655,0.0216028692152995,0.00432057384305989,0.415125,0.489275,0.063275,0.0131695671910659,0.00263391343821318,0.0408,0.086375
"IV","SPCA","Wasserstein",40,0.918092479610299,0.0192557213082032,0.00385114426164064,0.882586626304802,0.95111464578984,0.0455756320111343,0.0132885867044259,0.00265771734088518,0.0244813890048713,0.0687278274182324,0.895552926288853,0.0163099278151309,0.00326198556302618,0.869467982815467,0.925487812991003,0.0682317859262997,0.0148339228336497,0.00296678456672993,0.0430565004840195,0.094994895915607,0.560633466666667,0.0421955599980175,0.0084391119996035,0.494566666666667,0.639366666666667,0.1011022,0.0105878199120849,0.00211756398241698,0.0816056666666667,0.120566666666667
"I","V-PCA","Wasserstein",40,0.931368677800974,0.00353456517279584,0.000706913034559168,0.923692345163535,0.937871433542102,0.0305347947112039,0.00212224268203546,0.000424448536407092,0.0276793319415448,0.0351572720946416,0.905872139608264,0.0036545657357703,0.00073091314715406,0.897757731429835,0.912352684161873,0.0586119141387283,0.00325314135980374,0.000650628271960748,0.0536553803184662,0.0657672343345586,0.568726666666667,0.010798488834606,0.00215969776692121,0.5457,0.590533333333333,0.108883333333333,0.00670915281399081,0.00134183056279816,0.0967666666666667,0.120433333333333
"II","V-PCA","Wasserstein",40,0.895986544962813,0.00354106803435757,0.000708213606871513,0.88990408637593,0.901974847870182,0.0783198242055443,0.00436385725940545,0.00087277145188109,0.070572439148073,0.085313142325896,0.905762331274952,0.00357305678839381,0.000714611357678762,0.899258184839286,0.911787433885172,0.109538001236755,0.00545429478676516,0.00109085895735303,0.0994234309950782,0.118559386572736,0.41574625,0.00813367085407935,0.00162673417081587,0.40174375,0.43015,0.10282375,0.00754676651923414,0.00150935330384683,0.09073125,0.1164
"III","V-PCA","Wasserstein",40,0.785834982078853,0.016822360224301,0.00336447204486019,0.760660483870968,0.820697311827957,0.0541950537634408,0.0108428699931869,0.00216857399863738,0.0303541218637992,0.0716317204301075,0.77887373358692,0.0121106326210521,0.00242212652421042,0.76106847344471,0.801481337962578,0.106998098493667,0.012759823357374,0.00255196467147479,0.0862341671982304,0.127139843299475,0.446595,0.0203786512577092,0.00407573025154184,0.41485,0.49055,0.063325,0.0125492259887479,0.00250984519774959,0.0391,0.08485
"IV","V-PCA","Wasserstein",40,0.918091327487822,0.0192736962988626,0.00385473925977251,0.882405118302018,0.951125485734168,0.0455299334725122,0.0132414873642542,0.00264829747285084,0.0245289450243563,0.0683571593597773,0.895492289288567,0.0164413506903237,0.00328827013806474,0.86914534792358,0.925715838603451,0.0683015980852601,0.0150436475186525,0.00300872950373049,0.0425986096806477,0.0956279157401406,0.560769533333333,0.0421787770694466,0.00843575541388932,0.4944,0.63955,0.101079933333333,0.0105990613499498,0.00211981226998997,0.0808593333333333,0.120784666666667
