"scenario","replication","Method","Metric","pre_Q_TC","pre_B_TC","pre_Q_RE","pre_B_RE","pre_Q_LC","pre_B_LC","post_Q_TC","post_B_TC","post_Q_RE","post_B_RE","post_Q_LC","post_B_LC","max_abs_mean_delta","pre_max_spread","post_max_spread","replication_fidelity"
"ScenarioII",1,"IMDS","Int-Euclidean",0.595993865519439,-0.0869361057998725,0.604570206776746,-0.101437569059642,0.04175,-0.005,0.595993865519439,-0.0869361057998725,0.604570206776746,-0.101437569059642,0.04175,-0.005,0,0,0,4.57966997657877e-16
"ScenarioII",1,"IMDS","Hausdorff",0.62647402804334,-0.0328499043977055,0.639418371523945,-0.0495530095716643,0.053,-0.005,0.626473985022307,-0.0328499904397706,0.63941834250546,-0.049553067608633,0.053,-0.005,8.60420650353189e-08,0,1.59337157468187e-07,3.33066907387547e-16
"ScenarioII",1,"IMDS","Ichino-Yaguchi",0.637609623964309,-0.0304987253027406,0.646807857223769,-0.0434188472326073,0.054875,-0.005125,0.637609623964309,-0.0304987253027406,0.646807857223769,-0.0434188472326073,0.054875,-0.005125,0,0,0,4.44089209850063e-16
"ScenarioII",1,"IMDS","Wasserstein",0.628220841300191,-0.0545796685787125,0.637857406413682,-0.0703971713119272,0.054375,-0.0035,0.628220841300191,-0.0545796685787125,0.637857406413682,-0.0703971713119272,0.054375,-0.0035,0,0,0,2.22044604925031e-16
"ScenarioII",1,"IMDS","Centers-Euclidean",0.621484464627151,-0.0800492351816444,0.630254755444634,-0.0971764044494327,0.05525,-0.010125,0.621484464627151,-0.0800492351816444,0.630254755444634,-0.0971764044494327,0.05525,-0.010125,0,0,0,4.44089209850063e-16
"ScenarioII",2,"IMDS","Int-Euclidean",0.570651688973869,-0.0426698534098151,0.572425357476678,-0.04496589325838,0.039,0.000749999999999997,0.570651688973869,-0.0426698534098151,0.572425357476678,-0.04496589325838,0.039,0.000749999999999997,0,0,0,2.22044604925031e-16
"ScenarioII",2,"IMDS","Hausdorff",0.609709528362014,-0.0154305289993627,0.620012085064249,-0.0352434285757179,0.05225,-0.0065,0.609709528362014,-0.0154305289993627,0.620012085064249,-0.0352434285757179,0.05225,-0.0065,0,0,0,2.22044604925031e-16
"ScenarioII",2,"IMDS","Ichino-Yaguchi",0.613502868068834,-0.00922657743785849,0.623221677635176,-0.02199591856127,0.05375,-0.00425,0.613502825047801,-0.00922666347992346,0.623221641362071,-0.0219959911074808,0.05375,-0.00425,8.60420649728688e-08,0,1.59337157357164e-07,3.33066907387547e-16
"ScenarioII",2,"IMDS","Wasserstein",0.605968769917145,-0.026004142766093,0.61403942089017,-0.0422737332305659,0.053875,-0.00525,0.605968769917145,-0.026004142766093,0.61403942089017,-0.0422737332305659,0.053875,-0.00525,0,0,0,3.33066907387547e-16
"ScenarioII",2,"IMDS","Centers-Euclidean",0.598139340344168,-0.0532232313575525,0.60026691322569,-0.0621551374488402,0.049,-0.006125,0.598139294136393,-0.0532233237731038,0.600266890962832,-0.0621551819745569,0.049,-0.006125,9.24155513296054e-08,0,1.59337157468187e-07,2.22044604925031e-16
"ScenarioII",3,"IMDS","Int-Euclidean",0.59060460484385,-0.072119980879541,0.597188396112035,-0.0847253701562716,0.042875,-0.000875000000000001,0.59060460484385,-0.072119980879541,0.597188396112035,-0.0847253701562716,0.042875,-0.000875000000000001,0,0,0,4.44089209850063e-16
"ScenarioII",3,"IMDS","Hausdorff",0.623198852772467,-0.03082982791587,0.635870209924253,-0.0477530412685155,0.052375,-0.0045,0.62319888623327,-0.0308297609942638,0.635870222463105,-0.047753016190813,0.052375,-0.0045,6.69216061351119e-08,0,1.59337157468187e-07,4.44089209850063e-16
"ScenarioII",3,"IMDS","Ichino-Yaguchi",0.636735420650096,-0.0291951880178457,0.645497795166691,-0.0383035104859769,0.053875,-0.000875000000000001,0.636735420650096,-0.0291951880178457,0.645497795166691,-0.0383035104859769,0.053875,-0.000875000000000001,0,0,0,3.33066907387547e-16
"ScenarioII",3,"IMDS","Wasserstein",0.627933397068196,-0.0531096239643085,0.637078042385923,-0.062133496415168,0.0535,-0.003125,0.627933397068196,-0.0531096239643085,0.637078042385923,-0.062133496415168,0.0535,-0.003125,0,0,0,3.33066907387547e-16
"ScenarioII",3,"IMDS","Centers-Euclidean",0.621075207138305,-0.07538304652645,0.631764895025078,-0.0895282852174109,0.0565,-0.005625,0.621075207138305,-0.07538304652645,0.631764895025078,-0.0895282852174109,0.0565,-0.005625,0,0,0,4.44089209850063e-16
"ScenarioII",4,"IMDS","Int-Euclidean",0.588379222434672,-0.0780857233906946,0.595512478630641,-0.0929817942703762,0.0405,0.000249999999999997,0.58837904875717,-0.0780860707456979,0.595512220688559,-0.0929823101545418,0.0405,0.000249999999999997,5.15884165580571e-07,0,9.40413843519838e-07,3.33066907387547e-16
"ScenarioII",4,"IMDS","Hausdorff",0.635786567877629,-0.0354147546207776,0.64327834396662,-0.0461865487212846,0.05275,-0.00125,0.635786567877629,-0.0354147546207776,0.64327834396662,-0.0461865487212846,0.05275,-0.00125,0,0,0,3.33066907387547e-16
"ScenarioII",4,"IMDS","Ichino-Yaguchi",0.637345044614404,-0.0307184512428298,0.644963895358766,-0.0411759305746837,0.05375,-0.001375,0.637345044614404,-0.0307184512428298,0.644963895358766,-0.0411759305746837,0.05375,-0.001375,0,0,0,4.44089209850063e-16
"ScenarioII",4,"IMDS","Wasserstein",0.628648103887827,-0.0539083811344806,0.635208631770788,-0.0669835758961312,0.05325,-0.00125,0.628648103887827,-0.0539083811344806,0.635208631770788,-0.0669835758961312,0.05325,-0.00125,0,0,0,3.33066907387547e-16
"ScenarioII",4,"IMDS","Centers-Euclidean",0.616686982154238,-0.0707637029955385,0.6219963971914,-0.0848144405684894,0.050375,-0.004625,0.616686982154238,-0.0707637029955385,0.6219963971914,-0.0848144405684894,0.050375,-0.004625,0,0,0,4.44089209850063e-16
"ScenarioII",5,"IMDS","Int-Euclidean",0.572038639260676,-0.064692638623327,0.579285928734799,-0.0779011244620023,0.03975,-0.00225,0.57203868387508,-0.0646925493945189,0.579285945453268,-0.0779010910250656,0.03975,-0.00225,8.92288081200121e-08,0,1.59337157357164e-07,4.44089209850063e-16
"ScenarioII",5,"IMDS","Hausdorff",0.602681246016571,-0.00959066284257493,0.609717487206533,-0.0205155751724604,0.052,-0.002875,0.602681207775653,-0.00959073932441046,0.609717444216186,-0.0205156611531547,0.052,-0.002875,8.59806942726804e-08,0,1.79126446397948e-07,3.33066907387547e-16
"ScenarioII",5,"IMDS","Ichino-Yaguchi",0.605178696622052,-0.00756453154875714,0.611884713024932,-0.0140787407444938,0.0515,0,0.605178696622052,-0.00756453154875714,0.611884713024932,-0.0140787407444938,0.0515,0,0,0,0,2.22044604925031e-16
"ScenarioII",5,"IMDS","Wasserstein",0.597501752708732,-0.0289840662842575,0.603775595996336,-0.0371920780134912,0.052125,-0.001125,0.597501752708732,-0.0289840662842575,0.603775595996336,-0.0371920780134912,0.052125,-0.001125,0,0,0,3.33066907387547e-16
"ScenarioII",5,"IMDS","Centers-Euclidean",0.593061504142766,-0.0578355640535373,0.597982753449847,-0.0634584488912159,0.047875,-0.000874999999999997,0.593061504142766,-0.0578355640535373,0.597982753449847,-0.0634584488912159,0.047875,-0.000874999999999997,0,0,0,4.44089209850063e-16
"ScenarioII",6,"IMDS","Int-Euclidean",0.563188973868706,-0.0478033779477375,0.568112032524757,-0.0549466329004786,0.039625,5e-04,0.563188932441045,-0.0478034608030593,0.568112017000465,-0.0549466639490626,0.039625,5e-04,8.28553218257255e-08,0,1.59337157357164e-07,4.44089209850063e-16
"ScenarioII",6,"IMDS","Hausdorff",0.596072100063735,-0.00128537284894836,0.607399753910117,-0.0235759172425583,0.053,-0.00275,0.596072100063735,-0.00128537284894836,0.607399753910117,-0.0235759172425583,0.053,-0.00275,0,0,0,2.22044604925031e-16
"ScenarioII",6,"IMDS","Ichino-Yaguchi",0.610354445506692,0.00817543021032496,0.619975811638988,-0.0109816877754389,0.054875,-0.002875,0.610354445506692,0.00817543021032496,0.619975811638988,-0.0109816877754389,0.054875,-0.002875,0,0,0,2.22044604925031e-16
"ScenarioII",6,"IMDS","Wasserstein",0.59821845124283,-0.0146647546207775,0.609757899092443,-0.0349760960022218,0.055375,-0.00375,0.59821845124283,-0.0146647546207775,0.609757899092443,-0.0349760960022218,0.055375,-0.00375,0,0,0,1.11022302462516e-16
"ScenarioII",6,"IMDS","Centers-Euclidean",0.59933540471638,-0.0584056724028044,0.611926958184722,-0.0818827381558608,0.055875,-0.002,0.59933540471638,-0.0584056724028044,0.611926958184722,-0.0818827381558608,0.055875,-0.002,0,0,0,3.33066907387547e-16
"ScenarioII",7,"IMDS","Int-Euclidean",0.589414913957935,-0.0673954748247292,0.595817271981843,-0.0805003238350256,0.04425,-0.006625,0.589414913957935,-0.0673954748247292,0.595817271981843,-0.0805003238350256,0.04425,-0.006625,0,0,0,1.11022302462516e-16
"ScenarioII",7,"IMDS","Hausdorff",0.620296207775653,-0.0234665391969407,0.632032476243142,-0.0400485285530115,0.05275,-0.001,0.620296163161249,-0.0234666284257489,0.632032454747968,-0.0400485715433586,0.05275,-0.001,8.92288081200121e-08,0,1.59337157357164e-07,3.33066907387547e-16
"ScenarioII",7,"IMDS","Ichino-Yaguchi",0.630765137029955,-0.0175162523900574,0.643365270299249,-0.0340465875473683,0.05425,-0.0015,0.630765137029955,-0.0175162523900574,0.643365270299249,-0.0340465875473683,0.05425,-0.0015,0,0,0,4.44089209850063e-16
"ScenarioII",7,"IMDS","Wasserstein",0.621873247291268,-0.0379341937539834,0.633142095060358,-0.0541505045565503,0.052875,-0.002375,0.621873247291268,-0.0379341937539834,0.633142095060358,-0.0541505045565503,0.052875,-0.002375,0,0,0,2.22044604925031e-16
"ScenarioII",7,"IMDS","Centers-Euclidean",0.618943594646272,-0.0674034416826004,0.628328136640553,-0.0840627846297909,0.0575,-0.002875,0.618943594646272,-0.0674034416826004,0.628328136640553,-0.0840627846297909,0.0575,-0.002875,0,0,0,4.44089209850063e-16
"ScenarioII",8,"IMDS","Int-Euclidean",0.58834839069471,-0.0700689929891651,0.596110653698936,-0.0921479623684338,0.038375,-0.0025,0.58834839069471,-0.0700689929891651,0.596110653698936,-0.0921479623684338,0.038375,-0.0025,0,0,0,4.44089209850063e-16
"ScenarioII",8,"IMDS","Hausdorff",0.630974904397706,-0.0343449649458254,0.642594506366751,-0.0513736816933283,0.05875,-0.0015,0.630974904397706,-0.0343449649458254,0.642594506366751,-0.0513736816933283,0.05875,-0.0015,0,0,0,4.44089209850063e-16
"ScenarioII",8,"IMDS","Ichino-Yaguchi",0.640031389420013,-0.0329359464627151,0.647714080946559,-0.0448410451106925,0.060875,-0.000750000000000001,0.640031389420013,-0.0329359464627151,0.647714080946559,-0.0448410451106925,0.060875,-0.000750000000000001,0,0,0,3.33066907387547e-16
"ScenarioII",8,"IMDS","Wasserstein",0.629931086679414,-0.0543914913957936,0.636714922798208,-0.0677468198231903,0.060875,-0.000750000000000001,0.629931086679414,-0.0543914913957936,0.636714922798208,-0.0677468198231903,0.060875,-0.000750000000000001,0,0,0,4.44089209850063e-16
"ScenarioII",8,"IMDS","Centers-Euclidean",0.618827517527087,-0.0697901529636711,0.625431979951998,-0.0871394916067318,0.056875,-0.008375,0.618827517527087,-0.0697901529636711,0.625431979951998,-0.0871394916067318,0.056875,-0.008375,0,0,0,4.44089209850063e-16
"ScenarioII",9,"IMDS","Int-Euclidean",0.560212794773741,-0.0419992033142128,0.564138692340263,-0.0539406075986121,0.033375,0.00025,0.560212794773741,-0.0419992033142128,0.564138692340263,-0.0539406075986121,0.033375,0.00025,0,0,0,2.22044604925031e-16
"ScenarioII",9,"IMDS","Hausdorff",0.582421048438496,0.00354859783301475,0.588127003124136,-0.00590172423705349,0.048875,-0.000374999999999997,0.582421081899299,0.00354866475462089,0.588127031336551,-0.00590166781222289,0.048875,-0.000374999999999997,6.69216061368466e-08,0,1.59337157468187e-07,2.22044604925031e-16
"ScenarioII",9,"IMDS","Ichino-Yaguchi",0.584985340981517,0.0136845124282983,0.591449821628444,0.00683901466977355,0.048625,0.00275,0.584985340981517,0.0136845124282983,0.591449821628444,0.00683901466977355,0.048625,0.00275,0,0,0,3.33066907387547e-16
"ScenarioII",9,"IMDS","Wasserstein",0.57802039515615,-0.00567080943275977,0.585193535996142,-0.0158045620008663,0.048375,0.000499999999999997,0.57802039515615,-0.00567080943275977,0.585193535996142,-0.0158045620008663,0.048375,0.000499999999999997,0,0,0,4.44089209850063e-16
"ScenarioII",9,"IMDS","Centers-Euclidean",0.574321701720841,-0.0290905035054174,0.57870688255839,-0.0333676010755093,0.045375,0,0.574321701720841,-0.0290905035054174,0.57870688255839,-0.0333676010755093,0.045375,0,0,0,0,3.33066907387547e-16
"ScenarioII",10,"IMDS","Int-Euclidean",0.562822896749522,-0.0483471956660294,0.564128540029046,-0.0432656981726203,0.03925,-0.001625,0.562822850541746,-0.0483472880815807,0.564128501069044,-0.0432657760926245,0.03925,-0.001625,9.24155512671554e-08,0,1.59337157357164e-07,2.22044604925031e-16
"ScenarioII",10,"IMDS","Hausdorff",0.60473143722116,-0.018583970681963,0.620894672092833,-0.0330123764859179,0.045625,-0.000625000000000001,0.60473143722116,-0.018583970681963,0.620894672092833,-0.0330123764859179,0.045625,-0.000625000000000001,0,0,0,2.22044604925031e-16
"ScenarioII",10,"IMDS","Ichino-Yaguchi",0.61158604206501,-0.0185347355003187,0.627181514244561,-0.0302104821043298,0.0445,-0.003,0.61158604206501,-0.0185347355003187,0.627181514244561,-0.0302104821043298,0.0445,-0.003,0,0,0,4.44089209850063e-16
"ScenarioII",10,"IMDS","Wasserstein",0.605063256851498,-0.0444037603569152,0.620148595623071,-0.0553950932319034,0.049625,-0.001125,0.605063256851498,-0.0444037603569152,0.620148595623071,-0.0553950932319034,0.049625,-0.001125,0,0,0,2.22044604925031e-16
"ScenarioII",10,"IMDS","Centers-Euclidean",0.602956899298916,-0.0808150095602294,0.617268773773705,-0.0892180307486752,0.054,-0.00925,0.602956899298916,-0.0808150095602294,0.617268773773705,-0.0892180307486752,0.054,-0.00925,0,0,0,4.44089209850063e-16
"ScenarioII",11,"IMDS","Int-Euclidean",0.572097673677502,-0.0541061185468451,0.578795877055113,-0.0693948259923051,0.04175,-0.006,0.572097635436584,-0.0541061950286807,0.578795851171342,-0.0693948777598481,0.04175,-0.006,7.64818355800112e-08,0,4.78011472293538e-07,3.33066907387547e-16
"ScenarioII",11,"IMDS","Hausdorff",0.599422721478649,-0.0069117272147865,0.611856012490061,-0.0146402957565286,0.05125,0.000750000000000001,0.599422721478649,-0.0069117272147865,0.611856012490061,-0.0146402957565286,0.05125,0.000750000000000001,0,0,0,4.44089209850063e-16
"ScenarioII",11,"IMDS","Ichino-Yaguchi",0.60426792543021,-0.00281309751434033,0.61537899147034,-0.0094839780776525,0.051125,-0.002125,0.604267963671128,-0.00281302103250475,0.615379009894774,-0.00948394122878353,0.051125,-0.002125,7.64818355847817e-08,0,1.59337157468187e-07,3.33066907387547e-16
"ScenarioII",11,"IMDS","Wasserstein",0.599097275334608,-0.021505258126195,0.607735288984696,-0.0253270895825006,0.05275,-0.00025,0.599097238687062,-0.0215053314212874,0.60773527353504,-0.0253271204818126,0.05275,-0.00025,7.32950924363374e-08,0,1.59337157468187e-07,3.12250225675825e-17
"ScenarioII",11,"IMDS","Centers-Euclidean",0.598217973231358,-0.056210643722116,0.603630251944759,-0.0598132553485025,0.05575,-0.002375,0.598217973231358,-0.056210643722116,0.603630251944759,-0.0598132553485025,0.05575,-0.002375,0,0,0,4.44089209850063e-16
"ScenarioII",12,"SPCA","Ichino-Yaguchi",0.912648422562142,0.127872370936903,0.916841294586918,0.131475437456636,0.346125,0.08625,0.912648422562142,0.127872370936903,0.916841294586918,0.131475437456636,0.346125,0.08625,0,0,0,4.9960036108132e-16
"ScenarioII",12,"SPCA","Centers-Euclidean",0.91265160930529,0.127881931166348,0.916862970912765,0.131412363409687,0.346125,0.0855,0.91265160930529,0.127881931166348,0.916862970912765,0.131412363409687,0.346125,0.0855,0,0,0,2.4980018054066e-16
"ScenarioII",12,"IMDS","Int-Euclidean",0.602759002549395,-0.0888449649458254,0.609933969193834,-0.103482754430778,0.0455,-0.005875,0.602759002549395,-0.0888449649458254,0.609933969193834,-0.103482754430778,0.0455,-0.005875,0,0,0,4.44089209850063e-16
"ScenarioII",12,"IMDS","Hausdorff",0.648118307839388,-0.0507582855321861,0.657495044808054,-0.060612675993866,0.061625,-0.003125,0.648118475143403,-0.0507579509241555,0.657495119657319,-0.0606125262953359,0.061625,-0.003125,3.3460803060964e-07,0,6.37348629761725e-07,2.22044604925031e-16
"ScenarioII",12,"IMDS","Ichino-Yaguchi",0.655647625876354,-0.0496480242192479,0.662364449580256,-0.0600800782646093,0.061,-0.002875,0.655647625876354,-0.0496480242192479,0.662364449580256,-0.0600800782646093,0.061,-0.002875,0,0,0,4.44089209850063e-16
"ScenarioII",12,"IMDS","Wasserstein",0.646949490121096,-0.0700446144040791,0.653315367697121,-0.0795340837963752,0.064,-0.004125,0.646949490121096,-0.0700446144040791,0.653315367697121,-0.0795340837963752,0.064,-0.004125,0,0,0,4.44089209850063e-16
"ScenarioII",12,"IMDS","Centers-Euclidean",0.639208811344806,-0.093905194391332,0.64458261949312,-0.105035175955908,0.058875,-0.007375,0.639208811344806,-0.093905194391332,0.64458261949312,-0.105035175955908,0.058875,-0.007375,0,0,0,3.33066907387547e-16
"ScenarioII",13,"IMDS","Int-Euclidean",0.55139850223072,-0.0310321861057998,0.560327127966739,-0.0464798032372755,0.035375,0.00025,0.551398462396431,-0.0310322657743786,0.560327083185127,-0.0464798928004986,0.035375,0.00025,8.95632231712185e-08,0,1.79126446342437e-07,2.22044604925031e-16
"ScenarioII",13,"IMDS","Hausdorff",0.577043977055449,0.00281867431485028,0.581055048585063,-0.00450300215924132,0.043375,-0.000375,0.577043977055449,0.00281867431485028,0.581055048585063,-0.00450300215924132,0.043375,-0.000375,0,0,0,4.44089209850063e-16
"ScenarioII",13,"IMDS","Ichino-Yaguchi",0.578140694710006,0.00711886551943919,0.5844750146116,0.00205234147266847,0.044125,-0.000375,0.578140694710006,0.00711886551943919,0.5844750146116,0.00205234147266847,0.044125,-0.000375,0,0,0,4.44089209850063e-16
"ScenarioII",13,"IMDS","Wasserstein",0.57237189292543,-0.00761759082217983,0.578550066737396,-0.0169419955300275,0.045125,0.000875000000000001,0.572371805289994,-0.00761776609305301,0.578550030042064,-0.0169420689206915,0.045125,0.000875000000000001,1.7527087317528e-07,0,3.18674314825351e-07,2.22044604925031e-16
"ScenarioII",13,"IMDS","Centers-Euclidean",0.562372609942639,-0.0211990121096239,0.568960483810296,-0.0276533002512376,0.04075,0.000375,0.5623726513703,-0.0211989292543021,0.5689605037701,-0.0276532603316296,0.04075,0.000375,8.28553218847061e-08,0,1.59337157468187e-07,4.44089209850063e-16
"ScenarioII",14,"IMDS","Int-Euclidean",0.546657982791587,-0.0194893244104525,0.555172488745315,-0.0292509196437056,0.033125,-0.00275,0.546657982791587,-0.0194893244104525,0.555172488745315,-0.0292509196437056,0.033125,-0.00275,0,0,0,2.22044604925031e-16
"ScenarioII",14,"IMDS","Hausdorff",0.575118387507967,-0.00428202676864231,0.581746468671382,-0.00427584615494842,0.04375,5e-04,0.575118314212874,-0.00428217335882718,0.581746421266847,-0.00427594096401757,0.04375,5e-04,1.4659018487094e-07,0,3.18674314936374e-07,4.44089209850063e-16
"ScenarioII",14,"IMDS","Ichino-Yaguchi",0.581017766093053,0.00587492033142123,0.589275443760181,0.00519691412899936,0.044,0.0015,0.581017766093053,0.00587492033142123,0.589275443760181,0.00519691412899936,0.044,0.0015,0,0,0,4.44089209850063e-16
"ScenarioII",14,"IMDS","Wasserstein",0.574187221159975,-0.01032982791587,0.581009967896276,-0.00926448527333251,0.044,0.00175,0.574187184512428,-0.0103299012109624,0.581009926697193,-0.00926456767149783,0.044,0.00175,8.23981653168965e-08,0,1.79126446342437e-07,4.44089209850063e-16
"ScenarioII",14,"IMDS","Centers-Euclidean",0.559551625239006,-0.0179968132568515,0.56927594787318,-0.02422359390431,0.041375,-0.002125,0.559551625239006,-0.0179968132568515,0.56927594787318,-0.02422359390431,0.041375,-0.002125,0,0,0,4.44089209850063e-16
"ScenarioII",15,"IMDS","Int-Euclidean",0.592653999362651,-0.0801652326322499,0.594139293373464,-0.0825836776399527,0.040375,-0.003125,0.592653999362651,-0.0801652326322499,0.594139293373464,-0.0825836776399527,0.040375,-0.003125,0,0,0,4.44089209850063e-16
"ScenarioII",15,"IMDS","Hausdorff",0.632985420650096,-0.0362047482472913,0.639972132722973,-0.0456781490557222,0.050875,0.001,0.632985366475462,-0.0362048565965583,0.639972106621691,-0.0456782012582865,0.050875,0.001,1.08349267023689e-07,0,3.18674314825351e-07,4.44089209850063e-16
"ScenarioII",15,"IMDS","Ichino-Yaguchi",0.640015376035691,-0.0295109942638624,0.644522405498431,-0.0397653961739615,0.054,-5e-04,0.640015376035691,-0.0295109942638624,0.644522405498431,-0.0397653961739615,0.054,-5e-04,0,0,0,4.44089209850063e-16
"ScenarioII",15,"IMDS","Wasserstein",0.629080305927342,-0.052191523263225,0.634471799505133,-0.0596420740130005,0.05325,0.001875,0.629080339388145,-0.0521914563416188,0.634471812043985,-0.059642048935298,0.05325,0.001875,6.69216061385813e-08,0,1.59337157468187e-07,3.33066907387547e-16
"ScenarioII",15,"IMDS","Centers-Euclidean",0.61841029318037,-0.071050987890376,0.622874466288488,-0.0748896745289529,0.048375,-0.000750000000000001,0.61841029318037,-0.071050987890376,0.622874466288488,-0.0748896745289529,0.048375,-0.000750000000000001,0,0,0,3.33066907387547e-16
"ScenarioII",16,"IMDS","Int-Euclidean",0.583817957297642,-0.078784098151689,0.590079518067973,-0.0852099707409745,0.04025,-0.0015,0.583817957297642,-0.078784098151689,0.590079518067973,-0.0852099707409745,0.04025,-0.0015,0,0,0,2.22044604925031e-16
"ScenarioII",16,"IMDS","Hausdorff",0.614431564690886,-0.0180587954110899,0.62682754780501,-0.034449195560189,0.0505,-0.000625000000000001,0.614431564690886,-0.0180587954110899,0.62682754780501,-0.034449195560189,0.0505,-0.000625000000000001,0,0,0,6.93889390390723e-18
"ScenarioII",16,"IMDS","Ichino-Yaguchi",0.628137268961122,-0.0233236137667303,0.637266954680668,-0.0294907100333499,0.05325,0.00125,0.628137268961122,-0.0233236137667303,0.637266954680668,-0.0294907100333499,0.05325,0.00125,0,0,0,2.22044604925031e-16
"ScenarioII",16,"IMDS","Wasserstein",0.618490200764818,-0.0477665710643722,0.625386231484083,-0.0551499704185468,0.05275,-0.000625000000000001,0.618490200764818,-0.0477665710643722,0.625386231484083,-0.0551499704185468,0.05275,-0.000625000000000001,0,0,0,4.44089209850063e-16
"ScenarioII",16,"IMDS","Centers-Euclidean",0.610645952836201,-0.0732288081580625,0.619822841172333,-0.0851259096851281,0.052875,-0.003625,0.610645952836201,-0.0732288081580625,0.619822841172333,-0.0851259096851281,0.052875,-0.003625,0,0,0,3.33066907387547e-16
"ScenarioII",17,"IMDS","Int-Euclidean",0.577639818355641,-0.0671365519439133,0.585019618930663,-0.0779904799838139,0.042625,-0.00325,0.577639818355641,-0.0671365519439133,0.585019618930663,-0.0779904799838139,0.042625,-0.00325,0,0,0,4.44089209850063e-16
"ScenarioII",17,"IMDS","Hausdorff",0.615743068833652,-0.030405194391332,0.626745371735143,-0.0437087211634143,0.052875,-0.003,0.615743036966221,-0.030405258126195,0.626745264259275,-0.04370893611515,0.052875,-0.003,2.14951735653945e-07,0,5.37379339138333e-07,2.22044604925031e-16
"ScenarioII",17,"IMDS","Ichino-Yaguchi",0.628297801147228,-0.0310981516889739,0.638796827704754,-0.0410162210085979,0.055875,-0.00275,0.628297801147228,-0.0310981516889739,0.638796827704754,-0.0410162210085979,0.055875,-0.00275,0,0,0,4.44089209850063e-16
"ScenarioII",17,"IMDS","Wasserstein",0.619703553218611,-0.0563465583173995,0.630367225635007,-0.0697412953503381,0.058125,-0.003,0.619703553218611,-0.0563465583173995,0.630367225635007,-0.0697412953503381,0.058125,-0.003,0,0,0,4.44089209850063e-16
"ScenarioII",17,"IMDS","Centers-Euclidean",0.613890057361377,-0.0790713830465265,0.624712252022892,-0.0958337967163905,0.05875,-0.01025,0.613890057361377,-0.0790713830465265,0.624712252022892,-0.0958337967163905,0.05875,-0.01025,0,0,0,4.44089209850063e-16
"ScenarioII",18,"IMDS","Int-Euclidean",0.574597673677502,-0.0605834926704909,0.583746096856058,-0.0645744823544244,0.03725,0.0015,0.574597673677502,-0.0605834926704909,0.583746096856058,-0.0645744823544244,0.03725,0.0015,0,0,0,4.44089209850063e-16
"ScenarioII",18,"IMDS","Hausdorff",0.609964228808158,-0.0101362332695986,0.6281675811285,-0.0288086255269516,0.047125,0.000125,0.609964228808158,-0.0101362332695986,0.6281675811285,-0.0288086255269516,0.047125,0.000125,0,0,0,1.11022302462516e-16
"ScenarioII",18,"IMDS","Ichino-Yaguchi",0.621495458891013,-0.0147433078393882,0.638649868103227,-0.0296034660796778,0.047125,0.002125,0.621495458891013,-0.0147433078393882,0.638649868103227,-0.0296034660796778,0.047125,0.002125,0,0,0,4.44089209850063e-16
"ScenarioII",18,"IMDS","Wasserstein",0.614538001912046,-0.0353261631612493,0.633160757583745,-0.0515299795403478,0.0495,-0.000125,0.614538001912046,-0.0353261631612493,0.633160757583745,-0.0515299795403478,0.0495,-0.000125,0,0,0,4.44089209850063e-16
"ScenarioII",18,"IMDS","Centers-Euclidean",0.616358428935628,-0.0808624920331422,0.635219527670003,-0.0960357843887378,0.0545,-0.00825,0.616358428935628,-0.0808624920331422,0.635219527670003,-0.0960357843887378,0.0545,-0.00825,0,0,0,3.33066907387547e-16
"ScenarioII",19,"IMDS","Int-Euclidean",0.545349665391969,-0.0321757488846398,0.55276235595035,-0.0449509792757526,0.024125,-0.001375,0.545349665391969,-0.0321757488846398,0.55276235595035,-0.0449509792757526,0.024125,-0.001375,0,0,0,3.33066907387547e-16
"ScenarioII",19,"IMDS","Hausdorff",0.576688973868706,0.00368929254302097,0.582385753472366,-0.00696424623335468,0.034625,0.00025,0.57668908859146,0.00368952198852768,0.58238614038549,-0.00696347240710632,0.034625,0.00025,7.73826248359581e-07,0,1.612138017415e-06,2.22044604925031e-16
"ScenarioII",19,"IMDS","Ichino-Yaguchi",0.582049394518802,0.0113948374760995,0.588669001153404,0.00299485386779208,0.037875,-5e-04,0.582049394518802,0.0113948374760995,0.588669001153404,0.00299485386779208,0.037875,-5e-04,0,0,0,3.33066907387547e-16
"ScenarioII",19,"IMDS","Wasserstein",0.574099506054812,-0.00699601657106441,0.580398728325913,-0.0184407364843551,0.03425,-0.00125,0.574099464627151,-0.0069960994263863,0.580398712801621,-0.0184407675329392,0.03425,-0.00125,8.28553218838388e-08,0,1.59337157468187e-07,2.22044604925031e-16
"ScenarioII",19,"IMDS","Centers-Euclidean",0.56437683237731,-0.0293228170809434,0.574190370000176,-0.0465722704413557,0.0315,-0.00225,0.564376792543021,-0.0293228967495221,0.574190235655341,-0.0465725391310253,0.0315,-0.00225,2.68689669569167e-07,0,5.37379339138333e-07,4.44089209850063e-16
"ScenarioII",20,"IMDS","Hausdorff",0.591221797323136,-0.00295697896749525,0.604931597367762,-0.0255887041839332,0.042125,-0.00425,0.591221797323136,-0.00295697896749525,0.604931597367762,-0.0255887041839332,0.042125,-0.00425,0,0,0,4.44089209850063e-16
"ScenarioII",21,"IMDS","Int-Euclidean",0.555152963671128,-0.0364397705544932,0.562444323448795,-0.0496883199832953,0.035,-0.005,0.555152885595921,-0.0364399267049075,0.562444265531244,-0.0496884358183972,0.035,-0.005,1.56150414321043e-07,0,3.18674314936374e-07,2.22044604925031e-16
"ScenarioII",21,"IMDS","Hausdorff",0.588689133205864,-0.0158961121733588,0.594592751759235,-0.0280380335771671,0.04325,-0.00375,0.588689094964946,-0.0158961886551944,0.594592737429119,-0.0280380622373985,0.04325,-0.00375,7.64818355834807e-08,0,1.59337157468187e-07,3.33066907387547e-16
"ScenarioII",21,"IMDS","Ichino-Yaguchi",0.591634321223709,-0.00437635436583816,0.599917897926415,-0.00932916271522255,0.04675,-0.00325,0.591634356277884,-0.00437628425748888,0.59991791481548,-0.00932912893709266,0.04675,-0.00325,7.01083492857246e-08,0,1.59337157468187e-07,4.44089209850063e-16
"ScenarioII",21,"IMDS","Wasserstein",0.58672649776928,-0.022309592096877,0.593310907448606,-0.0305327866650085,0.045,-0.0015,0.58672649776928,-0.022309592096877,0.593310907448606,-0.0305327866650085,0.045,-0.0015,0,0,0,4.44089209850063e-16
"ScenarioII",21,"IMDS","Centers-Euclidean",0.580547402804334,-0.0542809114085404,0.587187941365431,-0.0616147159455463,0.04075,-0.00225,0.580547447418738,-0.0542808221797322,0.587187962860605,-0.0616146729551992,0.04075,-0.00225,8.92288081824621e-08,0,1.59337157468187e-07,4.44089209850063e-16
"ScenarioII",22,"IMDS","Int-Euclidean",0.580927979604844,-0.0684365838113448,0.585448220003443,-0.0771244554342784,0.0385,-0.005,0.580927979604844,-0.0684365838113448,0.585448220003443,-0.0771244554342784,0.0385,-0.005,0,0,0,3.33066907387547e-16
"ScenarioII",22,"IMDS","Hausdorff",0.619040471637986,-0.0304827915869981,0.631021902195766,-0.048935488847161,0.05025,-0.001375,0.619040471637986,-0.0304827915869981,0.631021902195766,-0.048935488847161,0.05025,-0.001375,0,0,0,1.11022302462516e-16
"ScenarioII",22,"IMDS","Ichino-Yaguchi",0.631199012109624,-0.0370407903123009,0.641532729451168,-0.0474907496117647,0.05225,0.001375,0.631199012109624,-0.0370407903123009,0.641532729451168,-0.0474907496117647,0.05225,0.001375,0,0,0,4.44089209850063e-16
"ScenarioII",22,"IMDS","Wasserstein",0.620353489483748,-0.0548102294455066,0.631076954256735,-0.0664820043601082,0.051125,0.00025,0.620353489483748,-0.0548102294455066,0.631076954256735,-0.0664820043601082,0.051125,0.00025,0,0,0,4.44089209850063e-16
"ScenarioII",22,"IMDS","Centers-Euclidean",0.61306747928617,-0.0796763862332697,0.625294887018979,-0.095628867105407,0.053625,-0.00575,0.61306747928617,-0.0796763862332697,0.625294887018979,-0.095628867105407,0.053625,-0.00575,0,0,0,4.44089209850063e-16
"ScenarioII",23,"IMDS","Int-Euclidean",0.598889021669853,-0.085656309751434,0.602506807764568,-0.0974109065572392,0.04925,-0.0025,0.598889021669853,-0.085656309751434,0.602506807764568,-0.0974109065572392,0.04925,-0.0025,0,0,0,4.44089209850063e-16
"ScenarioII",23,"IMDS","Hausdorff",0.635951402166985,-0.0391826003824092,0.649395104278034,-0.0582076083190416,0.0595,-0.005,0.635951293817718,-0.0391828170809433,0.649394940556462,-0.0582079357621856,0.0595,-0.005,3.27443143981199e-07,0,7.34418430181627e-07,3.33066907387547e-16
"ScenarioII",23,"IMDS","Ichino-Yaguchi",0.649818833652008,-0.0424372211599744,0.658940687992267,-0.0604072755362235,0.063375,-0.002875,0.649818871892925,-0.0424371446781389,0.658940706416702,-0.0604072386873546,0.063375,-0.002875,7.64818355314389e-08,0,1.59337157357164e-07,3.33066907387547e-16
"ScenarioII",23,"IMDS","Wasserstein",0.642194710006374,-0.0699015296367114,0.651029232732338,-0.0857505178460266,0.06325,-0.00525,0.642194760994264,-0.0699014276609306,0.651029257298251,-0.0857504687142013,0.06325,-0.00525,1.01975780777974e-07,0,1.59337157468187e-07,4.44089209850063e-16
"ScenarioII",23,"IMDS","Centers-Euclidean",0.635413081580625,-0.0918462396430848,0.643251762241715,-0.109447283385374,0.05925,-0.010375,0.635413081580625,-0.0918462396430848,0.643251762241715,-0.109447283385374,0.05925,-0.010375,0,0,0,4.44089209850063e-16
"ScenarioII",24,"IMDS","Int-Euclidean",0.582374840662843,-0.0733851179094964,0.583784601898297,-0.0827190008463298,0.033,-0.00125,0.582374831102613,-0.0733851370299553,0.583784569655536,-0.0827190653318505,0.033,-0.00125,6.44855207010409e-08,0,1.07475867827667e-06,3.33066907387547e-16
"ScenarioII",24,"IMDS","Hausdorff",0.621166666666667,-0.0216341618865519,0.629233883652426,-0.0336204269657976,0.048125,0.00325,0.621166673040153,-0.0216341491395793,0.629233844244607,-0.033620505781434,0.048125,0.00325,7.88156363853987e-08,0,6.37348629761725e-07,3.33066907387547e-16
"ScenarioII",24,"IMDS","Ichino-Yaguchi",0.624313814531549,-0.0139322817080942,0.630650126322529,-0.0297456973827579,0.046875,0.000750000000000001,0.624313814531549,-0.0139322817080942,0.630650126322529,-0.0297456973827579,0.046875,0.000750000000000001,0,0,0,2.22044604925031e-16
"ScenarioII",24,"IMDS","Wasserstein",0.617036169534736,-0.0367944550669215,0.624022194257172,-0.0484085137691087,0.048375,0.002625,0.61703612332696,-0.0367945474824728,0.624022174777171,-0.0484085527291108,0.048375,0.002625,9.24155513296054e-08,0,1.59337157468187e-07,4.44089209850063e-16
"ScenarioII",24,"IMDS","Centers-Euclidean",0.607819471000637,-0.0524843849585724,0.612823320356902,-0.06314744891527,0.046125,-0.0035,0.607819471000637,-0.0524843849585724,0.612823320356902,-0.06314744891527,0.046125,-0.0035,0,0,0,2.22044604925031e-16
"ScenarioII",25,"IMDS","Int-Euclidean",0.582113687061823,-0.0776916826003824,0.590484185181944,-0.087317337512268,0.04075,-0.000499999999999997,0.582113687061823,-0.0776916826003824,0.590484185181944,-0.087317337512268,0.04075,-0.000499999999999997,0,0,0,2.22044604925031e-16
"ScenarioII",25,"IMDS","Hausdorff",0.631617192479286,-0.0253032186105799,0.644168077500678,-0.0349035280403686,0.05975,-0.0025,0.631617076163161,-0.0253034512428298,0.644167999043294,-0.0349036849551357,0.05975,-0.0025,2.32632249890646e-07,0,4.78011472293538e-07,2.22044604925031e-16
"ScenarioII",25,"IMDS","Ichino-Yaguchi",0.638574410452518,-0.022270235818993,0.651142839949155,-0.0298331518185344,0.0565,-0.003125,0.638574410452518,-0.022270235818993,0.651142839949155,-0.0298331518185344,0.0565,-0.003125,0,0,0,4.44089209850063e-16
"ScenarioII",25,"IMDS","Wasserstein",0.629781070745698,-0.0442380497131931,0.641409575008005,-0.0522012059986547,0.05875,0.001,0.629781070745698,-0.0442380497131931,0.641409575008005,-0.0522012059986547,0.05875,0.001,0,0,0,2.22044604925031e-16
"ScenarioII",25,"IMDS","Centers-Euclidean",0.622363926067559,-0.0766523263224983,0.635286609244699,-0.0893481906352352,0.055125,-0.004375,0.622363926067559,-0.0766523263224983,0.635286609244699,-0.0893481906352352,0.055125,-0.004375,0,0,0,2.22044604925031e-16
"ScenarioII",26,"IMDS","Int-Euclidean",0.586249521988528,-0.0750732950924156,0.589554246823619,-0.0814383090224627,0.036,-0.000125,0.586249521988528,-0.0750732950924156,0.589554246823619,-0.0814383090224627,0.036,-0.000125,0,0,0,2.22044604925031e-16
"ScenarioII",26,"IMDS","Hausdorff",0.638466618865519,-0.0426808476736774,0.646995769928969,-0.0512974810897917,0.057375,-0.002375,0.638466618865519,-0.0426808476736774,0.646995769928969,-0.0512974810897917,0.057375,-0.002375,0,0,0,4.44089209850063e-16
"ScenarioII",26,"IMDS","Ichino-Yaguchi",0.643756771829191,-0.0415954429572976,0.65111333686383,-0.0515319488650293,0.056875,-0.002125,0.643756771829191,-0.0415954429572976,0.65111333686383,-0.0515319488650293,0.056875,-0.002125,0,0,0,4.44089209850063e-16
"ScenarioII",26,"IMDS","Wasserstein",0.634057839388145,-0.0610946462715105,0.641349751253075,-0.0670839992998715,0.05675,-0.000875000000000001,0.634057876035692,-0.0610945729764181,0.641349771852616,-0.0670839581007889,0.05675,-0.000875000000000001,7.32950923842957e-08,0,1.59337157357164e-07,3.33066907387547e-16
"ScenarioII",26,"IMDS","Centers-Euclidean",0.617827278521351,-0.0762609942638623,0.626139633585765,-0.0908261810702242,0.0475,-0.003375,0.617827278521351,-0.0762609942638623,0.626139633585765,-0.0908261810702242,0.0475,-0.003375,0,0,0,2.22044604925031e-16
"ScenarioII",27,"IMDS","Int-Euclidean",0.576222195666029,-0.0643857552581262,0.579547397369502,-0.0801507749948351,0.036,-0.003,0.576222195666029,-0.0643857552581262,0.579547397369502,-0.0801507749948351,0.036,-0.003,0,0,0,4.44089209850063e-16
"ScenarioII",27,"IMDS","Hausdorff",0.614437619502868,-0.0232021988527724,0.623881468362602,-0.0431531308487983,0.048625,-0.003875,0.614437619502868,-0.0232021988527724,0.623881468362602,-0.0431531308487983,0.048625,-0.003875,0,0,0,3.33066907387547e-16
"ScenarioII",27,"IMDS","Ichino-Yaguchi",0.624846000637349,-0.0245954429572977,0.633441450644437,-0.0453157508784446,0.05275,0.0015,0.624846000637349,-0.0245954429572977,0.633441450644437,-0.0453157508784446,0.05275,0.0015,0,0,0,3.33066907387547e-16
"ScenarioII",27,"IMDS","Wasserstein",0.615973231357553,-0.0443661567877629,0.622674763971052,-0.0662870412166541,0.052375,0.001375,0.615973231357553,-0.0443661567877629,0.622674763971052,-0.0662870412166541,0.052375,0.001375,0,0,0,4.44089209850063e-16
"ScenarioII",27,"IMDS","Centers-Euclidean",0.613730879541109,-0.0812488846398981,0.618818889365706,-0.104971157869937,0.05,-0.002,0.613730879541109,-0.0812488846398981,0.618818889365706,-0.104971157869937,0.05,-0.002,0,0,0,4.85722573273506e-16
"ScenarioII",28,"IMDS","Int-Euclidean",0.593223789037604,-0.0767716698534099,0.601454919908301,-0.0833755229426006,0.0385,0.00275,0.593223631293818,-0.0767719853409816,0.601454852735884,-0.0833756572874353,0.0385,0.00275,3.15487571692086e-07,0,6.37348629761725e-07,4.44089209850063e-16
"ScenarioII",28,"IMDS","Hausdorff",0.637317797960484,-0.0379249521988527,0.647528289503651,-0.0443023393828599,0.053875,0.00225,0.637317797960484,-0.0379249521988527,0.647528289503651,-0.0443023393828599,0.053875,0.00225,0,0,0,3.33066907387547e-16
"ScenarioII",28,"IMDS","Ichino-Yaguchi",0.644744662205226,-0.0395900254939452,0.6551855058002,-0.046120455327485,0.055125,0.003375,0.644744620777565,-0.039590108349267,0.655185477856474,-0.0461205112149363,0.055125,0.003375,8.28553218257255e-08,0,1.59337157357164e-07,3.33066907387547e-16
"ScenarioII",28,"IMDS","Wasserstein",0.635081819630338,-0.0571295411089866,0.646289615519584,-0.0627863024906594,0.054875,0.00275,0.635081819630338,-0.0571295411089866,0.646289615519584,-0.0627863024906594,0.054875,0.00275,0,0,0,4.44089209850063e-16
"ScenarioII",28,"IMDS","Centers-Euclidean",0.625204907584449,-0.0832065009560229,0.636793017450669,-0.0894599092408946,0.052125,-0.002875,0.625204808795411,-0.0832066985340982,0.636792954756413,-0.0894600346294071,0.052125,-0.002875,1.97578075261662e-07,0,4.7801147240456e-07,2.22044604925031e-16
"ScenarioII",29,"IMDS","Int-Euclidean",0.58236201402167,-0.0640732950924154,0.590585264636294,-0.0751793066390573,0.0355,0.000750000000000001,0.582362249840663,-0.0640728234544295,0.590585624680451,-0.0751785865507428,0.0355,0.000750000000000001,7.20088314462575e-07,0,1.47779318265817e-06,1.11022302462516e-16
"ScenarioII",29,"IMDS","Hausdorff",0.623313017845762,-0.0113000318674314,0.635922843671573,-0.0254459301703697,0.054125,-0.00325,0.623313084767368,-0.0112998980242192,0.635922881288127,-0.0254458549372622,0.054125,-0.00325,1.33843212240733e-07,0,3.18674314825351e-07,4.44089209850063e-16
"ScenarioII",29,"IMDS","Ichino-Yaguchi",0.630164037603569,0.000630178457616259,0.641997375243122,-0.0115405684722783,0.055125,-0.00775,0.630163994582537,0.000630092415551227,0.641997351061051,-0.0115406168364188,0.055125,-0.00775,8.60420650328252e-08,0,1.59337157468187e-07,4.44089209850063e-16
"ScenarioII",29,"IMDS","Wasserstein",0.621055449330784,-0.0276328871892926,0.632910332307707,-0.0410954467166208,0.053875,-0.00425,0.621055487571702,-0.027632810707457,0.632910350732141,-0.0410954098677518,0.053875,-0.00425,7.64818355834807e-08,0,1.59337157468187e-07,4.44089209850063e-16
"ScenarioII",29,"IMDS","Centers-Euclidean",0.612215583173996,-0.053353091140854,0.622574892020872,-0.0579303459562887,0.048875,-0.0025,0.612215618228171,-0.0533530210325047,0.622574911724781,-0.0579303065484705,0.048875,-0.0025,7.01083492857246e-08,0,1.59337157468187e-07,1.11022302462516e-16
"ScenarioII",30,"IMDS","Int-Euclidean",0.55823079987253,-0.0342174952198853,0.571174327712857,-0.0540389215752005,0.034875,-0.000750000000000001,0.55823079987253,-0.0342174952198853,0.571174327712857,-0.0540389215752005,0.034875,-0.000750000000000001,0,0,0,3.33066907387547e-16
"ScenarioII",30,"IMDS","Hausdorff",0.593546287444232,0.00251577437858508,0.610677872689205,-0.0207943571245667,0.044625,0.002,0.593546287444232,0.00251577437858508,0.610677872689205,-0.0207943571245667,0.044625,0.002,0,0,0,2.22044604925031e-16
"ScenarioII",30,"IMDS","Ichino-Yaguchi",0.601697817080943,0.0131311344805609,0.61672672819063,-0.00419812596205832,0.047375,-0.000125,0.601697817080943,0.0131311344805609,0.61672672819063,-0.00419812596205832,0.047375,-0.000125,0,0,0,2.22044604925031e-16
"ScenarioII",30,"IMDS","Wasserstein",0.595484783301466,-0.0121607711918419,0.612720023039926,-0.0374763431540688,0.046625,-0.001875,0.595484783301466,-0.0121607711918419,0.612720023039926,-0.0374763431540688,0.046625,-0.001875,0,0,0,1.11022302462516e-16
"ScenarioII",30,"IMDS","Centers-Euclidean",0.593164117272148,-0.0521513702995539,0.613591911101762,-0.0849897130240793,0.043625,-0.00775,0.593164117272148,-0.0521513702995539,0.613591911101762,-0.0849897130240793,0.043625,-0.00775,0,0,0,3.33066907387547e-16
"ScenarioII",31,"C-PCA","Ichino-Yaguchi",0.918216539196941,0.12102230720204,0.921506693208941,0.125818730049792,0.388375,0.1035,0.918216539196941,0.12102230720204,0.921506693208941,0.125818730049792,0.388375,0.1035,0,0,0,4.57966997657877e-16
"ScenarioII",31,"C-PCA","Centers-Euclidean",0.918180289993627,0.121036169534736,0.921526278446772,0.125730349700884,0.388,0.103875,0.918180289993627,0.121036169534736,0.921526278446772,0.125730349700884,0.388,0.103875,0,0,0,4.9960036108132e-16
"ScenarioII",31,"IMDS","Int-Euclidean",0.598483827278521,-0.0956241236456341,0.60023509695688,-0.102210989501314,0.04075,-0.001625,0.598483940407903,-0.0956238973868706,0.600235228196857,-0.102210727021361,0.04075,-0.001625,2.62479952758965e-07,0,7.04564022402376e-07,4.44089209850063e-16
"ScenarioII",31,"IMDS","Hausdorff",0.63930321861058,-0.0455137029955386,0.647041880808068,-0.0497646690058874,0.055125,0.003375,0.63930321861058,-0.0455137029955386,0.647041880808068,-0.0497646690058874,0.055125,0.003375,0,0,0,3.33066907387547e-16
"ScenarioII",31,"IMDS","Ichino-Yaguchi",0.647576959847036,-0.0427208413001912,0.65432213562738,-0.0418598634954121,0.053,0.003875,0.647576959847036,-0.0427208413001912,0.65432213562738,-0.0418598634954121,0.053,0.003875,0,0,0,3.33066907387547e-16
"ScenarioII",31,"IMDS","Wasserstein",0.636970602294455,-0.0672987571701721,0.643969352381981,-0.0687339191365218,0.054125,0.001625,0.636970602294455,-0.0672987571701721,0.643969352381981,-0.0687339191365218,0.054125,0.001625,0,0,0,2.22044604925031e-16
"ScenarioII",31,"IMDS","Centers-Euclidean",0.626604047163799,-0.0845121096239643,0.63572036862602,-0.0952040879299312,0.05375,-0.0015,0.626604047163799,-0.0845121096239643,0.63572036862602,-0.0952040879299312,0.05375,-0.0015,0,0,0,4.44089209850063e-16
"ScenarioII",32,"IMDS","Int-Euclidean",0.594133922880816,-0.0829695666029319,0.599949722725056,-0.102675272882081,0.04325,-0.003625,0.594133922880816,-0.0829695666029319,0.599949722725056,-0.102675272882081,0.04325,-0.003625,0,0,0,4.44089209850063e-16
"ScenarioII",32,"IMDS","Hausdorff",0.626947179732314,-0.0267187699171446,0.631620060844136,-0.0445171930254644,0.056,-0.004875,0.626947179732314,-0.0267187699171446,0.631620060844136,-0.0445171930254644,0.056,-0.004875,0,0,0,3.33066907387547e-16
"ScenarioII",32,"IMDS","Ichino-Yaguchi",0.63039786488209,-0.0237319949012109,0.634167676598631,-0.0396919707508691,0.05725,-0.000875000000000001,0.63039786488209,-0.0237319949012109,0.634167676598631,-0.0396919707508691,0.05725,-0.000875000000000001,0,0,0,4.44089209850063e-16
"ScenarioII",32,"IMDS","Wasserstein",0.621944710006374,-0.0463514977692797,0.625550819367015,-0.0612430991536531,0.056625,-0.007375,0.621944710006374,-0.0463514977692797,0.625550819367015,-0.0612430991536531,0.056625,-0.007375,0,0,0,4.44089209850063e-16
"ScenarioII",32,"IMDS","Centers-Euclidean",0.61915224665392,-0.0749106118546845,0.624514371144197,-0.0963001978408951,0.05175,-0.00725,0.61915224665392,-0.0749106118546845,0.624514371144197,-0.0963001978408951,0.05175,-0.00725,0,0,0,3.33066907387547e-16
"ScenarioII",33,"IMDS","Int-Euclidean",0.562472275334608,-0.0596679413639261,0.570710293403148,-0.0695396418341115,0.035125,-5e-04,0.562472275334608,-0.0596679413639261,0.570710293403148,-0.0695396418341115,0.035125,-5e-04,0,0,0,2.22044604925031e-16
"ScenarioII",33,"IMDS","Hausdorff",0.601296367112811,-0.0138177182919057,0.618361294331876,-0.0349544251141419,0.051125,-0.002125,0.601296367112811,-0.0138177182919057,0.618361294331876,-0.0349544251141419,0.051125,-0.002125,0,0,0,2.22044604925031e-16
"ScenarioII",33,"IMDS","Ichino-Yaguchi",0.61580943275972,-0.0176593371574251,0.632536501171743,-0.0308161130977087,0.05375,-0.001875,0.61580943275972,-0.0176593371574251,0.632536501171743,-0.0308161130977087,0.05375,-0.001875,0,0,0,3.33066907387547e-16
"ScenarioII",33,"IMDS","Wasserstein",0.603471876991714,-0.0389657425111536,0.620317802622616,-0.0564162775357865,0.052375,-0.005,0.603471876991714,-0.0389657425111536,0.620317802622616,-0.0564162775357865,0.052375,-0.005,0,0,0,4.44089209850063e-16
"ScenarioII",33,"IMDS","Centers-Euclidean",0.600020634161887,-0.0792235500318674,0.61636553485195,-0.100410602170228,0.053875,-0.005125,0.600020634161887,-0.0792235500318674,0.61636553485195,-0.100410602170228,0.053875,-0.005125,0,0,0,4.44089209850063e-16
"ScenarioII",34,"IMDS","Int-Euclidean",0.587973470363289,-0.0694125239005736,0.599485873299429,-0.0891490195130115,0.04225,-0.001625,0.587973470363289,-0.0694125239005736,0.599485873299429,-0.0891490195130115,0.04225,-0.001625,0,0,0,2.22044604925031e-16
"ScenarioII",34,"IMDS","Hausdorff",0.629623406628426,-0.0256043658381133,0.640464272291988,-0.0413686023923446,0.053125,5e-04,0.629623406628426,-0.0256043658381133,0.640464272291988,-0.0413686023923446,0.053125,5e-04,0,0,0,3.33066907387547e-16
"ScenarioII",34,"IMDS","Ichino-Yaguchi",0.636072339069471,-0.0268381134480562,0.646536761822047,-0.0430842976733521,0.056,-0.003,0.636072370936902,-0.0268380497131932,0.646536772569634,-0.0430842761781786,0.056,-0.003,6.37348629879686e-08,0,1.59337157468187e-07,1.11022302462516e-16
"ScenarioII",34,"IMDS","Wasserstein",0.628098151688974,-0.0417839388145316,0.637170791820779,-0.0560385700182248,0.05475,-0.00475,0.628098151688974,-0.0417839388145316,0.637170791820779,-0.0560385700182248,0.05475,-0.00475,0,0,0,4.44089209850063e-16
"ScenarioII",34,"IMDS","Centers-Euclidean",0.620128505417463,-0.0686429254302103,0.627716413535408,-0.0813444953845938,0.051375,-0.006375,0.620128505417463,-0.0686429254302103,0.627716413535408,-0.0813444953845938,0.051375,-0.006375,0,0,0,4.44089209850063e-16
"ScenarioII",35,"IMDS","Int-Euclidean",0.593014977692798,-0.0701622052262588,0.597887754058877,-0.0803780981838114,0.043,-0.000625000000000001,0.593014977692798,-0.0701622052262588,0.597887754058877,-0.0803780981838114,0.043,-0.000625000000000001,0,0,0,3.33066907387547e-16
"ScenarioII",35,"IMDS","Hausdorff",0.627640535372849,-0.0265774378585086,0.636108032375314,-0.0390457036436537,0.051125,-0.001875,0.627640535372849,-0.0265774378585086,0.636108032375314,-0.0390457036436537,0.051125,-0.001875,0,0,0,1.11022302462516e-16
"ScenarioII",35,"IMDS","Ichino-Yaguchi",0.632760117909496,-0.0254173040152963,0.638795547163908,-0.0371268723618299,0.052375,-0.001625,0.632760117909496,-0.0254173040152963,0.638795547163908,-0.0371268723618299,0.052375,-0.001625,0,0,0,4.44089209850063e-16
"ScenarioII",35,"IMDS","Wasserstein",0.623995140216699,-0.0416795729764181,0.631362076005569,-0.0517521841911187,0.051625,-0.001125,0.623995105162524,-0.0416796430847674,0.631362064183223,-0.0517522078358096,0.051625,-0.001125,7.01083492857246e-08,0,1.59337157468187e-07,4.44089209850063e-16
"ScenarioII",35,"IMDS","Centers-Euclidean",0.617296446781389,-0.0624016889738688,0.624107814992577,-0.0720655354149191,0.0485,-0.00025,0.617296446781389,-0.0624016889738688,0.624107814992577,-0.0720655354149191,0.0485,-0.00025,0,0,0,4.44089209850063e-16
"ScenarioII",36,"IMDS","Int-Euclidean",0.544225541746335,-0.0180584767367751,0.548284325297209,-0.0315541857073815,0.031875,-0.001875,0.5442254652645,-0.0180586297004461,0.548284289770464,-0.0315542567608719,0.031875,-0.001875,1.52963671062878e-07,0,3.18674314714329e-07,2.22044604925031e-16
"ScenarioII",36,"IMDS","Hausdorff",0.573085325047801,0.0160460484384958,0.576785394767392,0.0124448463274217,0.044875,-0.00025,0.573085368068834,0.0160461344805608,0.576785539859814,0.0124451365122648,0.044875,-0.00025,2.90184843133867e-07,0,5.37379339138333e-07,3.33066907387547e-16
"ScenarioII",36,"IMDS","Ichino-Yaguchi",0.577906867431485,0.0183475143403442,0.580487566406865,0.0179844466212573,0.044375,-0.002125,0.577906947100064,0.0183476736775016,0.580487665822043,0.0179846454516128,0.044375,-0.002125,1.98830355468277e-07,0,4.03034504325994e-07,1.04083408558608e-17
"ScenarioII",36,"IMDS","Wasserstein",0.57154206500956,0.00463830465264503,0.574886564339405,-0.00341415220050012,0.0435,-0.00225,0.571541974187381,0.00463812300828552,0.574886411186293,-0.00341445850672343,0.0435,-0.00225,3.06306223308694e-07,0,5.37379339138333e-07,3.33066907387547e-16
"ScenarioII",36,"IMDS","Centers-Euclidean",0.556930289993627,-0.0041174314850223,0.559988468735014,-0.0140989398102727,0.0425,0.0025,0.556930366475462,-0.00411727852135124,0.559988565463295,-0.0140987463537106,0.0425,0.0025,1.93456562103123e-07,0,4.03034504381505e-07,4.44089209850063e-16
"ScenarioII",37,"IMDS","Int-Euclidean",0.574808078393881,-0.0589118865519439,0.580238828544601,-0.0666105943313133,0.039875,-0.00425,0.574808078393881,-0.0589118865519439,0.580238828544601,-0.0666105943313133,0.039875,-0.00425,0,0,0,3.33066907387547e-16
"ScenarioII",37,"IMDS","Hausdorff",0.624741475462078,-0.0142213193116635,0.633573704284585,-0.0221952383157952,0.052625,-0.000125,0.624741582217973,-0.0142211057998725,0.633573749290105,-0.0221951483047558,0.052625,-0.000125,2.13511790945337e-07,0,7.96685787118889e-07,3.33066907387547e-16
"ScenarioII",37,"IMDS","Ichino-Yaguchi",0.628584369024857,-0.0243730082855322,0.636406423981892,-0.0280849598014665,0.053625,0.001375,0.628584369024857,-0.0243730082855322,0.636406423981892,-0.0280849598014665,0.053625,0.001375,0,0,0,4.44089209850063e-16
"ScenarioII",37,"IMDS","Wasserstein",0.616195984703633,-0.0363524537922243,0.625222984810418,-0.0451271650629732,0.04975,0.000875000000000001,0.616195928935628,-0.0363525653282345,0.625222669771781,-0.0451277951402483,0.04975,0.000875000000000001,6.30077275166896e-07,0,1.27627593043966e-06,4.44089209850063e-16
"ScenarioII",37,"IMDS","Centers-Euclidean",0.604594566602932,-0.0550406309751433,0.613765403701537,-0.067456019979252,0.04925,-0.000875000000000001,0.604594566602932,-0.0550406309751433,0.613765403701537,-0.067456019979252,0.04925,-0.000875000000000001,0,0,0,2.22044604925031e-16
"ScenarioII",38,"IMDS","Int-Euclidean",0.582776290630975,-0.0619987253027406,0.584219150928702,-0.0749903109652169,0.042875,-0.00175,0.582776290630975,-0.0619987253027406,0.584219150928702,-0.0749903109652169,0.042875,-0.00175,0,0,0,3.33066907387547e-16
"ScenarioII",38,"IMDS","Hausdorff",0.621434114085405,-0.031400732950924,0.634081321338174,-0.0592223948233481,0.0565,-0.00125,0.621434114085405,-0.031400732950924,0.634081321338174,-0.0592223948233481,0.0565,-0.00125,0,0,0,4.44089209850063e-16
"ScenarioII",38,"IMDS","Ichino-Yaguchi",0.634175191204589,-0.0339004142766093,0.643900704730354,-0.0524595342695334,0.05825,-0.002,0.634175191204589,-0.0339004142766093,0.643900704730354,-0.0524595342695334,0.05825,-0.002,0,0,0,1.11022302462516e-16
"ScenarioII",38,"IMDS","Wasserstein",0.625003266411727,-0.0540782345442958,0.634043311239366,-0.0750862097202198,0.059125,-0.002625,0.625003266411727,-0.0540782345442958,0.634043311239366,-0.0750862097202198,0.059125,-0.002625,0,0,0,4.44089209850063e-16
"ScenarioII",38,"IMDS","Centers-Euclidean",0.617392208413002,-0.0691002230720204,0.627388977748401,-0.0931667655700545,0.058625,-0.00275,0.617392208413002,-0.0691002230720204,0.627388977748401,-0.0931667655700545,0.058625,-0.00275,0,0,0,1.11022302462516e-16
"ScenarioII",39,"IMDS","Int-Euclidean",0.596360261312938,-0.0962667304015297,0.600591811068172,-0.106589668097461,0.036875,-0.0025,0.596360261312938,-0.0962667304015297,0.600591811068172,-0.106589668097461,0.036875,-0.0025,0,0,0,4.85722573273506e-16
"ScenarioII",39,"IMDS","Hausdorff",0.629603569152326,-0.0392823454429574,0.640600082231834,-0.0538436963526955,0.055625,-0.003375,0.629603543658381,-0.0392823964308477,0.64060006073666,-0.0538437393430426,0.055625,-0.003375,5.09878903542926e-08,0,1.59337157357164e-07,3.33066907387547e-16
"ScenarioII",39,"IMDS","Ichino-Yaguchi",0.640086121733588,-0.0363334926704907,0.649167387010876,-0.0448007985968769,0.056375,-0.0045,0.640086121733588,-0.0363334926704907,0.649167387010876,-0.0448007985968769,0.056375,-0.0045,0,0,0,2.22044604925031e-16
"ScenarioII",39,"IMDS","Wasserstein",0.628938336520076,-0.0582546207775653,0.636270375206784,-0.0687688733168298,0.05475,-0.002,0.628938336520076,-0.0582546207775653,0.636270375206784,-0.0687688733168298,0.05475,-0.002,0,0,0,4.44089209850063e-16
"ScenarioII",39,"IMDS","Centers-Euclidean",0.623414117272148,-0.0750079668578713,0.633689956282058,-0.0917148740715493,0.053375,-0.002,0.623414117272148,-0.0750079668578713,0.633689956282058,-0.0917148740715493,0.053375,-0.002,0,0,0,2.22044604925031e-16
"ScenarioII",40,"IMDS","Int-Euclidean",0.581320108349267,-0.054423199490121,0.586694684921699,-0.0672182816536476,0.0405,-0.004375,0.581320195984704,-0.0544230242192479,0.586694854068243,-0.0672179433605589,0.0405,-0.004375,3.38293088708586e-07,0,9.56022944587076e-07,2.22044604925031e-16
"ScenarioII",40,"IMDS","Hausdorff",0.641190885914595,-0.0164209687699171,0.648634278664624,-0.0306031048839934,0.058375,-0.003,0.641190885914595,-0.0164209687699171,0.648634278664624,-0.0306031048839934,0.058375,-0.003,0,0,0,2.22044604925031e-16
"ScenarioII",40,"IMDS","Ichino-Yaguchi",0.642703712555768,-0.0199080624601656,0.651074144956968,-0.0343123455141023,0.06125,-0.001375,0.642703774697259,-0.0199079381771829,0.651074195470626,-0.0343122444867865,0.06125,-0.001375,1.24282982710833e-07,0,8.23981653352845e-07,2.22044604925031e-16
"ScenarioII",40,"IMDS","Wasserstein",0.633320028680688,-0.0365989483747611,0.641260888542237,-0.0532048024312066,0.059625,-0.00425,0.633320097195666,-0.0365988113448057,0.641260937827599,-0.053204703860482,0.059625,-0.00425,1.37029955417367e-07,0,6.37348629761725e-07,4.44089209850063e-16
"ScenarioII",40,"IMDS","Centers-Euclidean",0.622081421287444,-0.0636536010197577,0.626717486971963,-0.0734706124299083,0.053625,-0.004125,0.622081456341619,-0.0636535309114085,0.626717509900148,-0.073470566573538,0.053625,-0.004125,7.0108349195519e-08,0,8.23981653352845e-07,2.22044604925031e-16
"ScenarioII",41,"IMDS","Int-Euclidean",0.593502868068834,-0.0878342893562779,0.600898044041563,-0.0974828358480127,0.040625,-0.000125,0.593502868068834,-0.0878342893562779,0.600898044041563,-0.0974828358480127,0.040625,-0.000125,0,0,0,4.44089209850063e-16
"ScenarioII",41,"IMDS","Hausdorff",0.629534416826004,-0.0338040152963671,0.640042375346332,-0.052452374969314,0.054,-0.00025,0.629534380178458,-0.0338040885914595,0.64004233414725,-0.0524524573674793,0.054,-0.00025,8.23981653463868e-08,0,1.79126446397948e-07,4.44089209850063e-16
"ScenarioII",41,"IMDS","Ichino-Yaguchi",0.638005497131931,-0.0371129700446144,0.647149407215145,-0.048099338110721,0.054875,0.0015,0.638005457297642,-0.0371130497131931,0.647149362433533,-0.0480994276739442,0.054875,0.0015,8.9563223198974e-08,0,1.79126446397948e-07,1.11022302462516e-16
"ScenarioII",41,"IMDS","Wasserstein",0.630695745697897,-0.058124442319949,0.638101335477221,-0.0692126384029018,0.05575,0.000624999999999997,0.630695745697897,-0.058124442319949,0.638101335477221,-0.0692126384029018,0.05575,0.000624999999999997,0,0,0,2.22044604925031e-16
"ScenarioII",41,"IMDS","Centers-Euclidean",0.624795490758445,-0.0853073613766731,0.631050631518817,-0.0935070341676019,0.054,-0.00425,0.624795447737412,-0.0853074474187381,0.631050583154676,-0.093507130895883,0.054,-0.00425,9.67282810793169e-08,0,1.79126446453459e-07,4.44089209850063e-16
"ScenarioII",42,"IMDS","Int-Euclidean",0.571805768005099,-0.0616026131293818,0.577353065348228,-0.078481746844517,0.042375,-0.003,0.571805768005099,-0.0616026131293818,0.577353065348228,-0.078481746844517,0.042375,-0.003,0,0,0,2.22044604925031e-16
"ScenarioII",42,"IMDS","Hausdorff",0.610886631612492,-0.0329345124282983,0.62493600153264,-0.0548170500569707,0.05075,-0.0025,0.610886631612492,-0.0329345124282983,0.62493600153264,-0.0548170500569707,0.05075,-0.0025,0,0,0,4.16333634234434e-17
"ScenarioII",42,"IMDS","Ichino-Yaguchi",0.624258285532186,-0.0249397705544934,0.636358883609777,-0.0484204644885232,0.05325,-0.003375,0.624258285532186,-0.0249397705544934,0.636358883609777,-0.0484204644885232,0.05325,-0.003375,0,0,0,3.33066907387547e-16
"ScenarioII",42,"IMDS","Wasserstein",0.614216539196941,-0.0518929254302103,0.627828723045095,-0.075556987287652,0.054375,-0.000625000000000001,0.614216539196941,-0.0518929254302103,0.627828723045095,-0.075556987287652,0.054375,-0.000625000000000001,0,0,0,2.22044604925031e-16
"ScenarioII",42,"IMDS","Centers-Euclidean",0.608720363288719,-0.0775525812619502,0.624820278491298,-0.109764343592843,0.05725,-0.008,0.608720363288719,-0.0775525812619502,0.624820278491298,-0.109764343592843,0.05725,-0.008,0,0,0,2.63677968348475e-16
"ScenarioII",43,"IMDS","Int-Euclidean",0.606179333970682,-0.102828712555768,0.616252411383162,-0.117836367052949,0.046375,-0.0035,0.606179286169535,-0.102828808158062,0.616252321103433,-0.117836547612407,0.046375,-0.0035,1.80559457982343e-07,0,9.49370165814756e-07,4.44089209850063e-16
"ScenarioII",43,"IMDS","Hausdorff",0.651378585086042,-0.055804333970682,0.661529085933951,-0.0639582515535808,0.06575,-0.0015,0.651378231357553,-0.0558050414276609,0.661528697065363,-0.0639590292907565,0.06575,-0.0015,7.77737175786108e-07,0,2.54939451882485e-06,2.22044604925031e-16
"ScenarioII",43,"IMDS","Ichino-Yaguchi",0.659221637985978,-0.0551787762906311,0.66780128385895,-0.0592169474601661,0.06575,-0.000375,0.659221602931804,-0.0551788463989803,0.667801250720557,-0.0592170137369513,0.06575,-0.000375,7.01083492440913e-08,0,7.16505785536281e-07,3.33066907387547e-16
"ScenarioII",43,"IMDS","Wasserstein",0.650604126832377,-0.0782503186743149,0.658477440879316,-0.0803441362360688,0.068,0.003625,0.650604075844487,-0.0782504206500956,0.658477311908275,-0.0803443941781517,0.068,0.003625,2.57942082818041e-07,0,1.9703909102109e-06,3.33066907387547e-16
"ScenarioII",43,"IMDS","Centers-Euclidean",0.641845522625876,-0.100737253027406,0.648909699117043,-0.103518886154225,0.066125,-0.003,0.641845481198215,-0.100737335882728,0.648909646274741,-0.103518991838828,0.066125,-0.003,1.05684603374234e-07,0,7.16505785536281e-07,3.33066907387547e-16
"ScenarioII",44,"IMDS","Int-Euclidean",0.552580385595921,-0.0358436902485659,0.557083115822648,-0.0508722762757599,0.033625,-0.00275,0.552580466857871,-0.0358435277246653,0.557083214163067,-0.0508720795949217,0.033625,-0.00275,1.9668083811597e-07,0,3.76165537385731e-07,3.33066907387547e-16
"ScenarioII",44,"IMDS","Hausdorff",0.576349187380497,0.0219437539834288,0.580822807522151,0.00833496850189391,0.038375,-0.0055,0.576349187380497,0.0219437539834288,0.580822807522151,0.00833496850189391,0.038375,-0.0055,0,0,0,3.33066907387547e-16
"ScenarioII",44,"IMDS","Ichino-Yaguchi",0.579337555768005,0.0246610898661568,0.582272339562839,0.0133346970400293,0.0405,-0.00325,0.579337555768005,0.0246610898661568,0.582272339562839,0.0133346970400293,0.0405,-0.00325,0,0,0,3.33066907387547e-16
"ScenarioII",44,"IMDS","Wasserstein",0.572564611217336,0.00631755895474828,0.57554031082874,-0.00599979724592237,0.0385,-0.00475,0.572564649458254,0.00631763543658381,0.575540323725844,-0.00599977145171408,0.0385,-0.00475,7.64818355314389e-08,0,1.59337157357164e-07,4.44089209850063e-16
"ScenarioII",44,"IMDS","Centers-Euclidean",0.566046685787126,-0.0153237731038879,0.570261300383791,-0.0285043242403631,0.04075,-0.005375,0.566046685787126,-0.0153237731038879,0.570261300383791,-0.0285043242403631,0.04075,-0.005375,0,0,0,4.44089209850063e-16
"ScenarioII",45,"IMDS","Int-Euclidean",0.579344725940089,-0.0713255258126195,0.587038177155544,-0.0815434253258523,0.0365,-0.001375,0.579344725940089,-0.0713255258126195,0.587038177155544,-0.0815434253258523,0.0365,-0.001375,0,0,0,2.22044604925031e-16
"ScenarioII",45,"IMDS","Hausdorff",0.599086440407903,-0.0147324729126833,0.616572976604721,-0.03540059731846,0.04875,-0.003375,0.599086440407903,-0.0147324729126833,0.616572976604721,-0.03540059731846,0.04875,-0.003375,0,0,0,3.33066907387547e-16
"ScenarioII",45,"IMDS","Ichino-Yaguchi",0.613277087316762,-0.0187539834289356,0.626848693788628,-0.0327589906122389,0.05075,-0.004875,0.613277087316762,-0.0187539834289356,0.626848693788628,-0.0327589906122389,0.05075,-0.004875,0,0,0,4.44089209850063e-16
"ScenarioII",45,"IMDS","Wasserstein",0.606570745697897,-0.0407772466539197,0.620393719396033,-0.0560731949470648,0.049375,-0.00325,0.606570745697897,-0.0407772466539197,0.620393719396033,-0.0560731949470648,0.049375,-0.00325,0,0,0,3.33066907387547e-16
"ScenarioII",45,"IMDS","Centers-Euclidean",0.604549553855959,-0.0742622689611216,0.61872351125025,-0.0955303908487881,0.04725,-0.003875,0.604549553855959,-0.0742622689611216,0.61872351125025,-0.0955303908487881,0.04725,-0.003875,0,0,0,3.33066907387547e-16
"ScenarioII",46,"IMDS","Int-Euclidean",0.596053696622052,-0.0853709369024857,0.602056157079222,-0.101018500605874,0.04025,-0.002375,0.596053696622052,-0.0853709369024857,0.602056157079222,-0.101018500605874,0.04025,-0.002375,0,0,0,2.22044604925031e-16
"ScenarioII",46,"IMDS","Hausdorff",0.624748087954111,-0.0279971319311664,0.631897637637776,-0.0425828894835886,0.0505,-0.000625000000000001,0.624748087954111,-0.0279971319311664,0.631897637637776,-0.0425828894835886,0.0505,-0.000625000000000001,0,0,0,2.77555756156289e-17
"ScenarioII",46,"IMDS","Wasserstein",0.627792543021032,-0.0437998725302742,0.635934822432807,-0.0554786252249956,0.051125,0.000375,0.627792543021032,-0.0437998725302742,0.635934822432807,-0.0554786252249956,0.051125,0.000375,0,0,0,4.44089209850063e-16
"ScenarioII",46,"IMDS","Centers-Euclidean",0.626982711918419,-0.0824208094327596,0.635455332176347,-0.0976468474342526,0.052125,-0.00775,0.626982711918419,-0.0824208094327596,0.635455332176347,-0.0976468474342526,0.052125,-0.00775,0,0,0,3.33066907387547e-16
"ScenarioII",47,"IMDS","Int-Euclidean",0.599290790312301,-0.105337476099426,0.604038623031123,-0.113712159324956,0.04125,-0.003125,0.599290790312301,-0.105337476099426,0.604038623031123,-0.113712159324956,0.04125,-0.003125,0,0,0,4.57966997657877e-16
"ScenarioII",47,"IMDS","Hausdorff",0.626484783301466,-0.0474784894837477,0.636411603081896,-0.0613422872246507,0.0515,-0.000625000000000001,0.626484783301466,-0.0474784894837477,0.636411603081896,-0.0613422872246507,0.0515,-0.000625000000000001,0,0,0,3.46944695195361e-17
"ScenarioII",47,"IMDS","Ichino-Yaguchi",0.636146908859146,-0.0477641810070109,0.644697672622877,-0.0561910465010549,0.05275,-0.004625,0.636146908859146,-0.0477641810070109,0.644697672622877,-0.0561910465010549,0.05275,-0.004625,0,0,0,2.22044604925031e-16
"ScenarioII",47,"IMDS","Wasserstein",0.628079668578713,-0.0670560866794137,0.636001748764582,-0.0791011884869121,0.05275,-0.00225,0.628079668578713,-0.0670560866794137,0.636001748764582,-0.0791011884869121,0.05275,-0.00225,0,0,0,4.44089209850063e-16
"ScenarioII",47,"IMDS","Centers-Euclidean",0.624080385595921,-0.100489643084767,0.631691531123391,-0.114176435881859,0.051875,-0.00375,0.624080385595921,-0.100489643084767,0.631691531123391,-0.114176435881859,0.051875,-0.00375,0,0,0,4.44089209850063e-16
"ScenarioII",48,"IMDS","Int-Euclidean",0.584625796685787,-0.0733236137667304,0.589526093903883,-0.0841561336051279,0.04125,-0.004625,0.584625796685787,-0.0733236137667304,0.589526093903883,-0.0841561336051279,0.04125,-0.004625,0,0,0,4.44089209850063e-16
"ScenarioII",48,"IMDS","Hausdorff",0.632400334608031,-0.0210524219247927,0.641068959352968,-0.0405799544967647,0.05975,-0.003875,0.632400377629063,-0.0210523358827278,0.64106910444539,-0.0405796643119216,0.05975,-0.003875,2.90184843161623e-07,0,5.37379339193844e-07,4.44089209850063e-16
"ScenarioII",48,"IMDS","Ichino-Yaguchi",0.638651131293818,-0.0252719885277246,0.645924090946079,-0.0381190925590704,0.060625,-0.00525,0.638651131293818,-0.0252719885277246,0.645924090946079,-0.0381190925590704,0.060625,-0.00525,0,0,0,3.33066907387547e-16
"ScenarioII",48,"IMDS","Wasserstein",0.628338033779477,-0.0482104843849587,0.635966640407583,-0.0603980042499029,0.059875,-0.003125,0.628338033779477,-0.0482104843849587,0.635966640407583,-0.0603980042499029,0.059875,-0.003125,0,0,0,4.44089209850063e-16
"ScenarioII",48,"IMDS","Centers-Euclidean",0.619241156787763,-0.0747713511790949,0.627193735572857,-0.0887555804285421,0.0565,-0.005875,0.619241156787763,-0.0747713511790949,0.627193735572857,-0.0887555804285421,0.0565,-0.005875,0,0,0,4.44089209850063e-16
"ScenarioII",49,"IMDS","Int-Euclidean",0.598183397068196,-0.0848180369662205,0.600849490965289,-0.0960777850622533,0.04425,-0.00475,0.598183397068196,-0.0848180369662205,0.600849490965289,-0.0960777850622533,0.04425,-0.00475,0,0,0,4.44089209850063e-16
"ScenarioII",49,"IMDS","Hausdorff",0.641434512428298,-0.0437609942638623,0.64761110509758,-0.056940038360355,0.055625,-0.000375,0.641434550669216,-0.0437609177820267,0.647611119427696,-0.0569400097001236,0.055625,-0.000375,7.64818355314389e-08,0,1.59337157357164e-07,3.33066907387547e-16
"ScenarioII",49,"IMDS","Ichino-Yaguchi",0.651757568514978,-0.0462748565965584,0.655732801067628,-0.0560490077589047,0.0555,-0.002375,0.651757568514978,-0.0462748565965584,0.655732801067628,-0.0560490077589047,0.0555,-0.002375,0,0,0,3.33066907387547e-16
"ScenarioII",49,"IMDS","Wasserstein",0.641052899936265,-0.068472594008923,0.646027592019388,-0.0787007022694979,0.0575,-0.001375,0.641052907903123,-0.0684725780752073,0.646027623545643,-0.0787006392169888,0.0575,-0.001375,6.30525091305234e-08,0,3.18674314825351e-07,1.11022302462516e-16
"ScenarioII",49,"IMDS","Centers-Euclidean",0.632523900573614,-0.0910783938814531,0.63849823927233,-0.104419498527837,0.058,-0.003375,0.632523900573614,-0.0910783938814531,0.63849823927233,-0.104419498527837,0.058,-0.003375,0,0,0,4.44089209850063e-16
"ScenarioII",50,"IMDS","Int-Euclidean",0.594541826003824,-0.085350063734863,0.606373798125519,-0.111018719822525,0.043625,-0.00325,0.594541826003824,-0.085350063734863,0.606373798125519,-0.111018719822525,0.043625,-0.00325,0,0,0,4.44089209850063e-16
"ScenarioII",50,"IMDS","Hausdorff",0.626991475462078,-0.01630321861058,0.635934046964566,-0.0328105527995673,0.053625,-0.007875,0.62699143722116,-0.0163032950924156,0.635933917993525,-0.0328108107416501,0.053625,-0.007875,2.57942082783347e-07,0,5.37379339138333e-07,2.22044604925031e-16
"ScenarioII",50,"IMDS","Ichino-Yaguchi",0.631258604206501,-0.0160535372848948,0.638346629953422,-0.0287306517848415,0.056625,-0.003375,0.631258604206501,-0.0160535372848948,0.638346629953422,-0.0287306517848415,0.056625,-0.003375,0,0,0,1.11022302462516e-16
"ScenarioII",50,"IMDS","Wasserstein",0.621900812619503,-0.034169056724028,0.629239351273956,-0.0495571972920858,0.052875,-0.00625,0.621900812619503,-0.034169056724028,0.629239351273956,-0.0495571972920858,0.052875,-0.00625,0,0,0,2.22044604925031e-16
"ScenarioII",50,"IMDS","Centers-Euclidean",0.613727772466539,-0.0623535691523263,0.618182581795533,-0.0725546216243835,0.052625,-0.003625,0.613727772466539,-0.0623535691523263,0.618182581795533,-0.0725546216243835,0.052625,-0.003625,0,0,0,2.22044604925031e-16
"ScenarioII",51,"IMDS","Int-Euclidean",0.553378664754621,-0.0229647864882091,0.562412347458904,-0.0372890470490112,0.033625,-0.003625,0.553378503824092,-0.0229651083492671,0.562412192245838,-0.0372893574751428,0.033625,-0.003625,3.21861057969025e-07,0,9.13544876524064e-07,3.33066907387547e-16
"ScenarioII",51,"IMDS","Hausdorff",0.579449729126832,0.0040600701083493,0.589183050552383,-0.0046578872530379,0.042375,-0.003,0.579449730720204,0.00406007329509245,0.589183081003879,-0.00465782635004613,0.042375,-0.003,6.09029917686757e-08,0,3.18674314936374e-07,3.33066907387547e-16
"ScenarioII",51,"IMDS","Ichino-Yaguchi",0.581529796048438,0.012968132568515,0.591934064280122,0.00268603262387312,0.04225,-0.00625,0.581529824729127,0.0129681899298917,0.591934084431848,0.00268607292732358,0.04225,-0.00625,5.73613766399056e-08,0,4.78011472293538e-07,4.44089209850063e-16
"ScenarioII",51,"IMDS","Wasserstein",0.575129780114723,-0.00466140854047159,0.586231269237967,-0.0126790174777939,0.04325,-0.003875,0.575129810388783,-0.00466134799235177,0.586231265638378,-0.0126790246769711,0.04325,-0.003875,6.05481198156718e-08,0,6.37348629761725e-07,2.22044604925031e-16
"ScenarioII",51,"IMDS","Centers-Euclidean",0.570297801147228,-0.0214206500956022,0.579865016814002,-0.0266187125977583,0.04475,-0.002875,0.570297761312938,-0.021420729764181,0.579865000020898,-0.026618746183967,0.04475,-0.002875,7.96685787340934e-08,0,1.59337157468187e-07,4.44089209850063e-16
"ScenarioII",52,"IMDS","Int-Euclidean",0.588024856596558,-0.0888463989802422,0.586449662440477,-0.0947084776793948,0.04025,-0.002875,0.588024816762269,-0.0888464786488209,0.58644963557151,-0.0947085314173287,0.04025,-0.002875,7.96685787340934e-08,0,1.59337157468187e-07,3.33066907387547e-16
"ScenarioII",52,"IMDS","Hausdorff",0.632184193753983,-0.0464356277884003,0.642228005980606,-0.0670391974299278,0.05575,-0.00325,0.632184193753983,-0.0464356277884003,0.642228005980606,-0.0670391974299278,0.05575,-0.00325,0,0,0,4.44089209850063e-16
"ScenarioII",52,"IMDS","Ichino-Yaguchi",0.641338671128107,-0.0451696940726577,0.64871097783677,-0.0567199224518964,0.05575,-0.001,0.641338671128107,-0.0451696940726577,0.64871097783677,-0.0567199224518964,0.05575,-0.001,0,0,0,4.16333634234434e-17
"ScenarioII",52,"IMDS","Wasserstein",0.631046287444232,-0.0652499999999999,0.637934035214724,-0.0851426880755183,0.056,-0.001875,0.63104635595921,-0.0652498629700446,0.637934097013348,-0.0851425644782704,0.056,-0.001875,1.37029955327161e-07,0,3.18674314714329e-07,4.16333634234434e-17
"ScenarioII",52,"IMDS","Centers-Euclidean",0.621201242829828,-0.0832361376673041,0.624082456765273,-0.0957966925922343,0.05525,-0.0045,0.621201242829828,-0.0832361376673041,0.624082456765273,-0.0957966925922343,0.05525,-0.0045,0,0,0,2.22044604925031e-16
"ScenarioII",53,"IMDS","Int-Euclidean",0.558038479923518,-0.0332608349267048,0.570952663959981,-0.0535031874271659,0.035375,0.00025,0.558038518164436,-0.0332607584448693,0.570952792931022,-0.0535029294850831,0.035375,0.00025,2.57942082783347e-07,0,5.37379339138333e-07,2.22044604925031e-16
"ScenarioII",53,"IMDS","Hausdorff",0.581594725940089,0.0161681007010835,0.59040253998742,-0.00119918076093251,0.046125,-0.003375,0.581594772147865,0.0161681931166348,0.59040259193409,-0.00119907686759363,0.046125,-0.003375,1.03893338878561e-07,0,1.79126446342437e-07,3.33066907387547e-16
"ScenarioII",53,"IMDS","Ichino-Yaguchi",0.58402413957935,0.0235750478011472,0.592927905998194,0.0122739795294297,0.0455,-0.00325,0.584024101338432,0.0235749713193116,0.592927880203986,0.0122739279410132,0.0455,-0.00325,7.64818355834807e-08,0,1.59337157468187e-07,3.46944695195361e-17
"ScenarioII",53,"IMDS","Wasserstein",0.576731357552581,0.00531931166347988,0.586833120556705,-0.00657966495165896,0.044875,-0.002625,0.576731314531549,0.00531922562141484,0.586833048010494,-0.00657981004408053,0.044875,-0.002625,1.45092421566934e-07,0,2.68689669569167e-07,4.44089209850063e-16
"ScenarioII",53,"IMDS","Centers-Euclidean",0.574453632887189,-0.0225442957297642,0.584148669683327,-0.0316187394667252,0.042875,0.001625,0.574453591459528,-0.0225443785850861,0.584148641739601,-0.0316187953541765,0.042875,0.001625,8.28553218257255e-08,0,1.59337157357164e-07,4.44089209850063e-16
"ScenarioII",54,"IMDS","Int-Euclidean",0.584349665391969,-0.0716814850223073,0.590937679073135,-0.0872621655005535,0.037625,-0.00525,0.584349633524538,-0.0716815487571703,0.590937657577961,-0.0872622084909006,0.037625,-0.00525,6.37348629428658e-08,0,1.59337157357164e-07,4.44089209850063e-16
"ScenarioII",54,"IMDS","Hausdorff",0.638023422562142,-0.0330930528999362,0.645738003091552,-0.0530801368218977,0.0495,-0.004375,0.638023422562142,-0.0330930528999362,0.645738003091552,-0.0530801368218977,0.0495,-0.004375,0,0,0,4.44089209850063e-16
"ScenarioII",54,"IMDS","Ichino-Yaguchi",0.643508205863607,-0.0324666985340982,0.649856064010238,-0.0495825927307758,0.051375,-0.002875,0.643508205863607,-0.0324666985340982,0.649856064010238,-0.0495825927307758,0.051375,-0.002875,0,0,0,4.44089209850063e-16
"ScenarioII",54,"IMDS","Wasserstein",0.636795570427024,-0.0546083492670491,0.642562804077805,-0.0735629794084767,0.04975,-0.003875,0.636795570427024,-0.0546083492670491,0.642562804077805,-0.0735629794084767,0.04975,-0.003875,0,0,0,3.33066907387547e-16
"ScenarioII",54,"IMDS","Centers-Euclidean",0.626855003186743,-0.0775857233906947,0.634231407975665,-0.10018949978684,0.050375,-0.004875,0.626855003186743,-0.0775857233906947,0.634231407975665,-0.10018949978684,0.050375,-0.004875,0,0,0,3.88578058618805e-16
"ScenarioII",55,"IMDS","Int-Euclidean",0.590393801784576,-0.0869485340981517,0.597470884062369,-0.103114532511535,0.044125,-0.0025,0.590393849585723,-0.0869484384958572,0.59747090018375,-0.103114500268775,0.044125,-0.0025,9.56022944836876e-08,0,1.59337157468187e-07,4.44089209850063e-16
"ScenarioII",55,"IMDS","Hausdorff",0.642987571701721,-0.0419241555130657,0.650037521339504,-0.0589713465497943,0.0525,-0.0035,0.642987557361377,-0.041924184193754,0.650037392069919,-0.0589716050889653,0.0525,-0.0035,2.58539170988614e-07,0,8.35923416431239e-07,2.22044604925031e-16
"ScenarioII",55,"IMDS","Ichino-Yaguchi",0.646317399617591,-0.0474827915869982,0.654933087422577,-0.0609155163336877,0.056375,-5e-04,0.646317399617591,-0.0474827915869982,0.654933087422577,-0.0609155163336877,0.056375,-5e-04,0,0,0,2.22044604925031e-16
"ScenarioII",55,"IMDS","Wasserstein",0.638700844486934,-0.0677114404079031,0.64443588785132,-0.0844630290265023,0.055125,-0.00125,0.638700844486934,-0.0677114404079031,0.64443588785132,-0.0844630290265023,0.055125,-0.00125,0,0,0,4.44089209850063e-16
"ScenarioII",55,"IMDS","Centers-Euclidean",0.627085006373486,-0.0903714149139581,0.632006153185354,-0.101103422961383,0.054,-0.0075,0.627085006373486,-0.0903714149139581,0.632006153185354,-0.101103422961383,0.054,-0.0075,0,0,0,4.44089209850063e-16
"ScenarioII",56,"IMDS","Int-Euclidean",0.606120379222435,-0.103474665391969,0.614426023848383,-0.113157458031953,0.045375,-0.003625,0.606121088272785,-0.103473247291268,0.614426608726085,-0.113156288276549,0.045375,-0.003625,1.41810070107551e-06,0,5.09878903764971e-06,3.60822483003176e-16
"ScenarioII",56,"IMDS","Hausdorff",0.642922323135755,-0.0488975462077756,0.652737782467479,-0.061469673210241,0.056875,-0.000625000000000001,0.642923255258126,-0.0488956819630338,0.652738400274592,-0.0614684375960139,0.056875,-0.000625000000000001,1.8642447418768e-06,0,5.09878903764971e-06,3.33066907387547e-16
"ScenarioII",56,"IMDS","Ichino-Yaguchi",0.652000079668579,-0.0543513384321224,0.661326668464755,-0.0647308505725478,0.0585,-0.003625,0.651999990439771,-0.0543515168897387,0.661326771999841,-0.0647306435023758,0.0585,-0.003625,2.07070172009161e-07,0,2.26211112297481e-06,2.22044604925031e-16
"ScenarioII",56,"IMDS","Wasserstein",0.640830943275972,-0.0755994263862333,0.648790711496216,-0.0842650115638916,0.05875,-0.004,0.640831110579987,-0.0755990917782027,0.648790798909922,-0.0842648367364799,0.05875,-0.004,3.34608030630457e-07,0,9.56022944587076e-07,1.11022302462516e-16
"ScenarioII",56,"IMDS","Centers-Euclidean",0.634699410452517,-0.100038400254939,0.641238419368618,-0.107357218522835,0.060625,-0.003,0.634699643084767,-0.10003793499044,0.641238483018216,-0.10735709122364,0.060625,-0.003,4.65264499677209e-07,0,1.11536010183322e-06,4.44089209850063e-16
"ScenarioII",57,"IMDS","Int-Euclidean",0.56987563734863,-0.053424633524538,0.579055264837598,-0.0622719061408128,0.0405,-0.002875,0.569875673996176,-0.0534245602294456,0.579055326636222,-0.0622717825435649,0.0405,-0.002875,1.23597247998763e-07,0,2.68689669569167e-07,2.22044604925031e-16
"ScenarioII",57,"IMDS","Hausdorff",0.606078234544296,-0.0166274697259401,0.621755099367411,-0.0281678117537997,0.047625,-0.00025,0.606078234544296,-0.0166274697259401,0.621755099367411,-0.0281678117537997,0.047625,-0.00025,0,0,0,3.33066907387547e-16
"ScenarioII",57,"IMDS","Ichino-Yaguchi",0.615258205863607,-0.0149188973868707,0.628912288453799,-0.026593806771355,0.04825,-0.001,0.615258205863607,-0.0149188973868707,0.628912288453799,-0.026593806771355,0.04825,-0.001,0,0,0,3.33066907387547e-16
"ScenarioII",57,"IMDS","Wasserstein",0.607808078393882,-0.039120299553856,0.620377682247938,-0.0501411957816234,0.050625,0.000375,0.607808078393882,-0.039120299553856,0.620377682247938,-0.0501411957816234,0.050625,0.000375,0,0,0,4.44089209850063e-16
"ScenarioII",57,"IMDS","Centers-Euclidean",0.604768244104525,-0.0729491714467814,0.616903354223742,-0.0845722590540315,0.054375,-0.00325,0.604768244104525,-0.0729491714467814,0.616903354223742,-0.0845722590540315,0.054375,-0.00325,0,0,0,1.11022302462516e-16
"ScenarioII",58,"IMDS","Int-Euclidean",0.590043260038241,-0.0804335564053538,0.597279584374612,-0.0914443044272721,0.040625,0.001875,0.590043260038241,-0.0804335564053538,0.597279584374612,-0.0914443044272721,0.040625,0.001875,0,0,0,3.33066907387547e-16
"ScenarioII",58,"IMDS","Hausdorff",0.635926545570427,-0.0484404079031231,0.642010873167217,-0.0521834825030141,0.057125,-0.001375,0.635926634799235,-0.0484402294455067,0.642010918307081,-0.0521833922232851,0.057125,-0.001375,1.78457616364924e-07,0,3.18674314936374e-07,5.55111512312578e-16
"ScenarioII",58,"IMDS","Ichino-Yaguchi",0.64003465583174,-0.0404631931166348,0.647489739253309,-0.0456493261177789,0.056,-0.000749999999999997,0.64003465583174,-0.0404631931166348,0.647489739253309,-0.0456493261177789,0.056,-0.000749999999999997,0,0,0,2.22044604925031e-16
"ScenarioII",58,"IMDS","Wasserstein",0.631714467813894,-0.0631115360101976,0.637608818889686,-0.0685748038863957,0.0575,0.0025,0.631714467813894,-0.0631115360101976,0.637608818889686,-0.0685748038863957,0.0575,0.0025,0,0,0,4.44089209850063e-16
"ScenarioII",58,"IMDS","Centers-Euclidean",0.615809193753983,-0.0778452836201402,0.625763575737476,-0.0907541547526255,0.0485,0.001125,0.615809193753983,-0.0778452836201402,0.625763575737476,-0.0907541547526255,0.0485,0.001125,0,0,0,3.33066907387547e-16
"ScenarioII",59,"IMDS","Int-Euclidean",0.567253425748885,-0.0455498725302741,0.5760963034315,-0.0607941278853646,0.0405,-0.003,0.567253425748885,-0.0455498725302741,0.5760963034315,-0.0607941278853646,0.0405,-0.003,0,0,0,4.44089209850063e-16
"ScenarioII",59,"IMDS","Hausdorff",0.599350063734863,-0.00496590184831103,0.608913881719566,-0.0182373057778856,0.055,5e-04,0.599350063734863,-0.00496590184831103,0.608913879512472,-0.018237310192073,0.055,5e-04,4.41418744612232e-09,0,3.18674314936374e-07,1.11022302462516e-16
"ScenarioII",59,"IMDS","Ichino-Yaguchi",0.598756134480561,0.00294471000637353,0.609584262338528,-0.00853452794466397,0.053625,-0.000750000000000001,0.598756134480561,0.00294471000637353,0.609584262338528,-0.00853452794466397,0.053625,-0.000750000000000001,0,0,0,1.11022302462516e-16
"ScenarioII",59,"IMDS","Wasserstein",0.591200047801147,-0.0172809114085406,0.60072927803427,-0.0301184266778305,0.053625,0.000375,0.591200047801147,-0.0172809114085406,0.60072927803427,-0.0301184266778305,0.053625,0.000375,0,0,0,2.22044604925031e-16
"ScenarioII",59,"IMDS","Centers-Euclidean",0.593402724665392,-0.0469504461440409,0.598631934986995,-0.056408096788331,0.055125,-0.00275,0.593402724665392,-0.0469504461440409,0.598631934986995,-0.056408096788331,0.055125,-0.00275,0,0,0,3.33066907387547e-16
"ScenarioII",60,"IMDS","Int-Euclidean",0.557413639260676,-0.04414913957935,0.563054338135457,-0.0506097272313653,0.02925,0.000625000000000001,0.557413639260676,-0.04414913957935,0.563054338135457,-0.0506097272313653,0.02925,0.000625000000000001,0,0,0,4.44089209850063e-16
"ScenarioII",60,"IMDS","Hausdorff",0.60130696303378,0.000582058636073857,0.617194855752885,-0.0188650249813154,0.04725,-0.00425,0.60130696303378,0.000582058636073857,0.617194855752885,-0.0188650249813154,0.04725,-0.00425,0,0,0,4.44089209850063e-16
"ScenarioII",60,"IMDS","Ichino-Yaguchi",0.610190487571702,0.00476242829827911,0.624010945969322,-0.0176453067335679,0.046875,-0.00525,0.610190487571702,0.00476242829827911,0.624010945969322,-0.0176453067335679,0.046875,-0.00525,0,0,0,3.33066907387547e-16
"ScenarioII",60,"IMDS","Wasserstein",0.597595363288719,-0.0111598151688974,0.614947674179571,-0.0375194625148909,0.046375,-0.00475,0.597595363288719,-0.0111598151688974,0.614947674179571,-0.0375194625148909,0.046375,-0.00475,0,0,0,1.38777878078145e-17
"ScenarioII",60,"IMDS","Centers-Euclidean",0.58742511153601,-0.052904397705545,0.606007117333452,-0.0854974123905345,0.044,-0.00325,0.58742511153601,-0.052904397705545,0.606007117333452,-0.0854974123905345,0.044,-0.00325,0,0,0,2.22044604925031e-16
"ScenarioII",61,"IMDS","Int-Euclidean",0.56147402804334,-0.0418170809432761,0.56563781692373,-0.0432244250936704,0.035125,0.000750000000000001,0.561474034416826,-0.0418170681963035,0.56563791723454,-0.0432242244720504,0.035125,0.000750000000000001,2.00621619934893e-07,0,7.16505785536281e-07,3.33066907387547e-16
"ScenarioII",61,"IMDS","Hausdorff",0.593663798597833,-0.0124993626513703,0.603758896826749,-0.0184595999918796,0.047875,0.000375,0.593663835245379,-0.0124992893562779,0.603759020423997,-0.0184593527973836,0.047875,0.000375,2.47194496004466e-07,0,5.37379339138333e-07,3.33066907387547e-16
"ScenarioII",61,"IMDS","Ichino-Yaguchi",0.597864404079031,-0.00124506054811979,0.606526682760751,-0.0137608190241157,0.045625,-5e-04,0.597864365838114,-0.00124513702995538,0.606526639770404,-0.01376090500481,0.045625,-5e-04,8.59806942709457e-08,0,1.79126446397948e-07,4.44089209850063e-16
"ScenarioII",61,"IMDS","Wasserstein",0.59080385595921,-0.022057361376673,0.601141759219596,-0.0299534032404145,0.047,0.000375,0.59080385595921,-0.022057361376673,0.601141759219596,-0.0299534032404145,0.047,0.000375,0,0,0,4.44089209850063e-16
"ScenarioII",61,"IMDS","Centers-Euclidean",0.586630736137667,-0.048624442319949,0.593041826899538,-0.0548785251871403,0.04475,-0.00125,0.586630681963034,-0.0486245506692161,0.593041765996546,-0.0548786469931238,0.04475,-0.00125,1.218059835148e-07,0,1.79126446342437e-07,2.22044604925031e-16
"ScenarioII",62,"IMDS","Int-Euclidean",0.587706421287444,-0.0981088272785213,0.592908858459571,-0.119597418003163,0.0415,-0.003,0.587706421287444,-0.0981088272785213,0.592908858459571,-0.119597418003163,0.0415,-0.003,0,0,0,4.44089209850063e-16
"ScenarioII",62,"IMDS","Hausdorff",0.617756293817718,-0.0230336201402167,0.62766004201624,-0.0514640627140455,0.0555,-0.006375,0.617756330465265,-0.0230335468451243,0.627660055749268,-0.0514640352479904,0.0555,-0.006375,7.32950924363374e-08,0,1.59337157468187e-07,3.33066907387547e-16
"ScenarioII",62,"IMDS","Ichino-Yaguchi",0.630285452517527,-0.0288293499043977,0.638269368878674,-0.0493269645778305,0.0585,-0.00475,0.630285452517527,-0.0288293499043977,0.638269368878674,-0.0493269645778305,0.0585,-0.00475,0,0,0,4.44089209850063e-16
"ScenarioII",62,"IMDS","Wasserstein",0.619826402166985,-0.0509348311026131,0.629547226453018,-0.0782488937662462,0.057625,-0.009625,0.619826402166985,-0.0509348311026131,0.629547226453018,-0.0782488937662462,0.057625,-0.009625,0,0,0,3.33066907387547e-16
"ScenarioII",62,"IMDS","Centers-Euclidean",0.618106277884003,-0.096399936265137,0.624363117732478,-0.120701982682396,0.05575,-0.00875,0.618106277884003,-0.096399936265137,0.624363117732478,-0.120701982682396,0.05575,-0.00875,0,0,0,4.44089209850063e-16
"ScenarioII",63,"IMDS","Int-Euclidean",0.586846797323136,-0.0778051306564691,0.59135933131927,-0.08686846199133,0.039125,-0.00225,0.586846797323136,-0.0778051306564691,0.591359281163865,-0.0868685623021399,0.039125,-0.00225,1.00310809950099e-07,0,1.79126446342437e-07,3.33066907387547e-16
"ScenarioII",63,"IMDS","Hausdorff",0.621865519439133,-0.0301258763543658,0.632666623207179,-0.0416697310083743,0.053,0.001875,0.621865519439133,-0.0301258763543658,0.632666655449939,-0.0416696665228536,0.053,0.001875,6.44855207079797e-08,0,1.34344834812339e-07,2.22044604925031e-16
"ScenarioII",63,"IMDS","Ichino-Yaguchi",0.629574569789675,-0.0350752071383046,0.636690390258524,-0.0401448032603061,0.05575,0.001125,0.629574569789675,-0.0350752071383046,0.636690390258524,-0.0401448032603061,0.05575,0.001125,0,0,0,2.22044604925031e-16
"ScenarioII",63,"IMDS","Wasserstein",0.619986297004461,-0.0543390694710006,0.628439894376811,-0.0631721562098618,0.05225,-0.00025,0.619986297004461,-0.0543390694710006,0.628439894376811,-0.0631721562098618,0.05225,-0.00025,0,0,0,4.44089209850063e-16
"ScenarioII",63,"IMDS","Centers-Euclidean",0.616440726577438,-0.0720436583811344,0.621210754781695,-0.0783539023805222,0.053125,-0.002375,0.616440726577438,-0.0720436583811344,0.621210754781695,-0.0783539023805222,0.053125,-0.002375,0,0,0,2.22044604925031e-16
"ScenarioII",64,"IMDS","Int-Euclidean",0.577788400254939,-0.0688240917782027,0.582749300831096,-0.0823746202306091,0.0415,-0.003875,0.577788400254939,-0.0688240917782027,0.582749300831096,-0.0823746202306091,0.0415,-0.003875,0,0,0,4.44089209850063e-16
"ScenarioII",64,"IMDS","Hausdorff",0.613619741873805,-0.01636695347355,0.627926232125526,-0.0399137516822958,0.050375,-0.001,0.613619741873805,-0.01636695347355,0.627926232125526,-0.0399137516822958,0.050375,-0.001,0,0,0,3.33066907387547e-16
"ScenarioII",64,"IMDS","Ichino-Yaguchi",0.629011711281071,-0.019771351179095,0.640947170109221,-0.0372424183025603,0.053875,0.000625000000000001,0.629011711281071,-0.019771351179095,0.640947170109221,-0.0372424183025603,0.053875,0.000625000000000001,0,0,0,3.33066907387547e-16
"ScenarioII",64,"IMDS","Wasserstein",0.620325207138305,-0.0467262587635437,0.630698637602633,-0.063660540414253,0.05475,5e-04,0.620325207138305,-0.0467262587635437,0.630698637602633,-0.063660540414253,0.05475,5e-04,0,0,0,3.33066907387547e-16
"ScenarioII",64,"IMDS","Centers-Euclidean",0.618646351179095,-0.084617750159337,0.626165702454595,-0.0905841437099066,0.056,-0.003625,0.618646351179095,-0.084617750159337,0.626165702454595,-0.0905841437099066,0.056,-0.003625,0,0,0,2.22044604925031e-16
"ScenarioII",65,"IMDS","Int-Euclidean",0.567305210325048,-0.0347210006373486,0.573862054361123,-0.0431557701916875,0.032625,-0.003,0.567305210325048,-0.0347210006373486,0.573862054361123,-0.0431557701916875,0.032625,-0.003,0,0,0,3.33066907387547e-16
"ScenarioII",65,"IMDS","Hausdorff",0.607300430210325,0.0112789993626513,0.62044152888431,-0.0156792929060297,0.039875,-0.007125,0.607300430210325,0.0112789993626513,0.62044152888431,-0.0156792929060297,0.039875,-0.007125,0,0,0,1.11022302462516e-16
"ScenarioII",65,"IMDS","Wasserstein",0.603175828553219,-0.000195506692160619,0.615605942865317,-0.0242299705925554,0.04075,-0.005375,0.603175828553219,-0.000195506692160619,0.615605942865317,-0.0242299705925554,0.04075,-0.005375,0,0,0,4.44089209850063e-16
"ScenarioII",65,"IMDS","Centers-Euclidean",0.600538878266412,-0.0395235818992989,0.618550591428612,-0.0717047112046663,0.046625,-0.011375,0.600538878266412,-0.0395235818992989,0.618550591428612,-0.0717047112046663,0.046625,-0.011375,0,0,0,2.22044604925031e-16
"ScenarioII",66,"IMDS","Int-Euclidean",0.584466698534098,-0.0750984703632886,0.587881310624706,-0.0848582630006136,0.041875,0.000750000000000001,0.584466618865519,-0.0750986297004461,0.587881273903785,-0.0848583364424566,0.041875,0.000750000000000001,1.59337157468187e-07,0,3.18674314936374e-07,1.11022302462516e-16
"ScenarioII",66,"IMDS","Hausdorff",0.605187619502868,-0.0223382727852135,0.612390230247428,-0.0375511853820537,0.052,-0.0075,0.605187619502868,-0.0223382727852135,0.612390230247428,-0.0375511853820537,0.052,-0.0075,0,0,0,2.22044604925031e-16
"ScenarioII",66,"IMDS","Ichino-Yaguchi",0.61271223709369,-0.0160790312300828,0.618787940580687,-0.0287140382334311,0.054375,-0.00175,0.612712152644997,-0.0160792001274696,0.618787901172869,-0.0287141170490675,0.054375,-0.00175,1.68897386833289e-07,0,3.18674314825351e-07,1.11022302462516e-16
"ScenarioII",66,"IMDS","Wasserstein",0.604874920331421,-0.038597833014659,0.612558425822288,-0.0515661428241689,0.052375,-0.005375,0.604874821542384,-0.0385980305927343,0.61255837988915,-0.0515662346904465,0.052375,-0.005375,1.97578075254723e-07,0,4.78011472293538e-07,4.44089209850063e-16
"ScenarioII",66,"IMDS","Centers-Euclidean",0.605468610579987,-0.0683604206500956,0.610285904360808,-0.0742996706120546,0.05075,-0.001625,0.605468527724665,-0.0683605863607394,0.61028586495299,-0.074299749427691,0.05075,-0.001625,1.65710643734718e-07,0,3.18674314825351e-07,2.22044604925031e-16
"ScenarioII",67,"IMDS","Int-Euclidean",0.589178377947737,-0.0730377629063097,0.593613166267215,-0.0868483569669355,0.039625,-0.002875,0.589178419375398,-0.0730376800509878,0.593613212840091,-0.0868482638211834,0.039625,-0.002875,9.31457521252677e-08,0,1.79126446397948e-07,4.44089209850063e-16
"ScenarioII",67,"IMDS","Hausdorff",0.631385595920969,-0.0310178457616315,0.636325662691083,-0.034680727367672,0.047875,0.002,0.631385428616953,-0.0310181803696621,0.636325548306052,-0.0346809561377335,0.047875,0.002,3.34608030661682e-07,0,2.39005736135667e-06,2.22044604925031e-16
"ScenarioII",67,"IMDS","Ichino-Yaguchi",0.635563017845762,-0.0306139260675589,0.638746658652038,-0.0316104439930458,0.05125,0.001875,0.635563057680051,-0.0306138463989802,0.638746703433649,-0.0316103544298226,0.05125,0.001875,8.9563223198974e-08,0,1.79126446397948e-07,3.33066907387547e-16
"ScenarioII",67,"IMDS","Wasserstein",0.627319630337795,-0.0473282345442958,0.629060677335097,-0.0508537439389155,0.048625,0.0025,0.627319678138942,-0.0473281389420013,0.629060731073031,-0.0508536364630476,0.048625,0.0025,1.07475867837381e-07,0,1.79126446397948e-07,3.33066907387547e-16
"ScenarioII",67,"IMDS","Centers-Euclidean",0.615520873167623,-0.0647272147864881,0.618416229001049,-0.0750419177209111,0.04425,0.000750000000000001,0.615520906628426,-0.064727147864882,0.618416266617603,-0.0750418424878036,0.04425,0.000750000000000001,7.52331074660439e-08,0,1.79126446342437e-07,3.33066907387547e-16
"ScenarioII",68,"IMDS","Int-Euclidean",0.558854923518164,-0.0394600063734863,0.562929998152439,-0.0555838737407624,0.035125,-0.00375,0.558854923518164,-0.0394600063734863,0.562929998152439,-0.0555838737407624,0.035125,-0.00375,0,0,0,4.44089209850063e-16
"ScenarioII",68,"IMDS","Hausdorff",0.601385834926705,-0.0182480879541109,0.610005011915321,-0.0303873750145221,0.0515,0.003125,0.601385834926705,-0.0182480879541109,0.610005011915321,-0.0303873750145221,0.0515,0.003125,0,0,0,3.33066907387547e-16
"ScenarioII",68,"IMDS","Ichino-Yaguchi",0.604282504780115,-0.00750573613766725,0.613367842363097,-0.0222725509960198,0.051375,0.000125,0.604282514340344,-0.0075057170172084,0.613367845587374,-0.0222725445474677,0.051375,0.000125,1.91204588499e-08,0,3.18674314825351e-07,4.44089209850063e-16
"ScenarioII",68,"IMDS","Wasserstein",0.596585165710644,-0.0234195347355003,0.60633569707739,-0.040978745623557,0.0505,0.0025,0.59658520235819,-0.0234194614404079,0.606335727976702,-0.040978683824933,0.0505,0.0025,7.32950924363374e-08,0,1.59337157468187e-07,2.22044604925031e-16
"ScenarioII",68,"IMDS","Centers-Euclidean",0.5873304652645,-0.046442319949012,0.593438206216677,-0.0598326283001702,0.049125,-0.004875,0.58733048597833,-0.0464422785213512,0.593438213202608,-0.0598326143283074,0.049125,-0.004875,4.14276608851072e-08,0,3.18674314825351e-07,2.22044604925031e-16
"ScenarioII",69,"IMDS","Int-Euclidean",0.561792304015296,-0.0432165391969407,0.565877150540936,-0.056364142783567,0.038875,0,0.561792304015296,-0.0432165391969407,0.565877150540936,-0.056364142783567,0.038875,0,0,0,0,3.33066907387547e-16
"ScenarioII",69,"IMDS","Hausdorff",0.598794216061185,-0.00546096239643079,0.611202054674168,-0.0274763770601461,0.05075,-0.006125,0.598794216061185,-0.00546096239643079,0.611202054674168,-0.0274763770601461,0.05075,-0.006125,0,0,0,4.44089209850063e-16
"ScenarioII",69,"IMDS","Ichino-Yaguchi",0.609772705544933,0.000552103250477942,0.620744662223819,-0.0203193097370918,0.052875,-0.00575,0.609772705544933,0.000552103250477942,0.620744662223819,-0.0203193097370918,0.052875,-0.00575,0,0,0,1.11022302462516e-16
"ScenarioII",69,"IMDS","Wasserstein",0.601234942638623,-0.0245058954748247,0.612998720013593,-0.046269887087218,0.052375,-0.006875,0.601234942638623,-0.0245058954748247,0.612998720013593,-0.046269887087218,0.052375,-0.006875,0,0,0,3.33066907387547e-16
"ScenarioII",69,"IMDS","Centers-Euclidean",0.597853648820905,-0.0604864563416189,0.610792767483978,-0.0831162032921394,0.053125,-0.007625,0.597853648820905,-0.0604864563416189,0.610792767483978,-0.0831162032921394,0.053125,-0.007625,0,0,0,1.11022302462516e-16
"ScenarioII",70,"IMDS","Int-Euclidean",0.556110500318674,-0.0348067240280433,0.562781947159063,-0.0409676649468821,0.038625,0.002875,0.556110500318674,-0.0348067240280433,0.562781947159063,-0.0409676649468821,0.038625,0.002875,0,0,0,3.33066907387547e-16
"ScenarioII",70,"IMDS","Hausdorff",0.599849904397705,-0.00726704907584452,0.615880364261306,-0.0177466259827858,0.0485,0.000624999999999997,0.599849904397705,-0.00726704907584452,0.615880364261306,-0.0177466259827858,0.0485,0.000624999999999997,0,0,0,4.44089209850063e-16
"ScenarioII",70,"IMDS","Ichino-Yaguchi",0.610005417463352,0.00370936902485663,0.62555128157722,-0.00735453802351194,0.049875,0.0015,0.610005417463352,0.00370936902485663,0.62555128157722,-0.00735453802351194,0.049875,0.0015,0,0,0,4.44089209850063e-16
"ScenarioII",70,"IMDS","Wasserstein",0.600798358827279,-0.0213022625876355,0.6173765714294,-0.0311782549535713,0.049375,0.0015,0.600798358827279,-0.0213022625876355,0.6173765714294,-0.0311782549535713,0.049375,0.0015,0,0,0,5.55111512312578e-16
"ScenarioII",70,"IMDS","Centers-Euclidean",0.597152884002549,-0.0706763862332697,0.618832457767528,-0.0960732439935917,0.0475,-0.005,0.597152884002549,-0.0706763862332697,0.618832457767528,-0.0960732439935917,0.0475,-0.005,0,0,0,3.33066907387547e-16
"ScenarioII",71,"IMDS","Int-Euclidean",0.598025573613767,-0.091062938177183,0.602652484906038,-0.109902368196628,0.043125,-0.006875,0.598025573613767,-0.091062938177183,0.602652484906038,-0.109902368196628,0.043125,-0.006875,0,0,0,3.46944695195361e-16
"ScenarioII",71,"IMDS","Hausdorff",0.610065885914595,-0.0193232950924155,0.620547802152622,-0.0448929664038967,0.049125,-0.003875,0.610065885914595,-0.0193232950924155,0.620547802152622,-0.0448929664038967,0.049125,-0.003875,0,0,0,3.33066907387547e-16
"ScenarioII",71,"IMDS","Ichino-Yaguchi",0.625694550669216,-0.022206182281708,0.633761858703865,-0.0448970771425954,0.052125,-0.003,0.625694550669216,-0.022206182281708,0.633761858703865,-0.0448970771425954,0.052125,-0.003,0,0,0,1.11022302462516e-16
"ScenarioII",71,"IMDS","Wasserstein",0.616363607393244,-0.0410031867431485,0.624966525851955,-0.065464989011019,0.0515,-0.0025,0.616363607393244,-0.0410031867431485,0.624966525851955,-0.065464989011019,0.0515,-0.0025,0,0,0,2.22044604925031e-16
"ScenarioII",71,"IMDS","Centers-Euclidean",0.617541427660931,-0.0767071383046526,0.622982966695617,-0.100972435254746,0.055125,-0.007625,0.617541427660931,-0.0767071383046526,0.622982966695617,-0.100972435254746,0.055125,-0.007625,0,0,0,4.44089209850063e-16
"ScenarioII",72,"IMDS","Int-Euclidean",0.563714786488209,-0.0387466539196941,0.56788290453021,-0.0505764242130506,0.032875,-0.00525,0.563714786488209,-0.0387466539196941,0.56788290453021,-0.0505764242130506,0.032875,-0.00525,0,0,0,2.22044604925031e-16
"ScenarioII",72,"IMDS","Hausdorff",0.599114244741874,0.00270108349267062,0.614964727230512,-0.0265346969632608,0.03925,0.000874999999999997,0.599114244741874,0.00270108349267062,0.614964727230512,-0.0265346969632608,0.03925,0.000874999999999997,0,0,0,3.33066907387547e-16
"ScenarioII",72,"IMDS","Ichino-Yaguchi",0.60753154875717,0.0147667304015298,0.621411124451766,-0.01168621021495,0.041,0.00025,0.60753154875717,0.0147667304015298,0.621411124451766,-0.01168621021495,0.041,0.00025,0,0,0,3.33066907387547e-16
"ScenarioII",72,"IMDS","Wasserstein",0.598830704270236,-0.00772036328871895,0.613323328481566,-0.0368415866269995,0.042,-0.000875000000000001,0.598830704270236,-0.00772036328871895,0.613323328481566,-0.0368415866269995,0.042,-0.000875000000000001,0,0,0,4.44089209850063e-16
"ScenarioII",72,"IMDS","Centers-Euclidean",0.592661806883365,-0.0467305608667942,0.610865480879446,-0.0853329813498663,0.04325,-0.007625,0.592661806883365,-0.0467305608667942,0.610865480879446,-0.0853329813498663,0.04325,-0.007625,0,0,0,1.11022302462516e-16
"ScenarioII",73,"IMDS","Int-Euclidean",0.585291507329509,-0.0739772147864882,0.588978948654854,-0.0821784793307699,0.039,-0.005,0.585291507329509,-0.0739772147864882,0.588978948654854,-0.0821784793307699,0.039,-0.005,0,0,0,3.33066907387547e-16
"ScenarioII",73,"IMDS","Hausdorff",0.611443992989165,-0.0209851816443596,0.623815032922588,-0.0400276404901514,0.048125,-0.000624999999999997,0.611443992989165,-0.0209851816443596,0.623815032922588,-0.0400276404901514,0.048125,-0.000624999999999997,0,0,0,2.22044604925031e-16
"ScenarioII",73,"IMDS","Ichino-Yaguchi",0.623680130656469,-0.0257477692797961,0.632704982176066,-0.0438108236643436,0.05225,0.001,0.623680130656469,-0.0257477692797961,0.632704982176066,-0.0438108236643436,0.05225,0.001,0,0,0,4.44089209850063e-16
"ScenarioII",73,"IMDS","Wasserstein",0.616326322498407,-0.0486711281070745,0.625873354019879,-0.0644380347031048,0.052,-0.0015,0.616326322498407,-0.0486711281070745,0.625873354019879,-0.0644380347031048,0.052,-0.0015,0,0,0,4.44089209850063e-16
"ScenarioII",73,"IMDS","Centers-Euclidean",0.615871574251115,-0.0877587635436584,0.62473384262394,-0.105500374374273,0.056375,-0.00375,0.615871574251115,-0.0877587635436584,0.62473384262394,-0.105500374374273,0.056375,-0.00375,0,0,0,3.33066907387547e-16
"ScenarioII",74,"IMDS","Int-Euclidean",0.595416666666667,-0.0837823454429573,0.600502503739904,-0.0904505974805268,0.041375,0,0.595416666666667,-0.0837823454429573,0.600502503739904,-0.0904505974805268,0.041375,0,0,0,0,3.33066907387547e-16
"ScenarioII",74,"IMDS","Hausdorff",0.631042622689611,-0.0452321542383685,0.645002164018069,-0.0591665161151534,0.0545,0,0.631042622689611,-0.0452321542383685,0.645002164018069,-0.0591665161151534,0.0545,0,0,0,0,2.22044604925031e-16
"ScenarioII",74,"IMDS","Ichino-Yaguchi",0.643106676226896,-0.0365651688973869,0.652453442157767,-0.0440088018897329,0.055875,0.00125,0.643106676226896,-0.0365651688973869,0.652453442157767,-0.0440088018897329,0.055875,0.00125,0,0,0,4.44089209850063e-16
"ScenarioII",74,"IMDS","Wasserstein",0.633286647546208,-0.06294678138942,0.642631702079965,-0.0719973549847734,0.055375,-5e-04,0.633286647546208,-0.06294678138942,0.642631702079965,-0.0719973549847734,0.055375,-5e-04,0,0,0,2.22044604925031e-16
"ScenarioII",74,"IMDS","Centers-Euclidean",0.623489563416189,-0.0825078075207137,0.628903534608338,-0.0928549126110306,0.050125,-0.00675,0.623489563416189,-0.0825078075207137,0.628903534608338,-0.0928549126110306,0.050125,-0.00675,0,0,0,3.33066907387547e-16
"ScenarioII",75,"IMDS","Int-Euclidean",0.571475541746335,-0.0523105481198215,0.578979807288945,-0.0712657322066451,0.036875,-0.003375,0.571475513065647,-0.0523106054811982,0.57897979519791,-0.0712657563887153,0.036875,-0.003375,5.73613766902126e-08,0,1.59337157468187e-07,3.33066907387547e-16
"ScenarioII",75,"IMDS","Hausdorff",0.587012826641173,-0.0108459209687699,0.59722415998653,-0.0276316852335493,0.04575,-0.00225,0.58701278362014,-0.0108460070108349,0.597224141849977,-0.0276317215066547,0.04575,-0.00225,8.60420650335841e-08,0,1.59337157468187e-07,3.33066907387547e-16
"ScenarioII",75,"IMDS","Ichino-Yaguchi",0.591423438495857,-0.00279684512428302,0.601648465500502,-0.0178738053332255,0.044,0.000625000000000001,0.591423468769917,-0.00279678457616318,0.60164851655154,-0.017873703231151,0.044,0.000625000000000001,1.02102074437532e-07,0,2.68689669569167e-07,3.33066907387547e-16
"ScenarioII",75,"IMDS","Wasserstein",0.584665312300829,-0.0164717973231358,0.594003498040954,-0.0348261415771077,0.045875,0.001375,0.584665348948375,-0.0164717240280433,0.59400351349061,-0.0348261106777957,0.045875,0.001375,7.32950924363374e-08,0,1.59337157468187e-07,4.44089209850063e-16
"ScenarioII",75,"IMDS","Centers-Euclidean",0.585556405353729,-0.0437944550669216,0.588810584509213,-0.0535566052791805,0.047375,-0.003625,0.585556405353729,-0.0437944550669216,0.588810584509213,-0.0535566052791805,0.047375,-0.003625,0,0,0,4.44089209850063e-16
"ScenarioII",76,"IMDS","Int-Euclidean",0.552944550669216,-0.0334502868068833,0.559065103784157,-0.050996083997338,0.032125,-0.002375,0.552944550669216,-0.0334502868068833,0.559065103784157,-0.050996083997338,0.032125,-0.002375,0,0,0,1.11022302462516e-16
"ScenarioII",76,"IMDS","Hausdorff",0.589091379859783,-0.0168201083492671,0.598980963400884,-0.0321084698916592,0.0455,-5e-04,0.589091379859783,-0.0168201083492671,0.598980963400884,-0.0321084698916592,0.0455,-5e-04,0,0,0,4.44089209850063e-16
"ScenarioII",76,"IMDS","Ichino-Yaguchi",0.594611217335883,-0.00939770554493313,0.605521165730177,-0.0250103383681512,0.04725,0,0.594611217335883,-0.00939770554493313,0.605521165730177,-0.0250103383681512,0.04725,0,0,0,0,4.44089209850063e-16
"ScenarioII",76,"IMDS","Wasserstein",0.585658620140217,-0.0261744741873805,0.595537606872382,-0.0371869364447427,0.044875,-0.000625000000000001,0.585658620140217,-0.0261744741873805,0.595537606872382,-0.0371869364447427,0.044875,-0.000625000000000001,0,0,0,3.33066907387547e-16
"ScenarioII",76,"IMDS","Centers-Euclidean",0.576652087316762,-0.0452509560229445,0.585029206247214,-0.0612368713109548,0.038125,-0.002125,0.576652087316762,-0.0452509560229445,0.585029206247214,-0.0612368713109548,0.038125,-0.002125,0,0,0,2.22044604925031e-16
"ScenarioII",77,"IMDS","Int-Euclidean",0.552818435309114,-0.0376942319949012,0.559682439731201,-0.0507077307221133,0.03325,-0.000999999999999999,0.552818479923518,-0.0376941427660931,0.559682514964309,-0.0507075802558984,0.03325,-0.000999999999999999,1.50466214959843e-07,0,2.68689669569167e-07,1.11022302462516e-16
"ScenarioII",77,"IMDS","Hausdorff",0.588584847036329,0.00624426386233268,0.60161068218857,-0.0140318983257819,0.041125,-0.005,0.588584847036329,0.00624426386233268,0.60161068218857,-0.0140318983257819,0.041125,-0.005,0,0,0,3.33066907387547e-16
"ScenarioII",77,"IMDS","Ichino-Yaguchi",0.59789356277884,0.011725621414914,0.610597622974997,-0.00867831594186136,0.04225,-0.004625,0.59789356277884,0.011725621414914,0.610597622974997,-0.00867831594186136,0.04225,-0.004625,0,0,0,1.11022302462516e-16
"ScenarioII",77,"IMDS","Wasserstein",0.589688973868706,-0.00957138304652649,0.601111790512133,-0.030282673474154,0.043,-0.00225,0.589688973868706,-0.00957138304652649,0.601111790512133,-0.030282673474154,0.043,-0.00225,0,0,0,3.33066907387547e-16
"ScenarioII",77,"IMDS","Centers-Euclidean",0.587030991077119,-0.0534756214149139,0.601220973305724,-0.086304770043439,0.046875,-0.001125,0.587030991077119,-0.0534756214149139,0.601220973305724,-0.086304770043439,0.046875,-0.001125,0,0,0,2.22044604925031e-16
"ScenarioII",78,"IMDS","Int-Euclidean",0.574245777565328,-0.0576359145952836,0.585517309606927,-0.0728999507572868,0.039375,-0.00375,0.574245777565328,-0.0576359145952836,0.585517309606927,-0.0728999507572868,0.039375,-0.00375,0,0,0,4.44089209850063e-16
"ScenarioII",78,"IMDS","Hausdorff",0.615695188017846,-0.0275952836201403,0.632715121585914,-0.0456221566875324,0.053875,0.001125,0.615695188017846,-0.0275952836201403,0.632715121585914,-0.0456221566875324,0.053875,0.001125,0,0,0,2.22044604925031e-16
"ScenarioII",78,"IMDS","Ichino-Yaguchi",0.627758763543658,-0.0211507329509242,0.64482612206512,-0.0342803618473635,0.054875,0.001375,0.627758763543658,-0.0211507329509242,0.64482612206512,-0.0342803618473635,0.054875,0.001375,0,0,0,4.44089209850063e-16
"ScenarioII",78,"IMDS","Wasserstein",0.618313655194391,-0.044496653919694,0.635148034040337,-0.0605781214361301,0.056125,-0.001375,0.618313655194391,-0.044496653919694,0.635148034040337,-0.0605781214361301,0.056125,-0.001375,0,0,0,3.33066907387547e-16
"ScenarioII",78,"IMDS","Centers-Euclidean",0.617036089866157,-0.0847449012109623,0.632773112386833,-0.101976535373805,0.059375,-0.00925,0.617036089866157,-0.0847449012109623,0.632773112386833,-0.101976535373805,0.059375,-0.00925,0,0,0,4.44089209850063e-16
"ScenarioII",79,"IMDS","Int-Euclidean",0.593035213511791,-0.0790592734225621,0.597855809096246,-0.0915173063442664,0.040375,0.000625000000000001,0.593035213511791,-0.0790592734225621,0.597855809096246,-0.0915173063442664,0.040375,0.000625000000000001,0,0,0,4.44089209850063e-16
"ScenarioII",79,"IMDS","Hausdorff",0.638330066921606,-0.0418608986615679,0.648000317117784,-0.0623345381292819,0.058375,-0.009125,0.638330100382409,-0.0418608317399619,0.64800032840275,-0.0623345155593496,0.058375,-0.009125,6.69216060900091e-08,0,1.59337157357164e-07,2.22044604925031e-16
"ScenarioII",79,"IMDS","Ichino-Yaguchi",0.643516172721479,-0.0368841618865519,0.650085475834904,-0.0550993441669008,0.059,-0.00475,0.643516172721479,-0.0368841618865519,0.650085475834904,-0.0550993441669008,0.059,-0.00475,0,0,0,3.33066907387547e-16
"ScenarioII",79,"IMDS","Wasserstein",0.63425310707457,-0.0597009241555131,0.641956442930911,-0.0777955394444112,0.05925,-0.003625,0.63425310707457,-0.0597009241555131,0.641956442930911,-0.0777955394444112,0.05925,-0.003625,0,0,0,3.33066907387547e-16
"ScenarioII",79,"IMDS","Centers-Euclidean",0.627519040790312,-0.0806681007010834,0.633120200050974,-0.0999439468567659,0.055625,-0.011,0.627519040790312,-0.0806681007010834,0.633120200050974,-0.0999439468567659,0.055625,-0.011,0,0,0,3.33066907387547e-16
"ScenarioII",80,"IMDS","Int-Euclidean",0.591517208413002,-0.0817307202039517,0.598649016079755,-0.0959685983236154,0.045,0.002625,0.591517241873805,-0.0817306532823455,0.598649028678315,-0.0959685731264952,0.045,0.002625,6.69216061316424e-08,0,4.7801147240456e-07,3.33066907387547e-16
"ScenarioII",80,"IMDS","Hausdorff",0.62680879541109,-0.0319292543021032,0.635779999500152,-0.0466349996698956,0.05775,-0.004375,0.626808760356915,-0.0319293244104525,0.635779960092334,-0.046635078485532,0.05775,-0.004375,7.88156364131543e-08,0,1.79126446397948e-07,1.11022302462516e-16
"ScenarioII",80,"IMDS","Ichino-Yaguchi",0.631186822817081,-0.0304619184193755,0.638255055076264,-0.0439262461357734,0.06025,-0.002875,0.631186822817081,-0.0304619184193755,0.638255055076264,-0.0439262461357734,0.06025,-0.002875,0,0,0,3.33066907387547e-16
"ScenarioII",80,"IMDS","Wasserstein",0.624163878266412,-0.0498516571064374,0.631531197600183,-0.0594477173405148,0.061375,5e-04,0.624163878266412,-0.0498516571064374,0.631531197600183,-0.0594477173405148,0.061375,5e-04,0,0,0,3.33066907387547e-16
"ScenarioII",80,"IMDS","Centers-Euclidean",0.61154023263225,-0.0675205544933078,0.619684848555413,-0.0735643974928439,0.05225,-0.00125,0.61154023263225,-0.0675205544933078,0.619684848555413,-0.0735643974928439,0.05225,-0.00125,0,0,0,4.44089209850063e-16
"ScenarioII",81,"IMDS","Int-Euclidean",0.575768961121734,-0.0599719566602932,0.583939596920288,-0.0803079002354404,0.03975,-0.001375,0.575768951561504,-0.0599719757807521,0.583939607757437,-0.0803078785611403,0.03975,-0.001375,2.16743000353015e-08,0,6.37348629761725e-07,4.44089209850063e-16
"ScenarioII",81,"IMDS","Hausdorff",0.605520474824729,-0.0213057680050989,0.615481872744819,-0.0413815822358427,0.052,-0.002375,0.605520474824729,-0.0213057680050989,0.615481872744819,-0.0413815822358427,0.052,-0.002375,0,0,0,3.33066907387547e-16
"ScenarioII",81,"IMDS","Ichino-Yaguchi",0.607925669216061,-0.0215740917782028,0.617818061396357,-0.0360893438359434,0.052,-0.003375,0.60792563734863,-0.0215741555130657,0.617818049454594,-0.0360893677194695,0.052,-0.003375,6.37348629428658e-08,0,1.59337157357164e-07,2.22044604925031e-16
"ScenarioII",81,"IMDS","Wasserstein",0.600378983428936,-0.03789913957935,0.609853258548895,-0.0537454819618816,0.0515,-0.002625,0.600379034416826,-0.0378990376035692,0.609853262728512,-0.0537454736026474,0.0515,-0.002625,1.01975780791852e-07,0,4.78011472293538e-07,4.44089209850063e-16
"ScenarioII",81,"IMDS","Centers-Euclidean",0.602788718929254,-0.0710401529636712,0.606047465991991,-0.0772210711215585,0.053875,0.00175,0.602788718929254,-0.0710401529636712,0.606047465991991,-0.0772210711215585,0.053875,0.00175,0,0,0,2.22044604925031e-16
"ScenarioII",82,"IMDS","Int-Euclidean",0.590789037603569,-0.0732249840662842,0.595628828721169,-0.090592589948345,0.042375,-0.00475,0.590788994582537,-0.0732250701083492,0.59562880799368,-0.0905926314033226,0.042375,-0.00475,8.604206502838e-08,0,1.59337157468187e-07,4.44089209850063e-16
"ScenarioII",82,"IMDS","Hausdorff",0.621138145315488,-0.0342332695984703,0.630728631046605,-0.0530508852599577,0.05125,-0.003625,0.621138105481198,-0.034233349267049,0.630728611854486,-0.0530509236441962,0.05125,-0.003625,7.96685787340934e-08,0,1.59337157468187e-07,4.44089209850063e-16
"ScenarioII",82,"IMDS","Ichino-Yaguchi",0.625509480560867,-0.0352815487571702,0.63562337741294,-0.0557570717415066,0.0555,-0.003125,0.625509480560867,-0.0352815487571702,0.63562337741294,-0.0557570717415066,0.0555,-0.003125,0,0,0,2.22044604925031e-16
"ScenarioII",82,"IMDS","Wasserstein",0.620855959209688,-0.0516746335245378,0.629516864307111,-0.0729074872892727,0.05425,-0.00475,0.620855959209688,-0.0516746335245378,0.629516864307111,-0.0729074872892727,0.05425,-0.00475,0,0,0,3.33066907387547e-16
"ScenarioII",82,"IMDS","Centers-Euclidean",0.615150892288082,-0.0709805608667942,0.623840205626072,-0.0921548090503552,0.053,-0.000625000000000001,0.615150892288082,-0.0709805608667942,0.623840205626072,-0.0921548090503552,0.053,-0.000625000000000001,0,0,0,3.33066907387547e-16
"ScenarioII",83,"IMDS","Int-Euclidean",0.572276131293818,-0.0513355640535373,0.575859328845619,-0.0618902036770054,0.04225,-0.002125,0.572276175908222,-0.0513354748247292,0.575859404078726,-0.0618900532107904,0.04225,-0.002125,1.50466214959843e-07,0,2.68689669569167e-07,3.33066907387547e-16
"ScenarioII",83,"IMDS","Hausdorff",0.590110420650096,-0.0139525175270873,0.599254157140978,-0.034462573320293,0.05225,-0.000625000000000001,0.59011034416826,-0.0139526704907584,0.599254124898218,-0.0344626378058137,0.05225,-0.000625000000000001,1.52963671168696e-07,0,3.18674314936374e-07,4.44089209850063e-16
"ScenarioII",83,"IMDS","Ichino-Yaguchi",0.596415630975143,-0.00243578712555781,0.607671270045742,-0.0183017145301061,0.05025,-0.00025,0.596415630975143,-0.00243578712555781,0.607671270045742,-0.0183017145301061,0.05025,-0.00025,0,0,0,3.33066907387547e-16
"ScenarioII",83,"IMDS","Wasserstein",0.589177342256214,-0.0210978330146591,0.599884615806186,-0.0395702114681528,0.050875,0.000625000000000001,0.58917741873805,-0.0210976800509879,0.599884749553932,-0.0395699439726595,0.050875,0.000625000000000001,2.67495493269654e-07,0,5.97088154641323e-07,1.11022302462516e-16
"ScenarioII",83,"IMDS","Centers-Euclidean",0.591511392606756,-0.0514029636711282,0.5968153473748,-0.062677851663172,0.0505,-0.008875,0.591511392606756,-0.0514029636711282,0.5968153473748,-0.062677851663172,0.0505,-0.008875,0,0,0,4.44089209850063e-16
"ScenarioII",84,"IMDS","Int-Euclidean",0.583490360101976,-0.0719679732313575,0.590801756219654,-0.08493931729111,0.038,-0.000750000000000001,0.583490360101976,-0.0719679732313575,0.590801756219654,-0.08493931729111,0.038,-0.000750000000000001,0,0,0,1.11022302462516e-16
"ScenarioII",84,"IMDS","Hausdorff",0.603934193753983,-0.0126268323773104,0.621193004417088,-0.032480101824002,0.04525,-0.00425,0.603934193753983,-0.0126268323773104,0.621193004417088,-0.032480101824002,0.04525,-0.00425,0,0,0,4.44089209850063e-16
"ScenarioII",84,"IMDS","Ichino-Yaguchi",0.616426306564691,-0.0191069152326322,0.629702102697115,-0.0285994798338594,0.051,0.002125,0.616426306564691,-0.0191069152326322,0.629702102697115,-0.0285994798338594,0.051,0.002125,0,0,0,4.44089209850063e-16
"ScenarioII",84,"IMDS","Wasserstein",0.608824569789675,-0.037761631612492,0.622952039128551,-0.0514700768844827,0.048375,-0.00225,0.608824569789675,-0.037761631612492,0.622952039128551,-0.0514700768844827,0.048375,-0.00225,0,0,0,4.44089209850063e-16
"ScenarioII",84,"IMDS","Centers-Euclidean",0.612407265774379,-0.0754432759719567,0.62823509900404,-0.0898747102203238,0.0525,-0.00475,0.612407265774379,-0.0754432759719567,0.62823509900404,-0.0898747102203238,0.0525,-0.00475,0,0,0,3.33066907387547e-16
"ScenarioII",85,"IMDS","Int-Euclidean",0.585567160611855,-0.0707120777565328,0.594488187549142,-0.0759204595838705,0.038625,0,0.585567160611855,-0.0707120777565328,0.594488187549142,-0.0759204595838705,0.038625,0,0,0,0,4.44089209850063e-16
"ScenarioII",85,"IMDS","Hausdorff",0.629172084130019,-0.0443973868706182,0.643371557530894,-0.0574478552252293,0.052,-0.0025,0.629172084130019,-0.0443973868706182,0.643371557530894,-0.0574478552252293,0.052,-0.0025,0,0,0,2.22044604925031e-16
"ScenarioII",85,"IMDS","Ichino-Yaguchi",0.635290630975143,-0.0395111536010198,0.649767728869434,-0.0521688220696065,0.051375,-0.004,0.635290630975143,-0.0395111536010198,0.649767728869434,-0.0521688220696065,0.051375,-0.004,0,0,0,3.33066907387547e-16
"ScenarioII",85,"IMDS","Wasserstein",0.624981038878266,-0.0602868068833651,0.637550839710661,-0.0741337982432302,0.051875,-0.001,0.624981038878266,-0.0602868068833651,0.637550839710661,-0.0741337982432302,0.051875,-0.001,0,0,0,4.44089209850063e-16
"ScenarioII",85,"IMDS","Centers-Euclidean",0.620461998087954,-0.0807907903123009,0.633284341077396,-0.097944267493105,0.04975,-0.004125,0.620461998087954,-0.0807907903123009,0.633284341077396,-0.097944267493105,0.04975,-0.004125,0,0,0,1.11022302462516e-16
"ScenarioII",86,"IMDS","Int-Euclidean",0.552693355640535,-0.0284679732313576,0.559836878714848,-0.0395855858483966,0.03775,-0.00475,0.552693311026131,-0.0284680624601658,0.55983686199638,-0.0395856192853333,0.03775,-0.00475,8.92288081200121e-08,0,1.59337157357164e-07,3.33066907387547e-16
"ScenarioII",86,"IMDS","Hausdorff",0.577672801147228,0.00676848311026135,0.588110725861304,-0.00854802149722073,0.044375,-0.007625,0.577672931803697,0.00676874442319946,0.588110792496342,-0.0085478882271446,0.044375,-0.007625,2.6131293810825e-07,0,1.11536010205526e-06,3.33066907387547e-16
"ScenarioII",86,"IMDS","Ichino-Yaguchi",0.58234217654557,0.0146980560866794,0.593473734454597,-0.00219311353494778,0.04775,-0.00675,0.58234217654557,0.0146980560866794,0.593473734454597,-0.00219311353494778,0.04775,-0.00675,0,0,0,4.44089209850063e-16
"ScenarioII",86,"IMDS","Wasserstein",0.576196223709369,-0.00218403441682602,0.585096000366612,-0.016298132129126,0.04675,-0.00575,0.576196266730401,-0.00218394837476099,0.585096018503165,-0.0162980958560206,0.04675,-0.00575,8.60420650327168e-08,0,1.59337157468187e-07,1.11022302462516e-16
"ScenarioII",86,"IMDS","Centers-Euclidean",0.567103250478011,-0.0180337794773742,0.572779699335407,-0.0287403329295312,0.04425,-0.00225,0.567103250478011,-0.0180337794773742,0.572779699335407,-0.0287403329295312,0.04425,-0.00225,0,0,0,4.44089209850063e-16
"ScenarioII",87,"IMDS","Int-Euclidean",0.59733970681963,-0.103416507329509,0.604537555224257,-0.114047373144783,0.03975,0.00025,0.59733970681963,-0.103416507329509,0.604537555224257,-0.114047373144783,0.03975,0.00025,0,0,0,3.33066907387547e-16
"ScenarioII",87,"IMDS","Hausdorff",0.625347833014659,-0.056693435309114,0.637724987081571,-0.0705653597430542,0.054625,-0.000625000000000001,0.625347833014659,-0.056693435309114,0.637724987081571,-0.0705653597430542,0.054625,-0.000625000000000001,0,0,0,2.22044604925031e-16
"ScenarioII",87,"IMDS","Ichino-Yaguchi",0.63790160930529,-0.0512066602931803,0.648612604364612,-0.0639025867308929,0.053875,-0.003125,0.63790160930529,-0.0512066602931803,0.648612604364612,-0.0639025867308929,0.053875,-0.003125,0,0,0,1.11022302462516e-16
"ScenarioII",87,"IMDS","Wasserstein",0.629462555768005,-0.0774898024219248,0.640556456199063,-0.0881990437292011,0.05625,-0.002125,0.629462555768005,-0.0774898024219248,0.640556456199063,-0.0881990437292011,0.05625,-0.002125,0,0,0,1.11022302462516e-16
"ScenarioII",87,"IMDS","Centers-Euclidean",0.622972833014659,-0.102153760356915,0.634286622423287,-0.11746976750752,0.05575,-0.004125,0.622972833014659,-0.102153760356915,0.634286622423287,-0.11746976750752,0.05575,-0.004125,0,0,0,3.33066907387547e-16
"ScenarioII",88,"IMDS","Int-Euclidean",0.585935468451243,-0.0740809432759719,0.587536912842701,-0.0827111154442651,0.037,-0.004875,0.585935468451243,-0.0740809432759719,0.587536912842701,-0.0827111154442651,0.037,-0.004875,0,0,0,2.22044604925031e-16
"ScenarioII",88,"IMDS","Hausdorff",0.626286249203314,-0.029343371574251,0.636657123598613,-0.0481547440530447,0.056625,-0.005875,0.626286249203314,-0.029343371574251,0.636657123598613,-0.0481547440530447,0.056625,-0.005875,0,0,0,3.33066907387547e-16
"ScenarioII",88,"IMDS","Ichino-Yaguchi",0.640114802421925,-0.0351929572976418,0.647477835874455,-0.0508984112507786,0.058875,-0.004625,0.640114802421925,-0.0351929572976418,0.647477835874455,-0.0508984112507786,0.058875,-0.004625,0,0,0,2.22044604925031e-16
"ScenarioII",88,"IMDS","Wasserstein",0.628735022307202,-0.0551688973868706,0.63586753752827,-0.0714335924525328,0.057375,-0.004625,0.628735022307202,-0.0551688973868706,0.63586753752827,-0.0714335924525328,0.057375,-0.004625,0,0,0,1.11022302462516e-16
"ScenarioII",88,"IMDS","Centers-Euclidean",0.617783699808795,-0.0734345124282983,0.625404390427585,-0.0921670113997776,0.05275,-0.0095,0.617783699808795,-0.0734345124282983,0.625404390427585,-0.0921670113997776,0.05275,-0.0095,0,0,0,3.33066907387547e-16
"ScenarioII",89,"IMDS","Int-Euclidean",0.588072578075207,-0.0885536966220523,0.593602163105377,-0.105849312691825,0.041,-0.0025,0.588072613129382,-0.088553626513703,0.593602202513195,-0.105849233876189,0.041,-0.0025,7.88156364339709e-08,0,1.79126446453459e-07,2.91433543964104e-16
"ScenarioII",89,"IMDS","Hausdorff",0.635517049075844,-0.0284862970044614,0.642240558479582,-0.0493260258699532,0.055125,-0.0035,0.635517092096877,-0.0284862109623964,0.642240572988824,-0.0493259968514689,0.055125,-0.0035,8.60420649728688e-08,0,1.59337157357164e-07,4.44089209850063e-16
"ScenarioII",89,"IMDS","Ichino-Yaguchi",0.644776210962396,-0.0275266093052901,0.649191344639965,-0.0417702075103112,0.053875,-0.004125,0.644776210962396,-0.0275266093052901,0.649191344639965,-0.0417702075103112,0.053875,-0.004125,0,0,0,4.44089209850063e-16
"ScenarioII",89,"IMDS","Wasserstein",0.634670411089866,-0.0535211918419376,0.63982113200749,-0.0727237080334459,0.058875,-0.0035,0.634670411089866,-0.0535211918419376,0.63982113200749,-0.0727237080334459,0.058875,-0.0035,0,0,0,4.44089209850063e-16
"ScenarioII",89,"IMDS","Centers-Euclidean",0.626680130656469,-0.0892831421287443,0.631908488435511,-0.111128601102634,0.058875,-0.00675,0.626680092415551,-0.0892832186105799,0.631908472314131,-0.111128633345395,0.058875,-0.00675,7.64818355869501e-08,0,1.59337157468187e-07,3.33066907387547e-16
"ScenarioII",90,"IMDS","Int-Euclidean",0.591734623964308,-0.080560707456979,0.597866488124514,-0.0994077672383188,0.043375,-0.00225,0.591734623964308,-0.080560707456979,0.597866488124514,-0.0994077672383188,0.043375,-0.00225,0,0,0,4.44089209850063e-16
"ScenarioII",90,"IMDS","Hausdorff",0.615183954748247,-0.0245849267049076,0.629207883661979,-0.0471393736818213,0.0565,0.003375,0.615183954748247,-0.0245849267049076,0.629207883661979,-0.0471393736818213,0.0565,0.003375,0,0,0,2.22044604925031e-16
"ScenarioII",90,"IMDS","Ichino-Yaguchi",0.627455066921606,-0.0286924792861695,0.637682064226726,-0.048785421401789,0.059625,-5e-04,0.627455066921606,-0.0286924792861695,0.637682064226726,-0.048785421401789,0.059625,-5e-04,0,0,0,4.44089209850063e-16
"ScenarioII",90,"IMDS","Wasserstein",0.619386870618228,-0.0481102613129383,0.630287936273122,-0.0696321444369894,0.058125,-0.000124999999999997,0.619386835564054,-0.0481103314212875,0.630287906717259,-0.0696322035487167,0.058125,-0.000124999999999997,7.01083492371524e-08,0,1.59337157357164e-07,4.44089209850063e-16
"ScenarioII",90,"IMDS","Centers-Euclidean",0.620595124282983,-0.0842960484384959,0.630209289314118,-0.106180374829766,0.059125,0,0.620595124282983,-0.0842960484384959,0.630209289314118,-0.106180374829766,0.059125,0,0,0,0,2.22044604925031e-16
"ScenarioII",91,"IMDS","Int-Euclidean",0.596351975780752,-0.0851414913957935,0.601114370572698,-0.0945184884935142,0.040875,-0.002,0.596351975780752,-0.0851414913957935,0.601114370572698,-0.0945184884935142,0.040875,-0.002,0,0,0,1.11022302462516e-16
"ScenarioII",91,"IMDS","Hausdorff",0.633637667304015,-0.0393454429572977,0.64225003000368,-0.0511973078233391,0.051,0.001125,0.633637667304015,-0.0393454429572977,0.64225003000368,-0.0511973078233391,0.051,0.001125,0,0,0,2.22044604925031e-16
"ScenarioII",91,"IMDS","Ichino-Yaguchi",0.63710643722116,-0.0355124282982791,0.64591389790492,-0.0466828628961061,0.05,5e-04,0.63710643722116,-0.0355124282982791,0.64591389790492,-0.0466828628961061,0.05,5e-04,0,0,0,1.11022302462516e-16
"ScenarioII",91,"IMDS","Wasserstein",0.630072179732314,-0.0593030592734226,0.638111081128756,-0.0692647618530955,0.0525,0.001375,0.630072179732314,-0.0593030592734226,0.638111081128756,-0.0692647618530955,0.0525,0.001375,0,0,0,3.33066907387547e-16
"ScenarioII",91,"IMDS","Centers-Euclidean",0.626579349904398,-0.0841073932441044,0.633638927529022,-0.0927624176850005,0.048125,-0.00325,0.626579349904398,-0.0841073932441044,0.633638927529022,-0.0927624176850005,0.048125,-0.00325,0,0,0,3.33066907387547e-16
"ScenarioII",92,"IMDS","Int-Euclidean",0.544894040790312,-0.0335162523900573,0.548888516988267,-0.0474273966393491,0.028125,-0.003875,0.544894040790312,-0.0335162523900573,0.548888516988267,-0.0474273966393491,0.028125,-0.003875,0,0,0,2.22044604925031e-16
"ScenarioII",92,"IMDS","Hausdorff",0.594843212237094,-0.00757934990439768,0.605940792887861,-0.0351465243669117,0.042125,-0.001,0.594843212237094,-0.00757934990439768,0.605940792887861,-0.0351465243669117,0.042125,-0.001,0,0,0,3.33066907387547e-16
"ScenarioII",92,"IMDS","Ichino-Yaguchi",0.603827119184194,0.00760261312938182,0.614751337946607,-0.0123225765343332,0.043,-0.001,0.603827119184194,0.00760261312938182,0.614751337946607,-0.0123225765343332,0.043,-0.001,0,0,0,2.22044604925031e-16
"ScenarioII",92,"IMDS","Wasserstein",0.592469327597196,-0.0152503186743148,0.604384573668822,-0.0407976089093059,0.04325,-0.00325,0.592469327597196,-0.0152503186743148,0.604384573668822,-0.0407976089093059,0.04325,-0.00325,0,0,0,2.22044604925031e-16
"ScenarioII",92,"IMDS","Centers-Euclidean",0.584413718929254,-0.0595256532823455,0.601729835714606,-0.101092781144502,0.043625,-0.008,0.584413718929254,-0.0595256532823455,0.601729835714606,-0.101092781144502,0.043625,-0.008,0,0,0,2.22044604925031e-16
"ScenarioII",93,"IMDS","Int-Euclidean",0.591551465901848,-0.0718664754620778,0.601511439846524,-0.0885927960717058,0.045375,-0.003375,0.591551419694073,-0.0718665678776291,0.601511408678523,-0.0885928584077091,0.045375,-0.003375,9.24155512671554e-08,0,1.59337157357164e-07,4.44089209850063e-16
"ScenarioII",93,"IMDS","Hausdorff",0.632345522625876,-0.0306464308476737,0.646434726067043,-0.0518227578785355,0.058,-0.0055,0.632345568833652,-0.0306463384321224,0.646434803987048,-0.0518226020385272,0.058,-0.0055,1.55840008349284e-07,0,2.68689669569167e-07,4.44089209850063e-16
"ScenarioII",93,"IMDS","Ichino-Yaguchi",0.638137906309751,-0.0342557361376672,0.648189568366679,-0.0505673770480337,0.058,-0.005625,0.638137906309751,-0.0342557361376672,0.648189568366679,-0.0505673770480337,0.058,-0.005625,0,0,0,4.44089209850063e-16
"ScenarioII",93,"IMDS","Wasserstein",0.628814451880178,-0.0518143722115998,0.63976372955165,-0.0714085832019313,0.05775,-0.008,0.628814451880178,-0.0518143722115998,0.63976372955165,-0.0714085832019313,0.05775,-0.008,0,0,0,4.44089209850063e-16
"ScenarioII",93,"IMDS","Centers-Euclidean",0.622444471000637,-0.073658540471638,0.636680968953804,-0.0961423300785205,0.057875,-0.009,0.622444426386233,-0.0736586297004462,0.636680893720697,-0.0961424805447355,0.057875,-0.009,1.50466214959843e-07,0,2.68689669569167e-07,3.33066907387547e-16
"ScenarioII",94,"IMDS","Int-Euclidean",0.566996414913958,-0.0451967813894201,0.575015707683382,-0.057169997480288,0.042875,-0.001125,0.566996414913958,-0.0451967813894201,0.575015707683382,-0.057169997480288,0.042875,-0.001125,0,0,0,4.44089209850063e-16
"ScenarioII",94,"IMDS","Hausdorff",0.60280074888464,0.000162683237731054,0.617442045024371,-0.0210529353194874,0.04775,-0.00125,0.60280074888464,0.000162683237731054,0.617442045024371,-0.0210529353194874,0.04775,-0.00125,0,0,0,4.44089209850063e-16
"ScenarioII",94,"IMDS","Ichino-Yaguchi",0.612207616316125,0.00966857871255578,0.625325848598745,-0.0123818684543145,0.047875,-0.005125,0.612207616316125,0.00966857871255578,0.625325848598745,-0.0123818684543145,0.047875,-0.005125,0,0,0,6.93889390390723e-18
"ScenarioII",94,"IMDS","Wasserstein",0.602164993626514,-0.0139867750159337,0.617520464450139,-0.0389850220009925,0.04925,-0.00575,0.602164993626514,-0.0139867750159337,0.617520464450139,-0.0389850220009925,0.04925,-0.00575,0,0,0,3.33066907387547e-16
"ScenarioII",94,"IMDS","Centers-Euclidean",0.598457217973231,-0.0544128425748884,0.61260624693246,-0.0765043533697353,0.052125,-0.0095,0.598457217973231,-0.0544128425748884,0.61260624693246,-0.0765043533697353,0.052125,-0.0095,0,0,0,4.44089209850063e-16
"ScenarioII",95,"IMDS","Int-Euclidean",0.602620458891013,-0.102655831739962,0.609351411712584,-0.11589056636541,0.04625,-0.001,0.602620419056724,-0.10265591140854,0.6093513982781,-0.115890593234377,0.04625,-0.001,7.96685787340934e-08,0,1.59337157468187e-07,4.44089209850063e-16
"ScenarioII",95,"IMDS","Hausdorff",0.645566762268961,-0.0515675589547482,0.652878239352511,-0.0643834437861122,0.05975,-0.002375,0.645567233906947,-0.0515666156787763,0.652878912420133,-0.0643820976508676,0.05975,-0.002375,1.34613524457872e-06,0,5.08271291610463e-06,2.22044604925031e-16
"ScenarioII",95,"IMDS","Ichino-Yaguchi",0.655718371574251,-0.0457213193116635,0.661051219224157,-0.0556111958549799,0.06175,-0.00175,0.655718371574251,-0.0457213193116635,0.661051219224157,-0.0556111958549799,0.06175,-0.00175,0,0,0,3.33066907387547e-16
"ScenarioII",95,"IMDS","Wasserstein",0.644788559592097,-0.0709697259400893,0.649484151979578,-0.0813695421664508,0.062,-0.0025,0.644788640854047,-0.0709695634161887,0.649484293310344,-0.0813692595049184,0.062,-0.0025,2.82661532374773e-07,0,6.44855206954897e-07,4.44089209850063e-16
"ScenarioII",95,"IMDS","Centers-Euclidean",0.638819869343531,-0.0933777884002549,0.645419204184701,-0.104648006510308,0.060875,-0.0045,0.638819869343531,-0.0933777884002549,0.645419204184701,-0.104648006510308,0.060875,-0.0045,0,0,0,2.22044604925031e-16
"ScenarioII",96,"IMDS","Int-Euclidean",0.557673597833015,-0.03002660930529,0.564376725371521,-0.0461150196928203,0.04125,0.000875000000000001,0.557673597833015,-0.03002660930529,0.564376725371521,-0.0461150196928203,0.04125,0.000875000000000001,0,0,0,2.22044604925031e-16
"ScenarioII",96,"IMDS","Hausdorff",0.588034894837476,-0.00914467813894193,0.592832677048153,-0.0206456331275427,0.047375,-0.000999999999999997,0.588034851816444,-0.00914476418100696,0.592832652866083,-0.0206456814916832,0.047375,-0.000999999999999997,8.60420650335841e-08,0,1.59337157468187e-07,1.11022302462516e-16
"ScenarioII",96,"IMDS","Ichino-Yaguchi",0.592725462077757,-0.00304620777565323,0.598189252549694,-0.0112213297460277,0.05,0.002375,0.592725462077757,-0.00304620777565323,0.598189252549694,-0.0112213297460277,0.05,0.002375,0,0,0,4.44089209850063e-16
"ScenarioII",96,"IMDS","Wasserstein",0.587024458253665,-0.0190231038878266,0.593219649561285,-0.0329582534301435,0.04925,-5e-04,0.587024498087954,-0.0190230242192479,0.59321978390612,-0.032957984740474,0.04925,-5e-04,2.68689669569167e-07,0,5.37379339138333e-07,2.22044604925031e-16
"ScenarioII",96,"IMDS","Centers-Euclidean",0.579730560866794,-0.0414474187380497,0.587616410545703,-0.0566644013568572,0.0485,-0.00175,0.579730560866794,-0.0414474187380497,0.587616410545703,-0.0566644013568572,0.0485,-0.00175,0,0,0,3.33066907387547e-16
"ScenarioII",97,"IMDS","Int-Euclidean",0.590786408540472,-0.0679855003186743,0.592674477901853,-0.0809716270532795,0.041375,-0.003375,0.590786408540472,-0.0679855003186743,0.592674477901853,-0.0809716270532795,0.041375,-0.003375,0,0,0,3.33066907387547e-16
"ScenarioII",97,"IMDS","Hausdorff",0.641815407903123,-0.036001115360102,0.648950540906424,-0.0541221505460542,0.052875,0.00225,0.641815442957298,-0.0360010452517527,0.648950557795489,-0.0541221167679243,0.052875,0.00225,7.01083492857246e-08,0,1.59337157468187e-07,1.11022302462516e-16
"ScenarioII",97,"IMDS","Ichino-Yaguchi",0.645585484384959,-0.0375747291268324,0.652002385345853,-0.0539743635509413,0.055625,0.0015,0.645585484384959,-0.0375747291268324,0.652002385345853,-0.0539743635509413,0.055625,0.0015,0,0,0,3.33066907387547e-16
"ScenarioII",97,"IMDS","Wasserstein",0.639137189292543,-0.0556112173358828,0.644148181137269,-0.0733167690416957,0.05375,0.00125,0.639137146271511,-0.0556113033779478,0.644148156955198,-0.0733168174058362,0.05375,0.00125,8.60420649728688e-08,0,1.59337157357164e-07,3.33066907387547e-16
"ScenarioII",97,"IMDS","Centers-Euclidean",0.625640854047164,-0.0784353091140854,0.629443240885321,-0.0901501992312576,0.048625,-0.0025,0.625640854047164,-0.0784353091140854,0.629443240885321,-0.0901501992312576,0.048625,-0.0025,0,0,0,3.33066907387547e-16
"ScenarioII",98,"IMDS","Int-Euclidean",0.559124282982792,-0.0262374123645635,0.566348966082151,-0.0446754616898857,0.034625,-0.002125,0.559124346717655,-0.0262372848948375,0.566349281792513,-0.0446748302691622,0.034625,-0.002125,6.31420723512521e-07,0,1.74648285222734e-06,4.44089209850063e-16
"ScenarioII",98,"IMDS","Hausdorff",0.583661966220523,0.000166826003824116,0.589067415474921,-0.00736708945625913,0.047875,-0.0015,0.583662017208413,0.000166927979604825,0.58906758743631,-0.00736674553348205,0.047875,-0.0015,3.43922777083783e-07,0,5.37379339193844e-07,3.33066907387547e-16
"ScenarioII",98,"IMDS","Ichino-Yaguchi",0.589567399617591,0.00667272147864884,0.597756331757362,-0.00299791031940633,0.0495,-0.002375,0.589567347036329,0.00667261631612499,0.597756186217124,-0.00299820139988168,0.0495,-0.002375,2.91080475351996e-07,0,6.94114979715721e-07,2.22044604925031e-16
"ScenarioII",98,"IMDS","Wasserstein",0.581077119184194,-0.0067421924792862,0.588999056344821,-0.0195044680106609,0.046375,-0.001875,0.581077080943276,-0.00674226896112173,0.588999013354474,-0.0195045539913552,0.046375,-0.001875,8.59806942726804e-08,0,1.79126446397948e-07,3.33066907387547e-16
"ScenarioII",98,"IMDS","Centers-Euclidean",0.576728569152326,-0.0305304333970682,0.582787386632152,-0.0380523709432338,0.043625,-0.003875,0.576728524537922,-0.0305305226258764,0.582787365136978,-0.038052413933581,0.043625,-0.003875,8.92288081824621e-08,0,1.59337157468187e-07,4.44089209850063e-16
"ScenarioII",99,"IMDS","Int-Euclidean",0.57958604206501,-0.0615799872530275,0.581626762945426,-0.0690250192305035,0.042625,-0.007375,0.579586081899299,-0.0615799075844488,0.581626796531634,-0.0690249520580861,0.042625,-0.007375,7.96685787340934e-08,0,1.59337157468187e-07,4.44089209850063e-16
"ScenarioII",99,"IMDS","Hausdorff",0.628496494582537,-0.0198505417463353,0.633819704284415,-0.0270520013456661,0.05525,-5e-04,0.62849658859146,-0.0198503537284895,0.63381983383122,-0.0270517422520562,0.05525,-5e-04,2.59093609931288e-07,0,6.37348629761725e-07,4.44089209850063e-16
"ScenarioII",99,"IMDS","Ichino-Yaguchi",0.630665630975143,-0.0142831421287444,0.637614795208999,-0.019322442914534,0.05575,-0.000874999999999997,0.630665702676864,-0.0142829987253027,0.637614834303346,-0.0193223647258402,0.05575,-0.000874999999999997,1.4340344170298e-07,0,3.18674314825351e-07,3.33066907387547e-16
"ScenarioII",99,"IMDS","Wasserstein",0.623543100701083,-0.0400428616953473,0.62876277032953,-0.0433894935259438,0.0575,0.001375,0.623543135755258,-0.040042791586998,0.628762782778818,-0.0433894686273677,0.0575,0.001375,7.01083492787857e-08,0,4.78011472293538e-07,4.44089209850063e-16
"ScenarioII",99,"IMDS","Centers-Euclidean",0.616967017208413,-0.0592804333970682,0.620733366702031,-0.0618989275614357,0.05575,-0.002625,0.616967069789675,-0.0592803282345443,0.620733402169068,-0.0618988566273629,0.05575,-0.002625,1.05162523932056e-07,0,1.59337157468187e-07,2.22044604925031e-16
"ScenarioII",100,"IMDS","Int-Euclidean",0.588153760356915,-0.0762023581899298,0.594709935853966,-0.0897651281240293,0.039625,-0.002625,0.588153760356915,-0.0762023581899298,0.594709935853966,-0.0897651281240293,0.039625,-0.002625,0,0,0,4.44089209850063e-16
"ScenarioII",100,"IMDS","Hausdorff",0.627824171446781,-0.0131419694072656,0.639290837652413,-0.0259093496925252,0.052,-0.002375,0.627824171446781,-0.0131419694072656,0.639290837652413,-0.0259093496925252,0.052,-0.002375,0,0,0,3.33066907387547e-16
"ScenarioII",100,"IMDS","Ichino-Yaguchi",0.633596637985978,-0.0155877947737412,0.642228356876519,-0.0281836761728219,0.053375,-0.000375,0.633596637985978,-0.0155877947737412,0.642228356876519,-0.0281836761728219,0.053375,-0.000375,0,0,0,3.33066907387547e-16
"ScenarioII",100,"IMDS","Wasserstein",0.62540965583174,-0.0343416188655195,0.635267465105742,-0.0457266019064854,0.053125,-0.002125,0.62540965583174,-0.0343416188655195,0.635267465105742,-0.0457266019064854,0.053125,-0.002125,0,0,0,2.22044604925031e-16
"ScenarioII",100,"IMDS","Centers-Euclidean",0.618735579987253,-0.0699412045889101,0.628938513738401,-0.0839164193442232,0.051125,-0.0045,0.618735579987253,-0.0699412045889101,0.628938513738401,-0.0839164193442232,0.051125,-0.0045,0,0,0,3.33066907387547e-16
