"Method","Metric","K","Q_TC","B_TC","Q_RE","B_RE","Q_LC","B_LC"
"C-PCA","Int-Euclidean",1,0.960740740740741,0.0222222222222223,0.962250712250712,0.0213675213675214,0.740740740740741,0
"C-PCA","Int-Euclidean",2,0.958234830575256,0.00157604412923562,0.957115009746589,0.0087719298245614,0.685185185185185,0.0185185185185185
"C-PCA","Int-Euclidean",3,0.95959595959596,0.0145903479236812,0.952750544662309,0.0125272331154684,0.691358024691358,-0.0493827160493827
"C-PCA","Int-Euclidean",4,0.967931345980126,0.00632339656729897,0.951097620799608,0.0103630120186412,0.694444444444444,0
"C-PCA","Int-Euclidean",5,0.982261208576998,0.00428849902534112,0.949074074074074,0.0100833218880191,0.837037037037037,0.00740740740740742
"C-PCA","Int-Euclidean",6,0.986243386243386,0.00352733686067019,0.947928936003141,0.0101535575622737,0.858024691358025,0.0123456790123457
"C-PCA","Int-Euclidean",7,0.988260582010582,0.00231481481481477,0.9459139173303,0.0103487609175891,0.883597883597884,0.0211640211640212
"C-PCA","Int-Euclidean",8,0.988026819923372,-0.00670498084291193,0.941948604178221,0.00793357338005148,0.921296296296296,0.0509259259259259
"C-PCA","Int-Euclidean",9,0.983064260842039,0.00538144982589428,0.939506396939688,0.00926862344542505,0.925925925925926,0.037037037037037
"C-PCA","Int-Euclidean",10,0.980515297906602,0.0086956521739131,0.938136667396657,0.0093879555445583,0.911111111111111,0.0333333333333333
"C-PCA","Int-Euclidean",11,0.974579124579125,0.00505050505050508,0.935392853575993,0.0080143381963149,0.919191919191919,0.0269360269360269
"C-PCA","Int-Euclidean",12,0.969317356572259,0.00544662309368193,0.933355075735539,0.00851170218832158,0.904320987654321,0.0308641975308642
"C-PCA","Int-Euclidean",13,0.967236467236467,-0.000407000407000369,0.931371142678088,0.0082649765717849,0.905982905982906,0.0427350427350427
"C-PCA","Int-Euclidean",14,0.968660968660969,0.0028490028490028,0.929776549902867,0.00834890250732287,0.923280423280423,0.037037037037037
"C-PCA","Int-Euclidean",15,0.961560044893378,0.000561167227833836,0.927423456530049,0.0084094479566562,0.928395061728395,0.037037037037037
"C-PCA","Int-Euclidean",16,0.95959595959596,0.00808080808080802,0.925392043323467,0.00826681476826367,0.946759259259259,0.025462962962963
"C-PCA","Int-Euclidean",17,0.946913580246914,0.00576131687242809,0.924216518920272,0.00839186250109147,0.938997821350762,0.0239651416122004
"C-PCA","Int-Euclidean",18,0.950617283950617,0.00205761316872421,0.923555553652714,0.00833378935529673,0.950617283950617,0.0246913580246914
"C-PCA","Int-Euclidean",19,0.96031746031746,-0.00264550264550267,0.922927564814582,0.00811552490130313,0.970760233918129,0.0253411306042885
"C-PCA","Int-Euclidean",20,0.95326278659612,-0.0123456790123456,0.922714228048014,0.00784265473916504,0.977777777777778,0.0240740740740741
"C-PCA","Int-Euclidean",21,0.925925925925926,0.0148148148148148,0.922546296964829,0.00789703287473795,0.973544973544973,0.0194003527336861
"C-PCA","Int-Euclidean",22,0.883333333333333,0.0481481481481482,0.922570511032209,0.00788665315341876,0.973063973063973,0.0202020202020202
"C-PCA","Int-Euclidean",23,0.839506172839506,0.0493827160493827,0.922907482774342,0.00772371051165464,0.974235104669887,0.0241545893719807
"C-PCA","Int-Euclidean",24,0.802469135802469,0.0246913580246915,0.923136161855907,0.0076069820431179,0.984567901234568,0.0277777777777777
"C-PCA","Int-Euclidean",25,0.555555555555556,0,0.923834897503313,0.00763867938178289,0.982222222222222,0.0296296296296296
"V-PCA","Int-Euclidean",1,0.96,0.0207407407407407,0.961538461538462,0.0199430199430199,0.740740740740741,0
"V-PCA","Int-Euclidean",2,0.959022852639874,0.00315208825847113,0.957358674463938,0.00925925925925926,0.685185185185185,0.0185185185185185
"V-PCA","Int-Euclidean",3,0.95959595959596,0.0190796857463524,0.952954793028322,0.0140250544662309,0.679012345679012,-0.0617283950617284
"V-PCA","Int-Euclidean",4,0.969060523938573,0.00496838301716351,0.950821682609762,0.0111601667893059,0.712962962962963,0.0277777777777778
"V-PCA","Int-Euclidean",5,0.981676413255361,0.00467836257309939,0.949022570159777,0.0104152360023806,0.82962962962963,0.00740740740740742
"V-PCA","Int-Euclidean",6,0.98641975308642,0.00388007054673722,0.947934389041574,0.01101513763469,0.858024691358025,0.0185185185185185
"V-PCA","Int-Euclidean",7,0.98859126984127,0.00165343915343918,0.945919184258206,0.0106391943707074,0.888888888888889,0.0317460317460317
"V-PCA","Int-Euclidean",8,0.990102171136654,-0.00638569604086847,0.942531480454387,0.00829379018508247,0.939814814814815,0.0555555555555555
"V-PCA","Int-Euclidean",9,0.982905982905983,0.00569800569800571,0.940179537860605,0.00942061139011584,0.917695473251029,0.0288065843621399
"V-PCA","Int-Euclidean",10,0.981964573268921,0.00837359098228663,0.938801124184568,0.00965743561156569,0.922222222222222,0.0222222222222222
"V-PCA","Int-Euclidean",11,0.975420875420875,0.00471380471380467,0.936212986734939,0.00849676192799991,0.922558922558923,0.0202020202020202
"V-PCA","Int-Euclidean",12,0.970225127087872,0.00363108206245466,0.934269015084052,0.00859895648366762,0.901234567901235,0.0216049382716049
"V-PCA","Int-Euclidean",13,0.967032967032967,-0.00488400488400487,0.932102088179657,0.00808087260957889,0.905982905982906,0.0341880341880342
"V-PCA","Int-Euclidean",14,0.967236467236467,0.000949667616334193,0.930360625017244,0.00820676151288582,0.917989417989418,0.0211640211640212
"V-PCA","Int-Euclidean",15,0.960998877665544,0.00168350168350162,0.927986757581826,0.00869751751666278,0.925925925925926,0.0246913580246914
"V-PCA","Int-Euclidean",16,0.96026936026936,0.00808080808080813,0.925934876261286,0.00844426183070431,0.946759259259259,0.0162037037037037
"V-PCA","Int-Euclidean",17,0.948148148148148,0.00823045267489719,0.924875903785729,0.00846585120583261,0.93681917211329,0.0130718954248366
"V-PCA","Int-Euclidean",18,0.956275720164609,0.00102880658436222,0.924162318698906,0.00850337956833588,0.95679012345679,0.0164609053497942
"V-PCA","Int-Euclidean",19,0.961640211640212,0,0.923574555269462,0.00837405142089363,0.970760233918129,0.0155945419103314
"V-PCA","Int-Euclidean",20,0.962081128747795,-0.00881834215167543,0.923482795308466,0.00812714477354479,0.97962962962963,0.0148148148148148
"V-PCA","Int-Euclidean",21,0.933333333333333,0.0246913580246914,0.92324031500373,0.00825879559284536,0.975308641975309,0.0105820105820106
"V-PCA","Int-Euclidean",22,0.907407407407407,0.0370370370370371,0.923446139277353,0.00806791302316839,0.976430976430976,0.0134680134680135
"V-PCA","Int-Euclidean",23,0.861111111111111,0.0555555555555555,0.923689499361485,0.00811749023822174,0.975845410628019,0.0177133655394525
"V-PCA","Int-Euclidean",24,0.833333333333333,0.0617283950617284,0.923976369061222,0.00795081243537818,0.986111111111111,0.0231481481481481
"V-PCA","Int-Euclidean",25,0.555555555555556,0,0.924664426267281,0.00789255545308148,0.982222222222222,0.0296296296296296
"MR-PCA","Int-Euclidean",1,0.951851851851852,0.00740740740740742,0.953703703703704,0.00712250712250712,0.444444444444444,0
"MR-PCA","Int-Euclidean",2,0.968085106382979,0.00709219858156029,0.95224171539961,0.00682261208576998,0.796296296296296,0
"MR-PCA","Int-Euclidean",3,0.962401795735129,0.00897867564534227,0.948937908496732,0.00762527233115468,0.703703703703704,0
"MR-PCA","Int-Euclidean",4,0.970867208672087,0.00406504065040647,0.948675496688742,0.00649987736080452,0.731481481481482,0.0277777777777778
"MR-PCA","Int-Euclidean",5,0.981676413255361,0.00467836257309939,0.947706359016619,0.00661539165865496,0.837037037037037,0.0148148148148148
"MR-PCA","Int-Euclidean",6,0.984832451499118,0.00352733686067019,0.945644112899708,0.00684901627186668,0.851851851851852,0.0308641975308642
"MR-PCA","Int-Euclidean",7,0.986772486772487,0.000661375661375696,0.943255623574167,0.00571235952350856,0.867724867724868,0.0264550264550265
"MR-PCA","Int-Euclidean",8,0.983876117496807,-0.00223499361430401,0.938470787957754,0.00518462761945845,0.921296296296296,0.0324074074074074
"MR-PCA","Int-Euclidean",9,0.97894903450459,0.00474833808167141,0.93639424568359,0.00623342659102326,0.91358024691358,0.0288065843621399
"MR-PCA","Int-Euclidean",10,0.976650563607085,0.00547504025764889,0.93473617024504,0.0058543774275722,0.907407407407407,0.0222222222222222
"MR-PCA","Int-Euclidean",11,0.971717171717172,0.00673400673400681,0.932371858372165,0.00499598076336705,0.902356902356902,0
"MR-PCA","Int-Euclidean",12,0.969862018881627,0.00363108206245455,0.930301016058954,0.00521488351349741,0.904320987654321,0.00308641975308643
"MR-PCA","Int-Euclidean",13,0.961334961334961,0,0.927850031519829,0.00493101226148789,0.897435897435897,0.00569800569800571
"MR-PCA","Int-Euclidean",14,0.961538461538462,0.00189933523266861,0.925709920163612,0.00535064193917767,0.917989417989418,0.00264550264550267
"MR-PCA","Int-Euclidean",15,0.94949494949495,0,0.92275962621506,0.00584742569783568,0.918518518518519,0.00493827160493826
"MR-PCA","Int-Euclidean",16,0.946127946127946,0.0107744107744108,0.920764843498829,0.00560540374629813,0.935185185185185,0
"MR-PCA","Int-Euclidean",17,0.937448559670782,0.00823045267489708,0.919905274593576,0.00536943214736478,0.928104575163399,0.00435729847494554
"MR-PCA","Int-Euclidean",18,0.941872427983539,0.00308641975308643,0.918937746554986,0.00523616122149408,0.946502057613169,0.00617283950617281
"MR-PCA","Int-Euclidean",19,0.948412698412698,0.00264550264550267,0.918121505802763,0.00525380982978059,0.961013645224172,0.00389863547758285
"MR-PCA","Int-Euclidean",20,0.947089947089947,-0.00705467372134039,0.917725597696904,0.00506388791640022,0.975925925925926,0.00555555555555554
"MR-PCA","Int-Euclidean",21,0.912345679012346,-0.00246913580246921,0.917487825161047,0.00511961179903667,0.970017636684303,0.00705467372134039
"MR-PCA","Int-Euclidean",22,0.864814814814815,0.0481481481481481,0.917541935030261,0.00498815781764861,0.968013468013468,0
"MR-PCA","Int-Euclidean",23,0.820987654320988,0.037037037037037,0.91777025839816,0.00495419423884354,0.972624798711755,0.00483091787439616
"MR-PCA","Int-Euclidean",24,0.783950617283951,0.037037037037037,0.917982550653837,0.00484865232608521,0.981481481481482,0.00771604938271608
"MR-PCA","Int-Euclidean",25,0.518518518518519,0,0.918575616108967,0.00491540609120616,0.980740740740741,0.0118518518518518
"SPCA","Int-Euclidean",1,0.960740740740741,0.0222222222222223,0.962250712250712,0.0213675213675214,0.740740740740741,0
"SPCA","Int-Euclidean",2,0.958234830575256,0.00157604412923562,0.957115009746589,0.0087719298245614,0.685185185185185,0.0185185185185185
"SPCA","Int-Euclidean",3,0.95959595959596,0.0145903479236812,0.952750544662309,0.0125272331154684,0.691358024691358,-0.0493827160493827
"SPCA","Int-Euclidean",4,0.967931345980126,0.00632339656729897,0.951097620799608,0.0103630120186412,0.694444444444444,0
"SPCA","Int-Euclidean",5,0.982261208576998,0.00428849902534112,0.949074074074074,0.0100833218880191,0.837037037037037,0.00740740740740742
"SPCA","Int-Euclidean",6,0.986243386243386,0.00352733686067019,0.947928936003141,0.0101535575622737,0.858024691358025,0.0123456790123457
"SPCA","Int-Euclidean",7,0.988260582010582,0.00231481481481477,0.9459139173303,0.0103487609175891,0.883597883597884,0.0211640211640212
"SPCA","Int-Euclidean",8,0.988026819923372,-0.00670498084291193,0.941948604178221,0.00793357338005148,0.921296296296296,0.0509259259259259
"SPCA","Int-Euclidean",9,0.983064260842039,0.00538144982589428,0.939506396939688,0.00926862344542505,0.925925925925926,0.037037037037037
"SPCA","Int-Euclidean",10,0.980515297906602,0.0086956521739131,0.938136667396657,0.0093879555445583,0.911111111111111,0.0333333333333333
"SPCA","Int-Euclidean",11,0.974579124579125,0.00505050505050508,0.935392853575993,0.0080143381963149,0.919191919191919,0.0269360269360269
"SPCA","Int-Euclidean",12,0.969317356572259,0.00544662309368193,0.933355075735539,0.00851170218832158,0.904320987654321,0.0308641975308642
"SPCA","Int-Euclidean",13,0.967236467236467,-0.000407000407000369,0.931371142678088,0.0082649765717849,0.905982905982906,0.0427350427350427
"SPCA","Int-Euclidean",14,0.968660968660969,0.0028490028490028,0.929776549902867,0.00834890250732287,0.923280423280423,0.037037037037037
"SPCA","Int-Euclidean",15,0.961560044893378,0.000561167227833836,0.927423456530049,0.0084094479566562,0.928395061728395,0.037037037037037
"SPCA","Int-Euclidean",16,0.95959595959596,0.00808080808080802,0.925392043323467,0.00826681476826367,0.946759259259259,0.025462962962963
"SPCA","Int-Euclidean",17,0.946913580246914,0.00576131687242809,0.924216518920272,0.00839186250109147,0.938997821350762,0.0239651416122004
"SPCA","Int-Euclidean",18,0.950617283950617,0.00205761316872421,0.923555553652714,0.00833378935529673,0.950617283950617,0.0246913580246914
"SPCA","Int-Euclidean",19,0.96031746031746,-0.00264550264550267,0.922927564814582,0.00811552490130313,0.970760233918129,0.0253411306042885
"SPCA","Int-Euclidean",20,0.95326278659612,-0.0123456790123456,0.922714228048014,0.00784265473916504,0.977777777777778,0.0240740740740741
"SPCA","Int-Euclidean",21,0.925925925925926,0.0148148148148148,0.922546296964829,0.00789703287473795,0.973544973544973,0.0194003527336861
"SPCA","Int-Euclidean",22,0.883333333333333,0.0481481481481482,0.922570511032209,0.00788665315341876,0.973063973063973,0.0202020202020202
"SPCA","Int-Euclidean",23,0.839506172839506,0.0493827160493827,0.922907482774342,0.00772371051165464,0.974235104669887,0.0241545893719807
"SPCA","Int-Euclidean",24,0.802469135802469,0.0246913580246915,0.923136161855907,0.0076069820431179,0.984567901234568,0.0277777777777777
"SPCA","Int-Euclidean",25,0.555555555555556,0,0.923834897503313,0.00763867938178289,0.982222222222222,0.0296296296296296
"IMDS","Int-Euclidean",1,0.517037037037037,0.103703703703704,0.535612535612536,0.0997150997150997,0.111111111111111,0
"IMDS","Int-Euclidean",2,0.516548463356974,0.0685579196217494,0.529970760233918,0.0774853801169591,0.0925925925925926,0.037037037037037
"IMDS","Int-Euclidean",3,0.528338945005612,0.05331088664422,0.530160675381264,0.0679466230936819,0.111111111111111,0.0493827160493827
"IMDS","Int-Euclidean",4,0.535456187895212,0.00677506775067749,0.52780843757665,0.0470321314692175,0.148148148148148,0.0462962962962963
"IMDS","Int-Euclidean",5,0.564912280701754,0.016374269005848,0.532338735521677,0.0467769994964062,0.222222222222222,0.0148148148148148
"IMDS","Int-Euclidean",6,0.578130511463845,0.0211640211640212,0.532723683636522,0.0475177769052916,0.246913580246914,0.0246913580246914
"IMDS","Int-Euclidean",7,0.592427248677249,0.0162037037037037,0.532645171581463,0.0436387549584363,0.285714285714286,0.00529100529100529
"IMDS","Int-Euclidean",8,0.602490421455939,0.0280970625798213,0.530520854425458,0.0453227571918642,0.328703703703704,-0.00462962962962962
"IMDS","Int-Euclidean",9,0.612535612535613,0,0.528185239929658,0.0398611795417024,0.382716049382716,0.0246913580246914
"IMDS","Int-Euclidean",10,0.611916264090177,-0.0193236714975845,0.522804602539417,0.0369578757860427,0.42962962962963,0.0444444444444445
"IMDS","Int-Euclidean",11,0.607070707070707,-0.00606060606060599,0.517869306505046,0.0391114996643731,0.468013468013468,0.037037037037037
"IMDS","Int-Euclidean",12,0.605664488017429,-0.00508351488743641,0.513480395593596,0.0393458872442506,0.509259259259259,0.0401234567901235
"IMDS","Int-Euclidean",13,0.575702075702076,-0.00854700854700852,0.505945811807912,0.0395210164921507,0.541310541310541,0.0398860398860399
"IMDS","Int-Euclidean",14,0.551756885090218,-0.0294396961063628,0.498875051738839,0.0397308313309955,0.58994708994709,0.0396825396825397
"IMDS","Int-Euclidean",15,0.514590347923681,-0.0471380471380471,0.492057480955068,0.0389825733558092,0.622222222222222,0.0370370370370371
"IMDS","Int-Euclidean",16,0.488888888888889,-0.0511784511784512,0.487782295578448,0.0385369567116864,0.659722222222222,0.0300925925925926
"IMDS","Int-Euclidean",17,0.461316872427984,-0.0551440329218107,0.484553580354427,0.0376063688387326,0.697167755991285,0.0217864923747277
"IMDS","Int-Euclidean",18,0.417695473251029,-0.0267489711934156,0.481232423274314,0.0375383532818088,0.730452674897119,0.00617283950617287
"IMDS","Int-Euclidean",19,0.387566137566138,-0.00264550264550256,0.479668991307531,0.0357279825776049,0.764132553606238,-0.00194931773879142
"IMDS","Int-Euclidean",20,0.364197530864198,0.0229276895943563,0.478311282633461,0.0342948089883981,0.8,-0.0111111111111111
"IMDS","Int-Euclidean",21,0.345679012345679,0.0740740740740741,0.476994179437688,0.0311968240618065,0.837742504409171,-0.0229276895943563
"IMDS","Int-Euclidean",22,0.312962962962963,0.1,0.476462945705539,0.0332783005260753,0.873737373737374,-0.0202020202020202
"IMDS","Int-Euclidean",23,0.237654320987654,0.0802469135802469,0.477224586615129,0.0340611110735057,0.900161030595813,-0.0128824476650564
"IMDS","Int-Euclidean",24,0.203703703703704,0.111111111111111,0.478935707251944,0.0352938384951599,0.933641975308642,-0.00925925925925924
"IMDS","Int-Euclidean",25,0.0370370370370371,0,0.480465790630998,0.037113267379534,0.961481481481481,0.00444444444444442
"Int-UMAP","Int-Euclidean",1,0.802222222222222,0.131851851851852,0.80982905982906,0.126780626780627,0.259259259259259,0
"Int-UMAP","Int-Euclidean",2,0.818360914105595,0.148936170212766,0.810916179337232,0.134502923976608,0.37037037037037,-0.037037037037037
"Int-UMAP","Int-Euclidean",3,0.785914702581369,0.120650953984287,0.790441176470588,0.120098039215686,0.358024691358025,-0.0246913580246914
"Int-UMAP","Int-Euclidean",4,0.803523035230352,0.0668473351400181,0.788171449595291,0.0984179543782193,0.462962962962963,0.0277777777777778
"Int-UMAP","Int-Euclidean",5,0.817738791423002,0.042495126705653,0.785554868836698,0.088552396648812,0.555555555555556,0.0518518518518518
"Int-UMAP","Int-Euclidean",6,0.781834215167548,0.0398589065255732,0.771883043231689,0.085034681324434,0.5,0.0432098765432099
"Int-UMAP","Int-Euclidean",7,0.770006613756614,0.0327380952380952,0.764228981947981,0.082132473770699,0.486772486772487,0.0529100529100529
"Int-UMAP","Int-Euclidean",8,0.770753512132823,0.0127713920817369,0.758866762333207,0.0771553583533617,0.518518518518518,0.0648148148148148
"Int-UMAP","Int-Euclidean",9,0.745014245014245,0.00728078505856289,0.749091914049257,0.0744774544012155,0.51440329218107,0.0617283950617284
"Int-UMAP","Int-Euclidean",10,0.733816425120773,-0.0132045088566828,0.741249600638599,0.0716651071426201,0.537037037037037,0.0777777777777778
"Int-UMAP","Int-Euclidean",11,0.723737373737374,-0.0191919191919192,0.734005924326604,0.0713093484564961,0.552188552188552,0.0808080808080808
"Int-UMAP","Int-Euclidean",12,0.714960058097313,-0.0232389251997094,0.727538976772044,0.0715693850320663,0.583333333333333,0.0864197530864198
"Int-UMAP","Int-Euclidean",13,0.696581196581197,-0.0215710215710216,0.720431032779977,0.0714851154679692,0.612535612535613,0.0797720797720798
"Int-UMAP","Int-Euclidean",14,0.678062678062678,-0.0246913580246912,0.713087513420406,0.0705619301770516,0.645502645502645,0.0714285714285715
"Int-UMAP","Int-Euclidean",15,0.672558922558923,-0.0297418630751963,0.708065113445705,0.0697095213113755,0.691358024691358,0.0666666666666667
"Int-UMAP","Int-Euclidean",16,0.662289562289562,-0.0572390572390573,0.70178891244868,0.0683763839197797,0.736111111111111,0.0717592592592593
"Int-UMAP","Int-Euclidean",17,0.663786008230453,-0.0633744855967079,0.697102672728187,0.0662559086795837,0.784313725490196,0.0653594771241831
"Int-UMAP","Int-Euclidean",18,0.615740740740741,-0.0257201646090536,0.69368826618144,0.0652207251479648,0.798353909465021,0.0493827160493827
"Int-UMAP","Int-Euclidean",19,0.571428571428572,0.0211640211640212,0.689720561801547,0.0635164971919318,0.824561403508772,0.0350877192982456
"Int-UMAP","Int-Euclidean",20,0.523809523809524,0.0811287477954145,0.686604345709766,0.0627916526276284,0.851851851851852,0.0240740740740741
"Int-UMAP","Int-Euclidean",21,0.465432098765432,0.106172839506173,0.685975565242166,0.0639741938434116,0.865961199294533,0.0282186948853616
"Int-UMAP","Int-Euclidean",22,0.418518518518519,0.0888888888888888,0.685500327600208,0.0632518866911138,0.885521885521885,0.0336700336700337
"Int-UMAP","Int-Euclidean",23,0.391975308641975,0.0432098765432098,0.685496675253791,0.0635680843884992,0.916264090177134,0.0434782608695652
"Int-UMAP","Int-Euclidean",24,0.388888888888889,0.0123456790123456,0.685583176237481,0.0642830928050041,0.949074074074074,0.0493827160493827
"Int-UMAP","Int-Euclidean",25,0.0370370370370371,0,0.687161430913786,0.0621823328208492,0.961481481481481,0.0488888888888889
"C-PCA","Hausdorff",1,0.954814814814815,0.0192592592592593,0.956552706552707,0.0185185185185185,0.592592592592593,0
"C-PCA","Hausdorff",2,0.967297084318361,0.0086682427107958,0.956384015594542,0.0121832358674464,0.796296296296296,0.0185185185185185
"C-PCA","Hausdorff",3,0.967452300785634,0.0145903479236812,0.955133442265795,0.014297385620915,0.765432098765432,0
"C-PCA","Hausdorff",4,0.971996386630533,0.00451671183378499,0.954439538876625,0.0114054451802796,0.722222222222222,0.0555555555555556
"C-PCA","Hausdorff",5,0.981481481481481,0.000389863547758273,0.952742297303484,0.0110561736025271,0.822222222222222,0.0814814814814815
"C-PCA","Hausdorff",6,0.984303350970018,-0.00105820105820098,0.95017013479911,0.00966278410330236,0.839506172839506,0.0679012345679013
"C-PCA","Hausdorff",7,0.986441798941799,0.000661375661375585,0.946904852194955,0.007888353167079,0.867724867724868,0.037037037037037
"C-PCA","Hausdorff",8,0.991698595146871,0.00191570881226055,0.943993256389263,0.0089239861841082,0.944444444444444,0.0416666666666667
"C-PCA","Hausdorff",9,0.988445710667933,0.00158277936055717,0.942824920452439,0.00829138658145737,0.930041152263374,0.0329218106995885
"C-PCA","Hausdorff",10,0.985346215780998,0.000322061191626477,0.941143609885771,0.00824414657061136,0.925925925925926,0.0296296296296296
"C-PCA","Hausdorff",11,0.982323232323232,0.00437710437710437,0.939476955878274,0.00844137941875747,0.919191919191919,0.0336700336700337
"C-PCA","Hausdorff",12,0.980936819172113,0.00326797385620914,0.937515684315447,0.00874017374716047,0.929012345679012,0.0432098765432098
"C-PCA","Hausdorff",13,0.973341473341473,-0.00366300366300365,0.934956711987128,0.00772464548742537,0.928774928774929,0.0484330484330484
"C-PCA","Hausdorff",14,0.965574548907882,-0.00617283950617276,0.932732674695372,0.00713716393865968,0.936507936507937,0.037037037037037
"C-PCA","Hausdorff",15,0.947250280583614,-0.00561167227833892,0.93033425973055,0.00766926007520825,0.923456790123457,0.0395061728395062
"C-PCA","Hausdorff",16,0.94006734006734,-0.00269360269360264,0.928875304488432,0.00760253573703545,0.918981481481482,0.0347222222222222
"C-PCA","Hausdorff",17,0.941975308641975,0.00411522633744854,0.927868378097138,0.00776541821299076,0.93681917211329,0.0305010893246187
"C-PCA","Hausdorff",18,0.931584362139918,0.0174897119341564,0.926413233146047,0.00751945312448811,0.944444444444444,0.0205761316872428
"C-PCA","Hausdorff",19,0.919312169312169,0.0105820105820106,0.925686753815651,0.00763896210242743,0.949317738791423,0.0292397660818713
"C-PCA","Hausdorff",20,0.91005291005291,0.00705467372134039,0.92503719631382,0.00768217551397067,0.961111111111111,0.0333333333333333
"C-PCA","Hausdorff",21,0.871604938271605,0,0.924592012829125,0.00749773754038134,0.961199294532628,0.0317460317460317
"C-PCA","Hausdorff",22,0.809259259259259,0.0185185185185185,0.924127310696813,0.00756737765755741,0.956228956228956,0.0286195286195286
"C-PCA","Hausdorff",23,0.780864197530864,-0.0308641975308641,0.924183925862408,0.00769429602263788,0.969404186795491,0.037037037037037
"C-PCA","Hausdorff",24,0.660493827160494,-0.0617283950617283,0.924408332053256,0.00701356284583278,0.969135802469136,0.0308641975308642
"C-PCA","Hausdorff",25,0.555555555555556,0,0.924534600200467,0.00705280212421538,0.982222222222222,0.0222222222222222
"V-PCA","Hausdorff",1,0.954814814814815,0.0192592592592593,0.956552706552707,0.0185185185185185,0.592592592592593,0
"V-PCA","Hausdorff",2,0.966115051221434,0.0110323089046493,0.955653021442495,0.01364522417154,0.796296296296296,0.0185185185185185
"V-PCA","Hausdorff",3,0.968013468013468,0.0134680134680134,0.955337690631808,0.0144335511982571,0.765432098765432,0.0123456790123457
"V-PCA","Hausdorff",4,0.972448057813911,0.0045167118337851,0.95453151827324,0.0117120431689968,0.731481481481482,0.0555555555555556
"V-PCA","Hausdorff",5,0.981481481481481,0.000389863547758273,0.952965480932106,0.0113423064597354,0.822222222222222,0.0814814814814815
"V-PCA","Hausdorff",6,0.984656084656085,-0.00035273368606703,0.950491864066658,0.0101535575622737,0.839506172839506,0.0679012345679012
"V-PCA","Hausdorff",7,0.988921957671958,-0.000992063492063489,0.947712197001162,0.00791092571524881,0.888888888888889,0.0476190476190476
"V-PCA","Hausdorff",8,0.992177522349936,0.00223499361430401,0.944934515372674,0.00910005957149607,0.949074074074074,0.0416666666666667
"V-PCA","Hausdorff",9,0.988129154795822,0.00158277936055706,0.943614633485753,0.00873318408261228,0.930041152263374,0.0411522633744856
"V-PCA","Hausdorff",10,0.984702093397746,0.000966183574879209,0.942132177484265,0.00838161221605049,0.918518518518519,0.0333333333333333
"V-PCA","Hausdorff",11,0.982659932659933,0.00370370370370376,0.940241610414868,0.00857764644882567,0.919191919191919,0.037037037037037
"V-PCA","Hausdorff",12,0.980573710965868,0.00254175744371821,0.938202671141429,0.00882664196777366,0.929012345679012,0.0432098765432099
"V-PCA","Hausdorff",13,0.971916971916972,0,0.935574236021133,0.00821762069424981,0.925925925925926,0.0427350427350427
"V-PCA","Hausdorff",14,0.964150047483381,-0.00332383665716995,0.933287254277724,0.00775602804879105,0.936507936507937,0.0396825396825397
"V-PCA","Hausdorff",15,0.950617283950617,-0.0101010101010102,0.931200331122111,0.00781782474192531,0.928395061728395,0.0469135802469136
"V-PCA","Hausdorff",16,0.93973063973064,-0.000673400673400604,0.929701466542791,0.00804248032847218,0.918981481481482,0.0393518518518519
"V-PCA","Hausdorff",17,0.937448559670782,0.0164609053497942,0.928570412580173,0.00851035751407538,0.932461873638344,0.0305010893246188
"V-PCA","Hausdorff",18,0.935185185185185,0.0185185185185185,0.927190504031034,0.00809904811127476,0.948559670781893,0.0329218106995885
"V-PCA","Hausdorff",19,0.923941798941799,0.00132275132275139,0.926532969112046,0.00788269171187733,0.949317738791423,0.0409356725146199
"V-PCA","Hausdorff",20,0.91358024691358,0.00705467372134039,0.92594648508017,0.00795200449192271,0.962962962962963,0.0425925925925926
"V-PCA","Hausdorff",21,0.871604938271605,0.00493827160493832,0.925331828165694,0.00787170244140942,0.961199294532628,0.0388007054673721
"V-PCA","Hausdorff",22,0.82037037037037,0.0185185185185185,0.924997791228106,0.00781115274005699,0.957912457912458,0.0353535353535354
"V-PCA","Hausdorff",23,0.787037037037037,-0.00617283950617276,0.925068164680202,0.00807832625121195,0.967793880837359,0.0434782608695652
"V-PCA","Hausdorff",24,0.685185185185185,-0.037037037037037,0.92519149365712,0.00743806071339072,0.970679012345679,0.0401234567901235
"V-PCA","Hausdorff",25,0.62962962962963,0,0.925350600611884,0.00742911268357511,0.985185185185185,0.034074074074074
"MR-PCA","Hausdorff",1,0.958518518518519,0.00888888888888895,0.96011396011396,0.00854700854700854,0.592592592592593,0
"MR-PCA","Hausdorff",2,0.96414499605989,0.00551615445232456,0.956384015594542,0.00633528265107212,0.740740740740741,0
"MR-PCA","Hausdorff",3,0.968574635241302,0.00897867564534238,0.955133442265795,0.00830610021786492,0.740740740740741,0.0123456790123457
"MR-PCA","Hausdorff",4,0.972448057813911,0.0045167118337851,0.953059847927398,0.00766494971792985,0.722222222222222,0.0555555555555556
"MR-PCA","Hausdorff",5,0.980116959064327,0,0.950836652474477,0.00660394634436662,0.814814814814815,0.0666666666666667
"MR-PCA","Hausdorff",6,0.983950617283951,-0.00105820105820098,0.948463333769576,0.00454783405313441,0.833333333333333,0.0493827160493827
"MR-PCA","Hausdorff",7,0.986772486772487,0.00132275132275128,0.945030578278587,0.00430232768116726,0.867724867724868,0.0158730158730159
"MR-PCA","Hausdorff",8,0.991858237547893,0.00415070242656457,0.942396857676946,0.00573559059415964,0.939814814814815,0.0138888888888889
"MR-PCA","Hausdorff",9,0.988603988603989,0.00126622348844574,0.940954964507333,0.00522809716855823,0.930041152263374,0.0246913580246914
"MR-PCA","Hausdorff",10,0.98341384863124,0.00096618357487932,0.939118598722612,0.0052203763904176,0.914814814814815,0.025925925925926
"MR-PCA","Hausdorff",11,0.98047138047138,0.00202020202020203,0.9367968097966,0.00506721125635724,0.922558922558923,0.0303030303030303
"MR-PCA","Hausdorff",12,0.975853304284677,-0.000363108206245522,0.934898820284535,0.00459866465873436,0.916666666666667,0.0246913580246914
"MR-PCA","Hausdorff",13,0.972120472120472,0.0028490028490028,0.932707761017305,0.00494896960764078,0.92022792022792,0.0199430199430199
"MR-PCA","Hausdorff",14,0.962250712250712,0.00617283950617287,0.930085075531744,0.00507485851094772,0.917989417989418,0.0132275132275133
"MR-PCA","Hausdorff",15,0.957912457912458,0.00448933782267114,0.928278489932257,0.00490781705753253,0.918518518518519,0.0148148148148148
"MR-PCA","Hausdorff",16,0.953872053872054,0.000673400673400604,0.926553919923292,0.00488847272867736,0.921296296296296,0.0231481481481481
"MR-PCA","Hausdorff",17,0.962551440329218,0.00740740740740742,0.925354886610552,0.00506637408666481,0.945533769063181,0.0130718954248366
"MR-PCA","Hausdorff",18,0.962962962962963,0.00823045267489719,0.924077324662001,0.00477501117022945,0.960905349794239,0.0123456790123457
"MR-PCA","Hausdorff",19,0.96031746031746,0,0.923550461953569,0.0047964081589018,0.968810916179337,0.01364522417154
"MR-PCA","Hausdorff",20,0.950617283950617,0,0.923303069126168,0.00495073100072539,0.972222222222222,0.0166666666666667
"MR-PCA","Hausdorff",21,0.928395061728395,0,0.923209337286183,0.00476716089739589,0.970017636684303,0.0141093474426808
"MR-PCA","Hausdorff",22,0.914814814814815,0,0.923175880656147,0.00448820937195439,0.976430976430976,0.0134680134680135
"MR-PCA","Hausdorff",23,0.851851851851852,-0.037037037037037,0.923458143000489,0.00431695957102954,0.974235104669887,0.0144927536231884
"MR-PCA","Hausdorff",24,0.783950617283951,-0.0123456790123456,0.923691396663552,0.00426433476839842,0.979938271604938,0.00771604938271603
"MR-PCA","Hausdorff",25,0.666666666666667,0,0.924233302829616,0.00416734583975362,0.986666666666667,0.00592592592592595
"SPCA","Hausdorff",1,0.954814814814815,0.0192592592592593,0.956552706552707,0.0185185185185185,0.592592592592593,0
"SPCA","Hausdorff",2,0.967297084318361,0.0086682427107958,0.956384015594542,0.0121832358674464,0.796296296296296,0.0185185185185185
"SPCA","Hausdorff",3,0.967452300785634,0.0145903479236812,0.955133442265795,0.014297385620915,0.765432098765432,0
"SPCA","Hausdorff",4,0.971996386630533,0.00451671183378499,0.954439538876625,0.0114054451802796,0.722222222222222,0.0555555555555556
"SPCA","Hausdorff",5,0.981481481481481,0.000389863547758273,0.952742297303484,0.0110561736025271,0.822222222222222,0.0814814814814815
"SPCA","Hausdorff",6,0.984303350970018,-0.00105820105820098,0.95017013479911,0.00966278410330236,0.839506172839506,0.0679012345679013
"SPCA","Hausdorff",7,0.986441798941799,0.000661375661375585,0.946904852194955,0.007888353167079,0.867724867724868,0.037037037037037
"SPCA","Hausdorff",8,0.991698595146871,0.00191570881226055,0.943993256389263,0.0089239861841082,0.944444444444444,0.0416666666666667
"SPCA","Hausdorff",9,0.988445710667933,0.00158277936055717,0.942824920452439,0.00829138658145737,0.930041152263374,0.0329218106995885
"SPCA","Hausdorff",10,0.985346215780998,0.000322061191626477,0.941143609885771,0.00824414657061136,0.925925925925926,0.0296296296296296
"SPCA","Hausdorff",11,0.982323232323232,0.00437710437710437,0.939476955878274,0.00844137941875747,0.919191919191919,0.0336700336700337
"SPCA","Hausdorff",12,0.980936819172113,0.00326797385620914,0.937515684315447,0.00874017374716047,0.929012345679012,0.0432098765432098
"SPCA","Hausdorff",13,0.973341473341473,-0.00366300366300365,0.934956711987128,0.00772464548742537,0.928774928774929,0.0484330484330484
"SPCA","Hausdorff",14,0.965574548907882,-0.00617283950617276,0.932732674695372,0.00713716393865968,0.936507936507937,0.037037037037037
"SPCA","Hausdorff",15,0.947250280583614,-0.00561167227833892,0.93033425973055,0.00766926007520825,0.923456790123457,0.0395061728395062
"SPCA","Hausdorff",16,0.94006734006734,-0.00269360269360264,0.928875304488432,0.00760253573703545,0.918981481481482,0.0347222222222222
"SPCA","Hausdorff",17,0.941975308641975,0.00411522633744854,0.927868378097138,0.00776541821299076,0.93681917211329,0.0305010893246187
"SPCA","Hausdorff",18,0.931584362139918,0.0174897119341564,0.926413233146047,0.00751945312448811,0.944444444444444,0.0205761316872428
"SPCA","Hausdorff",19,0.919312169312169,0.0105820105820106,0.925686753815651,0.00763896210242743,0.949317738791423,0.0292397660818713
"SPCA","Hausdorff",20,0.91005291005291,0.00705467372134039,0.92503719631382,0.00768217551397067,0.961111111111111,0.0333333333333333
"SPCA","Hausdorff",21,0.871604938271605,0,0.924592012829125,0.00749773754038134,0.961199294532628,0.0317460317460317
"SPCA","Hausdorff",22,0.809259259259259,0.0185185185185185,0.924127310696813,0.00756737765755741,0.956228956228956,0.0286195286195286
"SPCA","Hausdorff",23,0.780864197530864,-0.0308641975308641,0.924183925862408,0.00769429602263788,0.969404186795491,0.037037037037037
"SPCA","Hausdorff",24,0.660493827160494,-0.0617283950617283,0.924408332053256,0.00701356284583278,0.969135802469136,0.0308641975308642
"SPCA","Hausdorff",25,0.555555555555556,0,0.924534600200467,0.00705280212421538,0.982222222222222,0.0222222222222222
"IMDS","Hausdorff",1,0.594074074074074,-0.0237037037037038,0.60968660968661,-0.0227920227920228,0.111111111111111,0
"IMDS","Hausdorff",2,0.563041765169425,0.024428684003152,0.582602339181287,0.00828460038986356,0.222222222222222,0.037037037037037
"IMDS","Hausdorff",3,0.562570145903479,0.0510662177328844,0.576320806100218,0.0232843137254902,0.234567901234568,0.037037037037037
"IMDS","Hausdorff",4,0.562556458897922,0.0329719963866306,0.57149865096885,0.0176600441501104,0.222222222222222,0.0277777777777778
"IMDS","Hausdorff",5,0.577582846003899,0.0323586744639377,0.571189854873415,0.0188160966900151,0.244444444444444,0.0518518518518519
"IMDS","Hausdorff",6,0.6,0.0296296296296296,0.572579941543428,0.0189111372856956,0.290123456790123,0.0493827160493827
"IMDS","Hausdorff",7,0.605489417989418,0.0251322751322751,0.570328535914429,0.0176336746302617,0.317460317460317,0.0423280423280423
"IMDS","Hausdorff",8,0.609993614303959,0.0156449553001277,0.56676299348235,0.0149596351759413,0.37037037037037,0.0324074074074074
"IMDS","Hausdorff",9,0.605413105413105,0.0123456790123456,0.561819835939458,0.0142174757803729,0.390946502057613,0.037037037037037
"IMDS","Hausdorff",10,0.602254428341385,-0.0154589371980677,0.557229673808244,0.0100323850099876,0.414814814814815,0.037037037037037
"IMDS","Hausdorff",11,0.590572390572391,-0.0121212121212121,0.550675540597793,0.0103216722074807,0.447811447811448,0.037037037037037
"IMDS","Hausdorff",12,0.58042846768337,-0.0243282498184458,0.543757073079201,0.00923635686569141,0.496913580246914,0.0339506172839506
"IMDS","Hausdorff",13,0.55962555962556,-0.0350020350020349,0.537752881413103,0.00889748109183558,0.532763532763533,0.0313390313390313
"IMDS","Hausdorff",14,0.530151946818614,-0.0232668566001899,0.530346417601878,0.0102822590282119,0.574074074074074,0.0132275132275133
"IMDS","Hausdorff",15,0.504489337822671,-0.0314253647586981,0.525690145851192,0.00975248249993083,0.609876543209876,0.00987654320987658
"IMDS","Hausdorff",16,0.483838383838384,-0.0397306397306398,0.520461243213589,0.00836370233082745,0.652777777777778,0.00694444444444448
"IMDS","Hausdorff",17,0.468312757201646,-0.011522633744856,0.516505150759586,0.00930802522808549,0.701525054466231,-0.00871459694989107
"IMDS","Hausdorff",18,0.436213991769547,-0.0144032921810699,0.514628850995437,0.0084747038932575,0.732510288065844,-0.00823045267489708
"IMDS","Hausdorff",19,0.41468253968254,-0.0171957671957672,0.512824066731276,0.00954980605766265,0.766081871345029,-0.00779727095516569
"IMDS","Hausdorff",20,0.399470899470899,-0.0158730158730159,0.510921088573715,0.00815862038281173,0.807407407407407,-0.00740740740740742
"IMDS","Hausdorff",21,0.340740740740741,-0.0148148148148147,0.51019635439948,0.00828995335068655,0.835978835978836,-0.0105820105820106
"IMDS","Hausdorff",22,0.322222222222222,0.0148148148148148,0.508067411965047,0.00658535160913548,0.872053872053872,-0.0218855218855219
"IMDS","Hausdorff",23,0.262345679012346,0.0802469135802469,0.507783140767069,0.00703365866573857,0.903381642512077,-0.0257648953301127
"IMDS","Hausdorff",24,0.179012345679012,0.037037037037037,0.509234617742305,0.00818951584256811,0.929012345679012,-0.0154320987654321
"IMDS","Hausdorff",25,0.185185185185185,0,0.5100479834694,0.00964734961099772,0.967407407407407,-0.0103703703703704
"Int-UMAP","Hausdorff",1,0.980740740740741,-0.00296296296296295,0.981481481481482,-0.00284900284900285,0.62962962962963,0
"Int-UMAP","Hausdorff",2,0.992119779353822,0,0.980019493177388,-0.000974658869395711,0.925925925925926,0
"Int-UMAP","Hausdorff",3,0.86307519640853,-0.0101010101010101,0.917892156862745,-0.00680827886710239,0.666666666666667,-0.0246913580246914
"Int-UMAP","Hausdorff",4,0.794941282746161,-0.040650406504065,0.881530537159676,-0.0182732401275447,0.574074074074074,0
"Int-UMAP","Hausdorff",5,0.760038986354776,-0.0510721247563353,0.859772009339376,-0.0222725816050909,0.533333333333333,0.0148148148148148
"Int-UMAP","Hausdorff",6,0.723456790123457,-0.0345679012345679,0.839876979452951,-0.0194782532827291,0.512345679012346,-0.0185185185185185
"Int-UMAP","Hausdorff",7,0.699404761904762,-0.0145502645502645,0.825523231666576,-0.014569827425345,0.492063492063492,-0.0317460317460317
"Int-UMAP","Hausdorff",8,0.683269476372925,0.0153256704980842,0.814625535923373,-0.00819768346113325,0.486111111111111,-0.0509259259259259
"Int-UMAP","Hausdorff",9,0.65954415954416,0.028173472617917,0.804241928311632,-0.00556136615312508,0.469135802469136,-0.0452674897119342
"Int-UMAP","Hausdorff",10,0.642512077294686,0.0186795491143318,0.795747855772941,-0.00734113948591641,0.481481481481481,-0.0296296296296296
"Int-UMAP","Hausdorff",11,0.628619528619529,0.0289562289562291,0.788378840113836,-0.00598536910723055,0.498316498316498,-0.0303030303030303
"Int-UMAP","Hausdorff",12,0.598039215686274,0.0406681190994915,0.779930560282627,-0.00516842012320723,0.515432098765432,-0.0339506172839506
"Int-UMAP","Hausdorff",13,0.579161579161579,0.0227920227920229,0.773960109565928,-0.00506542580964578,0.54985754985755,-0.00569800569800569
"Int-UMAP","Hausdorff",14,0.555080721747388,-0.00854700854700863,0.76835805336877,-0.00443598129311112,0.587301587301587,0.0291005291005291
"Int-UMAP","Hausdorff",15,0.530583613916947,-0.00280583613916952,0.762574140718477,-0.00493469541568828,0.627160493827161,0.0246913580246914
"Int-UMAP","Hausdorff",16,0.511447811447811,0.0141414141414142,0.757834883510028,-0.00210507723203626,0.671296296296296,0.0300925925925926
"Int-UMAP","Hausdorff",17,0.496707818930041,0.0337448559670781,0.753077612354846,-0.00397216257119137,0.725490196078431,0.0261437908496732
"Int-UMAP","Hausdorff",18,0.46141975308642,0.0504115226337448,0.748458884560207,-0.00621936122701849,0.759259259259259,0.0144032921810699
"Int-UMAP","Hausdorff",19,0.414021164021164,0.0502645502645503,0.744467455479058,-0.00788478924633051,0.781676413255361,0.0116959064327485
"Int-UMAP","Hausdorff",20,0.343915343915344,0.0670194003527337,0.741387000995367,-0.00840747643384238,0.803703703703704,0.00740740740740736
"Int-UMAP","Hausdorff",21,0.277777777777778,0.0567901234567901,0.7388558896671,-0.00663951809112412,0.825396825396825,0.0158730158730159
"Int-UMAP","Hausdorff",22,0.240740740740741,0.0370370370370371,0.736089286747286,-0.00442321715945238,0.856902356902357,0.0235690235690236
"Int-UMAP","Hausdorff",23,0.212962962962963,-0.0308641975308642,0.73411622277319,-0.00370424579639267,0.895330112721417,0.0338164251207729
"Int-UMAP","Hausdorff",24,0.179012345679012,0.0123456790123457,0.73242487658881,-0.00341077028351144,0.930555555555556,0.0262345679012346
"Int-UMAP","Hausdorff",25,0.148148148148148,0,0.731546343851785,-0.00473677346181361,0.965925925925926,0.0266666666666667
"C-PCA","Ichino-Yaguchi",1,0.96,0.0148148148148148,0.961538461538462,0.0142450142450142,0.666666666666667,0
"C-PCA","Ichino-Yaguchi",2,0.970055161544523,0.00945626477541373,0.961500974658869,0.0116959064327485,0.833333333333333,0.037037037037037
"C-PCA","Ichino-Yaguchi",3,0.965488215488216,0.00617283950617287,0.95874183006536,0.00980392156862745,0.728395061728395,0.037037037037037
"C-PCA","Ichino-Yaguchi",4,0.971093044263776,0.00451671183378499,0.956769683590876,0.00919793966151582,0.768518518518518,0.0462962962962963
"C-PCA","Ichino-Yaguchi",5,0.979337231968811,-0.000779727095516547,0.956221672847136,0.00830929817332783,0.814814814814815,0.0740740740740741
"C-PCA","Ichino-Yaguchi",6,0.985890652557319,0,0.954794311390307,0.00660908258081403,0.839506172839506,0.0493827160493827
"C-PCA","Ichino-Yaguchi",7,0.989583333333333,0.00165343915343918,0.951100336481451,0.00602235585170739,0.894179894179894,0.0211640211640212
"C-PCA","Ichino-Yaguchi",8,0.988984674329502,0.00287356321839083,0.947544803340699,0.00756675382299343,0.925925925925926,0.0277777777777778
"C-PCA","Ichino-Yaguchi",9,0.986862931307376,0.00411522633744854,0.946076694125342,0.00756386134857727,0.91358024691358,0.0288065843621399
"C-PCA","Ichino-Yaguchi",10,0.987600644122383,0.00611916264090184,0.944741654650273,0.00782463934228851,0.922222222222222,0.0333333333333334
"C-PCA","Ichino-Yaguchi",11,0.986195286195286,0.00538720538720538,0.942586129519975,0.00721817991844312,0.932659932659933,0.0336700336700337
"C-PCA","Ichino-Yaguchi",12,0.98602033405955,-0.000363108206245522,0.941025529242872,0.00708176851348339,0.944444444444444,0.0493827160493827
"C-PCA","Ichino-Yaguchi",13,0.97964997964998,-0.000814000814000848,0.939316618690963,0.00679334148712598,0.94017094017094,0.0427350427350427
"C-PCA","Ichino-Yaguchi",14,0.976495726495726,0.00332383665716995,0.937638099980204,0.00696119335820189,0.947089947089947,0.037037037037037
"C-PCA","Ichino-Yaguchi",15,0.962682379349046,-0.00168350168350173,0.935600618663604,0.00636026028141775,0.94320987654321,0.0345679012345679
"C-PCA","Ichino-Yaguchi",16,0.954545454545455,-0.000673400673400715,0.934412871384998,0.00673664365687521,0.939814814814815,0.037037037037037
"C-PCA","Ichino-Yaguchi",17,0.957201646090535,0,0.933733969063497,0.00632361806213544,0.954248366013072,0.0326797385620915
"C-PCA","Ichino-Yaguchi",18,0.958333333333333,0.00102880658436211,0.933199368434164,0.00602355479906339,0.960905349794239,0.0288065843621399
"C-PCA","Ichino-Yaguchi",19,0.958333333333333,-0.00661375661375663,0.93271877845466,0.00639606237944298,0.964912280701754,0.0311890838206628
"C-PCA","Ichino-Yaguchi",20,0.955026455026455,-0.0158730158730159,0.93228802941632,0.00599729346352855,0.975925925925926,0.0277777777777778
"C-PCA","Ichino-Yaguchi",21,0.944444444444444,-0.00740740740740742,0.932250497914786,0.00593673075092691,0.977072310405644,0.0194003527336861
"C-PCA","Ichino-Yaguchi",22,0.901851851851852,0.0185185185185185,0.932156360274081,0.00607382610771647,0.974747474747475,0.0151515151515151
"C-PCA","Ichino-Yaguchi",23,0.882716049382716,0.0246913580246914,0.932286849793058,0.00588419978453678,0.979066022544283,0.0144927536231884
"C-PCA","Ichino-Yaguchi",24,0.851851851851852,0,0.932559213793644,0.00597049165477732,0.987654320987654,0.0154320987654321
"C-PCA","Ichino-Yaguchi",25,0.62962962962963,0,0.933106094913256,0.00595879927350254,0.985185185185185,0.0148148148148148
"V-PCA","Ichino-Yaguchi",1,0.956296296296296,0.0192592592592593,0.957977207977208,0.0185185185185185,0.666666666666667,0
"V-PCA","Ichino-Yaguchi",2,0.968479117415288,0.0141843971631205,0.959551656920078,0.0155945419103314,0.833333333333333,0.0185185185185185
"V-PCA","Ichino-Yaguchi",3,0.965207631874299,0.00785634118967449,0.957244008714597,0.0127995642701525,0.728395061728395,0.037037037037037
"V-PCA","Ichino-Yaguchi",4,0.971318879855465,0.00496838301716351,0.955788570026981,0.0115280843757665,0.768518518518518,0.0462962962962963
"V-PCA","Ichino-Yaguchi",5,0.97953216374269,-0.000389863547758273,0.95516870393261,0.0107585954310305,0.814814814814815,0.0814814814814815
"V-PCA","Ichino-Yaguchi",6,0.98641975308642,-0.00035273368606703,0.954009073855953,0.0087248614928238,0.845679012345679,0.0617283950617284
"V-PCA","Ichino-Yaguchi",7,0.990079365079365,0.00264550264550267,0.950567624344644,0.00833679445738604,0.894179894179894,0.0264550264550265
"V-PCA","Ichino-Yaguchi",8,0.991538952745849,0.000319284802043351,0.947449063436307,0.00913013877517483,0.939814814814815,0.0416666666666667
"V-PCA","Ichino-Yaguchi",9,0.986862931307376,0.00411522633744854,0.945781001939107,0.00923332766680016,0.91358024691358,0.0288065843621399
"V-PCA","Ichino-Yaguchi",10,0.987600644122383,0.00611916264090184,0.944509503616294,0.00959202092511535,0.922222222222222,0.0333333333333334
"V-PCA","Ichino-Yaguchi",11,0.985858585858586,0.00471380471380467,0.942194532676279,0.00886250434538045,0.932659932659933,0.0336700336700337
"V-PCA","Ichino-Yaguchi",12,0.984204793028322,0.00108932461873645,0.940562393131016,0.00886460725284387,0.938271604938272,0.0432098765432099
"V-PCA","Ichino-Yaguchi",13,0.981277981277981,-0.00569800569800571,0.939080567215685,0.00802953889049926,0.943019943019943,0.0427350427350427
"V-PCA","Ichino-Yaguchi",14,0.974596391263058,0.00237416904083576,0.937108307730543,0.008533094503727,0.944444444444444,0.0343915343915344
"V-PCA","Ichino-Yaguchi",15,0.95959595959596,0.00112233445566778,0.935032861745528,0.00816334065123558,0.940740740740741,0.0320987654320988
"V-PCA","Ichino-Yaguchi",16,0.952861952861953,0.00269360269360264,0.933956839361779,0.0085326171237223,0.9375,0.0347222222222222
"V-PCA","Ichino-Yaguchi",17,0.957201646090535,0,0.933160904780129,0.0080754942985168,0.954248366013072,0.0348583877995642
"V-PCA","Ichino-Yaguchi",18,0.957304526748971,0.00102880658436211,0.932614250934655,0.00773126990667282,0.958847736625514,0.0308641975308642
"V-PCA","Ichino-Yaguchi",19,0.959656084656085,-0.00661375661375663,0.932153469449355,0.00799958182094374,0.966861598440546,0.0331384015594542
"V-PCA","Ichino-Yaguchi",20,0.954144620811287,-0.0141093474426808,0.931727910638335,0.0076994390538466,0.975925925925926,0.0296296296296296
"V-PCA","Ichino-Yaguchi",21,0.939506172839506,-0.00740740740740742,0.931669320220042,0.00762168749517304,0.975308641975309,0.0229276895943563
"V-PCA","Ichino-Yaguchi",22,0.896296296296296,0.0222222222222223,0.931531069296494,0.00768997701229213,0.973063973063973,0.0185185185185185
"V-PCA","Ichino-Yaguchi",23,0.882716049382716,0.0246913580246914,0.931656882266996,0.00750546702078253,0.979066022544283,0.0193236714975845
"V-PCA","Ichino-Yaguchi",24,0.845679012345679,0.0123456790123457,0.931914351196079,0.00757199524327147,0.987654320987654,0.0200617283950617
"V-PCA","Ichino-Yaguchi",25,0.62962962962963,0,0.932490824184523,0.0075399488802293,0.985185185185185,0.0207407407407407
"MR-PCA","Ichino-Yaguchi",1,0.955555555555555,0.0266666666666667,0.957264957264957,0.0256410256410256,0.62962962962963,0
"MR-PCA","Ichino-Yaguchi",2,0.963356973995272,0.0197005516154451,0.955896686159844,0.0219298245614035,0.740740740740741,0.037037037037037
"MR-PCA","Ichino-Yaguchi",3,0.965768799102132,0.0134680134680134,0.954044117647059,0.0189270152505447,0.716049382716049,0.0617283950617284
"MR-PCA","Ichino-Yaguchi",4,0.975158084914183,0.00722673893405601,0.952906548933039,0.0163110129997547,0.796296296296296,0.0740740740740741
"MR-PCA","Ichino-Yaguchi",5,0.98187134502924,0.00194931773879148,0.952547726960582,0.0159089868607792,0.837037037037037,0.0962962962962963
"MR-PCA","Ichino-Yaguchi",6,0.986596119929453,0,0.951729703790952,0.0140688391571784,0.845679012345679,0.0925925925925926
"MR-PCA","Ichino-Yaguchi",7,0.989914021164021,0.00165343915343907,0.948275758287135,0.0127760622641169,0.899470899470899,0.0582010582010582
"MR-PCA","Ichino-Yaguchi",8,0.988984674329502,0.00287356321839083,0.945137366587727,0.0133045453344954,0.925925925925926,0.0601851851851852
"MR-PCA","Ichino-Yaguchi",9,0.986862931307376,0.00411522633744854,0.943645727385971,0.0130630397012681,0.91358024691358,0.0576131687242798
"MR-PCA","Ichino-Yaguchi",10,0.987600644122383,0.00611916264090184,0.942342049603293,0.0132528732689994,0.922222222222222,0.0592592592592592
"MR-PCA","Ichino-Yaguchi",11,0.986195286195286,0.00538720538720538,0.940207447544242,0.0125990830040498,0.932659932659933,0.0572390572390573
"MR-PCA","Ichino-Yaguchi",12,0.98602033405955,-0.000363108206245522,0.938659454919634,0.0124341513694399,0.944444444444444,0.0709876543209877
"MR-PCA","Ichino-Yaguchi",13,0.97985347985348,-0.000407000407000369,0.936978913761941,0.0121778537688976,0.94017094017094,0.0626780626780627
"MR-PCA","Ichino-Yaguchi",14,0.97673314339981,0.00379867046533711,0.935300395051182,0.0123457056399735,0.947089947089947,0.0555555555555556
"MR-PCA","Ichino-Yaguchi",15,0.962962962962963,-0.00112233445566778,0.933267847390871,0.0117334087111688,0.94320987654321,0.0518518518518519
"MR-PCA","Ichino-Yaguchi",16,0.956565656565657,-0.00336700336700335,0.932125790497232,0.0120156222638869,0.94212962962963,0.0555555555555555
"MR-PCA","Ichino-Yaguchi",17,0.957201646090535,0,0.931459544255544,0.0115733842460365,0.954248366013072,0.0479302832244008
"MR-PCA","Ichino-Yaguchi",18,0.958333333333333,0.00102880658436211,0.930940683040847,0.0112369916893247,0.960905349794239,0.0432098765432098
"MR-PCA","Ichino-Yaguchi",19,0.958333333333333,-0.00661375661375663,0.930478452404474,0.0115671227275602,0.964912280701754,0.0448343079922027
"MR-PCA","Ichino-Yaguchi",20,0.955026455026455,-0.0158730158730159,0.930068272296335,0.0111208771600402,0.975925925925926,0.0407407407407407
"MR-PCA","Ichino-Yaguchi",21,0.944444444444444,-0.00740740740740742,0.930066514251947,0.0110352899407325,0.977072310405644,0.0317460317460317
"MR-PCA","Ichino-Yaguchi",22,0.901851851851852,0.0185185185185185,0.929996174025807,0.0111168296957149,0.974747474747475,0.0269360269360269
"MR-PCA","Ichino-Yaguchi",23,0.882716049382716,0.0246913580246914,0.9301516990466,0.0108687574280797,0.979066022544283,0.0257648953301127
"MR-PCA","Ichino-Yaguchi",24,0.851851851851852,0,0.930450091061756,0.0108942863104167,0.987654320987654,0.0262345679012346
"MR-PCA","Ichino-Yaguchi",25,0.62962962962963,0,0.931023777644646,0.0108200159696747,0.985185185185185,0.0251851851851852
"SPCA","Ichino-Yaguchi",1,0.96,0.0148148148148148,0.961538461538462,0.0142450142450142,0.666666666666667,0
"SPCA","Ichino-Yaguchi",2,0.970055161544523,0.00945626477541373,0.961500974658869,0.0116959064327485,0.833333333333333,0.037037037037037
"SPCA","Ichino-Yaguchi",3,0.965488215488216,0.00617283950617287,0.95874183006536,0.00980392156862745,0.728395061728395,0.037037037037037
"SPCA","Ichino-Yaguchi",4,0.971093044263776,0.00451671183378499,0.956769683590876,0.00919793966151582,0.768518518518518,0.0462962962962963
"SPCA","Ichino-Yaguchi",5,0.979337231968811,-0.000779727095516547,0.956221672847136,0.00830929817332783,0.814814814814815,0.0740740740740741
"SPCA","Ichino-Yaguchi",6,0.985890652557319,0,0.954794311390307,0.00660908258081403,0.839506172839506,0.0493827160493827
"SPCA","Ichino-Yaguchi",7,0.989583333333333,0.00165343915343918,0.951100336481451,0.00602235585170739,0.894179894179894,0.0211640211640212
"SPCA","Ichino-Yaguchi",8,0.988984674329502,0.00287356321839083,0.947544803340699,0.00756675382299343,0.925925925925926,0.0277777777777778
"SPCA","Ichino-Yaguchi",9,0.986862931307376,0.00411522633744854,0.946076694125342,0.00756386134857727,0.91358024691358,0.0288065843621399
"SPCA","Ichino-Yaguchi",10,0.987600644122383,0.00611916264090184,0.944741654650273,0.00782463934228851,0.922222222222222,0.0333333333333334
"SPCA","Ichino-Yaguchi",11,0.986195286195286,0.00538720538720538,0.942586129519975,0.00721817991844312,0.932659932659933,0.0336700336700337
"SPCA","Ichino-Yaguchi",12,0.98602033405955,-0.000363108206245522,0.941025529242872,0.00708176851348339,0.944444444444444,0.0493827160493827
"SPCA","Ichino-Yaguchi",13,0.97964997964998,-0.000814000814000848,0.939316618690963,0.00679334148712598,0.94017094017094,0.0427350427350427
"SPCA","Ichino-Yaguchi",14,0.976495726495726,0.00332383665716995,0.937638099980204,0.00696119335820189,0.947089947089947,0.037037037037037
"SPCA","Ichino-Yaguchi",15,0.962682379349046,-0.00168350168350173,0.935600618663604,0.00636026028141775,0.94320987654321,0.0345679012345679
"SPCA","Ichino-Yaguchi",16,0.954545454545455,-0.000673400673400715,0.934412871384998,0.00673664365687521,0.939814814814815,0.037037037037037
"SPCA","Ichino-Yaguchi",17,0.957201646090535,0,0.933733969063497,0.00632361806213544,0.954248366013072,0.0326797385620915
"SPCA","Ichino-Yaguchi",18,0.958333333333333,0.00102880658436211,0.933199368434164,0.00602355479906339,0.960905349794239,0.0288065843621399
"SPCA","Ichino-Yaguchi",19,0.958333333333333,-0.00661375661375663,0.93271877845466,0.00639606237944298,0.964912280701754,0.0311890838206628
"SPCA","Ichino-Yaguchi",20,0.955026455026455,-0.0158730158730159,0.93228802941632,0.00599729346352855,0.975925925925926,0.0277777777777778
"SPCA","Ichino-Yaguchi",21,0.944444444444444,-0.00740740740740742,0.932250497914786,0.00593673075092691,0.977072310405644,0.0194003527336861
"SPCA","Ichino-Yaguchi",22,0.901851851851852,0.0185185185185185,0.932156360274081,0.00607382610771647,0.974747474747475,0.0151515151515151
"SPCA","Ichino-Yaguchi",23,0.882716049382716,0.0246913580246914,0.932286849793058,0.00588419978453678,0.979066022544283,0.0144927536231884
"SPCA","Ichino-Yaguchi",24,0.851851851851852,0,0.932559213793644,0.00597049165477732,0.987654320987654,0.0154320987654321
"SPCA","Ichino-Yaguchi",25,0.62962962962963,0,0.933106094913256,0.00595879927350254,0.985185185185185,0.0148148148148148
"IMDS","Ichino-Yaguchi",1,0.574074074074074,0.04,0.59045584045584,0.0384615384615385,0.0740740740740741,0
"IMDS","Ichino-Yaguchi",2,0.554373522458629,0.0464933018124508,0.570906432748538,0.0414230019493178,0.148148148148148,-0.0185185185185185
"IMDS","Ichino-Yaguchi",3,0.558080808080808,0.0881032547699214,0.566244553376906,0.0625,0.185185185185185,0
"IMDS","Ichino-Yaguchi",4,0.550361336946703,0.0546522131887985,0.557364483688987,0.0498528329654157,0.203703703703704,0.00925925925925926
"IMDS","Ichino-Yaguchi",5,0.562573099415205,0.0428849902534113,0.556557020555784,0.0451517648674633,0.22962962962963,0.0148148148148148
"IMDS","Ichino-Yaguchi",6,0.578130511463845,0.0366843033509701,0.556400776512673,0.0454238101470139,0.265432098765432,0.0555555555555556
"IMDS","Ichino-Yaguchi",7,0.583829365079365,0.0234788359788359,0.55271517657752,0.040352191944911,0.306878306878307,0.0476190476190476
"IMDS","Ichino-Yaguchi",8,0.587324393358876,0.014367816091954,0.549319623085569,0.0388828730481531,0.328703703703704,0.0555555555555556
"IMDS","Ichino-Yaguchi",9,0.58531180753403,-0.00063311174422287,0.543987184030749,0.0349500240587552,0.366255144032922,0.0617283950617284
"IMDS","Ichino-Yaguchi",10,0.581159420289855,0.0112721417069244,0.538223507763017,0.0365298362073134,0.403703703703704,0.0555555555555556
"IMDS","Ichino-Yaguchi",11,0.579292929292929,0.00505050505050497,0.534041853542588,0.0352963218410249,0.441077441077441,0.0606060606060606
"IMDS","Ichino-Yaguchi",12,0.577523602033406,-0.004720406681191,0.52922368789043,0.0341767872726257,0.490740740740741,0.0617283950617284
"IMDS","Ichino-Yaguchi",13,0.555962555962556,-0.0170940170940171,0.52232854894855,0.0337318582792612,0.535612535612536,0.0683760683760684
"IMDS","Ichino-Yaguchi",14,0.512345679012346,-0.0284900284900285,0.514628344362942,0.03419345092472,0.563492063492063,0.0634920634920635
"IMDS","Ichino-Yaguchi",15,0.47979797979798,-0.0168350168350169,0.508637347866817,0.0339258727743875,0.604938271604938,0.0444444444444445
"IMDS","Ichino-Yaguchi",16,0.453198653198653,-0.00808080808080802,0.503074206856962,0.0344125794681132,0.648148148148148,0.037037037037037
"IMDS","Ichino-Yaguchi",17,0.414814814814815,-0.0279835390946502,0.500358649463189,0.033812244012895,0.679738562091503,0.0413943355119826
"IMDS","Ichino-Yaguchi",18,0.376543209876543,-0.0164609053497942,0.497584894300604,0.0326491600238288,0.713991769547325,0.0329218106995885
"IMDS","Ichino-Yaguchi",19,0.359126984126984,0.0171957671957671,0.495120868300226,0.0321128324592331,0.760233918128655,0.0233918128654971
"IMDS","Ichino-Yaguchi",20,0.319223985890653,0.0564373897707231,0.493635461069474,0.0298910743463002,0.794444444444444,0.0111111111111111
"IMDS","Ichino-Yaguchi",21,0.275308641975309,0.0567901234567901,0.493178786205306,0.0296693696550331,0.821869488536155,0.0105820105820106
"IMDS","Ichino-Yaguchi",22,0.268518518518519,0.062962962962963,0.492029797195903,0.0295730892555776,0.867003367003367,0.0117845117845118
"IMDS","Ichino-Yaguchi",23,0.203703703703704,0.0864197530864197,0.491871777282196,0.030064987168926,0.898550724637681,0.00966183574879226
"IMDS","Ichino-Yaguchi",24,0.148148148148148,0.0987654320987654,0.493065727082846,0.0311658320782447,0.929012345679012,0.0169753086419753
"IMDS","Ichino-Yaguchi",25,0,0,0.493827834576262,0.0325456142600732,0.96,0.0281481481481481
"Int-UMAP","Ichino-Yaguchi",1,0.981481481481481,0.00148148148148153,0.982193732193732,0.00142450142450142,0.703703703703704,0
"Int-UMAP","Ichino-Yaguchi",2,0.990543735224586,-0.00157604412923562,0.981237816764133,-0.000487329434697856,0.907407407407407,0
"Int-UMAP","Ichino-Yaguchi",3,0.883557800224467,0.00841750841750832,0.92953431372549,0.00394880174291939,0.654320987654321,-0.0123456790123457
"Int-UMAP","Ichino-Yaguchi",4,0.823170731707317,-0.00406504065040647,0.895971302428256,-0.000306597988717211,0.601851851851852,0.00925925925925926
"Int-UMAP","Ichino-Yaguchi",5,0.793567251461988,0.00584795321637432,0.876751133086115,0.00287277388637092,0.555555555555556,0
"Int-UMAP","Ichino-Yaguchi",6,0.758024691358025,0.0232804232804232,0.857692056013611,0.00775422065174713,0.518518518518518,-0.0185185185185185
"Int-UMAP","Ichino-Yaguchi",7,0.735449735449735,0.0496031746031746,0.844174928219297,0.014983657475125,0.507936507936508,-0.0105820105820106
"Int-UMAP","Ichino-Yaguchi",8,0.720785440613027,0.0648148148148148,0.834005713581421,0.0176139414908134,0.509259259259259,-0.0185185185185185
"Int-UMAP","Ichino-Yaguchi",9,0.710509654954099,0.0553972776194999,0.82589228688793,0.0152100795139459,0.51440329218107,-0.0123456790123457
"Int-UMAP","Ichino-Yaguchi",10,0.690821256038647,0.0618357487922706,0.81723835784488,0.0145957704190996,0.518518518518518,-0.0259259259259259
"Int-UMAP","Ichino-Yaguchi",11,0.667003367003367,0.0579124579124579,0.808578579813906,0.0131229208064718,0.528619528619529,-0.0168350168350168
"Int-UMAP","Ichino-Yaguchi",12,0.651960784313725,0.0599128540305011,0.801765453740607,0.0155562702462046,0.549382716049383,-0.00308641975308641
"Int-UMAP","Ichino-Yaguchi",13,0.640822140822141,0.0468050468050469,0.79533500116404,0.015879835262844,0.581196581196581,0.0142450142450142
"Int-UMAP","Ichino-Yaguchi",14,0.624406457739791,0.0313390313390313,0.788641907804888,0.0158378722950751,0.626984126984127,0.0264550264550265
"Int-UMAP","Ichino-Yaguchi",15,0.609147025813693,0.0252525252525253,0.782658855570462,0.0172505097663967,0.666666666666667,0.037037037037037
"Int-UMAP","Ichino-Yaguchi",16,0.602356902356902,0.0208754208754208,0.778168894955834,0.0186788394662827,0.712962962962963,0.0439814814814815
"Int-UMAP","Ichino-Yaguchi",17,0.598765432098765,-0.00411522633744843,0.774375103294577,0.0173457589092806,0.753812636165577,0.0588235294117647
"Int-UMAP","Ichino-Yaguchi",18,0.57201646090535,0.0617283950617283,0.770762355440023,0.0152714149447936,0.788065843621399,0.0411522633744856
"Int-UMAP","Ichino-Yaguchi",19,0.544312169312169,0.093915343915344,0.767507836744077,0.0136420372919533,0.810916179337232,0.0350877192982456
"Int-UMAP","Ichino-Yaguchi",20,0.498236331569665,0.125220458553792,0.763549921465331,0.0145935966781195,0.840740740740741,0.037037037037037
"Int-UMAP","Ichino-Yaguchi",21,0.423456790123457,0.0962962962962963,0.760514491951953,0.0158354152912965,0.857142857142857,0.0458553791887125
"Int-UMAP","Ichino-Yaguchi",22,0.331481481481481,0.0925925925925926,0.758192910526299,0.0142251566403784,0.875420875420875,0.0505050505050505
"Int-UMAP","Ichino-Yaguchi",23,0.243827160493827,0.0432098765432098,0.756702924996212,0.0154910978343375,0.896940418679549,0.0611916264090177
"Int-UMAP","Ichino-Yaguchi",24,0.240740740740741,0.0123456790123456,0.755120008366295,0.0156860245575511,0.935185185185185,0.066358024691358
"Int-UMAP","Ichino-Yaguchi",25,0.111111111111111,0,0.754915861890446,0.0128335473920174,0.964444444444444,0.0651851851851852
"C-PCA","Wasserstein",1,0.965185185185185,0.0222222222222223,0.966524216524216,0.0213675213675214,0.703703703703704,0
"C-PCA","Wasserstein",2,0.975571315996848,0.0110323089046493,0.967592592592593,0.0151072124756335,0.851851851851852,0.037037037037037
"C-PCA","Wasserstein",3,0.971380471380471,0.0067340067340067,0.964528867102396,0.0134803921568627,0.790123456790123,0.0617283950617284
"C-PCA","Wasserstein",4,0.974254742547426,0.00632339656729897,0.962809663968604,0.0126931567328918,0.777777777777778,0.0555555555555556
"C-PCA","Wasserstein",5,0.979727095516569,-0.000779727095516547,0.961309115048299,0.0110218376596621,0.814814814814815,0.0814814814814815
"C-PCA","Wasserstein",6,0.98694885361552,-0.000705467372134061,0.959914714478908,0.00886664049208218,0.851851851851852,0.0555555555555556
"C-PCA","Wasserstein",7,0.989583333333333,0.00231481481481477,0.956136271978138,0.00856402477562887,0.894179894179894,0.0158730158730159
"C-PCA","Wasserstein",8,0.989942528735632,0.00159642401021709,0.952994274680353,0.00958279410858445,0.930555555555556,0.0277777777777778
"C-PCA","Wasserstein",9,0.987179487179487,0.00221589110477993,0.95146086106333,0.00934161607605064,0.91358024691358,0.0246913580246914
"C-PCA","Wasserstein",10,0.987600644122383,0.00418679549114331,0.950026497688207,0.00951973295639305,0.918518518518519,0.0259259259259259
"C-PCA","Wasserstein",11,0.986195286195286,0.00538720538720538,0.947717245314571,0.00900614004713729,0.932659932659933,0.0168350168350168
"C-PCA","Wasserstein",12,0.986201888162672,-0.0021786492374728,0.946227601862751,0.00905655820449992,0.941358024691358,0.0401234567901235
"C-PCA","Wasserstein",13,0.981074481074481,-0.00122100122100122,0.944393019430641,0.00853735764128395,0.937321937321937,0.0284900284900285
"C-PCA","Wasserstein",14,0.979107312440646,0.00189933523266861,0.942672537752113,0.0086212835768219,0.952380952380952,0.0238095238095238
"C-PCA","Wasserstein",15,0.966610549943883,0.00729517396184054,0.940722138353025,0.00860308861585475,0.94320987654321,0.0148148148148148
"C-PCA","Wasserstein",16,0.955218855218855,-0.00471380471380467,0.93931347814984,0.00842319649899892,0.9375,0.025462962962963
"C-PCA","Wasserstein",17,0.955144032921811,0.00411522633744854,0.938539139601994,0.00847906124864579,0.947712418300654,0.0196078431372549
"C-PCA","Wasserstein",18,0.959876543209877,0.00205761316872433,0.937843134994116,0.00822815762640888,0.960905349794239,0.022633744855967
"C-PCA","Wasserstein",19,0.958333333333333,0.00132275132275128,0.937339851406963,0.00843222081136248,0.964912280701754,0.0233918128654971
"C-PCA","Wasserstein",20,0.958553791887125,-0.0123456790123457,0.936895012377331,0.00812810588976773,0.977777777777778,0.0240740740740741
"C-PCA","Wasserstein",21,0.951851851851852,-0.0172839506172839,0.936851030772821,0.00801931032033761,0.980599647266314,0.0194003527336861
"C-PCA","Wasserstein",22,0.911111111111111,0.0148148148148148,0.93689593664968,0.0079571522342945,0.978114478114478,0.0117845117845118
"C-PCA","Wasserstein",23,0.891975308641975,0.0185185185185185,0.936983420162153,0.00772185235266173,0.980676328502415,0.0112721417069243
"C-PCA","Wasserstein",24,0.864197530864198,0.0246913580246914,0.937288829935292,0.00783089184680139,0.989197530864197,0.0108024691358025
"C-PCA","Wasserstein",25,0.62962962962963,0,0.937796997087237,0.00783834732993013,0.985185185185185,0.0133333333333334
"V-PCA","Wasserstein",1,0.963703703703704,0.0192592592592593,0.965099715099715,0.0185185185185185,0.703703703703704,0
"V-PCA","Wasserstein",2,0.972419227738377,0.0141843971631206,0.965399610136452,0.0155945419103314,0.833333333333333,0.0185185185185185
"V-PCA","Wasserstein",3,0.968855218855219,0.00953984287317622,0.962282135076253,0.014161220043573,0.765432098765432,0.0493827160493827
"V-PCA","Wasserstein",4,0.973125564588979,0.00587172538392056,0.96041819965661,0.0129384351238656,0.768518518518518,0.0648148148148148
"V-PCA","Wasserstein",5,0.980116959064327,-0.00155945419103309,0.959283294419265,0.0111134001739688,0.822222222222222,0.0962962962962963
"V-PCA","Wasserstein",6,0.98641975308642,-0.00035273368606703,0.95792980848929,0.00884482833835012,0.845679012345679,0.0555555555555556
"V-PCA","Wasserstein",7,0.989748677248677,0.00264550264550267,0.954264255316588,0.00881382764204153,0.894179894179894,0.0211640211640212
"V-PCA","Wasserstein",8,0.991219667943806,0.000319284802043462,0.951284528724906,0.00928713754559567,0.935185185185185,0.0324074074074074
"V-PCA","Wasserstein",9,0.987179487179487,0.00221589110477993,0.949580460449039,0.0091857864139585,0.91358024691358,0.0205761316872428
"V-PCA","Wasserstein",10,0.98743961352657,0.00386473429951684,0.948170355960179,0.00936591363934134,0.918518518518519,0.0222222222222222
"V-PCA","Wasserstein",11,0.985690235690236,0.00437710437710437,0.945769641311858,0.00885366193935408,0.932659932659933,0.0134680134680135
"V-PCA","Wasserstein",12,0.984567901234568,-0.00181554103122739,0.944290320683649,0.00880673515629588,0.935185185185185,0.0277777777777778
"V-PCA","Wasserstein",13,0.982498982498982,-0.00651200651200656,0.942618633923527,0.00797180801968983,0.94017094017094,0.0227920227920227
"V-PCA","Wasserstein",14,0.976970560303894,0.000474833808167152,0.940604411470616,0.00839143769737959,0.94973544973545,0.0158730158730159
"V-PCA","Wasserstein",15,0.964085297418631,0.00897867564534238,0.938638835400598,0.00849097615656997,0.94320987654321,0.00740740740740742
"V-PCA","Wasserstein",16,0.953198653198653,-0.00202020202020203,0.937329625825231,0.00834802162198796,0.9375,0.0185185185185185
"V-PCA","Wasserstein",17,0.957201646090535,0,0.936651662385145,0.00823350834514851,0.952069716775599,0.0152505446623094
"V-PCA","Wasserstein",18,0.957304526748971,0.00102880658436211,0.936048814049863,0.00788819046866195,0.95679012345679,0.0123456790123457
"V-PCA","Wasserstein",19,0.960978835978836,-0.00396825396825407,0.935514957901773,0.00812512194995907,0.966861598440546,0.01364522417154
"V-PCA","Wasserstein",20,0.95679012345679,-0.0123456790123457,0.935101042176078,0.00785216367518935,0.975925925925926,0.0111111111111111
"V-PCA","Wasserstein",21,0.954320987654321,-0.0123456790123456,0.935008388726331,0.00793316097329246,0.982363315696649,0.00705467372134039
"V-PCA","Wasserstein",22,0.903703703703704,0.0148148148148148,0.935010315159525,0.00779627261594659,0.976430976430976,0.00168350168350168
"V-PCA","Wasserstein",23,0.885802469135802,0.0185185185185185,0.935167345562597,0.00761053071039237,0.979066022544283,0.00161030595813205
"V-PCA","Wasserstein",24,0.864197530864198,0.0246913580246914,0.93543845740551,0.00769835271170041,0.989197530864197,0.00154320987654322
"V-PCA","Wasserstein",25,0.62962962962963,0,0.935970141488049,0.0077074926738142,0.985185185185185,0.00444444444444442
"MR-PCA","Wasserstein",1,0.964444444444444,0.0148148148148148,0.965811965811966,0.0142450142450142,0.666666666666667,0
"MR-PCA","Wasserstein",2,0.972419227738377,0.00472813238770686,0.964424951267057,0.0087719298245614,0.833333333333333,0.037037037037037
"MR-PCA","Wasserstein",3,0.966610549943883,0.00505050505050508,0.960511982570806,0.00816993464052287,0.716049382716049,0.037037037037037
"MR-PCA","Wasserstein",4,0.974254742547426,0.00542005420054203,0.95827201373559,0.00864606328182487,0.787037037037037,0.0462962962962963
"MR-PCA","Wasserstein",5,0.979142300194932,0.000389863547758273,0.957211692533077,0.00697019640159319,0.814814814814815,0.0592592592592593
"MR-PCA","Wasserstein",6,0.98694885361552,-0.000705467372134061,0.95639205165118,0.00576931466212974,0.851851851851852,0.0493827160493827
"MR-PCA","Wasserstein",7,0.989748677248677,0.00264550264550267,0.952824126743353,0.00557240972485568,0.894179894179894,0.0105820105820106
"MR-PCA","Wasserstein",8,0.990261813537676,0.00159642401021709,0.949533698979068,0.00666584499085885,0.935185185185185,0.0277777777777778
"MR-PCA","Wasserstein",9,0.987179487179487,0.00221589110477993,0.948163947210961,0.0064103856988228,0.91358024691358,0.0246913580246914
"MR-PCA","Wasserstein",10,0.987600644122383,0.00483091787439616,0.946772117037302,0.00674577103532487,0.918518518518519,0.025925925925926
"MR-PCA","Wasserstein",11,0.987037037037037,0.00437710437710437,0.94462579920186,0.00609489533453299,0.936026936026936,0.0235690235690236
"MR-PCA","Wasserstein",12,0.986201888162672,-0.0021786492374728,0.943103464685996,0.00616074386974308,0.941358024691358,0.0432098765432098
"MR-PCA","Wasserstein",13,0.98046398046398,0,0.941208719778194,0.00578418265043282,0.937321937321937,0.0313390313390314
"MR-PCA","Wasserstein",14,0.978869895536562,0.00142450142450146,0.939530201067435,0.00570025671489487,0.952380952380952,0.0264550264550265
"MR-PCA","Wasserstein",15,0.9668911335578,0.00785634118967449,0.93766459903408,0.00584455761010848,0.94320987654321,0.0172839506172839
"MR-PCA","Wasserstein",16,0.956228956228956,-0.00538720538720538,0.936304485913916,0.00560254696323685,0.939814814814815,0.0300925925925926
"MR-PCA","Wasserstein",17,0.952263374485597,0.00329218106995888,0.935461401293902,0.00557154400138176,0.943355119825708,0.0196078431372549
"MR-PCA","Wasserstein",18,0.955761316872428,0.00617283950617276,0.934658543805602,0.00553298794936685,0.95679012345679,0.0205761316872428
"MR-PCA","Wasserstein",19,0.958333333333333,0.00132275132275128,0.934120935769293,0.00575895836630749,0.964912280701754,0.0233918128654971
"MR-PCA","Wasserstein",20,0.958553791887125,-0.0123456790123457,0.933733987421929,0.0054227130517735,0.977777777777778,0.0240740740740741
"MR-PCA","Wasserstein",21,0.946913580246914,-0.00740740740740742,0.933668496550331,0.00544809820893973,0.980599647266314,0.0194003527336861
"MR-PCA","Wasserstein",22,0.911111111111111,0.0148148148148148,0.933823749365097,0.0053635109189316,0.978114478114478,0.0151515151515151
"MR-PCA","Wasserstein",23,0.87962962962963,0.0308641975308641,0.933887221200219,0.00518211680129077,0.979066022544283,0.0144927536231884
"MR-PCA","Wasserstein",24,0.864197530864198,0.0246913580246914,0.934219087137308,0.00525439270525085,0.989197530864197,0.0154320987654321
"MR-PCA","Wasserstein",25,0.62962962962963,0,0.934766268556464,0.005294593676387,0.985185185185185,0.0177777777777778
"SPCA","Wasserstein",1,0.965185185185185,0.0222222222222223,0.966524216524216,0.0213675213675214,0.703703703703704,0
"SPCA","Wasserstein",2,0.975571315996848,0.0110323089046493,0.967592592592593,0.0151072124756335,0.851851851851852,0.037037037037037
"SPCA","Wasserstein",3,0.971380471380471,0.0067340067340067,0.964528867102396,0.0134803921568627,0.790123456790123,0.0617283950617284
"SPCA","Wasserstein",4,0.974254742547426,0.00632339656729897,0.962809663968604,0.0126931567328918,0.777777777777778,0.0555555555555556
"SPCA","Wasserstein",5,0.979727095516569,-0.000779727095516547,0.961309115048299,0.0110218376596621,0.814814814814815,0.0814814814814815
"SPCA","Wasserstein",6,0.98694885361552,-0.000705467372134061,0.959914714478908,0.00886664049208218,0.851851851851852,0.0555555555555556
"SPCA","Wasserstein",7,0.989583333333333,0.00231481481481477,0.956136271978138,0.00856402477562887,0.894179894179894,0.0158730158730159
"SPCA","Wasserstein",8,0.989942528735632,0.00159642401021709,0.952994274680353,0.00958279410858445,0.930555555555556,0.0277777777777778
"SPCA","Wasserstein",9,0.987179487179487,0.00221589110477993,0.95146086106333,0.00934161607605064,0.91358024691358,0.0246913580246914
"SPCA","Wasserstein",10,0.987600644122383,0.00418679549114331,0.950026497688207,0.00951973295639305,0.918518518518519,0.0259259259259259
"SPCA","Wasserstein",11,0.986195286195286,0.00538720538720538,0.947717245314571,0.00900614004713729,0.932659932659933,0.0168350168350168
"SPCA","Wasserstein",12,0.986201888162672,-0.0021786492374728,0.946227601862751,0.00905655820449992,0.941358024691358,0.0401234567901235
"SPCA","Wasserstein",13,0.981074481074481,-0.00122100122100122,0.944393019430641,0.00853735764128395,0.937321937321937,0.0284900284900285
"SPCA","Wasserstein",14,0.979107312440646,0.00189933523266861,0.942672537752113,0.0086212835768219,0.952380952380952,0.0238095238095238
"SPCA","Wasserstein",15,0.966610549943883,0.00729517396184054,0.940722138353025,0.00860308861585475,0.94320987654321,0.0148148148148148
"SPCA","Wasserstein",16,0.955218855218855,-0.00471380471380467,0.93931347814984,0.00842319649899892,0.9375,0.025462962962963
"SPCA","Wasserstein",17,0.955144032921811,0.00411522633744854,0.938539139601994,0.00847906124864579,0.947712418300654,0.0196078431372549
"SPCA","Wasserstein",18,0.959876543209877,0.00205761316872433,0.937843134994116,0.00822815762640888,0.960905349794239,0.022633744855967
"SPCA","Wasserstein",19,0.958333333333333,0.00132275132275128,0.937339851406963,0.00843222081136248,0.964912280701754,0.0233918128654971
"SPCA","Wasserstein",20,0.958553791887125,-0.0123456790123457,0.936895012377331,0.00812810588976773,0.977777777777778,0.0240740740740741
"SPCA","Wasserstein",21,0.951851851851852,-0.0172839506172839,0.936851030772821,0.00801931032033761,0.980599647266314,0.0194003527336861
"SPCA","Wasserstein",22,0.911111111111111,0.0148148148148148,0.93689593664968,0.0079571522342945,0.978114478114478,0.0117845117845118
"SPCA","Wasserstein",23,0.891975308641975,0.0185185185185185,0.936983420162153,0.00772185235266173,0.980676328502415,0.0112721417069243
"SPCA","Wasserstein",24,0.864197530864198,0.0246913580246914,0.937288829935292,0.00783089184680139,0.989197530864197,0.0108024691358025
"SPCA","Wasserstein",25,0.62962962962963,0,0.937796997087237,0.00783834732993013,0.985185185185185,0.0133333333333334
"IMDS","Wasserstein",1,0.568888888888889,0.0266666666666666,0.585470085470085,0.0256410256410256,0.0740740740740741,0
"IMDS","Wasserstein",2,0.55043341213554,0.0102442868400315,0.566520467836257,0.0160818713450293,0.185185185185185,0.037037037037037
"IMDS","Wasserstein",3,0.556116722783389,0.0684624017957352,0.563793572984749,0.0437091503267973,0.185185185185185,0.0246913580246914
"IMDS","Wasserstein",4,0.545618789521229,0.0487804878048781,0.554605101790532,0.0362398822663723,0.194444444444444,0.0277777777777778
"IMDS","Wasserstein",5,0.570175438596491,0.015204678362573,0.557072059698759,0.0246188710341985,0.237037037037037,0.037037037037037
"IMDS","Wasserstein",6,0.577072310405644,0.016225749559083,0.55514657767308,0.0260764297866771,0.253086419753086,0.0555555555555556
"IMDS","Wasserstein",7,0.577876984126984,0.0168650793650794,0.550465445943262,0.0244641277064486,0.28042328042328,0.0317460317460317
"IMDS","Wasserstein",8,0.591315453384419,0,0.54882074848797,0.0207722578770832,0.333333333333333,0.0277777777777778
"IMDS","Wasserstein",9,0.583887306109528,-0.0174105729661285,0.542287224080653,0.0175715351790865,0.366255144032922,0.037037037037037
"IMDS","Wasserstein",10,0.585990338164251,-0.0022544283413849,0.537859460812337,0.0197339044319872,0.403703703703704,0.0333333333333333
"IMDS","Wasserstein",11,0.576599326599327,-0.00235690235690234,0.532281573989281,0.0198309537009058,0.434343434343434,0.0437710437710438
"IMDS","Wasserstein",12,0.571713870733479,-0.00980392156862742,0.527300970339148,0.0188424662895038,0.481481481481481,0.0462962962962963
"IMDS","Wasserstein",13,0.557387057387057,-0.0288970288970289,0.520387927976053,0.0176667126596444,0.535612535612536,0.0512820512820513
"IMDS","Wasserstein",14,0.517806267806268,-0.0441595441595442,0.512771649325984,0.0182961571761791,0.560846560846561,0.0502645502645503
"IMDS","Wasserstein",15,0.488215488215488,-0.0235690235690236,0.506354660759037,0.0182184609049318,0.604938271604938,0.0296296296296297
"IMDS","Wasserstein",16,0.463636363636364,-0.0181818181818182,0.501183721753906,0.017635712597409,0.648148148148148,0.0231481481481481
"IMDS","Wasserstein",17,0.420164609053498,-0.0353909465020577,0.498273672958973,0.0176747566085489,0.679738562091503,0.0261437908496732
"IMDS","Wasserstein",18,0.378086419753086,-0.0133744855967078,0.49524202454741,0.0169757630856118,0.716049382716049,0.0123456790123457
"IMDS","Wasserstein",19,0.354497354497354,0.0185185185185185,0.493128196405806,0.0168678833902062,0.756335282651072,0.00389863547758285
"IMDS","Wasserstein",20,0.320987654320988,0.0458553791887125,0.490895982527185,0.0159762509065142,0.794444444444444,-0.00555555555555559
"IMDS","Wasserstein",21,0.274074074074074,0.0592592592592592,0.490787554094714,0.0155210502248774,0.821869488536155,-0.00881834215167548
"IMDS","Wasserstein",22,0.255555555555556,0.0592592592592592,0.489437613798118,0.0151249207338352,0.865319865319865,-0.00841750841750843
"IMDS","Wasserstein",23,0.209876543209877,0.0987654320987654,0.489357329481855,0.0161181200720928,0.900161030595813,-0.00805152979066021
"IMDS","Wasserstein",24,0.123456790123457,0.0740740740740741,0.490762527270785,0.0177050241692842,0.927469135802469,0.00308641975308643
"IMDS","Wasserstein",25,0,0,0.491692981588793,0.0187637729771745,0.96,0.0118518518518518
"Int-UMAP","Wasserstein",1,0.982222222222222,0.00296296296296306,0.982905982905983,0.00284900284900285,0.740740740740741,0
"Int-UMAP","Wasserstein",2,0.990543735224586,-0.00157604412923562,0.982456140350877,0,0.907407407407407,0
"Int-UMAP","Wasserstein",3,0.875982042648709,-0.00897867564534238,0.926742919389978,-0.00435729847494554,0.666666666666667,-0.0246913580246914
"Int-UMAP","Wasserstein",4,0.809620596205962,-0.0230352303523035,0.890881775815551,-0.0096271768457199,0.601851851851852,-0.0185185185185185
"Int-UMAP","Wasserstein",5,0.776218323586745,-0.0226120857699805,0.869803827313098,-0.0104953532023989,0.555555555555556,-0.0222222222222222
"Int-UMAP","Wasserstein",6,0.743033509700176,0.00881834215167554,0.851944553505213,-0.00214849714260787,0.5,-0.0555555555555556
"Int-UMAP","Wasserstein",7,0.725033068783069,0.0373677248677249,0.839661923421878,0.00514804581926309,0.470899470899471,-0.0582010582010582
"Int-UMAP","Wasserstein",8,0.711206896551724,0.0507662835249042,0.829335733800515,0.00702239360031928,0.467592592592593,-0.0740740740740741
"Int-UMAP","Wasserstein",9,0.696422918645141,0.0531813865147199,0.819323790507308,0.00756722285130343,0.493827160493827,-0.0617283950617284
"Int-UMAP","Wasserstein",10,0.67536231884058,0.056682769726248,0.809649661692306,0.00782795747855772,0.503703703703704,-0.0518518518518518
"Int-UMAP","Wasserstein",11,0.648989898989899,0.0548821548821548,0.800410172303893,0.0073829391457074,0.498316498316498,-0.0471380471380471
"Int-UMAP","Wasserstein",12,0.637073347857662,0.0613652868554828,0.793836647211954,0.00965040579727142,0.521604938271605,-0.0308641975308642
"Int-UMAP","Wasserstein",13,0.633292633292633,0.0423280423280423,0.788600506462698,0.00935571050487372,0.564102564102564,-0.00284900284900286
"Int-UMAP","Wasserstein",14,0.612773029439696,0.0280151946818614,0.781424838974203,0.00935571050487374,0.605820105820106,0.00529100529100529
"Int-UMAP","Wasserstein",15,0.595679012345679,0.0274971941638609,0.775828304549023,0.00996129002349722,0.649382716049383,0.00987654320987652
"Int-UMAP","Wasserstein",16,0.588552188552189,0.0188552188552189,0.770690096572133,0.0110168978734279,0.696759259259259,0.0185185185185185
"Int-UMAP","Wasserstein",17,0.579835390946502,0.00905349794238686,0.765178512090729,0.00873561106726839,0.740740740740741,0.0239651416122004
"Int-UMAP","Wasserstein",18,0.553497942386831,0.0802469135802469,0.760668271014505,0.00864312128070768,0.777777777777778,0.00617283950617287
"Int-UMAP","Wasserstein",19,0.507275132275132,0.138888888888889,0.756321708084924,0.00815139809839566,0.801169590643275,0.00194931773879142
"Int-UMAP","Wasserstein",20,0.46384479717813,0.158730158730159,0.752480663685678,0.00855828907457423,0.831481481481481,0.00925925925925924
"Int-UMAP","Wasserstein",21,0.402469135802469,0.148148148148148,0.749570372902027,0.00999463021511848,0.851851851851852,0.0229276895943563
"Int-UMAP","Wasserstein",22,0.32037037037037,0.107407407407407,0.747847279142898,0.00895247459572149,0.868686868686869,0.037037037037037
"Int-UMAP","Wasserstein",23,0.290123456790123,0.0617283950617283,0.746047953279208,0.0101364432150644,0.903381642512077,0.0499194847020934
"Int-UMAP","Wasserstein",24,0.259259259259259,0,0.744865817757766,0.0107126879354223,0.938271604938272,0.058641975308642
"Int-UMAP","Wasserstein",25,0,0,0.744706410337711,0.00740991149865089,0.96,0.0562962962962963
"C-PCA","Centers-Euclidean",1,0.976296296296296,0.0177777777777778,0.977207977207977,0.0170940170940171,0.703703703703704,0
"C-PCA","Centers-Euclidean",2,0.970055161544523,0.020488573680063,0.967105263157895,0.0190058479532164,0.796296296296296,0.0185185185185185
"C-PCA","Centers-Euclidean",3,0.970258136924804,0.0067340067340067,0.96412037037037,0.0145697167755991,0.777777777777778,0.0987654320987654
"C-PCA","Centers-Euclidean",4,0.972673893405601,0.00406504065040658,0.961981849399068,0.0127544763306353,0.777777777777778,0.0925925925925926
"C-PCA","Centers-Euclidean",5,0.978557504873294,0.000779727095516658,0.960673900105297,0.0113537517740237,0.807407407407407,0.0962962962962963
"C-PCA","Centers-Euclidean",6,0.98694885361552,0,0.959636609518824,0.00983728133315884,0.851851851851852,0.0864197530864197
"C-PCA","Centers-Euclidean",7,0.989417989417989,0.00198412698412698,0.955596788076879,0.0093209575575901,0.894179894179894,0.0529100529100529
"C-PCA","Centers-Euclidean",8,0.98882503192848,0.00319284802043429,0.952237159114586,0.0103208350573853,0.925925925925926,0.0555555555555556
"C-PCA","Centers-Euclidean",9,0.987179487179487,0.00158277936055706,0.950818333827954,0.00973010974826187,0.91358024691358,0.0534979423868313
"C-PCA","Centers-Euclidean",10,0.988244766505636,0.00483091787439616,0.949481849320588,0.0100823940637594,0.922222222222222,0.0518518518518519
"C-PCA","Centers-Euclidean",11,0.986868686868687,0.00404040404040407,0.94731190429629,0.00940242507470551,0.932659932659933,0.0505050505050505
"C-PCA","Centers-Euclidean",12,0.987109658678286,-0.00181554103122727,0.945750794424121,0.00940166625748289,0.947530864197531,0.0648148148148148
"C-PCA","Centers-Euclidean",13,0.981074481074481,-0.00203500203500206,0.944030352769921,0.00892681441270068,0.94017094017094,0.0541310541310541
"C-PCA","Centers-Euclidean",14,0.978157644824311,0.0018993352326685,0.942309871091393,0.00909466628377659,0.94973544973545,0.0476190476190476
"C-PCA","Centers-Euclidean",15,0.967732884399551,0.00729517396184065,0.94051656820585,0.00907547226277401,0.948148148148148,0.0395061728395062
"C-PCA","Centers-Euclidean",16,0.956565656565657,-0.00202020202020192,0.939126966108023,0.00893021391679065,0.944444444444444,0.0462962962962963
"C-PCA","Centers-Euclidean",17,0.9559670781893,0.000823045267489664,0.938609850702309,0.00881247894709856,0.952069716775599,0.0413943355119826
"C-PCA","Centers-Euclidean",18,0.957304526748971,0.00102880658436211,0.938025489204818,0.00852723017549434,0.958847736625514,0.0390946502057613
"C-PCA","Centers-Euclidean",19,0.958333333333333,-0.00661375661375663,0.937430408590245,0.00878907226101566,0.964912280701754,0.0409356725146199
"C-PCA","Centers-Euclidean",20,0.954144620811287,-0.0141093474426808,0.936942232478904,0.00839666969487739,0.975925925925926,0.037037037037037
"C-PCA","Centers-Euclidean",21,0.944444444444444,-0.0024691358024691,0.936897774029721,0.00839202282466971,0.977072310405644,0.0299823633156966
"C-PCA","Centers-Euclidean",22,0.907407407407407,0.0222222222222223,0.936790832609804,0.00847714150549787,0.976430976430976,0.0286195286195286
"C-PCA","Centers-Euclidean",23,0.882716049382716,0.0246913580246914,0.936867610861679,0.00821196847259652,0.979066022544283,0.0289855072463768
"C-PCA","Centers-Euclidean",24,0.87037037037037,0.0123456790123456,0.937140570582084,0.00824730973689167,0.989197530864197,0.029320987654321
"C-PCA","Centers-Euclidean",25,0.62962962962963,0,0.937629225886149,0.0082066806026405,0.985185185185185,0.0296296296296297
"V-PCA","Centers-Euclidean",1,0.97037037037037,0.0237037037037037,0.971509971509972,0.0227920227920228,0.666666666666667,0
"V-PCA","Centers-Euclidean",2,0.974389282899921,0.0149724192277384,0.967105263157895,0.0180311890838207,0.851851851851852,0.037037037037037
"V-PCA","Centers-Euclidean",3,0.968574635241302,0.00897867564534238,0.963303376906318,0.0153867102396514,0.753086419753086,0.0617283950617284
"V-PCA","Centers-Euclidean",4,0.972222222222222,0.00496838301716351,0.960878096639686,0.0138582290900172,0.768518518518518,0.0740740740740741
"V-PCA","Centers-Euclidean",5,0.978752436647174,0.000389863547758273,0.959575149933617,0.0125211738314334,0.807407407407407,0.0962962962962963
"V-PCA","Centers-Euclidean",6,0.98694885361552,0,0.958535095755355,0.010622518867513,0.851851851851852,0.0802469135802469
"V-PCA","Centers-Euclidean",7,0.989914021164021,0.00297619047619047,0.954713449025167,0.0104405559468131,0.894179894179894,0.0476190476190476
"V-PCA","Centers-Euclidean",8,0.991538952745849,0.000319284802043351,0.951799543383015,0.0105651368823859,0.939814814814815,0.0601851851851852
"V-PCA","Centers-Euclidean",9,0.987179487179487,0.00158277936055706,0.950186971583777,0.0102388971966028,0.91358024691358,0.0452674897119342
"V-PCA","Centers-Euclidean",10,0.988244766505636,0.00483091787439616,0.948918358679154,0.0107040705947712,0.922222222222222,0.0444444444444445
"V-PCA","Centers-Euclidean",11,0.986531986531987,0.00336700336700335,0.946618768592013,0.00996485763000109,0.932659932659933,0.0437710437710438
"V-PCA","Centers-Euclidean",12,0.985657225853304,-0.00108932461873645,0.945012255967348,0.00996111776937655,0.941358024691358,0.0524691358024691
"V-PCA","Centers-Euclidean",13,0.982702482702483,-0.00691900691900693,0.943496975572082,0.0090781826953107,0.943019943019943,0.0484330484330484
"V-PCA","Centers-Euclidean",14,0.976258309591643,0.000949667616334304,0.941482753119171,0.00958173830853844,0.947089947089947,0.0396825396825397
"V-PCA","Centers-Euclidean",15,0.964927048260382,0.00953984287317622,0.93965211306225,0.00971784745301544,0.945679012345679,0.0320987654320988
"V-PCA","Centers-Euclidean",16,0.954882154882155,0.00134680134680143,0.93833890961831,0.00957005716324061,0.94212962962963,0.037037037037037
"V-PCA","Centers-Euclidean",17,0.9559670781893,0.000823045267489664,0.937740758089728,0.00948294028084171,0.952069716775599,0.037037037037037
"V-PCA","Centers-Euclidean",18,0.956275720164609,0.00102880658436222,0.937146391943541,0.00916101395938474,0.95679012345679,0.0349794238683127
"V-PCA","Centers-Euclidean",19,0.959656084656085,-0.00661375661375663,0.936573509388065,0.00932738964836703,0.966861598440546,0.037037037037037
"V-PCA","Centers-Euclidean",20,0.955026455026455,-0.0158730158730159,0.936121537762382,0.00898671887911189,0.975925925925926,0.0333333333333333
"V-PCA","Centers-Euclidean",21,0.94320987654321,0,0.936045294187539,0.00900282867822477,0.977072310405644,0.0246913580246914
"V-PCA","Centers-Euclidean",22,0.898148148148148,0.0259259259259259,0.935897195683484,0.00908129181470826,0.973063973063973,0.0252525252525252
"V-PCA","Centers-Euclidean",23,0.882716049382716,0.0246913580246914,0.935960484020148,0.00880911697528453,0.979066022544283,0.0273752012882447
"V-PCA","Centers-Euclidean",24,0.864197530864198,0.0246913580246914,0.936221927309511,0.00883717885195089,0.989197530864197,0.0277777777777777
"V-PCA","Centers-Euclidean",25,0.62962962962963,0,0.936743654041809,0.00878905289702486,0.985185185185185,0.0296296296296296
"MR-PCA","Centers-Euclidean",1,0.976296296296296,0.0177777777777778,0.977207977207977,0.0170940170940171,0.703703703703704,0
"MR-PCA","Centers-Euclidean",2,0.970055161544523,0.020488573680063,0.967105263157895,0.0190058479532164,0.796296296296296,0.0185185185185185
"MR-PCA","Centers-Euclidean",3,0.970258136924804,0.0067340067340067,0.96412037037037,0.0145697167755991,0.777777777777778,0.0987654320987654
"MR-PCA","Centers-Euclidean",4,0.972673893405601,0.00406504065040658,0.961981849399068,0.0127544763306353,0.777777777777778,0.0925925925925926
"MR-PCA","Centers-Euclidean",5,0.978557504873294,0.000779727095516658,0.960673900105297,0.0113537517740237,0.807407407407407,0.0962962962962963
"MR-PCA","Centers-Euclidean",6,0.98694885361552,0,0.959636609518824,0.00983728133315884,0.851851851851852,0.0864197530864197
"MR-PCA","Centers-Euclidean",7,0.989417989417989,0.00198412698412698,0.955596788076879,0.0093209575575901,0.894179894179894,0.0529100529100529
"MR-PCA","Centers-Euclidean",8,0.98882503192848,0.00319284802043429,0.952237159114586,0.0103208350573853,0.925925925925926,0.0555555555555556
"MR-PCA","Centers-Euclidean",9,0.987179487179487,0.00158277936055706,0.950818333827954,0.00973010974826187,0.91358024691358,0.0534979423868313
"MR-PCA","Centers-Euclidean",10,0.988244766505636,0.00483091787439616,0.949481849320588,0.0100823940637594,0.922222222222222,0.0518518518518519
"MR-PCA","Centers-Euclidean",11,0.986868686868687,0.00404040404040407,0.94731190429629,0.00940242507470551,0.932659932659933,0.0505050505050505
"MR-PCA","Centers-Euclidean",12,0.987109658678286,-0.00181554103122727,0.945750794424121,0.00940166625748289,0.947530864197531,0.0648148148148148
"MR-PCA","Centers-Euclidean",13,0.981074481074481,-0.00203500203500206,0.944030352769921,0.00892681441270068,0.94017094017094,0.0541310541310541
"MR-PCA","Centers-Euclidean",14,0.978157644824311,0.0018993352326685,0.942309871091393,0.00909466628377659,0.94973544973545,0.0476190476190476
"MR-PCA","Centers-Euclidean",15,0.967732884399551,0.00729517396184065,0.94051656820585,0.00907547226277401,0.948148148148148,0.0395061728395062
"MR-PCA","Centers-Euclidean",16,0.956565656565657,-0.00202020202020192,0.939126966108023,0.00893021391679065,0.944444444444444,0.0462962962962963
"MR-PCA","Centers-Euclidean",17,0.9559670781893,0.000823045267489664,0.938609850702309,0.00881247894709856,0.952069716775599,0.0413943355119826
"MR-PCA","Centers-Euclidean",18,0.957304526748971,0.00102880658436211,0.938025489204818,0.00852723017549434,0.958847736625514,0.0390946502057613
"MR-PCA","Centers-Euclidean",19,0.958333333333333,-0.00661375661375663,0.937430408590245,0.00878907226101566,0.964912280701754,0.0409356725146199
"MR-PCA","Centers-Euclidean",20,0.954144620811287,-0.0141093474426808,0.936942232478904,0.00839666969487739,0.975925925925926,0.037037037037037
"MR-PCA","Centers-Euclidean",21,0.944444444444444,-0.0024691358024691,0.936897774029721,0.00839202282466971,0.977072310405644,0.0299823633156966
"MR-PCA","Centers-Euclidean",22,0.907407407407407,0.0222222222222223,0.936790832609804,0.00847714150549787,0.976430976430976,0.0286195286195286
"MR-PCA","Centers-Euclidean",23,0.882716049382716,0.0246913580246914,0.936867610861679,0.00821196847259652,0.979066022544283,0.0289855072463768
"MR-PCA","Centers-Euclidean",24,0.87037037037037,0.0123456790123456,0.937140570582084,0.00824730973689167,0.989197530864197,0.029320987654321
"MR-PCA","Centers-Euclidean",25,0.62962962962963,0,0.937629225886149,0.0082066806026405,0.985185185185185,0.0296296296296297
"SPCA","Centers-Euclidean",1,0.976296296296296,0.0177777777777778,0.977207977207977,0.0170940170940171,0.703703703703704,0
"SPCA","Centers-Euclidean",2,0.970055161544523,0.020488573680063,0.967105263157895,0.0190058479532164,0.796296296296296,0.0185185185185185
"SPCA","Centers-Euclidean",3,0.970258136924804,0.0067340067340067,0.96412037037037,0.0145697167755991,0.777777777777778,0.0987654320987654
"SPCA","Centers-Euclidean",4,0.972673893405601,0.00406504065040658,0.961981849399068,0.0127544763306353,0.777777777777778,0.0925925925925926
"SPCA","Centers-Euclidean",5,0.978557504873294,0.000779727095516658,0.960673900105297,0.0113537517740237,0.807407407407407,0.0962962962962963
"SPCA","Centers-Euclidean",6,0.98694885361552,0,0.959636609518824,0.00983728133315884,0.851851851851852,0.0864197530864197
"SPCA","Centers-Euclidean",7,0.989417989417989,0.00198412698412698,0.955596788076879,0.0093209575575901,0.894179894179894,0.0529100529100529
"SPCA","Centers-Euclidean",8,0.98882503192848,0.00319284802043429,0.952237159114586,0.0103208350573853,0.925925925925926,0.0555555555555556
"SPCA","Centers-Euclidean",9,0.987179487179487,0.00158277936055706,0.950818333827954,0.00973010974826187,0.91358024691358,0.0534979423868313
"SPCA","Centers-Euclidean",10,0.988244766505636,0.00483091787439616,0.949481849320588,0.0100823940637594,0.922222222222222,0.0518518518518519
"SPCA","Centers-Euclidean",11,0.986868686868687,0.00404040404040407,0.94731190429629,0.00940242507470551,0.932659932659933,0.0505050505050505
"SPCA","Centers-Euclidean",12,0.987109658678286,-0.00181554103122727,0.945750794424121,0.00940166625748289,0.947530864197531,0.0648148148148148
"SPCA","Centers-Euclidean",13,0.981074481074481,-0.00203500203500206,0.944030352769921,0.00892681441270068,0.94017094017094,0.0541310541310541
"SPCA","Centers-Euclidean",14,0.978157644824311,0.0018993352326685,0.942309871091393,0.00909466628377659,0.94973544973545,0.0476190476190476
"SPCA","Centers-Euclidean",15,0.967732884399551,0.00729517396184065,0.94051656820585,0.00907547226277401,0.948148148148148,0.0395061728395062
"SPCA","Centers-Euclidean",16,0.956565656565657,-0.00202020202020192,0.939126966108023,0.00893021391679065,0.944444444444444,0.0462962962962963
"SPCA","Centers-Euclidean",17,0.9559670781893,0.000823045267489664,0.938609850702309,0.00881247894709856,0.952069716775599,0.0413943355119826
"SPCA","Centers-Euclidean",18,0.957304526748971,0.00102880658436211,0.938025489204818,0.00852723017549434,0.958847736625514,0.0390946502057613
"SPCA","Centers-Euclidean",19,0.958333333333333,-0.00661375661375663,0.937430408590245,0.00878907226101566,0.964912280701754,0.0409356725146199
"SPCA","Centers-Euclidean",20,0.954144620811287,-0.0141093474426808,0.936942232478904,0.00839666969487739,0.975925925925926,0.037037037037037
"SPCA","Centers-Euclidean",21,0.944444444444444,-0.0024691358024691,0.936897774029721,0.00839202282466971,0.977072310405644,0.0299823633156966
"SPCA","Centers-Euclidean",22,0.907407407407407,0.0222222222222223,0.936790832609804,0.00847714150549787,0.976430976430976,0.0286195286195286
"SPCA","Centers-Euclidean",23,0.882716049382716,0.0246913580246914,0.936867610861679,0.00821196847259652,0.979066022544283,0.0289855072463768
"SPCA","Centers-Euclidean",24,0.87037037037037,0.0123456790123456,0.937140570582084,0.00824730973689167,0.989197530864197,0.029320987654321
"SPCA","Centers-Euclidean",25,0.62962962962963,0,0.937629225886149,0.0082066806026405,0.985185185185185,0.0296296296296297
"IMDS","Centers-Euclidean",1,0.577777777777778,0.0474074074074075,0.594017094017094,0.0455840455840456,0.111111111111111,0
"IMDS","Centers-Euclidean",2,0.544917257683215,0.0118203309692672,0.567007797270955,0.0248538011695906,0.166666666666667,0.0740740740740741
"IMDS","Centers-Euclidean",3,0.568462401795735,0.0291806958473626,0.571555010893246,0.030909586056645,0.185185185185185,0.0493827160493827
"IMDS","Centers-Euclidean",4,0.555329719963866,0.0465221318879855,0.561503556536669,0.0363012018641158,0.203703703703704,0.0185185185185185
"IMDS","Centers-Euclidean",5,0.56374269005848,0.0288499025341131,0.559046376413496,0.0289337545208991,0.214814814814815,0
"IMDS","Centers-Euclidean",6,0.564197530864198,0.0257495590828923,0.554574008637613,0.0289883523099071,0.234567901234568,0.0185185185185185
"IMDS","Centers-Euclidean",7,0.580522486772487,0.0181878306878307,0.55248568900446,0.0273669574010871,0.291005291005291,0.037037037037037
"IMDS","Centers-Euclidean",8,0.590676883780332,0.00638569604086847,0.550405408974461,0.0239107660072718,0.328703703703704,0.0277777777777778
"IMDS","Centers-Euclidean",9,0.584678695789807,0.00506489395378296,0.544549035200696,0.0219304437855899,0.358024691358025,0.0123456790123457
"IMDS","Centers-Euclidean",10,0.582447665056361,0.0086956521739131,0.539315648615057,0.0226031442659288,0.396296296296296,0.0111111111111111
"IMDS","Centers-Euclidean",11,0.583501683501684,-0.00740740740740753,0.534182563134138,0.0228366455619366,0.444444444444444,0.0437710437710438
"IMDS","Centers-Euclidean",12,0.57843137254902,-0.0181554103122731,0.528799271270481,0.0223229927539206,0.487654320987654,0.0555555555555556
"IMDS","Centers-Euclidean",13,0.558608058608059,-0.0207570207570207,0.521588831817296,0.0219069906698162,0.538461538461538,0.0541310541310541
"IMDS","Centers-Euclidean",14,0.514245014245014,-0.0294396961063628,0.514287275425494,0.0224944722185819,0.563492063492063,0.0529100529100529
"IMDS","Centers-Euclidean",15,0.489057239057239,-0.0252525252525253,0.508746450704834,0.0212745149351106,0.604938271604938,0.0345679012345679
"IMDS","Centers-Euclidean",16,0.455555555555556,-0.0262626262626263,0.502872666321383,0.0218475830758105,0.648148148148148,0.0347222222222222
"IMDS","Centers-Euclidean",17,0.411522633744856,-0.0362139917695473,0.499902033162258,0.0212826200676977,0.675381263616558,0.0326797385620915
"IMDS","Centers-Euclidean",18,0.378600823045267,-0.0226337448559671,0.496538737805372,0.0203664324571337,0.716049382716049,0.0226337448559671
"IMDS","Centers-Euclidean",19,0.35978835978836,0.0105820105820106,0.494489631875488,0.0196589985952513,0.760233918128655,0.01364522417154
"IMDS","Centers-Euclidean",20,0.30952380952381,0.0687830687830688,0.492939177406093,0.0175799189964281,0.792592592592593,0
"IMDS","Centers-Euclidean",21,0.280246913580247,0.0765432098765432,0.492128878826996,0.0172420998630972,0.82363315696649,0
"IMDS","Centers-Euclidean",22,0.246296296296296,0.0407407407407407,0.491672350808583,0.0186432728409169,0.863636363636364,0.0067340067340067
"IMDS","Centers-Euclidean",23,0.197530864197531,0.0864197530864197,0.491029615558562,0.0184748998893273,0.898550724637681,0.00161030595813205
"IMDS","Centers-Euclidean",24,0.123456790123457,0.0740740740740741,0.492357991439668,0.0201007978522523,0.927469135802469,0.0108024691358025
"IMDS","Centers-Euclidean",25,0,0,0.493353753011705,0.0212574747838715,0.96,0.0192592592592593
"Int-UMAP","Centers-Euclidean",1,0.964444444444444,0.0266666666666666,0.965811965811966,0.0256410256410256,0.666666666666667,0
"Int-UMAP","Centers-Euclidean",2,0.976359338061466,0.0220646178092987,0.966374269005848,0.0224171539961014,0.87037037037037,0
"Int-UMAP","Centers-Euclidean",3,0.870931537598204,-0.00336700336700335,0.91489651416122,0.00953159041394336,0.641975308641975,-0.0123456790123457
"Int-UMAP","Centers-Euclidean",4,0.81323396567299,-0.0140018066847335,0.882879568310032,0.00416973264655383,0.583333333333333,-0.037037037037037
"Int-UMAP","Centers-Euclidean",5,0.775243664717349,-0.0276803118908382,0.860069587510873,-0.00132765645744631,0.555555555555556,-0.0296296296296296
"Int-UMAP","Centers-Euclidean",6,0.741093474426808,0.00705467372134039,0.842450813593334,0.00767787811368492,0.506172839506173,-0.0617283950617284
"Int-UMAP","Centers-Euclidean",7,0.724867724867725,0.041005291005291,0.831033943093101,0.0159031126039089,0.470899470899471,-0.0634920634920635
"Int-UMAP","Centers-Euclidean",8,0.710887611749681,0.0558748403575989,0.820884578025454,0.0178941916324057,0.467592592592593,-0.0787037037037037
"Int-UMAP","Centers-Euclidean",9,0.701329534662868,0.0541310541310541,0.81186641676295,0.0176366042675718,0.506172839506173,-0.0534979423868313
"Int-UMAP","Centers-Euclidean",10,0.676328502415459,0.056682769726248,0.80181068326114,0.0176479817673152,0.511111111111111,-0.0444444444444444
"Int-UMAP","Centers-Euclidean",11,0.652693602693603,0.0494949494949496,0.792989396630949,0.016632928829567,0.518518518518518,-0.0303030303030303
"Int-UMAP","Centers-Euclidean",12,0.644698620188816,0.0330428467683369,0.787240428562845,0.016790152633618,0.537037037037037,-0.00617283950617284
"Int-UMAP","Centers-Euclidean",13,0.632682132682133,0.0264550264550264,0.78165885751161,0.0177433790343636,0.564102564102564,0
"Int-UMAP","Centers-Euclidean",14,0.618945868945869,0.00712250712250717,0.775427356797916,0.0171978604533669,0.613756613756614,0.0158730158730159
"Int-UMAP","Centers-Euclidean",15,0.61307519640853,0.0162738496071829,0.770214766280849,0.0169661509880723,0.664197530864198,0.00740740740740736
"Int-UMAP","Centers-Euclidean",16,0.604377104377104,0.00336700336700335,0.765554880346858,0.0181036360003758,0.710648148148148,0.0185185185185185
"Int-UMAP","Centers-Euclidean",17,0.603292181069959,-0.0213991769547326,0.760584094817938,0.0162613563909034,0.75599128540305,0.0261437908496732
"Int-UMAP","Centers-Euclidean",18,0.569958847736626,0.0596707818930042,0.756121666827582,0.0156362195249049,0.790123456790123,0.00823045267489708
"Int-UMAP","Centers-Euclidean",19,0.531084656084656,0.10978835978836,0.752474368677578,0.0144855555101698,0.812865497076023,0
"Int-UMAP","Centers-Euclidean",20,0.475308641975309,0.146384479717813,0.748243590993171,0.0157410785135054,0.837037037037037,0.00185185185185188
"Int-UMAP","Centers-Euclidean",21,0.409876543209877,0.158024691358025,0.745897033759701,0.0158492716099342,0.853615520282187,0.00881834215167548
"Int-UMAP","Centers-Euclidean",22,0.314814814814815,0.0962962962962962,0.744440972879272,0.015399119720301,0.868686868686869,0.0252525252525252
"Int-UMAP","Centers-Euclidean",23,0.280864197530864,0.0432098765432098,0.742764587993763,0.0162460608464272,0.901771336553945,0.0386473429951691
"Int-UMAP","Centers-Euclidean",24,0.271604938271605,0,0.741148412351866,0.0176959581272467,0.939814814814815,0.0447530864197531
"Int-UMAP","Centers-Euclidean",25,0,0,0.741271607851586,0.0146895594042275,0.96,0.042962962962963
