"Method","Metric","Q_TC","B_TC","Q_RE","B_RE","Q_LC","B_LC","tie_affected","tie_spread","level","rep"
"C-PCA","Int-Euclidean",0.93288107791447,0.0508447568834212,0.927141549159229,0.058435237078941,0.349333333333333,0.0573333333333333,FALSE,0,"L3",1
"C-PCA","Hausdorff",0.946654364381957,0.0330978324545986,0.937736535866769,0.0425467485169661,0.356666666666667,0.0623333333333334,FALSE,0,"L3",1
"C-PCA","Ichino-Yaguchi",0.923912712360867,0.0647978910369069,0.917377016916128,0.0766947161606444,0.342333333333333,0.0713333333333333,FALSE,0,"L3",1
"C-PCA","Wasserstein",0.918877562975981,0.0630392501464557,0.913679799313554,0.0769389268362778,0.328,0.073,FALSE,0,"L3",1
"C-PCA","Centers-Euclidean",0.834595196250732,0.143400117164616,0.834302520033105,0.158415359412255,0.206,0.047,FALSE,0,"L3",1
"V-PCA","Int-Euclidean",0.931865846514353,0.0525635618043351,0.927143703033678,0.05805750614499,0.346666666666667,0.057,FALSE,0,"L3",1
"V-PCA","Hausdorff",0.946931458699473,0.0323772700644406,0.937555725552489,0.0430642801799184,0.356666666666667,0.0656666666666667,FALSE,0,"L3",1
"V-PCA","Ichino-Yaguchi",0.923791446983011,0.0646514352665496,0.916776010720553,0.0775461705171586,0.340333333333333,0.075,FALSE,0,"L3",1
"V-PCA","Wasserstein",0.91873345049795,0.063079086115993,0.912896832944853,0.0781535984210857,0.325333333333333,0.0703333333333333,FALSE,0,"L3",1
"V-PCA","Centers-Euclidean",0.835171060339777,0.142171060339777,0.835799802819933,0.154946204567718,0.206666666666667,0.0486666666666667,FALSE,0,"L3",1
"MR-PCA","Int-Euclidean",0.735240187463386,0.224338605741066,0.742354221616947,0.249991505782378,0.136333333333333,0.027,FALSE,0,"L3",1
"MR-PCA","Hausdorff",0.739540714704159,0.207212653778559,0.756824726969932,0.21522677780229,0.135333333333333,0.0263333333333333,FALSE,0,"L3",1
"MR-PCA","Ichino-Yaguchi",0.711557703573521,0.260146455770357,0.723986169915363,0.27798603527902,0.129666666666667,0.0243333333333333,FALSE,0,"L3",1
"MR-PCA","Wasserstein",0.740836555360281,0.231093145869947,0.750188563034141,0.244583847046974,0.148666666666667,0.0323333333333333,FALSE,0,"L3",1
"MR-PCA","Centers-Euclidean",0.834595196250732,0.143400117164616,0.834302520033105,0.158415359412255,0.206,0.047,FALSE,0,"L3",1
"SPCA","Int-Euclidean",0.93288107791447,0.0508447568834212,0.927141549159229,0.058435237078941,0.349333333333333,0.0573333333333333,FALSE,0,"L3",1
"SPCA","Hausdorff",0.946654364381957,0.0330978324545986,0.937736535866769,0.0425467485169661,0.356666666666667,0.0623333333333334,FALSE,0,"L3",1
"SPCA","Ichino-Yaguchi",0.923912712360867,0.0647978910369069,0.917377016916128,0.0766947161606444,0.342333333333333,0.0713333333333333,FALSE,0,"L3",1
"SPCA","Wasserstein",0.918877562975981,0.0630392501464557,0.913679799313554,0.0769389268362778,0.328,0.073,FALSE,0,"L3",1
"SPCA","Centers-Euclidean",0.834595196250732,0.143400117164616,0.834302520033105,0.158415359412255,0.206,0.047,FALSE,0,"L3",1
"IMDS","Int-Euclidean",0.573020972466315,-0.0401982425307557,0.560341686543566,-0.0361284413824528,0.045,-0.00133333333333333,TRUE,5.85823081433734e-06,"L3",1
"IMDS","Hausdorff",0.607840656121851,-0.0744253075571177,0.610110500821097,-0.0946675426472515,0.0646666666666667,-0.00266666666666666,TRUE,0,"L3",1
"IMDS","Ichino-Yaguchi",0.594813122437024,-0.0672618629173989,0.598300283718843,-0.0847153930483126,0.0613333333333333,-0.00866666666666667,TRUE,0,"L3",1
"IMDS","Wasserstein",0.588415934387815,-0.0756367896895138,0.592325130495162,-0.091129370173644,0.0563333333333333,-0.00266666666666667,TRUE,0,"L3",1
"IMDS","Centers-Euclidean",0.511109548916227,-0.00274868189806665,0.500676117769495,-0.00687672853030075,0.0313333333333333,-0.00233333333333333,FALSE,0,"L3",1
"Int-UMAP","Int-Euclidean",0.777503807850029,-0.0960527240773287,0.777131124437602,-0.0989882577765537,0.167333333333333,0.004,FALSE,0,"L3",1
"Int-UMAP","Hausdorff",0.90290158172232,-0.00934856473345047,0.903369252221768,-0.00514824198249789,0.285333333333333,0.018,FALSE,0,"L3",1
"Int-UMAP","Ichino-Yaguchi",0.874869947275923,0.0236801405975395,0.88081293562034,0.0256186447846532,0.291666666666667,0.0153333333333333,FALSE,0,"L3",1
"Int-UMAP","Wasserstein",0.857821323960164,0.00907205623901575,0.866098635628768,0.0174674781077775,0.259,0.0123333333333333,FALSE,0,"L3",1
"Int-UMAP","Centers-Euclidean",0.610858816637376,-0.0976988869361453,0.61882869068229,-0.111347800369152,0.124666666666667,-0.00366666666666667,FALSE,0,"L3",1
"C-PCA","CR-Euclidean",0.93702870533099,0.0508189806678383,0.928948043420758,0.0604767661732099,0.355333333333333,0.0716666666666667,FALSE,0,"L3",1
"V-PCA","CR-Euclidean",0.937363210310486,0.049892208553017,0.928434481764451,0.0613313246880528,0.352666666666667,0.0733333333333333,FALSE,0,"L3",1
"MR-PCA","CR-Euclidean",0.723870533099004,0.230508494434681,0.739688656911135,0.242673291327408,0.124333333333333,0.0283333333333333,FALSE,0,"L3",1
"SPCA","CR-Euclidean",0.93702870533099,0.0508189806678383,0.928948043420758,0.0604767661732099,0.355333333333333,0.0716666666666667,FALSE,0,"L3",1
"IMDS","CR-Euclidean",0.601115992970123,-0.0638488576449913,0.602349663631745,-0.0845360964333958,0.0673333333333333,-0.00666666666666667,FALSE,0,"L3",1
"Int-UMAP","CR-Euclidean",0.890981253661394,0.00853778558875218,0.893882790850194,0.00997127195113545,0.299333333333333,0.0106666666666667,FALSE,0,"L3",1
"C-PCA","Int-Euclidean",0.938250732278852,0.0485483304042179,0.93127642084711,0.0569886056510726,0.356,0.063,FALSE,0,"L3",2
"C-PCA","Hausdorff",0.950895723491506,0.0325916813122437,0.942108904067844,0.0422162892166729,0.378666666666667,0.0916666666666667,FALSE,0,"L3",2
"C-PCA","Ichino-Yaguchi",0.933039250146456,0.0561405975395431,0.926029205800631,0.0678539841994964,0.373333333333333,0.085,FALSE,0,"L3",2
"C-PCA","Wasserstein",0.929138254247217,0.0572782659636789,0.922746796322847,0.0704611333125468,0.355333333333333,0.0876666666666667,FALSE,0,"L3",2
"C-PCA","Centers-Euclidean",0.83970474516696,0.14184417106034,0.84151105192434,0.151688861705755,0.220333333333333,0.046,FALSE,0,"L3",2
"V-PCA","Int-Euclidean",0.93833216168717,0.0482917398945518,0.931307657399787,0.0567187342402941,0.355,0.0633333333333333,FALSE,0,"L3",2
"V-PCA","Hausdorff",0.951273579379027,0.0319461042765085,0.942248347864694,0.0420935183731017,0.38,0.0926666666666667,FALSE,0,"L3",2
"V-PCA","Ichino-Yaguchi",0.933352079671939,0.0555008787346222,0.926148738924165,0.0675209457765562,0.373333333333333,0.0843333333333333,FALSE,0,"L3",2
"V-PCA","Wasserstein",0.929197422378442,0.0570732278851787,0.922933669110539,0.0699376174709768,0.354,0.084,FALSE,0,"L3",2
"V-PCA","Centers-Euclidean",0.83984417106034,0.141591095489162,0.840741886932184,0.153248641393414,0.219333333333333,0.0443333333333333,FALSE,0,"L3",2
"MR-PCA","Int-Euclidean",0.742374926772115,0.222094903339191,0.746361883453439,0.253774495332479,0.142,0.028,FALSE,0,"L3",2
"MR-PCA","Hausdorff",0.751052724077329,0.209812536613943,0.764133833130458,0.223780987659666,0.146666666666667,0.022,FALSE,0,"L3",2
"MR-PCA","Ichino-Yaguchi",0.725088459285296,0.261391915641476,0.732109781430102,0.287364327018628,0.138333333333333,0.0206666666666667,FALSE,0,"L3",2
"MR-PCA","Wasserstein",0.752522554188635,0.231896895137669,0.757195853507676,0.255859138760329,0.158,0.0193333333333333,FALSE,0,"L3",2
"MR-PCA","Centers-Euclidean",0.83970474516696,0.14184417106034,0.84151105192434,0.151688861705755,0.220333333333333,0.046,FALSE,0,"L3",2
"SPCA","Int-Euclidean",0.938250732278852,0.0485483304042179,0.93127642084711,0.0569886056510726,0.356,0.063,FALSE,0,"L3",2
"SPCA","Hausdorff",0.950895723491506,0.0325916813122437,0.942108904067844,0.0422162892166729,0.378666666666667,0.0916666666666667,FALSE,0,"L3",2
"SPCA","Ichino-Yaguchi",0.933039250146456,0.0561405975395431,0.926029205800631,0.0678539841994964,0.373333333333333,0.085,FALSE,0,"L3",2
"SPCA","Wasserstein",0.929138254247217,0.0572782659636789,0.922746796322847,0.0704611333125468,0.355333333333333,0.0876666666666667,FALSE,0,"L3",2
"SPCA","Centers-Euclidean",0.83970474516696,0.14184417106034,0.84151105192434,0.151688861705755,0.220333333333333,0.046,FALSE,0,"L3",2
"IMDS","Int-Euclidean",0.511504979496192,-0.0460046865846514,0.494810985619395,-0.0317351784499565,0.0356666666666667,0.002,FALSE,0,"L3",2
"IMDS","Hausdorff",0.591366725248975,-0.100973637961336,0.59217088821453,-0.116562488534034,0.063,-0.000333333333333335,TRUE,0,"L3",2
"IMDS","Ichino-Yaguchi",0.579210310486233,-0.0807896895137667,0.580654632756731,-0.0923435781304524,0.0613333333333333,-0.00333333333333333,FALSE,0,"L3",2
"IMDS","Wasserstein",0.574132396016403,-0.0910861159929701,0.577966548318711,-0.102747037347999,0.0586666666666667,0.000666666666666666,FALSE,0,"L3",2
"IMDS","Centers-Euclidean",0.51116813122437,-0.00911540714704162,0.505034739860939,-0.00581963212806941,0.0373333333333333,0.00366666666666667,FALSE,0,"L3",2
"Int-UMAP","Int-Euclidean",0.781743995313415,-0.0977867603983597,0.786605001072332,-0.0893520706593634,0.173,0.00266666666666668,FALSE,0,"L3",2
"Int-UMAP","Hausdorff",0.902572349150557,-0.00384417106033985,0.903375134310115,0.00110537665706713,0.291333333333333,0.00633333333333333,FALSE,0,"L3",2
"Int-UMAP","Ichino-Yaguchi",0.871958406561218,0.0251142355008788,0.879933977530622,0.0316425280744408,0.298666666666667,0.0106666666666667,FALSE,0,"L3",2
"Int-UMAP","Wasserstein",0.852158172231986,0.0111353251318101,0.864465932015862,0.0196141786039362,0.272,0.00833333333333333,FALSE,0,"L3",2
"Int-UMAP","Centers-Euclidean",0.601982425307557,-0.0833930872876392,0.612676092285307,-0.0956875795133533,0.120666666666667,-0.013,FALSE,0,"L3",2
"C-PCA","CR-Euclidean",0.943941417691857,0.0457574692442883,0.935380749889121,0.0561748295130847,0.380333333333333,0.0856666666666667,FALSE,0,"L3",2
"V-PCA","CR-Euclidean",0.944314001171646,0.0449888693614527,0.935741004196755,0.0553564278414447,0.378666666666667,0.084,FALSE,0,"L3",2
"MR-PCA","CR-Euclidean",0.737347978910369,0.228943175161101,0.745920158806407,0.254633587269451,0.138333333333333,0.02,FALSE,0,"L3",2
"SPCA","CR-Euclidean",0.943941417691857,0.0457574692442883,0.935380749889121,0.0561748295130847,0.380333333333333,0.0856666666666667,FALSE,0,"L3",2
"IMDS","CR-Euclidean",0.586746924428823,-0.088448740480375,0.585242577998886,-0.10205039636356,0.0626666666666667,-0.00066666666666667,FALSE,0,"L3",2
"Int-UMAP","CR-Euclidean",0.888302284710018,0.0103128295254833,0.8926092254603,0.0162915056442103,0.301666666666667,0.0126666666666667,FALSE,0,"L3",2
"C-PCA","Int-Euclidean",0.934613356766257,0.0522331575864089,0.92710563871435,0.0631088391292206,0.373,0.0763333333333333,FALSE,0,"L3",3
"C-PCA","Hausdorff",0.949100175746924,0.032241359109549,0.941533628458653,0.0390930530563908,0.384333333333333,0.0603333333333333,FALSE,0,"L3",3
"C-PCA","Ichino-Yaguchi",0.926312243702402,0.0591435266549502,0.922410943125279,0.0677359509585969,0.361,0.0606666666666666,FALSE,0,"L3",3
"C-PCA","Wasserstein",0.923294669009959,0.0574364381956649,0.918923131091738,0.0686072154333471,0.343,0.0663333333333333,FALSE,0,"L3",3
"C-PCA","Centers-Euclidean",0.841231400117165,0.136787346221441,0.838968443820338,0.15377494514375,0.224,0.04,FALSE,0,"L3",3
"V-PCA","Int-Euclidean",0.934125951962507,0.0532173403632102,0.926373152530695,0.0645748554271265,0.370666666666667,0.074,FALSE,0,"L3",3
"V-PCA","Hausdorff",0.948956063268893,0.0326654950205039,0.941075060452025,0.0401942831597261,0.381333333333333,0.0553333333333333,FALSE,0,"L3",3
"V-PCA","Ichino-Yaguchi",0.926568834212068,0.0588318687756297,0.921189131362239,0.0701774252158058,0.362,0.061,FALSE,0,"L3",3
"V-PCA","Wasserstein",0.923333333333333,0.0572794376098418,0.918158754363592,0.070066261959338,0.342333333333333,0.0676666666666667,FALSE,0,"L3",3
"V-PCA","Centers-Euclidean",0.840555360281195,0.138291739894552,0.838308561474386,0.154919915939024,0.225333333333333,0.039,FALSE,0,"L3",3
"MR-PCA","Int-Euclidean",0.737714118336262,0.223329818394845,0.742147162588966,0.253463646575455,0.146666666666667,0.026,FALSE,0,"L3",3
"MR-PCA","Hausdorff",0.752144112478032,0.200777973052138,0.769014032115911,0.207501393570585,0.165333333333333,0.0356666666666667,FALSE,0,"L3",3
"MR-PCA","Ichino-Yaguchi",0.720019332161687,0.262206209724663,0.729415417288995,0.281022545369915,0.151333333333333,0.038,FALSE,0,"L3",3
"MR-PCA","Wasserstein",0.748770943175161,0.234458113649678,0.752349613738004,0.255778806765837,0.166333333333333,0.037,FALSE,0,"L3",3
"MR-PCA","Centers-Euclidean",0.841231400117165,0.136787346221441,0.838968443820338,0.15377494514375,0.224,0.04,FALSE,0,"L3",3
"SPCA","Int-Euclidean",0.934613356766257,0.0522331575864089,0.92710563871435,0.0631088391292206,0.373,0.0763333333333333,FALSE,0,"L3",3
"SPCA","Hausdorff",0.949100175746924,0.032241359109549,0.941533628458653,0.0390930530563908,0.384333333333333,0.0603333333333333,FALSE,0,"L3",3
"SPCA","Ichino-Yaguchi",0.926312243702402,0.0591435266549502,0.922410943125279,0.0677359509585969,0.361,0.0606666666666666,FALSE,0,"L3",3
"SPCA","Wasserstein",0.923294669009959,0.0574364381956649,0.918923131091738,0.0686072154333471,0.343,0.0663333333333333,FALSE,0,"L3",3
"SPCA","Centers-Euclidean",0.841231400117165,0.136787346221441,0.838968443820338,0.15377494514375,0.224,0.04,FALSE,0,"L3",3
"IMDS","Int-Euclidean",0.517517867603984,-0.0775547744581137,0.502090208499038,-0.0659576259360257,0.034,0.00133333333333333,TRUE,0,"L3",3
"IMDS","Hausdorff",0.585106303456356,-0.107692489748096,0.589978275650795,-0.122642412167441,0.0553333333333333,0.00133333333333333,TRUE,1.17164616286747e-06,"L3",3
"IMDS","Ichino-Yaguchi",0.567551845342706,-0.0837715289982425,0.575312136783156,-0.098946681705408,0.0566666666666667,-0.000999999999999997,FALSE,0,"L3",3
"IMDS","Wasserstein",0.562031634446397,-0.0844405389572349,0.570987846959161,-0.0957645494372523,0.053,0.00333333333333333,FALSE,0,"L3",3
"IMDS","Centers-Euclidean",0.49965553602812,-0.00461628588166385,0.499502160245496,-0.0079800203965617,0.0376666666666667,0.003,FALSE,0,"L3",3
"Int-UMAP","Int-Euclidean",0.765707088459285,-0.105534856473345,0.773837394453627,-0.0971991541705872,0.157333333333333,-0.00133333333333333,FALSE,0,"L3",3
"Int-UMAP","Hausdorff",0.897288810779145,-0.00124897480960751,0.898201847204484,0.00609287789097772,0.26,0.00833333333333333,FALSE,0,"L3",3
"Int-UMAP","Ichino-Yaguchi",0.860701230228471,0.0333181019332163,0.869445437201971,0.041267084576647,0.256666666666667,0.0153333333333333,FALSE,0,"L3",3
"Int-UMAP","Wasserstein",0.845132981839484,0.0116321031048623,0.855405978467703,0.0218287591518555,0.235333333333333,0.0186666666666667,FALSE,0,"L3",3
"Int-UMAP","Centers-Euclidean",0.576084358523726,-0.075575864089045,0.59171850319389,-0.0737876642098989,0.101333333333333,0.001,FALSE,0,"L3",3
"C-PCA","CR-Euclidean",0.939911540714704,0.0489572349150557,0.933183394196022,0.056334888636401,0.372333333333333,0.066,FALSE,0,"L3",3
"V-PCA","CR-Euclidean",0.94011072056239,0.0486596367896895,0.93279939200254,0.0571380612028875,0.374666666666667,0.0646666666666667,FALSE,0,"L3",3
"MR-PCA","CR-Euclidean",0.734336848271822,0.226384299941418,0.747103099506697,0.242073499468747,0.150333333333333,0.0403333333333333,FALSE,0,"L3",3
"SPCA","CR-Euclidean",0.939911540714704,0.0489572349150557,0.933183394196022,0.056334888636401,0.372333333333333,0.066,FALSE,0,"L3",3
"IMDS","CR-Euclidean",0.574365553602812,-0.0880445225541886,0.581092225434356,-0.10602697516658,0.0576666666666667,-0.000999999999999997,TRUE,0,"L3",3
"Int-UMAP","CR-Euclidean",0.879534856473345,0.0203561804335091,0.883434523982233,0.026875547967613,0.261666666666667,0.019,FALSE,0,"L3",3
"C-PCA","Int-Euclidean",0.918959578207381,0.0640632688927943,0.914410022624125,0.0725104780695513,0.305333333333333,0.0483333333333333,FALSE,0,"L3",4
"C-PCA","Hausdorff",0.942033977738723,0.0334247217340363,0.933939942979897,0.041428646652982,0.335666666666667,0.0513333333333333,FALSE,0,"L3",4
"C-PCA","Ichino-Yaguchi",0.917425307557118,0.0682261277094317,0.913448700713235,0.0762758866002758,0.33,0.047,FALSE,0,"L3",4
"C-PCA","Wasserstein",0.911915641476274,0.063219683655536,0.908674267248996,0.0740907280080284,0.313333333333333,0.055,FALSE,0,"L3",4
"C-PCA","Centers-Euclidean",0.820990041007616,0.146249560632689,0.822768012677002,0.168837053640992,0.202333333333333,0.057,FALSE,0,"L3",4
"V-PCA","Int-Euclidean",0.919615700058582,0.0627346221441125,0.913488239584528,0.0742767625808605,0.309666666666667,0.0536666666666667,FALSE,0,"L3",4
"V-PCA","Hausdorff",0.94208611599297,0.0332735793790275,0.933903736242952,0.0415448223114988,0.336333333333333,0.05,FALSE,0,"L3",4
"V-PCA","Ichino-Yaguchi",0.917023432923257,0.0690415934387816,0.913303798541046,0.076403820294717,0.328666666666667,0.0506666666666667,FALSE,0,"L3",4
"V-PCA","Wasserstein",0.911591095489162,0.0637469244288225,0.908701097032888,0.0738798187183818,0.312333333333333,0.0563333333333333,FALSE,0,"L3",4
"V-PCA","Centers-Euclidean",0.821240773286467,0.1457129466901,0.823321906898892,0.16777465161503,0.203,0.059,FALSE,0,"L3",4
"MR-PCA","Int-Euclidean",0.722341534856473,0.212950205038078,0.72975649167473,0.244244829050992,0.132333333333333,0.028,FALSE,0,"L3",4
"MR-PCA","Hausdorff",0.730565905096661,0.197867603983597,0.750461571609878,0.20611292442879,0.139333333333333,0.018,FALSE,0,"L3",4
"MR-PCA","Ichino-Yaguchi",0.706957820738137,0.252055067369654,0.716014424971557,0.275647623069822,0.133666666666667,0.0233333333333333,FALSE,0,"L3",4
"MR-PCA","Wasserstein",0.73410661980082,0.227472759226714,0.740315156505921,0.249177221495821,0.145666666666667,0.035,FALSE,0,"L3",4
"MR-PCA","Centers-Euclidean",0.820990041007616,0.146249560632689,0.822768012677002,0.168837053640992,0.202333333333333,0.057,FALSE,0,"L3",4
"SPCA","Int-Euclidean",0.918959578207381,0.0640632688927943,0.914410022624125,0.0725104780695513,0.305333333333333,0.0483333333333333,FALSE,0,"L3",4
"SPCA","Hausdorff",0.942033977738723,0.0334247217340363,0.933939942979897,0.041428646652982,0.335666666666667,0.0513333333333333,FALSE,0,"L3",4
"SPCA","Ichino-Yaguchi",0.917425307557118,0.0682261277094317,0.913448700713235,0.0762758866002758,0.33,0.047,FALSE,0,"L3",4
"SPCA","Wasserstein",0.911915641476274,0.063219683655536,0.908674267248996,0.0740907280080284,0.313333333333333,0.055,FALSE,0,"L3",4
"SPCA","Centers-Euclidean",0.820990041007616,0.146249560632689,0.822768012677002,0.168837053640992,0.202333333333333,0.057,FALSE,0,"L3",4
"IMDS","Int-Euclidean",0.506559191564148,-0.0661856590509666,0.494767711165283,-0.0609482721643736,0.0263333333333333,-0.00333333333333333,TRUE,1.17164616286747e-06,"L3",4
"IMDS","Hausdorff",0.578091974223784,-0.0941101347393087,0.581642994772825,-0.124153437532959,0.0523333333333333,-0.00533333333333333,TRUE,0,"L3",4
"IMDS","Ichino-Yaguchi",0.567401288810779,-0.0659402460456943,0.574320036574415,-0.0933025895773049,0.0543333333333333,-0.00466666666666667,FALSE,0,"L3",4
"IMDS","Wasserstein",0.558103104862332,-0.0791728178090217,0.566645299096094,-0.107534082414943,0.0496666666666667,-0.00666666666666666,FALSE,0,"L3",4
"IMDS","Centers-Euclidean",0.504792032806093,-0.00719859402460465,0.503134249628061,-0.0256211425421216,0.036,-0.002,FALSE,0,"L3",4
"Int-UMAP","Int-Euclidean",0.796636789689514,-0.0759074399531341,0.791044385012043,-0.0587371725109125,0.172333333333333,0.0146666666666667,FALSE,0,"L3",4
"Int-UMAP","Hausdorff",0.905906268306971,-0.00599414176918578,0.905943361699077,-0.000503476979718434,0.286666666666667,-0.000333333333333338,FALSE,0,"L3",4
"Int-UMAP","Ichino-Yaguchi",0.876140597539543,0.0323772700644406,0.881276829208196,0.034536369697581,0.293,0,FALSE,0,"L3",4
"Int-UMAP","Wasserstein",0.860847685998828,0.00847685998828351,0.868230145399574,0.0134753339925448,0.272333333333333,0.014,FALSE,0,"L3",4
"Int-UMAP","Centers-Euclidean",0.610314001171646,-0.118924428822496,0.610630782013014,-0.126923287834847,0.122333333333333,-0.009,FALSE,0,"L3",4
"C-PCA","CR-Euclidean",0.9321640304628,0.0537363796133568,0.925477281230143,0.0603948544660963,0.330666666666667,0.0463333333333333,FALSE,0,"L3",4
"V-PCA","CR-Euclidean",0.931994727592267,0.0542460456942003,0.925533080088052,0.0603839653488732,0.331,0.0483333333333333,FALSE,0,"L3",4
"MR-PCA","CR-Euclidean",0.717811950790861,0.218970123022847,0.731995200068531,0.237514333704389,0.126,0.022,FALSE,0,"L3",4
"SPCA","CR-Euclidean",0.9321640304628,0.0537363796133568,0.925477281230143,0.0603948544660963,0.330666666666667,0.0463333333333333,FALSE,0,"L3",4
"IMDS","CR-Euclidean",0.573335676625659,-0.0746994727592267,0.578679677265786,-0.105077182547998,0.054,-0.003,FALSE,0,"L3",4
"Int-UMAP","CR-Euclidean",0.893454598711189,0.0142671353251318,0.894143568550854,0.0173070443976006,0.298,-0.003,FALSE,0,"L3",4
"C-PCA","Int-Euclidean",0.931771528998243,0.0500714704159344,0.924198108551281,0.0611887759652789,0.345333333333333,0.047,FALSE,0,"L3",5
"C-PCA","Hausdorff",0.947342706502636,0.0320515524311658,0.937683293103626,0.0416191992960223,0.346666666666667,0.0526666666666667,FALSE,0,"L3",5
"C-PCA","Ichino-Yaguchi",0.92694258933802,0.0594973637961336,0.919755783183598,0.0709744708308137,0.342,0.0556666666666667,FALSE,0,"L3",5
"C-PCA","Wasserstein",0.92090978324546,0.058721734036321,0.915037172372745,0.0715076276784688,0.322666666666667,0.0583333333333333,FALSE,0,"L3",5
"C-PCA","Centers-Euclidean",0.83509021675454,0.138185120093732,0.830690545504397,0.161144210875208,0.202333333333333,0.044,FALSE,0,"L3",5
"V-PCA","Int-Euclidean",0.931664323374341,0.0502694786174575,0.925267998476475,0.0588924495109876,0.344666666666667,0.0443333333333333,FALSE,0,"L3",5
"V-PCA","Hausdorff",0.947551259519625,0.0317422378441711,0.938058373528499,0.0409116615184001,0.349,0.0556666666666667,FALSE,0,"L3",5
"V-PCA","Ichino-Yaguchi",0.92679086115993,0.0599390743995314,0.919279800725931,0.0720726873521514,0.343333333333333,0.0593333333333333,FALSE,0,"L3",5
"V-PCA","Wasserstein",0.920915055653193,0.0589009958992384,0.914587223701891,0.0725832523135728,0.325333333333333,0.0606666666666666,FALSE,0,"L3",5
"V-PCA","Centers-Euclidean",0.836501464557704,0.135214997070884,0.830807563215755,0.161024295488854,0.205,0.046,FALSE,0,"L3",5
"MR-PCA","Int-Euclidean",0.735769771528998,0.222222612770943,0.739978109696534,0.254095854014289,0.133333333333333,0.023,FALSE,0,"L3",5
"MR-PCA","Hausdorff",0.743270064440539,0.20679086115993,0.761164497670576,0.208685930870609,0.134,0.0253333333333333,FALSE,0,"L3",5
"MR-PCA","Ichino-Yaguchi",0.707890451083773,0.271021675454013,0.715461600778527,0.292258198424494,0.124,0.02,FALSE,0,"L3",5
"MR-PCA","Wasserstein",0.738565319273579,0.236980667838313,0.739830542430943,0.259205584168977,0.136,0.0236666666666667,FALSE,0,"L3",5
"MR-PCA","Centers-Euclidean",0.83509021675454,0.138185120093732,0.830690545504397,0.161144210875208,0.202333333333333,0.044,FALSE,0,"L3",5
"SPCA","Int-Euclidean",0.931771528998243,0.0500714704159344,0.924198108551281,0.0611887759652789,0.345333333333333,0.047,FALSE,0,"L3",5
"SPCA","Hausdorff",0.947342706502636,0.0320515524311658,0.937683293103626,0.0416191992960223,0.346666666666667,0.0526666666666667,FALSE,0,"L3",5
"SPCA","Ichino-Yaguchi",0.92694258933802,0.0594973637961336,0.919755783183598,0.0709744708308137,0.342,0.0556666666666667,FALSE,0,"L3",5
"SPCA","Wasserstein",0.92090978324546,0.058721734036321,0.915037172372745,0.0715076276784688,0.322666666666667,0.0583333333333333,FALSE,0,"L3",5
"SPCA","Centers-Euclidean",0.83509021675454,0.138185120093732,0.830690545504397,0.161144210875208,0.202333333333333,0.044,FALSE,0,"L3",5
"IMDS","Int-Euclidean",0.526528412419449,-0.0307721148213239,0.510027553626945,-0.0213112167425589,0.0286666666666667,-0.003,FALSE,0,"L3",5
"IMDS","Hausdorff",0.582123608670182,-0.11202460456942,0.585742583909376,-0.134250794807305,0.0476666666666667,-0.00233333333333334,TRUE,0,"L3",5
"IMDS","Ichino-Yaguchi",0.573490333919156,-0.0925530169888694,0.575427174096766,-0.106973827892382,0.0496666666666667,0.002,FALSE,0,"L3",5
"IMDS","Wasserstein",0.567780316344464,-0.103169302870533,0.569921297611871,-0.11434836086777,0.045,0.007,FALSE,0,"L3",5
"IMDS","Centers-Euclidean",0.502896895137668,-0.00798476859988284,0.491029685548147,-0.00460226321082646,0.0296666666666667,-0.000666666666666666,FALSE,0,"L3",5
"Int-UMAP","Int-Euclidean",0.773486233157586,-0.0897211482132396,0.778772066658653,-0.0764883080540934,0.162333333333333,0.012,FALSE,0,"L3",5
"Int-UMAP","Hausdorff",0.887476859988284,-0.0128986526069127,0.886496828369981,-0.00266161158627864,0.244666666666667,0.022,FALSE,0,"L3",5
"Int-UMAP","Ichino-Yaguchi",0.854217926186292,0.021518453427065,0.858614605847884,0.0336507956977164,0.251,0.0236666666666667,FALSE,0,"L3",5
"Int-UMAP","Wasserstein",0.838436438195665,0.0105623901581723,0.846288184256206,0.0238210945520179,0.239,0.0156666666666667,FALSE,0,"L3",5
"Int-UMAP","Centers-Euclidean",0.587115407147042,-0.0785448154657293,0.593281681796752,-0.0792284063340182,0.101333333333333,0.000666666666666663,FALSE,0,"L3",5
"C-PCA","CR-Euclidean",0.939748681898067,0.0467311072056239,0.930394826065043,0.0566194779333797,0.348,0.0533333333333333,FALSE,0,"L3",5
"V-PCA","CR-Euclidean",0.939475688342121,0.0473333333333333,0.93014795950716,0.0571548485279734,0.348666666666667,0.053,FALSE,0,"L3",5
"MR-PCA","CR-Euclidean",0.723023432923257,0.233981253661394,0.736268398701043,0.246032501857966,0.118666666666667,0.0196666666666667,FALSE,0,"L3",5
"SPCA","CR-Euclidean",0.939748681898067,0.0467311072056239,0.930394826065043,0.0566194779333797,0.348,0.0533333333333333,FALSE,0,"L3",5
"IMDS","CR-Euclidean",0.576504979496192,-0.101719976567077,0.580703073439136,-0.117435520014836,0.046,0.000666666666666666,FALSE,0,"L3",5
"Int-UMAP","CR-Euclidean",0.870888107791447,0.00748916227299357,0.872731721504494,0.0170563720986213,0.253,0.02,FALSE,0,"L3",5
"C-PCA","Int-Euclidean",0.939374340949033,0.0472595196250731,0.932699616033116,0.0549398734356969,0.35,0.0526666666666667,FALSE,0,"L3",6
"C-PCA","Hausdorff",0.951848857644991,0.0315313415348565,0.942220731294875,0.0414502084253489,0.367,0.066,FALSE,0,"L3",6
"C-PCA","Ichino-Yaguchi",0.934062097246631,0.0584885764499121,0.92513359701792,0.0711497820871642,0.373666666666667,0.0703333333333333,FALSE,0,"L3",6
"C-PCA","Wasserstein",0.929268306971295,0.0583936731107205,0.921348014528444,0.0730509884871342,0.361,0.071,FALSE,0,"L3",6
"C-PCA","Centers-Euclidean",0.8506719390744,0.129859402460457,0.847593027648962,0.146076136621653,0.221333333333333,0.0353333333333333,FALSE,0,"L3",6
"V-PCA","Int-Euclidean",0.939501464557704,0.0468037492677211,0.932772757188038,0.0547283976601831,0.352,0.057,FALSE,0,"L3",6
"V-PCA","Hausdorff",0.951944932630346,0.0311540714704159,0.941879341427173,0.0415830363120511,0.371333333333333,0.0716666666666667,FALSE,0,"L3",6
"V-PCA","Ichino-Yaguchi",0.933803749267721,0.0583866432337434,0.925174899057285,0.0707269241828518,0.374333333333333,0.0676666666666667,FALSE,0,"L3",6
"V-PCA","Wasserstein",0.929109548916227,0.0580410076157001,0.921284571949309,0.0726847853102999,0.361,0.0696666666666667,FALSE,0,"L3",6
"V-PCA","Centers-Euclidean",0.850401288810779,0.130421792618629,0.848188215466661,0.144950932959238,0.220333333333333,0.0323333333333333,FALSE,0,"L3",6
"MR-PCA","Int-Euclidean",0.740943175161101,0.223439953134153,0.748555936180838,0.245874036264,0.141666666666667,0.036,FALSE,0,"L3",6
"MR-PCA","Hausdorff",0.749687756297598,0.219734036321031,0.763889159594421,0.232207194738958,0.145333333333333,0.035,FALSE,0,"L3",6
"MR-PCA","Ichino-Yaguchi",0.722553602811951,0.27697129466901,0.730187874500506,0.294414122354499,0.137333333333333,0.033,FALSE,0,"L3",6
"MR-PCA","Wasserstein",0.751971880492091,0.240154657293497,0.756793571782433,0.25744221959295,0.15,0.0306666666666667,FALSE,0,"L3",6
"MR-PCA","Centers-Euclidean",0.8506719390744,0.129859402460457,0.847593027648962,0.146076136621653,0.221333333333333,0.0353333333333333,FALSE,0,"L3",6
"SPCA","Int-Euclidean",0.939374340949033,0.0472595196250731,0.932699616033116,0.0549398734356969,0.35,0.0526666666666667,FALSE,0,"L3",6
"SPCA","Hausdorff",0.951848857644991,0.0315313415348565,0.942220731294875,0.0414502084253489,0.367,0.066,FALSE,0,"L3",6
"SPCA","Ichino-Yaguchi",0.934062097246631,0.0584885764499121,0.92513359701792,0.0711497820871642,0.373666666666667,0.0703333333333333,FALSE,0,"L3",6
"SPCA","Wasserstein",0.929268306971295,0.0583936731107205,0.921348014528444,0.0730509884871342,0.361,0.071,FALSE,0,"L3",6
"SPCA","Centers-Euclidean",0.8506719390744,0.129859402460457,0.847593027648962,0.146076136621653,0.221333333333333,0.0353333333333333,FALSE,0,"L3",6
"IMDS","Int-Euclidean",0.47884417106034,-0.103007615700059,0.468767141762551,-0.11267866449959,0.0313333333333333,-0.000333333333333333,FALSE,0,"L3",6
"IMDS","Hausdorff",0.571011716461629,-0.0695711775043937,0.571831959259687,-0.101057260667781,0.0526666666666667,-0.00166666666666667,TRUE,0,"L3",6
"IMDS","Ichino-Yaguchi",0.564373755125952,-0.0546408904510838,0.565357153219689,-0.0860530519387711,0.0556666666666667,-0.011,FALSE,0,"L3",6
"IMDS","Wasserstein",0.555332747510252,-0.0610251903925014,0.558686723029708,-0.0927507064570024,0.0523333333333333,-0.00233333333333333,FALSE,0,"L3",6
"IMDS","Centers-Euclidean",0.5056719390744,-0.00283069712946693,0.498455741103984,-0.0152400879173785,0.0306666666666667,0.003,FALSE,0,"L3",6
"Int-UMAP","Int-Euclidean",0.802898066783831,-0.0678418277680141,0.803283305262347,-0.0674485046692099,0.177,0.00266666666666668,FALSE,0,"L3",6
"Int-UMAP","Hausdorff",0.909861159929701,0.00175629759812534,0.906351722784845,0.00519180305696652,0.298666666666667,0.00533333333333333,FALSE,0,"L3",6
"Int-UMAP","Ichino-Yaguchi",0.882551259519625,0.0327416520210896,0.884641434403623,0.03621271651773,0.305666666666667,0.00233333333333333,FALSE,0,"L3",6
"Int-UMAP","Wasserstein",0.867095489162273,0.0111985940246047,0.872517848526592,0.0201716068379296,0.292,0.0126666666666667,FALSE,0,"L3",6
"Int-UMAP","Centers-Euclidean",0.617850615114235,-0.101081429408319,0.624216750388365,-0.0992119122306141,0.118666666666667,0.00133333333333333,FALSE,0,"L3",6
"C-PCA","CR-Euclidean",0.944886350322203,0.0470427650849443,0.935432767569007,0.0560408671194562,0.380333333333333,0.0643333333333334,FALSE,0,"L3",6
"V-PCA","CR-Euclidean",0.94499589923843,0.0466502636203866,0.935389353105379,0.0559779319212944,0.381,0.067,FALSE,0,"L3",6
"MR-PCA","CR-Euclidean",0.735863503222027,0.241306385471588,0.746237588164161,0.258724408924194,0.134,0.0296666666666667,FALSE,0,"L3",6
"SPCA","CR-Euclidean",0.944886350322203,0.0470427650849443,0.935432767569007,0.0560408671194562,0.380333333333333,0.0643333333333334,FALSE,0,"L3",6
"IMDS","CR-Euclidean",0.56727475102519,-0.0662706502636203,0.570991909844926,-0.094666372830908,0.054,-0.00666666666666667,TRUE,0,"L3",6
"Int-UMAP","CR-Euclidean",0.898125951962507,0.0187521968365554,0.896734428508639,0.0220022558112009,0.31,0.00166666666666668,FALSE,0,"L3",6
"C-PCA","Int-Euclidean",0.92177855887522,0.0617410661980081,0.915096794626459,0.0728196826358879,0.338333333333333,0.0683333333333333,FALSE,0,"L3",7
"C-PCA","Hausdorff",0.947681312243702,0.0339566490919742,0.940588918860955,0.0402034421155069,0.367333333333333,0.056,FALSE,0,"L3",7
"C-PCA","Ichino-Yaguchi",0.925496192149971,0.0617270064440538,0.92105307343146,0.0711616306994197,0.361,0.0596666666666666,FALSE,0,"L3",7
"C-PCA","Wasserstein",0.920449912126538,0.0619332161687171,0.917107214588991,0.0710823150020656,0.342,0.0656666666666667,FALSE,0,"L3",7
"C-PCA","Centers-Euclidean",0.835468072642062,0.138516695957821,0.838857808669936,0.148339134056501,0.222666666666667,0.0443333333333333,FALSE,0,"L3",7
"V-PCA","Int-Euclidean",0.921820152314001,0.0612196836555361,0.915840575985636,0.0707734850225896,0.339666666666667,0.0666666666666667,FALSE,0,"L3",7
"V-PCA","Hausdorff",0.947449326303456,0.0346502636203867,0.940492591700475,0.0405699016694139,0.367666666666667,0.0566666666666667,FALSE,0,"L3",7
"V-PCA","Ichino-Yaguchi",0.92568834212068,0.0617410661980082,0.921804899964583,0.0698155343934449,0.361666666666667,0.0583333333333333,FALSE,0,"L3",7
"V-PCA","Wasserstein",0.920371411833626,0.0622565905096661,0.917455657128979,0.0702982954916168,0.340666666666667,0.064,FALSE,0,"L3",7
"V-PCA","Centers-Euclidean",0.835810193321617,0.137855887521968,0.838245466616251,0.149467672156053,0.223,0.044,FALSE,0,"L3",7
"MR-PCA","Int-Euclidean",0.737783245459871,0.226453427065026,0.746030873019199,0.246372054100782,0.13,0.0233333333333333,FALSE,0,"L3",7
"MR-PCA","Hausdorff",0.768504393673111,0.182674868189807,0.791296468152518,0.177042842451069,0.171,0.0263333333333333,FALSE,0,"L3",7
"MR-PCA","Ichino-Yaguchi",0.719509666080844,0.257205623901582,0.735873592593497,0.265135337158111,0.148,0.036,FALSE,0,"L3",7
"MR-PCA","Wasserstein",0.7482050380785,0.225471587580551,0.757198897025918,0.241071052833174,0.164,0.0323333333333333,FALSE,0,"L3",7
"MR-PCA","Centers-Euclidean",0.835468072642062,0.138516695957821,0.838857808669936,0.148339134056501,0.222666666666667,0.0443333333333333,FALSE,0,"L3",7
"SPCA","Int-Euclidean",0.92177855887522,0.0617410661980081,0.915096794626459,0.0728196826358879,0.338333333333333,0.0683333333333333,FALSE,0,"L3",7
"SPCA","Hausdorff",0.947681312243702,0.0339566490919742,0.940588918860955,0.0402034421155069,0.367333333333333,0.056,FALSE,0,"L3",7
"SPCA","Ichino-Yaguchi",0.925496192149971,0.0617270064440538,0.92105307343146,0.0711616306994197,0.361,0.0596666666666666,FALSE,0,"L3",7
"SPCA","Wasserstein",0.920449912126538,0.0619332161687171,0.917107214588991,0.0710823150020656,0.342,0.0656666666666667,FALSE,0,"L3",7
"SPCA","Centers-Euclidean",0.835468072642062,0.138516695957821,0.838857808669936,0.148339134056501,0.222666666666667,0.0443333333333333,FALSE,0,"L3",7
"IMDS","Int-Euclidean",0.458562975981254,-0.131694200351494,0.44807208893429,-0.114825457107271,0.0286666666666667,-0.00266666666666667,TRUE,0,"L3",7
"IMDS","Hausdorff",0.548504979496192,-0.0477445811364967,0.554813900181506,-0.0729262218938958,0.0413333333333333,-0.000333333333333335,TRUE,0,"L3",7
"IMDS","Ichino-Yaguchi",0.542759226713532,-0.0346736965436438,0.548526072857451,-0.0478904357995732,0.046,-0.004,TRUE,0,"L3",7
"IMDS","Wasserstein",0.53232396016403,-0.0236332747510252,0.539557694282776,-0.0378626227251716,0.0406666666666667,-0.00766666666666667,TRUE,0,"L3",7
"IMDS","Centers-Euclidean",0.504942003514938,-0.00259871118922095,0.498378765806913,0.0119241329580709,0.0253333333333333,-0.001,TRUE,0,"L3",7
"Int-UMAP","Int-Euclidean",0.769343878148799,-0.113551259519625,0.771588077115153,-0.0907802367972332,0.165,0.000666666666666677,FALSE,0,"L3",7
"Int-UMAP","Hausdorff",0.899314001171646,-0.0156403046280024,0.899358094752975,-0.00284839840321606,0.294666666666667,0.021,FALSE,0,"L3",7
"Int-UMAP","Ichino-Yaguchi",0.868837141183363,0.0152302284710017,0.873366713781711,0.0349667085927616,0.294666666666667,0.0233333333333333,FALSE,0,"L3",7
"Int-UMAP","Wasserstein",0.85425014645577,-0.0007088459285296,0.862753763024377,0.0237200927317407,0.276333333333333,0.0233333333333333,FALSE,0,"L3",7
"Int-UMAP","Centers-Euclidean",0.593846514352665,-0.070448740480375,0.600334105381416,-0.073544569618887,0.120333333333333,-0.011,FALSE,0,"L3",7
"C-PCA","CR-Euclidean",0.938882249560633,0.0502565905096661,0.932473477638316,0.0566340315540304,0.37,0.059,FALSE,0,"L3",7
"V-PCA","CR-Euclidean",0.938929701230228,0.0504311657879321,0.933096017205204,0.0555147552681267,0.369666666666667,0.0593333333333333,FALSE,0,"L3",7
"MR-PCA","CR-Euclidean",0.737742823667253,0.218189806678383,0.760124810346212,0.217461619814908,0.148666666666667,0.03,FALSE,0,"L3",7
"SPCA","CR-Euclidean",0.938882249560633,0.0502565905096661,0.932473477638316,0.0566340315540304,0.37,0.059,FALSE,0,"L3",7
"IMDS","CR-Euclidean",0.54331575864089,-0.0357984768599884,0.550526281490051,-0.0525274480824914,0.0426666666666667,-0.004,FALSE,0,"L3",7
"Int-UMAP","CR-Euclidean",0.885051552431166,0.000277680140597591,0.886324876113839,0.0175422035808969,0.301,0.0236666666666667,FALSE,0,"L3",7
"C-PCA","Int-Euclidean",0.931832454598711,0.0538441710603398,0.927392326618864,0.0593658167689949,0.370666666666667,0.0676666666666667,FALSE,0,"L3",8
"C-PCA","Hausdorff",0.949006444053896,0.0311353251318102,0.94240714966572,0.0362163150078993,0.377,0.0523333333333333,FALSE,0,"L3",8
"C-PCA","Ichino-Yaguchi",0.927960749853544,0.0578101933216169,0.925624510753483,0.0626834420172546,0.378666666666667,0.0546666666666667,FALSE,0,"L3",8
"C-PCA","Wasserstein",0.922789103690685,0.0556028119507909,0.921309797457507,0.0621972635815754,0.352666666666667,0.0496666666666667,FALSE,0,"L3",8
"C-PCA","Centers-Euclidean",0.844237258347979,0.132537785588752,0.844216764205094,0.145945685212247,0.222666666666667,0.0446666666666667,FALSE,0,"L3",8
"V-PCA","Int-Euclidean",0.931602226127709,0.0545600468658466,0.927384483322671,0.0594709774245403,0.37,0.0666666666666667,FALSE,0,"L3",8
"V-PCA","Hausdorff",0.949228471001757,0.0307779730521383,0.942299413725507,0.0365526832623998,0.378,0.0523333333333333,FALSE,0,"L3",8
"V-PCA","Ichino-Yaguchi",0.927968365553603,0.0581066198008201,0.92550317531448,0.062961907433139,0.377333333333333,0.0553333333333333,FALSE,0,"L3",8
"V-PCA","Wasserstein",0.922851786760398,0.0558922085530169,0.920907141913,0.0629545692151315,0.353,0.0506666666666667,FALSE,0,"L3",8
"V-PCA","Centers-Euclidean",0.842745166959578,0.135437609841828,0.843366515741936,0.147725001968884,0.223,0.0453333333333333,FALSE,0,"L3",8
"MR-PCA","Int-Euclidean",0.740252489748096,0.231504393673111,0.745577469398633,0.256028402895188,0.15,0.0276666666666667,FALSE,0,"L3",8
"MR-PCA","Hausdorff",0.75014762741652,0.200609256004687,0.764805447414069,0.215293733668435,0.158666666666667,0.036,FALSE,0,"L3",8
"MR-PCA","Ichino-Yaguchi",0.722498535442296,0.26377855887522,0.72637971470912,0.29098686597144,0.153333333333333,0.038,FALSE,0,"L3",8
"MR-PCA","Wasserstein",0.751199179847686,0.232835383714118,0.753650447209121,0.254201380045543,0.171,0.0373333333333333,FALSE,0,"L3",8
"MR-PCA","Centers-Euclidean",0.844237258347979,0.132537785588752,0.844216764205094,0.145945685212247,0.222666666666667,0.0446666666666667,FALSE,0,"L3",8
"SPCA","Int-Euclidean",0.931832454598711,0.0538441710603398,0.927392326618864,0.0593658167689949,0.370666666666667,0.0676666666666667,FALSE,0,"L3",8
"SPCA","Hausdorff",0.949006444053896,0.0311353251318102,0.94240714966572,0.0362163150078993,0.377,0.0523333333333333,FALSE,0,"L3",8
"SPCA","Ichino-Yaguchi",0.927960749853544,0.0578101933216169,0.925624510753483,0.0626834420172546,0.378666666666667,0.0546666666666667,FALSE,0,"L3",8
"SPCA","Wasserstein",0.922789103690685,0.0556028119507909,0.921309797457507,0.0621972635815754,0.352666666666667,0.0496666666666667,FALSE,0,"L3",8
"SPCA","Centers-Euclidean",0.844237258347979,0.132537785588752,0.844216764205094,0.145945685212247,0.222666666666667,0.0446666666666667,FALSE,0,"L3",8
"IMDS","Int-Euclidean",0.491732009373169,-0.075427603983597,0.483795882246471,-0.0692365962765759,0.0316666666666667,-0.000333333333333333,TRUE,1.17164616286747e-06,"L3",8
"IMDS","Hausdorff",0.581318101933216,-0.0944815465729351,0.58504787189375,-0.111475878371646,0.0563333333333333,-0.003,TRUE,0,"L3",8
"IMDS","Ichino-Yaguchi",0.572054481546573,-0.0706748681898066,0.569015940359631,-0.0927411237882154,0.0556666666666667,-0.00133333333333334,FALSE,0,"L3",8
"IMDS","Wasserstein",0.565349150556532,-0.0738031634446397,0.569369356921866,-0.0911994102406213,0.052,-0.006,FALSE,0,"L3",8
"IMDS","Centers-Euclidean",0.505140597539543,-0.00177270064440538,0.500754602927949,-0.00866981135406553,0.0273333333333333,0.000666666666666666,TRUE,0,"L3",8
"Int-UMAP","Int-Euclidean",0.758724077328647,-0.121731693028705,0.764317801334788,-0.11573517200215,0.157,0.00766666666666668,FALSE,0,"L3",8
"Int-UMAP","Hausdorff",0.893681898066784,-0.0117973052138255,0.893456368997533,-0.0102410712078876,0.274,0.00833333333333333,FALSE,0,"L3",8
"Int-UMAP","Ichino-Yaguchi",0.861545987111892,0.021493848857645,0.86928873784646,0.0225632825353635,0.278666666666667,0.0246666666666667,FALSE,0,"L3",8
"Int-UMAP","Wasserstein",0.8430820152314,0.000725248974809523,0.856333416387223,0.00502772940643487,0.255666666666667,0.0103333333333333,FALSE,0,"L3",8
"Int-UMAP","Centers-Euclidean",0.596270064440539,-0.0921089630931458,0.613570438372555,-0.09864052142491,0.114,-0.00233333333333333,FALSE,0,"L3",8
"C-PCA","CR-Euclidean",0.941736965436438,0.0470943175161102,0.936056369488795,0.0501466031649826,0.386,0.0503333333333333,FALSE,0,"L3",8
"V-PCA","CR-Euclidean",0.941671939074399,0.047252489748096,0.935904984200571,0.050253956074778,0.386333333333333,0.05,FALSE,0,"L3",8
"MR-PCA","CR-Euclidean",0.734615114235501,0.228581136496778,0.74456505629626,0.249366633491166,0.149,0.036,FALSE,0,"L3",8
"SPCA","CR-Euclidean",0.941736965436438,0.0470943175161102,0.936056369488795,0.0501466031649826,0.386,0.0503333333333333,FALSE,0,"L3",8
"IMDS","CR-Euclidean",0.578396602226128,-0.0775969537199765,0.578477685139172,-0.0986888722985801,0.0543333333333333,-0.00233333333333333,FALSE,0,"L3",8
"Int-UMAP","CR-Euclidean",0.877569420035149,0.00880726420620981,0.880639232477663,0.00851428872326213,0.283666666666667,0.0146666666666667,FALSE,0,"L3",8
"C-PCA","Int-Euclidean",0.929706502636204,0.0553450497949619,0.923689042704898,0.0654130549354659,0.355333333333333,0.07,FALSE,0,"L3",9
"C-PCA","Hausdorff",0.949239601640305,0.0298933801991799,0.940853817784678,0.038224527364261,0.381666666666667,0.075,FALSE,0,"L3",9
"C-PCA","Ichino-Yaguchi",0.925618629173989,0.0576367896895137,0.92109158909725,0.067758820714592,0.367,0.081,FALSE,0,"L3",9
"C-PCA","Wasserstein",0.921834797891037,0.0563374340949033,0.917136729423783,0.0687357693453772,0.347666666666667,0.0766666666666666,FALSE,0,"L3",9
"C-PCA","Centers-Euclidean",0.840196250732279,0.137065026362039,0.842787303132728,0.147494735442657,0.217333333333333,0.0436666666666667,FALSE,0,"L3",9
"V-PCA","Int-Euclidean",0.929535442296426,0.0567627416520211,0.922883783812413,0.0674867278809145,0.355666666666667,0.074,FALSE,0,"L3",9
"V-PCA","Hausdorff",0.949065026362039,0.0303456356180434,0.940853329593605,0.0384303045068787,0.380333333333333,0.0733333333333333,FALSE,0,"L3",9
"V-PCA","Ichino-Yaguchi",0.926377855887522,0.0573110720562391,0.921054675404366,0.0687183832953911,0.368666666666667,0.0823333333333333,FALSE,0,"L3",9
"V-PCA","Wasserstein",0.922339191564148,0.0565612185120093,0.917324071212647,0.069293091651119,0.348333333333333,0.0793333333333333,FALSE,0,"L3",9
"V-PCA","Centers-Euclidean",0.840532513181019,0.136399531341535,0.841108566018555,0.15089707105314,0.22,0.0423333333333333,FALSE,0,"L3",9
"MR-PCA","Int-Euclidean",0.730548330404218,0.221708260105448,0.745356223660902,0.234030193850236,0.137,0.0226666666666667,FALSE,0,"L3",9
"MR-PCA","Hausdorff",0.763464557703573,0.184876391329818,0.78895337591035,0.176834822392864,0.160333333333333,0.0243333333333333,FALSE,0,"L3",9
"MR-PCA","Ichino-Yaguchi",0.724909197422378,0.257806678383128,0.746977021859446,0.249713450262771,0.143,0.0236666666666667,FALSE,0,"L3",9
"MR-PCA","Wasserstein",0.751640304628002,0.227439953134154,0.764438389902858,0.230776008878323,0.161333333333333,0.0233333333333333,FALSE,0,"L3",9
"MR-PCA","Centers-Euclidean",0.840196250732279,0.137065026362039,0.842787303132728,0.147494735442657,0.217333333333333,0.0436666666666667,FALSE,0,"L3",9
"SPCA","Int-Euclidean",0.929706502636204,0.0553450497949619,0.923689042704898,0.0654130549354659,0.355333333333333,0.07,FALSE,0,"L3",9
"SPCA","Hausdorff",0.949239601640305,0.0298933801991799,0.940853817784678,0.038224527364261,0.381666666666667,0.075,FALSE,0,"L3",9
"SPCA","Ichino-Yaguchi",0.925618629173989,0.0576367896895137,0.92109158909725,0.067758820714592,0.367,0.081,FALSE,0,"L3",9
"SPCA","Wasserstein",0.921834797891037,0.0563374340949033,0.917136729423783,0.0687357693453772,0.347666666666667,0.0766666666666666,FALSE,0,"L3",9
"SPCA","Centers-Euclidean",0.840196250732279,0.137065026362039,0.842787303132728,0.147494735442657,0.217333333333333,0.0436666666666667,FALSE,0,"L3",9
"IMDS","Int-Euclidean",0.52211482132396,-0.0329607498535442,0.510754939902604,-0.0142059364955527,0.0196666666666667,-0.003,TRUE,0,"L3",9
"IMDS","Hausdorff",0.59136086701816,-0.0793919156414762,0.597201965107234,-0.111067386794554,0.055,-0.00366666666666667,TRUE,0,"L3",9
"IMDS","Ichino-Yaguchi",0.581638547158758,-0.065758640890451,0.582238470439033,-0.0946066507897105,0.052,-0.00733333333333333,TRUE,0,"L3",9
"IMDS","Wasserstein",0.57684827182191,-0.0652677211482133,0.580884569984263,-0.0946500245707488,0.052,-0.00566666666666667,TRUE,0,"L3",9
"IMDS","Centers-Euclidean",0.5090820152314,-0.0165213825424722,0.507052669982988,-0.0260716922406635,0.0356666666666667,-0.000333333333333335,TRUE,0,"L3",9
"Int-UMAP","Int-Euclidean",0.778638547158758,-0.0935231400117164,0.767919011096829,-0.0632462664513099,0.175333333333333,0.0146666666666667,FALSE,0,"L3",9
"Int-UMAP","Hausdorff",0.913570591681312,0.00136965436438197,0.913574513539857,0.0102162947433642,0.298666666666667,0.035,FALSE,0,"L3",9
"Int-UMAP","Ichino-Yaguchi",0.880707088459285,0.0270146455770358,0.887669309806822,0.0360290937316113,0.300666666666667,0.0326666666666667,FALSE,0,"L3",9
"Int-UMAP","Wasserstein",0.867335090802578,0.00912126537785596,0.875806802528093,0.0224139421229526,0.287,0.0223333333333333,FALSE,0,"L3",9
"Int-UMAP","Centers-Euclidean",0.612204452255419,-0.0952396016403045,0.619795812548752,-0.105981797534881,0.119666666666667,-0.00633333333333334,FALSE,0,"L3",9
"C-PCA","CR-Euclidean",0.940584651435266,0.0484499121265377,0.932935512876193,0.0552758855256413,0.379666666666667,0.0723333333333333,FALSE,0,"L3",9
"V-PCA","CR-Euclidean",0.94066373755126,0.048422964264792,0.932869959407987,0.05564292998772,0.378,0.0743333333333333,FALSE,0,"L3",9
"MR-PCA","CR-Euclidean",0.742824253075571,0.211570005858231,0.7671037941811,0.205810757182818,0.145666666666667,0.0256666666666667,FALSE,0,"L3",9
"SPCA","CR-Euclidean",0.940584651435266,0.0484499121265377,0.932935512876193,0.0552758855256413,0.379666666666667,0.0723333333333333,FALSE,0,"L3",9
"IMDS","CR-Euclidean",0.585596367896895,-0.0645588752196837,0.590460256717885,-0.0972671677840562,0.0533333333333333,-0.00833333333333333,TRUE,0,"L3",9
"Int-UMAP","CR-Euclidean",0.900347393087288,0.019195079086116,0.902446456723013,0.0258287480984727,0.307333333333333,0.0263333333333333,FALSE,0,"L3",9
"C-PCA","Int-Euclidean",0.930405389572349,0.0517516110134739,0.92542309969706,0.0591331568783589,0.343333333333333,0.057,FALSE,0,"L3",10
"C-PCA","Hausdorff",0.948110134739309,0.0322507322788519,0.940928570123658,0.0380471804432499,0.359,0.0413333333333333,FALSE,0,"L3",10
"C-PCA","Ichino-Yaguchi",0.926678383128295,0.0603725834797891,0.922255058189152,0.0692787575629318,0.356,0.0476666666666667,FALSE,0,"L3",10
"C-PCA","Wasserstein",0.921546572934974,0.0576707674282366,0.917944926673854,0.0682544866371511,0.334,0.056,FALSE,0,"L3",10
"C-PCA","Centers-Euclidean",0.838662565905097,0.138862331575864,0.837477231182882,0.155667964364508,0.222333333333333,0.0493333333333333,FALSE,0,"L3",10
"V-PCA","Int-Euclidean",0.930443468072642,0.0514973637961336,0.925589077753332,0.0585632674904814,0.342666666666667,0.0596666666666667,FALSE,0,"L3",10
"V-PCA","Hausdorff",0.948411247803163,0.0315618043350908,0.941058227838773,0.0377265893574653,0.362666666666667,0.0436666666666667,FALSE,0,"L3",10
"V-PCA","Ichino-Yaguchi",0.92668424135911,0.0599976567076743,0.922267210769434,0.0690030769854293,0.357666666666667,0.049,FALSE,0,"L3",10
"V-PCA","Wasserstein",0.921507322788518,0.0572923257176332,0.917927247402186,0.0678906276985798,0.335333333333333,0.057,FALSE,0,"L3",10
"V-PCA","Centers-Euclidean",0.838251903925015,0.139336848271822,0.838859818236331,0.152621018038046,0.223333333333333,0.0483333333333333,FALSE,0,"L3",10
"MR-PCA","Int-Euclidean",0.733049794961921,0.221954305799648,0.741163154377531,0.244647482292711,0.147666666666667,0.0343333333333333,FALSE,0,"L3",10
"MR-PCA","Hausdorff",0.736838898652607,0.213000585823081,0.754329842613646,0.224404068381753,0.144333333333333,0.0286666666666667,FALSE,0,"L3",10
"MR-PCA","Ichino-Yaguchi",0.719847685998828,0.25168834212068,0.731867318570619,0.272781609873004,0.144333333333333,0.0263333333333333,FALSE,0,"L3",10
"MR-PCA","Wasserstein",0.748166959578207,0.228863503222027,0.756777047742784,0.243500187216671,0.170666666666667,0.0193333333333333,FALSE,0,"L3",10
"MR-PCA","Centers-Euclidean",0.838662565905097,0.138862331575864,0.837477231182882,0.155667964364508,0.222333333333333,0.0493333333333333,FALSE,0,"L3",10
"SPCA","Int-Euclidean",0.930405389572349,0.0517516110134739,0.92542309969706,0.0591331568783589,0.343333333333333,0.057,FALSE,0,"L3",10
"SPCA","Hausdorff",0.948110134739309,0.0322507322788519,0.940928570123658,0.0380471804432499,0.359,0.0413333333333333,FALSE,0,"L3",10
"SPCA","Ichino-Yaguchi",0.926678383128295,0.0603725834797891,0.922255058189152,0.0692787575629318,0.356,0.0476666666666667,FALSE,0,"L3",10
"SPCA","Wasserstein",0.921546572934974,0.0576707674282366,0.917944926673854,0.0682544866371511,0.334,0.056,FALSE,0,"L3",10
"SPCA","Centers-Euclidean",0.838662565905097,0.138862331575864,0.837477231182882,0.155667964364508,0.222333333333333,0.0493333333333333,FALSE,0,"L3",10
"IMDS","Int-Euclidean",0.527754586994728,-0.0864427885178676,0.515421868012477,-0.0886783893931739,0.0386666666666667,-0.00133333333333334,TRUE,5.50212831362806e-06,"L3",10
"IMDS","Hausdorff",0.573031634446397,-0.0789279437609841,0.576230082610219,-0.103650892414816,0.053,-0.00833333333333333,TRUE,0,"L3",10
"IMDS","Ichino-Yaguchi",0.561721734036321,-0.050091388400703,0.560986386991519,-0.0738879890104812,0.0503333333333333,-0.00933333333333333,FALSE,0,"L3",10
"IMDS","Wasserstein",0.560781487990627,-0.0637609841827768,0.562055027270384,-0.0850961728736784,0.053,-0.0106666666666667,FALSE,0,"L3",10
"IMDS","Centers-Euclidean",0.502315172817809,-0.00111306385471588,0.492877015918253,0.00154423126255887,0.0246666666666667,-0.000666666666666668,FALSE,0,"L3",10
"Int-UMAP","Int-Euclidean",0.771013473930873,-0.0802437024018746,0.774482205051611,-0.0661133435362197,0.165,0.002,FALSE,0,"L3",10
"Int-UMAP","Hausdorff",0.899565905096661,-0.004863503222027,0.898747536592454,0.00261851874538578,0.287333333333333,0.00266666666666666,FALSE,0,"L3",10
"Int-UMAP","Ichino-Yaguchi",0.869278265963679,0.0292302284710018,0.873036480922245,0.0393115646170778,0.292333333333333,0.01,FALSE,0,"L3",10
"Int-UMAP","Wasserstein",0.849981839484476,0.00846983011130642,0.858896179260077,0.0233896226851031,0.269,0.00433333333333334,FALSE,0,"L3",10
"Int-UMAP","Centers-Euclidean",0.593333919156415,-0.0823374340949032,0.601559960072725,-0.0891827558631672,0.11,-0.0106666666666667,FALSE,0,"L3",10
"C-PCA","CR-Euclidean",0.940387229056825,0.0485869947275923,0.933685283019563,0.0550523231831041,0.365333333333333,0.0473333333333333,FALSE,0,"L3",10
"V-PCA","CR-Euclidean",0.940642062097247,0.0479929701230228,0.933862612285866,0.054583292842643,0.366,0.0473333333333333,FALSE,0,"L3",10
"MR-PCA","CR-Euclidean",0.730605155243117,0.225641476274165,0.745165809952742,0.243416549953691,0.139666666666667,0.0283333333333333,FALSE,0,"L3",10
"SPCA","CR-Euclidean",0.940387229056825,0.0485869947275923,0.933685283019563,0.0550523231831041,0.365333333333333,0.0473333333333333,FALSE,0,"L3",10
"IMDS","CR-Euclidean",0.570400702987698,-0.0605225541886349,0.570272740684723,-0.0866839222253284,0.055,-0.012,TRUE,0,"L3",10
"Int-UMAP","CR-Euclidean",0.884140011716462,0.0164534270650264,0.885039611025319,0.0247311656114524,0.294,0.00700000000000001,FALSE,0,"L3",10
"C-PCA","Int-Euclidean",0.925854715875805,0.0570779144698301,0.920916767567164,0.0671085624876129,0.334,0.0826666666666667,FALSE,0,"L3",11
"C-PCA","Hausdorff",0.943699472759227,0.0346280023432923,0.934618153983754,0.0446344807512247,0.355666666666667,0.076,FALSE,0,"L3",11
"C-PCA","Ichino-Yaguchi",0.919416520210896,0.0663737551259519,0.9118150176478,0.0834887730637659,0.355666666666667,0.0776666666666667,FALSE,0,"L3",11
"C-PCA","Wasserstein",0.913525483304042,0.0624581136496778,0.907332944622706,0.0818471307951389,0.331666666666667,0.0766666666666667,FALSE,0,"L3",11
"C-PCA","Centers-Euclidean",0.828792618629174,0.141109548916227,0.826874511712978,0.169467701324702,0.216,0.065,FALSE,0,"L3",11
"V-PCA","Int-Euclidean",0.924957234915056,0.0592149970708846,0.91962264749089,0.0700017439781708,0.335,0.0706666666666667,FALSE,0,"L3",11
"V-PCA","Hausdorff",0.942643819566491,0.0359496192149971,0.933601765501563,0.0458586106542635,0.347666666666667,0.075,FALSE,0,"L3",11
"V-PCA","Ichino-Yaguchi",0.917611013473931,0.0693309900410076,0.911378886473008,0.083741250748598,0.352666666666667,0.07,FALSE,0,"L3",11
"V-PCA","Wasserstein",0.911773872290568,0.0653895723491505,0.90694191048203,0.081955246695384,0.329666666666667,0.071,FALSE,0,"L3",11
"V-PCA","Centers-Euclidean",0.823796133567663,0.149825424721734,0.824852177124932,0.171787054124577,0.209,0.0506666666666667,FALSE,0,"L3",11
"MR-PCA","Int-Euclidean",0.727949033391916,0.2177539543058,0.737271049517159,0.245699537124245,0.136333333333333,0.0313333333333333,FALSE,0,"L3",11
"MR-PCA","Hausdorff",0.734113649677797,0.203772700644405,0.742033002637613,0.23469870551071,0.137666666666667,0.0303333333333333,FALSE,0,"L3",11
"MR-PCA","Ichino-Yaguchi",0.713870533099004,0.252711189220855,0.715226006368284,0.290964769952239,0.137333333333333,0.03,FALSE,0,"L3",11
"MR-PCA","Wasserstein",0.741513766842414,0.229150556531927,0.740540187259656,0.262663587378449,0.157333333333333,0.0353333333333333,FALSE,0,"L3",11
"MR-PCA","Centers-Euclidean",0.828792618629174,0.141109548916227,0.826874511712978,0.169467701324702,0.216,0.065,FALSE,0,"L3",11
"SPCA","Int-Euclidean",0.925854715875805,0.0570779144698301,0.920916767567164,0.0671085624876129,0.334,0.0826666666666667,FALSE,0,"L3",11
"SPCA","Hausdorff",0.943699472759227,0.0346280023432923,0.934618153983754,0.0446344807512247,0.355666666666667,0.076,FALSE,0,"L3",11
"SPCA","Ichino-Yaguchi",0.919416520210896,0.0663737551259519,0.9118150176478,0.0834887730637659,0.355666666666667,0.0776666666666667,FALSE,0,"L3",11
"SPCA","Wasserstein",0.913525483304042,0.0624581136496778,0.907332944622706,0.0818471307951389,0.331666666666667,0.0766666666666667,FALSE,0,"L3",11
"SPCA","Centers-Euclidean",0.828792618629174,0.141109548916227,0.826874511712978,0.169467701324702,0.216,0.065,FALSE,0,"L3",11
"IMDS","Int-Euclidean",0.525031634446397,-0.0411517281780902,0.510738325286624,-0.0275774976461668,0.034,-0.00366666666666667,TRUE,0,"L3",11
"IMDS","Hausdorff",0.583267135325132,-0.100350322202695,0.585076457169754,-0.11691467080186,0.0523333333333333,-0.00966666666666667,TRUE,0,"L3",11
"IMDS","Ichino-Yaguchi",0.574012888107791,-0.0719203280609256,0.570822795391292,-0.0837783778331777,0.05,-0.006,FALSE,0,"L3",11
"IMDS","Wasserstein",0.570806092560047,-0.0831564147627417,0.568655470357514,-0.0959952903378237,0.0503333333333333,-0.00666666666666667,FALSE,0,"L3",11
"IMDS","Centers-Euclidean",0.50121734036321,-0.000810779144698293,0.495591403569291,-0.000832846293654876,0.028,0.00333333333333333,FALSE,0,"L3",11
"Int-UMAP","Int-Euclidean",0.776613356766257,-0.0887041593438781,0.781017601283912,-0.0872145536820584,0.170333333333333,-0.004,FALSE,0,"L3",11
"Int-UMAP","Hausdorff",0.903995313415349,0.000775629759812491,0.899888065309526,0.0047298392055197,0.280666666666667,0.0246666666666667,FALSE,0,"L3",11
"Int-UMAP","Ichino-Yaguchi",0.86813122437024,0.0339261862917399,0.871294849292499,0.0350441528910046,0.283,0.013,FALSE,0,"L3",11
"Int-UMAP","Wasserstein",0.849732278851787,0.00653427065026368,0.856489130149437,0.0138928110487158,0.254,0.011,FALSE,0,"L3",11
"Int-UMAP","Centers-Euclidean",0.594144112478032,-0.0788752196836555,0.595685638263004,-0.0852600454140513,0.0973333333333333,0,FALSE,0,"L3",11
"C-PCA","CR-Euclidean",0.933628002343292,0.0546280023432923,0.92459477224121,0.0664776369341416,0.360333333333333,0.0786666666666667,FALSE,0,"L3",11
"V-PCA","CR-Euclidean",0.932343878148799,0.0563690685413005,0.923579651827654,0.0677428669987901,0.355333333333333,0.076,FALSE,0,"L3",11
"MR-PCA","CR-Euclidean",0.723423550087874,0.220609256004687,0.729331473755201,0.255777197884567,0.129666666666667,0.0336666666666667,FALSE,0,"L3",11
"SPCA","CR-Euclidean",0.933628002343292,0.0546280023432923,0.92459477224121,0.0664776369341416,0.360333333333333,0.0786666666666667,FALSE,0,"L3",11
"IMDS","CR-Euclidean",0.578440538957235,-0.0844920913884007,0.576531378634701,-0.098612728308005,0.053,-0.00833333333333333,TRUE,0,"L3",11
"Int-UMAP","CR-Euclidean",0.886591095489162,0.022431165787932,0.885992490915117,0.0213389223535169,0.285,0.021,FALSE,0,"L3",11
"C-PCA","Int-Euclidean",0.928325717633275,0.0571411833626245,0.920227095587044,0.0709883412910013,0.344,0.069,FALSE,0,"L3",12
"C-PCA","Hausdorff",0.946462214411248,0.0339320445225542,0.935831883728238,0.0450666234970662,0.360666666666667,0.071,FALSE,0,"L3",12
"C-PCA","Ichino-Yaguchi",0.925909197422378,0.0630169888693615,0.915927764915427,0.0775480311699254,0.344333333333333,0.0696666666666667,FALSE,0,"L3",12
"C-PCA","Wasserstein",0.920855301698887,0.062347978910369,0.91161266168067,0.0788636677304012,0.329666666666667,0.081,FALSE,0,"L3",12
"C-PCA","Centers-Euclidean",0.830859988283538,0.14473345049795,0.828136697491788,0.168722285753587,0.208666666666667,0.0423333333333333,FALSE,0,"L3",12
"V-PCA","Int-Euclidean",0.928585823081429,0.0568834212067956,0.920669417423785,0.0703978741888621,0.344,0.068,FALSE,0,"L3",12
"V-PCA","Hausdorff",0.946473930872876,0.0340187463386058,0.936183945483488,0.0445409015845178,0.359,0.071,FALSE,0,"L3",12
"V-PCA","Ichino-Yaguchi",0.926015231400117,0.0633251318101934,0.916041263966602,0.0777020370309816,0.343,0.0693333333333333,FALSE,0,"L3",12
"V-PCA","Wasserstein",0.921149384885765,0.0624745166959578,0.911758975461951,0.0791560834364599,0.327666666666667,0.079,FALSE,0,"L3",12
"V-PCA","Centers-Euclidean",0.83105330990041,0.144421792618629,0.827755320476714,0.169575263020616,0.208,0.0406666666666667,FALSE,0,"L3",12
"MR-PCA","Int-Euclidean",0.732527240773286,0.216112478031634,0.739147491734142,0.24493149589267,0.128,0.028,FALSE,0,"L3",12
"MR-PCA","Hausdorff",0.732346807264206,0.220829525483304,0.748325016430393,0.229628260920627,0.13,0.0233333333333333,FALSE,0,"L3",12
"MR-PCA","Ichino-Yaguchi",0.71072524897481,0.268658465143527,0.717666672346877,0.291106758329914,0.127666666666667,0.0203333333333333,FALSE,0,"L3",12
"MR-PCA","Wasserstein",0.738100175746924,0.23829525483304,0.74345080315875,0.255468985052296,0.143333333333333,0.0226666666666667,FALSE,0,"L3",12
"MR-PCA","Centers-Euclidean",0.830859988283538,0.14473345049795,0.828136697491788,0.168722285753587,0.208666666666667,0.0423333333333333,FALSE,0,"L3",12
"SPCA","Int-Euclidean",0.928325717633275,0.0571411833626245,0.920227095587044,0.0709883412910013,0.344,0.069,FALSE,0,"L3",12
"SPCA","Hausdorff",0.946462214411248,0.0339320445225542,0.935831883728238,0.0450666234970662,0.360666666666667,0.071,FALSE,0,"L3",12
"SPCA","Ichino-Yaguchi",0.925909197422378,0.0630169888693615,0.915927764915427,0.0775480311699254,0.344333333333333,0.0696666666666667,FALSE,0,"L3",12
"SPCA","Wasserstein",0.920855301698887,0.062347978910369,0.91161266168067,0.0788636677304012,0.329666666666667,0.081,FALSE,0,"L3",12
"SPCA","Centers-Euclidean",0.830859988283538,0.14473345049795,0.828136697491788,0.168722285753587,0.208666666666667,0.0423333333333333,FALSE,0,"L3",12
"IMDS","Int-Euclidean",0.454045694200351,-0.0474540128881078,0.455285841246097,-0.0504706361513472,0.0303333333333333,-0.000333333333333333,TRUE,0,"L3",12
"IMDS","Hausdorff",0.559526654950205,-0.0951775043936731,0.565939086189213,-0.130671922857214,0.0483333333333333,0.002,FALSE,0,"L3",12
"IMDS","Ichino-Yaguchi",0.553836555360281,-0.081461042765085,0.558067265360863,-0.105800591141051,0.049,0.003,TRUE,0,"L3",12
"IMDS","Wasserstein",0.548717633274751,-0.0804417106033978,0.551965616917694,-0.102505120249291,0.0446666666666667,0.0106666666666667,FALSE,0,"L3",12
"IMDS","Centers-Euclidean",0.500543643819567,-0.00148096074985349,0.494373857337366,-0.00212558699987087,0.0343333333333333,0.00333333333333333,FALSE,0,"L3",12
"Int-UMAP","Int-Euclidean",0.761380199179848,-0.10101230228471,0.755391817856218,-0.071118157130898,0.162,0.0166666666666667,FALSE,0,"L3",12
"Int-UMAP","Hausdorff",0.902019917984769,-0.00548330404217923,0.903464908503321,0.00149800048911219,0.287333333333333,0.0206666666666667,FALSE,0,"L3",12
"Int-UMAP","Ichino-Yaguchi",0.86686877562976,0.0221054481546573,0.876474617211376,0.0272098176145787,0.286,0.0253333333333333,FALSE,0,"L3",12
"Int-UMAP","Wasserstein",0.8552050380785,0.00829408318687752,0.866163360860862,0.0177624898235957,0.271,0.0263333333333333,FALSE,0,"L3",12
"Int-UMAP","Centers-Euclidean",0.602454012888108,-0.0935875805506737,0.608793908603569,-0.0931546983861907,0.112,0.000666666666666663,FALSE,0,"L3",12
"C-PCA","CR-Euclidean",0.938407147041593,0.0489478617457528,0.927160466563287,0.0625428537347308,0.353,0.074,FALSE,0,"L3",12
"V-PCA","CR-Euclidean",0.938463971880492,0.049070884592853,0.927793868381538,0.0615366827232403,0.352666666666667,0.0763333333333333,FALSE,0,"L3",12
"MR-PCA","CR-Euclidean",0.722568248388986,0.236461628588166,0.733101127859545,0.254893951235853,0.122,0.022,FALSE,0,"L3",12
"SPCA","CR-Euclidean",0.938407147041593,0.0489478617457528,0.927160466563287,0.0625428537347308,0.353,0.074,FALSE,0,"L3",12
"IMDS","CR-Euclidean",0.555161101347393,-0.0819332161687171,0.559584127987119,-0.114591305009961,0.0476666666666667,0.004,TRUE,0,"L3",12
"Int-UMAP","CR-Euclidean",0.884543643819566,0.0115008787346221,0.89041471524567,0.0161237383216022,0.286666666666667,0.0193333333333333,FALSE,0,"L3",12
"C-PCA","Int-Euclidean",0.935233157586409,0.0479707088459285,0.927479332860801,0.0586323526680026,0.356333333333333,0.0723333333333333,FALSE,0,"L3",13
"C-PCA","Hausdorff",0.94719273579379,0.0308166373755125,0.937630753458442,0.0421932644062806,0.355333333333333,0.066,FALSE,0,"L3",13
"C-PCA","Ichino-Yaguchi",0.928087873462214,0.0570521382542473,0.920828645240605,0.0674338681481884,0.346,0.0623333333333333,FALSE,0,"L3",13
"C-PCA","Wasserstein",0.922991212653778,0.0579261862917398,0.916126107890534,0.0712643872442121,0.327333333333333,0.0676666666666667,FALSE,0,"L3",13
"C-PCA","Centers-Euclidean",0.830546572934974,0.147867603983597,0.828321235252369,0.164547177449625,0.217,0.0556666666666667,FALSE,0,"L3",13
"V-PCA","Int-Euclidean",0.9349179847686,0.0484253075571177,0.926725997233891,0.0600285515017786,0.353333333333333,0.071,FALSE,0,"L3",13
"V-PCA","Hausdorff",0.947014645577036,0.0310275336848271,0.937268683018611,0.0428242467618578,0.355666666666667,0.0646666666666667,FALSE,0,"L3",13
"V-PCA","Ichino-Yaguchi",0.927760984182777,0.0577035735207968,0.920522531015869,0.0680122087683108,0.346333333333333,0.0626666666666667,FALSE,0,"L3",13
"V-PCA","Wasserstein",0.922905096660808,0.0579601640304628,0.916104827825909,0.0711826950695619,0.329,0.0693333333333333,FALSE,0,"L3",13
"V-PCA","Centers-Euclidean",0.82879086115993,0.151526654950205,0.827795382080901,0.165693316526051,0.213333333333333,0.051,FALSE,0,"L3",13
"MR-PCA","Int-Euclidean",0.733501464557704,0.220376098418278,0.738772145721044,0.252065743678501,0.142333333333333,0.0333333333333333,FALSE,0,"L3",13
"MR-PCA","Hausdorff",0.751056239015817,0.189409490333919,0.769278248646767,0.197393564751254,0.153,0.034,FALSE,0,"L3",13
"MR-PCA","Ichino-Yaguchi",0.721690099589924,0.240453427065026,0.727728236618537,0.268914780414573,0.139,0.033,FALSE,0,"L3",13
"MR-PCA","Wasserstein",0.748275336848272,0.213595782073814,0.750851895724229,0.23872975599811,0.156333333333333,0.0333333333333333,FALSE,0,"L3",13
"MR-PCA","Centers-Euclidean",0.830546572934974,0.147867603983597,0.828321235252369,0.164547177449625,0.217,0.0556666666666667,FALSE,0,"L3",13
"SPCA","Int-Euclidean",0.935233157586409,0.0479707088459285,0.927479332860801,0.0586323526680026,0.356333333333333,0.0723333333333333,FALSE,0,"L3",13
"SPCA","Hausdorff",0.94719273579379,0.0308166373755125,0.937630753458442,0.0421932644062806,0.355333333333333,0.066,FALSE,0,"L3",13
"SPCA","Ichino-Yaguchi",0.928087873462214,0.0570521382542473,0.920828645240605,0.0674338681481884,0.346,0.0623333333333333,FALSE,0,"L3",13
"SPCA","Wasserstein",0.922991212653778,0.0579261862917398,0.916126107890534,0.0712643872442121,0.327333333333333,0.0676666666666667,FALSE,0,"L3",13
"SPCA","Centers-Euclidean",0.830546572934974,0.147867603983597,0.828321235252369,0.164547177449625,0.217,0.0556666666666667,FALSE,0,"L3",13
"IMDS","Int-Euclidean",0.531990673696544,-0.0605482366725249,0.515724123992549,-0.046879937081689,0.0346666666666667,-0.000666666666666666,TRUE,1.54747358817042e-05,"L3",13
"IMDS","Hausdorff",0.574355008787346,-0.0864815465729351,0.582718806701359,-0.121348445149814,0.0516666666666667,-0.012,TRUE,0,"L3",13
"IMDS","Ichino-Yaguchi",0.565882835383714,-0.0655465729349737,0.569126312992192,-0.0906437075624942,0.0543333333333333,-0.01,FALSE,0,"L3",13
"IMDS","Wasserstein",0.564076157000586,-0.0702284710017574,0.567507059964448,-0.0982482783204937,0.049,-0.008,FALSE,0,"L3",13
"IMDS","Centers-Euclidean",0.511310486233158,-0.00729584065612188,0.502029048750484,0.000990028467066195,0.029,-0.00366666666666667,FALSE,0,"L3",13
"Int-UMAP","Int-Euclidean",0.770850615114235,-0.111128295254833,0.773860889032788,-0.0999806274114989,0.171333333333333,0.00700000000000001,FALSE,0,"L3",13
"Int-UMAP","Hausdorff",0.899226127709432,-0.00813942589338024,0.898253124154205,-0.000227216099620453,0.274333333333333,0.016,FALSE,0,"L3",13
"Int-UMAP","Ichino-Yaguchi",0.869298183948448,0.0210708845928529,0.874388736418732,0.0272691681392996,0.283,0.0123333333333333,FALSE,0,"L3",13
"Int-UMAP","Wasserstein",0.856516110134739,0.010871704745167,0.862329984004834,0.0212132684192726,0.266,0.0263333333333333,FALSE,0,"L3",13
"Int-UMAP","Centers-Euclidean",0.603151142355009,-0.0809666080843585,0.605051148761184,-0.0922184676541943,0.106,-0.00966666666666666,FALSE,0,"L3",13
"C-PCA","CR-Euclidean",0.939748681898067,0.0455828939660222,0.930846023614631,0.0553063207080674,0.357,0.0653333333333333,FALSE,0,"L3",13
"V-PCA","CR-Euclidean",0.939652021089631,0.0458441710603398,0.930610555857733,0.0558019359692888,0.357666666666667,0.0643333333333333,FALSE,0,"L3",13
"MR-PCA","CR-Euclidean",0.73313122437024,0.210679554774458,0.744792228642907,0.231454665087875,0.138666666666667,0.031,FALSE,0,"L3",13
"SPCA","CR-Euclidean",0.939748681898067,0.0455828939660222,0.930846023614631,0.0553063207080674,0.357,0.0653333333333333,FALSE,0,"L3",13
"IMDS","CR-Euclidean",0.570656707674282,-0.0777188049209139,0.575425961295045,-0.10669097182723,0.054,-0.01,FALSE,0,"L3",13
"Int-UMAP","CR-Euclidean",0.885364967779731,0.00628002343292322,0.887019224288949,0.0139145278754799,0.287,0.0186666666666667,FALSE,0,"L3",13
"C-PCA","Int-Euclidean",0.938927357937903,0.04304510837727,0.931177802412493,0.0522797555912846,0.348666666666667,0.0583333333333333,FALSE,0,"L3",14
"C-PCA","Hausdorff",0.948853544229643,0.0283807850029292,0.940540952552894,0.0359310103114245,0.357,0.042,FALSE,0,"L3",14
"C-PCA","Ichino-Yaguchi",0.930403632103105,0.0551575864089044,0.923830070819945,0.064715047630101,0.348333333333333,0.0543333333333333,FALSE,0,"L3",14
"C-PCA","Wasserstein",0.924243702401875,0.0534762741652021,0.919741928842927,0.0651204964565465,0.327333333333333,0.064,FALSE,0,"L3",14
"C-PCA","Centers-Euclidean",0.835954305799649,0.139060339777387,0.836326854208798,0.151945914262901,0.208333333333333,0.037,FALSE,0,"L3",14
"V-PCA","Int-Euclidean",0.939177504393673,0.0426315172817808,0.931288066814014,0.0521046162764439,0.351333333333333,0.0543333333333333,FALSE,0,"L3",14
"V-PCA","Hausdorff",0.949767428236673,0.0276004686584651,0.941262858960525,0.0359964939283922,0.363,0.049,FALSE,0,"L3",14
"V-PCA","Ichino-Yaguchi",0.930721734036321,0.0556367896895137,0.923632465504618,0.0657632061442071,0.349333333333333,0.0543333333333333,FALSE,0,"L3",14
"V-PCA","Wasserstein",0.924690099589924,0.0538183948447569,0.919880757027764,0.0657777781871623,0.328,0.064,FALSE,0,"L3",14
"V-PCA","Centers-Euclidean",0.836232571763327,0.13813122437024,0.835452446428322,0.153404590807608,0.208666666666667,0.038,FALSE,0,"L3",14
"MR-PCA","Int-Euclidean",0.736350908025776,0.222660808435852,0.743624124038605,0.246140416648052,0.137666666666667,0.0286666666666667,FALSE,0,"L3",14
"MR-PCA","Hausdorff",0.741475102519039,0.203018160515524,0.760904304110492,0.20483063377487,0.132333333333333,0.0136666666666667,FALSE,0,"L3",14
"MR-PCA","Ichino-Yaguchi",0.714961335676626,0.254564733450498,0.724289858536658,0.273387920157118,0.126666666666667,0.0246666666666667,FALSE,0,"L3",14
"MR-PCA","Wasserstein",0.742197422378442,0.226440538957235,0.749077896105264,0.242454016776272,0.142666666666667,0.0236666666666667,FALSE,0,"L3",14
"MR-PCA","Centers-Euclidean",0.835954305799649,0.139060339777387,0.836326854208798,0.151945914262901,0.208333333333333,0.037,FALSE,0,"L3",14
"SPCA","Int-Euclidean",0.938927357937903,0.04304510837727,0.931177802412493,0.0522797555912846,0.348666666666667,0.0583333333333333,FALSE,0,"L3",14
"SPCA","Hausdorff",0.948853544229643,0.0283807850029292,0.940540952552894,0.0359310103114245,0.357,0.042,FALSE,0,"L3",14
"SPCA","Ichino-Yaguchi",0.930403632103105,0.0551575864089044,0.923830070819945,0.064715047630101,0.348333333333333,0.0543333333333333,FALSE,0,"L3",14
"SPCA","Wasserstein",0.924243702401875,0.0534762741652021,0.919741928842927,0.0651204964565465,0.327333333333333,0.064,FALSE,0,"L3",14
"SPCA","Centers-Euclidean",0.835954305799649,0.139060339777387,0.836326854208798,0.151945914262901,0.208333333333333,0.037,FALSE,0,"L3",14
"IMDS","Int-Euclidean",0.516971880492091,-0.0596824838898653,0.51002171759436,-0.0569214010838148,0.0366666666666667,-0.00266666666666667,TRUE,0,"L3",14
"IMDS","Hausdorff",0.564016988869361,-0.0759917984768601,0.569727516459945,-0.107627612455504,0.056,-0.00733333333333333,TRUE,0,"L3",14
"IMDS","Ichino-Yaguchi",0.56015582893966,-0.0653497363796133,0.558052707134636,-0.080350266348145,0.0563333333333333,0.00266666666666666,FALSE,0,"L3",14
"IMDS","Wasserstein",0.55519273579379,-0.0631939074399531,0.554697775951923,-0.0827350567092268,0.0566666666666667,0.00333333333333333,FALSE,0,"L3",14
"IMDS","Centers-Euclidean",0.514997656707674,-0.00288107791446968,0.509332757175756,0.0069790337286299,0.0413333333333333,0.00266666666666667,FALSE,0,"L3",14
"Int-UMAP","Int-Euclidean",0.789680726420621,-0.120917398945518,0.789695156914282,-0.107414781105409,0.181,0.00899999999999999,FALSE,0,"L3",14
"Int-UMAP","Hausdorff",0.892488576449912,-0.0204124194493264,0.893067517899956,-0.0159780363143539,0.279333333333333,0.014,FALSE,0,"L3",14
"Int-UMAP","Ichino-Yaguchi",0.862735793790275,0.00899121265377856,0.870669884122169,0.012547606689323,0.283666666666667,0.00599999999999999,FALSE,0,"L3",14
"Int-UMAP","Wasserstein",0.845732278851787,-0.00907205623901575,0.856341171409873,0.00378231560079048,0.269666666666667,0.00333333333333333,FALSE,0,"L3",14
"Int-UMAP","Centers-Euclidean",0.597353251318102,-0.0930380785002929,0.599052216180218,-0.0949237600599216,0.111,0.002,FALSE,0,"L3",14
"C-PCA","CR-Euclidean",0.94201640304628,0.0428564733450497,0.933707758231201,0.0510734615495031,0.357333333333333,0.0526666666666667,FALSE,0,"L3",14
"V-PCA","CR-Euclidean",0.942236672524897,0.0428986526069127,0.933995599064945,0.0513388563402587,0.361666666666667,0.062,FALSE,0,"L3",14
"MR-PCA","CR-Euclidean",0.725841827768014,0.220859988283538,0.742796611002138,0.231332076932158,0.120666666666667,0.0206666666666667,FALSE,0,"L3",14
"SPCA","CR-Euclidean",0.94201640304628,0.0428564733450497,0.933707758231201,0.0510734615495031,0.357333333333333,0.0526666666666667,FALSE,0,"L3",14
"IMDS","CR-Euclidean",0.56223784417106,-0.0667955477445811,0.561788930896861,-0.0975313973640445,0.057,-0.000666666666666666,FALSE,0,"L3",14
"Int-UMAP","CR-Euclidean",0.878490333919156,-0.00480726420620969,0.882374023291627,-3.79576234797174e-05,0.290666666666667,0.011,FALSE,0,"L3",14
"C-PCA","Int-Euclidean",0.925956649091974,0.0614598711189221,0.919587163061805,0.0703111220212093,0.344333333333333,0.062,FALSE,0,"L3",15
"C-PCA","Hausdorff",0.947987111892209,0.0325248974809608,0.940716960786436,0.0396253363797684,0.369,0.0776666666666667,FALSE,0,"L3",15
"C-PCA","Ichino-Yaguchi",0.926265377855888,0.0611892208553017,0.922320144191378,0.0684101980965768,0.360666666666667,0.073,FALSE,0,"L3",15
"C-PCA","Wasserstein",0.922072642062097,0.0605178676039836,0.918799049961751,0.0689919023224846,0.346,0.0706666666666667,FALSE,0,"L3",15
"C-PCA","Centers-Euclidean",0.840883421206795,0.139327475102519,0.839588678296361,0.150978909071035,0.225666666666667,0.0343333333333333,FALSE,0,"L3",15
"V-PCA","Int-Euclidean",0.925903339191564,0.0614118336262449,0.919412148097521,0.0706616032962416,0.346333333333333,0.062,FALSE,0,"L3",15
"V-PCA","Hausdorff",0.947642062097247,0.0331423550087874,0.940284388954416,0.0403556257035977,0.366,0.07,FALSE,0,"L3",15
"V-PCA","Ichino-Yaguchi",0.925797891036907,0.0623585237258347,0.921842040865891,0.0694902210569091,0.361666666666667,0.0726666666666667,FALSE,0,"L3",15
"V-PCA","Wasserstein",0.921816051552431,0.0612724077328647,0.918602880818589,0.069624344645703,0.345,0.0703333333333333,FALSE,0,"L3",15
"V-PCA","Centers-Euclidean",0.84118863503222,0.138597539543058,0.840157436247696,0.149805073594804,0.228,0.0343333333333333,FALSE,0,"L3",15
"MR-PCA","Int-Euclidean",0.735353251318102,0.226561218512009,0.741277349638301,0.248308712690803,0.136333333333333,0.0236666666666667,FALSE,0,"L3",15
"MR-PCA","Hausdorff",0.728572349150556,0.231427065026362,0.738480183664236,0.256799258133793,0.138333333333333,0.035,FALSE,0,"L3",15
"MR-PCA","Ichino-Yaguchi",0.717628588166374,0.266326889279437,0.723829726169329,0.290742575465819,0.145666666666667,0.0303333333333333,FALSE,0,"L3",15
"MR-PCA","Wasserstein",0.74627885178676,0.237783245459871,0.750823878469285,0.256277228358129,0.164,0.0276666666666667,FALSE,0,"L3",15
"MR-PCA","Centers-Euclidean",0.840883421206795,0.139327475102519,0.839588678296361,0.150978909071035,0.225666666666667,0.0343333333333333,FALSE,0,"L3",15
"SPCA","Int-Euclidean",0.925956649091974,0.0614598711189221,0.919587163061805,0.0703111220212093,0.344333333333333,0.062,FALSE,0,"L3",15
"SPCA","Hausdorff",0.947987111892209,0.0325248974809608,0.940716960786436,0.0396253363797684,0.369,0.0776666666666667,FALSE,0,"L3",15
"SPCA","Ichino-Yaguchi",0.926265377855888,0.0611892208553017,0.922320144191378,0.0684101980965768,0.360666666666667,0.073,FALSE,0,"L3",15
"SPCA","Wasserstein",0.922072642062097,0.0605178676039836,0.918799049961751,0.0689919023224846,0.346,0.0706666666666667,FALSE,0,"L3",15
"SPCA","Centers-Euclidean",0.840883421206795,0.139327475102519,0.839588678296361,0.150978909071035,0.225666666666667,0.0343333333333333,FALSE,0,"L3",15
"IMDS","Int-Euclidean",0.504965436438196,-0.0315172817809022,0.492440522438137,-0.0423350486034126,0.026,0.002,TRUE,0,"L3",15
"IMDS","Hausdorff",0.572854715875805,-0.0818289396602228,0.576739317327728,-0.114241486937895,0.0536666666666667,-0.009,TRUE,0,"L3",15
"IMDS","Ichino-Yaguchi",0.562232571763327,-0.0670497949619215,0.566504696996842,-0.0910655921550457,0.0543333333333333,-0.004,FALSE,0,"L3",15
"IMDS","Wasserstein",0.557230228471002,-0.080290568248389,0.563997787481215,-0.106727478694221,0.0513333333333333,-0.004,FALSE,0,"L3",15
"IMDS","Centers-Euclidean",0.507880492091388,-0.00168717047451672,0.502301770245307,0.00129883695385352,0.034,0.00233333333333333,FALSE,0,"L3",15
"Int-UMAP","Int-Euclidean",0.762035735207967,-0.101297012302285,0.768844029553675,-0.0974351055129821,0.168666666666667,0.00899999999999999,FALSE,0,"L3",15
"Int-UMAP","Hausdorff",0.897823081429408,-0.00553485647334506,0.898677549489602,0.00113275527211817,0.278,0.0223333333333333,FALSE,0,"L3",15
"Int-UMAP","Ichino-Yaguchi",0.86268014059754,0.0296789689513767,0.866858632453991,0.0394462946067322,0.273,0.0206666666666667,FALSE,0,"L3",15
"Int-UMAP","Wasserstein",0.847923257176333,0.0132501464557704,0.857947485839005,0.0244867691775807,0.259666666666667,0.03,FALSE,0,"L3",15
"Int-UMAP","Centers-Euclidean",0.599444639718805,-0.068189806678383,0.608194631801841,-0.0695301759652482,0.116,-0.00066666666666667,FALSE,0,"L3",15
"C-PCA","CR-Euclidean",0.939693028705331,0.0497621558289396,0.933138937336991,0.0551075931673514,0.370666666666667,0.0753333333333333,FALSE,0,"L3",15
"V-PCA","CR-Euclidean",0.939335090802578,0.0504124194493263,0.932691336742381,0.0559569074661456,0.371,0.0763333333333333,FALSE,0,"L3",15
"MR-PCA","CR-Euclidean",0.728682483889865,0.237709431751611,0.736193756895891,0.262572208141952,0.137333333333333,0.034,FALSE,0,"L3",15
"SPCA","CR-Euclidean",0.939693028705331,0.0497621558289396,0.933138937336991,0.0551075931673514,0.370666666666667,0.0753333333333333,FALSE,0,"L3",15
"IMDS","CR-Euclidean",0.567190978324546,-0.0672606912712361,0.571008897512574,-0.0999177720433237,0.0536666666666667,-0.006,TRUE,0,"L3",15
"Int-UMAP","CR-Euclidean",0.880281780902168,0.0142999414176919,0.883405331537773,0.0199769920767203,0.285666666666667,0.016,FALSE,0,"L3",15
"C-PCA","Int-Euclidean",0.932339777387229,0.0554376098418277,0.928102612390259,0.0603821937372454,0.346333333333333,0.059,FALSE,0,"L3",16
"C-PCA","Hausdorff",0.946107205623902,0.0342108963093146,0.939290370523207,0.0416721419291193,0.352666666666667,0.0633333333333333,FALSE,0,"L3",16
"C-PCA","Ichino-Yaguchi",0.925364381956649,0.0646900995899239,0.920360423178759,0.074764135395956,0.349666666666667,0.0776666666666667,FALSE,0,"L3",16
"C-PCA","Wasserstein",0.919602811950791,0.0608037492677211,0.916177688040685,0.0751829726322848,0.333333333333333,0.0843333333333333,FALSE,0,"L3",16
"C-PCA","Centers-Euclidean",0.833306385471588,0.142331575864089,0.831960493214221,0.166124033078476,0.214666666666667,0.0576666666666667,FALSE,0,"L3",16
"V-PCA","Int-Euclidean",0.932647334504979,0.0548271821909783,0.927663569723741,0.0611981590590992,0.347333333333333,0.0613333333333333,FALSE,0,"L3",16
"V-PCA","Hausdorff",0.945944932630346,0.034455770357352,0.939093264145298,0.0418810170892974,0.351666666666667,0.0643333333333333,FALSE,0,"L3",16
"V-PCA","Ichino-Yaguchi",0.925511423550088,0.0645741066198009,0.920978375591797,0.073744186035801,0.35,0.0743333333333333,FALSE,0,"L3",16
"V-PCA","Wasserstein",0.919734622144113,0.0606033977738722,0.916807358574654,0.0740034707621906,0.333,0.0783333333333333,FALSE,0,"L3",16
"V-PCA","Centers-Euclidean",0.8327129466901,0.143787932044523,0.830986370104407,0.168094008406405,0.213333333333333,0.0593333333333333,FALSE,0,"L3",16
"MR-PCA","Int-Euclidean",0.73183186877563,0.218691271236087,0.739120922932898,0.247699209207222,0.14,0.0263333333333333,FALSE,0,"L3",16
"MR-PCA","Hausdorff",0.732578207381371,0.217350908025776,0.750665221743908,0.233209130155578,0.135,0.0336666666666667,FALSE,0,"L3",16
"MR-PCA","Ichino-Yaguchi",0.716215582893966,0.259636789689514,0.723402357103172,0.293185617154113,0.135,0.036,FALSE,0,"L3",16
"MR-PCA","Wasserstein",0.744393673110721,0.231648506151142,0.748785840401741,0.260819017283653,0.153666666666667,0.0326666666666667,FALSE,0,"L3",16
"MR-PCA","Centers-Euclidean",0.833306385471588,0.142331575864089,0.831960493214221,0.166124033078476,0.214666666666667,0.0576666666666667,FALSE,0,"L3",16
"SPCA","Int-Euclidean",0.932339777387229,0.0554376098418277,0.928102612390259,0.0603821937372454,0.346333333333333,0.059,FALSE,0,"L3",16
"SPCA","Hausdorff",0.946107205623902,0.0342108963093146,0.939290370523207,0.0416721419291193,0.352666666666667,0.0633333333333333,FALSE,0,"L3",16
"SPCA","Ichino-Yaguchi",0.925364381956649,0.0646900995899239,0.920360423178759,0.074764135395956,0.349666666666667,0.0776666666666667,FALSE,0,"L3",16
"SPCA","Wasserstein",0.919602811950791,0.0608037492677211,0.916177688040685,0.0751829726322848,0.333333333333333,0.0843333333333333,FALSE,0,"L3",16
"SPCA","Centers-Euclidean",0.833306385471588,0.142331575864089,0.831960493214221,0.166124033078476,0.214666666666667,0.0576666666666667,FALSE,0,"L3",16
"IMDS","Int-Euclidean",0.453495336848272,-0.081328014059754,0.446030074074552,-0.0697788829727704,0.026,0.000666666666666666,TRUE,1.17164616286747e-06,"L3",16
"IMDS","Hausdorff",0.551130052724077,-0.0641042765084945,0.566624020566661,-0.0953222820998295,0.055,-0.000333333333333331,TRUE,0,"L3",16
"IMDS","Ichino-Yaguchi",0.544204452255419,-0.0511224370240188,0.554586550520177,-0.0752393111102002,0.057,-0.000333333333333335,FALSE,0,"L3",16
"IMDS","Wasserstein",0.535536613942589,-0.0577000585823082,0.548613214196289,-0.0760553409101202,0.0496666666666667,-0.000999999999999997,FALSE,0,"L3",16
"IMDS","Centers-Euclidean",0.499420620972466,0.000793204452255392,0.499044208618476,-0.00285766942801657,0.0373333333333333,0.00466666666666667,FALSE,0,"L3",16
"Int-UMAP","Int-Euclidean",0.762427065026362,-0.075783245459871,0.768185064484975,-0.0812169482746207,0.158333333333333,0.00233333333333334,FALSE,0,"L3",16
"Int-UMAP","Hausdorff",0.906568248388987,-0.00292442882249566,0.90599994196974,0.00144885899153541,0.294333333333333,0.017,FALSE,0,"L3",16
"Int-UMAP","Ichino-Yaguchi",0.874995313415349,0.0300257762155829,0.880452333591706,0.0336621837523563,0.306666666666667,0.0256666666666667,FALSE,0,"L3",16
"Int-UMAP","Wasserstein",0.857565319273579,0.00887639132981843,0.867313836087238,0.017337961630331,0.276666666666667,0.0203333333333333,FALSE,0,"L3",16
"Int-UMAP","Centers-Euclidean",0.596980667838313,-0.0826502636203867,0.609820886840533,-0.0941043482319116,0.108666666666667,0.000666666666666663,FALSE,0,"L3",16
"C-PCA","CR-Euclidean",0.93810661980082,0.0495981253661394,0.932152141984386,0.0570532710106768,0.356,0.0736666666666667,FALSE,0,"L3",16
"V-PCA","CR-Euclidean",0.938114235500879,0.0497281780902168,0.932283312631269,0.0568733511077869,0.357333333333333,0.0726666666666667,FALSE,0,"L3",16
"MR-PCA","CR-Euclidean",0.727530169888694,0.225206795547745,0.738510682557132,0.257395380883451,0.131333333333333,0.0346666666666667,FALSE,0,"L3",16
"SPCA","CR-Euclidean",0.93810661980082,0.0495981253661394,0.932152141984386,0.0570532710106768,0.356,0.0736666666666667,FALSE,0,"L3",16
"IMDS","CR-Euclidean",0.545227299355595,-0.0572759226713533,0.56078893289261,-0.0843742703040279,0.0573333333333333,-0.002,FALSE,0,"L3",16
"Int-UMAP","CR-Euclidean",0.891817809021676,0.0162097246631517,0.894080591902507,0.0168676939250762,0.308333333333333,0.0196666666666667,FALSE,0,"L3",16
"C-PCA","Int-Euclidean",0.925462214411248,0.0592126537785589,0.921891044196183,0.0647260165773108,0.336666666666667,0.0603333333333333,FALSE,0,"L3",17
"C-PCA","Hausdorff",0.943022847100176,0.0340058582308144,0.936214141175954,0.0393305641539104,0.340666666666667,0.0483333333333333,FALSE,0,"L3",17
"C-PCA","Ichino-Yaguchi",0.923370240187463,0.0617891036906855,0.920200333351602,0.0672151815756075,0.330333333333333,0.07,FALSE,0,"L3",17
"C-PCA","Wasserstein",0.918446397188049,0.0617059168131224,0.915820430427936,0.0680248080894796,0.319666666666667,0.0696666666666667,FALSE,0,"L3",17
"C-PCA","Centers-Euclidean",0.829181605155243,0.134576449912127,0.833995116247045,0.142689773149276,0.219666666666667,0.051,FALSE,0,"L3",17
"V-PCA","Int-Euclidean",0.925302870533099,0.0593298183948447,0.922191912669679,0.0641895652075127,0.335333333333333,0.0596666666666667,FALSE,0,"L3",17
"V-PCA","Hausdorff",0.943056824838899,0.0338277680140597,0.936114526401696,0.0393713496011494,0.341666666666667,0.0523333333333333,FALSE,0,"L3",17
"V-PCA","Ichino-Yaguchi",0.923318687756298,0.0616227299355595,0.919938761189055,0.0675083725536523,0.330666666666667,0.0676666666666667,FALSE,0,"L3",17
"V-PCA","Wasserstein",0.918054481546573,0.0621968365553603,0.915932325971013,0.0675655124018187,0.318333333333333,0.067,FALSE,0,"L3",17
"V-PCA","Centers-Euclidean",0.829728763913298,0.132968951376684,0.835206639152955,0.1400580026261,0.222333333333333,0.0463333333333333,FALSE,0,"L3",17
"MR-PCA","Int-Euclidean",0.726388400702988,0.211813708260105,0.740434545321402,0.233838515911421,0.139333333333333,0.0393333333333333,FALSE,0,"L3",17
"MR-PCA","Hausdorff",0.743553016988869,0.186522554188635,0.765966488599741,0.188732973760651,0.146666666666667,0.027,FALSE,0,"L3",17
"MR-PCA","Ichino-Yaguchi",0.716483889865261,0.237347393087288,0.728965937619313,0.258697788694017,0.142666666666667,0.031,FALSE,0,"L3",17
"MR-PCA","Wasserstein",0.743028119507909,0.215630931458699,0.752759153851267,0.230471432916022,0.158666666666667,0.0366666666666667,FALSE,0,"L3",17
"MR-PCA","Centers-Euclidean",0.829181605155243,0.134576449912127,0.833995116247045,0.142689773149276,0.219666666666667,0.051,FALSE,0,"L3",17
"SPCA","Int-Euclidean",0.925462214411248,0.0592126537785589,0.921891044196183,0.0647260165773108,0.336666666666667,0.0603333333333333,FALSE,0,"L3",17
"SPCA","Hausdorff",0.943022847100176,0.0340058582308144,0.936214141175954,0.0393305641539104,0.340666666666667,0.0483333333333333,FALSE,0,"L3",17
"SPCA","Ichino-Yaguchi",0.923370240187463,0.0617891036906855,0.920200333351602,0.0672151815756075,0.330333333333333,0.07,FALSE,0,"L3",17
"SPCA","Wasserstein",0.918446397188049,0.0617059168131224,0.915820430427936,0.0680248080894796,0.319666666666667,0.0696666666666667,FALSE,0,"L3",17
"SPCA","Centers-Euclidean",0.829181605155243,0.134576449912127,0.833995116247045,0.142689773149276,0.219666666666667,0.051,FALSE,0,"L3",17
"IMDS","Int-Euclidean",0.50539367311072,-0.0810486233157587,0.497434489900969,-0.0798997273959475,0.0433333333333333,-0.001,FALSE,0,"L3",17
"IMDS","Hausdorff",0.573846772114821,-0.0662748213239602,0.575278964936674,-0.074798539418282,0.047,0.00466666666666667,TRUE,3.51493848871343e-06,"L3",17
"IMDS","Ichino-Yaguchi",0.563851786760398,-0.03200820152314,0.564080859025924,-0.0399565893743524,0.0436666666666667,0.004,FALSE,0,"L3",17
"IMDS","Wasserstein",0.560185705916813,-0.0413977738722906,0.561662869369127,-0.047453225384769,0.045,0.00633333333333333,FALSE,0,"L3",17
"IMDS","Centers-Euclidean",0.519720562390158,0.0290509666080845,0.509801309303893,0.0317207952356235,0.034,0.00533333333333333,FALSE,0,"L3",17
"Int-UMAP","Int-Euclidean",0.788337434094903,-0.086331575864089,0.790202409698852,-0.0783194605703576,0.19,-0.001,FALSE,0,"L3",17
"Int-UMAP","Hausdorff",0.905695957820738,-0.00131341534856466,0.906161240760639,0.00858630304721805,0.291,0.0186666666666667,TRUE,0,"L3",17
"Int-UMAP","Ichino-Yaguchi",0.875958406561218,0.0227920328060925,0.883128323786742,0.0340741525394456,0.299666666666667,0.0116666666666667,FALSE,0,"L3",17
"Int-UMAP","Wasserstein",0.862140597539543,0.0128623315758641,0.869823115939392,0.0262301670457823,0.276,0.01,FALSE,0,"L3",17
"Int-UMAP","Centers-Euclidean",0.614154071470416,-0.0974704159343878,0.616766967671772,-0.114963509252526,0.127333333333333,-0.019,FALSE,0,"L3",17
"C-PCA","CR-Euclidean",0.934593438781488,0.0507990626830698,0.929315144684942,0.0548143638095054,0.339333333333333,0.0626666666666667,FALSE,0,"L3",17
"V-PCA","CR-Euclidean",0.934434680726421,0.0509759812536613,0.929403740618249,0.0543732233030486,0.337666666666667,0.0586666666666667,FALSE,0,"L3",17
"MR-PCA","CR-Euclidean",0.728193907439953,0.206822495606327,0.745724276744159,0.221251411800991,0.137333333333333,0.033,FALSE,0,"L3",17
"SPCA","CR-Euclidean",0.934593438781488,0.0507990626830698,0.929315144684942,0.0548143638095054,0.339333333333333,0.0626666666666667,FALSE,0,"L3",17
"IMDS","CR-Euclidean",0.566929115407147,-0.0488060925600469,0.565827463142725,-0.059052869404436,0.0433333333333333,-0.001,FALSE,0,"L3",17
"Int-UMAP","CR-Euclidean",0.891388400702988,0.0119390743995313,0.895381447633908,0.0244709874032887,0.294333333333333,0.0163333333333333,FALSE,0,"L3",17
"C-PCA","Int-Euclidean",0.932368482718219,0.0544920913884007,0.924044775871939,0.064421314729262,0.342666666666667,0.0543333333333333,FALSE,0,"L3",18
"C-PCA","Hausdorff",0.946779144698301,0.0344440538957235,0.939926197177304,0.0397775875163095,0.366333333333333,0.0506666666666667,FALSE,0,"L3",18
"C-PCA","Ichino-Yaguchi",0.926386643233743,0.0624135910954892,0.922497741348694,0.0696520395103167,0.356,0.0683333333333333,FALSE,0,"L3",18
"C-PCA","Wasserstein",0.921521968365554,0.0596719390743995,0.919437468787627,0.0689363437221315,0.333333333333333,0.0736666666666667,FALSE,0,"L3",18
"C-PCA","Centers-Euclidean",0.836132396016403,0.135578207381371,0.838465475756784,0.15153425097903,0.218666666666667,0.0546666666666667,FALSE,0,"L3",18
"V-PCA","Int-Euclidean",0.932171646162859,0.0548224956063269,0.924080765379209,0.0643657223546837,0.342333333333333,0.0533333333333333,FALSE,0,"L3",18
"V-PCA","Hausdorff",0.946543643819566,0.0348705330990041,0.939690876798842,0.0401817176127825,0.366,0.052,FALSE,0,"L3",18
"V-PCA","Ichino-Yaguchi",0.926108377270064,0.0627662565905096,0.922600656785864,0.069388037138752,0.355,0.0653333333333333,FALSE,0,"L3",18
"V-PCA","Wasserstein",0.921506736965436,0.0594821323960164,0.919224256709902,0.0693167458902525,0.332,0.0696666666666667,FALSE,0,"L3",18
"V-PCA","Centers-Euclidean",0.836463971880492,0.134992384299941,0.838605581221408,0.151385335814818,0.221,0.0553333333333333,FALSE,0,"L3",18
"MR-PCA","Int-Euclidean",0.737574106619801,0.22776215582894,0.741286292899599,0.247923801663626,0.135,0.0273333333333333,FALSE,0,"L3",18
"MR-PCA","Hausdorff",0.729377855887522,0.218748681898067,0.742856561019355,0.237842892436922,0.151,0.044,FALSE,0,"L3",18
"MR-PCA","Ichino-Yaguchi",0.717941417691857,0.260004686584651,0.725824647600502,0.285643789695269,0.152333333333333,0.04,FALSE,0,"L3",18
"MR-PCA","Wasserstein",0.74381136496778,0.22914352665495,0.750569488702752,0.247861036871782,0.161333333333333,0.042,FALSE,0,"L3",18
"MR-PCA","Centers-Euclidean",0.836132396016403,0.135578207381371,0.838465475756784,0.15153425097903,0.218666666666667,0.0546666666666667,FALSE,0,"L3",18
"SPCA","Int-Euclidean",0.932368482718219,0.0544920913884007,0.924044775871939,0.064421314729262,0.342666666666667,0.0543333333333333,FALSE,0,"L3",18
"SPCA","Hausdorff",0.946779144698301,0.0344440538957235,0.939926197177304,0.0397775875163095,0.366333333333333,0.0506666666666667,FALSE,0,"L3",18
"SPCA","Ichino-Yaguchi",0.926386643233743,0.0624135910954892,0.922497741348694,0.0696520395103167,0.356,0.0683333333333333,FALSE,0,"L3",18
"SPCA","Wasserstein",0.921521968365554,0.0596719390743995,0.919437468787627,0.0689363437221315,0.333333333333333,0.0736666666666667,FALSE,0,"L3",18
"SPCA","Centers-Euclidean",0.836132396016403,0.135578207381371,0.838465475756784,0.15153425097903,0.218666666666667,0.0546666666666667,FALSE,0,"L3",18
"IMDS","Int-Euclidean",0.538387814879906,-0.0310017574692443,0.530080199967976,-0.0403093719022703,0.033,-0.00266666666666666,TRUE,0,"L3",18
"IMDS","Hausdorff",0.593355008787346,-0.0692501464557704,0.600045841602261,-0.10123638687638,0.0623333333333333,-0.00533333333333333,FALSE,0,"L3",18
"IMDS","Ichino-Yaguchi",0.578130052724077,-0.0520820152314001,0.586704691838597,-0.0766350862309699,0.059,-0.003,TRUE,0,"L3",18
"IMDS","Wasserstein",0.573034563561804,-0.0566772114821323,0.582119457745604,-0.0817375595328287,0.0536666666666667,-0.003,TRUE,0,"L3",18
"IMDS","Centers-Euclidean",0.51597539543058,0.00578324545987108,0.510347100014538,-0.00626491765306597,0.037,-0.004,FALSE,0,"L3",18
"Int-UMAP","Int-Euclidean",0.775911540714704,-0.0514926772114821,0.76652968301508,-0.0312514931661693,0.139666666666667,0.0176666666666667,FALSE,0,"L3",18
"Int-UMAP","Hausdorff",0.908907439953134,0.00372934973637962,0.906800264452183,0.0126164892214934,0.281666666666667,0.0123333333333333,FALSE,0,"L3",18
"Int-UMAP","Ichino-Yaguchi",0.878597539543058,0.034605741066198,0.881510528423851,0.0468655308394753,0.291333333333333,0.034,FALSE,0,"L3",18
"Int-UMAP","Wasserstein",0.858456942003515,0.0153485647334505,0.866408947068574,0.034342032806133,0.263666666666667,0.0333333333333333,FALSE,0,"L3",18
"Int-UMAP","Centers-Euclidean",0.598878734622144,-0.0703503222026949,0.59603938105355,-0.0741119336158394,0.104,0.0136666666666667,FALSE,0,"L3",18
"C-PCA","CR-Euclidean",0.938369068541301,0.0515055653192735,0.932602000846505,0.0558508349065214,0.361,0.0593333333333333,FALSE,0,"L3",18
"V-PCA","CR-Euclidean",0.938476859988284,0.0511939074399531,0.932541433682083,0.0559542162744788,0.361666666666667,0.0566666666666666,FALSE,0,"L3",18
"MR-PCA","CR-Euclidean",0.726556531927358,0.229429408318688,0.737265272589468,0.253650044988803,0.148333333333333,0.0453333333333333,FALSE,0,"L3",18
"SPCA","CR-Euclidean",0.938369068541301,0.0515055653192735,0.932602000846505,0.0558508349065214,0.361,0.0593333333333333,FALSE,0,"L3",18
"IMDS","CR-Euclidean",0.585891036906854,-0.0606701816051552,0.591995739688537,-0.0843066911499095,0.0593333333333333,-0.00566666666666666,TRUE,0,"L3",18
"Int-UMAP","CR-Euclidean",0.894920328060926,0.0244745166959579,0.894774382035305,0.0329975945075741,0.295,0.029,FALSE,0,"L3",18
"C-PCA","Int-Euclidean",0.93010661980082,0.0532583479789103,0.922721234607589,0.0642433706185427,0.340666666666667,0.0693333333333333,FALSE,0,"L3",19
"C-PCA","Hausdorff",0.94523784417106,0.0356379613356766,0.936776559551712,0.0448912738609144,0.353,0.0733333333333333,FALSE,0,"L3",19
"C-PCA","Ichino-Yaguchi",0.919780902167545,0.0655653192735794,0.914630873049903,0.077640326916077,0.344,0.065,FALSE,0,"L3",19
"C-PCA","Wasserstein",0.916405389572349,0.0634212067955477,0.911724191848038,0.0771848062656715,0.327,0.0753333333333333,FALSE,0,"L3",19
"C-PCA","Centers-Euclidean",0.834797891036907,0.138069127123609,0.839666580849431,0.145344728142818,0.22,0.0446666666666667,FALSE,0,"L3",19
"V-PCA","Int-Euclidean",0.929441124780316,0.054265963678969,0.922532491955977,0.0646427078454301,0.340333333333333,0.067,FALSE,0,"L3",19
"V-PCA","Hausdorff",0.945250732278852,0.035701230228471,0.936928684802504,0.0445695805072367,0.351666666666667,0.0733333333333333,FALSE,0,"L3",19
"V-PCA","Ichino-Yaguchi",0.919888693614528,0.0653614528412418,0.914810537343316,0.077275407159798,0.342,0.0663333333333333,FALSE,0,"L3",19
"V-PCA","Wasserstein",0.916230814294083,0.0637562975981254,0.911891182363468,0.0765885069689276,0.325,0.0723333333333333,FALSE,0,"L3",19
"V-PCA","Centers-Euclidean",0.834408904510838,0.139076742823667,0.838805131625064,0.14757332499417,0.221333333333333,0.0496666666666667,FALSE,0,"L3",19
"MR-PCA","Int-Euclidean",0.735181019332162,0.223758640890451,0.742952475980769,0.250151477399747,0.131,0.0346666666666667,FALSE,0,"L3",19
"MR-PCA","Hausdorff",0.726656121851201,0.22207381370826,0.738988944007401,0.244717491655847,0.131,0.0406666666666667,FALSE,0,"L3",19
"MR-PCA","Ichino-Yaguchi",0.713903339191564,0.261842999414177,0.719469572723813,0.291496644914531,0.136,0.04,FALSE,0,"L3",19
"MR-PCA","Wasserstein",0.741898066783831,0.230284710017575,0.747596111849794,0.252868867118842,0.151666666666667,0.0416666666666667,FALSE,0,"L3",19
"MR-PCA","Centers-Euclidean",0.834797891036907,0.138069127123609,0.839666580849431,0.145344728142818,0.22,0.0446666666666667,FALSE,0,"L3",19
"SPCA","Int-Euclidean",0.93010661980082,0.0532583479789103,0.922721234607589,0.0642433706185427,0.340666666666667,0.0693333333333333,FALSE,0,"L3",19
"SPCA","Hausdorff",0.94523784417106,0.0356379613356766,0.936776559551712,0.0448912738609144,0.353,0.0733333333333333,FALSE,0,"L3",19
"SPCA","Ichino-Yaguchi",0.919780902167545,0.0655653192735794,0.914630873049903,0.077640326916077,0.344,0.065,FALSE,0,"L3",19
"SPCA","Wasserstein",0.916405389572349,0.0634212067955477,0.911724191848038,0.0771848062656715,0.327,0.0753333333333333,FALSE,0,"L3",19
"SPCA","Centers-Euclidean",0.834797891036907,0.138069127123609,0.839666580849431,0.145344728142818,0.22,0.0446666666666667,FALSE,0,"L3",19
"IMDS","Int-Euclidean",0.546398945518453,-0.0462132396016403,0.536248800439311,-0.0364924438614808,0.0406666666666667,-0.00633333333333333,TRUE,0,"L3",19
"IMDS","Hausdorff",0.589968951376684,-0.0844698301113065,0.59216886790179,-0.107382669493262,0.0583333333333333,-0.00966666666666667,TRUE,0,"L3",19
"IMDS","Ichino-Yaguchi",0.581152899824253,-0.0532091388400703,0.577989690571296,-0.0797234382222599,0.057,-0.00766666666666667,TRUE,0,"L3",19
"IMDS","Wasserstein",0.573908611599297,-0.0641640304628003,0.572890491834083,-0.091993304106347,0.0566666666666667,-0.00533333333333333,FALSE,0,"L3",19
"IMDS","Centers-Euclidean",0.507503222026948,-0.00617691857059177,0.503825471384557,-0.00317135675514441,0.0386666666666667,-0.001,FALSE,0,"L3",19
"Int-UMAP","Int-Euclidean",0.799335676625659,-0.0603725834797891,0.796030717197206,-0.0399192596444219,0.182333333333333,0.0163333333333333,FALSE,0,"L3",19
"Int-UMAP","Hausdorff",0.896690099589924,-0.00155125951962498,0.895633179215403,0.00476492448467056,0.264333333333333,0.0163333333333333,FALSE,0,"L3",19
"Int-UMAP","Ichino-Yaguchi",0.85804510837727,0.0292806092560046,0.866311748686605,0.0412397719748542,0.255666666666667,0.0173333333333333,FALSE,0,"L3",19
"Int-UMAP","Wasserstein",0.839103690685413,0.00785471587580555,0.852330785375085,0.0250486510037163,0.230666666666667,0.014,FALSE,0,"L3",19
"Int-UMAP","Centers-Euclidean",0.591371997656708,-0.0614083186877563,0.596760017857354,-0.0568296180918085,0.097,0.00733333333333333,FALSE,0,"L3",19
"C-PCA","CR-Euclidean",0.934814879906268,0.054506151142355,0.927121894862986,0.063999268941545,0.354,0.0716666666666667,FALSE,0,"L3",19
"V-PCA","CR-Euclidean",0.934584065612185,0.05499589923843,0.92750629467121,0.0630891886709581,0.347666666666667,0.0703333333333333,FALSE,0,"L3",19
"MR-PCA","CR-Euclidean",0.724106033977739,0.229107205623902,0.733116142037811,0.257486703317842,0.128333333333333,0.045,FALSE,0,"L3",19
"SPCA","CR-Euclidean",0.934814879906268,0.054506151142355,0.927121894862986,0.063999268941545,0.354,0.0716666666666667,FALSE,0,"L3",19
"IMDS","CR-Euclidean",0.588929115407147,-0.0645670767428237,0.585751245462932,-0.0899881897675459,0.0616666666666667,-0.00966666666666667,TRUE,0,"L3",19
"Int-UMAP","CR-Euclidean",0.878185120093732,0.0192056239015818,0.881189248804431,0.0276428031808565,0.262666666666667,0.0163333333333333,FALSE,0,"L3",19
"C-PCA","Int-Euclidean",0.929512595196251,0.0520210896309314,0.919406052617479,0.0731770446416962,0.336666666666667,0.078,FALSE,0,"L3",20
"C-PCA","Hausdorff",0.9459589923843,0.0319297012302284,0.935608573924794,0.0457178719229186,0.339333333333333,0.0636666666666667,FALSE,0,"L3",20
"C-PCA","Ichino-Yaguchi",0.923711189220855,0.0591013473930873,0.915794627687526,0.0764793241102065,0.330666666666667,0.069,FALSE,0,"L3",20
"C-PCA","Wasserstein",0.919581136496778,0.0596567076742824,0.912146507829556,0.0779457610507346,0.317,0.0796666666666667,FALSE,0,"L3",20
"C-PCA","Centers-Euclidean",0.833685413005272,0.147131810193322,0.828768883437934,0.172312909598834,0.210333333333333,0.0476666666666667,FALSE,0,"L3",20
"V-PCA","Int-Euclidean",0.929336848271822,0.0524007029876977,0.919017037254352,0.073954808244534,0.335,0.077,FALSE,0,"L3",20
"V-PCA","Hausdorff",0.946083772700644,0.0318394844756883,0.935511385521573,0.0461345998053684,0.338666666666667,0.066,FALSE,0,"L3",20
"V-PCA","Ichino-Yaguchi",0.923847100175747,0.0589654364381956,0.915473326575418,0.0771879733668742,0.33,0.0686666666666667,FALSE,0,"L3",20
"V-PCA","Wasserstein",0.919894551845343,0.0591001757469244,0.912037445483411,0.078238139912184,0.316666666666667,0.08,FALSE,0,"L3",20
"V-PCA","Centers-Euclidean",0.834156414762742,0.1462460456942,0.828829365399197,0.172364197294899,0.210666666666667,0.0486666666666667,FALSE,0,"L3",20
"MR-PCA","Int-Euclidean",0.727806092560047,0.217756297598125,0.735622690783306,0.251425637676561,0.129666666666667,0.0376666666666667,FALSE,0,"L3",20
"MR-PCA","Hausdorff",0.756813708260105,0.185903925014646,0.778883329702604,0.185348509320842,0.135333333333333,0.0333333333333333,FALSE,0,"L3",20
"MR-PCA","Ichino-Yaguchi",0.716581136496778,0.253862917398946,0.732170089914663,0.263854647709501,0.127666666666667,0.037,FALSE,0,"L3",20
"MR-PCA","Wasserstein",0.744608670181605,0.228795547744581,0.754466473938656,0.24082670706064,0.145333333333333,0.0386666666666667,FALSE,0,"L3",20
"MR-PCA","Centers-Euclidean",0.833685413005272,0.147131810193322,0.828768883437934,0.172312909598834,0.210333333333333,0.0476666666666667,FALSE,0,"L3",20
"SPCA","Int-Euclidean",0.929512595196251,0.0520210896309314,0.919406052617479,0.0731770446416962,0.336666666666667,0.078,FALSE,0,"L3",20
"SPCA","Hausdorff",0.9459589923843,0.0319297012302284,0.935608573924794,0.0457178719229186,0.339333333333333,0.0636666666666667,FALSE,0,"L3",20
"SPCA","Ichino-Yaguchi",0.923711189220855,0.0591013473930873,0.915794627687526,0.0764793241102065,0.330666666666667,0.069,FALSE,0,"L3",20
"SPCA","Wasserstein",0.919581136496778,0.0596567076742824,0.912146507829556,0.0779457610507346,0.317,0.0796666666666667,FALSE,0,"L3",20
"SPCA","Centers-Euclidean",0.833685413005272,0.147131810193322,0.828768883437934,0.172312909598834,0.210333333333333,0.0476666666666667,FALSE,0,"L3",20
"IMDS","Int-Euclidean",0.570137082601055,-0.0224604569420036,0.558144371149259,-0.0241224251183211,0.032,-0.006,FALSE,0,"L3",20
"IMDS","Hausdorff",0.597842999414177,-0.0986362038664323,0.600466429725125,-0.116690113654873,0.055,0.002,TRUE,0,"L3",20
"IMDS","Ichino-Yaguchi",0.594971880492091,-0.0749302870533098,0.596409394577057,-0.0893046884918779,0.0586666666666667,-0.002,FALSE,0,"L3",20
"IMDS","Wasserstein",0.586658465143527,-0.0838476859988283,0.587036006240863,-0.0961834849258725,0.055,0.00133333333333333,FALSE,0,"L3",20
"IMDS","Centers-Euclidean",0.505932044522554,-0.000930287053309886,0.497467435889996,0.00418445915874854,0.0333333333333333,0.000333333333333333,FALSE,0,"L3",20
"Int-UMAP","Int-Euclidean",0.779993555946104,-0.0457797305213826,0.772022211005086,-0.0219186139426449,0.163333333333333,0.0146666666666667,FALSE,0,"L3",20
"Int-UMAP","Hausdorff",0.908642647920328,0.00932981839484481,0.908850382178385,0.0142308588033209,0.293333333333333,0.00733333333333333,FALSE,0,"L3",20
"Int-UMAP","Ichino-Yaguchi",0.882900410076157,0.0378594024604569,0.889054842893819,0.0436814565533741,0.306,0.0173333333333333,FALSE,0,"L3",20
"Int-UMAP","Wasserstein",0.867003514938489,0.025784417106034,0.875834726903918,0.0322208149628415,0.281,0.00666666666666667,FALSE,0,"L3",20
"Int-UMAP","Centers-Euclidean",0.596985940246046,-0.0849478617457529,0.6090625917757,-0.0816366160498495,0.116333333333333,-0.00600000000000001,FALSE,0,"L3",20
"C-PCA","CR-Euclidean",0.937760398359695,0.0494329232571764,0.927588025993258,0.0630216847412503,0.342,0.073,FALSE,0,"L3",20
"V-PCA","CR-Euclidean",0.938096074985354,0.0487592267135325,0.927305092400907,0.0635918903786904,0.341666666666667,0.072,FALSE,0,"L3",20
"MR-PCA","CR-Euclidean",0.731623315758641,0.218438195664909,0.752134903312837,0.222090484833607,0.122666666666667,0.034,FALSE,0,"L3",20
"SPCA","CR-Euclidean",0.937760398359695,0.0494329232571764,0.927588025993258,0.0630216847412503,0.342,0.073,FALSE,0,"L3",20
"IMDS","CR-Euclidean",0.594975981253661,-0.0847545401288811,0.597906274375971,-0.0981725534373488,0.0536666666666667,-0.00266666666666667,FALSE,0,"L3",20
"Int-UMAP","CR-Euclidean",0.897909197422379,0.0291048623315758,0.900105664966134,0.0320609492737237,0.308333333333333,0.00566666666666665,FALSE,0,"L3",20
"C-PCA","Int-Euclidean",0.925147041593439,0.0599297012302284,0.918530650032554,0.0704226138087762,0.339333333333333,0.065,FALSE,0,"L3",21
"C-PCA","Hausdorff",0.947251318101933,0.0330732278851786,0.939582420085961,0.039113970048096,0.363,0.061,FALSE,0,"L3",21
"C-PCA","Ichino-Yaguchi",0.923857059168131,0.0622612770943176,0.91963533738839,0.0708862325972548,0.347333333333333,0.0616666666666666,FALSE,0,"L3",21
"C-PCA","Wasserstein",0.918678383128295,0.0593884007029877,0.915173188853339,0.0678766528453326,0.327,0.0576666666666667,FALSE,0,"L3",21
"C-PCA","Centers-Euclidean",0.838096074985354,0.137801991798477,0.837696352214814,0.153757789372572,0.218666666666667,0.0393333333333333,FALSE,0,"L3",21
"V-PCA","Int-Euclidean",0.92503690685413,0.0605038078500293,0.918949946291306,0.0699646506678162,0.336333333333333,0.0606666666666667,FALSE,0,"L3",21
"V-PCA","Hausdorff",0.946957234915056,0.0336988869361453,0.939006058328394,0.0402737155316761,0.359333333333333,0.0576666666666667,FALSE,0,"L3",21
"V-PCA","Ichino-Yaguchi",0.923968365553603,0.0622847100175746,0.919256045931718,0.071668813632751,0.35,0.0636666666666667,FALSE,0,"L3",21
"V-PCA","Wasserstein",0.918555946104276,0.0599379027533685,0.914881066368962,0.0687717557822625,0.328333333333333,0.0573333333333333,FALSE,0,"L3",21
"V-PCA","Centers-Euclidean",0.837942003514939,0.138187463386057,0.838101486326889,0.152930861244276,0.216333333333333,0.0326666666666667,FALSE,0,"L3",21
"MR-PCA","Int-Euclidean",0.733401288810779,0.214821323960164,0.743069526698755,0.236139856302954,0.128333333333333,0.019,FALSE,0,"L3",21
"MR-PCA","Hausdorff",0.745342706502636,0.202444053895724,0.767605564794853,0.200398199649577,0.15,0.018,FALSE,0,"L3",21
"MR-PCA","Ichino-Yaguchi",0.716654364381957,0.262403046280024,0.729559752207721,0.272535688993425,0.137666666666667,0.029,FALSE,0,"L3",21
"MR-PCA","Wasserstein",0.744579964850615,0.235186877562976,0.754059634995808,0.24402338066791,0.157,0.0226666666666667,FALSE,0,"L3",21
"MR-PCA","Centers-Euclidean",0.838096074985354,0.137801991798477,0.837696352214814,0.153757789372572,0.218666666666667,0.0393333333333333,FALSE,0,"L3",21
"SPCA","Int-Euclidean",0.925147041593439,0.0599297012302284,0.918530650032554,0.0704226138087762,0.339333333333333,0.065,FALSE,0,"L3",21
"SPCA","Hausdorff",0.947251318101933,0.0330732278851786,0.939582420085961,0.039113970048096,0.363,0.061,FALSE,0,"L3",21
"SPCA","Ichino-Yaguchi",0.923857059168131,0.0622612770943176,0.91963533738839,0.0708862325972548,0.347333333333333,0.0616666666666666,FALSE,0,"L3",21
"SPCA","Wasserstein",0.918678383128295,0.0593884007029877,0.915173188853339,0.0678766528453326,0.327,0.0576666666666667,FALSE,0,"L3",21
"SPCA","Centers-Euclidean",0.838096074985354,0.137801991798477,0.837696352214814,0.153757789372572,0.218666666666667,0.0393333333333333,FALSE,0,"L3",21
"IMDS","Int-Euclidean",0.546308435852373,-0.0478142940831869,0.534941309224063,-0.0533467163700446,0.034,-0.003,TRUE,1.17164616286747e-06,"L3",21
"IMDS","Hausdorff",0.576094657293497,-0.0834381019332161,0.582819977853319,-0.106910174838417,0.051,-0.00233333333333333,TRUE,7.02987697720481e-06,"L3",21
"IMDS","Ichino-Yaguchi",0.563319531341535,-0.0606157703573521,0.566370041617521,-0.0830459343278615,0.048,0.00166666666666667,TRUE,1.17164616275645e-06,"L3",21
"IMDS","Wasserstein",0.563483304042179,-0.0618652606912712,0.569678694282315,-0.0848668735184437,0.051,-0.000666666666666666,TRUE,0,"L3",21
"IMDS","Centers-Euclidean",0.509297012302285,0.00270884592852949,0.503519192126675,0.0073436049963132,0.032,0.00133333333333333,TRUE,0,"L3",21
"Int-UMAP","Int-Euclidean",0.783121265377856,-0.0444780316344464,0.771176202742375,-0.0245639908729763,0.156666666666667,0.012,FALSE,0,"L3",21
"Int-UMAP","Hausdorff",0.90921734036321,-0.000892794376098349,0.904048213166943,0.00414235498153701,0.297666666666667,0.015,FALSE,0,"L3",21
"Int-UMAP","Ichino-Yaguchi",0.878179261862917,0.0316578793204452,0.876425367482759,0.0392141183015925,0.297,0.0176666666666667,FALSE,0,"L3",21
"Int-UMAP","Wasserstein",0.860858816637376,0.00810076157000572,0.863052170585014,0.0224377928666687,0.273333333333333,0.0246666666666667,FALSE,0,"L3",21
"Int-UMAP","Centers-Euclidean",0.59685647334505,-0.0817621558289396,0.601495831262743,-0.0891811730801617,0.100666666666667,0.0103333333333333,FALSE,0,"L3",21
"C-PCA","CR-Euclidean",0.938487404803749,0.0507065026362039,0.93123942502145,0.0565942040666316,0.356666666666667,0.0576666666666667,FALSE,0,"L3",21
"V-PCA","CR-Euclidean",0.938467486818981,0.0507603983596954,0.931152872428764,0.0568284006845114,0.357666666666667,0.0566666666666667,FALSE,0,"L3",21
"MR-PCA","CR-Euclidean",0.729069127123609,0.226869361452841,0.745610564301289,0.234408829012305,0.135,0.0233333333333333,FALSE,0,"L3",21
"SPCA","CR-Euclidean",0.938487404803749,0.0507065026362039,0.93123942502145,0.0565942040666316,0.356666666666667,0.0576666666666667,FALSE,0,"L3",21
"IMDS","CR-Euclidean",0.568477445811365,-0.0658547158758055,0.572514705220866,-0.0926698095118351,0.0493333333333333,0.00133333333333333,TRUE,0,"L3",21
"Int-UMAP","CR-Euclidean",0.895105448154657,0.019178676039836,0.890629621407823,0.0254196409093679,0.303333333333333,0.014,FALSE,0,"L3",21
"C-PCA","Int-Euclidean",0.931956649091974,0.0549759812536613,0.925136516953203,0.0619137903692183,0.360666666666667,0.056,FALSE,0,"L3",22
"C-PCA","Hausdorff",0.947161101347393,0.0325928529584065,0.939171960392659,0.040685404913812,0.368,0.07,FALSE,0,"L3",22
"C-PCA","Ichino-Yaguchi",0.926111306385472,0.0617785588752197,0.921291950849905,0.0703211621772278,0.35,0.071,FALSE,0,"L3",22
"C-PCA","Wasserstein",0.922414176918571,0.0615735207967194,0.917510951676299,0.0736459414204487,0.338333333333333,0.077,FALSE,0,"L3",22
"C-PCA","Centers-Euclidean",0.829144112478032,0.15119273579379,0.829085360976615,0.166273545432397,0.201333333333333,0.0426666666666667,FALSE,0,"L3",22
"V-PCA","Int-Euclidean",0.931744581136497,0.0551400117164617,0.924966120614206,0.062241533914772,0.359333333333333,0.0536666666666667,FALSE,0,"L3",22
"V-PCA","Hausdorff",0.946591095489162,0.0336953719976567,0.939010222536834,0.0412111544598173,0.367,0.069,FALSE,0,"L3",22
"V-PCA","Ichino-Yaguchi",0.925709431751611,0.0627346221441125,0.921010792707162,0.0709800512539219,0.350666666666667,0.0703333333333333,FALSE,0,"L3",22
"V-PCA","Wasserstein",0.921888693614528,0.0627416520210897,0.917802954415696,0.0732612284330464,0.339333333333333,0.0746666666666667,FALSE,0,"L3",22
"V-PCA","Centers-Euclidean",0.830005272407733,0.149510251903925,0.830769778301381,0.162858983552413,0.202333333333333,0.0413333333333333,FALSE,0,"L3",22
"MR-PCA","Int-Euclidean",0.735172817809022,0.225954305799648,0.743363534398972,0.246066512502681,0.140333333333333,0.0236666666666667,FALSE,0,"L3",22
"MR-PCA","Hausdorff",0.727687170474517,0.224883421206795,0.740868122704216,0.243086600337159,0.139,0.0303333333333333,FALSE,0,"L3",22
"MR-PCA","Ichino-Yaguchi",0.717173403632103,0.258236672524898,0.730127216759753,0.273399705826499,0.140333333333333,0.0266666666666667,FALSE,0,"L3",22
"MR-PCA","Wasserstein",0.742040421792619,0.232687756297598,0.751970374477862,0.247101611138003,0.154333333333333,0.0233333333333333,FALSE,0,"L3",22
"MR-PCA","Centers-Euclidean",0.829144112478032,0.15119273579379,0.829085360976615,0.166273545432397,0.201333333333333,0.0426666666666667,FALSE,0,"L3",22
"SPCA","Int-Euclidean",0.931956649091974,0.0549759812536613,0.925136516953203,0.0619137903692183,0.360666666666667,0.056,FALSE,0,"L3",22
"SPCA","Hausdorff",0.947161101347393,0.0325928529584065,0.939171960392659,0.040685404913812,0.368,0.07,FALSE,0,"L3",22
"SPCA","Ichino-Yaguchi",0.926111306385472,0.0617785588752197,0.921291950849905,0.0703211621772278,0.35,0.071,FALSE,0,"L3",22
"SPCA","Wasserstein",0.922414176918571,0.0615735207967194,0.917510951676299,0.0736459414204487,0.338333333333333,0.077,FALSE,0,"L3",22
"SPCA","Centers-Euclidean",0.829144112478032,0.15119273579379,0.829085360976615,0.166273545432397,0.201333333333333,0.0426666666666667,FALSE,0,"L3",22
"IMDS","Int-Euclidean",0.474515489162273,-0.0427932747510252,0.460016694292448,-0.0310887308766883,0.0253333333333333,-0.002,TRUE,2.34329232573494e-06,"L3",22
"IMDS","Hausdorff",0.585966608084359,-0.0788857644991212,0.587497375205389,-0.116986315144531,0.058,-0.018,TRUE,0,"L3",22
"IMDS","Ichino-Yaguchi",0.574141183362624,-0.0549115407147042,0.577650906692102,-0.0802259357494493,0.0563333333333333,-0.0126666666666667,TRUE,0,"L3",22
"IMDS","Wasserstein",0.563883421206796,-0.0710826010544815,0.569220789478653,-0.0912427195435936,0.051,-0.00466666666666667,FALSE,0,"L3",22
"IMDS","Centers-Euclidean",0.505485647334505,0.0073649677797305,0.501082543745681,0.00407918950456743,0.034,-0.00133333333333333,FALSE,0,"L3",22
"Int-UMAP","Int-Euclidean",0.76216813122437,-0.129395430579965,0.768562654181257,-0.121970813542789,0.182333333333333,-0.00133333333333334,FALSE,0,"L3",22
"Int-UMAP","Hausdorff",0.890171646162859,-0.0239285295840657,0.890374467115649,-0.0156581974726747,0.271666666666667,-0.00133333333333333,FALSE,0,"L3",22
"Int-UMAP","Ichino-Yaguchi",0.85888927943761,0.00604803749267724,0.863920437597283,0.0155876047365587,0.277333333333333,0.0216666666666667,FALSE,0,"L3",22
"Int-UMAP","Wasserstein",0.842207381370826,-0.005933216168717,0.851077778509553,0.00474762133505521,0.251,0.00766666666666667,FALSE,0,"L3",22
"Int-UMAP","Centers-Euclidean",0.589423550087874,-0.0675946104276508,0.588615048750791,-0.0717978910452708,0.108333333333333,-0.00466666666666667,FALSE,0,"L3",22
"C-PCA","CR-Euclidean",0.939421792618629,0.0487603983596954,0.932217819035552,0.0559141308748154,0.366,0.0743333333333333,FALSE,0,"L3",22
"V-PCA","CR-Euclidean",0.938838898652607,0.0500058582308143,0.931885507526049,0.0566135259937951,0.365666666666667,0.073,FALSE,0,"L3",22
"MR-PCA","CR-Euclidean",0.726384299941418,0.233900410076157,0.738794891126482,0.251802685450048,0.137333333333333,0.0276666666666667,FALSE,0,"L3",22
"SPCA","CR-Euclidean",0.939421792618629,0.0487603983596954,0.932217819035552,0.0559141308748154,0.366,0.0743333333333333,FALSE,0,"L3",22
"IMDS","CR-Euclidean",0.58109021675454,-0.065261862917399,0.583544982585549,-0.0939449200725286,0.0596666666666667,-0.0136666666666667,FALSE,0,"L3",22
"Int-UMAP","CR-Euclidean",0.875895723491506,-0.00900995899238421,0.877789479267462,-0.000366009742635787,0.281666666666667,0.00833333333333335,FALSE,0,"L3",22
"C-PCA","Int-Euclidean",0.931398359695372,0.0550708845928529,0.925180262250717,0.0656446171637849,0.348,0.0703333333333333,FALSE,0,"L3",23
"C-PCA","Hausdorff",0.945609256004686,0.0316356180433509,0.937682467937898,0.0424425642435656,0.359,0.0833333333333333,FALSE,0,"L3",23
"C-PCA","Ichino-Yaguchi",0.923050966608084,0.0553579379027533,0.918376430779802,0.0709954922155784,0.340333333333333,0.0843333333333333,FALSE,0,"L3",23
"C-PCA","Wasserstein",0.921441124780316,0.05604920913884,0.915914136247988,0.0715108930319629,0.334333333333333,0.077,FALSE,0,"L3",23
"C-PCA","Centers-Euclidean",0.83221734036321,0.14297949619215,0.832203719831749,0.161791813219938,0.208666666666667,0.0346666666666667,FALSE,0,"L3",23
"V-PCA","Int-Euclidean",0.931247803163445,0.0552806092560046,0.924478215087468,0.067011691869147,0.348333333333333,0.0736666666666667,FALSE,0,"L3",23
"V-PCA","Hausdorff",0.945560632688928,0.0316367896895138,0.937702964286981,0.0422830117336264,0.356,0.0806666666666667,FALSE,0,"L3",23
"V-PCA","Ichino-Yaguchi",0.922852958406561,0.055693028705331,0.9184187115041,0.0708661185109927,0.340666666666667,0.0846666666666667,FALSE,0,"L3",23
"V-PCA","Wasserstein",0.921038664323374,0.0568072642062097,0.916145295488393,0.070948704167417,0.332,0.0743333333333333,FALSE,0,"L3",23
"V-PCA","Centers-Euclidean",0.832613356766257,0.142250732278852,0.832104599389331,0.162118583453731,0.211666666666667,0.0376666666666667,FALSE,0,"L3",23
"MR-PCA","Int-Euclidean",0.728496777973052,0.21712712360867,0.739138028810335,0.245908372369429,0.142666666666667,0.0306666666666667,FALSE,0,"L3",23
"MR-PCA","Hausdorff",0.723375512595196,0.22079906268307,0.737636193411478,0.244707932014941,0.125333333333333,0.0263333333333333,FALSE,0,"L3",23
"MR-PCA","Ichino-Yaguchi",0.71786467486819,0.249746924428822,0.727127019334055,0.277464776169767,0.134333333333333,0.033,FALSE,0,"L3",23
"MR-PCA","Wasserstein",0.744397188049209,0.227735207967194,0.750513887117021,0.250815449497324,0.151666666666667,0.0263333333333333,FALSE,0,"L3",23
"MR-PCA","Centers-Euclidean",0.83221734036321,0.14297949619215,0.832203719831749,0.161791813219938,0.208666666666667,0.0346666666666667,FALSE,0,"L3",23
"SPCA","Int-Euclidean",0.931398359695372,0.0550708845928529,0.925180262250717,0.0656446171637849,0.348,0.0703333333333333,FALSE,0,"L3",23
"SPCA","Hausdorff",0.945609256004686,0.0316356180433509,0.937682467937898,0.0424425642435656,0.359,0.0833333333333333,FALSE,0,"L3",23
"SPCA","Ichino-Yaguchi",0.923050966608084,0.0553579379027533,0.918376430779802,0.0709954922155784,0.340333333333333,0.0843333333333333,FALSE,0,"L3",23
"SPCA","Wasserstein",0.921441124780316,0.05604920913884,0.915914136247988,0.0715108930319629,0.334333333333333,0.077,FALSE,0,"L3",23
"SPCA","Centers-Euclidean",0.83221734036321,0.14297949619215,0.832203719831749,0.161791813219938,0.208666666666667,0.0346666666666667,FALSE,0,"L3",23
"IMDS","Int-Euclidean",0.538024370240187,-0.0783929701230228,0.522266699243442,-0.0746623788752661,0.0316666666666667,0.00466666666666667,TRUE,1.05448154658072e-05,"L3",23
"IMDS","Hausdorff",0.565956391329818,-0.0602207850029291,0.567285856751537,-0.081228044028694,0.041,0.00166666666666667,TRUE,1.28956132350311e-06,"L3",23
"IMDS","Ichino-Yaguchi",0.5567129466901,-0.0501804335090802,0.556774600646654,-0.0601880226465391,0.038,0.00466666666666667,FALSE,0,"L3",23
"IMDS","Wasserstein",0.547877562975981,-0.0575149384885764,0.550462642406334,-0.0763966463422591,0.041,0,FALSE,0,"L3",23
"IMDS","Centers-Euclidean",0.486742823667253,-0.0147088459285296,0.479700323603133,0.000732693434582377,0.0303333333333333,0.00333333333333333,FALSE,0,"L3",23
"Int-UMAP","Int-Euclidean",0.780383714118336,-0.0571165787932045,0.777382468383103,-0.0464410087869788,0.162666666666667,0.005,FALSE,0,"L3",23
"Int-UMAP","Hausdorff",0.899243702401875,0.008115992970123,0.897098300496343,0.0143128702979178,0.262333333333333,0.00800000000000001,FALSE,0,"L3",23
"Int-UMAP","Ichino-Yaguchi",0.860756297598125,0.0471903925014646,0.864362123096918,0.0601607791283886,0.266666666666667,0.0186666666666667,FALSE,0,"L3",23
"Int-UMAP","Wasserstein",0.845525483304042,0.0278711189220856,0.853663556981647,0.0421145412930585,0.240666666666667,0.023,FALSE,0,"L3",23
"Int-UMAP","Centers-Euclidean",0.585193321616872,-0.0639543057996486,0.596014622243735,-0.0639603825268739,0.102,-0.00233333333333333,FALSE,0,"L3",23
"C-PCA","CR-Euclidean",0.937681312243702,0.0473509080257762,0.930155052862035,0.058530775150706,0.360333333333333,0.0833333333333333,FALSE,0,"L3",23
"V-PCA","CR-Euclidean",0.937484475688342,0.0476602226127709,0.930166334220828,0.0584702225706085,0.359333333333333,0.083,FALSE,0,"L3",23
"MR-PCA","CR-Euclidean",0.725263034563562,0.22303690685413,0.73557133937677,0.253193286973604,0.126,0.0313333333333333,FALSE,0,"L3",23
"SPCA","CR-Euclidean",0.937681312243702,0.0473509080257762,0.930155052862035,0.058530775150706,0.360333333333333,0.0833333333333333,FALSE,0,"L3",23
"IMDS","CR-Euclidean",0.558435266549502,-0.0524932630345636,0.561455608463391,-0.0656390229239483,0.0383333333333333,0.00466666666666667,FALSE,0,"L3",23
"Int-UMAP","CR-Euclidean",0.880695371997657,0.0341944932630346,0.880432536522603,0.0436929704937623,0.269,0.025,FALSE,0,"L3",23
"C-PCA","Int-Euclidean",0.928230228471002,0.0567955477445812,0.922110882162803,0.0688465365222957,0.334333333333333,0.0806666666666667,FALSE,0,"L3",24
"C-PCA","Hausdorff",0.947755711775044,0.0326127709431752,0.939628134267283,0.0410996166164889,0.362333333333333,0.0726666666666667,FALSE,0,"L3",24
"C-PCA","Ichino-Yaguchi",0.924572934973638,0.0598383128295256,0.919060669715251,0.0719170480467521,0.348333333333333,0.095,FALSE,0,"L3",24
"C-PCA","Wasserstein",0.921792032806093,0.0594434680726421,0.915884305163634,0.0712218363261135,0.334,0.0856666666666667,FALSE,0,"L3",24
"C-PCA","Centers-Euclidean",0.838940831868776,0.141588752196837,0.841634477527321,0.151902918139108,0.224,0.045,FALSE,0,"L3",24
"V-PCA","Int-Euclidean",0.928304042179262,0.0567065026362039,0.922245173087531,0.0686301726952891,0.336,0.0833333333333333,FALSE,0,"L3",24
"V-PCA","Hausdorff",0.947715875805507,0.0326127709431752,0.939797506633181,0.0406819752947684,0.364,0.0783333333333334,FALSE,0,"L3",24
"V-PCA","Ichino-Yaguchi",0.924674282366725,0.0595957820738138,0.919344655681753,0.0713731540658871,0.349666666666667,0.091,FALSE,0,"L3",24
"V-PCA","Wasserstein",0.921812536613943,0.0594024604569421,0.916225283599866,0.0704962738586116,0.334666666666667,0.083,FALSE,0,"L3",24
"V-PCA","Centers-Euclidean",0.839850029291154,0.139751611013474,0.841872938141125,0.151430768288397,0.225666666666667,0.043,FALSE,0,"L3",24
"MR-PCA","Int-Euclidean",0.72704510837727,0.212747510251904,0.741377733543777,0.234655167464122,0.130333333333333,0.029,FALSE,0,"L3",24
"MR-PCA","Hausdorff",0.73802050380785,0.206688927943761,0.751212775622624,0.228220391556874,0.131666666666667,0.0296666666666667,FALSE,0,"L3",24
"MR-PCA","Ichino-Yaguchi",0.726894551845343,0.24704510837727,0.735659059483012,0.268779202998906,0.141,0.0203333333333333,FALSE,0,"L3",24
"MR-PCA","Wasserstein",0.754991212653779,0.222605741066198,0.761160128513997,0.23908204572938,0.158333333333333,0.029,FALSE,0,"L3",24
"MR-PCA","Centers-Euclidean",0.838940831868776,0.141588752196837,0.841634477527321,0.151902918139108,0.224,0.045,FALSE,0,"L3",24
"SPCA","Int-Euclidean",0.928230228471002,0.0567955477445812,0.922110882162803,0.0688465365222957,0.334333333333333,0.0806666666666667,FALSE,0,"L3",24
"SPCA","Hausdorff",0.947755711775044,0.0326127709431752,0.939628134267283,0.0410996166164889,0.362333333333333,0.0726666666666667,FALSE,0,"L3",24
"SPCA","Ichino-Yaguchi",0.924572934973638,0.0598383128295256,0.919060669715251,0.0719170480467521,0.348333333333333,0.095,FALSE,0,"L3",24
"SPCA","Wasserstein",0.921792032806093,0.0594434680726421,0.915884305163634,0.0712218363261135,0.334,0.0856666666666667,FALSE,0,"L3",24
"SPCA","Centers-Euclidean",0.838940831868776,0.141588752196837,0.841634477527321,0.151902918139108,0.224,0.045,FALSE,0,"L3",24
"IMDS","Int-Euclidean",0.507689513766842,-0.0626690099589924,0.495746850208088,-0.0547049506719765,0.031,-0.002,TRUE,0,"L3",24
"IMDS","Hausdorff",0.580454352665495,-0.0939477680140598,0.581965137292993,-0.126704289372648,0.0523333333333333,-0.00633333333333334,TRUE,1.66353410728792e-05,"L3",24
"IMDS","Ichino-Yaguchi",0.570185705916813,-0.0702741652021089,0.572654981091807,-0.1015460581411,0.0573333333333333,-0.005,FALSE,0,"L3",24
"IMDS","Wasserstein",0.566185705916813,-0.0858640890451084,0.572293457947943,-0.112622580863555,0.0506666666666667,-0.00966666666666667,TRUE,0,"L3",24
"IMDS","Centers-Euclidean",0.510171646162859,-0.00755594610427646,0.512283393996447,-0.00864592530093222,0.0346666666666667,0.00666666666666667,TRUE,0,"L3",24
"Int-UMAP","Int-Euclidean",0.768553602811951,-0.0763596953719977,0.765761736965413,-0.0701504227228074,0.148,0.00966666666666667,FALSE,0,"L3",24
"Int-UMAP","Hausdorff",0.911966022261277,0.00783831282952541,0.908026027799565,0.0111149700721986,0.295333333333333,0.0193333333333333,FALSE,0,"L3",24
"Int-UMAP","Ichino-Yaguchi",0.880437609841828,0.0309091974223784,0.882540084248269,0.0401199046400105,0.299,0.013,FALSE,0,"L3",24
"Int-UMAP","Wasserstein",0.864975981253661,0.0175207967193908,0.869673529128657,0.0299738817776234,0.272666666666667,0.0186666666666667,FALSE,0,"L3",24
"Int-UMAP","Centers-Euclidean",0.617505565319274,-0.101982425307557,0.62653553363199,-0.0950251978747415,0.124333333333333,0.006,FALSE,0,"L3",24
"C-PCA","CR-Euclidean",0.938967779730521,0.0496449912126538,0.931140841128655,0.0579061116456138,0.361333333333333,0.0826666666666667,FALSE,0,"L3",24
"V-PCA","CR-Euclidean",0.938919742237844,0.0496168717047452,0.931501245117514,0.0570599675184066,0.361,0.0806666666666667,FALSE,0,"L3",24
"MR-PCA","CR-Euclidean",0.736038078500293,0.21693848857645,0.746990738032833,0.239912506334586,0.131333333333333,0.0253333333333333,FALSE,0,"L3",24
"SPCA","CR-Euclidean",0.938967779730521,0.0496449912126538,0.931140841128655,0.0579061116456138,0.361333333333333,0.0826666666666667,FALSE,0,"L3",24
"IMDS","CR-Euclidean",0.575220269478617,-0.0816883421206795,0.577247317750827,-0.114788449767672,0.056,-0.00533333333333333,TRUE,0,"L3",24
"Int-UMAP","CR-Euclidean",0.896804920913884,0.0243093145869947,0.895526058887204,0.0283296695975018,0.301,0.02,FALSE,0,"L3",24
"C-PCA","Int-Euclidean",0.930652606912712,0.0516344463971881,0.924426562015695,0.0595163285329413,0.328666666666667,0.0536666666666667,FALSE,0,"L3",25
"C-PCA","Hausdorff",0.944579964850615,0.0323046280023433,0.937580754556105,0.0410976454298945,0.34,0.055,FALSE,0,"L3",25
"C-PCA","Ichino-Yaguchi",0.924089045108377,0.0635922671353252,0.920158939968311,0.0719921834161493,0.339,0.056,FALSE,0,"L3",25
"C-PCA","Wasserstein",0.918414176918571,0.0611376684241359,0.915823259019292,0.0720590886209569,0.324666666666667,0.061,FALSE,0,"L3",25
"C-PCA","Centers-Euclidean",0.838916227299356,0.134966608084358,0.839637637106083,0.148916268015671,0.21,0.0433333333333333,FALSE,0,"L3",25
"V-PCA","Int-Euclidean",0.930453427065026,0.0521991798476861,0.924216676699147,0.0600351804610581,0.328333333333333,0.0493333333333333,FALSE,0,"L3",25
"V-PCA","Hausdorff",0.94426654950205,0.0330486233157586,0.937374874555619,0.0416911568178723,0.338333333333333,0.0506666666666667,FALSE,0,"L3",25
"V-PCA","Ichino-Yaguchi",0.924393673110721,0.0631845342706502,0.920190487397378,0.0720615725616967,0.341333333333333,0.0606666666666667,FALSE,0,"L3",25
"V-PCA","Wasserstein",0.918816051552431,0.0603057996485061,0.915969179791407,0.0717453276046107,0.327666666666667,0.0653333333333333,FALSE,0,"L3",25
"V-PCA","Centers-Euclidean",0.839526654950205,0.133717633274751,0.838467797734763,0.151273960701847,0.212,0.0436666666666667,FALSE,0,"L3",25
"MR-PCA","Int-Euclidean",0.730870533099004,0.226863503222027,0.739667941797185,0.24737151171743,0.138333333333333,0.0193333333333333,FALSE,0,"L3",25
"MR-PCA","Hausdorff",0.730228471001757,0.215997656707674,0.745038897928611,0.238466763782916,0.14,0.0296666666666667,FALSE,0,"L3",25
"MR-PCA","Ichino-Yaguchi",0.715687170474517,0.254940831868776,0.721655006115438,0.288616418909697,0.141666666666667,0.0316666666666667,FALSE,0,"L3",25
"MR-PCA","Wasserstein",0.742845342706503,0.22893848857645,0.747587099504854,0.256369548667354,0.158333333333333,0.028,FALSE,0,"L3",25
"MR-PCA","Centers-Euclidean",0.838916227299356,0.134966608084358,0.839637637106083,0.148916268015671,0.21,0.0433333333333333,FALSE,0,"L3",25
"SPCA","Int-Euclidean",0.930652606912712,0.0516344463971881,0.924426562015695,0.0595163285329413,0.328666666666667,0.0536666666666667,FALSE,0,"L3",25
"SPCA","Hausdorff",0.944579964850615,0.0323046280023433,0.937580754556105,0.0410976454298945,0.34,0.055,FALSE,0,"L3",25
"SPCA","Ichino-Yaguchi",0.924089045108377,0.0635922671353252,0.920158939968311,0.0719921834161493,0.339,0.056,FALSE,0,"L3",25
"SPCA","Wasserstein",0.918414176918571,0.0611376684241359,0.915823259019292,0.0720590886209569,0.324666666666667,0.061,FALSE,0,"L3",25
"SPCA","Centers-Euclidean",0.838916227299356,0.134966608084358,0.839637637106083,0.148916268015671,0.21,0.0433333333333333,FALSE,0,"L3",25
"IMDS","Int-Euclidean",0.571866514352665,-0.0699307088459286,0.5576075915554,-0.0688389520594832,0.0433333333333333,-0.004,TRUE,4.68658465135885e-06,"L3",25
"IMDS","Hausdorff",0.606613356766257,-0.0883737551259519,0.60977439278165,-0.115602586675792,0.056,0.00133333333333334,TRUE,0,"L3",25
"IMDS","Ichino-Yaguchi",0.600595196250732,-0.0616754540128881,0.60214691081747,-0.0803554460861277,0.053,-0.000333333333333335,TRUE,0,"L3",25
"IMDS","Wasserstein",0.591339191564148,-0.0762765084944348,0.593257378938977,-0.0965290152065378,0.056,-0.00366666666666667,FALSE,0,"L3",25
"IMDS","Centers-Euclidean",0.502918570591681,-0.00382425307557122,0.493617100534968,-0.00691505613506505,0.0286666666666667,-0.00333333333333333,FALSE,0,"L3",25
"Int-UMAP","Int-Euclidean",0.790195664909197,-0.0659707088459286,0.777341023570878,-0.0280733708196528,0.162333333333333,0.0176666666666667,FALSE,0,"L3",25
"Int-UMAP","Hausdorff",0.900503807850029,-0.0103667252489748,0.899621777036996,-0.00305810410229415,0.277666666666667,0.029,FALSE,0,"L3",25
"Int-UMAP","Ichino-Yaguchi",0.869919742237844,0.0289267721148213,0.875565114940597,0.0372052089680393,0.28,0.0206666666666667,FALSE,0,"L3",25
"Int-UMAP","Wasserstein",0.856613942589338,0.01402460456942,0.864064798614274,0.0246522060786543,0.268666666666667,0.0203333333333333,FALSE,0,"L3",25
"Int-UMAP","Centers-Euclidean",0.596373755125952,-0.0703971880492091,0.596943735057784,-0.0773458003209473,0.116666666666667,-0.006,FALSE,0,"L3",25
"C-PCA","CR-Euclidean",0.936857644991213,0.049891036906854,0.931157031264033,0.0568021335485059,0.345,0.06,FALSE,0,"L3",25
"V-PCA","CR-Euclidean",0.937489162272994,0.048763913298184,0.931275015378786,0.0564772684880492,0.348333333333333,0.0636666666666667,FALSE,0,"L3",25
"MR-PCA","CR-Euclidean",0.723970708845929,0.227116578793204,0.733495602365608,0.259840145057227,0.136333333333333,0.038,FALSE,0,"L3",25
"SPCA","CR-Euclidean",0.936857644991213,0.049891036906854,0.931157031264033,0.0568021335485059,0.345,0.06,FALSE,0,"L3",25
"IMDS","CR-Euclidean",0.606903925014646,-0.070937316930287,0.605421675806433,-0.0949472208648566,0.0563333333333333,0.003,FALSE,0,"L3",25
"Int-UMAP","CR-Euclidean",0.887162272993556,0.0086983011130638,0.888400121095949,0.016974943977004,0.285666666666667,0.02,FALSE,0,"L3",25
"C-PCA","Int-Euclidean",0.838783245459871,0.138379613356766,0.838855375390534,0.161869579908512,0.249,0.0626666666666666,FALSE,0,"L1",1
"C-PCA","Hausdorff",0.874930872876391,0.104026947861746,0.87314922465893,0.121565964976436,0.284,0.0733333333333333,FALSE,0,"L1",1
"C-PCA","Ichino-Yaguchi",0.828916227299356,0.145537199765671,0.828364572956395,0.166358149866369,0.217666666666667,0.0516666666666667,FALSE,0,"L1",1
"C-PCA","Wasserstein",0.836128881077914,0.147561804335091,0.835673534808868,0.165051732134164,0.229333333333333,0.049,FALSE,0,"L1",1
"C-PCA","Centers-Euclidean",0.832859988283538,0.152637375512595,0.834979596530036,0.164648131678949,0.225,0.0456666666666667,FALSE,0,"L1",1
"V-PCA","Int-Euclidean",0.838684827182191,0.138339777387229,0.838663196979111,0.162072747224641,0.248333333333333,0.06,FALSE,0,"L1",1
"V-PCA","Hausdorff",0.874884007029877,0.104190978324546,0.872626495603287,0.122686761102471,0.285,0.074,FALSE,0,"L1",1
"V-PCA","Ichino-Yaguchi",0.829224956063269,0.144983011130639,0.828598752687162,0.165895418418897,0.216333333333333,0.0513333333333333,FALSE,0,"L1",1
"V-PCA","Wasserstein",0.836377855887522,0.14717633274751,0.835749951296032,0.164980899908088,0.229666666666667,0.0493333333333333,FALSE,0,"L1",1
"V-PCA","Centers-Euclidean",0.833152899824253,0.152182776801406,0.834631730454664,0.165366504842072,0.226,0.0476666666666667,FALSE,0,"L1",1
"MR-PCA","Int-Euclidean",0.830240187463386,0.145914469830111,0.83109988297231,0.152826070570015,0.216,0.0383333333333333,FALSE,0,"L1",1
"MR-PCA","Hausdorff",0.830130638547159,0.133013473930873,0.837339391661727,0.138923371349294,0.209666666666667,0.0383333333333333,FALSE,0,"L1",1
"MR-PCA","Ichino-Yaguchi",0.833032220269479,0.151988283538371,0.836346751065385,0.159932098455551,0.225,0.0453333333333333,FALSE,0,"L1",1
"MR-PCA","Wasserstein",0.833207967193907,0.154153485647335,0.835490980516417,0.163355572125395,0.225,0.0396666666666667,FALSE,0,"L1",1
"MR-PCA","Centers-Euclidean",0.832859988283538,0.152637375512595,0.834979596530036,0.164648131678949,0.225,0.0456666666666667,FALSE,0,"L1",1
"SPCA","Int-Euclidean",0.838783245459871,0.138379613356766,0.838855375390534,0.161869579908512,0.249,0.0626666666666666,FALSE,0,"L1",1
"SPCA","Hausdorff",0.874930872876391,0.104026947861746,0.87314922465893,0.121565964976436,0.284,0.0733333333333333,FALSE,0,"L1",1
"SPCA","Ichino-Yaguchi",0.828916227299356,0.145537199765671,0.828364572956395,0.166358149866369,0.217666666666667,0.0516666666666667,FALSE,0,"L1",1
"SPCA","Wasserstein",0.836128881077914,0.147561804335091,0.835673534808868,0.165051732134164,0.229333333333333,0.049,FALSE,0,"L1",1
"SPCA","Centers-Euclidean",0.832859988283538,0.152637375512595,0.834979596530036,0.164648131678949,0.225,0.0456666666666667,FALSE,0,"L1",1
"IMDS","Int-Euclidean",0.49988517867604,-0.0108564733450498,0.48536590841996,-0.000538196883160924,0.0293333333333333,0,FALSE,0,"L1",1
"IMDS","Hausdorff",0.547452841241945,-0.0564030462800236,0.546674387915091,-0.0548779898440905,0.059,0.00633333333333333,FALSE,0,"L1",1
"IMDS","Ichino-Yaguchi",0.514015817223199,0.000818980667838254,0.507592718307764,0.00336811157407385,0.0386666666666667,0.007,FALSE,0,"L1",1
"IMDS","Wasserstein",0.51108611599297,0.00509900410076158,0.505336223946448,-0.000276876492110778,0.038,0.000666666666666666,FALSE,0,"L1",1
"IMDS","Centers-Euclidean",0.51031985940246,0.00355243116578796,0.498534344472226,0.0060674044492629,0.038,0.00233333333333333,FALSE,0,"L1",1
"Int-UMAP","Int-Euclidean",0.764360281195079,0.153254833040422,0.777757084412381,0.165966391882641,0.205666666666667,0.026,FALSE,0,"L1",1
"Int-UMAP","Hausdorff",0.815294669009959,0.0517000585823082,0.829782305161485,0.0569110615653463,0.261333333333333,0.02,FALSE,0,"L1",1
"Int-UMAP","Ichino-Yaguchi",0.788374926772115,0.0674118336262449,0.805753759339917,0.0672727282496677,0.237333333333333,0.00799999999999999,FALSE,0,"L1",1
"Int-UMAP","Wasserstein",0.795253075571178,0.0785483304042179,0.808899205123611,0.0761223673950999,0.234,0.00566666666666667,FALSE,0,"L1",1
"Int-UMAP","Centers-Euclidean",0.792488576449912,0.0965998828353838,0.795051795077038,0.108085233248637,0.210333333333333,0.0216666666666667,FALSE,0,"L1",1
"C-PCA","CR-Euclidean",0.840980082015231,0.14320913884007,0.839193463060132,0.16430948212906,0.239666666666667,0.0686666666666667,FALSE,0,"L1",1
"V-PCA","CR-Euclidean",0.840659636789689,0.143875805506737,0.840065808310087,0.162560361064889,0.238666666666667,0.0656666666666667,FALSE,0,"L1",1
"MR-PCA","CR-Euclidean",0.831655536028119,0.148609256004687,0.836072736938855,0.154064552983546,0.219,0.045,FALSE,0,"L1",1
"SPCA","CR-Euclidean",0.840980082015231,0.14320913884007,0.839193463060132,0.16430948212906,0.239666666666667,0.0686666666666667,FALSE,0,"L1",1
"IMDS","CR-Euclidean",0.517800234329233,-0.0134188635032221,0.513657677963684,-0.0102400871497824,0.0463333333333333,0.00766666666666667,FALSE,0,"L1",1
"Int-UMAP","CR-Euclidean",0.79492208553017,0.0634540128881078,0.81193186879082,0.0668606965197043,0.25,0.0146666666666667,FALSE,0,"L1",1
"C-PCA","Int-Euclidean",0.845326303456356,0.1259589923843,0.851179260844942,0.140878734719274,0.249333333333333,0.0536666666666667,FALSE,0,"L1",2
"C-PCA","Hausdorff",0.885264792032806,0.0905178676039836,0.884275705601133,0.10270247379312,0.300333333333333,0.0473333333333333,FALSE,0,"L1",2
"C-PCA","Ichino-Yaguchi",0.838678968951377,0.117714118336262,0.839643813183707,0.137604733488357,0.231,0.0426666666666667,FALSE,0,"L1",2
"C-PCA","Wasserstein",0.841936731107206,0.126640890451084,0.845073957877093,0.14110421912226,0.231,0.036,FALSE,0,"L1",2
"C-PCA","Centers-Euclidean",0.838949033391916,0.132449912126538,0.843085226340273,0.14534455006054,0.228666666666667,0.0413333333333333,FALSE,0,"L1",2
"V-PCA","Int-Euclidean",0.844639718804921,0.127913298183948,0.850917027782217,0.141746411450199,0.249,0.0533333333333333,FALSE,0,"L1",2
"V-PCA","Hausdorff",0.885323374340949,0.090365553602812,0.884577411521893,0.102173174883091,0.3,0.047,FALSE,0,"L1",2
"V-PCA","Ichino-Yaguchi",0.838751611013474,0.117985940246046,0.839713038063705,0.138010632126074,0.231666666666667,0.044,FALSE,0,"L1",2
"V-PCA","Wasserstein",0.842050966608084,0.126391329818395,0.84529222994782,0.140729395842055,0.230666666666667,0.0366666666666667,FALSE,0,"L1",2
"V-PCA","Centers-Euclidean",0.838734622144113,0.132792032806093,0.843386883902483,0.144703923628494,0.227666666666667,0.04,FALSE,0,"L1",2
"MR-PCA","Int-Euclidean",0.836579964850615,0.124555360281195,0.839072066213447,0.132969383818431,0.222,0.0346666666666667,FALSE,0,"L1",2
"MR-PCA","Hausdorff",0.832998242530756,0.123001757469244,0.839687786457242,0.129513882972003,0.226,0.03,FALSE,0,"L1",2
"MR-PCA","Ichino-Yaguchi",0.838683655536028,0.131031048623316,0.84063178142304,0.144642996461536,0.229333333333333,0.0383333333333333,FALSE,0,"L1",2
"MR-PCA","Wasserstein",0.838835383714118,0.132445225541886,0.842781861644501,0.144808221506106,0.232,0.0386666666666667,FALSE,0,"L1",2
"MR-PCA","Centers-Euclidean",0.838949033391916,0.132449912126538,0.843085226340273,0.14534455006054,0.228666666666667,0.0413333333333333,FALSE,0,"L1",2
"SPCA","Int-Euclidean",0.845326303456356,0.1259589923843,0.851179260844942,0.140878734719274,0.249333333333333,0.0536666666666667,FALSE,0,"L1",2
"SPCA","Hausdorff",0.885264792032806,0.0905178676039836,0.884275705601133,0.10270247379312,0.300333333333333,0.0473333333333333,FALSE,0,"L1",2
"SPCA","Ichino-Yaguchi",0.838678968951377,0.117714118336262,0.839643813183707,0.137604733488357,0.231,0.0426666666666667,FALSE,0,"L1",2
"SPCA","Wasserstein",0.841936731107206,0.126640890451084,0.845073957877093,0.14110421912226,0.231,0.036,FALSE,0,"L1",2
"SPCA","Centers-Euclidean",0.838949033391916,0.132449912126538,0.843085226340273,0.14534455006054,0.228666666666667,0.0413333333333333,FALSE,0,"L1",2
"IMDS","Int-Euclidean",0.482146455770357,-0.0475875805506737,0.47154781977398,-0.0642044473592623,0.0326666666666667,0.00133333333333333,FALSE,0,"L1",2
"IMDS","Hausdorff",0.547943175161101,-0.0428998242530756,0.54514901802208,-0.059870827405573,0.054,0.00466666666666667,TRUE,0,"L1",2
"IMDS","Ichino-Yaguchi",0.50870884592853,-0.0108306971294669,0.501207332599204,-0.00152005045255155,0.0376666666666667,0.00366666666666667,FALSE,0,"L1",2
"IMDS","Wasserstein",0.506677211482132,-0.0102472173403633,0.502811659722225,-0.0108312312716165,0.0393333333333333,0.005,FALSE,0,"L1",2
"IMDS","Centers-Euclidean",0.505295840656122,-0.0143175161101348,0.497555175186138,-0.0113764317009176,0.0363333333333333,-0.00166666666666667,FALSE,0,"L1",2
"Int-UMAP","Int-Euclidean",0.778006444053896,0.114806092560047,0.785919583876983,0.144872306563115,0.213333333333333,0.0193333333333333,FALSE,0,"L1",2
"Int-UMAP","Hausdorff",0.825627416520211,0.0225823081429408,0.841041893395343,0.0214137829235369,0.272333333333333,0.000333333333333338,FALSE,0,"L1",2
"Int-UMAP","Ichino-Yaguchi",0.800053895723492,0.0135793790275338,0.821977160794327,0.0192482302689825,0.241666666666667,0.0106666666666667,FALSE,0,"L1",2
"Int-UMAP","Wasserstein",0.799108377270064,0.0387205623901581,0.819202789351847,0.0377406225480104,0.234,0.00766666666666667,FALSE,0,"L1",2
"Int-UMAP","Centers-Euclidean",0.784492677211482,0.0826397188049209,0.793896059515097,0.0944269488840919,0.205,0.00633333333333333,FALSE,0,"L1",2
"C-PCA","CR-Euclidean",0.852405975395431,0.116570591681312,0.85173301459676,0.135599081832338,0.256333333333333,0.0376666666666667,FALSE,0,"L1",2
"V-PCA","CR-Euclidean",0.852154071470416,0.117231400117165,0.851984991041387,0.135357837147748,0.256333333333333,0.0366666666666667,FALSE,0,"L1",2
"MR-PCA","CR-Euclidean",0.836664909197422,0.129775043936731,0.839864100194002,0.142310510093657,0.23,0.03,FALSE,0,"L1",2
"SPCA","CR-Euclidean",0.852405975395431,0.116570591681312,0.85173301459676,0.135599081832338,0.256333333333333,0.0376666666666667,FALSE,0,"L1",2
"IMDS","CR-Euclidean",0.519333333333333,-0.00969654364381944,0.513222262955985,-0.00855967974665645,0.042,0,FALSE,0,"L1",2
"Int-UMAP","CR-Euclidean",0.806596953719977,0.0244792032806093,0.82631361931812,0.0241318481271348,0.255,-0.000666666666666663,FALSE,0,"L1",2
"C-PCA","Int-Euclidean",0.854612185120094,0.113022847100176,0.861827144897413,0.118308867745201,0.269666666666667,0.045,FALSE,0,"L1",3
"C-PCA","Hausdorff",0.888851786760398,0.0913040421792618,0.889304673139957,0.0996810331474062,0.301,0.0536666666666667,FALSE,0,"L1",3
"C-PCA","Ichino-Yaguchi",0.835994141769186,0.127618043350908,0.840449058259464,0.139649913269325,0.218333333333333,0.047,FALSE,0,"L1",3
"C-PCA","Wasserstein",0.84505330990041,0.130863503222027,0.844588250745374,0.144622934571803,0.218666666666667,0.043,FALSE,0,"L1",3
"C-PCA","Centers-Euclidean",0.848555946104276,0.123295840656122,0.846289566696649,0.140938165073982,0.225,0.0403333333333333,FALSE,0,"L1",3
"V-PCA","Int-Euclidean",0.854330990041008,0.113758640890451,0.861320706532227,0.119473151256486,0.268333333333333,0.045,FALSE,0,"L1",3
"V-PCA","Hausdorff",0.888783245459871,0.0914645577035735,0.88941432883783,0.0995368908952826,0.300333333333333,0.054,FALSE,0,"L1",3
"V-PCA","Ichino-Yaguchi",0.835436438195665,0.128965436438196,0.840278301150335,0.140099191828848,0.217,0.046,FALSE,0,"L1",3
"V-PCA","Wasserstein",0.845063854715876,0.130858816637376,0.844950986690959,0.143967762195067,0.219,0.043,FALSE,0,"L1",3
"V-PCA","Centers-Euclidean",0.849277680140598,0.121798476859988,0.846947960673906,0.139610191710178,0.225333333333333,0.0396666666666667,FALSE,0,"L1",3
"MR-PCA","Int-Euclidean",0.845510837727006,0.113709431751611,0.842257247373018,0.128475443758777,0.215666666666667,0.0293333333333333,FALSE,0,"L1",3
"MR-PCA","Hausdorff",0.831779144698301,0.118789689513767,0.833371821365667,0.133827233785033,0.203,0.034,FALSE,0,"L1",3
"MR-PCA","Ichino-Yaguchi",0.847824253075571,0.121495020503808,0.844576498082622,0.138864289483182,0.224666666666667,0.0333333333333333,FALSE,0,"L1",3
"MR-PCA","Wasserstein",0.848632688927944,0.122952548330404,0.845193491000627,0.14116376308118,0.227666666666667,0.0326666666666667,FALSE,0,"L1",3
"MR-PCA","Centers-Euclidean",0.848555946104276,0.123295840656122,0.846289566696649,0.140938165073982,0.225,0.0403333333333333,FALSE,0,"L1",3
"SPCA","Int-Euclidean",0.854612185120094,0.113022847100176,0.861827144897413,0.118308867745201,0.269666666666667,0.045,FALSE,0,"L1",3
"SPCA","Hausdorff",0.888851786760398,0.0913040421792618,0.889304673139957,0.0996810331474062,0.301,0.0536666666666667,FALSE,0,"L1",3
"SPCA","Ichino-Yaguchi",0.835994141769186,0.127618043350908,0.840449058259464,0.139649913269325,0.218333333333333,0.047,FALSE,0,"L1",3
"SPCA","Wasserstein",0.84505330990041,0.130863503222027,0.844588250745374,0.144622934571803,0.218666666666667,0.043,FALSE,0,"L1",3
"SPCA","Centers-Euclidean",0.848555946104276,0.123295840656122,0.846289566696649,0.140938165073982,0.225,0.0403333333333333,FALSE,0,"L1",3
"IMDS","Int-Euclidean",0.490566490919742,-0.0481230228471001,0.48304369786008,-0.0529285308227416,0.0386666666666667,0,TRUE,0,"L1",3
"IMDS","Hausdorff",0.552181605155243,-0.0495582893966022,0.555341482746821,-0.0610252442375415,0.054,-0.01,TRUE,0,"L1",3
"IMDS","Ichino-Yaguchi",0.516556531927358,-0.00924663151728167,0.519235805192112,0.000814617423232356,0.0433333333333333,-0.00166666666666667,FALSE,0,"L1",3
"IMDS","Wasserstein",0.517444053895723,-0.0137117750439367,0.51645618799839,-0.0013115621607705,0.0406666666666667,0.000333333333333331,FALSE,0,"L1",3
"IMDS","Centers-Euclidean",0.51327885178676,-0.00852138254247226,0.511316542323786,-0.00134902852279373,0.036,-0.004,FALSE,0,"L1",3
"Int-UMAP","Int-Euclidean",0.777889865260691,0.135461042765085,0.787488412754191,0.162085986720896,0.214,0.0396666666666667,FALSE,0,"L1",3
"Int-UMAP","Hausdorff",0.832545987111892,0.0416215582893966,0.842593625606266,0.0397828716473516,0.269,0.000666666666666677,FALSE,0,"L1",3
"Int-UMAP","Ichino-Yaguchi",0.800889865260691,0.0405541886350322,0.818607560083963,0.0462618012132009,0.222333333333333,0.0133333333333333,FALSE,0,"L1",3
"Int-UMAP","Wasserstein",0.808455184534271,0.0576367896895138,0.820276350688833,0.0559548625903326,0.229666666666667,0.00833333333333333,FALSE,0,"L1",3
"Int-UMAP","Centers-Euclidean",0.800007029876977,0.0891833626244873,0.802854883822039,0.0984212591553097,0.210666666666667,0.018,FALSE,0,"L1",3
"C-PCA","CR-Euclidean",0.852550087873462,0.128132396016403,0.855257493924861,0.136032075074576,0.244666666666667,0.039,FALSE,0,"L1",3
"V-PCA","CR-Euclidean",0.852081429408319,0.129224370240187,0.855208011614649,0.1362334277937,0.243333333333333,0.0386666666666667,FALSE,0,"L1",3
"MR-PCA","CR-Euclidean",0.845300527240773,0.119400117164616,0.840859015177369,0.136106316962199,0.223,0.0366666666666667,FALSE,0,"L1",3
"SPCA","CR-Euclidean",0.852550087873462,0.128132396016403,0.855257493924861,0.136032075074576,0.244666666666667,0.039,FALSE,0,"L1",3
"IMDS","CR-Euclidean",0.525942003514938,-0.0149771528998244,0.528776646136543,-0.00970743538031232,0.0473333333333333,-0.00466666666666667,FALSE,0,"L1",3
"Int-UMAP","CR-Euclidean",0.812429408318688,0.0483948447568834,0.826913134842212,0.0462994594742305,0.243,0.004,FALSE,0,"L1",3
"C-PCA","Int-Euclidean",0.844161687170474,0.112567076742824,0.852682890883308,0.124257984111683,0.237333333333333,0.052,FALSE,0,"L1",4
"C-PCA","Hausdorff",0.879428236672525,0.0958101933216169,0.879949016271961,0.108593280495093,0.286666666666667,0.044,FALSE,0,"L1",4
"C-PCA","Ichino-Yaguchi",0.828289396602226,0.120351493848858,0.833120358442781,0.140915832635205,0.211333333333333,0.0473333333333333,FALSE,0,"L1",4
"C-PCA","Wasserstein",0.835699472759227,0.128268306971295,0.839858749282106,0.144509502301483,0.215666666666667,0.0436666666666667,FALSE,0,"L1",4
"C-PCA","Centers-Euclidean",0.834472173403632,0.133748096074985,0.836483854461951,0.151206042270285,0.215,0.0403333333333333,FALSE,0,"L1",4
"V-PCA","Int-Euclidean",0.843969537199766,0.113035735207967,0.85283368742538,0.124029721011084,0.236333333333333,0.0506666666666667,FALSE,0,"L1",4
"V-PCA","Hausdorff",0.879272407732865,0.0961007615700059,0.880256096132498,0.107986692341219,0.286333333333333,0.044,FALSE,0,"L1",4
"V-PCA","Ichino-Yaguchi",0.828446397188049,0.120140597539543,0.833373594512487,0.140425421675039,0.211333333333333,0.0463333333333333,FALSE,0,"L1",4
"V-PCA","Wasserstein",0.836207381370826,0.127292325717633,0.839554583983679,0.14513431164982,0.216,0.0443333333333333,FALSE,0,"L1",4
"V-PCA","Centers-Euclidean",0.834486818980668,0.133728178090217,0.836871850457556,0.150491915448377,0.215666666666667,0.0416666666666667,FALSE,0,"L1",4
"MR-PCA","Int-Euclidean",0.832529584065612,0.124447568834212,0.833273082418474,0.140021141129745,0.213,0.022,FALSE,0,"L1",4
"MR-PCA","Hausdorff",0.823045694200351,0.128275336848272,0.827701079838737,0.140971274560962,0.202,0.035,FALSE,0,"L1",4
"MR-PCA","Ichino-Yaguchi",0.833229056824839,0.130472173403632,0.835448339021987,0.148940533261241,0.211,0.0356666666666667,FALSE,0,"L1",4
"MR-PCA","Wasserstein",0.833484475688342,0.132428822495606,0.836241541283694,0.149694906677978,0.212666666666667,0.044,FALSE,0,"L1",4
"MR-PCA","Centers-Euclidean",0.834472173403632,0.133748096074985,0.836483854461951,0.151206042270285,0.215,0.0403333333333333,FALSE,0,"L1",4
"SPCA","Int-Euclidean",0.844161687170474,0.112567076742824,0.852682890883308,0.124257984111683,0.237333333333333,0.052,FALSE,0,"L1",4
"SPCA","Hausdorff",0.879428236672525,0.0958101933216169,0.879949016271961,0.108593280495093,0.286666666666667,0.044,FALSE,0,"L1",4
"SPCA","Ichino-Yaguchi",0.828289396602226,0.120351493848858,0.833120358442781,0.140915832635205,0.211333333333333,0.0473333333333333,FALSE,0,"L1",4
"SPCA","Wasserstein",0.835699472759227,0.128268306971295,0.839858749282106,0.144509502301483,0.215666666666667,0.0436666666666667,FALSE,0,"L1",4
"SPCA","Centers-Euclidean",0.834472173403632,0.133748096074985,0.836483854461951,0.151206042270285,0.215,0.0403333333333333,FALSE,0,"L1",4
"IMDS","Int-Euclidean",0.493157000585823,-0.0351224370240187,0.485264224974412,-0.0472727528127406,0.0343333333333333,-0.003,FALSE,0,"L1",4
"IMDS","Hausdorff",0.545226127709432,-0.0324956063268893,0.541468711327553,-0.0525302421320256,0.052,-0.00333333333333333,FALSE,0,"L1",4
"IMDS","Ichino-Yaguchi",0.508247217340363,0.00124897480960751,0.507623862748918,0.000732174539668839,0.0323333333333333,0.000666666666666666,FALSE,0,"L1",4
"IMDS","Wasserstein",0.510349736379613,-0.00525014645577038,0.507883835241347,-0.00723021571137039,0.0343333333333333,0.00266666666666667,FALSE,0,"L1",4
"IMDS","Centers-Euclidean",0.509780316344464,-0.00659050966608077,0.505642038808734,-0.0016733117454627,0.0326666666666667,-0.000333333333333333,FALSE,0,"L1",4
"Int-UMAP","Int-Euclidean",0.762090802577622,0.146309314586995,0.766576567012745,0.187116841778348,0.202333333333333,0.031,FALSE,0,"L1",4
"Int-UMAP","Hausdorff",0.808215582893966,0.0672079671939074,0.815781207806206,0.0849522593651705,0.224666666666667,0.000666666666666663,FALSE,0,"L1",4
"Int-UMAP","Ichino-Yaguchi",0.776446983011131,0.0689220855301699,0.787189911546839,0.0911541420325912,0.194666666666667,0.021,FALSE,0,"L1",4
"Int-UMAP","Wasserstein",0.783212653778559,0.0944135910954893,0.79217504474701,0.10734120856152,0.192333333333333,0.0116666666666667,FALSE,0,"L1",4
"Int-UMAP","Centers-Euclidean",0.778895723491505,0.117744581136497,0.78497306735824,0.130757578897741,0.181333333333333,0.0243333333333333,FALSE,0,"L1",4
"C-PCA","CR-Euclidean",0.84282776801406,0.123659050966608,0.846861226928558,0.141281573719232,0.233666666666667,0.0433333333333333,FALSE,0,"L1",4
"V-PCA","CR-Euclidean",0.842718804920914,0.123933216168717,0.847276198551301,0.140458904213688,0.233,0.043,FALSE,0,"L1",4
"MR-PCA","CR-Euclidean",0.831530755711775,0.129156414762742,0.834061588527694,0.145338885201869,0.208666666666667,0.036,FALSE,0,"L1",4
"SPCA","CR-Euclidean",0.84282776801406,0.123659050966608,0.846861226928558,0.141281573719232,0.233666666666667,0.0433333333333333,FALSE,0,"L1",4
"IMDS","CR-Euclidean",0.516301698886936,-0.00615700058582314,0.511573990192886,-0.0173738928003024,0.036,-0.00166666666666667,FALSE,0,"L1",4
"Int-UMAP","CR-Euclidean",0.786898066783831,0.0716496777973052,0.796099354098648,0.0946869935305472,0.211,0.013,FALSE,0,"L1",4
"C-PCA","Int-Euclidean",0.842690685413005,0.127420035149385,0.842689111481502,0.15343448406724,0.243,0.056,FALSE,0,"L1",5
"C-PCA","Hausdorff",0.880482132396016,0.101718804920914,0.879406881621187,0.114409030122464,0.283666666666667,0.052,FALSE,0,"L1",5
"C-PCA","Ichino-Yaguchi",0.837251903925015,0.132591681312244,0.834203045728919,0.153474033684877,0.224333333333333,0.05,FALSE,0,"L1",5
"C-PCA","Wasserstein",0.843574692442882,0.138472173403632,0.839454210824547,0.158970710531402,0.235,0.057,FALSE,0,"L1",5
"C-PCA","Centers-Euclidean",0.841776215582894,0.140707674282367,0.839269496516879,0.159837083884275,0.221,0.0486666666666667,FALSE,0,"L1",5
"V-PCA","Int-Euclidean",0.842496192149971,0.127633274751025,0.842274692527898,0.154212596158673,0.243666666666667,0.0553333333333333,FALSE,0,"L1",5
"V-PCA","Hausdorff",0.880500878734622,0.101456356180434,0.878736226832609,0.115519551208096,0.285666666666667,0.0546666666666667,FALSE,0,"L1",5
"V-PCA","Ichino-Yaguchi",0.836814879906268,0.133343878148799,0.833745138622469,0.154185922196774,0.224333333333333,0.0526666666666667,FALSE,0,"L1",5
"V-PCA","Wasserstein",0.8441640304628,0.137035735207967,0.840058714955212,0.157554346950026,0.233,0.0553333333333333,FALSE,0,"L1",5
"V-PCA","Centers-Euclidean",0.841365553602812,0.141493848857645,0.837813921060118,0.162680056918781,0.223,0.0496666666666667,FALSE,0,"L1",5
"MR-PCA","Int-Euclidean",0.839402460456942,0.134554188635032,0.837052695313657,0.150910293662282,0.222333333333333,0.035,FALSE,0,"L1",5
"MR-PCA","Hausdorff",0.830483889865261,0.133188049209139,0.830783006283695,0.149367333538742,0.210333333333333,0.0326666666666667,FALSE,0,"L1",5
"MR-PCA","Ichino-Yaguchi",0.841271236086702,0.139828939660223,0.83796816717873,0.157863101705092,0.225,0.0443333333333333,FALSE,0,"L1",5
"MR-PCA","Wasserstein",0.841503222026948,0.140735793790275,0.83769107806252,0.160864821273709,0.225,0.046,FALSE,0,"L1",5
"MR-PCA","Centers-Euclidean",0.841776215582894,0.140707674282367,0.839269496516879,0.159837083884275,0.221,0.0486666666666667,FALSE,0,"L1",5
"SPCA","Int-Euclidean",0.842690685413005,0.127420035149385,0.842689111481502,0.15343448406724,0.243,0.056,FALSE,0,"L1",5
"SPCA","Hausdorff",0.880482132396016,0.101718804920914,0.879406881621187,0.114409030122464,0.283666666666667,0.052,FALSE,0,"L1",5
"SPCA","Ichino-Yaguchi",0.837251903925015,0.132591681312244,0.834203045728919,0.153474033684877,0.224333333333333,0.05,FALSE,0,"L1",5
"SPCA","Wasserstein",0.843574692442882,0.138472173403632,0.839454210824547,0.158970710531402,0.235,0.057,FALSE,0,"L1",5
"SPCA","Centers-Euclidean",0.841776215582894,0.140707674282367,0.839269496516879,0.159837083884275,0.221,0.0486666666666667,FALSE,0,"L1",5
"IMDS","Int-Euclidean",0.495742823667253,-0.0441933216168717,0.483154937108555,-0.0569398817257339,0.0326666666666667,-0.00366666666666667,FALSE,0,"L1",5
"IMDS","Hausdorff",0.544581136496778,-0.0550205038078502,0.544519514824045,-0.0645160468251998,0.049,-0.00566666666666667,TRUE,0,"L1",5
"IMDS","Ichino-Yaguchi",0.514743409490334,-0.0112958406561219,0.510382099322934,-0.0246035696592626,0.0343333333333333,0.00133333333333333,FALSE,0,"L1",5
"IMDS","Wasserstein",0.515872290568248,-0.0158242530755712,0.507244356365359,-0.0278935798728953,0.034,-0.00266666666666667,FALSE,0,"L1",5
"IMDS","Centers-Euclidean",0.513340363210311,-0.0141277094317516,0.504488348890202,-0.01762190768184,0.0363333333333333,0.00366666666666667,FALSE,0,"L1",5
"Int-UMAP","Int-Euclidean",0.764677211482132,0.112157000585823,0.777345264538921,0.141388326368935,0.204666666666667,0.0386666666666667,FALSE,0,"L1",5
"Int-UMAP","Hausdorff",0.801310486233158,0.0367018160515524,0.817629120781695,0.0420665174152954,0.235666666666667,0.0273333333333333,FALSE,0,"L1",5
"Int-UMAP","Ichino-Yaguchi",0.777105448154657,0.0481370826010545,0.794740151090531,0.0573317164690644,0.210333333333333,0.0133333333333333,FALSE,0,"L1",5
"Int-UMAP","Wasserstein",0.778330990041008,0.0598137082601055,0.792073434223085,0.0647145793965252,0.207666666666667,0.0186666666666667,FALSE,0,"L1",5
"Int-UMAP","Centers-Euclidean",0.764683069712947,0.0966983011130639,0.772593622535882,0.112529694068463,0.19,0.0186666666666667,FALSE,0,"L1",5
"C-PCA","CR-Euclidean",0.84880316344464,0.13277445811365,0.846447174885855,0.152291977255209,0.245666666666667,0.0543333333333333,FALSE,0,"L1",5
"V-PCA","CR-Euclidean",0.849288224956063,0.131642647920328,0.846060860693142,0.152908636268943,0.249,0.0576666666666667,FALSE,0,"L1",5
"MR-PCA","CR-Euclidean",0.839002929115407,0.137316930287053,0.835433261900847,0.156090128362013,0.220333333333333,0.0386666666666667,FALSE,0,"L1",5
"SPCA","CR-Euclidean",0.84880316344464,0.13277445811365,0.846447174885855,0.152291977255209,0.245666666666667,0.0543333333333333,FALSE,0,"L1",5
"IMDS","CR-Euclidean",0.523691857059168,-0.0182448740480374,0.520335893880156,-0.0277848575717898,0.0416666666666667,-0.00966666666666667,FALSE,0,"L1",5
"Int-UMAP","CR-Euclidean",0.782586994727592,0.0499636789689514,0.800181550276849,0.0554744626175362,0.219666666666667,0.0216666666666667,FALSE,0,"L1",5
"C-PCA","Int-Euclidean",0.852595782073814,0.114021089630931,0.856846390064974,0.126873770215217,0.248666666666667,0.047,FALSE,0,"L1",6
"C-PCA","Hausdorff",0.890284124194493,0.0909935559461043,0.891407431066423,0.0983014404860541,0.306,0.07,FALSE,0,"L1",6
"C-PCA","Ichino-Yaguchi",0.841059168131224,0.126598711189221,0.843342913699332,0.138638617786766,0.226,0.043,FALSE,0,"L1",6
"C-PCA","Wasserstein",0.845763913298184,0.134356180433509,0.848389024727799,0.142756790423104,0.238,0.05,FALSE,0,"L1",6
"C-PCA","Centers-Euclidean",0.845773872290568,0.132112478031634,0.844271254311779,0.149100492597074,0.232333333333333,0.0456666666666667,FALSE,0,"L1",6
"V-PCA","Int-Euclidean",0.852672524897481,0.113394258933802,0.856577609408148,0.126971250304928,0.248666666666667,0.047,FALSE,0,"L1",6
"V-PCA","Hausdorff",0.890333333333333,0.0907662565905096,0.891658935439494,0.0977103761942067,0.305,0.0676666666666667,FALSE,0,"L1",6
"V-PCA","Ichino-Yaguchi",0.840724663151728,0.126827182190978,0.843379019881198,0.138092795604684,0.223666666666667,0.0393333333333333,FALSE,0,"L1",6
"V-PCA","Wasserstein",0.845677211482132,0.134454598711189,0.848503440288628,0.142458424312652,0.237666666666667,0.051,FALSE,0,"L1",6
"V-PCA","Centers-Euclidean",0.846208553016989,0.131189220855302,0.844719621734819,0.148189069033442,0.233,0.0473333333333333,FALSE,0,"L1",6
"MR-PCA","Int-Euclidean",0.841294669009959,0.120902167545401,0.839225231556855,0.136451428135434,0.217333333333333,0.032,FALSE,0,"L1",6
"MR-PCA","Hausdorff",0.836113649677797,0.12292208553017,0.836632969201131,0.137494486741544,0.209333333333333,0.0383333333333333,FALSE,0,"L1",6
"MR-PCA","Ichino-Yaguchi",0.845018160515524,0.130263620386643,0.843058840226883,0.146643403901506,0.231,0.0453333333333333,FALSE,0,"L1",6
"MR-PCA","Wasserstein",0.845136496777973,0.13092208553017,0.843629963141574,0.147506121962104,0.230666666666667,0.0486666666666667,FALSE,0,"L1",6
"MR-PCA","Centers-Euclidean",0.845773872290568,0.132112478031634,0.844271254311779,0.149100492597074,0.232333333333333,0.0456666666666667,FALSE,0,"L1",6
"SPCA","Int-Euclidean",0.852595782073814,0.114021089630931,0.856846390064974,0.126873770215217,0.248666666666667,0.047,FALSE,0,"L1",6
"SPCA","Hausdorff",0.890284124194493,0.0909935559461043,0.891407431066423,0.0983014404860541,0.306,0.07,FALSE,0,"L1",6
"SPCA","Ichino-Yaguchi",0.841059168131224,0.126598711189221,0.843342913699332,0.138638617786766,0.226,0.043,FALSE,0,"L1",6
"SPCA","Wasserstein",0.845763913298184,0.134356180433509,0.848389024727799,0.142756790423104,0.238,0.05,FALSE,0,"L1",6
"SPCA","Centers-Euclidean",0.845773872290568,0.132112478031634,0.844271254311779,0.149100492597074,0.232333333333333,0.0456666666666667,FALSE,0,"L1",6
"IMDS","Int-Euclidean",0.507826010544816,-0.0378312829525483,0.488350690982267,-0.0271773728657568,0.0346666666666667,-0.004,FALSE,0,"L1",6
"IMDS","Hausdorff",0.556664909197422,-0.0407486818980669,0.550303277189825,-0.0458006740414223,0.0513333333333333,0.00233333333333333,FALSE,0,"L1",6
"IMDS","Ichino-Yaguchi",0.521112478031635,0.0151669595782075,0.514223435382155,0.0184189993526095,0.043,0.00166666666666667,FALSE,0,"L1",6
"IMDS","Wasserstein",0.524382542472173,0.004158172231986,0.514138741139447,0.00721290642098682,0.0466666666666667,0.002,FALSE,0,"L1",6
"IMDS","Centers-Euclidean",0.518094903339192,0.00606444053895727,0.506360814959771,0.0122364908088819,0.039,-0.000333333333333335,FALSE,0,"L1",6
"Int-UMAP","Int-Euclidean",0.774292911540715,0.13170474516696,0.783093312964405,0.155331936922643,0.217333333333333,0.0326666666666667,FALSE,0,"L1",6
"Int-UMAP","Hausdorff",0.803842413591096,0.0549420035149385,0.8156387811312,0.057082108058177,0.238666666666667,0.00466666666666667,FALSE,0,"L1",6
"Int-UMAP","Ichino-Yaguchi",0.780504979496192,0.0573380199179848,0.795991432400198,0.0605556412704451,0.228,0.00900000000000001,FALSE,0,"L1",6
"Int-UMAP","Wasserstein",0.787012888107791,0.0736555360281195,0.797492326726327,0.0743027426359524,0.218,0.00933333333333333,FALSE,0,"L1",6
"Int-UMAP","Centers-Euclidean",0.78178676039836,0.0999695371997658,0.786658890918924,0.108811219429145,0.192666666666667,0.0146666666666667,FALSE,0,"L1",6
"C-PCA","CR-Euclidean",0.854926772114821,0.124695957820738,0.856493924554215,0.135246248643082,0.247333333333333,0.0403333333333333,FALSE,0,"L1",6
"V-PCA","CR-Euclidean",0.854707088459285,0.124915055653193,0.856435759197758,0.135157622005934,0.247,0.0393333333333333,FALSE,0,"L1",6
"MR-PCA","CR-Euclidean",0.84302050380785,0.128206209724663,0.841168482261547,0.144843469515615,0.221666666666667,0.0383333333333333,FALSE,0,"L1",6
"SPCA","CR-Euclidean",0.854926772114821,0.124695957820738,0.856493924554215,0.135246248643082,0.247333333333333,0.0403333333333333,FALSE,0,"L1",6
"IMDS","CR-Euclidean",0.531933801991799,0.0027123608670182,0.520375711388807,0.00739861092752769,0.0493333333333333,0,FALSE,0,"L1",6
"Int-UMAP","CR-Euclidean",0.786792618629174,0.0622226127709432,0.800950921752336,0.0633672641480613,0.224,0.00633333333333333,FALSE,0,"L1",6
"C-PCA","Int-Euclidean",0.836660222612771,0.135103690685413,0.838252230672431,0.152085328123506,0.240333333333333,0.0553333333333333,FALSE,0,"L1",7
"C-PCA","Hausdorff",0.877517867603984,0.102482718219098,0.879090402547313,0.111293033927898,0.293333333333333,0.0606666666666667,FALSE,0,"L1",7
"C-PCA","Ichino-Yaguchi",0.834802577621558,0.131432923257176,0.837480273933529,0.143099598808261,0.226,0.0396666666666667,FALSE,0,"L1",7
"C-PCA","Wasserstein",0.837516695957821,0.134067955477446,0.840904724753114,0.143743711661457,0.220666666666667,0.0366666666666667,FALSE,0,"L1",7
"C-PCA","Centers-Euclidean",0.83793438781488,0.135050966608084,0.8358843696417,0.15171505361735,0.219,0.0386666666666667,FALSE,0,"L1",7
"V-PCA","Int-Euclidean",0.83702870533099,0.134565905096661,0.838350694052651,0.152037434737067,0.241666666666667,0.0556666666666667,FALSE,0,"L1",7
"V-PCA","Hausdorff",0.877276508494435,0.10297949619215,0.879090163824949,0.111265024348914,0.293666666666667,0.0606666666666667,FALSE,0,"L1",7
"V-PCA","Ichino-Yaguchi",0.835297012302285,0.130572934973638,0.837719421545776,0.142750164534208,0.226,0.0393333333333333,FALSE,0,"L1",7
"V-PCA","Wasserstein",0.83768424135911,0.133742237844171,0.840837655282757,0.143869569776244,0.221,0.0376666666666667,FALSE,0,"L1",7
"V-PCA","Centers-Euclidean",0.838074985354423,0.134657293497364,0.835762608186903,0.151806171871198,0.219,0.0376666666666667,FALSE,0,"L1",7
"MR-PCA","Int-Euclidean",0.835280023432923,0.125369654364382,0.83292218817678,0.138796564485819,0.213333333333333,0.0273333333333333,FALSE,0,"L1",7
"MR-PCA","Hausdorff",0.828432923257176,0.129252489748096,0.831528956101644,0.13890693711838,0.209333333333333,0.0236666666666667,FALSE,0,"L1",7
"MR-PCA","Ichino-Yaguchi",0.836933801991798,0.13417223198594,0.83509715769938,0.149759619628536,0.217666666666667,0.031,FALSE,0,"L1",7
"MR-PCA","Wasserstein",0.836834212067955,0.133785588752197,0.835594056381156,0.149651416222344,0.217666666666667,0.038,FALSE,0,"L1",7
"MR-PCA","Centers-Euclidean",0.83793438781488,0.135050966608084,0.8358843696417,0.15171505361735,0.219,0.0386666666666667,FALSE,0,"L1",7
"SPCA","Int-Euclidean",0.836660222612771,0.135103690685413,0.838252230672431,0.152085328123506,0.240333333333333,0.0553333333333333,FALSE,0,"L1",7
"SPCA","Hausdorff",0.877517867603984,0.102482718219098,0.879090402547313,0.111293033927898,0.293333333333333,0.0606666666666667,FALSE,0,"L1",7
"SPCA","Ichino-Yaguchi",0.834802577621558,0.131432923257176,0.837480273933529,0.143099598808261,0.226,0.0396666666666667,FALSE,0,"L1",7
"SPCA","Wasserstein",0.837516695957821,0.134067955477446,0.840904724753114,0.143743711661457,0.220666666666667,0.0366666666666667,FALSE,0,"L1",7
"SPCA","Centers-Euclidean",0.83793438781488,0.135050966608084,0.8358843696417,0.15171505361735,0.219,0.0386666666666667,FALSE,0,"L1",7
"IMDS","Int-Euclidean",0.488326303456356,-0.0245729349736379,0.484168801735013,-0.0485452627580984,0.033,0.000666666666666666,FALSE,0,"L1",7
"IMDS","Hausdorff",0.544322788517868,-0.058447568834212,0.548585880869404,-0.0574582193645134,0.051,0.007,FALSE,0,"L1",7
"IMDS","Ichino-Yaguchi",0.51302460456942,-0.00660222612770944,0.513869733274198,-0.00576241244991627,0.0366666666666667,0.00233333333333333,FALSE,0,"L1",7
"IMDS","Wasserstein",0.511603983596954,-0.0148236672524898,0.513899888284074,-0.012508781682334,0.0373333333333333,0.00366666666666667,FALSE,0,"L1",7
"IMDS","Centers-Euclidean",0.507078500292912,-0.0126994727592267,0.505566345397026,-0.0109181384936665,0.0316666666666667,0.004,FALSE,0,"L1",7
"Int-UMAP","Int-Euclidean",0.770663737551259,0.124854130052724,0.780508968361687,0.147257777014276,0.205666666666667,0.0356666666666667,FALSE,0,"L1",7
"Int-UMAP","Hausdorff",0.810258933801992,0.0530193321616872,0.81706919555783,0.0627703830135298,0.241333333333333,0.00766666666666667,FALSE,0,"L1",7
"Int-UMAP","Ichino-Yaguchi",0.79193028705331,0.0562401874633861,0.801948946267204,0.0605849972128588,0.226666666666667,0.00600000000000001,FALSE,0,"L1",7
"Int-UMAP","Wasserstein",0.796176918570592,0.0790884592852958,0.80299129484699,0.0839074859495386,0.22,0.00366666666666667,FALSE,0,"L1",7
"Int-UMAP","Centers-Euclidean",0.793810779144698,0.103820738137083,0.793271501170661,0.113794276282066,0.221666666666667,0.0136666666666667,FALSE,0,"L1",7
"C-PCA","CR-Euclidean",0.84328295254833,0.13093848857645,0.847325088277381,0.143009220516982,0.240666666666667,0.0516666666666667,FALSE,0,"L1",7
"V-PCA","CR-Euclidean",0.842816637375513,0.131936731107205,0.84711079005128,0.143536382439675,0.240666666666667,0.0513333333333333,FALSE,0,"L1",7
"MR-PCA","CR-Euclidean",0.83474575278266,0.13009841827768,0.833099961113585,0.147366981365685,0.209333333333333,0.038,FALSE,0,"L1",7
"SPCA","CR-Euclidean",0.84328295254833,0.13093848857645,0.847325088277381,0.143009220516982,0.240666666666667,0.0516666666666667,FALSE,0,"L1",7
"IMDS","CR-Euclidean",0.520219097832455,-0.0159929701230229,0.521888640853026,-0.0104222254051871,0.0436666666666667,0.004,FALSE,0,"L1",7
"Int-UMAP","CR-Euclidean",0.795346807264206,0.0616086701816051,0.803677159550821,0.0664537017548627,0.229666666666667,-0.00233333333333333,FALSE,0,"L1",7
"C-PCA","Int-Euclidean",0.836869947275923,0.125648506151142,0.840798164770014,0.141157798860058,0.241,0.0593333333333333,FALSE,0,"L1",8
"C-PCA","Hausdorff",0.876951962507323,0.0984780316344464,0.879166354638882,0.107723758463322,0.29,0.0603333333333333,FALSE,0,"L1",8
"C-PCA","Ichino-Yaguchi",0.829422964264792,0.132983011130639,0.832659972768763,0.147473829197296,0.224666666666667,0.043,FALSE,0,"L1",8
"C-PCA","Wasserstein",0.833676625659051,0.138699472759227,0.836468865614354,0.152686048773359,0.225,0.0446666666666667,FALSE,0,"L1",8
"C-PCA","Centers-Euclidean",0.831867603983597,0.138125366139426,0.833714106250335,0.152625242886573,0.219666666666667,0.0406666666666667,FALSE,0,"L1",8
"V-PCA","Int-Euclidean",0.836466900995899,0.126379613356766,0.839718269998218,0.143266795039426,0.239666666666667,0.059,FALSE,0,"L1",8
"V-PCA","Hausdorff",0.876945518453427,0.0985166959578208,0.879529915750195,0.107004689858199,0.29,0.0596666666666667,FALSE,0,"L1",8
"V-PCA","Ichino-Yaguchi",0.829297012302285,0.133075571177504,0.832524492837792,0.147625805534459,0.223666666666667,0.042,FALSE,0,"L1",8
"V-PCA","Wasserstein",0.833825424721734,0.138366725248975,0.837255973931211,0.151185288008937,0.223666666666667,0.0436666666666667,FALSE,0,"L1",8
"V-PCA","Centers-Euclidean",0.831033391915642,0.139765670767428,0.833525359760743,0.153088200007277,0.219,0.039,FALSE,0,"L1",8
"MR-PCA","Int-Euclidean",0.829496192149971,0.129776215582894,0.831018946112149,0.144120730266296,0.211333333333333,0.0466666666666667,FALSE,0,"L1",8
"MR-PCA","Hausdorff",0.818801405975395,0.130769771528998,0.82110493375416,0.150819663599506,0.202666666666667,0.038,FALSE,0,"L1",8
"MR-PCA","Ichino-Yaguchi",0.83114352665495,0.136159343878149,0.832557748935613,0.151444225781923,0.219,0.04,FALSE,0,"L1",8
"MR-PCA","Wasserstein",0.831622729935559,0.138108963093146,0.83340595789613,0.152631448132846,0.218,0.0466666666666667,FALSE,0,"L1",8
"MR-PCA","Centers-Euclidean",0.831867603983597,0.138125366139426,0.833714106250335,0.152625242886573,0.219666666666667,0.0406666666666667,FALSE,0,"L1",8
"SPCA","Int-Euclidean",0.836869947275923,0.125648506151142,0.840798164770014,0.141157798860058,0.241,0.0593333333333333,FALSE,0,"L1",8
"SPCA","Hausdorff",0.876951962507323,0.0984780316344464,0.879166354638882,0.107723758463322,0.29,0.0603333333333333,FALSE,0,"L1",8
"SPCA","Ichino-Yaguchi",0.829422964264792,0.132983011130639,0.832659972768763,0.147473829197296,0.224666666666667,0.043,FALSE,0,"L1",8
"SPCA","Wasserstein",0.833676625659051,0.138699472759227,0.836468865614354,0.152686048773359,0.225,0.0446666666666667,FALSE,0,"L1",8
"SPCA","Centers-Euclidean",0.831867603983597,0.138125366139426,0.833714106250335,0.152625242886573,0.219666666666667,0.0406666666666667,FALSE,0,"L1",8
"IMDS","Int-Euclidean",0.505384885764499,-0.0409607498535443,0.499829786348857,-0.0366352013703738,0.0386666666666667,0.001,FALSE,0,"L1",8
"IMDS","Hausdorff",0.5410820152314,-0.069104862331576,0.54187315153282,-0.0746680830348537,0.0533333333333333,-0.00466666666666667,TRUE,0,"L1",8
"IMDS","Ichino-Yaguchi",0.512519625073228,-0.00839953134153482,0.51122410457237,-0.00573671947573801,0.0353333333333333,-0.00466666666666667,FALSE,0,"L1",8
"IMDS","Wasserstein",0.512837727006444,-0.0146104276508494,0.513512131778429,-0.0154110576506066,0.0406666666666667,0.000666666666666666,TRUE,0,"L1",8
"IMDS","Centers-Euclidean",0.506137668424136,-0.00892442882249567,0.503037481099867,-0.0097649191114984,0.0326666666666667,-0.003,FALSE,0,"L1",8
"Int-UMAP","Int-Euclidean",0.765107791446983,0.138145284124194,0.770793734205752,0.170924380584549,0.182333333333333,0.0376666666666667,FALSE,0,"L1",8
"Int-UMAP","Hausdorff",0.80387287639133,0.0598793204452256,0.817757300106865,0.0685093561511999,0.221666666666667,0.0193333333333333,FALSE,0,"L1",8
"Int-UMAP","Ichino-Yaguchi",0.775998828353837,0.0657715289982426,0.796172739349106,0.06910441808315,0.204333333333333,0.00433333333333333,FALSE,0,"L1",8
"Int-UMAP","Wasserstein",0.780697129466901,0.0805108377270064,0.795686539420738,0.084693869655747,0.200333333333333,0.00266666666666666,FALSE,0,"L1",8
"Int-UMAP","Centers-Euclidean",0.775199765670767,0.102003514938489,0.779667382219682,0.122562545643179,0.178,0.0163333333333333,FALSE,0,"L1",8
"C-PCA","CR-Euclidean",0.843059168131224,0.130629173989455,0.845962080295764,0.144326381523165,0.248666666666667,0.0553333333333333,FALSE,0,"L1",8
"V-PCA","CR-Euclidean",0.842985354422964,0.130898652606913,0.846386339062824,0.143667570741266,0.249,0.0556666666666667,FALSE,0,"L1",8
"MR-PCA","CR-Euclidean",0.828613942589338,0.13503690685413,0.830425951316297,0.149948532686465,0.213666666666667,0.0433333333333333,FALSE,0,"L1",8
"SPCA","CR-Euclidean",0.843059168131224,0.130629173989455,0.845962080295764,0.144326381523165,0.248666666666667,0.0553333333333333,FALSE,0,"L1",8
"IMDS","CR-Euclidean",0.515449912126538,-0.0232817809021675,0.515885880270679,-0.022542680258029,0.0426666666666667,-0.00466666666666667,TRUE,0,"L1",8
"Int-UMAP","CR-Euclidean",0.784711189220855,0.0674821323960164,0.800951138982011,0.0753885778333927,0.214333333333333,0.013,FALSE,0,"L1",8
"C-PCA","Int-Euclidean",0.831036321031049,0.13703690685413,0.834933053345007,0.149177520858271,0.220333333333333,0.041,FALSE,0,"L1",9
"C-PCA","Hausdorff",0.883349736379613,0.0920609256004686,0.883757384849466,0.104293559117099,0.297,0.0513333333333333,FALSE,0,"L1",9
"C-PCA","Ichino-Yaguchi",0.836285881663738,0.124494434680726,0.83519618679787,0.143436869755688,0.223333333333333,0.041,FALSE,0,"L1",9
"C-PCA","Wasserstein",0.842158758055067,0.127722319859402,0.841194400908956,0.14490254677615,0.229333333333333,0.0433333333333333,FALSE,0,"L1",9
"C-PCA","Centers-Euclidean",0.836341534856473,0.135497363796134,0.835109674887774,0.15395503698815,0.212666666666667,0.0513333333333333,FALSE,0,"L1",9
"V-PCA","Int-Euclidean",0.830747510251904,0.137609841827768,0.835194158041574,0.148647973247129,0.220333333333333,0.04,FALSE,0,"L1",9
"V-PCA","Hausdorff",0.883332161687171,0.0920702987697716,0.883633073440671,0.104533314665398,0.297333333333333,0.0523333333333333,FALSE,0,"L1",9
"V-PCA","Ichino-Yaguchi",0.836175161101347,0.124683069712947,0.834992215041106,0.143788032655991,0.223,0.0403333333333333,FALSE,0,"L1",9
"V-PCA","Wasserstein",0.842162858816637,0.127625073227885,0.840956852199232,0.145304501505486,0.229666666666667,0.0426666666666667,FALSE,0,"L1",9
"V-PCA","Centers-Euclidean",0.836631517281781,0.134936145284124,0.835151684650674,0.15395196199847,0.213,0.0523333333333333,FALSE,0,"L1",9
"MR-PCA","Int-Euclidean",0.83300820152314,0.124669009958992,0.830824927773052,0.139596020352348,0.211666666666667,0.0333333333333333,FALSE,0,"L1",9
"MR-PCA","Hausdorff",0.828517867603984,0.127992970123023,0.829905748419174,0.138475793782564,0.207333333333333,0.044,FALSE,0,"L1",9
"MR-PCA","Ichino-Yaguchi",0.835657293497364,0.133083772700644,0.833922830194096,0.149428857895408,0.214666666666667,0.0426666666666667,FALSE,0,"L1",9
"MR-PCA","Wasserstein",0.836174575278266,0.13495489162273,0.834653167876475,0.153215155784381,0.213666666666667,0.046,FALSE,0,"L1",9
"MR-PCA","Centers-Euclidean",0.836341534856473,0.135497363796134,0.835109674887774,0.15395503698815,0.212666666666667,0.0513333333333333,FALSE,0,"L1",9
"SPCA","Int-Euclidean",0.831036321031049,0.13703690685413,0.834933053345007,0.149177520858271,0.220333333333333,0.041,FALSE,0,"L1",9
"SPCA","Hausdorff",0.883349736379613,0.0920609256004686,0.883757384849466,0.104293559117099,0.297,0.0513333333333333,FALSE,0,"L1",9
"SPCA","Ichino-Yaguchi",0.836285881663738,0.124494434680726,0.83519618679787,0.143436869755688,0.223333333333333,0.041,FALSE,0,"L1",9
"SPCA","Wasserstein",0.842158758055067,0.127722319859402,0.841194400908956,0.14490254677615,0.229333333333333,0.0433333333333333,FALSE,0,"L1",9
"SPCA","Centers-Euclidean",0.836341534856473,0.135497363796134,0.835109674887774,0.15395503698815,0.212666666666667,0.0513333333333333,FALSE,0,"L1",9
"IMDS","Int-Euclidean",0.496461042765085,-0.0331048623315759,0.484251095704947,-0.0427275388737494,0.0283333333333333,-0.00533333333333333,FALSE,0,"L1",9
"IMDS","Hausdorff",0.554029876977153,-0.0536250732278851,0.549329874852679,-0.0447384286050492,0.0573333333333333,0.00166666666666667,TRUE,0,"L1",9
"IMDS","Ichino-Yaguchi",0.516394258933802,-0.00264909197422369,0.510642287509846,0.0122351336991082,0.042,0.004,FALSE,0,"L1",9
"IMDS","Wasserstein",0.519050966608084,-0.00165436438195665,0.511548631122979,0.00787035548753628,0.0416666666666667,-0.00166666666666667,FALSE,0,"L1",9
"IMDS","Centers-Euclidean",0.513072056239016,4.68658465146987e-06,0.503817391668789,0.00767360527418304,0.039,-0.001,FALSE,0,"L1",9
"Int-UMAP","Int-Euclidean",0.766540128881078,0.14265963678969,0.768876980148278,0.175284597740535,0.186666666666667,0.0353333333333333,FALSE,0,"L1",9
"Int-UMAP","Hausdorff",0.809511423550088,0.0554305799648507,0.822182237121773,0.0602721926211608,0.256,0.0266666666666667,FALSE,0,"L1",9
"Int-UMAP","Ichino-Yaguchi",0.780144112478032,0.0661042765084944,0.793721509714004,0.0646435506658665,0.226,0.00333333333333333,FALSE,0,"L1",9
"Int-UMAP","Wasserstein",0.78735266549502,0.0843714118336263,0.795427640027554,0.0844895448048103,0.221333333333333,0.012,FALSE,0,"L1",9
"Int-UMAP","Centers-Euclidean",0.787540128881078,0.103644991212654,0.787809848195604,0.116466013995118,0.202333333333333,0.0303333333333333,FALSE,0,"L1",9
"C-PCA","CR-Euclidean",0.84899179847686,0.12304510837727,0.849064556821526,0.14041311404036,0.241333333333333,0.0416666666666667,FALSE,0,"L1",9
"V-PCA","CR-Euclidean",0.848828353837141,0.123325131810193,0.848980134307812,0.14057162722528,0.241,0.0413333333333333,FALSE,0,"L1",9
"MR-PCA","CR-Euclidean",0.833515524311658,0.132066783831283,0.834030114020249,0.145381063068299,0.211333333333333,0.0423333333333333,FALSE,0,"L1",9
"SPCA","CR-Euclidean",0.84899179847686,0.12304510837727,0.849064556821526,0.14041311404036,0.241333333333333,0.0416666666666667,FALSE,0,"L1",9
"IMDS","CR-Euclidean",0.525745166959578,-0.00845342706502639,0.521862353759524,0.00955521341242033,0.0466666666666667,0,FALSE,0,"L1",9
"Int-UMAP","CR-Euclidean",0.786251903925015,0.0626947861745752,0.799265997814194,0.0687665161717899,0.240333333333333,0.0113333333333333,FALSE,0,"L1",9
"C-PCA","Int-Euclidean",0.826871118922086,0.141067369654364,0.833184743629836,0.156946899088603,0.229,0.0533333333333333,FALSE,0,"L1",10
"C-PCA","Hausdorff",0.872670767428237,0.107234915055653,0.872389062800562,0.120666018508582,0.276333333333333,0.0516666666666667,FALSE,0,"L1",10
"C-PCA","Ichino-Yaguchi",0.828248974809607,0.13777035735208,0.825363735355611,0.156210409124076,0.207666666666667,0.0393333333333333,FALSE,0,"L1",10
"C-PCA","Wasserstein",0.83466783831283,0.142535442296426,0.830859568614104,0.163720634654535,0.211666666666667,0.042,FALSE,0,"L1",10
"C-PCA","Centers-Euclidean",0.82934856473345,0.150612770943175,0.829649214756941,0.166459992971891,0.204666666666667,0.0483333333333333,FALSE,0,"L1",10
"V-PCA","Int-Euclidean",0.827374340949033,0.140316344463972,0.833185734596305,0.157093050907122,0.229333333333333,0.0536666666666667,FALSE,0,"L1",10
"V-PCA","Hausdorff",0.873663151728178,0.10531575864089,0.872716963703301,0.120199484390398,0.278333333333333,0.052,FALSE,0,"L1",10
"V-PCA","Ichino-Yaguchi",0.828521968365554,0.137395430579965,0.825922058606571,0.155208902026039,0.206666666666667,0.0396666666666667,FALSE,0,"L1",10
"V-PCA","Wasserstein",0.834874633860574,0.142096074985354,0.831465898855714,0.162438322507927,0.212666666666667,0.0433333333333333,FALSE,0,"L1",10
"V-PCA","Centers-Euclidean",0.829014645577036,0.15106971294669,0.829065789580744,0.167422739541005,0.206,0.05,FALSE,0,"L1",10
"MR-PCA","Int-Euclidean",0.828280609256005,0.139973052138254,0.82675315017571,0.156558259079932,0.204333333333333,0.0406666666666667,FALSE,0,"L1",10
"MR-PCA","Hausdorff",0.830341534856473,0.131562975981254,0.834361684799588,0.136871392202729,0.214666666666667,0.0443333333333333,FALSE,0,"L1",10
"MR-PCA","Ichino-Yaguchi",0.82872114821324,0.147949619214997,0.830334465383952,0.160785709756898,0.208666666666667,0.0483333333333333,FALSE,0,"L1",10
"MR-PCA","Wasserstein",0.829273579379028,0.14906151142355,0.829758634802835,0.164291483537445,0.208666666666667,0.046,FALSE,0,"L1",10
"MR-PCA","Centers-Euclidean",0.82934856473345,0.150612770943175,0.829649214756941,0.166459992971891,0.204666666666667,0.0483333333333333,FALSE,0,"L1",10
"SPCA","Int-Euclidean",0.826871118922086,0.141067369654364,0.833184743629836,0.156946899088603,0.229,0.0533333333333333,FALSE,0,"L1",10
"SPCA","Hausdorff",0.872670767428237,0.107234915055653,0.872389062800562,0.120666018508582,0.276333333333333,0.0516666666666667,FALSE,0,"L1",10
"SPCA","Ichino-Yaguchi",0.828248974809607,0.13777035735208,0.825363735355611,0.156210409124076,0.207666666666667,0.0393333333333333,FALSE,0,"L1",10
"SPCA","Wasserstein",0.83466783831283,0.142535442296426,0.830859568614104,0.163720634654535,0.211666666666667,0.042,FALSE,0,"L1",10
"SPCA","Centers-Euclidean",0.82934856473345,0.150612770943175,0.829649214756941,0.166459992971891,0.204666666666667,0.0483333333333333,FALSE,0,"L1",10
"IMDS","Int-Euclidean",0.478876391329818,-0.0167123608670181,0.465874050080728,-0.0240370454123625,0.0286666666666667,-0.002,FALSE,0,"L1",10
"IMDS","Hausdorff",0.545220269478617,-0.032547158758055,0.542480964002356,-0.0464104922393739,0.0463333333333333,-0.00233333333333333,FALSE,0,"L1",10
"IMDS","Ichino-Yaguchi",0.504875805506737,-0.000900995899238533,0.503313048073157,-0.00170807156389863,0.0343333333333333,0.00233333333333333,FALSE,0,"L1",10
"IMDS","Wasserstein",0.504032220269479,0.00347627416520202,0.502238160330238,6.60608491792058e-05,0.0356666666666667,0.002,FALSE,0,"L1",10
"IMDS","Centers-Euclidean",0.502482718219098,-0.0015090802577622,0.507093324171307,-0.00810876774279023,0.037,0.00433333333333333,FALSE,0,"L1",10
"Int-UMAP","Int-Euclidean",0.760152314001172,0.126542472173404,0.766442758138322,0.154251115662444,0.209,0.0296666666666667,FALSE,0,"L1",10
"Int-UMAP","Hausdorff",0.804945518453427,0.0444639718804921,0.817590544475819,0.0496367551382494,0.240666666666667,0.00766666666666665,FALSE,0,"L1",10
"Int-UMAP","Ichino-Yaguchi",0.788134739308729,0.0567498535442296,0.798280752237965,0.0606627853941215,0.219666666666667,0.00666666666666667,FALSE,0,"L1",10
"Int-UMAP","Wasserstein",0.792347978910369,0.0691505565319274,0.800297666062876,0.0684679627679083,0.226,0.013,FALSE,0,"L1",10
"Int-UMAP","Centers-Euclidean",0.784532513181019,0.0921511423550088,0.788255126044641,0.0979847948438426,0.206,0.012,FALSE,0,"L1",10
"C-PCA","CR-Euclidean",0.83880316344464,0.13911072056239,0.838129541194039,0.154970924230136,0.219,0.0433333333333333,FALSE,0,"L1",10
"V-PCA","CR-Euclidean",0.83899179847686,0.138768599882835,0.838164069966071,0.154981101018247,0.218,0.042,FALSE,0,"L1",10
"MR-PCA","CR-Euclidean",0.829176918570592,0.143014645577036,0.830580405453432,0.155083016277795,0.213,0.0506666666666667,FALSE,0,"L1",10
"SPCA","CR-Euclidean",0.83880316344464,0.13911072056239,0.838129541194039,0.154970924230136,0.219,0.0433333333333333,FALSE,0,"L1",10
"IMDS","CR-Euclidean",0.514718219097832,0.00106385471587589,0.51247432276154,-0.00558739902082384,0.0393333333333333,0.000333333333333335,FALSE,0,"L1",10
"Int-UMAP","CR-Euclidean",0.791616285881664,0.0572220269478617,0.802496638313205,0.0607231890605899,0.225,0.011,FALSE,0,"L1",10
"C-PCA","Int-Euclidean",0.828222026947862,0.140551845342706,0.830778323947937,0.16165699111876,0.231333333333333,0.0613333333333333,FALSE,0,"L1",11
"C-PCA","Hausdorff",0.873459285295841,0.0973368482718219,0.873186271913523,0.118200216062929,0.273666666666667,0.0806666666666667,FALSE,0,"L1",11
"C-PCA","Ichino-Yaguchi",0.826230814294083,0.131894551845343,0.825566254053099,0.1527109956442,0.206666666666667,0.059,FALSE,0,"L1",11
"C-PCA","Wasserstein",0.831121265377856,0.135498535442296,0.832086111071452,0.154404172774812,0.211666666666667,0.0446666666666667,FALSE,0,"L1",11
"C-PCA","Centers-Euclidean",0.828531341534857,0.138686584651435,0.831182304363185,0.155283173082311,0.213,0.0406666666666667,FALSE,0,"L1",11
"V-PCA","Int-Euclidean",0.827898652606913,0.141205623901582,0.830836351904705,0.161508972506706,0.230666666666667,0.0606666666666667,FALSE,0,"L1",11
"V-PCA","Hausdorff",0.873538371411834,0.0971833626244875,0.873182344892255,0.118223910217056,0.274,0.08,FALSE,0,"L1",11
"V-PCA","Ichino-Yaguchi",0.826365553602812,0.131632103104862,0.825335265986607,0.15313552844304,0.205666666666667,0.0576666666666667,FALSE,0,"L1",11
"V-PCA","Wasserstein",0.830888107791447,0.135988283538371,0.83183974652137,0.15490978213629,0.211666666666667,0.0436666666666667,FALSE,0,"L1",11
"V-PCA","Centers-Euclidean",0.82834036321031,0.139066198008202,0.8310675518277,0.155503448578665,0.213,0.041,FALSE,0,"L1",11
"MR-PCA","Int-Euclidean",0.82670064440539,0.130800234329232,0.828174881556095,0.143815920954804,0.211666666666667,0.026,FALSE,0,"L1",11
"MR-PCA","Hausdorff",0.814433509080258,0.135222026947862,0.819463018221348,0.148706456388341,0.192666666666667,0.0206666666666667,FALSE,0,"L1",11
"MR-PCA","Ichino-Yaguchi",0.828111892208553,0.137125951962507,0.829987852025294,0.154181505449241,0.213666666666667,0.0353333333333333,FALSE,0,"L1",11
"MR-PCA","Wasserstein",0.82811892208553,0.137714118336262,0.830972808985418,0.154121413426759,0.212666666666667,0.0376666666666667,FALSE,0,"L1",11
"MR-PCA","Centers-Euclidean",0.828531341534857,0.138686584651435,0.831182304363185,0.155283173082311,0.213,0.0406666666666667,FALSE,0,"L1",11
"SPCA","Int-Euclidean",0.828222026947862,0.140551845342706,0.830778323947937,0.16165699111876,0.231333333333333,0.0613333333333333,FALSE,0,"L1",11
"SPCA","Hausdorff",0.873459285295841,0.0973368482718219,0.873186271913523,0.118200216062929,0.273666666666667,0.0806666666666667,FALSE,0,"L1",11
"SPCA","Ichino-Yaguchi",0.826230814294083,0.131894551845343,0.825566254053099,0.1527109956442,0.206666666666667,0.059,FALSE,0,"L1",11
"SPCA","Wasserstein",0.831121265377856,0.135498535442296,0.832086111071452,0.154404172774812,0.211666666666667,0.0446666666666667,FALSE,0,"L1",11
"SPCA","Centers-Euclidean",0.828531341534857,0.138686584651435,0.831182304363185,0.155283173082311,0.213,0.0406666666666667,FALSE,0,"L1",11
"IMDS","Int-Euclidean",0.504175161101347,0.00145401288810776,0.488051805209306,0.0065324924165352,0.034,-0.004,TRUE,0,"L1",11
"IMDS","Hausdorff",0.540841827768014,-0.0690603397773872,0.539760608292217,-0.0835059948482025,0.0483333333333333,-0.00266666666666666,FALSE,0,"L1",11
"IMDS","Ichino-Yaguchi",0.507771528998243,-0.00834680726420611,0.500518170302846,-0.021037095920181,0.031,0.003,FALSE,0,"L1",11
"IMDS","Wasserstein",0.509161687170474,-0.00890568248388979,0.500394245762448,-0.0152062446085974,0.0313333333333333,-0.00233333333333333,FALSE,0,"L1",11
"IMDS","Centers-Euclidean",0.506939660222613,-0.00101933216168715,0.501593291394957,-0.00594464742242018,0.0306666666666667,0.000999999999999999,FALSE,0,"L1",11
"Int-UMAP","Int-Euclidean",0.779096074985354,0.133760984182777,0.781131846438423,0.16944243206353,0.216,0.04,FALSE,0,"L1",11
"Int-UMAP","Hausdorff",0.825472173403632,0.0502554188635032,0.833778246574257,0.0612593011529446,0.244333333333333,0.011,FALSE,0,"L1",11
"Int-UMAP","Ichino-Yaguchi",0.796495020503808,0.0645776215582894,0.809262097658786,0.0688109308130392,0.222333333333333,-0.001,FALSE,0,"L1",11
"Int-UMAP","Wasserstein",0.80186877562976,0.0784768599882836,0.81259747049476,0.0826199664314906,0.220666666666667,0.004,FALSE,0,"L1",11
"Int-UMAP","Centers-Euclidean",0.798049794961922,0.0988014059753954,0.799151979868105,0.115424105247854,0.206666666666667,0.028,FALSE,0,"L1",11
"C-PCA","CR-Euclidean",0.837391915641476,0.12806561218512,0.837748379105852,0.15055673739757,0.225666666666667,0.0656666666666667,FALSE,0,"L1",11
"V-PCA","CR-Euclidean",0.837340949033392,0.12813942589338,0.837710304807776,0.150526352876482,0.226,0.0643333333333333,FALSE,0,"L1",11
"MR-PCA","CR-Euclidean",0.825546572934974,0.134394844756883,0.827742793309572,0.151053889386035,0.207,0.0393333333333333,FALSE,0,"L1",11
"SPCA","CR-Euclidean",0.837391915641476,0.12806561218512,0.837748379105852,0.15055673739757,0.225666666666667,0.0656666666666667,FALSE,0,"L1",11
"IMDS","CR-Euclidean",0.512235500878735,-0.0214715875805507,0.505839954232855,-0.0303368641215331,0.0366666666666667,-0.00133333333333333,FALSE,0,"L1",11
"Int-UMAP","CR-Euclidean",0.80095079086116,0.0641370826010546,0.813822240572885,0.0729955281390724,0.220666666666667,0.00333333333333333,FALSE,0,"L1",11
"C-PCA","Int-Euclidean",0.831823081429408,0.14471704745167,0.837718616337545,0.157701533487989,0.234,0.0543333333333333,FALSE,0,"L1",12
"C-PCA","Hausdorff",0.883579964850615,0.0929384885764498,0.881869898460863,0.108154864954528,0.289,0.0533333333333333,FALSE,0,"L1",12
"C-PCA","Ichino-Yaguchi",0.835890451083773,0.12802460456942,0.835893481006527,0.145271109543168,0.214333333333333,0.0306666666666667,FALSE,0,"L1",12
"C-PCA","Wasserstein",0.841417691857059,0.12897949619215,0.839750464510735,0.147605456563813,0.222333333333333,0.0353333333333333,FALSE,0,"L1",12
"C-PCA","Centers-Euclidean",0.835158758055067,0.137408318687756,0.835531535684848,0.150732455479814,0.205666666666667,0.028,FALSE,0,"L1",12
"V-PCA","Int-Euclidean",0.831855301698887,0.144661980082015,0.83767054256604,0.1578273869972,0.234666666666667,0.0553333333333333,FALSE,0,"L1",12
"V-PCA","Hausdorff",0.883694200351494,0.0926748681898067,0.881966933344878,0.107961995706682,0.289,0.0546666666666667,FALSE,0,"L1",12
"V-PCA","Ichino-Yaguchi",0.835846514352665,0.128070298769772,0.835271699824512,0.146451692188467,0.214333333333333,0.0296666666666667,FALSE,0,"L1",12
"V-PCA","Wasserstein",0.841473930872876,0.128909197422378,0.839686657323488,0.147799382023792,0.222666666666667,0.0356666666666667,FALSE,0,"L1",12
"V-PCA","Centers-Euclidean",0.83529115407147,0.13715992970123,0.835093103257171,0.151537049634141,0.205666666666667,0.0283333333333333,FALSE,0,"L1",12
"MR-PCA","Int-Euclidean",0.833442296426479,0.127828939660223,0.832441105811116,0.138915454363883,0.200666666666667,0.0296666666666667,FALSE,0,"L1",12
"MR-PCA","Hausdorff",0.821608084358524,0.131553602811951,0.824237058676422,0.142676083841751,0.189666666666667,0.0256666666666667,FALSE,0,"L1",12
"MR-PCA","Ichino-Yaguchi",0.834700058582308,0.13576215582894,0.833887764104846,0.146726347257679,0.206666666666667,0.0293333333333333,FALSE,0,"L1",12
"MR-PCA","Wasserstein",0.834809607498535,0.137164616285882,0.834946690456003,0.149178721378455,0.206333333333333,0.0333333333333333,FALSE,0,"L1",12
"MR-PCA","Centers-Euclidean",0.835158758055067,0.137408318687756,0.835531535684848,0.150732455479814,0.205666666666667,0.028,FALSE,0,"L1",12
"SPCA","Int-Euclidean",0.831823081429408,0.14471704745167,0.837718616337545,0.157701533487989,0.234,0.0543333333333333,FALSE,0,"L1",12
"SPCA","Hausdorff",0.883579964850615,0.0929384885764498,0.881869898460863,0.108154864954528,0.289,0.0533333333333333,FALSE,0,"L1",12
"SPCA","Ichino-Yaguchi",0.835890451083773,0.12802460456942,0.835893481006527,0.145271109543168,0.214333333333333,0.0306666666666667,FALSE,0,"L1",12
"SPCA","Wasserstein",0.841417691857059,0.12897949619215,0.839750464510735,0.147605456563813,0.222333333333333,0.0353333333333333,FALSE,0,"L1",12
"SPCA","Centers-Euclidean",0.835158758055067,0.137408318687756,0.835531535684848,0.150732455479814,0.205666666666667,0.028,FALSE,0,"L1",12
"IMDS","Int-Euclidean",0.482103104862332,-0.0114680726420621,0.470958085726045,-0.0156215002418694,0.028,0.000999999999999999,FALSE,0,"L1",12
"IMDS","Hausdorff",0.539884592852958,-0.0697375512595195,0.536435455229731,-0.0622260760660028,0.0486666666666667,0.00233333333333334,FALSE,0,"L1",12
"IMDS","Ichino-Yaguchi",0.501644991212654,-0.00258699472759227,0.495735725438885,0.00519059332562977,0.0346666666666667,0.00266666666666667,FALSE,0,"L1",12
"IMDS","Wasserstein",0.50166373755126,-0.0112009373169303,0.491804903802563,0.000969212798036301,0.0336666666666667,0.00633333333333333,FALSE,0,"L1",12
"IMDS","Centers-Euclidean",0.497075571177504,0.000859988283538393,0.486320352670459,0.0067037123860676,0.031,0.00366666666666667,FALSE,0,"L1",12
"Int-UMAP","Int-Euclidean",0.760949619214997,0.116940831868776,0.775855438179889,0.132939036141952,0.205333333333333,0.0343333333333333,FALSE,0,"L1",12
"Int-UMAP","Hausdorff",0.811124194493263,0.033784417106034,0.820403246593447,0.0431489229936921,0.245666666666667,0.023,FALSE,0,"L1",12
"Int-UMAP","Ichino-Yaguchi",0.786345635618043,0.033750439367311,0.797599502321441,0.0479570401067388,0.225666666666667,0.0216666666666667,FALSE,0,"L1",12
"Int-UMAP","Wasserstein",0.791379613356766,0.0498851786760398,0.800808778320264,0.0552123208987383,0.224,0.028,FALSE,0,"L1",12
"Int-UMAP","Centers-Euclidean",0.784302284710018,0.0752782659636789,0.791766708991911,0.0842164863353323,0.206333333333333,0.029,FALSE,0,"L1",12
"C-PCA","CR-Euclidean",0.849719390743995,0.12621323960164,0.848608343799505,0.143872644765924,0.236333333333333,0.036,FALSE,0,"L1",12
"V-PCA","CR-Euclidean",0.849697715289982,0.126265963678969,0.848456244646977,0.144195127208316,0.236333333333333,0.0366666666666667,FALSE,0,"L1",12
"MR-PCA","CR-Euclidean",0.832370240187463,0.134779144698301,0.831862275464729,0.145259319268211,0.201333333333333,0.0256666666666667,FALSE,0,"L1",12
"SPCA","CR-Euclidean",0.849719390743995,0.12621323960164,0.848608343799505,0.143872644765924,0.236333333333333,0.036,FALSE,0,"L1",12
"IMDS","CR-Euclidean",0.509350322202695,-0.0236848271821909,0.504326809841748,-0.00792213444505802,0.0416666666666667,0.002,FALSE,0,"L1",12
"Int-UMAP","CR-Euclidean",0.794248974809608,0.0404557703573521,0.805604961617896,0.0477157493663879,0.238333333333333,0.0246666666666667,FALSE,0,"L1",12
"C-PCA","Int-Euclidean",0.833530755711775,0.139295840656122,0.836596318026087,0.156284822953209,0.226666666666667,0.0456666666666667,FALSE,0,"L1",13
"C-PCA","Hausdorff",0.877937316930287,0.103928529584066,0.875858857820184,0.118548423718533,0.272,0.0633333333333333,FALSE,0,"L1",13
"C-PCA","Ichino-Yaguchi",0.828196250732279,0.139115407147042,0.826015469669748,0.15885733659838,0.195,0.0376666666666667,FALSE,0,"L1",13
"C-PCA","Wasserstein",0.834171060339777,0.142523725834798,0.833041699040029,0.159036068262622,0.203,0.0406666666666667,FALSE,0,"L1",13
"C-PCA","Centers-Euclidean",0.832174575278266,0.146048037492677,0.827459274041453,0.16853900838568,0.202666666666667,0.0446666666666667,FALSE,0,"L1",13
"V-PCA","Int-Euclidean",0.832895723491506,0.140523725834798,0.836152878569533,0.157211236132035,0.225666666666667,0.0446666666666667,FALSE,0,"L1",13
"V-PCA","Hausdorff",0.878030462800234,0.103782073813708,0.876333916092236,0.117644430484431,0.272,0.0653333333333333,FALSE,0,"L1",13
"V-PCA","Ichino-Yaguchi",0.827598711189221,0.140153485647334,0.825937653087432,0.158990439284459,0.194333333333333,0.0376666666666667,FALSE,0,"L1",13
"V-PCA","Wasserstein",0.833976567076743,0.142865846514353,0.833215838177248,0.158736937626529,0.204,0.0393333333333333,FALSE,0,"L1",13
"V-PCA","Centers-Euclidean",0.832140597539543,0.146296426479203,0.827427451813008,0.168800548309193,0.203333333333333,0.0463333333333333,FALSE,0,"L1",13
"MR-PCA","Int-Euclidean",0.828337434094903,0.133935559461043,0.823794997054734,0.15500308650362,0.191,0.0316666666666667,FALSE,0,"L1",13
"MR-PCA","Hausdorff",0.820042765084944,0.138625659050967,0.821628894033829,0.15518525085729,0.186333333333333,0.0346666666666667,FALSE,0,"L1",13
"MR-PCA","Ichino-Yaguchi",0.831149384885765,0.143988283538371,0.826748209160092,0.165560289064382,0.203,0.039,FALSE,0,"L1",13
"MR-PCA","Wasserstein",0.831503807850029,0.144933801991799,0.827186243205432,0.16700257282836,0.203333333333333,0.0383333333333333,FALSE,0,"L1",13
"MR-PCA","Centers-Euclidean",0.832174575278266,0.146048037492677,0.827459274041453,0.16853900838568,0.202666666666667,0.0446666666666667,FALSE,0,"L1",13
"SPCA","Int-Euclidean",0.833530755711775,0.139295840656122,0.836596318026087,0.156284822953209,0.226666666666667,0.0456666666666667,FALSE,0,"L1",13
"SPCA","Hausdorff",0.877937316930287,0.103928529584066,0.875858857820184,0.118548423718533,0.272,0.0633333333333333,FALSE,0,"L1",13
"SPCA","Ichino-Yaguchi",0.828196250732279,0.139115407147042,0.826015469669748,0.15885733659838,0.195,0.0376666666666667,FALSE,0,"L1",13
"SPCA","Wasserstein",0.834171060339777,0.142523725834798,0.833041699040029,0.159036068262622,0.203,0.0406666666666667,FALSE,0,"L1",13
"SPCA","Centers-Euclidean",0.832174575278266,0.146048037492677,0.827459274041453,0.16853900838568,0.202666666666667,0.0446666666666667,FALSE,0,"L1",13
"IMDS","Int-Euclidean",0.496241359109549,-0.0212466315172817,0.492963841775124,-0.0231984713171625,0.0393333333333333,0.00333333333333333,FALSE,0,"L1",13
"IMDS","Hausdorff",0.533776801405975,-0.0620187463386057,0.532166543621024,-0.0561406024062907,0.054,-0.00533333333333334,FALSE,0,"L1",13
"IMDS","Ichino-Yaguchi",0.492975981253661,-0.0114540128881078,0.490062827734718,-0.00825509917877976,0.0323333333333333,-0.000333333333333333,FALSE,0,"L1",13
"IMDS","Wasserstein",0.494366725248975,-0.00927709431751611,0.489616167445239,-0.00516435689346517,0.034,0.002,FALSE,0,"L1",13
"IMDS","Centers-Euclidean",0.491134739308729,-0.00136262448740476,0.489509738721059,0.00282093228221802,0.03,0.000999999999999999,FALSE,0,"L1",13
"Int-UMAP","Int-Euclidean",0.759405975395431,0.142441710603398,0.773467688736127,0.162961010880981,0.194666666666667,0.0373333333333333,FALSE,0,"L1",13
"Int-UMAP","Hausdorff",0.806023432923257,0.0621839484475688,0.81752895487349,0.0669683533975259,0.227666666666667,0.0193333333333333,FALSE,0,"L1",13
"Int-UMAP","Ichino-Yaguchi",0.776739308728764,0.0665166959578207,0.788565018377016,0.0781356980817622,0.203333333333333,0.00133333333333334,FALSE,0,"L1",13
"Int-UMAP","Wasserstein",0.781103690685413,0.0805155243116579,0.791298390212966,0.0903775052607194,0.202666666666667,0.016,FALSE,0,"L1",13
"Int-UMAP","Centers-Euclidean",0.775059753954306,0.100769771528998,0.776961781240352,0.123690445102837,0.182666666666667,0.0223333333333333,FALSE,0,"L1",13
"C-PCA","CR-Euclidean",0.839879906268307,0.137479789103691,0.839493709013251,0.157566754372189,0.220666666666667,0.051,FALSE,0,"L1",13
"V-PCA","CR-Euclidean",0.839157586408904,0.138851786760398,0.839197609613864,0.158110987630497,0.22,0.0486666666666667,FALSE,0,"L1",13
"MR-PCA","CR-Euclidean",0.829060925600469,0.140622144112478,0.825586492489917,0.162469763241147,0.196666666666667,0.038,FALSE,0,"L1",13
"SPCA","CR-Euclidean",0.839879906268307,0.137479789103691,0.839493709013251,0.157566754372189,0.220666666666667,0.051,FALSE,0,"L1",13
"IMDS","CR-Euclidean",0.49896309314587,-0.0228752196836556,0.495413381163777,-0.0184615640874365,0.0383333333333333,-0.00166666666666667,FALSE,0,"L1",13
"Int-UMAP","CR-Euclidean",0.784718219097832,0.0658183948447568,0.795291764017033,0.0763872663188229,0.21,0.0146666666666667,FALSE,0,"L1",13
"C-PCA","Int-Euclidean",0.836407147041593,0.129779730521383,0.838640807738228,0.154657210804743,0.224333333333333,0.0523333333333333,FALSE,0,"L1",14
"C-PCA","Hausdorff",0.874929115407147,0.101462214411248,0.874377693014707,0.119136812170634,0.281666666666667,0.064,FALSE,0,"L1",14
"C-PCA","Ichino-Yaguchi",0.83095079086116,0.141810193321617,0.82970266323582,0.161566333422528,0.21,0.0453333333333333,FALSE,0,"L1",14
"C-PCA","Wasserstein",0.837500878734622,0.137694200351494,0.835194848110401,0.161212873874915,0.209666666666667,0.0616666666666667,FALSE,0,"L1",14
"C-PCA","Centers-Euclidean",0.832131810193322,0.146663151728178,0.832573103158919,0.163123667549249,0.198666666666667,0.0496666666666667,FALSE,0,"L1",14
"V-PCA","Int-Euclidean",0.836230814294083,0.130298769771529,0.838746582470594,0.154567819641953,0.224333333333333,0.0523333333333333,FALSE,0,"L1",14
"V-PCA","Hausdorff",0.874813122437024,0.10174575278266,0.874417794533887,0.11905760086634,0.281666666666667,0.065,FALSE,0,"L1",14
"V-PCA","Ichino-Yaguchi",0.830974223784417,0.141971880492091,0.829835247026985,0.161548451505509,0.21,0.046,FALSE,0,"L1",14
"V-PCA","Wasserstein",0.837563561804335,0.137561804335091,0.835121611005976,0.161318858928593,0.21,0.061,FALSE,0,"L1",14
"V-PCA","Centers-Euclidean",0.832119507908612,0.146666666666667,0.832518278380366,0.1632253310373,0.199,0.0503333333333333,FALSE,0,"L1",14
"MR-PCA","Int-Euclidean",0.828442296426479,0.134367896895138,0.82855301547796,0.151670901493941,0.195333333333333,0.0393333333333333,FALSE,0,"L1",14
"MR-PCA","Hausdorff",0.817544229642648,0.138554188635032,0.821611402055591,0.153487521882244,0.186666666666667,0.039,FALSE,0,"L1",14
"MR-PCA","Ichino-Yaguchi",0.831623315758641,0.145132981839484,0.831806765990522,0.161445242079061,0.202666666666667,0.0416666666666667,FALSE,0,"L1",14
"MR-PCA","Wasserstein",0.83164733450498,0.145049794961921,0.832264395227211,0.162334168938367,0.199333333333333,0.048,FALSE,0,"L1",14
"MR-PCA","Centers-Euclidean",0.832131810193322,0.146663151728178,0.832573103158919,0.163123667549249,0.198666666666667,0.0496666666666667,FALSE,0,"L1",14
"SPCA","Int-Euclidean",0.836407147041593,0.129779730521383,0.838640807738228,0.154657210804743,0.224333333333333,0.0523333333333333,FALSE,0,"L1",14
"SPCA","Hausdorff",0.874929115407147,0.101462214411248,0.874377693014707,0.119136812170634,0.281666666666667,0.064,FALSE,0,"L1",14
"SPCA","Ichino-Yaguchi",0.83095079086116,0.141810193321617,0.82970266323582,0.161566333422528,0.21,0.0453333333333333,FALSE,0,"L1",14
"SPCA","Wasserstein",0.837500878734622,0.137694200351494,0.835194848110401,0.161212873874915,0.209666666666667,0.0616666666666667,FALSE,0,"L1",14
"SPCA","Centers-Euclidean",0.832131810193322,0.146663151728178,0.832573103158919,0.163123667549249,0.198666666666667,0.0496666666666667,FALSE,0,"L1",14
"IMDS","Int-Euclidean",0.499380199179848,-0.0173614528412419,0.487196034660338,-0.017750335708122,0.033,-0.000333333333333333,FALSE,0,"L1",14
"IMDS","Hausdorff",0.552230228471002,-0.0560738137082601,0.559971532166188,-0.0493505185801991,0.059,0.00133333333333333,FALSE,0,"L1",14
"IMDS","Ichino-Yaguchi",0.511998828353837,0.00236906854130048,0.511029490578757,0.00712265555064806,0.0356666666666667,-0.003,FALSE,0,"L1",14
"IMDS","Wasserstein",0.513923257176333,0.00184065612185125,0.510396675971466,0.00262834550970914,0.0376666666666667,0.000333333333333335,FALSE,0,"L1",14
"IMDS","Centers-Euclidean",0.512429994141769,0.0128435852372584,0.507755469390343,0.0201296224056981,0.035,0.00566666666666667,FALSE,0,"L1",14
"Int-UMAP","Int-Euclidean",0.757782073813708,0.14726654950205,0.763856640388784,0.187265999502905,0.203666666666667,0.0393333333333333,FALSE,0,"L1",14
"Int-UMAP","Hausdorff",0.802089630931459,0.0617070884592853,0.813859977896305,0.0738577672197503,0.238666666666667,0.011,FALSE,0,"L1",14
"Int-UMAP","Ichino-Yaguchi",0.783349736379613,0.0640796719390744,0.797326817671227,0.072785426360445,0.224,0.00733333333333333,FALSE,0,"L1",14
"Int-UMAP","Wasserstein",0.785446983011131,0.0748236672524897,0.795648627085424,0.085705575034584,0.226666666666667,0.0103333333333333,FALSE,0,"L1",14
"Int-UMAP","Centers-Euclidean",0.771316930287053,0.111214997070885,0.781037682363545,0.123065784668129,0.205,0.0116666666666667,FALSE,0,"L1",14
"C-PCA","CR-Euclidean",0.8412050380785,0.137543057996485,0.841150405375137,0.158918322102636,0.233,0.051,FALSE,0,"L1",14
"V-PCA","CR-Euclidean",0.841393673110721,0.137219683655536,0.841906527375621,0.157502254813326,0.232,0.0496666666666667,FALSE,0,"L1",14
"MR-PCA","CR-Euclidean",0.82915172817809,0.141787932044523,0.829852596999958,0.158630783701726,0.199333333333333,0.0426666666666667,FALSE,0,"L1",14
"SPCA","CR-Euclidean",0.8412050380785,0.137543057996485,0.841150405375137,0.158918322102636,0.233,0.051,FALSE,0,"L1",14
"IMDS","CR-Euclidean",0.51715172817809,-0.0152032806092559,0.516035346568838,-0.00898899773912271,0.042,-0.000999999999999997,FALSE,0,"L1",14
"Int-UMAP","CR-Euclidean",0.784297598125366,0.0721827768014061,0.798763907112898,0.0805416725579662,0.232666666666667,0.003,FALSE,0,"L1",14
"C-PCA","Int-Euclidean",0.83969244288225,0.121386057410662,0.841302873741354,0.144941471570623,0.229666666666667,0.0533333333333333,FALSE,0,"L1",15
"C-PCA","Hausdorff",0.875458113649678,0.101379027533685,0.872905628827713,0.118317552326637,0.268666666666667,0.061,FALSE,0,"L1",15
"C-PCA","Ichino-Yaguchi",0.825379027533685,0.144475688342121,0.824294140954886,0.165709701630819,0.199333333333333,0.0396666666666667,FALSE,0,"L1",15
"C-PCA","Wasserstein",0.830206795547745,0.14905330990041,0.827222170537423,0.17158121710947,0.198666666666667,0.039,FALSE,0,"L1",15
"C-PCA","Centers-Euclidean",0.83029115407147,0.146817809021676,0.828613468270574,0.168820759112555,0.206333333333333,0.0546666666666667,FALSE,0,"L1",15
"V-PCA","Int-Euclidean",0.839364381956649,0.121974223784417,0.841554618371981,0.144340408572942,0.229666666666667,0.053,FALSE,0,"L1",15
"V-PCA","Hausdorff",0.875581136496778,0.101018160515524,0.873239928410924,0.117647939933462,0.269,0.0626666666666667,FALSE,0,"L1",15
"V-PCA","Ichino-Yaguchi",0.825195079086116,0.144859988283538,0.824207455568088,0.165844704884659,0.198666666666667,0.0383333333333333,FALSE,0,"L1",15
"V-PCA","Wasserstein",0.830157000585823,0.149087287639133,0.826970140361074,0.172019945829213,0.199,0.0396666666666667,FALSE,0,"L1",15
"V-PCA","Centers-Euclidean",0.82990568248389,0.147546572934974,0.828789930920963,0.168454809242409,0.205333333333333,0.054,FALSE,0,"L1",15
"MR-PCA","Int-Euclidean",0.827927943760984,0.136097246631517,0.825142724502264,0.155388384399194,0.196333333333333,0.0276666666666667,FALSE,0,"L1",15
"MR-PCA","Hausdorff",0.827239015817223,0.129294669009959,0.828055532655607,0.1470836294335,0.192666666666667,0.032,FALSE,0,"L1",15
"MR-PCA","Ichino-Yaguchi",0.829888693614528,0.143486818980668,0.827376740581558,0.164691003452186,0.205666666666667,0.0486666666666667,FALSE,0,"L1",15
"MR-PCA","Wasserstein",0.829617457527827,0.145428236672525,0.827707823937421,0.167532307732931,0.203,0.0496666666666667,FALSE,0,"L1",15
"MR-PCA","Centers-Euclidean",0.83029115407147,0.146817809021676,0.828613468270574,0.168820759112555,0.206333333333333,0.0546666666666667,FALSE,0,"L1",15
"SPCA","Int-Euclidean",0.83969244288225,0.121386057410662,0.841302873741354,0.144941471570623,0.229666666666667,0.0533333333333333,FALSE,0,"L1",15
"SPCA","Hausdorff",0.875458113649678,0.101379027533685,0.872905628827713,0.118317552326637,0.268666666666667,0.061,FALSE,0,"L1",15
"SPCA","Ichino-Yaguchi",0.825379027533685,0.144475688342121,0.824294140954886,0.165709701630819,0.199333333333333,0.0396666666666667,FALSE,0,"L1",15
"SPCA","Wasserstein",0.830206795547745,0.14905330990041,0.827222170537423,0.17158121710947,0.198666666666667,0.039,FALSE,0,"L1",15
"SPCA","Centers-Euclidean",0.83029115407147,0.146817809021676,0.828613468270574,0.168820759112555,0.206333333333333,0.0546666666666667,FALSE,0,"L1",15
"IMDS","Int-Euclidean",0.482014059753954,-0.0450708845928529,0.473003751395298,-0.0593349010714566,0.0313333333333333,0.00266666666666667,FALSE,0,"L1",15
"IMDS","Hausdorff",0.551926772114821,-0.0461663737551259,0.556343903284129,-0.0650982622700608,0.05,-0.007,FALSE,0,"L1",15
"IMDS","Ichino-Yaguchi",0.515435266549502,-0.000536613942589304,0.51725584651027,-0.0122342878082877,0.0346666666666667,0.000333333333333333,FALSE,0,"L1",15
"IMDS","Wasserstein",0.519234915055653,-0.00597773872290563,0.521501641964659,-0.0229038802439666,0.0363333333333333,-0.00266666666666667,TRUE,0,"L1",15
"IMDS","Centers-Euclidean",0.513513766842414,0.000391329818394848,0.505230632669532,0.00774080677105671,0.032,0.00133333333333333,FALSE,0,"L1",15
"Int-UMAP","Int-Euclidean",0.74232396016403,0.162004686584651,0.750940569952331,0.186835619157539,0.172333333333333,0.026,FALSE,0,"L1",15
"Int-UMAP","Hausdorff",0.792749267721148,0.0602683069712947,0.80235228957775,0.0650282406253881,0.220666666666667,0.0116666666666667,FALSE,0,"L1",15
"Int-UMAP","Ichino-Yaguchi",0.773019332161687,0.0728318687756297,0.784897684822923,0.0742247733020277,0.211333333333333,0.00366666666666667,FALSE,0,"L1",15
"Int-UMAP","Wasserstein",0.775068541300527,0.0942776801405976,0.782278869017875,0.0915287964416704,0.204666666666667,-0.00666666666666667,FALSE,0,"L1",15
"Int-UMAP","Centers-Euclidean",0.766854130052724,0.120862331575864,0.766288259480617,0.134058172725379,0.184,0.0206666666666667,FALSE,0,"L1",15
"C-PCA","CR-Euclidean",0.837669009958992,0.144844756883421,0.836518640378652,0.163174500828466,0.218,0.0466666666666667,FALSE,0,"L1",15
"V-PCA","CR-Euclidean",0.837263620386643,0.145559461042765,0.836191622978939,0.163674884396201,0.215666666666667,0.045,FALSE,0,"L1",15
"MR-PCA","CR-Euclidean",0.829488576449912,0.14087287639133,0.826125580552064,0.161424962192058,0.202,0.0396666666666667,FALSE,0,"L1",15
"SPCA","CR-Euclidean",0.837669009958992,0.144844756883421,0.836518640378652,0.163174500828466,0.218,0.0466666666666667,FALSE,0,"L1",15
"IMDS","CR-Euclidean",0.525084944346807,-0.0126865846514352,0.529466522297206,-0.0224052836397807,0.04,-0.00533333333333333,FALSE,0,"L1",15
"Int-UMAP","CR-Euclidean",0.775875219683656,0.0735289982425308,0.786929832358563,0.0773389932793898,0.215666666666667,0.00599999999999999,FALSE,0,"L1",15
"C-PCA","Int-Euclidean",0.826910954891623,0.145700058582308,0.828899261158121,0.168801345073868,0.235666666666667,0.0426666666666667,FALSE,0,"L1",16
"C-PCA","Hausdorff",0.870166373755126,0.111257176332747,0.872713666110774,0.119307372007584,0.282666666666667,0.0723333333333333,FALSE,0,"L1",16
"C-PCA","Ichino-Yaguchi",0.821678968951377,0.146474516695958,0.825080982915922,0.161325222299647,0.216666666666667,0.036,FALSE,0,"L1",16
"C-PCA","Wasserstein",0.827461628588166,0.146325717633275,0.828671587571269,0.165364062351518,0.230333333333333,0.054,FALSE,0,"L1",16
"C-PCA","Centers-Euclidean",0.825645577035735,0.148268306971295,0.825810490826997,0.168354660988912,0.222333333333333,0.0456666666666667,FALSE,0,"L1",16
"V-PCA","Int-Euclidean",0.826680140597539,0.146096074985354,0.828591647818346,0.169364203282149,0.235,0.0423333333333333,FALSE,0,"L1",16
"V-PCA","Hausdorff",0.870118336262449,0.111357937902753,0.872613641440237,0.119485587847297,0.282333333333333,0.0726666666666667,FALSE,0,"L1",16
"V-PCA","Ichino-Yaguchi",0.821673110720562,0.146397188049209,0.825085734335322,0.161254023162671,0.216333333333333,0.036,FALSE,0,"L1",16
"V-PCA","Wasserstein",0.827514352665495,0.146201523140012,0.828570139777701,0.1655647472621,0.230333333333333,0.054,FALSE,0,"L1",16
"V-PCA","Centers-Euclidean",0.825699472759227,0.148186291739895,0.825619248882726,0.168791217411903,0.221666666666667,0.0456666666666667,FALSE,0,"L1",16
"MR-PCA","Int-Euclidean",0.823144112478032,0.141079086115993,0.821525073600945,0.157588277764754,0.218333333333333,0.0443333333333333,FALSE,0,"L1",16
"MR-PCA","Hausdorff",0.811325131810193,0.138301113063855,0.814029460028435,0.154430786864221,0.195333333333333,0.026,FALSE,0,"L1",16
"MR-PCA","Ichino-Yaguchi",0.825560632688928,0.147915641476274,0.825076391924092,0.166223051430622,0.221666666666667,0.041,FALSE,0,"L1",16
"MR-PCA","Wasserstein",0.82513532513181,0.147681312243702,0.825199633304027,0.167650228904811,0.219333333333333,0.0466666666666667,FALSE,0,"L1",16
"MR-PCA","Centers-Euclidean",0.825645577035735,0.148268306971295,0.825810490826997,0.168354660988912,0.222333333333333,0.0456666666666667,FALSE,0,"L1",16
"SPCA","Int-Euclidean",0.826910954891623,0.145700058582308,0.828899261158121,0.168801345073868,0.235666666666667,0.0426666666666667,FALSE,0,"L1",16
"SPCA","Hausdorff",0.870166373755126,0.111257176332747,0.872713666110774,0.119307372007584,0.282666666666667,0.0723333333333333,FALSE,0,"L1",16
"SPCA","Ichino-Yaguchi",0.821678968951377,0.146474516695958,0.825080982915922,0.161325222299647,0.216666666666667,0.036,FALSE,0,"L1",16
"SPCA","Wasserstein",0.827461628588166,0.146325717633275,0.828671587571269,0.165364062351518,0.230333333333333,0.054,FALSE,0,"L1",16
"SPCA","Centers-Euclidean",0.825645577035735,0.148268306971295,0.825810490826997,0.168354660988912,0.222333333333333,0.0456666666666667,FALSE,0,"L1",16
"IMDS","Int-Euclidean",0.481896309314587,-0.0288447568834213,0.470584902798548,-0.0438936415876158,0.027,0,TRUE,0,"L1",16
"IMDS","Hausdorff",0.546585237258348,-0.0385530169888693,0.54536524214661,-0.0418026639573598,0.046,-0.00133333333333333,TRUE,0,"L1",16
"IMDS","Ichino-Yaguchi",0.516023432923257,0.00178324545987119,0.509213609385427,-0.000877919532294491,0.037,0.000666666666666666,FALSE,0,"L1",16
"IMDS","Wasserstein",0.511765084944347,-0.00952899824253062,0.506188869611994,-0.0137849975813049,0.0353333333333333,-0.003,FALSE,0,"L1",16
"IMDS","Centers-Euclidean",0.502080843585237,-0.00483655536028127,0.500219985345057,-0.0109518666630437,0.03,-0.004,FALSE,0,"L1",16
"Int-UMAP","Int-Euclidean",0.778864089045108,0.104865846514353,0.793582126557241,0.128882765519525,0.207666666666667,0.0376666666666667,FALSE,0,"L1",16
"Int-UMAP","Hausdorff",0.81491388400703,0.0410826010544815,0.831240469719642,0.043760353143298,0.245,0.0233333333333333,FALSE,0,"L1",16
"Int-UMAP","Ichino-Yaguchi",0.789659050966608,0.045129466900996,0.809944681657203,0.0482491380280428,0.214333333333333,0.015,FALSE,0,"L1",16
"Int-UMAP","Wasserstein",0.795799648506151,0.061834797891037,0.811588850084351,0.0614623011331406,0.215,0.0156666666666667,FALSE,0,"L1",16
"Int-UMAP","Centers-Euclidean",0.789969537199766,0.0856777973052139,0.794921538637023,0.100649748543218,0.200333333333333,0.0333333333333333,FALSE,0,"L1",16
"C-PCA","CR-Euclidean",0.832272407732865,0.146981839484476,0.836056143047967,0.16175663275888,0.242666666666667,0.0516666666666667,FALSE,0,"L1",16
"V-PCA","CR-Euclidean",0.832433509080258,0.146652606912712,0.836168440043765,0.161507438849846,0.243666666666667,0.0516666666666667,FALSE,0,"L1",16
"MR-PCA","CR-Euclidean",0.822612770943175,0.144616285881664,0.822260969446147,0.162273729962481,0.215333333333333,0.0403333333333333,FALSE,0,"L1",16
"SPCA","CR-Euclidean",0.832272407732865,0.146981839484476,0.836056143047967,0.16175663275888,0.242666666666667,0.0516666666666667,FALSE,0,"L1",16
"IMDS","CR-Euclidean",0.519514938488576,-0.00287990626830703,0.515358797410377,-0.00501084075867342,0.0416666666666667,-0.000333333333333331,FALSE,0,"L1",16
"Int-UMAP","CR-Euclidean",0.795957820738137,0.0447568834212068,0.81464975207416,0.050538287459492,0.227666666666667,0.019,FALSE,0,"L1",16
"C-PCA","Int-Euclidean",0.838708260105448,0.141540714704159,0.835539867172113,0.167651509254982,0.221666666666667,0.0506666666666667,FALSE,0,"L1",17
"C-PCA","Hausdorff",0.87820913884007,0.102110134739309,0.875445067527725,0.117047937753489,0.273666666666667,0.0546666666666667,FALSE,0,"L1",17
"C-PCA","Ichino-Yaguchi",0.834094903339192,0.14073345049795,0.832220934707821,0.161180734629312,0.208,0.0433333333333333,FALSE,0,"L1",17
"C-PCA","Wasserstein",0.838203280609256,0.138560046865847,0.835891757753449,0.156721758568636,0.210666666666667,0.0453333333333333,FALSE,0,"L1",17
"C-PCA","Centers-Euclidean",0.83435676625659,0.142199179847686,0.829977158645058,0.165527982482845,0.210666666666667,0.0553333333333333,FALSE,0,"L1",17
"V-PCA","Int-Euclidean",0.838934973637961,0.141162272993556,0.835841609169886,0.167109386885745,0.221666666666667,0.0516666666666667,FALSE,0,"L1",17
"V-PCA","Hausdorff",0.87797949619215,0.102494434680726,0.875448717446828,0.117023038473602,0.272333333333333,0.0543333333333333,FALSE,0,"L1",17
"V-PCA","Ichino-Yaguchi",0.833730521382542,0.141431751611014,0.831806112766304,0.16200928852599,0.207666666666667,0.0453333333333333,FALSE,0,"L1",17
"V-PCA","Wasserstein",0.838354422964265,0.138325717633275,0.836158333874489,0.156267601168772,0.211,0.0453333333333333,FALSE,0,"L1",17
"V-PCA","Centers-Euclidean",0.834091974223784,0.142742823667252,0.829920577606798,0.165650131573635,0.210333333333333,0.0543333333333333,FALSE,0,"L1",17
"MR-PCA","Int-Euclidean",0.832493263034564,0.136100761570006,0.828132074260924,0.156007611789231,0.201333333333333,0.0373333333333333,FALSE,0,"L1",17
"MR-PCA","Hausdorff",0.825748681898067,0.134410076157001,0.827364230301529,0.145534462528495,0.193,0.0336666666666667,FALSE,0,"L1",17
"MR-PCA","Ichino-Yaguchi",0.834505565319274,0.141486818980668,0.82964241232096,0.163250001573572,0.211333333333333,0.0523333333333333,FALSE,0,"L1",17
"MR-PCA","Wasserstein",0.83482366725249,0.143097832454599,0.83076494398161,0.163414336206752,0.210666666666667,0.0533333333333333,FALSE,0,"L1",17
"MR-PCA","Centers-Euclidean",0.83435676625659,0.142199179847686,0.829977158645058,0.165527982482845,0.210666666666667,0.0553333333333333,FALSE,0,"L1",17
"SPCA","Int-Euclidean",0.838708260105448,0.141540714704159,0.835539867172113,0.167651509254982,0.221666666666667,0.0506666666666667,FALSE,0,"L1",17
"SPCA","Hausdorff",0.87820913884007,0.102110134739309,0.875445067527725,0.117047937753489,0.273666666666667,0.0546666666666667,FALSE,0,"L1",17
"SPCA","Ichino-Yaguchi",0.834094903339192,0.14073345049795,0.832220934707821,0.161180734629312,0.208,0.0433333333333333,FALSE,0,"L1",17
"SPCA","Wasserstein",0.838203280609256,0.138560046865847,0.835891757753449,0.156721758568636,0.210666666666667,0.0453333333333333,FALSE,0,"L1",17
"SPCA","Centers-Euclidean",0.83435676625659,0.142199179847686,0.829977158645058,0.165527982482845,0.210666666666667,0.0553333333333333,FALSE,0,"L1",17
"IMDS","Int-Euclidean",0.494718219097832,-0.00972700644405389,0.481984440675036,-0.0104326048386491,0.0303333333333333,0.002,FALSE,0,"L1",17
"IMDS","Hausdorff",0.54193438781488,-0.0472829525483305,0.536620963999286,-0.0595412262776367,0.0506666666666667,-0.00433333333333333,FALSE,0,"L1",17
"IMDS","Ichino-Yaguchi",0.51274575278266,-0.00160398359695368,0.501494869464923,0.00134344195891734,0.0376666666666667,0.00133333333333333,FALSE,0,"L1",17
"IMDS","Wasserstein",0.510578207381371,-0.00645694200351499,0.500705291024054,-0.00606458123107972,0.0366666666666667,0.001,FALSE,0,"L1",17
"IMDS","Centers-Euclidean",0.506272993555946,0.00265963678968961,0.495861424661294,-0.000464831590199499,0.036,0.000333333333333335,FALSE,0,"L1",17
"Int-UMAP","Int-Euclidean",0.776698886936145,0.121203280609256,0.779596781807606,0.153201684474127,0.198666666666667,0.0293333333333333,FALSE,0,"L1",17
"Int-UMAP","Hausdorff",0.820567076742824,0.0510743995313415,0.82142344158433,0.0653688383339912,0.226,0.0263333333333333,FALSE,0,"L1",17
"Int-UMAP","Ichino-Yaguchi",0.793422378441711,0.0546596367896895,0.800519561186845,0.0755996974443505,0.206333333333333,0.0226666666666667,FALSE,0,"L1",17
"Int-UMAP","Wasserstein",0.794383128295255,0.0802343292325718,0.800314215433194,0.0934135072030444,0.196333333333333,0.0173333333333333,FALSE,0,"L1",17
"Int-UMAP","Centers-Euclidean",0.78765963678969,0.107115407147042,0.78629444937497,0.129773117037055,0.18,0.0303333333333333,FALSE,0,"L1",17
"C-PCA","CR-Euclidean",0.845334504979496,0.135198594024605,0.842116511712057,0.156176734686421,0.230666666666667,0.051,FALSE,0,"L1",17
"V-PCA","CR-Euclidean",0.845272407732865,0.135350908025776,0.842222611137542,0.155987011047089,0.230333333333333,0.0493333333333333,FALSE,0,"L1",17
"MR-PCA","CR-Euclidean",0.832391329818395,0.140721734036321,0.828875734339928,0.157774984751705,0.208666666666667,0.0376666666666667,FALSE,0,"L1",17
"SPCA","CR-Euclidean",0.845334504979496,0.135198594024605,0.842116511712057,0.156176734686421,0.230666666666667,0.051,FALSE,0,"L1",17
"IMDS","CR-Euclidean",0.515269478617458,-0.010688927943761,0.506699710907985,-0.0119303075005032,0.0383333333333333,0.000333333333333331,TRUE,0,"L1",17
"Int-UMAP","CR-Euclidean",0.79798769771529,0.0606549502050382,0.804068793951589,0.0760536951842407,0.209666666666667,0.00833333333333333,FALSE,0,"L1",17
"C-PCA","Int-Euclidean",0.830403046280023,0.136168717047452,0.834869180912097,0.153154686104654,0.211,0.0366666666666667,FALSE,0,"L1",18
"C-PCA","Hausdorff",0.874101933216169,0.101527826596368,0.873096660450674,0.113210177156557,0.268333333333333,0.061,FALSE,0,"L1",18
"C-PCA","Ichino-Yaguchi",0.826269478617457,0.135170474516696,0.82726685614007,0.152489576429767,0.201666666666667,0.0453333333333333,FALSE,0,"L1",18
"C-PCA","Wasserstein",0.831575278265964,0.137154071470416,0.830813816052981,0.15528775870097,0.206,0.0416666666666667,FALSE,0,"L1",18
"C-PCA","Centers-Euclidean",0.826742823667252,0.142509666080844,0.826931088913258,0.159400085325974,0.204333333333333,0.0426666666666667,FALSE,0,"L1",18
"V-PCA","Int-Euclidean",0.830109548916227,0.136507322788518,0.834866194963557,0.152945878492927,0.211666666666667,0.0376666666666667,FALSE,0,"L1",18
"V-PCA","Hausdorff",0.87406151142355,0.101634446397188,0.873230608259978,0.113005107737475,0.267,0.0583333333333333,FALSE,0,"L1",18
"V-PCA","Ichino-Yaguchi",0.825660808435852,0.136357352079672,0.826770422621485,0.15336694175773,0.202333333333333,0.048,FALSE,0,"L1",18
"V-PCA","Wasserstein",0.831492677211482,0.137309900410076,0.830553337714771,0.155787646401671,0.205333333333333,0.0403333333333333,FALSE,0,"L1",18
"V-PCA","Centers-Euclidean",0.826411833626245,0.14330755711775,0.827147584766781,0.159026671352073,0.204666666666667,0.0413333333333333,FALSE,0,"L1",18
"MR-PCA","Int-Euclidean",0.82511482132396,0.131989455184534,0.824505549949546,0.14740248882265,0.208333333333333,0.0423333333333333,FALSE,0,"L1",18
"MR-PCA","Hausdorff",0.822936145284124,0.127632103104862,0.824650965643477,0.139154741678607,0.200333333333333,0.0363333333333333,FALSE,0,"L1",18
"MR-PCA","Ichino-Yaguchi",0.826544815465729,0.141562975981254,0.826537391981968,0.155015088635081,0.203,0.0413333333333333,FALSE,0,"L1",18
"MR-PCA","Wasserstein",0.826678968951377,0.141922671353251,0.826955453178715,0.156875838118911,0.204333333333333,0.0433333333333333,FALSE,0,"L1",18
"MR-PCA","Centers-Euclidean",0.826742823667252,0.142509666080844,0.826931088913258,0.159400085325974,0.204333333333333,0.0426666666666667,FALSE,0,"L1",18
"SPCA","Int-Euclidean",0.830403046280023,0.136168717047452,0.834869180912097,0.153154686104654,0.211,0.0366666666666667,FALSE,0,"L1",18
"SPCA","Hausdorff",0.874101933216169,0.101527826596368,0.873096660450674,0.113210177156557,0.268333333333333,0.061,FALSE,0,"L1",18
"SPCA","Ichino-Yaguchi",0.826269478617457,0.135170474516696,0.82726685614007,0.152489576429767,0.201666666666667,0.0453333333333333,FALSE,0,"L1",18
"SPCA","Wasserstein",0.831575278265964,0.137154071470416,0.830813816052981,0.15528775870097,0.206,0.0416666666666667,FALSE,0,"L1",18
"SPCA","Centers-Euclidean",0.826742823667252,0.142509666080844,0.826931088913258,0.159400085325974,0.204333333333333,0.0426666666666667,FALSE,0,"L1",18
"IMDS","Int-Euclidean",0.515626830697129,-0.024886936145284,0.508300054975227,-0.0303397533529746,0.0363333333333333,-0.00066666666666667,TRUE,0,"L1",18
"IMDS","Hausdorff",0.541397738722906,-0.0631143057996485,0.536246768735445,-0.0661092719612677,0.0483333333333333,0.00633333333333333,TRUE,4.25555236743813e-06,"L1",18
"IMDS","Ichino-Yaguchi",0.511991212653779,-0.010911540714704,0.502279593628523,-0.00639322900475181,0.038,0.007,FALSE,0,"L1",18
"IMDS","Wasserstein",0.509640890451084,-0.00645694200351499,0.498652340868517,-0.00625848059279294,0.0356666666666667,0.005,FALSE,0,"L1",18
"IMDS","Centers-Euclidean",0.506861745752783,-0.00070415934387813,0.499392503012431,-0.00528667639057306,0.0356666666666667,0.00633333333333333,FALSE,0,"L1",18
"Int-UMAP","Int-Euclidean",0.749509666080844,0.110742823667252,0.770960816832705,0.133210349098067,0.209666666666667,0.033,FALSE,0,"L1",18
"Int-UMAP","Hausdorff",0.794544229642648,0.0498312829525482,0.810688885194193,0.05650624063245,0.249666666666667,-0.00166666666666668,FALSE,0,"L1",18
"Int-UMAP","Ichino-Yaguchi",0.775711189220855,0.0526807264206209,0.794075821293206,0.0584146470831428,0.227,0.003,FALSE,0,"L1",18
"Int-UMAP","Wasserstein",0.780350322202695,0.062788517867604,0.797870911227059,0.0694137454648508,0.225,0.00166666666666666,FALSE,0,"L1",18
"Int-UMAP","Centers-Euclidean",0.77915582893966,0.0759191564147627,0.786910953334307,0.0970360584373925,0.210333333333333,0.0223333333333333,FALSE,0,"L1",18
"C-PCA","CR-Euclidean",0.838666666666667,0.136620972466315,0.838975414359849,0.15143231115641,0.223,0.0493333333333333,FALSE,0,"L1",18
"V-PCA","CR-Euclidean",0.83875805506737,0.136426479203281,0.839405629672069,0.150507531421927,0.224333333333333,0.05,FALSE,0,"L1",18
"MR-PCA","CR-Euclidean",0.824990041007616,0.139439953134153,0.825535684541368,0.150012955485725,0.201333333333333,0.0356666666666667,FALSE,0,"L1",18
"SPCA","CR-Euclidean",0.838666666666667,0.136620972466315,0.838975414359849,0.15143231115641,0.223,0.0493333333333333,FALSE,0,"L1",18
"IMDS","CR-Euclidean",0.513866701816052,-0.0220967076742824,0.504792976434955,-0.0172907587732771,0.0383333333333333,0.00366666666666667,TRUE,3.8686839703983e-06,"L1",18
"Int-UMAP","CR-Euclidean",0.780642647920328,0.0594504979496192,0.798129849000045,0.0636589337507828,0.229666666666667,-0.00233333333333334,FALSE,0,"L1",18
"C-PCA","Int-Euclidean",0.834871704745167,0.132906854130053,0.835778932651585,0.153768937937251,0.235,0.0366666666666667,FALSE,0,"L1",19
"C-PCA","Hausdorff",0.870514938488576,0.106166373755126,0.873537288202985,0.116864496120032,0.276,0.054,FALSE,0,"L1",19
"C-PCA","Ichino-Yaguchi",0.826136496777973,0.136715875805507,0.828430543229243,0.152488236207105,0.210666666666667,0.0333333333333333,FALSE,0,"L1",19
"C-PCA","Wasserstein",0.832765084944347,0.139514938488576,0.832878640151444,0.158398659593116,0.215,0.036,FALSE,0,"L1",19
"C-PCA","Centers-Euclidean",0.831069127123609,0.14384417106034,0.831935315296976,0.16094361807615,0.212666666666667,0.041,FALSE,0,"L1",19
"V-PCA","Int-Euclidean",0.834951962507323,0.132669009958992,0.836382337584741,0.152505958464151,0.234333333333333,0.0343333333333333,FALSE,0,"L1",19
"V-PCA","Hausdorff",0.870969537199766,0.105301698886936,0.874270661727647,0.115546248197876,0.276333333333333,0.0536666666666667,FALSE,0,"L1",19
"V-PCA","Ichino-Yaguchi",0.825958406561218,0.137114235500879,0.828586691450807,0.152134904080433,0.211,0.0323333333333333,FALSE,0,"L1",19
"V-PCA","Wasserstein",0.833001757469244,0.139043936731107,0.832498990227428,0.159079750617262,0.214333333333333,0.036,FALSE,0,"L1",19
"V-PCA","Centers-Euclidean",0.83090978324546,0.144256590509666,0.831821278160987,0.161221635215955,0.213333333333333,0.0413333333333333,FALSE,0,"L1",19
"MR-PCA","Int-Euclidean",0.829250732278852,0.136420620972466,0.82785926602775,0.151652526780274,0.209666666666667,0.032,FALSE,0,"L1",19
"MR-PCA","Hausdorff",0.817427065026362,0.133769185705917,0.822394520408306,0.148382034998387,0.197333333333333,0.0436666666666667,FALSE,0,"L1",19
"MR-PCA","Ichino-Yaguchi",0.830715289982425,0.142337434094903,0.831635178342493,0.158836516323774,0.212333333333333,0.0403333333333333,FALSE,0,"L1",19
"MR-PCA","Wasserstein",0.831072642062097,0.143717633274751,0.831980984957728,0.16000718316361,0.211,0.0423333333333333,FALSE,0,"L1",19
"MR-PCA","Centers-Euclidean",0.831069127123609,0.14384417106034,0.831935315296976,0.16094361807615,0.212666666666667,0.041,FALSE,0,"L1",19
"SPCA","Int-Euclidean",0.834871704745167,0.132906854130053,0.835778932651585,0.153768937937251,0.235,0.0366666666666667,FALSE,0,"L1",19
"SPCA","Hausdorff",0.870514938488576,0.106166373755126,0.873537288202985,0.116864496120032,0.276,0.054,FALSE,0,"L1",19
"SPCA","Ichino-Yaguchi",0.826136496777973,0.136715875805507,0.828430543229243,0.152488236207105,0.210666666666667,0.0333333333333333,FALSE,0,"L1",19
"SPCA","Wasserstein",0.832765084944347,0.139514938488576,0.832878640151444,0.158398659593116,0.215,0.036,FALSE,0,"L1",19
"SPCA","Centers-Euclidean",0.831069127123609,0.14384417106034,0.831935315296976,0.16094361807615,0.212666666666667,0.041,FALSE,0,"L1",19
"IMDS","Int-Euclidean",0.488383128295255,-0.0513837141183363,0.478846237159846,-0.0634172269733859,0.03,-0.00433333333333333,FALSE,0,"L1",19
"IMDS","Hausdorff",0.541784417106034,-0.0298371411833627,0.541316223771436,-0.0333958693815617,0.0436666666666667,0.00166666666666667,TRUE,0,"L1",19
"IMDS","Ichino-Yaguchi",0.502872290568248,0.00300995899238432,0.500628149158646,0.0158822418655162,0.0313333333333333,0.00266666666666667,FALSE,0,"L1",19
"IMDS","Wasserstein",0.503605741066198,0.000437024018746346,0.502739437379746,0.00590956674884552,0.034,0.00533333333333333,FALSE,0,"L1",19
"IMDS","Centers-Euclidean",0.50410251903925,-0.00676157000585831,0.503625537182889,-0.00744380544633944,0.032,0.00133333333333333,TRUE,0,"L1",19
"Int-UMAP","Int-Euclidean",0.772659636789689,0.129150556531927,0.7742305924475,0.161685783645691,0.207666666666667,0.0436666666666667,FALSE,0,"L1",19
"Int-UMAP","Hausdorff",0.82082776801406,0.0381124780316344,0.833324048491804,0.0414204825016507,0.276333333333333,0.0186666666666667,FALSE,0,"L1",19
"Int-UMAP","Ichino-Yaguchi",0.795425307557118,0.0396567076742824,0.810130426078737,0.0400063295968294,0.231333333333333,0.0153333333333333,FALSE,0,"L1",19
"Int-UMAP","Wasserstein",0.801634446397188,0.0534856473345049,0.811703211145863,0.0518412832486138,0.234,0.0156666666666667,FALSE,0,"L1",19
"Int-UMAP","Centers-Euclidean",0.790992384299941,0.0881452841241945,0.792467312307036,0.0990235794752806,0.209666666666667,0.031,FALSE,0,"L1",19
"C-PCA","CR-Euclidean",0.835633860574107,0.138761570005858,0.839573413114194,0.152699458675931,0.228666666666667,0.047,FALSE,0,"L1",19
"V-PCA","CR-Euclidean",0.835813122437024,0.138337434094903,0.839742950513238,0.152271806366841,0.229666666666667,0.0473333333333333,FALSE,0,"L1",19
"MR-PCA","CR-Euclidean",0.829398945518453,0.14068424135911,0.830358636215211,0.155704538779949,0.209666666666667,0.0353333333333333,FALSE,0,"L1",19
"SPCA","CR-Euclidean",0.835633860574107,0.138761570005858,0.839573413114194,0.152699458675931,0.228666666666667,0.047,FALSE,0,"L1",19
"IMDS","CR-Euclidean",0.510866432337434,-0.00430579964850608,0.511736175557194,0.00883057052495739,0.0356666666666667,0.004,FALSE,0,"L1",19
"Int-UMAP","CR-Euclidean",0.800539543057996,0.0400011716461628,0.815093193833502,0.0413737251573303,0.248333333333333,0.017,FALSE,0,"L1",19
"C-PCA","Int-Euclidean",0.844067955477446,0.127498535442297,0.848703564086515,0.140897043419683,0.226333333333333,0.0543333333333333,FALSE,0,"L1",20
"C-PCA","Hausdorff",0.876194493263035,0.103428236672525,0.876529673036332,0.117530095521185,0.276,0.072,FALSE,0,"L1",20
"C-PCA","Ichino-Yaguchi",0.830017574692443,0.146751025190393,0.831450099426713,0.161214475080225,0.211333333333333,0.055,FALSE,0,"L1",20
"C-PCA","Wasserstein",0.838393673110721,0.141466900995899,0.836856261349867,0.159854789254208,0.222,0.0573333333333333,FALSE,0,"L1",20
"C-PCA","Centers-Euclidean",0.835771528998243,0.144876391329818,0.834846039427109,0.161063037595472,0.205666666666667,0.055,FALSE,0,"L1",20
"V-PCA","Int-Euclidean",0.844397773872291,0.126611599297012,0.849617595941443,0.138934751727974,0.226333333333333,0.053,FALSE,0,"L1",20
"V-PCA","Hausdorff",0.876465729349736,0.102916227299356,0.876694330827439,0.11711522675631,0.276666666666667,0.072,FALSE,0,"L1",20
"V-PCA","Ichino-Yaguchi",0.829776801405975,0.146918570591681,0.832434245037837,0.158935356593642,0.210333333333333,0.0536666666666667,FALSE,0,"L1",20
"V-PCA","Wasserstein",0.838816637375513,0.140616285881664,0.837632950318268,0.158274619145718,0.223666666666667,0.0596666666666667,FALSE,0,"L1",20
"V-PCA","Centers-Euclidean",0.836090802577622,0.144186291739895,0.836694624816717,0.157371095680384,0.206333333333333,0.0563333333333333,FALSE,0,"L1",20
"MR-PCA","Int-Euclidean",0.830125366139426,0.135432923257176,0.83040393359189,0.150187519103546,0.195,0.0353333333333333,FALSE,0,"L1",20
"MR-PCA","Hausdorff",0.82403280609256,0.132349150556532,0.828303331842662,0.147305162252145,0.196333333333333,0.0466666666666667,FALSE,0,"L1",20
"MR-PCA","Ichino-Yaguchi",0.835521968365554,0.143838312829526,0.833805712695255,0.160590507017133,0.208666666666667,0.048,FALSE,0,"L1",20
"MR-PCA","Wasserstein",0.835207967193907,0.144356180433509,0.83406692408767,0.161396003864385,0.207666666666667,0.0526666666666667,FALSE,0,"L1",20
"MR-PCA","Centers-Euclidean",0.835771528998243,0.144876391329818,0.834846039427109,0.161063037595472,0.205666666666667,0.055,FALSE,0,"L1",20
"SPCA","Int-Euclidean",0.844067955477446,0.127498535442297,0.848703564086515,0.140897043419683,0.226333333333333,0.0543333333333333,FALSE,0,"L1",20
"SPCA","Hausdorff",0.876194493263035,0.103428236672525,0.876529673036332,0.117530095521185,0.276,0.072,FALSE,0,"L1",20
"SPCA","Ichino-Yaguchi",0.830017574692443,0.146751025190393,0.831450099426713,0.161214475080225,0.211333333333333,0.055,FALSE,0,"L1",20
"SPCA","Wasserstein",0.838393673110721,0.141466900995899,0.836856261349867,0.159854789254208,0.222,0.0573333333333333,FALSE,0,"L1",20
"SPCA","Centers-Euclidean",0.835771528998243,0.144876391329818,0.834846039427109,0.161063037595472,0.205666666666667,0.055,FALSE,0,"L1",20
"IMDS","Int-Euclidean",0.484572934973638,-0.00206209724663142,0.471955540684662,-0.0135000966403397,0.0276666666666667,0,FALSE,0,"L1",20
"IMDS","Hausdorff",0.540793790275337,-0.0576883421206795,0.542620315687682,-0.0701372369582748,0.0463333333333333,0.009,TRUE,0,"L1",20
"IMDS","Ichino-Yaguchi",0.509765084944347,-0.0134305799648506,0.502867939095247,-0.0213549773919943,0.0323333333333333,-0.00233333333333333,FALSE,0,"L1",20
"IMDS","Wasserstein",0.510014059753954,-0.0151493848857644,0.501260362738248,-0.0243760971825696,0.036,0.007,FALSE,0,"L1",20
"IMDS","Centers-Euclidean",0.505865260691271,-0.00900527240773297,0.499952689218945,-0.0214002409944483,0.0333333333333333,0,FALSE,0,"L1",20
"Int-UMAP","Int-Euclidean",0.77232396016403,0.142405389572349,0.784913230177639,0.155703697494705,0.202333333333333,0.0433333333333333,FALSE,0,"L1",20
"Int-UMAP","Hausdorff",0.815039250146456,0.0564920913884007,0.83018608139619,0.0590538135475479,0.242666666666667,0.00799999999999999,FALSE,0,"L1",20
"Int-UMAP","Ichino-Yaguchi",0.793818394844757,0.0613427065026363,0.807945655890079,0.06380964816008,0.219,0.003,FALSE,0,"L1",20
"Int-UMAP","Wasserstein",0.797618043350908,0.0736988869361452,0.808270673702145,0.0770097959069631,0.211333333333333,0.00833333333333335,FALSE,0,"L1",20
"Int-UMAP","Centers-Euclidean",0.797705330990041,0.0834340949033392,0.804847082590108,0.0925506202713206,0.203666666666667,0.022,FALSE,0,"L1",20
"C-PCA","CR-Euclidean",0.840735207967194,0.141432923257176,0.842752739051279,0.158965412583632,0.228666666666667,0.058,FALSE,0,"L1",20
"V-PCA","CR-Euclidean",0.840626830697129,0.141492677211482,0.84323240213189,0.157892743193227,0.227333333333333,0.0553333333333333,FALSE,0,"L1",20
"MR-PCA","CR-Euclidean",0.832039250146456,0.139555946104276,0.83117344553745,0.158409501119385,0.200666666666667,0.0456666666666667,FALSE,0,"L1",20
"SPCA","CR-Euclidean",0.840735207967194,0.141432923257176,0.842752739051279,0.158965412583632,0.228666666666667,0.058,FALSE,0,"L1",20
"IMDS","CR-Euclidean",0.519161687170475,-0.0170134739308728,0.513205907019865,-0.0278642316064418,0.0366666666666667,0.00433333333333333,FALSE,0,"L1",20
"Int-UMAP","CR-Euclidean",0.795780316344464,0.0629302870533099,0.8133974844036,0.0698105373433164,0.222666666666667,0.00766666666666667,FALSE,0,"L1",20
"C-PCA","Int-Euclidean",0.834193907439953,0.12818863503222,0.839300829786656,0.146752497719088,0.242333333333333,0.0506666666666667,FALSE,0,"L1",21
"C-PCA","Hausdorff",0.873656121851201,0.10302870533099,0.876308507128588,0.11509165480347,0.285666666666667,0.058,FALSE,0,"L1",21
"C-PCA","Ichino-Yaguchi",0.827263034563562,0.130886936145284,0.830554786168472,0.151499426682528,0.222666666666667,0.0526666666666667,FALSE,0,"L1",21
"C-PCA","Wasserstein",0.830929701230228,0.134103104862332,0.833768616314517,0.153843328738504,0.22,0.0543333333333333,FALSE,0,"L1",21
"C-PCA","Centers-Euclidean",0.827384299941418,0.140743995313415,0.826894613517704,0.164775187243537,0.204666666666667,0.0433333333333333,FALSE,0,"L1",21
"V-PCA","Int-Euclidean",0.834335676625659,0.127766842413591,0.838837858081627,0.147658845937797,0.242666666666667,0.0513333333333333,FALSE,0,"L1",21
"V-PCA","Hausdorff",0.873936145284124,0.102438195664909,0.875776668243309,0.11629290420417,0.288,0.059,FALSE,0,"L1",21
"V-PCA","Ichino-Yaguchi",0.827099004100762,0.131444639718805,0.829253436872826,0.15447148941109,0.222,0.05,FALSE,0,"L1",21
"V-PCA","Wasserstein",0.830178676039836,0.135302870533099,0.832329084382292,0.15665329053832,0.219,0.0506666666666667,FALSE,0,"L1",21
"V-PCA","Centers-Euclidean",0.827428822495606,0.140530755711775,0.82563338262835,0.167227579786618,0.207333333333333,0.0476666666666667,FALSE,0,"L1",21
"MR-PCA","Int-Euclidean",0.824877562975981,0.13515172817809,0.822998570122123,0.153153348952377,0.208666666666667,0.026,FALSE,0,"L1",21
"MR-PCA","Hausdorff",0.830142940831869,0.119524311657879,0.835181362983419,0.13607590941323,0.217666666666667,0.0476666666666667,FALSE,0,"L1",21
"MR-PCA","Ichino-Yaguchi",0.827690685413005,0.138268306971295,0.827192578175433,0.159882433457484,0.205333333333333,0.0403333333333333,FALSE,0,"L1",21
"MR-PCA","Wasserstein",0.827433509080258,0.13876625659051,0.827963357422032,0.160486858525758,0.202333333333333,0.0406666666666667,FALSE,0,"L1",21
"MR-PCA","Centers-Euclidean",0.827384299941418,0.140743995313415,0.826894613517704,0.164775187243537,0.204666666666667,0.0433333333333333,FALSE,0,"L1",21
"SPCA","Int-Euclidean",0.834193907439953,0.12818863503222,0.839300829786656,0.146752497719088,0.242333333333333,0.0506666666666667,FALSE,0,"L1",21
"SPCA","Hausdorff",0.873656121851201,0.10302870533099,0.876308507128588,0.11509165480347,0.285666666666667,0.058,FALSE,0,"L1",21
"SPCA","Ichino-Yaguchi",0.827263034563562,0.130886936145284,0.830554786168472,0.151499426682528,0.222666666666667,0.0526666666666667,FALSE,0,"L1",21
"SPCA","Wasserstein",0.830929701230228,0.134103104862332,0.833768616314517,0.153843328738504,0.22,0.0543333333333333,FALSE,0,"L1",21
"SPCA","Centers-Euclidean",0.827384299941418,0.140743995313415,0.826894613517704,0.164775187243537,0.204666666666667,0.0433333333333333,FALSE,0,"L1",21
"IMDS","Int-Euclidean",0.505620386643234,-0.041750439367311,0.491969649099617,-0.0518896648261249,0.0336666666666667,-0.00266666666666666,FALSE,0,"L1",21
"IMDS","Hausdorff",0.548375512595196,-0.0430849443468072,0.54451408254697,-0.0563021782993541,0.048,-0.000666666666666666,FALSE,0,"L1",21
"IMDS","Ichino-Yaguchi",0.513193321616872,-0.00459871118922073,0.508417190128777,-0.00557799596950675,0.0343333333333333,0.00533333333333333,FALSE,0,"L1",21
"IMDS","Wasserstein",0.518368482718219,-0.00756297598125366,0.510925057604244,-0.00799655748534317,0.0393333333333333,0.001,FALSE,0,"L1",21
"IMDS","Centers-Euclidean",0.5133690685413,-0.0112349150556532,0.506351310585779,-0.011283099700131,0.0363333333333333,-0.00366666666666667,FALSE,0,"L1",21
"Int-UMAP","Int-Euclidean",0.758663737551259,0.120952548330404,0.778267977137306,0.143123616887911,0.214,0.025,FALSE,0,"L1",21
"Int-UMAP","Hausdorff",0.808364967779731,0.0412384299941417,0.827575484241791,0.0392136116882154,0.247666666666667,-0.00533333333333334,FALSE,0,"L1",21
"Int-UMAP","Ichino-Yaguchi",0.784536613942589,0.0307205623901581,0.808757777858631,0.0261458988188693,0.237666666666667,0.001,FALSE,0,"L1",21
"Int-UMAP","Wasserstein",0.787633860574107,0.0549630931458699,0.809846912951387,0.0488837372960939,0.234666666666667,0.00366666666666667,FALSE,0,"L1",21
"Int-UMAP","Centers-Euclidean",0.784834212067955,0.0818394844756885,0.792818522798293,0.0927818079127789,0.212333333333333,0.0156666666666667,FALSE,0,"L1",21
"C-PCA","CR-Euclidean",0.837272993555946,0.132544815465729,0.842284272893897,0.150031044653671,0.239,0.0533333333333333,FALSE,0,"L1",21
"V-PCA","CR-Euclidean",0.837026947861746,0.133025190392501,0.840881131921663,0.153059622407233,0.239333333333333,0.0543333333333333,FALSE,0,"L1",21
"MR-PCA","CR-Euclidean",0.827423550087873,0.130760398359695,0.827973723806361,0.152853169780113,0.206,0.0426666666666667,FALSE,0,"L1",21
"SPCA","CR-Euclidean",0.837272993555946,0.132544815465729,0.842284272893897,0.150031044653671,0.239,0.0533333333333333,FALSE,0,"L1",21
"IMDS","CR-Euclidean",0.52397539543058,-0.00730404217926184,0.519183653182921,-0.0107879004759556,0.0396666666666667,-0.000333333333333335,FALSE,0,"L1",21
"Int-UMAP","CR-Euclidean",0.789956649091974,0.038638547158758,0.81451961614672,0.0369689290945453,0.244666666666667,-0.00333333333333333,FALSE,0,"L1",21
"C-PCA","Int-Euclidean",0.83864733450498,0.130374926772115,0.844580722163552,0.142077469475393,0.244,0.0443333333333333,FALSE,0,"L1",22
"C-PCA","Hausdorff",0.876643819566491,0.100198008201523,0.8759932861446,0.110321374033731,0.279666666666667,0.0436666666666667,FALSE,0,"L1",22
"C-PCA","Ichino-Yaguchi",0.830813708260105,0.128893966022261,0.831557182910303,0.145436291602361,0.205333333333333,0.039,FALSE,0,"L1",22
"C-PCA","Wasserstein",0.836281780902168,0.131448154657293,0.838057727212645,0.144375997395086,0.212666666666667,0.0416666666666667,FALSE,0,"L1",22
"C-PCA","Centers-Euclidean",0.835108963093146,0.132952548330404,0.837492573892248,0.146388373192292,0.219333333333333,0.039,FALSE,0,"L1",22
"V-PCA","Int-Euclidean",0.838855301698887,0.129933216168717,0.844888938066208,0.141462867619008,0.244333333333333,0.045,FALSE,0,"L1",22
"V-PCA","Hausdorff",0.876521968365554,0.100437024018746,0.875884448704091,0.110554474524486,0.28,0.0433333333333333,FALSE,0,"L1",22
"V-PCA","Ichino-Yaguchi",0.830821323960164,0.12886467486819,0.831587391651902,0.14534761737426,0.205666666666667,0.0393333333333333,FALSE,0,"L1",22
"V-PCA","Wasserstein",0.836110134739309,0.131746924428823,0.838020103493437,0.144409039333616,0.212333333333333,0.041,FALSE,0,"L1",22
"V-PCA","Centers-Euclidean",0.834843585237258,0.133464557703573,0.8374886622229,0.146410056244831,0.218666666666667,0.038,FALSE,0,"L1",22
"MR-PCA","Int-Euclidean",0.831423550087873,0.124107791446983,0.833001492360193,0.13734824127631,0.204,0.0526666666666667,FALSE,0,"L1",22
"MR-PCA","Hausdorff",0.824787346221441,0.12504510837727,0.830039990985352,0.130117187350079,0.202,0.0293333333333333,FALSE,0,"L1",22
"MR-PCA","Ichino-Yaguchi",0.834123608670182,0.131148213239602,0.836104505435578,0.141972663449211,0.215666666666667,0.029,FALSE,0,"L1",22
"MR-PCA","Wasserstein",0.834286467486819,0.13223784417106,0.836701494033553,0.145358446618993,0.214333333333333,0.04,FALSE,0,"L1",22
"MR-PCA","Centers-Euclidean",0.835108963093146,0.132952548330404,0.837492573892248,0.146388373192292,0.219333333333333,0.039,FALSE,0,"L1",22
"SPCA","Int-Euclidean",0.83864733450498,0.130374926772115,0.844580722163552,0.142077469475393,0.244,0.0443333333333333,FALSE,0,"L1",22
"SPCA","Hausdorff",0.876643819566491,0.100198008201523,0.8759932861446,0.110321374033731,0.279666666666667,0.0436666666666667,FALSE,0,"L1",22
"SPCA","Ichino-Yaguchi",0.830813708260105,0.128893966022261,0.831557182910303,0.145436291602361,0.205333333333333,0.039,FALSE,0,"L1",22
"SPCA","Wasserstein",0.836281780902168,0.131448154657293,0.838057727212645,0.144375997395086,0.212666666666667,0.0416666666666667,FALSE,0,"L1",22
"SPCA","Centers-Euclidean",0.835108963093146,0.132952548330404,0.837492573892248,0.146388373192292,0.219333333333333,0.039,FALSE,0,"L1",22
"IMDS","Int-Euclidean",0.476441710603398,-0.0249724663151728,0.463562042407224,-0.0498373156982751,0.027,-0.00766666666666667,FALSE,0,"L1",22
"IMDS","Hausdorff",0.549386643233743,-0.0255196250732279,0.543151041558723,-0.0237107679752184,0.047,-0.00233333333333333,FALSE,0,"L1",22
"IMDS","Ichino-Yaguchi",0.510797305213825,0.00499004100761569,0.50204398386636,0.0102093710272109,0.033,0.000666666666666666,FALSE,0,"L1",22
"IMDS","Wasserstein",0.510427650849443,0.00649091974223781,0.498283550893075,0.00887812309876057,0.0313333333333333,0.000666666666666666,FALSE,0,"L1",22
"IMDS","Centers-Euclidean",0.500598125366139,0.00659285295840661,0.489501659772887,0.00412270912885071,0.027,0.00133333333333333,FALSE,0,"L1",22
"Int-UMAP","Int-Euclidean",0.769053895723492,0.142960749853544,0.779644484062634,0.170043940266905,0.197666666666667,0.0283333333333333,FALSE,0,"L1",22
"Int-UMAP","Hausdorff",0.812674868189807,0.0636110134739308,0.824326712357053,0.0722110173671671,0.247333333333333,0.027,FALSE,0,"L1",22
"Int-UMAP","Ichino-Yaguchi",0.791780902167545,0.0627603983596954,0.807132944407779,0.0747403522006901,0.227333333333333,0.0243333333333333,FALSE,0,"L1",22
"Int-UMAP","Wasserstein",0.7961640304628,0.083908611599297,0.808804823051461,0.0902823494517752,0.226666666666667,0.0253333333333333,FALSE,0,"L1",22
"Int-UMAP","Centers-Euclidean",0.790349150556532,0.099320445225542,0.796439436750318,0.116947273675463,0.212,0.0423333333333333,FALSE,0,"L1",22
"C-PCA","CR-Euclidean",0.842959578207381,0.129886350322203,0.842667413844638,0.145677061912607,0.226666666666667,0.0416666666666667,FALSE,0,"L1",22
"V-PCA","CR-Euclidean",0.843019917984769,0.129775043936731,0.842635917844504,0.145786564091275,0.227,0.042,FALSE,0,"L1",22
"MR-PCA","CR-Euclidean",0.831934973637961,0.128875219683656,0.833898154284652,0.139595496851858,0.210666666666667,0.0393333333333333,FALSE,0,"L1",22
"SPCA","CR-Euclidean",0.842959578207381,0.129886350322203,0.842667413844638,0.145677061912607,0.226666666666667,0.0416666666666667,FALSE,0,"L1",22
"IMDS","CR-Euclidean",0.522219683655536,0.0108810779144698,0.512035900312611,0.00819134418806228,0.0376666666666667,-0.002,FALSE,0,"L1",22
"Int-UMAP","CR-Euclidean",0.797364967779731,0.0673462214411247,0.81279749527276,0.0796303180779764,0.235666666666667,0.0293333333333333,FALSE,0,"L1",22
"C-PCA","Int-Euclidean",0.8318359695372,0.140384299941418,0.835076760370184,0.156953024504889,0.226333333333333,0.046,FALSE,0,"L1",23
"C-PCA","Hausdorff",0.879997656707674,0.100161687170474,0.877581279591786,0.116876677868963,0.284666666666667,0.0616666666666667,FALSE,0,"L1",23
"C-PCA","Ichino-Yaguchi",0.829708260105448,0.134804920913884,0.829741847477748,0.154349613584485,0.215666666666667,0.0433333333333333,FALSE,0,"L1",23
"C-PCA","Wasserstein",0.838681312243702,0.138447568834212,0.836650666895103,0.158926738025464,0.226333333333333,0.0526666666666667,FALSE,0,"L1",23
"C-PCA","Centers-Euclidean",0.837741066198008,0.137157586408905,0.836609207498553,0.15627779791438,0.227333333333333,0.0493333333333333,FALSE,0,"L1",23
"V-PCA","Int-Euclidean",0.832172817809022,0.139738722905682,0.834963240593917,0.157175126879785,0.227666666666667,0.0463333333333333,FALSE,0,"L1",23
"V-PCA","Hausdorff",0.880114235500879,0.0999425893380199,0.877420147369226,0.11725985259393,0.285,0.0623333333333333,FALSE,0,"L1",23
"V-PCA","Ichino-Yaguchi",0.829546572934974,0.135072056239016,0.829340714843757,0.155069571065806,0.216666666666667,0.0446666666666667,FALSE,0,"L1",23
"V-PCA","Wasserstein",0.838868189806678,0.138179261862917,0.836576799594341,0.159214555831327,0.226666666666667,0.0543333333333333,FALSE,0,"L1",23
"V-PCA","Centers-Euclidean",0.838231985940246,0.136112478031635,0.837080968178079,0.155248066310471,0.228666666666667,0.0496666666666667,FALSE,0,"L1",23
"MR-PCA","Int-Euclidean",0.837014645577036,0.128770943175161,0.834624532706729,0.14397259805003,0.22,0.042,FALSE,0,"L1",23
"MR-PCA","Hausdorff",0.827503222026948,0.128836555360281,0.830826400789826,0.140094679899408,0.212666666666667,0.0443333333333333,FALSE,0,"L1",23
"MR-PCA","Ichino-Yaguchi",0.837385471587581,0.137268892794376,0.835956651856669,0.153751831292219,0.226333333333333,0.0496666666666667,FALSE,0,"L1",23
"MR-PCA","Wasserstein",0.837763913298184,0.138302284710018,0.835928385133016,0.156974907132395,0.228,0.0483333333333333,FALSE,0,"L1",23
"MR-PCA","Centers-Euclidean",0.837741066198008,0.137157586408905,0.836609207498553,0.15627779791438,0.227333333333333,0.0493333333333333,FALSE,0,"L1",23
"SPCA","Int-Euclidean",0.8318359695372,0.140384299941418,0.835076760370184,0.156953024504889,0.226333333333333,0.046,FALSE,0,"L1",23
"SPCA","Hausdorff",0.879997656707674,0.100161687170474,0.877581279591786,0.116876677868963,0.284666666666667,0.0616666666666667,FALSE,0,"L1",23
"SPCA","Ichino-Yaguchi",0.829708260105448,0.134804920913884,0.829741847477748,0.154349613584485,0.215666666666667,0.0433333333333333,FALSE,0,"L1",23
"SPCA","Wasserstein",0.838681312243702,0.138447568834212,0.836650666895103,0.158926738025464,0.226333333333333,0.0526666666666667,FALSE,0,"L1",23
"SPCA","Centers-Euclidean",0.837741066198008,0.137157586408905,0.836609207498553,0.15627779791438,0.227333333333333,0.0493333333333333,FALSE,0,"L1",23
"IMDS","Int-Euclidean",0.480581136496778,-0.0163374340949033,0.46612384117947,-0.0182213940372835,0.0283333333333333,0,FALSE,0,"L1",23
"IMDS","Hausdorff",0.544657879320445,-0.0389443468072642,0.547100452068003,-0.0429724357802299,0.049,0.00133333333333333,FALSE,0,"L1",23
"IMDS","Ichino-Yaguchi",0.508925600468658,0.00292208553016993,0.507376296143459,-0.00944692557066545,0.0373333333333333,0.00366666666666667,FALSE,0,"L1",23
"IMDS","Wasserstein",0.508742823667252,0.00394376098418281,0.506000115446442,-0.00321992716127789,0.0366666666666667,0.000333333333333335,FALSE,0,"L1",23
"IMDS","Centers-Euclidean",0.501555360281195,0.0089338019917985,0.49953840766503,0.00343238545970487,0.0313333333333333,0.00133333333333333,FALSE,0,"L1",23
"Int-UMAP","Int-Euclidean",0.749446397188049,0.152036321031049,0.756423700264191,0.184837698728692,0.201333333333333,0.0393333333333333,FALSE,0,"L1",23
"Int-UMAP","Hausdorff",0.801724663151728,0.0636953719976567,0.815415394568153,0.0776725444564752,0.248333333333333,0.0323333333333333,FALSE,0,"L1",23
"Int-UMAP","Ichino-Yaguchi",0.776955477445811,0.0714504979496192,0.789411594660786,0.0818658877716273,0.225333333333333,0.035,FALSE,0,"L1",23
"Int-UMAP","Wasserstein",0.780777387229057,0.0791997656707674,0.788550091704697,0.0970559391744628,0.222666666666667,0.0386666666666667,FALSE,0,"L1",23
"Int-UMAP","Centers-Euclidean",0.771520210896309,0.104291739894552,0.779793971853482,0.110892047904747,0.200333333333333,0.0376666666666667,FALSE,0,"L1",23
"C-PCA","CR-Euclidean",0.843553602811951,0.134821323960164,0.843004456816045,0.153696427746263,0.232333333333333,0.051,FALSE,0,"L1",23
"V-PCA","CR-Euclidean",0.843393087287639,0.135207967193907,0.842917375349698,0.153881416853308,0.232666666666667,0.0503333333333333,FALSE,0,"L1",23
"MR-PCA","CR-Euclidean",0.835062097246631,0.13393438781488,0.834129967516871,0.150604379012512,0.221,0.0503333333333333,FALSE,0,"L1",23
"SPCA","CR-Euclidean",0.843553602811951,0.134821323960164,0.843004456816045,0.153696427746263,0.232333333333333,0.051,FALSE,0,"L1",23
"IMDS","CR-Euclidean",0.517195079086116,-0.00228705330990042,0.51504444534509,-0.00360870687242537,0.0406666666666667,0.003,FALSE,0,"L1",23
"Int-UMAP","CR-Euclidean",0.784196250732279,0.0722542472173404,0.796611220902929,0.0903448686128911,0.235333333333333,0.0423333333333333,FALSE,0,"L1",23
"C-PCA","Int-Euclidean",0.848925014645577,0.106801405975395,0.849520462037541,0.125647309890644,0.243333333333333,0.0606666666666667,FALSE,0,"L1",24
"C-PCA","Hausdorff",0.875255418863503,0.101100175746925,0.874285586097178,0.116572890995377,0.283666666666667,0.0583333333333333,FALSE,0,"L1",24
"C-PCA","Ichino-Yaguchi",0.826833040421793,0.131824253075571,0.826045369837744,0.156116136050562,0.216,0.0476666666666667,FALSE,0,"L1",24
"C-PCA","Wasserstein",0.83177445811365,0.143096660808436,0.830433257295271,0.161811609521445,0.214333333333333,0.0443333333333333,FALSE,0,"L1",24
"C-PCA","Centers-Euclidean",0.829710603397774,0.143985940246046,0.82986699019304,0.161030493059166,0.203333333333333,0.043,FALSE,0,"L1",24
"V-PCA","Int-Euclidean",0.848800234329233,0.107573520796719,0.849362843101991,0.126108087038635,0.242333333333333,0.059,FALSE,0,"L1",24
"V-PCA","Hausdorff",0.875056239015817,0.101500878734622,0.873768089743643,0.117671716987959,0.281333333333333,0.056,FALSE,0,"L1",24
"V-PCA","Ichino-Yaguchi",0.827570591681312,0.130972466315173,0.825848714038702,0.157020264381564,0.216,0.049,FALSE,0,"L1",24
"V-PCA","Wasserstein",0.832495020503808,0.141763327475102,0.830097918387041,0.1625028005741,0.216,0.048,FALSE,0,"L1",24
"V-PCA","Centers-Euclidean",0.829475688342121,0.144422964264792,0.829364640811883,0.162052385972459,0.204,0.0446666666666667,FALSE,0,"L1",24
"MR-PCA","Int-Euclidean",0.827869361452841,0.137824253075571,0.827011064743194,0.1517982717729,0.192333333333333,0.0353333333333333,FALSE,0,"L1",24
"MR-PCA","Hausdorff",0.8152870533099,0.133810193321617,0.818687417704111,0.147262365703318,0.183333333333333,0.0356666666666667,FALSE,0,"L1",24
"MR-PCA","Ichino-Yaguchi",0.83025424721734,0.144138254247217,0.828912502189568,0.157770016870225,0.203333333333333,0.0353333333333333,FALSE,0,"L1",24
"MR-PCA","Wasserstein",0.829844756883421,0.145018160515524,0.828937733070938,0.15954999836502,0.201,0.0393333333333333,FALSE,0,"L1",24
"MR-PCA","Centers-Euclidean",0.829710603397774,0.143985940246046,0.82986699019304,0.161030493059166,0.203333333333333,0.043,FALSE,0,"L1",24
"SPCA","Int-Euclidean",0.848925014645577,0.106801405975395,0.849520462037541,0.125647309890644,0.243333333333333,0.0606666666666667,FALSE,0,"L1",24
"SPCA","Hausdorff",0.875255418863503,0.101100175746925,0.874285586097178,0.116572890995377,0.283666666666667,0.0583333333333333,FALSE,0,"L1",24
"SPCA","Ichino-Yaguchi",0.826833040421793,0.131824253075571,0.826045369837744,0.156116136050562,0.216,0.0476666666666667,FALSE,0,"L1",24
"SPCA","Wasserstein",0.83177445811365,0.143096660808436,0.830433257295271,0.161811609521445,0.214333333333333,0.0443333333333333,FALSE,0,"L1",24
"SPCA","Centers-Euclidean",0.829710603397774,0.143985940246046,0.82986699019304,0.161030493059166,0.203333333333333,0.043,FALSE,0,"L1",24
"IMDS","Int-Euclidean",0.503466315172818,-0.0210603397773872,0.494726791849297,-0.0357125371305387,0.0333333333333333,-0.00266666666666666,FALSE,0,"L1",24
"IMDS","Hausdorff",0.550318687756298,-0.0450943175161101,0.552266900660639,-0.0554409263471656,0.0513333333333333,-0.00166666666666667,FALSE,0,"L1",24
"IMDS","Ichino-Yaguchi",0.519642647920328,0.0173520796719391,0.516379636414326,0.0122098337340952,0.037,0.00166666666666667,FALSE,0,"L1",24
"IMDS","Wasserstein",0.520578793204452,0.011477445811365,0.519380412607427,0.00967469280423244,0.0386666666666667,-0.00166666666666667,FALSE,0,"L1",24
"IMDS","Centers-Euclidean",0.516449912126538,0.00287521968365567,0.511509981127884,0.00462708419591945,0.0346666666666667,-0.00166666666666667,FALSE,0,"L1",24
"Int-UMAP","Int-Euclidean",0.776726420620973,0.116335090802578,0.788324768496877,0.138341791473942,0.204333333333333,0.0293333333333333,FALSE,0,"L1",24
"Int-UMAP","Hausdorff",0.807861745752783,0.0533075571177505,0.818622084535964,0.06246096659069,0.230666666666667,0.0243333333333333,FALSE,0,"L1",24
"Int-UMAP","Ichino-Yaguchi",0.775298183948448,0.0450966608084359,0.792249068637362,0.0588984168024928,0.207,0.00233333333333333,FALSE,0,"L1",24
"Int-UMAP","Wasserstein",0.784107205623902,0.0730603397773872,0.795759390424362,0.0831054125805611,0.205333333333333,0.0146666666666667,FALSE,0,"L1",24
"Int-UMAP","Centers-Euclidean",0.782751611013474,0.101592267135325,0.78649490477434,0.123020438165304,0.189333333333333,0.0323333333333333,FALSE,0,"L1",24
"C-PCA","CR-Euclidean",0.839328646748682,0.135575864089045,0.838744293499245,0.156543507419506,0.236,0.0476666666666666,FALSE,0,"L1",24
"V-PCA","CR-Euclidean",0.839500878734622,0.135425893380199,0.8380992050315,0.157906041026779,0.236,0.0483333333333333,FALSE,0,"L1",24
"MR-PCA","CR-Euclidean",0.826671353251318,0.140592852958407,0.826163720863398,0.153510592748398,0.197,0.0353333333333333,FALSE,0,"L1",24
"SPCA","CR-Euclidean",0.839328646748682,0.135575864089045,0.838744293499245,0.156543507419506,0.236,0.0476666666666666,FALSE,0,"L1",24
"IMDS","CR-Euclidean",0.526908611599297,-0.000926772114821395,0.523476463126299,0.000196748678161218,0.0473333333333333,0.008,FALSE,0,"L1",24
"Int-UMAP","CR-Euclidean",0.784363210310486,0.0571177504393673,0.799259235293206,0.0682088116032272,0.215333333333333,0.0123333333333333,FALSE,0,"L1",24
"C-PCA","Int-Euclidean",0.835676625659051,0.140510837727006,0.836976724799784,0.160334113057376,0.232,0.0556666666666667,FALSE,0,"L1",25
"C-PCA","Hausdorff",0.879877562975981,0.0996824838898652,0.878515780929936,0.114789383164439,0.275666666666667,0.056,FALSE,0,"L1",25
"C-PCA","Ichino-Yaguchi",0.833130638547159,0.133286467486819,0.831952117973982,0.154166841294763,0.205666666666667,0.0503333333333333,FALSE,0,"L1",25
"C-PCA","Wasserstein",0.838988283538371,0.138440538957235,0.837570372052258,0.157455574228608,0.210333333333333,0.0466666666666667,FALSE,0,"L1",25
"C-PCA","Centers-Euclidean",0.839133567662566,0.135637961335677,0.84147265984151,0.148309019729214,0.206333333333333,0.0423333333333333,FALSE,0,"L1",25
"V-PCA","Int-Euclidean",0.835506736965436,0.140906854130053,0.837496183896357,0.159290417346565,0.231333333333333,0.0536666666666667,FALSE,0,"L1",25
"V-PCA","Hausdorff",0.879915641476274,0.0995969537199766,0.878794795944575,0.114264270723135,0.275666666666667,0.0556666666666667,FALSE,0,"L1",25
"V-PCA","Ichino-Yaguchi",0.833114235500879,0.133321616871705,0.832192898262976,0.15369959791785,0.206,0.0503333333333333,FALSE,0,"L1",25
"V-PCA","Wasserstein",0.839405389572349,0.137557117750439,0.837707526110163,0.157203701409445,0.21,0.045,FALSE,0,"L1",25
"V-PCA","Centers-Euclidean",0.838866432337434,0.136151142355009,0.84157967193867,0.148120706931377,0.206,0.0426666666666667,FALSE,0,"L1",25
"MR-PCA","Int-Euclidean",0.834371411833626,0.126526069127124,0.836434280040216,0.137927214395557,0.189333333333333,0.0426666666666667,FALSE,0,"L1",25
"MR-PCA","Hausdorff",0.830512009373169,0.123039250146456,0.835686355197692,0.132943994812279,0.199,0.032,FALSE,0,"L1",25
"MR-PCA","Ichino-Yaguchi",0.838657293497364,0.133511423550088,0.840199343920325,0.146021540586717,0.206333333333333,0.0446666666666667,FALSE,0,"L1",25
"MR-PCA","Wasserstein",0.838888107791447,0.134788517867604,0.840985282420838,0.147290060567932,0.206666666666667,0.0483333333333333,FALSE,0,"L1",25
"MR-PCA","Centers-Euclidean",0.839133567662566,0.135637961335677,0.84147265984151,0.148309019729214,0.206333333333333,0.0423333333333333,FALSE,0,"L1",25
"SPCA","Int-Euclidean",0.835676625659051,0.140510837727006,0.836976724799784,0.160334113057376,0.232,0.0556666666666667,FALSE,0,"L1",25
"SPCA","Hausdorff",0.879877562975981,0.0996824838898652,0.878515780929936,0.114789383164439,0.275666666666667,0.056,FALSE,0,"L1",25
"SPCA","Ichino-Yaguchi",0.833130638547159,0.133286467486819,0.831952117973982,0.154166841294763,0.205666666666667,0.0503333333333333,FALSE,0,"L1",25
"SPCA","Wasserstein",0.838988283538371,0.138440538957235,0.837570372052258,0.157455574228608,0.210333333333333,0.0466666666666667,FALSE,0,"L1",25
"SPCA","Centers-Euclidean",0.839133567662566,0.135637961335677,0.84147265984151,0.148309019729214,0.206333333333333,0.0423333333333333,FALSE,0,"L1",25
"IMDS","Int-Euclidean",0.486533099004101,-0.0216449912126538,0.472546902036171,-0.0392036191231506,0.0306666666666667,-0.00166666666666667,FALSE,0,"L1",25
"IMDS","Hausdorff",0.543669009958992,-0.0275418863503222,0.539976926831058,-0.0323858849530147,0.045,0.00533333333333333,FALSE,0,"L1",25
"IMDS","Ichino-Yaguchi",0.508172817809022,0.00722085530169903,0.500205983625949,0.0110924518751834,0.035,0.00166666666666667,FALSE,0,"L1",25
"IMDS","Wasserstein",0.510202108963093,0.000429994141769141,0.500012516420798,0.00514896352276223,0.0356666666666667,0.003,FALSE,0,"L1",25
"IMDS","Centers-Euclidean",0.508408318687756,-0.0027756297598126,0.496685541085347,-0.00538174622876231,0.0346666666666667,0.00266666666666667,FALSE,0,"L1",25
"Int-UMAP","Int-Euclidean",0.775830111306385,0.130919742237844,0.78615255848199,0.154855209129234,0.195,0.0363333333333333,FALSE,0,"L1",25
"Int-UMAP","Hausdorff",0.822685998828354,0.0371845342706503,0.833343897757437,0.0486228007030566,0.243333333333333,0.011,FALSE,0,"L1",25
"Int-UMAP","Ichino-Yaguchi",0.795447568834212,0.0468107791446983,0.80934318266498,0.0585531382933239,0.226,0.014,FALSE,0,"L1",25
"Int-UMAP","Wasserstein",0.801793204452255,0.065353251318102,0.811298948255277,0.073338425565369,0.218,0.00633333333333333,FALSE,0,"L1",25
"Int-UMAP","Centers-Euclidean",0.792426479203281,0.0988377270064441,0.795038134170566,0.111983686128143,0.187,0.0226666666666667,FALSE,0,"L1",25
"C-PCA","CR-Euclidean",0.846986526069127,0.132768599882835,0.845850631493575,0.152833672841056,0.227,0.0533333333333333,FALSE,0,"L1",25
"V-PCA","CR-Euclidean",0.846831282952548,0.132966608084358,0.845810876160202,0.152919962915901,0.226,0.0526666666666667,FALSE,0,"L1",25
"MR-PCA","CR-Euclidean",0.837342120679555,0.129718804920914,0.838977291132132,0.142318331897161,0.205333333333333,0.0436666666666667,FALSE,0,"L1",25
"SPCA","CR-Euclidean",0.846986526069127,0.132768599882835,0.845850631493575,0.152833672841056,0.227,0.0533333333333333,FALSE,0,"L1",25
"IMDS","CR-Euclidean",0.516603397773872,0.00350790861159933,0.510391969840231,0.0075795655498605,0.0386666666666667,0.00166666666666667,FALSE,0,"L1",25
"Int-UMAP","CR-Euclidean",0.803230814294083,0.0486854130052724,0.815935288891673,0.0633286003362378,0.234666666666667,0.0136666666666667,FALSE,0,"L1",25
"C-PCA","Int-Euclidean",0.907047451669596,0.0821066198008202,0.904076174387378,0.0908131958353924,0.315666666666667,0.0866666666666667,FALSE,0,"L2",1
"C-PCA","Hausdorff",0.938902753368483,0.050290568248389,0.930125741440191,0.0615463958833518,0.373333333333333,0.0773333333333334,FALSE,0,"L2",1
"C-PCA","Ichino-Yaguchi",0.895428822495606,0.0970041007615701,0.890412541413725,0.109962343274162,0.298333333333333,0.0713333333333333,FALSE,0,"L2",1
"C-PCA","Wasserstein",0.884402460456942,0.113730521382542,0.880384821986038,0.128177943496642,0.293,0.0763333333333333,FALSE,0,"L2",1
"C-PCA","Centers-Euclidean",0.84327475102519,0.137584065612185,0.839769557694283,0.161312980678226,0.214,0.0553333333333333,FALSE,0,"L2",1
"V-PCA","Int-Euclidean",0.907031634446397,0.081925014645577,0.903591626325657,0.0915410764428925,0.317666666666667,0.088,FALSE,0,"L2",1
"V-PCA","Hausdorff",0.938751611013474,0.0506280023432923,0.930205161530605,0.0613942522102544,0.372666666666667,0.0783333333333333,FALSE,0,"L2",1
"V-PCA","Ichino-Yaguchi",0.895004686584651,0.0976883421206796,0.890557709941735,0.109606953990141,0.299333333333333,0.0753333333333333,FALSE,0,"L2",1
"V-PCA","Wasserstein",0.884461042765085,0.113479789103691,0.880443388795217,0.127902943009219,0.294333333333333,0.0783333333333333,FALSE,0,"L2",1
"V-PCA","Centers-Euclidean",0.8430410076157,0.137871118922085,0.83880140648155,0.163192517842386,0.215666666666667,0.0576666666666667,FALSE,0,"L2",1
"MR-PCA","Int-Euclidean",0.79523374340949,0.159596953719977,0.795597982634829,0.184843346700251,0.162,0.031,FALSE,0,"L2",1
"MR-PCA","Hausdorff",0.776936145284124,0.18381956649092,0.787725761888949,0.193866023482605,0.156,0.0326666666666667,FALSE,0,"L2",1
"MR-PCA","Ichino-Yaguchi",0.802125366139426,0.160182776801406,0.804601999157794,0.182178895008676,0.164,0.04,FALSE,0,"L2",1
"MR-PCA","Wasserstein",0.823550087873462,0.128304628002343,0.822960346142822,0.152357949063249,0.173,0.0386666666666667,FALSE,0,"L2",1
"MR-PCA","Centers-Euclidean",0.84327475102519,0.137584065612185,0.839769557694283,0.161312980678226,0.214,0.0553333333333333,FALSE,0,"L2",1
"SPCA","Int-Euclidean",0.907047451669596,0.0821066198008202,0.904076174387378,0.0908131958353924,0.315666666666667,0.0866666666666667,FALSE,0,"L2",1
"SPCA","Hausdorff",0.938902753368483,0.050290568248389,0.930125741440191,0.0615463958833518,0.373333333333333,0.0773333333333334,FALSE,0,"L2",1
"SPCA","Ichino-Yaguchi",0.895428822495606,0.0970041007615701,0.890412541413725,0.109962343274162,0.298333333333333,0.0713333333333333,FALSE,0,"L2",1
"SPCA","Wasserstein",0.884402460456942,0.113730521382542,0.880384821986038,0.128177943496642,0.293,0.0763333333333333,FALSE,0,"L2",1
"SPCA","Centers-Euclidean",0.84327475102519,0.137584065612185,0.839769557694283,0.161312980678226,0.214,0.0553333333333333,FALSE,0,"L2",1
"IMDS","Int-Euclidean",0.47110661980082,-0.0779273579379027,0.466576030463123,-0.0874897230406075,0.0326666666666667,-0.007,TRUE,0,"L2",1
"IMDS","Hausdorff",0.578858816637376,-0.080133567662566,0.585001192076628,-0.109188535861242,0.0596666666666667,-0.01,TRUE,0,"L2",1
"IMDS","Ichino-Yaguchi",0.546632103104862,-0.0365659050966609,0.550720134028407,-0.0473673191079367,0.049,-0.002,FALSE,0,"L2",1
"IMDS","Wasserstein",0.534677211482132,-0.0336871704745166,0.534672135174274,-0.0433537237541647,0.0506666666666667,-0.000333333333333335,FALSE,0,"L2",1
"IMDS","Centers-Euclidean",0.503490919742238,0.00343643819566497,0.498971586358468,-0.00178312403292491,0.0393333333333333,0.002,FALSE,0,"L2",1
"Int-UMAP","Int-Euclidean",0.777871118922085,0.0853919156414763,0.783181227272441,0.0951880894273934,0.173333333333333,0.0166666666666667,FALSE,0,"L2",1
"Int-UMAP","Hausdorff",0.852746338605741,0.0340949033391916,0.861103585855539,0.0283779160781124,0.304666666666667,0.011,FALSE,0,"L2",1
"Int-UMAP","Ichino-Yaguchi",0.799357352079672,0.0347404803749267,0.816770797208345,0.0333257187807566,0.279,0.00566666666666667,FALSE,0,"L2",1
"Int-UMAP","Wasserstein",0.785605155243117,0.0525647334504979,0.804668445340178,0.0532682258384183,0.252,0.00866666666666666,FALSE,0,"L2",1
"Int-UMAP","Centers-Euclidean",0.706417106033978,0.0441640304628003,0.713408386569956,0.0471640980600853,0.158,0.00866666666666667,FALSE,0,"L2",1
"C-PCA","CR-Euclidean",0.914285295840656,0.075701230228471,0.907701648627392,0.0907363042062881,0.331,0.077,FALSE,0,"L2",1
"V-PCA","CR-Euclidean",0.914069127123609,0.0759882835383714,0.907795996925317,0.090424832161291,0.332,0.0766666666666667,FALSE,0,"L2",1
"MR-PCA","CR-Euclidean",0.790467486818981,0.173031048623316,0.795146950885982,0.189521936589506,0.159333333333333,0.0326666666666667,FALSE,0,"L2",1
"SPCA","CR-Euclidean",0.914285295840656,0.075701230228471,0.907701648627392,0.0907363042062881,0.331,0.077,FALSE,0,"L2",1
"IMDS","CR-Euclidean",0.560520210896309,-0.0624862331575864,0.565686923986347,-0.0799100868719126,0.0526666666666667,-0.00266666666666667,FALSE,0,"L2",1
"Int-UMAP","CR-Euclidean",0.821628588166374,0.0302448740480374,0.837115676567581,0.027886364470252,0.287666666666667,0.002,FALSE,0,"L2",1
"C-PCA","Int-Euclidean",0.897231985940246,0.0819859402460458,0.895026388416178,0.0967362538519888,0.321,0.069,FALSE,0,"L2",2
"C-PCA","Hausdorff",0.933511423550088,0.0487404803749267,0.926620902591604,0.0600284778125601,0.351666666666667,0.06,FALSE,0,"L2",2
"C-PCA","Ichino-Yaguchi",0.886429994141769,0.0958453427065027,0.882434732461314,0.112015188269045,0.292,0.0573333333333333,FALSE,0,"L2",2
"C-PCA","Wasserstein",0.876708845928529,0.115493848857645,0.873185123589869,0.132283552121229,0.283666666666667,0.06,FALSE,0,"L2",2
"C-PCA","Centers-Euclidean",0.831073227885179,0.145211482132396,0.830194750625706,0.161491815200336,0.211,0.0523333333333333,FALSE,0,"L2",2
"V-PCA","Int-Euclidean",0.897029291154071,0.0821405975395431,0.895308746311509,0.0960987822396088,0.321,0.068,FALSE,0,"L2",2
"V-PCA","Hausdorff",0.93370474516696,0.0484381956649091,0.927029471695894,0.0592791735999778,0.353,0.06,FALSE,0,"L2",2
"V-PCA","Ichino-Yaguchi",0.886178676039836,0.0956449912126538,0.881943035010208,0.112448649744859,0.29,0.0556666666666667,FALSE,0,"L2",2
"V-PCA","Wasserstein",0.876495020503808,0.115743409490334,0.873511654333701,0.131579617439352,0.283,0.0603333333333333,FALSE,0,"L2",2
"V-PCA","Centers-Euclidean",0.831039835969537,0.145390743995313,0.830290938851305,0.161496195103259,0.211666666666667,0.0533333333333333,FALSE,0,"L2",2
"MR-PCA","Int-Euclidean",0.782843585237258,0.160288224956063,0.788400317600532,0.180107408176709,0.162666666666667,0.0263333333333333,FALSE,0,"L2",2
"MR-PCA","Hausdorff",0.789072642062097,0.148842413591096,0.807992989699015,0.146541026549151,0.175,0.0213333333333333,FALSE,0,"L2",2
"MR-PCA","Ichino-Yaguchi",0.793881663737551,0.160318687756298,0.803265460957533,0.169676597977569,0.172666666666667,0.038,FALSE,0,"L2",2
"MR-PCA","Wasserstein",0.814701816051552,0.132874048037493,0.81913444874247,0.148519991961734,0.183666666666667,0.0373333333333333,FALSE,0,"L2",2
"MR-PCA","Centers-Euclidean",0.831073227885179,0.145211482132396,0.830194750625706,0.161491815200336,0.211,0.0523333333333333,FALSE,0,"L2",2
"SPCA","Int-Euclidean",0.897231985940246,0.0819859402460458,0.895026388416178,0.0967362538519888,0.321,0.069,FALSE,0,"L2",2
"SPCA","Hausdorff",0.933511423550088,0.0487404803749267,0.926620902591604,0.0600284778125601,0.351666666666667,0.06,FALSE,0,"L2",2
"SPCA","Ichino-Yaguchi",0.886429994141769,0.0958453427065027,0.882434732461314,0.112015188269045,0.292,0.0573333333333333,FALSE,0,"L2",2
"SPCA","Wasserstein",0.876708845928529,0.115493848857645,0.873185123589869,0.132283552121229,0.283666666666667,0.06,FALSE,0,"L2",2
"SPCA","Centers-Euclidean",0.831073227885179,0.145211482132396,0.830194750625706,0.161491815200336,0.211,0.0523333333333333,FALSE,0,"L2",2
"IMDS","Int-Euclidean",0.517628588166374,-0.039369654364382,0.498985615711033,-0.0359426654894814,0.0393333333333333,0.000666666666666666,TRUE,0,"L2",2
"IMDS","Hausdorff",0.559655536028119,-0.0804007029876977,0.566954255728915,-0.103695956442303,0.053,-0.00233333333333333,TRUE,0,"L2",2
"IMDS","Ichino-Yaguchi",0.538496777973052,-0.0541980082015232,0.536939236177476,-0.0635748958026775,0.0453333333333333,0.003,FALSE,0,"L2",2
"IMDS","Wasserstein",0.526304042179262,-0.0303608670181605,0.525535411277183,-0.0359891603159609,0.041,0.003,FALSE,0,"L2",2
"IMDS","Centers-Euclidean",0.50219273579379,-0.00255067369654371,0.497585991863789,0.0109312459634043,0.0326666666666667,0.00766666666666667,FALSE,0,"L2",2
"Int-UMAP","Int-Euclidean",0.733992970123023,0.0119554774458114,0.743745990654058,0.0368167869566399,0.154666666666667,0.0153333333333333,FALSE,0,"L2",2
"Int-UMAP","Hausdorff",0.811586994727592,0.0131353251318101,0.831896154082928,0.027757012258355,0.256333333333333,0.00666666666666667,FALSE,0,"L2",2
"Int-UMAP","Ichino-Yaguchi",0.757660222612771,0.00213473930872876,0.785516278178642,0.0290488395253002,0.237333333333333,0.0156666666666667,FALSE,0,"L2",2
"Int-UMAP","Wasserstein",0.745165787932045,0.0188400702987698,0.769644746580475,0.0372336468656061,0.221333333333333,0.00966666666666667,FALSE,0,"L2",2
"Int-UMAP","Centers-Euclidean",0.661376098418278,0.0205096660808436,0.679295187955866,0.0307600183179115,0.127,-0.00433333333333333,FALSE,0,"L2",2
"C-PCA","CR-Euclidean",0.908414176918571,0.0762167545401289,0.903285110648199,0.0910431322953286,0.315666666666667,0.06,FALSE,0,"L2",2
"V-PCA","CR-Euclidean",0.908316344463972,0.076257762155829,0.903019985283649,0.0915075939042436,0.316,0.062,FALSE,0,"L2",2
"MR-PCA","CR-Euclidean",0.78673345049795,0.165790275336848,0.800989247821908,0.167108944750434,0.172333333333333,0.025,FALSE,0,"L2",2
"SPCA","CR-Euclidean",0.908414176918571,0.0762167545401289,0.903285110648199,0.0910431322953286,0.315666666666667,0.06,FALSE,0,"L2",2
"IMDS","CR-Euclidean",0.545939660222613,-0.0647978910369069,0.548831479358652,-0.0820961113124772,0.0483333333333333,-0.00166666666666667,FALSE,0,"L2",2
"Int-UMAP","CR-Euclidean",0.783054481546573,-0.000684241359109605,0.808130872205547,0.0277177067362539,0.248333333333333,0.00900000000000001,FALSE,0,"L2",2
"C-PCA","Int-Euclidean",0.89665143526655,0.0904768599882836,0.89111814715215,0.106563927008987,0.307666666666667,0.067,FALSE,0,"L2",3
"C-PCA","Hausdorff",0.93468014059754,0.0457469244288226,0.929701554827158,0.0545070690220811,0.342,0.0676666666666667,FALSE,0,"L2",3
"C-PCA","Ichino-Yaguchi",0.891475102519039,0.0899074399531341,0.889956728309233,0.0979937143096633,0.291666666666667,0.063,FALSE,0,"L2",3
"C-PCA","Wasserstein",0.88009021675454,0.11311072056239,0.880682939395377,0.119891848790338,0.281333333333333,0.056,FALSE,0,"L2",3
"C-PCA","Centers-Euclidean",0.834183948447569,0.146033977738723,0.831741424378819,0.165218714973634,0.215333333333333,0.0386666666666667,FALSE,0,"L2",3
"V-PCA","Int-Euclidean",0.896251318101933,0.0909818394844757,0.89116199377234,0.106186263623486,0.309,0.0663333333333333,FALSE,0,"L2",3
"V-PCA","Hausdorff",0.934601640304628,0.0458195664909198,0.929884981108694,0.0540123472426339,0.341666666666667,0.069,FALSE,0,"L2",3
"V-PCA","Ichino-Yaguchi",0.890968365553603,0.0902952548330405,0.889720205107799,0.0978915488138108,0.290333333333333,0.0636666666666667,FALSE,0,"L2",3
"V-PCA","Wasserstein",0.879966022261277,0.112956063268893,0.880010061648707,0.120953999044804,0.281,0.0573333333333333,FALSE,0,"L2",3
"V-PCA","Centers-Euclidean",0.834207967193907,0.145850029291154,0.832568757797816,0.163415232758911,0.217333333333333,0.0413333333333333,FALSE,0,"L2",3
"MR-PCA","Int-Euclidean",0.783818980667838,0.155902753368483,0.785765474390464,0.180069960236991,0.162666666666667,0.0293333333333333,FALSE,0,"L2",3
"MR-PCA","Hausdorff",0.772787932044523,0.165864089045108,0.792358059597077,0.169697378337181,0.158666666666667,0.022,FALSE,0,"L2",3
"MR-PCA","Ichino-Yaguchi",0.786723491505565,0.168650263620387,0.792598624959183,0.18730143941142,0.159333333333333,0.033,FALSE,0,"L2",3
"MR-PCA","Wasserstein",0.810613942589338,0.133630931458699,0.813400565534048,0.15492151407395,0.17,0.0293333333333333,FALSE,0,"L2",3
"MR-PCA","Centers-Euclidean",0.834183948447569,0.146033977738723,0.831741424378819,0.165218714973634,0.215333333333333,0.0386666666666667,FALSE,0,"L2",3
"SPCA","Int-Euclidean",0.89665143526655,0.0904768599882836,0.89111814715215,0.106563927008987,0.307666666666667,0.067,FALSE,0,"L2",3
"SPCA","Hausdorff",0.93468014059754,0.0457469244288226,0.929701554827158,0.0545070690220811,0.342,0.0676666666666667,FALSE,0,"L2",3
"SPCA","Ichino-Yaguchi",0.891475102519039,0.0899074399531341,0.889956728309233,0.0979937143096633,0.291666666666667,0.063,FALSE,0,"L2",3
"SPCA","Wasserstein",0.88009021675454,0.11311072056239,0.880682939395377,0.119891848790338,0.281333333333333,0.056,FALSE,0,"L2",3
"SPCA","Centers-Euclidean",0.834183948447569,0.146033977738723,0.831741424378819,0.165218714973634,0.215333333333333,0.0386666666666667,FALSE,0,"L2",3
"IMDS","Int-Euclidean",0.478678383128295,-0.0418465143526654,0.479552892969634,-0.0414902400932906,0.0306666666666667,0.00166666666666667,FALSE,0,"L2",3
"IMDS","Hausdorff",0.578566490919742,-0.096605741066198,0.582272953155303,-0.122388887788668,0.0643333333333333,-0.000666666666666666,TRUE,0,"L2",3
"IMDS","Ichino-Yaguchi",0.5512460456942,-0.0355559461042766,0.548611267572768,-0.0410582124868529,0.05,0.003,FALSE,0,"L2",3
"IMDS","Wasserstein",0.536854130052724,-0.0305377855887521,0.537179684864987,-0.0383281175183375,0.054,0.001,FALSE,0,"L2",3
"IMDS","Centers-Euclidean",0.508243116578793,-0.00598828353837144,0.51005530222328,0.00197316085143595,0.0416666666666667,0.00133333333333333,FALSE,0,"L2",3
"Int-UMAP","Int-Euclidean",0.799488576449912,0.099834797891037,0.797297033410231,0.117858821589651,0.194333333333333,0.033,FALSE,0,"L2",3
"Int-UMAP","Hausdorff",0.861718804920914,0.046448740480375,0.868180297713654,0.0470449333826437,0.289333333333333,0.0113333333333333,FALSE,0,"L2",3
"Int-UMAP","Ichino-Yaguchi",0.810957820738137,0.0345623901581723,0.821462799302961,0.0452376009062546,0.268333333333333,0.0176666666666667,FALSE,0,"L2",3
"Int-UMAP","Wasserstein",0.789707674282367,0.0642495606326889,0.803959155140828,0.0689731407404201,0.247333333333333,0.014,FALSE,0,"L2",3
"Int-UMAP","Centers-Euclidean",0.694261862917399,0.0423186877562977,0.699326764553582,0.0471943305971605,0.148666666666667,0.00633333333333334,FALSE,0,"L2",3
"C-PCA","CR-Euclidean",0.911509666080844,0.0694165202108963,0.908911921119376,0.0791074408762999,0.312333333333333,0.075,FALSE,0,"L2",3
"V-PCA","CR-Euclidean",0.911285295840656,0.0695934387814879,0.908814081794725,0.0790966638280965,0.311333333333333,0.0753333333333333,FALSE,0,"L2",3
"MR-PCA","CR-Euclidean",0.776318101933216,0.173423550087874,0.787577920591577,0.185971342877008,0.155666666666667,0.0326666666666667,FALSE,0,"L2",3
"SPCA","CR-Euclidean",0.911509666080844,0.0694165202108963,0.908911921119376,0.0791074408762999,0.312333333333333,0.075,FALSE,0,"L2",3
"IMDS","CR-Euclidean",0.55965553602812,-0.064414762741652,0.563169535249775,-0.0792191230276812,0.0566666666666667,0.00433333333333333,TRUE,0,"L2",3
"Int-UMAP","CR-Euclidean",0.834416520210896,0.0411118922085529,0.845186599523507,0.0500216584894662,0.277333333333333,0.0183333333333333,FALSE,0,"L2",3
"C-PCA","Int-Euclidean",0.894501464557704,0.0941089630931459,0.899265694613763,0.0943924807521458,0.320666666666667,0.068,FALSE,0,"L2",4
"C-PCA","Hausdorff",0.933950205038078,0.0541780902167546,0.929078414232581,0.0601262802926015,0.349666666666667,0.071,FALSE,0,"L2",4
"C-PCA","Ichino-Yaguchi",0.883373169302871,0.101223198594025,0.885683955692515,0.103623217507699,0.279333333333333,0.0533333333333333,FALSE,0,"L2",4
"C-PCA","Wasserstein",0.87514352665495,0.119034563561804,0.879109999273854,0.122653034468285,0.276666666666667,0.0563333333333333,FALSE,0,"L2",4
"C-PCA","Centers-Euclidean",0.841178090216754,0.136439367311072,0.843387221644734,0.149667365332569,0.218,0.0466666666666667,FALSE,0,"L2",4
"V-PCA","Int-Euclidean",0.894667838312829,0.0937504393673111,0.899148331484194,0.0946644538408433,0.322666666666667,0.07,FALSE,0,"L2",4
"V-PCA","Hausdorff",0.93372114821324,0.0546596367896894,0.929069051096258,0.0602057817481938,0.349333333333333,0.07,FALSE,0,"L2",4
"V-PCA","Ichino-Yaguchi",0.883853544229643,0.100227299355595,0.885837369737035,0.103345588771483,0.279,0.0546666666666667,FALSE,0,"L2",4
"V-PCA","Wasserstein",0.875329232571763,0.118501464557704,0.878881882016499,0.123126779383538,0.276333333333333,0.0553333333333333,FALSE,0,"L2",4
"V-PCA","Centers-Euclidean",0.841169888693615,0.136504979496192,0.842761822015053,0.150920605547294,0.217,0.048,FALSE,0,"L2",4
"MR-PCA","Int-Euclidean",0.788765084944347,0.150549502050381,0.798284815891326,0.165990623353986,0.165666666666667,0.0373333333333333,FALSE,0,"L2",4
"MR-PCA","Hausdorff",0.7743690685413,0.166493263034564,0.790040116871101,0.173896796407282,0.16,0.015,FALSE,0,"L2",4
"MR-PCA","Ichino-Yaguchi",0.794300527240773,0.159703573520797,0.800601221122462,0.17697516504466,0.168333333333333,0.0376666666666667,FALSE,0,"L2",4
"MR-PCA","Wasserstein",0.818480374926772,0.124679554774458,0.823236347575463,0.141882569168462,0.186333333333333,0.0343333333333333,FALSE,0,"L2",4
"MR-PCA","Centers-Euclidean",0.841178090216754,0.136439367311072,0.843387221644734,0.149667365332569,0.218,0.0466666666666667,FALSE,0,"L2",4
"SPCA","Int-Euclidean",0.894501464557704,0.0941089630931459,0.899265694613763,0.0943924807521458,0.320666666666667,0.068,FALSE,0,"L2",4
"SPCA","Hausdorff",0.933950205038078,0.0541780902167546,0.929078414232581,0.0601262802926015,0.349666666666667,0.071,FALSE,0,"L2",4
"SPCA","Ichino-Yaguchi",0.883373169302871,0.101223198594025,0.885683955692515,0.103623217507699,0.279333333333333,0.0533333333333333,FALSE,0,"L2",4
"SPCA","Wasserstein",0.87514352665495,0.119034563561804,0.879109999273854,0.122653034468285,0.276666666666667,0.0563333333333333,FALSE,0,"L2",4
"SPCA","Centers-Euclidean",0.841178090216754,0.136439367311072,0.843387221644734,0.149667365332569,0.218,0.0466666666666667,FALSE,0,"L2",4
"IMDS","Int-Euclidean",0.48977035735208,-0.066804920913884,0.486389720323318,-0.0832426955945975,0.0296666666666667,-0.00333333333333333,FALSE,0,"L2",4
"IMDS","Hausdorff",0.575091974223784,-0.0942261277094317,0.58499259653633,-0.112196274917894,0.0556666666666667,-0.00133333333333334,FALSE,0,"L2",4
"IMDS","Ichino-Yaguchi",0.544728178090217,-0.0473169302870533,0.552059662782784,-0.0494197572769255,0.0483333333333333,0.00366666666666667,FALSE,0,"L2",4
"IMDS","Wasserstein",0.535228471001757,-0.0350872876391329,0.535134005379006,-0.0372668223658446,0.0466666666666667,0.000333333333333335,FALSE,0,"L2",4
"IMDS","Centers-Euclidean",0.511402460456942,-0.0116250732278852,0.505737763406333,-0.0182844842898425,0.0333333333333333,-0.000666666666666668,FALSE,0,"L2",4
"Int-UMAP","Int-Euclidean",0.758342706502636,0.0861382542472174,0.766130376492034,0.09058212486853,0.165,0.0116666666666667,FALSE,0,"L2",4
"Int-UMAP","Hausdorff",0.815571763327475,0.062904510837727,0.827120474810338,0.0678837316158833,0.232,0.0173333333333333,FALSE,0,"L2",4
"Int-UMAP","Ichino-Yaguchi",0.769507908611599,0.0343222026947861,0.783002371257643,0.0591472238431292,0.222333333333333,0.0253333333333333,FALSE,0,"L2",4
"Int-UMAP","Wasserstein",0.75399179847686,0.0514282366725249,0.769041391541061,0.0703432259573957,0.206,0.0113333333333333,FALSE,0,"L2",4
"Int-UMAP","Centers-Euclidean",0.684676625659051,0.0270521382542472,0.683244459530265,0.0298738486635309,0.13,0.008,FALSE,0,"L2",4
"C-PCA","CR-Euclidean",0.906707088459285,0.0804534270650263,0.906604105287769,0.0855569177826361,0.313,0.0646666666666667,FALSE,0,"L2",4
"V-PCA","CR-Euclidean",0.906865846514353,0.0800538957234915,0.906166323013926,0.0863577368997073,0.312,0.064,FALSE,0,"L2",4
"MR-PCA","CR-Euclidean",0.784678383128295,0.168646748681898,0.794654258630427,0.179277814955012,0.169666666666667,0.0273333333333333,FALSE,0,"L2",4
"SPCA","CR-Euclidean",0.906707088459285,0.0804534270650263,0.906604105287769,0.0855569177826361,0.313,0.0646666666666667,FALSE,0,"L2",4
"IMDS","CR-Euclidean",0.561840656121851,-0.0700550673696543,0.568487858089303,-0.0777909369323148,0.0573333333333333,0.00133333333333333,FALSE,0,"L2",4
"Int-UMAP","CR-Euclidean",0.789087287639133,0.0482108963093146,0.803777620983496,0.0672747685199045,0.227,0.02,FALSE,0,"L2",4
"C-PCA","Int-Euclidean",0.905519625073228,0.0802179261862918,0.902007163052594,0.0906342185404223,0.308333333333333,0.072,FALSE,0,"L2",5
"C-PCA","Hausdorff",0.939428236672525,0.0450872876391329,0.934244010793628,0.0521191069542204,0.360666666666667,0.0793333333333333,FALSE,0,"L2",5
"C-PCA","Ichino-Yaguchi",0.893492677211482,0.0935184534270651,0.895064659986432,0.097922639523243,0.304666666666667,0.0756666666666667,FALSE,0,"L2",5
"C-PCA","Wasserstein",0.882198594024605,0.113015817223199,0.885219319839302,0.116642445941666,0.292333333333333,0.07,FALSE,0,"L2",5
"C-PCA","Centers-Euclidean",0.84196719390744,0.136967779730521,0.843251641158683,0.150971231575585,0.222333333333333,0.0523333333333333,FALSE,0,"L2",5
"V-PCA","Int-Euclidean",0.905474516695958,0.0804159343878149,0.901021695641114,0.0927884000274492,0.308333333333333,0.0743333333333333,FALSE,0,"L2",5
"V-PCA","Hausdorff",0.939336848271822,0.045211482132396,0.934411757391144,0.0518640823857744,0.362,0.0793333333333333,FALSE,0,"L2",5
"V-PCA","Ichino-Yaguchi",0.893943760984183,0.0929935559461043,0.894477174994853,0.0993407102381804,0.303666666666667,0.074,FALSE,0,"L2",5
"V-PCA","Wasserstein",0.882562975981254,0.112390158172232,0.885167780371741,0.116801823439711,0.290666666666667,0.0683333333333333,FALSE,0,"L2",5
"V-PCA","Centers-Euclidean",0.842412419449326,0.136189806678383,0.842693492919617,0.152155607680443,0.221666666666667,0.0536666666666667,FALSE,0,"L2",5
"MR-PCA","Int-Euclidean",0.793517281780902,0.1520820152314,0.796747645744609,0.174309244174292,0.156333333333333,0.043,FALSE,0,"L2",5
"MR-PCA","Hausdorff",0.759084944346807,0.191700058582308,0.765630841885504,0.220057278015451,0.141,0.0306666666666667,FALSE,0,"L2",5
"MR-PCA","Ichino-Yaguchi",0.791587580550674,0.164487404803749,0.793375102071082,0.189551410741708,0.156333333333333,0.0386666666666667,FALSE,0,"L2",5
"MR-PCA","Wasserstein",0.81686877562976,0.129988283538371,0.817606984847501,0.151425533283501,0.172,0.0376666666666667,FALSE,0,"L2",5
"MR-PCA","Centers-Euclidean",0.84196719390744,0.136967779730521,0.843251641158683,0.150971231575585,0.222333333333333,0.0523333333333333,FALSE,0,"L2",5
"SPCA","Int-Euclidean",0.905519625073228,0.0802179261862918,0.902007163052594,0.0906342185404223,0.308333333333333,0.072,FALSE,0,"L2",5
"SPCA","Hausdorff",0.939428236672525,0.0450872876391329,0.934244010793628,0.0521191069542204,0.360666666666667,0.0793333333333333,FALSE,0,"L2",5
"SPCA","Ichino-Yaguchi",0.893492677211482,0.0935184534270651,0.895064659986432,0.097922639523243,0.304666666666667,0.0756666666666667,FALSE,0,"L2",5
"SPCA","Wasserstein",0.882198594024605,0.113015817223199,0.885219319839302,0.116642445941666,0.292333333333333,0.07,FALSE,0,"L2",5
"SPCA","Centers-Euclidean",0.84196719390744,0.136967779730521,0.843251641158683,0.150971231575585,0.222333333333333,0.0523333333333333,FALSE,0,"L2",5
"IMDS","Int-Euclidean",0.501555946104276,-0.0821066198008201,0.492718711519452,-0.0984543440792172,0.037,-0.007,FALSE,0,"L2",5
"IMDS","Hausdorff",0.560719976567077,-0.0567158758055069,0.565630567853723,-0.0801876910450559,0.0513333333333333,0.00166666666666667,TRUE,0,"L2",5
"IMDS","Ichino-Yaguchi",0.535349736379613,-0.0390228471001759,0.535222063227499,-0.0424072271929182,0.0436666666666667,0.00433333333333333,FALSE,0,"L2",5
"IMDS","Wasserstein",0.525005858230814,-0.0174540128881078,0.523112453738906,-0.0274685051512601,0.0416666666666667,0.005,TRUE,0,"L2",5
"IMDS","Centers-Euclidean",0.505781487990627,0.0040386643233743,0.49736665206699,0.0109921547080579,0.037,0.004,FALSE,0,"L2",5
"Int-UMAP","Int-Euclidean",0.719977152899824,0.0366549502050382,0.737672357163045,0.0620069842027203,0.145333333333333,0.025,FALSE,0,"L2",5
"Int-UMAP","Hausdorff",0.808067955477446,0.0214973637961335,0.827643032692068,0.0261096022731896,0.256333333333333,0.0156666666666667,FALSE,0,"L2",5
"Int-UMAP","Ichino-Yaguchi",0.760298769771529,0.000274165202108989,0.789164653646089,0.0235198714491583,0.247,0.016,FALSE,0,"L2",5
"Int-UMAP","Wasserstein",0.736772114821324,0.0198359695371998,0.766990803278495,0.0291230215404332,0.226333333333333,0.0156666666666667,FALSE,0,"L2",5
"Int-UMAP","Centers-Euclidean",0.6546309314587,0.0141546572934973,0.668139025610534,0.00587307523377523,0.137333333333333,-0.009,FALSE,0,"L2",5
"C-PCA","CR-Euclidean",0.915280023432923,0.0728635032220271,0.913484416188723,0.0787289653742038,0.333333333333333,0.083,FALSE,0,"L2",5
"V-PCA","CR-Euclidean",0.915777973052138,0.0719214997070885,0.913576110907186,0.0785948064759927,0.332333333333333,0.0846666666666667,FALSE,0,"L2",5
"MR-PCA","CR-Euclidean",0.778442296426479,0.178628002343292,0.780203301645434,0.205488758325922,0.151,0.0373333333333333,FALSE,0,"L2",5
"SPCA","CR-Euclidean",0.915280023432923,0.0728635032220271,0.913484416188723,0.0787289653742038,0.333333333333333,0.083,FALSE,0,"L2",5
"IMDS","CR-Euclidean",0.545355008787346,-0.0467100175746924,0.549108380413835,-0.0603115334526791,0.0426666666666667,-0.000333333333333331,FALSE,0,"L2",5
"Int-UMAP","CR-Euclidean",0.780833626244874,0.00846280023432922,0.805675514439019,0.0258339508643361,0.254666666666667,0.0206666666666667,FALSE,0,"L2",5
"C-PCA","Int-Euclidean",0.899232571763327,0.0835407147041594,0.896417831224977,0.0951606770381171,0.306333333333333,0.0746666666666667,FALSE,0,"L2",6
"C-PCA","Hausdorff",0.933381370826011,0.0502378441710604,0.926561716332432,0.0582370929112046,0.348,0.0613333333333333,FALSE,0,"L2",6
"C-PCA","Ichino-Yaguchi",0.884246631517282,0.0982202694786174,0.881126390365872,0.110676717261991,0.289,0.0486666666666667,FALSE,0,"L2",6
"C-PCA","Wasserstein",0.874472759226714,0.121039250146456,0.872591924613473,0.132154207585292,0.276333333333333,0.0556666666666667,FALSE,0,"L2",6
"C-PCA","Centers-Euclidean",0.831561218512009,0.144760398359695,0.835895019268963,0.155558437622767,0.223333333333333,0.0413333333333333,FALSE,0,"L2",6
"V-PCA","Int-Euclidean",0.89922964264792,0.0834176918570592,0.896434019825163,0.0950588016935625,0.305666666666667,0.0743333333333333,FALSE,0,"L2",6
"V-PCA","Hausdorff",0.933600468658465,0.0497738722905683,0.926577571795943,0.0581919858983399,0.348,0.0626666666666667,FALSE,0,"L2",6
"V-PCA","Ichino-Yaguchi",0.883985940246046,0.0986736965436439,0.881248634638569,0.110391490860311,0.289,0.0483333333333333,FALSE,0,"L2",6
"V-PCA","Wasserstein",0.874349736379613,0.121247803163445,0.872596586991734,0.132161294031803,0.277333333333333,0.0576666666666667,FALSE,0,"L2",6
"V-PCA","Centers-Euclidean",0.830124780316345,0.147499707088459,0.835814754055325,0.155623862902437,0.223333333333333,0.0393333333333333,FALSE,0,"L2",6
"MR-PCA","Int-Euclidean",0.776710603397774,0.168603397773872,0.785416886007231,0.176943735057784,0.167,0.0226666666666667,FALSE,0,"L2",6
"MR-PCA","Hausdorff",0.756100175746924,0.182508494434681,0.76775865875183,0.197643236105015,0.141333333333333,0.0313333333333333,FALSE,0,"L2",6
"MR-PCA","Ichino-Yaguchi",0.784257176332747,0.169297012302285,0.788831483964228,0.184542897334185,0.164666666666667,0.0336666666666667,FALSE,0,"L2",6
"MR-PCA","Wasserstein",0.809861159929701,0.135572349150556,0.814309653302973,0.146140622363787,0.180333333333333,0.0276666666666667,FALSE,0,"L2",6
"MR-PCA","Centers-Euclidean",0.831561218512009,0.144760398359695,0.835895019268963,0.155558437622767,0.223333333333333,0.0413333333333333,FALSE,0,"L2",6
"SPCA","Int-Euclidean",0.899232571763327,0.0835407147041594,0.896417831224977,0.0951606770381171,0.306333333333333,0.0746666666666667,FALSE,0,"L2",6
"SPCA","Hausdorff",0.933381370826011,0.0502378441710604,0.926561716332432,0.0582370929112046,0.348,0.0613333333333333,FALSE,0,"L2",6
"SPCA","Ichino-Yaguchi",0.884246631517282,0.0982202694786174,0.881126390365872,0.110676717261991,0.289,0.0486666666666667,FALSE,0,"L2",6
"SPCA","Wasserstein",0.874472759226714,0.121039250146456,0.872591924613473,0.132154207585292,0.276333333333333,0.0556666666666667,FALSE,0,"L2",6
"SPCA","Centers-Euclidean",0.831561218512009,0.144760398359695,0.835895019268963,0.155558437622767,0.223333333333333,0.0413333333333333,FALSE,0,"L2",6
"IMDS","Int-Euclidean",0.491902167545401,-0.0832888107791447,0.488332660919215,-0.104144654699231,0.0333333333333333,-0.00333333333333333,FALSE,0,"L2",6
"IMDS","Hausdorff",0.566416180433509,-0.0730938254247217,0.576664263630548,-0.105493513736822,0.0543333333333333,-0.003,TRUE,1.17164616297849e-06,"L2",6
"IMDS","Ichino-Yaguchi",0.547654950205038,-0.0387100175746924,0.549384943726768,-0.0586191285236687,0.0443333333333333,0.000666666666666666,FALSE,0,"L2",6
"IMDS","Wasserstein",0.532136496777973,-0.019635618043351,0.530950068185555,-0.0381647101411563,0.044,-0.00466666666666667,FALSE,0,"L2",6
"IMDS","Centers-Euclidean",0.506288224956063,0.00578324545987108,0.505402731536514,-0.00477370578320663,0.0286666666666667,-0.000666666666666668,FALSE,0,"L2",6
"Int-UMAP","Int-Euclidean",0.752476274165202,0.0436895137668424,0.757141681953341,0.078623821605771,0.173666666666667,0.018,FALSE,0,"L2",6
"Int-UMAP","Hausdorff",0.828441124780316,0.0228412419449326,0.838138386970641,0.0292297849364807,0.254333333333333,0.017,FALSE,0,"L2",6
"Int-UMAP","Ichino-Yaguchi",0.778509666080844,0.00499589923843002,0.798600324723823,0.0237651490832677,0.238333333333333,0.0123333333333333,FALSE,0,"L2",6
"Int-UMAP","Wasserstein",0.763132396016403,0.0272841241944932,0.782010708578638,0.0439516488192915,0.221,0.00733333333333333,FALSE,0,"L2",6
"Int-UMAP","Centers-Euclidean",0.677161687170475,0.00878617457527819,0.688264678777183,0.013824121950744,0.146666666666667,0.00233333333333333,FALSE,0,"L2",6
"C-PCA","CR-Euclidean",0.907755125951963,0.0786080843585237,0.903710909212887,0.0881352528760672,0.313666666666667,0.063,FALSE,0,"L2",6
"V-PCA","CR-Euclidean",0.907500292911541,0.079129466900996,0.903491340672472,0.0885292491698065,0.312333333333333,0.0633333333333333,FALSE,0,"L2",6
"MR-PCA","CR-Euclidean",0.773787346221441,0.178536613942589,0.779513710262897,0.193092948356293,0.154,0.0403333333333333,FALSE,0,"L2",6
"SPCA","CR-Euclidean",0.907755125951963,0.0786080843585237,0.903710909212887,0.0881352528760672,0.313666666666667,0.063,FALSE,0,"L2",6
"IMDS","CR-Euclidean",0.555335676625659,-0.0558500292911541,0.561691801598534,-0.0805984854102256,0.0526666666666667,0.00233333333333333,TRUE,0,"L2",6
"Int-UMAP","CR-Euclidean",0.801078500292911,0.0146608084358523,0.819219086950668,0.0331160929116652,0.248,0.0106666666666667,FALSE,0,"L2",6
"C-PCA","Int-Euclidean",0.895886936145284,0.0885635618043351,0.894675725988483,0.0974352636377635,0.292333333333333,0.0673333333333333,FALSE,0,"L2",7
"C-PCA","Hausdorff",0.935436438195665,0.0446444053895723,0.929836234155475,0.0548931636823301,0.36,0.0593333333333333,FALSE,0,"L2",7
"C-PCA","Ichino-Yaguchi",0.889175746924429,0.0923362624487405,0.887196039265914,0.100418011303005,0.291,0.0486666666666667,FALSE,0,"L2",7
"C-PCA","Wasserstein",0.879469830111306,0.112647920328061,0.879378572679753,0.123601367119226,0.286,0.052,FALSE,0,"L2",7
"C-PCA","Centers-Euclidean",0.836722905682484,0.14298769771529,0.83325392859484,0.165227006545905,0.210333333333333,0.057,FALSE,0,"L2",7
"V-PCA","Int-Euclidean",0.896745166959578,0.0869267721148214,0.895610777692984,0.0954980907584048,0.297666666666667,0.074,FALSE,0,"L2",7
"V-PCA","Hausdorff",0.935833040421793,0.0438301113063855,0.930394416936361,0.0537751953800544,0.357666666666667,0.06,FALSE,0,"L2",7
"V-PCA","Ichino-Yaguchi",0.889599297012302,0.0919390743995313,0.888147504476236,0.0989164138589156,0.292666666666667,0.05,FALSE,0,"L2",7
"V-PCA","Wasserstein",0.879427650849443,0.112701816051552,0.879877216107296,0.122621719620814,0.287,0.0563333333333333,FALSE,0,"L2",7
"V-PCA","Centers-Euclidean",0.836561218512009,0.143397773872291,0.834479029506852,0.162865781382818,0.21,0.0553333333333333,FALSE,0,"L2",7
"MR-PCA","Int-Euclidean",0.785698301113064,0.158569420035149,0.785494504549772,0.190090178716312,0.149333333333333,0.0486666666666667,FALSE,0,"L2",7
"MR-PCA","Hausdorff",0.771746338605741,0.166695957820738,0.783990925172744,0.18708889667743,0.156666666666667,0.0313333333333333,FALSE,0,"L2",7
"MR-PCA","Ichino-Yaguchi",0.790984182776801,0.160007029876977,0.791545609097425,0.194789900524161,0.162,0.048,FALSE,0,"L2",7
"MR-PCA","Wasserstein",0.813959578207381,0.125882835383714,0.813350810727247,0.158647960965593,0.173666666666667,0.048,FALSE,0,"L2",7
"MR-PCA","Centers-Euclidean",0.836722905682484,0.14298769771529,0.83325392859484,0.165227006545905,0.210333333333333,0.057,FALSE,0,"L2",7
"SPCA","Int-Euclidean",0.895886936145284,0.0885635618043351,0.894675725988483,0.0974352636377635,0.292333333333333,0.0673333333333333,FALSE,0,"L2",7
"SPCA","Hausdorff",0.935436438195665,0.0446444053895723,0.929836234155475,0.0548931636823301,0.36,0.0593333333333333,FALSE,0,"L2",7
"SPCA","Ichino-Yaguchi",0.889175746924429,0.0923362624487405,0.887196039265914,0.100418011303005,0.291,0.0486666666666667,FALSE,0,"L2",7
"SPCA","Wasserstein",0.879469830111306,0.112647920328061,0.879378572679753,0.123601367119226,0.286,0.052,FALSE,0,"L2",7
"SPCA","Centers-Euclidean",0.836722905682484,0.14298769771529,0.83325392859484,0.165227006545905,0.210333333333333,0.057,FALSE,0,"L2",7
"IMDS","Int-Euclidean",0.484687756297598,-0.036845928529584,0.475242039146476,-0.0376956368153178,0.038,0.005,FALSE,0,"L2",7
"IMDS","Hausdorff",0.557014059753954,-0.07599179847686,0.567306506312786,-0.12255789247607,0.0583333333333333,-0.01,FALSE,0,"L2",7
"IMDS","Ichino-Yaguchi",0.541206795547745,-0.0446865846514353,0.53974236867545,-0.0653359376331299,0.052,-0.006,FALSE,0,"L2",7
"IMDS","Wasserstein",0.521391915641476,-0.0272782659636789,0.519930349104208,-0.0434284200586351,0.047,-0.00466666666666667,FALSE,0,"L2",7
"IMDS","Centers-Euclidean",0.500195079086116,0.00747861745752776,0.487872123261184,0.00980191416956167,0.033,0.00166666666666667,FALSE,0,"L2",7
"Int-UMAP","Int-Euclidean",0.752800234329233,0.0992806092560047,0.7557792389224,0.119858588854536,0.143666666666667,0.0116666666666667,FALSE,0,"L2",7
"Int-UMAP","Hausdorff",0.814568834212068,0.0585459871118922,0.826673616481085,0.0654018986948258,0.239,0.00566666666666667,FALSE,0,"L2",7
"Int-UMAP","Ichino-Yaguchi",0.769099589923843,0.0305131810193322,0.785438285816837,0.0453951039348047,0.233,0.0136666666666667,FALSE,0,"L2",7
"Int-UMAP","Wasserstein",0.749537785588752,0.0532923257176332,0.766477496464069,0.0603447626846395,0.208333333333333,0.00166666666666666,FALSE,0,"L2",7
"Int-UMAP","Centers-Euclidean",0.662058582308143,0.027343878148799,0.671728590173266,0.0320585021775932,0.129,0.00233333333333333,FALSE,0,"L2",7
"C-PCA","CR-Euclidean",0.909818394844757,0.0685014645577036,0.907638142337787,0.0805835909769394,0.319333333333333,0.0613333333333333,FALSE,0,"L2",7
"V-PCA","CR-Euclidean",0.910173403632103,0.0678172231985941,0.908054553203078,0.0796884865048175,0.321,0.064,FALSE,0,"L2",7
"MR-PCA","CR-Euclidean",0.781654950205038,0.168146455770357,0.784614175533552,0.198753143113827,0.162666666666667,0.041,FALSE,0,"L2",7
"SPCA","CR-Euclidean",0.909818394844757,0.0685014645577036,0.907638142337787,0.0805835909769394,0.319333333333333,0.0613333333333333,FALSE,0,"L2",7
"IMDS","CR-Euclidean",0.544814294083187,-0.0548658465143527,0.551037828974386,-0.0961831487188132,0.0523333333333333,-0.007,FALSE,0,"L2",7
"Int-UMAP","CR-Euclidean",0.782308728763913,0.0373181019332162,0.802404778561596,0.055336264629037,0.227333333333333,0.00399999999999999,FALSE,0,"L2",7
"C-PCA","Int-Euclidean",0.889219683655536,0.0991423550087873,0.886785555009539,0.108573737500274,0.302333333333333,0.057,FALSE,0,"L2",8
"C-PCA","Hausdorff",0.93179086115993,0.054381956649092,0.925806073311868,0.06335470781227,0.347,0.0913333333333333,FALSE,0,"L2",8
"C-PCA","Ichino-Yaguchi",0.880985940246046,0.108411247803163,0.878605776958395,0.118398413962387,0.294666666666667,0.073,FALSE,0,"L2",8
"C-PCA","Wasserstein",0.870425893380199,0.125013473930873,0.869854682558361,0.137993631409293,0.281666666666667,0.083,FALSE,0,"L2",8
"C-PCA","Centers-Euclidean",0.833534856473345,0.143191564147627,0.833065909018685,0.155394058469017,0.202333333333333,0.0296666666666667,FALSE,0,"L2",8
"V-PCA","Int-Euclidean",0.888839484475688,0.100160515524312,0.886879521044643,0.108656674715679,0.303,0.0593333333333333,FALSE,0,"L2",8
"V-PCA","Hausdorff",0.931855301698887,0.0542437024018746,0.925530082625571,0.0638847052346825,0.349666666666667,0.0923333333333333,FALSE,0,"L2",8
"V-PCA","Ichino-Yaguchi",0.881008787346221,0.108410076157001,0.87921682868316,0.117161142815386,0.296333333333333,0.0706666666666667,FALSE,0,"L2",8
"V-PCA","Wasserstein",0.86983186877563,0.126210896309315,0.869931503568631,0.137910083187452,0.281,0.079,FALSE,0,"L2",8
"V-PCA","Centers-Euclidean",0.83319273579379,0.144070298769772,0.833381796276023,0.154894583734978,0.202333333333333,0.031,FALSE,0,"L2",8
"MR-PCA","Int-Euclidean",0.788329232571763,0.16210661980082,0.792157061507316,0.17434544246768,0.153666666666667,0.0123333333333333,FALSE,0,"L2",8
"MR-PCA","Hausdorff",0.773267721148213,0.168314001171646,0.792202206132386,0.172555738601621,0.147333333333333,0.016,FALSE,0,"L2",8
"MR-PCA","Ichino-Yaguchi",0.789501464557704,0.159246631517282,0.795794233910765,0.176930045750258,0.154333333333333,0.02,FALSE,0,"L2",8
"MR-PCA","Wasserstein",0.812744581136497,0.130100761570006,0.816067904921872,0.147430182152072,0.163,0.021,FALSE,0,"L2",8
"MR-PCA","Centers-Euclidean",0.833534856473345,0.143191564147627,0.833065909018685,0.155394058469017,0.202333333333333,0.0296666666666667,FALSE,0,"L2",8
"SPCA","Int-Euclidean",0.889219683655536,0.0991423550087873,0.886785555009539,0.108573737500274,0.302333333333333,0.057,FALSE,0,"L2",8
"SPCA","Hausdorff",0.93179086115993,0.054381956649092,0.925806073311868,0.06335470781227,0.347,0.0913333333333333,FALSE,0,"L2",8
"SPCA","Ichino-Yaguchi",0.880985940246046,0.108411247803163,0.878605776958395,0.118398413962387,0.294666666666667,0.073,FALSE,0,"L2",8
"SPCA","Wasserstein",0.870425893380199,0.125013473930873,0.869854682558361,0.137993631409293,0.281666666666667,0.083,FALSE,0,"L2",8
"SPCA","Centers-Euclidean",0.833534856473345,0.143191564147627,0.833065909018685,0.155394058469017,0.202333333333333,0.0296666666666667,FALSE,0,"L2",8
"IMDS","Int-Euclidean",0.485268892794376,-0.00650732278851784,0.482475562429122,-0.00769846156869314,0.0343333333333333,0.00166666666666667,TRUE,0,"L2",8
"IMDS","Hausdorff",0.565192149970709,-0.0999004100761569,0.568399996745393,-0.119883110477179,0.0556666666666667,0.004,FALSE,0,"L2",8
"IMDS","Ichino-Yaguchi",0.532943175161101,-0.0357586408904511,0.531820241138756,-0.0412132238987031,0.0436666666666667,0.00333333333333333,TRUE,0,"L2",8
"IMDS","Wasserstein",0.524179261862917,-0.0274329232571764,0.520966979093601,-0.0189580467321672,0.0433333333333333,0.00733333333333333,TRUE,0,"L2",8
"IMDS","Centers-Euclidean",0.50486057410662,-0.00247334504979491,0.496538794379908,0.00605863543226326,0.0393333333333333,0.00666666666666667,TRUE,0,"L2",8
"Int-UMAP","Int-Euclidean",0.768592267135325,0.117357937902753,0.77335327854847,0.136655811323669,0.163666666666667,0.028,FALSE,0,"L2",8
"Int-UMAP","Hausdorff",0.849315172817809,0.0368775629759813,0.863635996446337,0.0346259589001454,0.294333333333333,0.0186666666666667,FALSE,0,"L2",8
"Int-UMAP","Ichino-Yaguchi",0.79786877562976,0.0404686584651435,0.820600111178608,0.0417443650391942,0.28,0.0136666666666667,FALSE,0,"L2",8
"Int-UMAP","Wasserstein",0.777,0.0476754540128881,0.800987133094857,0.0508806951595241,0.256333333333333,0.0243333333333333,FALSE,0,"L2",8
"Int-UMAP","Centers-Euclidean",0.704608670181605,0.0161277094317517,0.714509317310841,0.0228906883386659,0.159333333333333,0.00633333333333334,FALSE,0,"L2",8
"C-PCA","CR-Euclidean",0.903797891036907,0.0838535442296426,0.900493104454621,0.0948510042382047,0.314666666666667,0.089,FALSE,0,"L2",8
"V-PCA","CR-Euclidean",0.903910954891623,0.0838336262448741,0.900988817200537,0.0939554269269308,0.316,0.0876666666666667,FALSE,0,"L2",8
"MR-PCA","CR-Euclidean",0.780240773286467,0.167155243116579,0.790687847404366,0.180317238226343,0.144333333333333,0.0203333333333333,FALSE,0,"L2",8
"SPCA","CR-Euclidean",0.903797891036907,0.0838535442296426,0.900493104454621,0.0948510042382047,0.314666666666667,0.089,FALSE,0,"L2",8
"IMDS","CR-Euclidean",0.545277094317516,-0.0672876391329817,0.547401267577373,-0.0756228926610605,0.0506666666666667,0.004,FALSE,0,"L2",8
"Int-UMAP","CR-Euclidean",0.816095489162273,0.0398347978910369,0.838781732995407,0.043239860094878,0.281666666666667,0.0236666666666667,FALSE,0,"L2",8
"C-PCA","Int-Euclidean",0.905717633274751,0.073916813122437,0.902098561478992,0.0838491593979161,0.33,0.057,FALSE,0,"L2",9
"C-PCA","Hausdorff",0.936107205623901,0.0485026362038664,0.929895145615269,0.0560470508730407,0.371,0.0666666666666667,FALSE,0,"L2",9
"C-PCA","Ichino-Yaguchi",0.883870533099004,0.100868189806678,0.88307767089259,0.105351714801846,0.298333333333333,0.045,FALSE,0,"L2",9
"C-PCA","Wasserstein",0.875798476859988,0.115632103104862,0.875789238395829,0.124398534014406,0.289666666666667,0.048,FALSE,0,"L2",9
"C-PCA","Centers-Euclidean",0.839944346807264,0.132141769185706,0.838963855898891,0.150823558381742,0.212666666666667,0.0456666666666667,FALSE,0,"L2",9
"V-PCA","Int-Euclidean",0.905953134153486,0.0736356180433509,0.902264766743687,0.0837406596996581,0.329,0.058,FALSE,0,"L2",9
"V-PCA","Hausdorff",0.936322202694786,0.0482343292325718,0.930027315672177,0.0558667655944425,0.372,0.0686666666666667,FALSE,0,"L2",9
"V-PCA","Ichino-Yaguchi",0.883988283538371,0.100735793790275,0.882741970446632,0.106101401277249,0.297333333333333,0.045,FALSE,0,"L2",9
"V-PCA","Wasserstein",0.876140011716462,0.115197422378442,0.875275669831158,0.125603986770943,0.288333333333333,0.044,FALSE,0,"L2",9
"V-PCA","Centers-Euclidean",0.840223784417106,0.131608670181605,0.839765775748663,0.149297684945738,0.214,0.0473333333333333,FALSE,0,"L2",9
"MR-PCA","Int-Euclidean",0.790785588752197,0.159471587580551,0.793401278630756,0.17804391816014,0.166666666666667,0.0363333333333333,FALSE,0,"L2",9
"MR-PCA","Hausdorff",0.771416520210896,0.16476625659051,0.778795568146177,0.18828210320697,0.155666666666667,0.0273333333333333,FALSE,0,"L2",9
"MR-PCA","Ichino-Yaguchi",0.797764499121265,0.148103104862332,0.798804717890806,0.172245904606543,0.172333333333333,0.0356666666666667,FALSE,0,"L2",9
"MR-PCA","Wasserstein",0.820596953719977,0.121334504979496,0.819782948406954,0.14306343582429,0.186,0.034,FALSE,0,"L2",9
"MR-PCA","Centers-Euclidean",0.839944346807264,0.132141769185706,0.838963855898891,0.150823558381742,0.212666666666667,0.0456666666666667,FALSE,0,"L2",9
"SPCA","Int-Euclidean",0.905717633274751,0.073916813122437,0.902098561478992,0.0838491593979161,0.33,0.057,FALSE,0,"L2",9
"SPCA","Hausdorff",0.936107205623901,0.0485026362038664,0.929895145615269,0.0560470508730407,0.371,0.0666666666666667,FALSE,0,"L2",9
"SPCA","Ichino-Yaguchi",0.883870533099004,0.100868189806678,0.88307767089259,0.105351714801846,0.298333333333333,0.045,FALSE,0,"L2",9
"SPCA","Wasserstein",0.875798476859988,0.115632103104862,0.875789238395829,0.124398534014406,0.289666666666667,0.048,FALSE,0,"L2",9
"SPCA","Centers-Euclidean",0.839944346807264,0.132141769185706,0.838963855898891,0.150823558381742,0.212666666666667,0.0456666666666667,FALSE,0,"L2",9
"IMDS","Int-Euclidean",0.496349150556532,-0.0656379613356766,0.495678034456771,-0.0655157070871987,0.0386666666666667,-0.00333333333333333,FALSE,0,"L2",9
"IMDS","Hausdorff",0.572863503222027,-0.0639625073227885,0.579611302421627,-0.0885871965289922,0.0606666666666667,-0.00733333333333333,FALSE,0,"L2",9
"IMDS","Ichino-Yaguchi",0.549453427065026,-0.0246010544815466,0.54533011234689,-0.0396847682696682,0.0576666666666667,-0.004,FALSE,0,"L2",9
"IMDS","Wasserstein",0.541004686584651,-0.0280714704159344,0.53485951918092,-0.0324200429761663,0.06,-0.00233333333333333,TRUE,0,"L2",9
"IMDS","Centers-Euclidean",0.513027533684827,-0.0110697129466901,0.507803045759623,-0.00609810982549014,0.0376666666666667,-0.00266666666666667,FALSE,0,"L2",9
"Int-UMAP","Int-Euclidean",0.7559179847686,0.0841780902167545,0.757634034931453,0.118439558644567,0.156,0.0263333333333333,FALSE,0,"L2",9
"Int-UMAP","Hausdorff",0.819961335676626,0.0424862331575864,0.834717289010497,0.0422850627502075,0.262333333333333,0.0106666666666667,FALSE,0,"L2",9
"Int-UMAP","Ichino-Yaguchi",0.764667252489748,0.00265377855887516,0.786551621677096,0.0263193248593802,0.241333333333333,0.01,FALSE,0,"L2",9
"Int-UMAP","Wasserstein",0.750226127709432,0.0181113063854716,0.771853680692028,0.0365578307613493,0.221666666666667,0.0146666666666667,FALSE,0,"L2",9
"Int-UMAP","Centers-Euclidean",0.67198769771529,0.00484710017574685,0.684214958051645,0.0189584412765244,0.133666666666667,-0.00166666666666666,FALSE,0,"L2",9
"C-PCA","CR-Euclidean",0.908652606912712,0.0778605741066198,0.905555801698015,0.0845386141483607,0.328666666666667,0.0516666666666667,FALSE,0,"L2",9
"V-PCA","CR-Euclidean",0.909340949033392,0.0765495020503808,0.905495923067228,0.0845779488391108,0.330333333333333,0.056,FALSE,0,"L2",9
"MR-PCA","CR-Euclidean",0.785506736965436,0.155732864674868,0.78827973901121,0.182245448654504,0.160333333333333,0.0396666666666667,FALSE,0,"L2",9
"SPCA","CR-Euclidean",0.908652606912712,0.0778605741066198,0.905555801698015,0.0845386141483607,0.328666666666667,0.0516666666666667,FALSE,0,"L2",9
"IMDS","CR-Euclidean",0.559347978910369,-0.0500070298769771,0.561357126660867,-0.0669940248790153,0.0566666666666667,0.000333333333333331,FALSE,0,"L2",9
"Int-UMAP","CR-Euclidean",0.792706502636204,0.0231165787932044,0.809779762115851,0.0397241428754116,0.250666666666667,0.0133333333333333,FALSE,0,"L2",9
"C-PCA","Int-Euclidean",0.893207967193907,0.0961288810779145,0.891090641883754,0.108777485119,0.297666666666667,0.0596666666666667,FALSE,0,"L2",10
"C-PCA","Hausdorff",0.934579379027534,0.0515043936731107,0.927333574051447,0.0601229473906571,0.344333333333333,0.0646666666666667,FALSE,0,"L2",10
"C-PCA","Ichino-Yaguchi",0.887937902753368,0.0968857644991212,0.881976973500896,0.111025735498998,0.282,0.0686666666666667,FALSE,0,"L2",10
"C-PCA","Wasserstein",0.879455184534271,0.113682483889865,0.874991540324199,0.130470356746394,0.276666666666667,0.0706666666666667,FALSE,0,"L2",10
"C-PCA","Centers-Euclidean",0.839670181605155,0.138531927357938,0.839552067803906,0.153851522058484,0.201666666666667,0.0446666666666667,FALSE,0,"L2",10
"V-PCA","Int-Euclidean",0.892925014645577,0.0966010544815465,0.890599915441622,0.109779045948759,0.297666666666667,0.059,FALSE,0,"L2",10
"V-PCA","Hausdorff",0.934310486233157,0.0520656121851201,0.927086583143008,0.0605856266416,0.345333333333333,0.0656666666666667,FALSE,0,"L2",10
"V-PCA","Ichino-Yaguchi",0.888018746338606,0.0966420620972466,0.882328884039729,0.110233017590384,0.279666666666667,0.0663333333333333,FALSE,0,"L2",10
"V-PCA","Wasserstein",0.879657879320445,0.113244288224956,0.874805634707499,0.130898438909258,0.276333333333333,0.0713333333333333,FALSE,0,"L2",10
"V-PCA","Centers-Euclidean",0.839814879906268,0.138202694786175,0.839157617860916,0.154638681036678,0.201,0.0433333333333333,FALSE,0,"L2",10
"MR-PCA","Int-Euclidean",0.791345049794962,0.157982425307557,0.793862966147634,0.180687822841294,0.157333333333333,0.0266666666666667,FALSE,0,"L2",10
"MR-PCA","Hausdorff",0.793543643819567,0.142763913298184,0.809774496407113,0.142762515154265,0.166666666666667,0.0183333333333333,FALSE,0,"L2",10
"MR-PCA","Ichino-Yaguchi",0.797347978910369,0.152324545987112,0.805532155902437,0.164802785391051,0.171,0.022,FALSE,0,"L2",10
"MR-PCA","Wasserstein",0.820239601640305,0.123420035149385,0.822627089722611,0.141681385320463,0.179,0.0223333333333333,FALSE,0,"L2",10
"MR-PCA","Centers-Euclidean",0.839670181605155,0.138531927357938,0.839552067803906,0.153851522058484,0.201666666666667,0.0446666666666667,FALSE,0,"L2",10
"SPCA","Int-Euclidean",0.893207967193907,0.0961288810779145,0.891090641883754,0.108777485119,0.297666666666667,0.0596666666666667,FALSE,0,"L2",10
"SPCA","Hausdorff",0.934579379027534,0.0515043936731107,0.927333574051447,0.0601229473906571,0.344333333333333,0.0646666666666667,FALSE,0,"L2",10
"SPCA","Ichino-Yaguchi",0.887937902753368,0.0968857644991212,0.881976973500896,0.111025735498998,0.282,0.0686666666666667,FALSE,0,"L2",10
"SPCA","Wasserstein",0.879455184534271,0.113682483889865,0.874991540324199,0.130470356746394,0.276666666666667,0.0706666666666667,FALSE,0,"L2",10
"SPCA","Centers-Euclidean",0.839670181605155,0.138531927357938,0.839552067803906,0.153851522058484,0.201666666666667,0.0446666666666667,FALSE,0,"L2",10
"IMDS","Int-Euclidean",0.503306385471588,-0.0519929701230228,0.494263490077977,-0.0412655033288336,0.0346666666666667,0.00366666666666667,FALSE,0,"L2",10
"IMDS","Hausdorff",0.593599297012302,-0.101705916813122,0.598876785946484,-0.0989762080541395,0.064,-0.00133333333333334,FALSE,0,"L2",10
"IMDS","Ichino-Yaguchi",0.559219097832455,-0.0365776215582894,0.557178597181418,-0.0346099391710854,0.051,0.000333333333333335,FALSE,0,"L2",10
"IMDS","Wasserstein",0.544459285295841,-0.0241499707088459,0.547022886489588,-0.0265336668384547,0.049,0.006,FALSE,0,"L2",10
"IMDS","Centers-Euclidean",0.521521382542472,0.00472524897480953,0.518576875432828,-0.00513663286020249,0.0343333333333333,-0.00133333333333333,FALSE,0,"L2",10
"Int-UMAP","Int-Euclidean",0.774579964850615,0.0624018746338605,0.775897984492411,0.0942525925171976,0.170333333333333,0.0193333333333333,FALSE,0,"L2",10
"Int-UMAP","Hausdorff",0.828940831868776,0.0374669009958992,0.839481089734585,0.0433303934405542,0.256,0.000666666666666677,FALSE,0,"L2",10
"Int-UMAP","Ichino-Yaguchi",0.772190978324546,0.0248459285295841,0.790127631261607,0.0376525562559613,0.243333333333333,0.0146666666666667,FALSE,0,"L2",10
"Int-UMAP","Wasserstein",0.7531640304628,0.0544381956649092,0.7714328538468,0.0616747302629186,0.215,0.012,FALSE,0,"L2",10
"Int-UMAP","Centers-Euclidean",0.673759812536614,0.0238500292911541,0.669981579230571,0.0295647131808365,0.123666666666667,0.000333333333333331,FALSE,0,"L2",10
"C-PCA","CR-Euclidean",0.908371997656708,0.0759074399531342,0.903244045796007,0.0894604659645619,0.308666666666667,0.0703333333333333,FALSE,0,"L2",10
"V-PCA","CR-Euclidean",0.908751025190393,0.0751798476859988,0.9032560609766,0.0894977081885455,0.308666666666667,0.0723333333333333,FALSE,0,"L2",10
"MR-PCA","CR-Euclidean",0.791350322202695,0.155499707088459,0.802554320084165,0.159902453897031,0.162,0.027,FALSE,0,"L2",10
"SPCA","CR-Euclidean",0.908371997656708,0.0759074399531342,0.903244045796007,0.0894604659645619,0.308666666666667,0.0703333333333333,FALSE,0,"L2",10
"IMDS","CR-Euclidean",0.570596953719977,-0.0684604569420035,0.577839503500468,-0.0657732754688745,0.0553333333333333,0.00233333333333334,FALSE,0,"L2",10
"Int-UMAP","CR-Euclidean",0.794432337434095,0.0306830697129468,0.812406033581098,0.0462282081407243,0.247666666666667,0.00599999999999999,FALSE,0,"L2",10
"C-PCA","Int-Euclidean",0.897780316344464,0.086555360281195,0.893618273421696,0.101651419906805,0.303666666666667,0.0696666666666667,FALSE,0,"L2",11
"C-PCA","Hausdorff",0.932314586994728,0.0495336848271821,0.924850222057854,0.0609104809557123,0.327333333333333,0.0646666666666667,FALSE,0,"L2",11
"C-PCA","Ichino-Yaguchi",0.885333919156415,0.0960620972466315,0.87934503487419,0.113187296654218,0.270333333333333,0.059,FALSE,0,"L2",11
"C-PCA","Wasserstein",0.875681312243702,0.116381956649092,0.870155147276347,0.134122801240374,0.267666666666667,0.0503333333333333,FALSE,0,"L2",11
"C-PCA","Centers-Euclidean",0.826807850029291,0.147033391915641,0.823135297396637,0.170001335617085,0.204333333333333,0.05,FALSE,0,"L2",11
"V-PCA","Int-Euclidean",0.897838312829526,0.0859964850615115,0.893537809400687,0.101403160929731,0.305666666666667,0.0696666666666667,FALSE,0,"L2",11
"V-PCA","Hausdorff",0.932117164616286,0.0498113649677797,0.924483886086908,0.0615084152319913,0.327,0.067,FALSE,0,"L2",11
"V-PCA","Ichino-Yaguchi",0.885005858230814,0.0957035735207967,0.879213957874023,0.112543963678584,0.271333333333333,0.0576666666666667,FALSE,0,"L2",11
"V-PCA","Wasserstein",0.876021675454013,0.115480960749853,0.870732028696424,0.132905085369727,0.269666666666667,0.0503333333333333,FALSE,0,"L2",11
"V-PCA","Centers-Euclidean",0.826748096074985,0.146984182776801,0.823679532957733,0.168817728643444,0.204333333333333,0.05,FALSE,0,"L2",11
"MR-PCA","Int-Euclidean",0.777199179847686,0.158531927357938,0.779931134354942,0.184236227369926,0.158,0.03,FALSE,0,"L2",11
"MR-PCA","Hausdorff",0.759640304628002,0.175484475688342,0.767152409107803,0.197647189224548,0.143333333333333,0.0183333333333333,FALSE,0,"L2",11
"MR-PCA","Ichino-Yaguchi",0.781923842999414,0.165961335676626,0.781939576990112,0.1943042594057,0.156,0.0363333333333333,FALSE,0,"L2",11
"MR-PCA","Wasserstein",0.804688927943761,0.135446983011131,0.802852259411226,0.162365826133666,0.171666666666667,0.0283333333333333,FALSE,0,"L2",11
"MR-PCA","Centers-Euclidean",0.826807850029291,0.147033391915641,0.823135297396637,0.170001335617085,0.204333333333333,0.05,FALSE,0,"L2",11
"SPCA","Int-Euclidean",0.897780316344464,0.086555360281195,0.893618273421696,0.101651419906805,0.303666666666667,0.0696666666666667,FALSE,0,"L2",11
"SPCA","Hausdorff",0.932314586994728,0.0495336848271821,0.924850222057854,0.0609104809557123,0.327333333333333,0.0646666666666667,FALSE,0,"L2",11
"SPCA","Ichino-Yaguchi",0.885333919156415,0.0960620972466315,0.87934503487419,0.113187296654218,0.270333333333333,0.059,FALSE,0,"L2",11
"SPCA","Wasserstein",0.875681312243702,0.116381956649092,0.870155147276347,0.134122801240374,0.267666666666667,0.0503333333333333,FALSE,0,"L2",11
"SPCA","Centers-Euclidean",0.826807850029291,0.147033391915641,0.823135297396637,0.170001335617085,0.204333333333333,0.05,FALSE,0,"L2",11
"IMDS","Int-Euclidean",0.460445225541886,-0.0336309314586994,0.450016074228378,-0.0458256899959055,0.023,-0.00133333333333333,FALSE,0,"L2",11
"IMDS","Hausdorff",0.573527826596368,-0.129682483889865,0.580862708849446,-0.154367165435212,0.0536666666666667,-0.001,FALSE,0,"L2",11
"IMDS","Ichino-Yaguchi",0.539597539543058,-0.0754833040421794,0.544429270094474,-0.0858913793286084,0.0423333333333333,-0.00066666666666667,FALSE,0,"L2",11
"IMDS","Wasserstein",0.526340949033392,-0.060274165202109,0.532553076578603,-0.0792085163857956,0.043,-0.002,TRUE,0,"L2",11
"IMDS","Centers-Euclidean",0.500120679554775,-0.0268119507908612,0.501482413684211,-0.0351625699299168,0.0296666666666667,0.00166666666666667,TRUE,0,"L2",11
"Int-UMAP","Int-Euclidean",0.747675454012888,0.116543643819567,0.749767713161033,0.137546631074774,0.154333333333333,0.029,FALSE,0,"L2",11
"Int-UMAP","Hausdorff",0.835388400702988,0.0274493263034563,0.845052390731554,0.031778942169776,0.264666666666667,0.00233333333333334,FALSE,0,"L2",11
"Int-UMAP","Ichino-Yaguchi",0.780339777387229,0.0158804920913884,0.796599088280144,0.0257278000099174,0.242,0.00533333333333333,FALSE,0,"L2",11
"Int-UMAP","Wasserstein",0.764217926186292,0.0366983011130638,0.778583995653564,0.0440528056939659,0.227333333333333,0.00466666666666667,FALSE,0,"L2",11
"Int-UMAP","Centers-Euclidean",0.682260691271236,0.0192185120093731,0.685454006183447,0.0306189725481563,0.143,0.00466666666666667,FALSE,0,"L2",11
"C-PCA","CR-Euclidean",0.906250732278852,0.0757656707674284,0.900791258708569,0.0907459958737108,0.296666666666667,0.0606666666666667,FALSE,0,"L2",11
"V-PCA","CR-Euclidean",0.906487990626831,0.0749912126537786,0.901025295666475,0.0901376698824335,0.296,0.0613333333333333,FALSE,0,"L2",11
"MR-PCA","CR-Euclidean",0.771091388400703,0.179544229642648,0.77211346512343,0.202990897999844,0.153,0.0296666666666667,FALSE,0,"L2",11
"SPCA","CR-Euclidean",0.906250732278852,0.0757656707674284,0.900791258708569,0.0907459958737108,0.296666666666667,0.0606666666666667,FALSE,0,"L2",11
"IMDS","CR-Euclidean",0.555305799648506,-0.102822495606327,0.561188709184425,-0.119298655187115,0.0473333333333333,-0.00366666666666667,FALSE,0,"L2",11
"Int-UMAP","CR-Euclidean",0.797734036321031,0.0142893966022261,0.817699634455421,0.0289140435223876,0.245666666666667,0.00866666666666667,FALSE,0,"L2",11
"C-PCA","Int-Euclidean",0.901344463971881,0.0898945518453427,0.896637206331193,0.101094131375288,0.329333333333333,0.0566666666666667,FALSE,0,"L2",12
"C-PCA","Hausdorff",0.931536028119508,0.0543339191564148,0.924582962776352,0.0643586036691397,0.346333333333333,0.068,FALSE,0,"L2",12
"C-PCA","Ichino-Yaguchi",0.883171060339777,0.111281780902168,0.879247240070109,0.122339773924548,0.286,0.0576666666666667,FALSE,0,"L2",12
"C-PCA","Wasserstein",0.871714118336262,0.126558875219684,0.869899369696199,0.141434397482408,0.280666666666667,0.0636666666666667,FALSE,0,"L2",12
"C-PCA","Centers-Euclidean",0.832120093731693,0.143841827768014,0.83122492359733,0.168134690995776,0.21,0.0473333333333333,FALSE,0,"L2",12
"V-PCA","Int-Euclidean",0.900767428236673,0.0905823081429409,0.896360283015725,0.10129527991387,0.329666666666667,0.0573333333333333,FALSE,0,"L2",12
"V-PCA","Hausdorff",0.931691271236087,0.0539554774458114,0.924767695506324,0.0638987706642607,0.347,0.0683333333333333,FALSE,0,"L2",12
"V-PCA","Ichino-Yaguchi",0.882769771528998,0.111777387229057,0.879620033826422,0.121376130803275,0.285666666666667,0.057,FALSE,0,"L2",12
"V-PCA","Wasserstein",0.871346807264206,0.127016988869362,0.869943504932495,0.141243717418427,0.279333333333333,0.0626666666666667,FALSE,0,"L2",12
"V-PCA","Centers-Euclidean",0.832118336262449,0.143749267721148,0.831299281391952,0.167967918477618,0.21,0.0463333333333333,FALSE,0,"L2",12
"MR-PCA","Int-Euclidean",0.785714704159344,0.168732278851787,0.789173514007016,0.192288727253635,0.172,0.027,FALSE,0,"L2",12
"MR-PCA","Hausdorff",0.768657293497364,0.173994141769186,0.782596708271906,0.185517962284323,0.156,0.0383333333333333,FALSE,0,"L2",12
"MR-PCA","Ichino-Yaguchi",0.789056824838899,0.167376684241359,0.794192944932815,0.187259108025784,0.167666666666667,0.0316666666666667,FALSE,0,"L2",12
"MR-PCA","Wasserstein",0.811776801405975,0.137587580550674,0.814006603321572,0.158851637965484,0.182333333333333,0.0243333333333333,FALSE,0,"L2",12
"MR-PCA","Centers-Euclidean",0.832120093731693,0.143841827768014,0.83122492359733,0.168134690995776,0.21,0.0473333333333333,FALSE,0,"L2",12
"SPCA","Int-Euclidean",0.901344463971881,0.0898945518453427,0.896637206331193,0.101094131375288,0.329333333333333,0.0566666666666667,FALSE,0,"L2",12
"SPCA","Hausdorff",0.931536028119508,0.0543339191564148,0.924582962776352,0.0643586036691397,0.346333333333333,0.068,FALSE,0,"L2",12
"SPCA","Ichino-Yaguchi",0.883171060339777,0.111281780902168,0.879247240070109,0.122339773924548,0.286,0.0576666666666667,FALSE,0,"L2",12
"SPCA","Wasserstein",0.871714118336262,0.126558875219684,0.869899369696199,0.141434397482408,0.280666666666667,0.0636666666666667,FALSE,0,"L2",12
"SPCA","Centers-Euclidean",0.832120093731693,0.143841827768014,0.83122492359733,0.168134690995776,0.21,0.0473333333333333,FALSE,0,"L2",12
"IMDS","Int-Euclidean",0.501348564733451,-0.0172677211482132,0.489009431912927,-0.0150232435752596,0.0316666666666667,0.003,TRUE,0,"L2",12
"IMDS","Hausdorff",0.58388927943761,-0.108214411247803,0.589054768437004,-0.129200587118848,0.066,-0.00966666666666667,TRUE,0,"L2",12
"IMDS","Ichino-Yaguchi",0.548432923257176,-0.04696309314587,0.551174555481303,-0.0577385177997075,0.0526666666666667,-0.00766666666666667,TRUE,0,"L2",12
"IMDS","Wasserstein",0.536177504393673,-0.0345295840656121,0.535047621657446,-0.0419414576003752,0.0473333333333333,-0.00466666666666667,FALSE,0,"L2",12
"IMDS","Centers-Euclidean",0.509118336262449,-0.00241476274165198,0.506039734915318,0.00899290173251027,0.0286666666666667,-0.000333333333333335,FALSE,0,"L2",12
"Int-UMAP","Int-Euclidean",0.779564147627416,0.0957727006444055,0.771427385492711,0.125586586904228,0.17,0.0213333333333333,FALSE,0,"L2",12
"Int-UMAP","Hausdorff",0.846987111892209,0.0463772700644405,0.857262233676802,0.0360091546572431,0.255333333333333,0.00399999999999999,FALSE,0,"L2",12
"Int-UMAP","Ichino-Yaguchi",0.799093145869947,0.0445764499121265,0.81687800734528,0.0470751137231892,0.240666666666667,0.0133333333333333,FALSE,0,"L2",12
"Int-UMAP","Wasserstein",0.774162272993556,0.0614469830111307,0.794110268700059,0.0627558339984553,0.214666666666667,0.01,FALSE,0,"L2",12
"Int-UMAP","Centers-Euclidean",0.677083772700644,0.0301042765084945,0.684391328590511,0.0335379575467201,0.130333333333333,0.005,FALSE,0,"L2",12
"C-PCA","CR-Euclidean",0.905169302870533,0.0842788517867603,0.90042788412309,0.0967511651723875,0.312,0.0736666666666667,FALSE,0,"L2",12
"V-PCA","CR-Euclidean",0.90530755711775,0.0837328646748682,0.901407652901674,0.0946275585702634,0.311333333333333,0.0763333333333333,FALSE,0,"L2",12
"MR-PCA","CR-Euclidean",0.778054481546573,0.175579379027534,0.786502835576479,0.19222699411085,0.162666666666667,0.0313333333333333,FALSE,0,"L2",12
"SPCA","CR-Euclidean",0.905169302870533,0.0842788517867603,0.90042788412309,0.0967511651723875,0.312,0.0736666666666667,FALSE,0,"L2",12
"IMDS","CR-Euclidean",0.566178090216755,-0.0705120093731693,0.568530018301024,-0.0884200617055093,0.0603333333333333,-0.00266666666666667,FALSE,0,"L2",12
"Int-UMAP","CR-Euclidean",0.818651435266549,0.0419964850615114,0.835401877202137,0.0411895711947617,0.243333333333333,0.00466666666666667,FALSE,0,"L2",12
"C-PCA","Int-Euclidean",0.90486467486819,0.0830814294083188,0.902454365264867,0.0947167225246295,0.303333333333333,0.063,FALSE,0,"L2",13
"C-PCA","Hausdorff",0.938773286467487,0.0468142940831868,0.930806968328834,0.0573945964003124,0.358,0.0663333333333333,FALSE,0,"L2",13
"C-PCA","Ichino-Yaguchi",0.895532513181019,0.0947955477445812,0.891459218467501,0.106455246158067,0.296333333333333,0.067,FALSE,0,"L2",13
"C-PCA","Wasserstein",0.88588107791447,0.111152899824253,0.882053279454233,0.124631720475916,0.289,0.06,FALSE,0,"L2",13
"C-PCA","Centers-Euclidean",0.8453280609256,0.129486818980668,0.844369509673475,0.145941656868303,0.213666666666667,0.0463333333333333,FALSE,0,"L2",13
"V-PCA","Int-Euclidean",0.904481546572935,0.0837445811364969,0.902483437964348,0.0946219812175393,0.301666666666667,0.063,FALSE,0,"L2",13
"V-PCA","Hausdorff",0.938970123022847,0.0464487404803748,0.930786595562712,0.0574659628732225,0.357666666666667,0.0663333333333333,FALSE,0,"L2",13
"V-PCA","Ichino-Yaguchi",0.895779730521383,0.0942940831868776,0.891648772468111,0.106097707605173,0.295,0.0656666666666667,FALSE,0,"L2",13
"V-PCA","Wasserstein",0.886507908611599,0.109941417691857,0.881919446016737,0.12496417859626,0.290333333333333,0.061,FALSE,0,"L2",13
"V-PCA","Centers-Euclidean",0.845735207967194,0.128637375512595,0.844296135936958,0.146162492709757,0.215,0.0456666666666667,FALSE,0,"L2",13
"MR-PCA","Int-Euclidean",0.789149384885764,0.152403046280023,0.792994977005126,0.177217746881526,0.165333333333333,0.0343333333333333,FALSE,0,"L2",13
"MR-PCA","Hausdorff",0.767446397188049,0.179300527240773,0.775924151073337,0.196831535546681,0.144,0.0416666666666667,FALSE,0,"L2",13
"MR-PCA","Ichino-Yaguchi",0.796522554188635,0.154603397773872,0.79868940731301,0.177569233707352,0.163666666666667,0.0306666666666667,FALSE,0,"L2",13
"MR-PCA","Wasserstein",0.822584651435267,0.119182190978324,0.824377263928529,0.138924877372697,0.175,0.0346666666666667,FALSE,0,"L2",13
"MR-PCA","Centers-Euclidean",0.8453280609256,0.129486818980668,0.844369509673475,0.145941656868303,0.213666666666667,0.0463333333333333,FALSE,0,"L2",13
"SPCA","Int-Euclidean",0.90486467486819,0.0830814294083188,0.902454365264867,0.0947167225246295,0.303333333333333,0.063,FALSE,0,"L2",13
"SPCA","Hausdorff",0.938773286467487,0.0468142940831868,0.930806968328834,0.0573945964003124,0.358,0.0663333333333333,FALSE,0,"L2",13
"SPCA","Ichino-Yaguchi",0.895532513181019,0.0947955477445812,0.891459218467501,0.106455246158067,0.296333333333333,0.067,FALSE,0,"L2",13
"SPCA","Wasserstein",0.88588107791447,0.111152899824253,0.882053279454233,0.124631720475916,0.289,0.06,FALSE,0,"L2",13
"SPCA","Centers-Euclidean",0.8453280609256,0.129486818980668,0.844369509673475,0.145941656868303,0.213666666666667,0.0463333333333333,FALSE,0,"L2",13
"IMDS","Int-Euclidean",0.48909841827768,-0.0431271236086702,0.477716775642274,-0.0374061502556939,0.032,-0.00266666666666667,FALSE,0,"L2",13
"IMDS","Hausdorff",0.568732864674868,-0.0802050380785002,0.575236102558812,-0.10943164273379,0.055,-0.00433333333333333,FALSE,0,"L2",13
"IMDS","Ichino-Yaguchi",0.543253075571178,-0.0368681898066785,0.541405743122762,-0.0502179220469391,0.0453333333333333,0.002,FALSE,0,"L2",13
"IMDS","Wasserstein",0.52917633274751,-0.0220785002929116,0.52846600770083,-0.0310547936141537,0.0413333333333333,-0.00133333333333333,FALSE,0,"L2",13
"IMDS","Centers-Euclidean",0.503447568834212,0.00992032806092558,0.499912607657262,0.0145951690883553,0.03,-0.000666666666666666,FALSE,0,"L2",13
"Int-UMAP","Int-Euclidean",0.738387229056825,0.0920808435852372,0.743969860035005,0.121928872095935,0.155333333333333,0.0306666666666667,FALSE,0,"L2",13
"Int-UMAP","Hausdorff",0.82328295254833,0.0435664909197422,0.836042390029972,0.0462977937908544,0.271666666666667,0.0123333333333333,FALSE,0,"L2",13
"Int-UMAP","Ichino-Yaguchi",0.767107205623902,0.0380902167545402,0.787957269617951,0.0454990041976756,0.253333333333333,0.013,FALSE,0,"L2",13
"Int-UMAP","Wasserstein",0.754956063268893,0.0517609841827769,0.773466795254353,0.0564531383393797,0.237,0.0113333333333333,FALSE,0,"L2",13
"Int-UMAP","Centers-Euclidean",0.673140597539543,0.0144077328646749,0.682653533405702,0.00593212639604607,0.145333333333333,-0.00266666666666666,FALSE,0,"L2",13
"C-PCA","CR-Euclidean",0.916176918570592,0.0734317516110135,0.91002243606424,0.0851891379635647,0.320666666666667,0.0606666666666667,FALSE,0,"L2",13
"V-PCA","CR-Euclidean",0.916185705916813,0.0734797891036907,0.909769056454078,0.0856800754946044,0.320333333333333,0.0606666666666666,FALSE,0,"L2",13
"MR-PCA","CR-Euclidean",0.784865260691271,0.169360281195079,0.789079253982634,0.187790103323031,0.159,0.0383333333333333,FALSE,0,"L2",13
"SPCA","CR-Euclidean",0.916176918570592,0.0734317516110135,0.91002243606424,0.0851891379635647,0.320666666666667,0.0606666666666667,FALSE,0,"L2",13
"IMDS","CR-Euclidean",0.552623901581722,-0.0500398359695372,0.557373932715296,-0.0756614612909768,0.05,-0.005,FALSE,0,"L2",13
"Int-UMAP","CR-Euclidean",0.789780316344464,0.042349150556532,0.808722362513189,0.052590318802587,0.264,0.01,FALSE,0,"L2",13
"C-PCA","Int-Euclidean",0.902226713532513,0.0905413005272407,0.90235002977505,0.0944872896076863,0.321666666666667,0.0713333333333333,FALSE,0,"L2",14
"C-PCA","Hausdorff",0.937357937902753,0.049734036321031,0.933080349035124,0.054412060591574,0.37,0.072,FALSE,0,"L2",14
"C-PCA","Ichino-Yaguchi",0.892520796719391,0.105207967193907,0.890612795702936,0.110023258159584,0.313333333333333,0.0656666666666667,FALSE,0,"L2",14
"C-PCA","Wasserstein",0.881197422378442,0.116377270064441,0.881233233591906,0.125064021346538,0.298666666666667,0.0683333333333333,FALSE,0,"L2",14
"C-PCA","Centers-Euclidean",0.840679554774458,0.138877562975981,0.84168522560338,0.152337428151093,0.214666666666667,0.056,FALSE,0,"L2",14
"V-PCA","Int-Euclidean",0.902335090802578,0.0902753368482718,0.902363721385363,0.0943802698345662,0.322333333333333,0.073,FALSE,0,"L2",14
"V-PCA","Hausdorff",0.937471001757469,0.0495172817809022,0.933128611635251,0.0543473906263937,0.370333333333333,0.0723333333333333,FALSE,0,"L2",14
"V-PCA","Ichino-Yaguchi",0.892439953134153,0.105355594610428,0.890649739332066,0.109938004339374,0.313,0.066,FALSE,0,"L2",14
"V-PCA","Wasserstein",0.881228471001757,0.116282366725249,0.881324513808515,0.124902440847899,0.298666666666667,0.068,FALSE,0,"L2",14
"V-PCA","Centers-Euclidean",0.840861159929701,0.138483889865261,0.841853058939247,0.152025535463474,0.215666666666667,0.0576666666666667,FALSE,0,"L2",14
"MR-PCA","Int-Euclidean",0.795958406561219,0.154410076157001,0.802335965880664,0.164815598103915,0.165,0.033,FALSE,0,"L2",14
"MR-PCA","Hausdorff",0.798019917984769,0.148585823081429,0.817908696909029,0.144130179373374,0.178,0.0263333333333333,FALSE,0,"L2",14
"MR-PCA","Ichino-Yaguchi",0.80033626244874,0.15503690685413,0.812171047106908,0.161043700316388,0.171333333333333,0.0396666666666667,FALSE,0,"L2",14
"MR-PCA","Wasserstein",0.821612185120094,0.130910369068541,0.826849894908428,0.144647096959506,0.183666666666667,0.0406666666666667,FALSE,0,"L2",14
"MR-PCA","Centers-Euclidean",0.840679554774458,0.138877562975981,0.84168522560338,0.152337428151093,0.214666666666667,0.056,FALSE,0,"L2",14
"SPCA","Int-Euclidean",0.902226713532513,0.0905413005272407,0.90235002977505,0.0944872896076863,0.321666666666667,0.0713333333333333,FALSE,0,"L2",14
"SPCA","Hausdorff",0.937357937902753,0.049734036321031,0.933080349035124,0.054412060591574,0.37,0.072,FALSE,0,"L2",14
"SPCA","Ichino-Yaguchi",0.892520796719391,0.105207967193907,0.890612795702936,0.110023258159584,0.313333333333333,0.0656666666666667,FALSE,0,"L2",14
"SPCA","Wasserstein",0.881197422378442,0.116377270064441,0.881233233591906,0.125064021346538,0.298666666666667,0.0683333333333333,FALSE,0,"L2",14
"SPCA","Centers-Euclidean",0.840679554774458,0.138877562975981,0.84168522560338,0.152337428151093,0.214666666666667,0.056,FALSE,0,"L2",14
"IMDS","Int-Euclidean",0.434400117164616,-0.100127709431752,0.427504830097993,-0.117196605751781,0.0226666666666667,0.00166666666666667,FALSE,0,"L2",14
"IMDS","Hausdorff",0.576008787346221,-0.0639355594610427,0.575646934536187,-0.072076024859672,0.0553333333333333,0.00266666666666666,FALSE,0,"L2",14
"IMDS","Ichino-Yaguchi",0.546657293497364,-0.0136871704745167,0.546185055427341,-0.0170640772275291,0.048,-0.00233333333333333,FALSE,0,"L2",14
"IMDS","Wasserstein",0.534974223784417,-0.0129244288224957,0.529981887804173,-0.0119608440056047,0.0503333333333333,-0.00066666666666667,FALSE,0,"L2",14
"IMDS","Centers-Euclidean",0.50505330990041,-0.00833509080257755,0.498878846174217,-0.0026587530586783,0.0386666666666667,-0.001,FALSE,0,"L2",14
"Int-UMAP","Int-Euclidean",0.744099589923843,0.0608670181605154,0.742531299111753,0.0920544308482719,0.166,0.01,FALSE,0,"L2",14
"Int-UMAP","Hausdorff",0.807466900995899,0.0208834212067956,0.819223319475155,0.0221548124509602,0.26,0.0113333333333333,FALSE,0,"L2",14
"Int-UMAP","Ichino-Yaguchi",0.758039835969537,0.0105002929115406,0.776250676443998,0.0214194984435455,0.234666666666667,0.00533333333333333,FALSE,0,"L2",14
"Int-UMAP","Wasserstein",0.739767428236673,0.0181405975395431,0.755618227980011,0.0220318435676144,0.218666666666667,0.0136666666666667,FALSE,0,"L2",14
"Int-UMAP","Centers-Euclidean",0.670830697129467,-0.00589103690685411,0.670018938896746,-0.00938905497108239,0.136,-0.006,FALSE,0,"L2",14
"C-PCA","CR-Euclidean",0.913537785588752,0.0780187463386057,0.91114638547475,0.0849016763222571,0.336,0.0763333333333333,FALSE,0,"L2",14
"V-PCA","CR-Euclidean",0.913584651435267,0.0779039250146456,0.911109800312964,0.0849213881882016,0.336666666666667,0.0766666666666667,FALSE,0,"L2",14
"MR-PCA","CR-Euclidean",0.792549502050381,0.160934973637961,0.809625717874993,0.156953888818014,0.169333333333333,0.0253333333333333,FALSE,0,"L2",14
"SPCA","CR-Euclidean",0.913537785588752,0.0780187463386057,0.91114638547475,0.0849016763222571,0.336,0.0763333333333333,FALSE,0,"L2",14
"IMDS","CR-Euclidean",0.558625659050967,-0.0412185120093732,0.558936523339602,-0.0446464337565398,0.0503333333333333,0.00266666666666667,FALSE,0,"L2",14
"Int-UMAP","CR-Euclidean",0.77871704745167,0.0131435266549502,0.795643758991428,0.0200947336311299,0.248666666666667,0.00566666666666667,FALSE,0,"L2",14
"C-PCA","Int-Euclidean",0.882462214411248,0.110440538957235,0.879948216436902,0.121018216128329,0.298,0.0606666666666667,FALSE,0,"L2",15
"C-PCA","Hausdorff",0.931730521382542,0.0513719976567076,0.92554859243614,0.0598932488854889,0.357333333333333,0.0483333333333333,FALSE,0,"L2",15
"C-PCA","Ichino-Yaguchi",0.882173989455185,0.100985354422964,0.880013282481632,0.108419398502543,0.296,0.0416666666666667,FALSE,0,"L2",15
"C-PCA","Wasserstein",0.872134153485647,0.120975981253661,0.87215647352876,0.128945072824138,0.29,0.0476666666666667,FALSE,0,"L2",15
"C-PCA","Centers-Euclidean",0.831408904510838,0.138531927357938,0.833266969283724,0.154660744816846,0.222666666666667,0.046,FALSE,0,"L2",15
"V-PCA","Int-Euclidean",0.882519039250147,0.110476859988284,0.879458487869603,0.122180809393165,0.298333333333333,0.061,FALSE,0,"L2",15
"V-PCA","Hausdorff",0.931683655536028,0.0515664909197423,0.925295829973182,0.0603360642864742,0.356666666666667,0.051,FALSE,0,"L2",15
"V-PCA","Ichino-Yaguchi",0.882205623901582,0.101107205623902,0.880207101245762,0.108241830513876,0.296,0.0426666666666667,FALSE,0,"L2",15
"V-PCA","Wasserstein",0.872040421792619,0.121245459871119,0.872313029343814,0.128786702412078,0.292,0.0483333333333333,FALSE,0,"L2",15
"V-PCA","Centers-Euclidean",0.830957234915056,0.139432923257176,0.832775829874929,0.155691121201417,0.221666666666667,0.0456666666666667,FALSE,0,"L2",15
"MR-PCA","Int-Euclidean",0.779344463971881,0.155509080257762,0.786588605221219,0.173271999340482,0.160333333333333,0.0293333333333333,FALSE,0,"L2",15
"MR-PCA","Hausdorff",0.778059753954306,0.158308142940832,0.796482916459608,0.155558093739748,0.172666666666667,0.0226666666666667,FALSE,0,"L2",15
"MR-PCA","Ichino-Yaguchi",0.787431165787932,0.161081429408319,0.797826187244611,0.169513205952308,0.175666666666667,0.0363333333333333,FALSE,0,"L2",15
"MR-PCA","Wasserstein",0.811010544815466,0.124715875805507,0.81753340309246,0.135376712334025,0.182333333333333,0.0336666666666667,FALSE,0,"L2",15
"MR-PCA","Centers-Euclidean",0.831408904510838,0.138531927357938,0.833266969283724,0.154660744816846,0.222666666666667,0.046,FALSE,0,"L2",15
"SPCA","Int-Euclidean",0.882462214411248,0.110440538957235,0.879948216436902,0.121018216128329,0.298,0.0606666666666667,FALSE,0,"L2",15
"SPCA","Hausdorff",0.931730521382542,0.0513719976567076,0.92554859243614,0.0598932488854889,0.357333333333333,0.0483333333333333,FALSE,0,"L2",15
"SPCA","Ichino-Yaguchi",0.882173989455185,0.100985354422964,0.880013282481632,0.108419398502543,0.296,0.0416666666666667,FALSE,0,"L2",15
"SPCA","Wasserstein",0.872134153485647,0.120975981253661,0.87215647352876,0.128945072824138,0.29,0.0476666666666667,FALSE,0,"L2",15
"SPCA","Centers-Euclidean",0.831408904510838,0.138531927357938,0.833266969283724,0.154660744816846,0.222666666666667,0.046,FALSE,0,"L2",15
"IMDS","Int-Euclidean",0.518508494434681,-0.0544557703573521,0.506960691253995,-0.0516882614456627,0.0343333333333333,0.004,FALSE,0,"L2",15
"IMDS","Hausdorff",0.561059168131224,-0.0985588752196838,0.57120073357617,-0.128133726895168,0.0593333333333333,-0.00466666666666667,TRUE,0,"L2",15
"IMDS","Ichino-Yaguchi",0.533034563561804,-0.0657691857059168,0.540139819151306,-0.0798598553879791,0.052,0,FALSE,0,"L2",15
"IMDS","Wasserstein",0.523146455770357,-0.0487861745752782,0.527621239105701,-0.0599744528690667,0.0526666666666667,-0.00333333333333333,FALSE,0,"L2",15
"IMDS","Centers-Euclidean",0.506241359109549,-0.00658699472759228,0.504829487754003,-0.0115592669335138,0.0366666666666667,0.001,FALSE,0,"L2",15
"Int-UMAP","Int-Euclidean",0.796997656707674,0.0993731693028705,0.792926192725247,0.120784182240806,0.157333333333333,0.0283333333333333,FALSE,0,"L2",15
"Int-UMAP","Hausdorff",0.874281780902168,0.0319496192149971,0.879539913688432,0.0376834320385063,0.283333333333333,0.025,FALSE,0,"L2",15
"Int-UMAP","Ichino-Yaguchi",0.811376684241359,0.0364686584651435,0.829343102067397,0.0410366169402609,0.258,0.00533333333333333,FALSE,0,"L2",15
"Int-UMAP","Wasserstein",0.792866432337434,0.0568447568834213,0.811809870148851,0.0604072219732653,0.245666666666667,0.0133333333333333,FALSE,0,"L2",15
"Int-UMAP","Centers-Euclidean",0.696944346807264,0.0286795547744582,0.70114139840337,0.0332586001842537,0.145333333333333,-0.00233333333333333,FALSE,0,"L2",15
"C-PCA","CR-Euclidean",0.90509021675454,0.0765424721734036,0.901624329140263,0.0865965068547093,0.322333333333333,0.0533333333333333,FALSE,0,"L2",15
"V-PCA","CR-Euclidean",0.904953134153486,0.076870533099004,0.902072056388218,0.0859084782976808,0.321,0.0513333333333333,FALSE,0,"L2",15
"MR-PCA","CR-Euclidean",0.781362624487405,0.165047451669596,0.793794513469238,0.167711931343755,0.174,0.0326666666666667,FALSE,0,"L2",15
"SPCA","CR-Euclidean",0.90509021675454,0.0765424721734036,0.901624329140263,0.0865965068547093,0.322333333333333,0.0533333333333333,FALSE,0,"L2",15
"IMDS","CR-Euclidean",0.545064440538957,-0.0776367896895137,0.554725008723729,-0.0971096954593472,0.0563333333333333,0.001,TRUE,0,"L2",15
"Int-UMAP","CR-Euclidean",0.839746338605741,0.03393438781488,0.852660006542989,0.0435359387691721,0.270666666666667,0.00899999999999999,FALSE,0,"L2",15
"C-PCA","Int-Euclidean",0.89713942589338,0.0870919742237845,0.894150474612299,0.102321744629092,0.314333333333333,0.069,FALSE,0,"L2",16
"C-PCA","Hausdorff",0.932981253661394,0.0539648506151142,0.926648912170588,0.063172974847567,0.361666666666667,0.0466666666666667,FALSE,0,"L2",16
"C-PCA","Ichino-Yaguchi",0.884884007029877,0.10580316344464,0.881551348412911,0.116299972228376,0.311,0.0476666666666667,FALSE,0,"L2",16
"C-PCA","Wasserstein",0.874898066783831,0.119309900410076,0.873504234750515,0.132404709477953,0.299,0.0446666666666667,FALSE,0,"L2",16
"C-PCA","Centers-Euclidean",0.834606912712361,0.138010544815466,0.833340177987096,0.155952495324189,0.209666666666667,0.0503333333333333,FALSE,0,"L2",16
"V-PCA","Int-Euclidean",0.897555360281195,0.0862226127709431,0.893799006208777,0.103074697993182,0.315,0.0723333333333333,FALSE,0,"L2",16
"V-PCA","Hausdorff",0.93311072056239,0.0535043936731107,0.926892910989718,0.0625024490151206,0.362,0.0493333333333333,FALSE,0,"L2",16
"V-PCA","Ichino-Yaguchi",0.884968951376684,0.105574692442882,0.880586619910858,0.118255484511985,0.313,0.0496666666666667,FALSE,0,"L2",16
"V-PCA","Wasserstein",0.875520796719391,0.118165202108963,0.873040985175725,0.133467162165253,0.300333333333333,0.046,FALSE,0,"L2",16
"V-PCA","Centers-Euclidean",0.834961335676626,0.137304042179262,0.833404640701349,0.155653955737036,0.211666666666667,0.0523333333333333,FALSE,0,"L2",16
"MR-PCA","Int-Euclidean",0.790261862917399,0.159581722319859,0.79066778244425,0.183386427950443,0.165666666666667,0.039,FALSE,0,"L2",16
"MR-PCA","Hausdorff",0.762492677211482,0.181599297012302,0.771620341478909,0.204775138117391,0.159666666666667,0.034,FALSE,0,"L2",16
"MR-PCA","Ichino-Yaguchi",0.790844756883421,0.164030462800234,0.794054429927157,0.18543834108375,0.165,0.0453333333333333,FALSE,0,"L2",16
"MR-PCA","Wasserstein",0.814893966022261,0.133912126537786,0.815304601292969,0.154758866616834,0.18,0.0436666666666667,FALSE,0,"L2",16
"MR-PCA","Centers-Euclidean",0.834606912712361,0.138010544815466,0.833340177987096,0.155952495324189,0.209666666666667,0.0503333333333333,FALSE,0,"L2",16
"SPCA","Int-Euclidean",0.89713942589338,0.0870919742237845,0.894150474612299,0.102321744629092,0.314333333333333,0.069,FALSE,0,"L2",16
"SPCA","Hausdorff",0.932981253661394,0.0539648506151142,0.926648912170588,0.063172974847567,0.361666666666667,0.0466666666666667,FALSE,0,"L2",16
"SPCA","Ichino-Yaguchi",0.884884007029877,0.10580316344464,0.881551348412911,0.116299972228376,0.311,0.0476666666666667,FALSE,0,"L2",16
"SPCA","Wasserstein",0.874898066783831,0.119309900410076,0.873504234750515,0.132404709477953,0.299,0.0446666666666667,FALSE,0,"L2",16
"SPCA","Centers-Euclidean",0.834606912712361,0.138010544815466,0.833340177987096,0.155952495324189,0.209666666666667,0.0503333333333333,FALSE,0,"L2",16
"IMDS","Int-Euclidean",0.43786467486819,-0.0376883421206795,0.431959373291619,-0.0581958115969329,0.0246666666666667,0.000666666666666666,FALSE,0,"L2",16
"IMDS","Hausdorff",0.573077328646749,-0.10311072056239,0.57523551765064,-0.129729537540282,0.0573333333333333,-0.00333333333333333,FALSE,0,"L2",16
"IMDS","Ichino-Yaguchi",0.540186291739895,-0.0511306385471588,0.538222418010382,-0.0561590692314813,0.046,-0.00066666666666667,FALSE,0,"L2",16
"IMDS","Wasserstein",0.530294083186878,-0.0365858230814294,0.523743890511331,-0.040007029644405,0.045,0.002,FALSE,0,"L2",16
"IMDS","Centers-Euclidean",0.496405389572349,-0.0278945518453427,0.492982147405149,-0.0253066400280142,0.0303333333333333,-0.002,FALSE,0,"L2",16
"Int-UMAP","Int-Euclidean",0.770231400117165,0.0646432337434095,0.774494977081885,0.0835069297801621,0.160333333333333,0.027,FALSE,0,"L2",16
"Int-UMAP","Hausdorff",0.831855887521968,0.0319015817223198,0.846112497645399,0.0316439036065192,0.244,0.02,FALSE,0,"L2",16
"Int-UMAP","Ichino-Yaguchi",0.776313415348565,0.0238582308142941,0.802597791349899,0.0301976099209023,0.231666666666667,0.022,FALSE,0,"L2",16
"Int-UMAP","Wasserstein",0.75987287639133,0.0424897480960751,0.783721034572064,0.0441366532782568,0.201333333333333,0.0156666666666667,FALSE,0,"L2",16
"Int-UMAP","Centers-Euclidean",0.67377035735208,0.0176285881663737,0.67852367028189,0.0172330281832092,0.125333333333333,0.00566666666666667,FALSE,0,"L2",16
"C-PCA","CR-Euclidean",0.906165787932045,0.0823702401874634,0.902820707376582,0.0938243629758961,0.328,0.058,FALSE,0,"L2",16
"V-PCA","CR-Euclidean",0.906488576449912,0.0818207381370826,0.902373994122978,0.0947975396398102,0.328333333333333,0.0606666666666667,FALSE,0,"L2",16
"MR-PCA","CR-Euclidean",0.778622729935559,0.17726654950205,0.782192971184599,0.199114126637685,0.16,0.041,FALSE,0,"L2",16
"SPCA","CR-Euclidean",0.906165787932045,0.0823702401874634,0.902820707376582,0.0938243629758961,0.328,0.058,FALSE,0,"L2",16
"IMDS","CR-Euclidean",0.556657879320445,-0.0751107205623901,0.557389810439091,-0.0878907413027916,0.0516666666666667,0.00566666666666667,FALSE,0,"L2",16
"Int-UMAP","CR-Euclidean",0.801371997656708,0.0251786760398359,0.823383556373711,0.0334166681634789,0.235,0.0286666666666667,FALSE,0,"L2",16
"C-PCA","Int-Euclidean",0.910506736965436,0.0699718804920914,0.908205202366713,0.0789656490032075,0.328666666666667,0.0646666666666667,FALSE,0,"L2",17
"C-PCA","Hausdorff",0.936500878734622,0.0484792032806093,0.929356997090658,0.0578621069006422,0.355666666666667,0.0623333333333333,FALSE,0,"L2",17
"C-PCA","Ichino-Yaguchi",0.886420620972466,0.0964171060339778,0.884715162769505,0.105452618369832,0.293333333333333,0.061,FALSE,0,"L2",17
"C-PCA","Wasserstein",0.876636789689514,0.11360632688928,0.876700480806799,0.125348357336829,0.286,0.064,FALSE,0,"L2",17
"C-PCA","Centers-Euclidean",0.837885764499121,0.13924194493263,0.837746981313489,0.1529298910029,0.215333333333333,0.0443333333333333,FALSE,0,"L2",17
"V-PCA","Int-Euclidean",0.910983011130639,0.0690638547158758,0.90841936626351,0.078541186823201,0.329,0.066,FALSE,0,"L2",17
"V-PCA","Hausdorff",0.93672934973638,0.0480972466315174,0.929540924612399,0.0575995875245995,0.357,0.0626666666666666,FALSE,0,"L2",17
"V-PCA","Ichino-Yaguchi",0.886156414762742,0.0969666080843585,0.884112803302137,0.106773146052185,0.294,0.0613333333333333,FALSE,0,"L2",17
"V-PCA","Wasserstein",0.876720562390158,0.113506736965436,0.876540255115145,0.125676945238011,0.286,0.0633333333333333,FALSE,0,"L2",17
"V-PCA","Centers-Euclidean",0.83781136496778,0.139367311072056,0.837088015477192,0.154269088155794,0.215,0.044,FALSE,0,"L2",17
"MR-PCA","Int-Euclidean",0.786605741066198,0.164780316344464,0.790692404621972,0.186642854302752,0.162333333333333,0.0303333333333333,FALSE,0,"L2",17
"MR-PCA","Hausdorff",0.756766842413591,0.188146455770357,0.770811078037957,0.199681879038227,0.142666666666667,0.014,FALSE,0,"L2",17
"MR-PCA","Ichino-Yaguchi",0.787606326889279,0.165438781487991,0.79420691441289,0.182081087923059,0.154333333333333,0.028,FALSE,0,"L2",17
"MR-PCA","Wasserstein",0.813400702987698,0.129639132981839,0.816704529875835,0.147097802326522,0.169,0.0233333333333333,FALSE,0,"L2",17
"MR-PCA","Centers-Euclidean",0.837885764499121,0.13924194493263,0.837746981313489,0.1529298910029,0.215333333333333,0.0443333333333333,FALSE,0,"L2",17
"SPCA","Int-Euclidean",0.910506736965436,0.0699718804920914,0.908205202366713,0.0789656490032075,0.328666666666667,0.0646666666666667,FALSE,0,"L2",17
"SPCA","Hausdorff",0.936500878734622,0.0484792032806093,0.929356997090658,0.0578621069006422,0.355666666666667,0.0623333333333333,FALSE,0,"L2",17
"SPCA","Ichino-Yaguchi",0.886420620972466,0.0964171060339778,0.884715162769505,0.105452618369832,0.293333333333333,0.061,FALSE,0,"L2",17
"SPCA","Wasserstein",0.876636789689514,0.11360632688928,0.876700480806799,0.125348357336829,0.286,0.064,FALSE,0,"L2",17
"SPCA","Centers-Euclidean",0.837885764499121,0.13924194493263,0.837746981313489,0.1529298910029,0.215333333333333,0.0443333333333333,FALSE,0,"L2",17
"IMDS","Int-Euclidean",0.40719273579379,-0.067444639718805,0.406542186386746,-0.0838414020724786,0.023,0.00533333333333333,FALSE,0,"L2",17
"IMDS","Hausdorff",0.576441124780316,-0.0961300527240774,0.57990189585472,-0.101928776914028,0.0576666666666667,0.00333333333333333,FALSE,0,"L2",17
"IMDS","Ichino-Yaguchi",0.545859402460457,-0.0598008201523139,0.54345858888524,-0.053322674494918,0.0503333333333333,0.00233333333333334,FALSE,0,"L2",17
"IMDS","Wasserstein",0.531974223784417,-0.0331903925014646,0.530029804986089,-0.0342200433753163,0.045,-0.004,FALSE,0,"L2",17
"IMDS","Centers-Euclidean",0.499785588752197,-0.00553954305799653,0.495166955206013,-0.00488715954621555,0.0276666666666667,0.00266666666666667,FALSE,0,"L2",17
"Int-UMAP","Int-Euclidean",0.779131810193322,0.0298793204452256,0.791849696868653,0.0384121830998997,0.169333333333333,0.0106666666666667,FALSE,0,"L2",17
"Int-UMAP","Hausdorff",0.831747510251904,0.0315582893966023,0.844335981846661,0.0357178350783094,0.26,0.00600000000000001,FALSE,0,"L2",17
"Int-UMAP","Ichino-Yaguchi",0.772906854130053,0.0166162858816638,0.797063348011305,0.0325280207091267,0.238666666666667,-0.00399999999999999,FALSE,0,"L2",17
"Int-UMAP","Wasserstein",0.757210896309315,0.0268459285295841,0.779755539088062,0.0426667299165792,0.224333333333333,0.013,FALSE,0,"L2",17
"Int-UMAP","Centers-Euclidean",0.664848857644991,0.00853778558875218,0.671009395682395,0.0128949515669936,0.121666666666667,-0.0113333333333333,FALSE,0,"L2",17
"C-PCA","CR-Euclidean",0.910022847100176,0.0744030462800234,0.906255891491398,0.0858195830019237,0.323333333333333,0.0663333333333333,FALSE,0,"L2",17
"V-PCA","CR-Euclidean",0.910478617457528,0.0735547744581136,0.906758043600375,0.0848112473696403,0.324,0.0676666666666667,FALSE,0,"L2",17
"MR-PCA","CR-Euclidean",0.7752460456942,0.17785237258348,0.783923564015897,0.192198725084409,0.15,0.021,FALSE,0,"L2",17
"SPCA","CR-Euclidean",0.910022847100176,0.0744030462800234,0.906255891491398,0.0858195830019237,0.323333333333333,0.0663333333333333,FALSE,0,"L2",17
"IMDS","CR-Euclidean",0.558,-0.0668306971294669,0.557471829609648,-0.0681338573864921,0.0553333333333333,-0.000666666666666666,FALSE,0,"L2",17
"Int-UMAP","CR-Euclidean",0.799324545987112,0.0188412419449326,0.819102576620284,0.0354056967599618,0.256,0.004,FALSE,0,"L2",17
"C-PCA","Int-Euclidean",0.893955477445811,0.0883608670181605,0.892788860585065,0.0980361485531659,0.307333333333333,0.0626666666666667,FALSE,0,"L2",18
"C-PCA","Hausdorff",0.929233157586409,0.0524838898652606,0.923149170159612,0.0614325061258001,0.346,0.0663333333333333,FALSE,0,"L2",18
"C-PCA","Ichino-Yaguchi",0.880516110134739,0.0981218512009374,0.880112120448712,0.105908630281694,0.292666666666667,0.066,FALSE,0,"L2",18
"C-PCA","Wasserstein",0.869575278265964,0.120879906268307,0.87138669906536,0.125716425772006,0.284,0.0573333333333333,FALSE,0,"L2",18
"C-PCA","Centers-Euclidean",0.827676039835969,0.142677211482132,0.826083741195482,0.163425484771432,0.220666666666667,0.0576666666666667,FALSE,0,"L2",18
"V-PCA","Int-Euclidean",0.894343878148799,0.0880011716461629,0.892847869529554,0.0981266803636502,0.309333333333333,0.0613333333333333,FALSE,0,"L2",18
"V-PCA","Hausdorff",0.929669595782074,0.0517398945518454,0.924121184683143,0.0595874202064741,0.347333333333333,0.0643333333333333,FALSE,0,"L2",18
"V-PCA","Ichino-Yaguchi",0.880617457527827,0.0988963093145869,0.880371213276095,0.106511595382327,0.293,0.0596666666666667,FALSE,0,"L2",18
"V-PCA","Wasserstein",0.869508494434681,0.121294669009959,0.871013737205518,0.126711873467015,0.282666666666667,0.051,FALSE,0,"L2",18
"V-PCA","Centers-Euclidean",0.828134739308729,0.14184417106034,0.825182294844994,0.165253299780176,0.222333333333333,0.0596666666666667,FALSE,0,"L2",18
"MR-PCA","Int-Euclidean",0.776638547158758,0.155920328060926,0.77952951122709,0.180129696094917,0.155666666666667,0.0266666666666667,FALSE,0,"L2",18
"MR-PCA","Hausdorff",0.763891622729935,0.16485647334505,0.774413300259156,0.18424437156376,0.158666666666667,0.0303333333333333,FALSE,0,"L2",18
"MR-PCA","Ichino-Yaguchi",0.779669595782074,0.159386057410662,0.78303775282886,0.184539355646122,0.160333333333333,0.0313333333333333,FALSE,0,"L2",18
"MR-PCA","Wasserstein",0.803807850029291,0.129199765670767,0.804046318739951,0.154001996977821,0.170666666666667,0.0363333333333333,FALSE,0,"L2",18
"MR-PCA","Centers-Euclidean",0.827676039835969,0.142677211482132,0.826083741195482,0.163425484771432,0.220666666666667,0.0576666666666667,FALSE,0,"L2",18
"SPCA","Int-Euclidean",0.893955477445811,0.0883608670181605,0.892788860585065,0.0980361485531659,0.307333333333333,0.0626666666666667,FALSE,0,"L2",18
"SPCA","Hausdorff",0.929233157586409,0.0524838898652606,0.923149170159612,0.0614325061258001,0.346,0.0663333333333333,FALSE,0,"L2",18
"SPCA","Ichino-Yaguchi",0.880516110134739,0.0981218512009374,0.880112120448712,0.105908630281694,0.292666666666667,0.066,FALSE,0,"L2",18
"SPCA","Wasserstein",0.869575278265964,0.120879906268307,0.87138669906536,0.125716425772006,0.284,0.0573333333333333,FALSE,0,"L2",18
"SPCA","Centers-Euclidean",0.827676039835969,0.142677211482132,0.826083741195482,0.163425484771432,0.220666666666667,0.0576666666666667,FALSE,0,"L2",18
"IMDS","Int-Euclidean",0.436379027533685,-0.0800925600468658,0.425780952964325,-0.0824893845307602,0.0273333333333333,0,FALSE,0,"L2",18
"IMDS","Hausdorff",0.579059168131224,-0.0780433509080257,0.582204042989676,-0.0905962025796446,0.044,-0.00333333333333333,FALSE,0,"L2",18
"IMDS","Ichino-Yaguchi",0.540825424721734,-0.0349349736379614,0.541124760759509,-0.0416969045769141,0.0373333333333333,-0.00533333333333333,TRUE,0,"L2",18
"IMDS","Wasserstein",0.527919742237844,-0.0203362624487405,0.522810923597637,-0.0229315459399314,0.0366666666666667,0.00133333333333334,FALSE,0,"L2",18
"IMDS","Centers-Euclidean",0.499243702401875,0.00736379613356763,0.495227042622919,0.0136242322696448,0.0306666666666667,0.003,TRUE,0,"L2",18
"Int-UMAP","Int-Euclidean",0.829132981839484,0.0703456356180434,0.833459555288637,0.0687194579298273,0.211666666666667,0.0113333333333333,FALSE,0,"L2",18
"Int-UMAP","Hausdorff",0.865282366725249,0.0453837141183363,0.873345710819251,0.0478143931316736,0.278333333333333,0.00899999999999999,FALSE,0,"L2",18
"Int-UMAP","Ichino-Yaguchi",0.813134739308729,0.0430216754540129,0.828259245732512,0.0493930510759931,0.257,0.0183333333333333,FALSE,0,"L2",18
"Int-UMAP","Wasserstein",0.794386057410662,0.068631517281781,0.810404749546466,0.0650089186982247,0.230666666666667,0.00533333333333333,FALSE,0,"L2",18
"Int-UMAP","Centers-Euclidean",0.702229056824839,0.0237762155828939,0.707630766507575,0.0191458575222032,0.138666666666667,-0.003,FALSE,0,"L2",18
"C-PCA","CR-Euclidean",0.901528412419449,0.0765869947275922,0.900076808728734,0.0865925905797852,0.317666666666667,0.072,FALSE,0,"L2",18
"V-PCA","CR-Euclidean",0.901375512595196,0.0771411833626245,0.899657100270915,0.0877532034468746,0.316666666666667,0.068,FALSE,0,"L2",18
"MR-PCA","CR-Euclidean",0.769842413591096,0.168202694786175,0.775896484609776,0.1875214201509,0.158333333333333,0.0276666666666667,FALSE,0,"L2",18
"SPCA","CR-Euclidean",0.901528412419449,0.0765869947275922,0.900076808728734,0.0865925905797852,0.317666666666667,0.072,FALSE,0,"L2",18
"IMDS","CR-Euclidean",0.556157000585823,-0.0538816637375513,0.560173995596762,-0.0633634676181173,0.0373333333333333,-0.00366666666666667,FALSE,0,"L2",18
"Int-UMAP","CR-Euclidean",0.833961921499707,0.0437949619214997,0.849417796836675,0.0534661827127243,0.261333333333333,0.012,FALSE,0,"L2",18
"C-PCA","Int-Euclidean",0.895312243702402,0.0933380199179847,0.895822179011683,0.0967289202395575,0.321,0.062,FALSE,0,"L2",19
"C-PCA","Hausdorff",0.93018043350908,0.0541066198008201,0.924933376502934,0.0610620642837109,0.334666666666667,0.063,FALSE,0,"L2",19
"C-PCA","Ichino-Yaguchi",0.88268424135911,0.104145284124194,0.880008372169854,0.111407135541953,0.285666666666667,0.0526666666666667,FALSE,0,"L2",19
"C-PCA","Wasserstein",0.871695957820738,0.12327475102519,0.871884149648679,0.130969409302619,0.269,0.0493333333333333,FALSE,0,"L2",19
"C-PCA","Centers-Euclidean",0.830440538957235,0.142415934387815,0.835651008935892,0.150870180629162,0.206333333333333,0.0443333333333333,FALSE,0,"L2",19
"V-PCA","Int-Euclidean",0.895564733450498,0.0928588166373755,0.895898584752503,0.0965316987222443,0.321333333333333,0.061,FALSE,0,"L2",19
"V-PCA","Hausdorff",0.930042765084944,0.0542952548330404,0.92493473130992,0.0610088898366141,0.334333333333333,0.0616666666666667,FALSE,0,"L2",19
"V-PCA","Ichino-Yaguchi",0.883029291154071,0.103335676625659,0.880175937614708,0.110944810920374,0.285666666666667,0.0523333333333333,FALSE,0,"L2",19
"V-PCA","Wasserstein",0.871836555360281,0.122981839484476,0.872148485156919,0.130404547668711,0.269666666666667,0.051,FALSE,0,"L2",19
"V-PCA","Centers-Euclidean",0.830555360281195,0.142195664909197,0.835404413339407,0.151351956134036,0.206,0.0436666666666667,FALSE,0,"L2",19
"MR-PCA","Int-Euclidean",0.784243702401875,0.15986877562976,0.790992725799501,0.175113581951545,0.168,0.0253333333333333,FALSE,0,"L2",19
"MR-PCA","Hausdorff",0.753117750439367,0.183388400702988,0.762309060872361,0.20534098841498,0.142666666666667,0.0316666666666667,FALSE,0,"L2",19
"MR-PCA","Ichino-Yaguchi",0.784482718219098,0.16124194493263,0.791074282877251,0.177166938165381,0.16,0.037,FALSE,0,"L2",19
"MR-PCA","Wasserstein",0.807531341534857,0.129213825424722,0.813926863911212,0.142439983585727,0.177666666666667,0.0296666666666667,FALSE,0,"L2",19
"MR-PCA","Centers-Euclidean",0.830440538957235,0.142415934387815,0.835651008935892,0.150870180629162,0.206333333333333,0.0443333333333333,FALSE,0,"L2",19
"SPCA","Int-Euclidean",0.895312243702402,0.0933380199179847,0.895822179011683,0.0967289202395575,0.321,0.062,FALSE,0,"L2",19
"SPCA","Hausdorff",0.93018043350908,0.0541066198008201,0.924933376502934,0.0610620642837109,0.334666666666667,0.063,FALSE,0,"L2",19
"SPCA","Ichino-Yaguchi",0.88268424135911,0.104145284124194,0.880008372169854,0.111407135541953,0.285666666666667,0.0526666666666667,FALSE,0,"L2",19
"SPCA","Wasserstein",0.871695957820738,0.12327475102519,0.871884149648679,0.130969409302619,0.269,0.0493333333333333,FALSE,0,"L2",19
"SPCA","Centers-Euclidean",0.830440538957235,0.142415934387815,0.835651008935892,0.150870180629162,0.206333333333333,0.0443333333333333,FALSE,0,"L2",19
"IMDS","Int-Euclidean",0.494046865846514,-0.0292747510251904,0.478020534882404,-0.0206295868660021,0.0353333333333333,0.002,FALSE,0,"L2",19
"IMDS","Hausdorff",0.571832454598711,-0.101312243702402,0.578569677684894,-0.122610442100002,0.0633333333333333,0.00833333333333333,TRUE,0,"L2",19
"IMDS","Ichino-Yaguchi",0.545784417106034,-0.0474212067955477,0.542796617910502,-0.0580467168152502,0.0553333333333333,0.00066666666666667,TRUE,0,"L2",19
"IMDS","Wasserstein",0.532579379027534,-0.0334422964264792,0.53107626864817,-0.042314291271681,0.0506666666666667,0.00666666666666667,FALSE,0,"L2",19
"IMDS","Centers-Euclidean",0.503286467486819,0.00292208553016993,0.499646577296996,-0.00278171580125586,0.037,0.00266666666666667,FALSE,0,"L2",19
"Int-UMAP","Int-Euclidean",0.738875805506737,0.0530064440538957,0.744564559661631,0.0728259631065717,0.158,0.0193333333333333,FALSE,0,"L2",19
"Int-UMAP","Hausdorff",0.824882835383714,0.0277668424135911,0.839957181190888,0.0293661038499086,0.258666666666667,-0.00333333333333334,FALSE,0,"L2",19
"Int-UMAP","Ichino-Yaguchi",0.770388400702988,0.0128283538371412,0.792772605204025,0.0266164797033026,0.24,0.00533333333333333,FALSE,0,"L2",19
"Int-UMAP","Wasserstein",0.752728763913298,0.0234469830111307,0.774002346234013,0.0336117358063435,0.218666666666667,-0.00166666666666666,FALSE,0,"L2",19
"Int-UMAP","Centers-Euclidean",0.662172817809022,0.0192841241944933,0.666239354402616,0.0124639463984625,0.123333333333333,-0.00666666666666666,FALSE,0,"L2",19
"C-PCA","CR-Euclidean",0.903398945518453,0.0824721734036321,0.900697387087776,0.0906261787396473,0.306333333333333,0.061,FALSE,0,"L2",19
"V-PCA","CR-Euclidean",0.903530169888694,0.0822144112478032,0.900637293530102,0.0907643183908485,0.308,0.0616666666666667,FALSE,0,"L2",19
"MR-PCA","CR-Euclidean",0.772129466900996,0.172364381956649,0.779390412848452,0.189492474718841,0.154333333333333,0.0286666666666667,FALSE,0,"L2",19
"SPCA","CR-Euclidean",0.903398945518453,0.0824721734036321,0.900697387087776,0.0906261787396473,0.306333333333333,0.061,FALSE,0,"L2",19
"IMDS","CR-Euclidean",0.55635266549502,-0.0677469244288225,0.557980900829203,-0.0855715051775119,0.0556666666666667,0.004,FALSE,0,"L2",19
"Int-UMAP","CR-Euclidean",0.792248974809608,0.0155676625659051,0.814904756685109,0.0255003520962971,0.251,0.000333333333333338,FALSE,0,"L2",19
"C-PCA","Int-Euclidean",0.902652606912712,0.0832079671939074,0.899607439110829,0.0905054481663129,0.319333333333333,0.0613333333333333,FALSE,0,"L2",20
"C-PCA","Hausdorff",0.932847100175747,0.0528201523140012,0.9267008669076,0.061031813324331,0.357,0.0683333333333333,FALSE,0,"L2",20
"C-PCA","Ichino-Yaguchi",0.884569420035149,0.100672524897481,0.882933721307069,0.108584133820849,0.295666666666667,0.059,FALSE,0,"L2",20
"C-PCA","Wasserstein",0.875670767428237,0.118026947861746,0.874769838634428,0.128621267046197,0.290666666666667,0.056,FALSE,0,"L2",20
"C-PCA","Centers-Euclidean",0.833512009373169,0.143661394258934,0.831101696801719,0.160035545836766,0.221,0.041,FALSE,0,"L2",20
"V-PCA","Int-Euclidean",0.902861745752783,0.082888107791447,0.900151019912516,0.089516112070862,0.321,0.0603333333333333,FALSE,0,"L2",20
"V-PCA","Hausdorff",0.932727006444054,0.0530251903925014,0.926292069827289,0.061776599466705,0.356666666666667,0.0686666666666667,FALSE,0,"L2",20
"V-PCA","Ichino-Yaguchi",0.884683069712947,0.100492091388401,0.883469839540192,0.107527497976233,0.295333333333333,0.0576666666666667,FALSE,0,"L2",20
"V-PCA","Wasserstein",0.876248388986526,0.116867018160515,0.876646718381146,0.124878435049786,0.290666666666667,0.0536666666666667,FALSE,0,"L2",20
"V-PCA","Centers-Euclidean",0.833986526069127,0.142698301113064,0.831014328254457,0.16018348154845,0.222,0.0413333333333333,FALSE,0,"L2",20
"MR-PCA","Int-Euclidean",0.785285881663738,0.168355008787346,0.788635867490205,0.183429098613522,0.169333333333333,0.0376666666666667,FALSE,0,"L2",20
"MR-PCA","Hausdorff",0.768540128881078,0.172789689513767,0.780226791619018,0.189388136926235,0.167333333333333,0.0356666666666667,FALSE,0,"L2",20
"MR-PCA","Ichino-Yaguchi",0.788310486233158,0.162469830111306,0.792801550482565,0.183496396827495,0.17,0.0456666666666667,FALSE,0,"L2",20
"MR-PCA","Wasserstein",0.811019917984769,0.134339777387229,0.812451766184724,0.155974130785774,0.183333333333333,0.0486666666666667,FALSE,0,"L2",20
"MR-PCA","Centers-Euclidean",0.833512009373169,0.143661394258934,0.831101696801719,0.160035545836766,0.221,0.041,FALSE,0,"L2",20
"SPCA","Int-Euclidean",0.902652606912712,0.0832079671939074,0.899607439110829,0.0905054481663129,0.319333333333333,0.0613333333333333,FALSE,0,"L2",20
"SPCA","Hausdorff",0.932847100175747,0.0528201523140012,0.9267008669076,0.061031813324331,0.357,0.0683333333333333,FALSE,0,"L2",20
"SPCA","Ichino-Yaguchi",0.884569420035149,0.100672524897481,0.882933721307069,0.108584133820849,0.295666666666667,0.059,FALSE,0,"L2",20
"SPCA","Wasserstein",0.875670767428237,0.118026947861746,0.874769838634428,0.128621267046197,0.290666666666667,0.056,FALSE,0,"L2",20
"SPCA","Centers-Euclidean",0.833512009373169,0.143661394258934,0.831101696801719,0.160035545836766,0.221,0.041,FALSE,0,"L2",20
"IMDS","Int-Euclidean",0.441405975395431,-0.0330005858230815,0.434517975794013,-0.0161154528900987,0.0296666666666667,0.00566666666666667,TRUE,0,"L2",20
"IMDS","Hausdorff",0.582710017574692,-0.0989502050380784,0.590222945962928,-0.107707712635997,0.0583333333333333,0.00266666666666666,FALSE,0,"L2",20
"IMDS","Ichino-Yaguchi",0.551269478617458,-0.0338992384299941,0.552721057292907,-0.0310244904582441,0.049,0.003,FALSE,0,"L2",20
"IMDS","Wasserstein",0.536466315172818,-0.0237000585823081,0.538597400182964,-0.0196153438147035,0.0473333333333333,0.006,TRUE,0,"L2",20
"IMDS","Centers-Euclidean",0.506858230814294,0.00455887521968368,0.497613791889058,0.0117256234146264,0.0396666666666667,0.00233333333333334,FALSE,0,"L2",20
"Int-UMAP","Int-Euclidean",0.712868189806678,-0.0156883421206796,0.723287073391238,0.0217953242041602,0.171333333333333,0.021,FALSE,0,"L2",20
"Int-UMAP","Hausdorff",0.799981839484476,-0.00319507908611594,0.821551158816692,0.000862920705948844,0.251333333333333,0.00566666666666667,FALSE,0,"L2",20
"Int-UMAP","Ichino-Yaguchi",0.753728178090217,-0.0190251903925014,0.782143815870293,-0.0104023723015738,0.236,0.011,FALSE,0,"L2",20
"Int-UMAP","Wasserstein",0.737561218512009,0.00843233743409499,0.762400865357056,0.0116508610968978,0.219333333333333,0.003,FALSE,0,"L2",20
"Int-UMAP","Centers-Euclidean",0.658108377270064,0.0048986526069128,0.668013796924488,0.00843026612707737,0.134666666666667,-0.00966666666666666,FALSE,0,"L2",20
"C-PCA","CR-Euclidean",0.906169302870533,0.0790076157000585,0.903665590343519,0.0889464606377526,0.321333333333333,0.069,FALSE,0,"L2",20
"V-PCA","CR-Euclidean",0.906271236086702,0.0788084358523725,0.904095055714422,0.0881399505637455,0.320666666666667,0.0696666666666667,FALSE,0,"L2",20
"MR-PCA","CR-Euclidean",0.777012888107791,0.172490919742238,0.784164418761705,0.190893443394322,0.164666666666667,0.0366666666666667,FALSE,0,"L2",20
"SPCA","CR-Euclidean",0.906169302870533,0.0790076157000585,0.903665590343519,0.0889464606377526,0.321333333333333,0.069,FALSE,0,"L2",20
"IMDS","CR-Euclidean",0.566206209724663,-0.0672923257176333,0.570243842997137,-0.0654950741060232,0.0506666666666667,0.007,FALSE,0,"L2",20
"Int-UMAP","CR-Euclidean",0.772424721734036,-0.0147850029291154,0.799393653638873,-0.00285105582065764,0.24,0.0166666666666667,FALSE,0,"L2",20
"C-PCA","Int-Euclidean",0.901823081429408,0.0841405975395432,0.898770080887734,0.0939187450480461,0.316333333333333,0.064,FALSE,0,"L2",21
"C-PCA","Hausdorff",0.932855887521968,0.05401640304628,0.925947124454796,0.0642065689946779,0.358666666666667,0.079,FALSE,0,"L2",21
"C-PCA","Ichino-Yaguchi",0.88392208553017,0.111776215582894,0.881671175525723,0.118983504821961,0.303666666666667,0.0596666666666667,FALSE,0,"L2",21
"C-PCA","Wasserstein",0.872189220855302,0.126323374340949,0.872128806297603,0.135705834482041,0.291333333333333,0.0586666666666667,FALSE,0,"L2",21
"C-PCA","Centers-Euclidean",0.834685413005272,0.140067955477446,0.832690260572753,0.160978489963605,0.219333333333333,0.0526666666666667,FALSE,0,"L2",21
"V-PCA","Int-Euclidean",0.902126537785589,0.0835477445811365,0.898963354658686,0.0935442610452847,0.316,0.0626666666666667,FALSE,0,"L2",21
"V-PCA","Hausdorff",0.932801991798477,0.0540937316930287,0.925988683638829,0.0640747451235776,0.358666666666667,0.0793333333333333,FALSE,0,"L2",21
"V-PCA","Ichino-Yaguchi",0.884210896309315,0.111165787932044,0.881409564215779,0.119431140725989,0.303666666666667,0.06,FALSE,0,"L2",21
"V-PCA","Wasserstein",0.872463386057411,0.125817223198594,0.872310490136161,0.135352166148309,0.291666666666667,0.0593333333333333,FALSE,0,"L2",21
"V-PCA","Centers-Euclidean",0.83430345635618,0.140911540714704,0.832564998112481,0.161274874141118,0.219333333333333,0.0523333333333333,FALSE,0,"L2",21
"MR-PCA","Int-Euclidean",0.790989455184534,0.160650263620387,0.792340255207256,0.181378189495817,0.169333333333333,0.0323333333333333,FALSE,0,"L2",21
"MR-PCA","Hausdorff",0.770705916813122,0.170046865846514,0.780437933490261,0.188675167639134,0.162,0.024,FALSE,0,"L2",21
"MR-PCA","Ichino-Yaguchi",0.789519039250146,0.165702401874634,0.790359878953177,0.189781640423326,0.166333333333333,0.031,FALSE,0,"L2",21
"MR-PCA","Wasserstein",0.814542472173404,0.135777387229057,0.812025107912487,0.158666116146797,0.186666666666667,0.0306666666666667,FALSE,0,"L2",21
"MR-PCA","Centers-Euclidean",0.834685413005272,0.140067955477446,0.832690260572753,0.160978489963605,0.219333333333333,0.0526666666666667,FALSE,0,"L2",21
"SPCA","Int-Euclidean",0.901823081429408,0.0841405975395432,0.898770080887734,0.0939187450480461,0.316333333333333,0.064,FALSE,0,"L2",21
"SPCA","Hausdorff",0.932855887521968,0.05401640304628,0.925947124454796,0.0642065689946779,0.358666666666667,0.079,FALSE,0,"L2",21
"SPCA","Ichino-Yaguchi",0.88392208553017,0.111776215582894,0.881671175525723,0.118983504821961,0.303666666666667,0.0596666666666667,FALSE,0,"L2",21
"SPCA","Wasserstein",0.872189220855302,0.126323374340949,0.872128806297603,0.135705834482041,0.291333333333333,0.0586666666666667,FALSE,0,"L2",21
"SPCA","Centers-Euclidean",0.834685413005272,0.140067955477446,0.832690260572753,0.160978489963605,0.219333333333333,0.0526666666666667,FALSE,0,"L2",21
"IMDS","Int-Euclidean",0.492702401874634,-0.0244065612185119,0.482029014976259,-0.0325460515397745,0.03,0.00133333333333333,TRUE,0,"L2",21
"IMDS","Hausdorff",0.582401874633861,-0.114469830111306,0.590296671258426,-0.128028845644576,0.053,-0.00366666666666667,TRUE,0,"L2",21
"IMDS","Ichino-Yaguchi",0.551399531341535,-0.0494235500878735,0.547132410928541,-0.0569172591356593,0.042,-0.00466666666666667,FALSE,0,"L2",21
"IMDS","Wasserstein",0.531254833040422,-0.0359718804920914,0.529123816769916,-0.0450439594568061,0.0396666666666667,-0.004,TRUE,0,"L2",21
"IMDS","Centers-Euclidean",0.506224956063269,0.00341652021089645,0.497918724015915,0.00260804720040075,0.0316666666666667,-0.000333333333333333,FALSE,0,"L2",21
"Int-UMAP","Int-Euclidean",0.762509666080844,0.058373755125952,0.762236666588372,0.103768876529569,0.161333333333333,0.0176666666666667,FALSE,0,"L2",21
"Int-UMAP","Hausdorff",0.82084827182191,0.0439953134153486,0.835308264261205,0.0486973419531297,0.237,0.02,FALSE,0,"L2",21
"Int-UMAP","Ichino-Yaguchi",0.757250732278852,0.0258734622144112,0.782213728516331,0.0446884980187579,0.210333333333333,0.019,FALSE,0,"L2",21
"Int-UMAP","Wasserstein",0.739587580550674,0.0442249560632689,0.765966815595648,0.059002444486304,0.197666666666667,0.0133333333333333,FALSE,0,"L2",21
"Int-UMAP","Centers-Euclidean",0.666270064440539,0.038937316930287,0.67301633843493,0.0348976249504324,0.121666666666667,0.003,FALSE,0,"L2",21
"C-PCA","CR-Euclidean",0.905664909197422,0.0873040421792619,0.901691791619786,0.0956468570089884,0.329333333333333,0.0666666666666667,FALSE,0,"L2",21
"V-PCA","CR-Euclidean",0.905302284710018,0.0881347393087287,0.902017958523102,0.0951373421189304,0.328666666666667,0.0663333333333333,FALSE,0,"L2",21
"MR-PCA","CR-Euclidean",0.779013473930873,0.1737949619215,0.781747167532285,0.195714076928167,0.16,0.0296666666666667,FALSE,0,"L2",21
"SPCA","CR-Euclidean",0.905664909197422,0.0873040421792619,0.901691791619786,0.0956468570089884,0.329333333333333,0.0666666666666667,FALSE,0,"L2",21
"IMDS","CR-Euclidean",0.565514352665495,-0.0799894551845343,0.566752050210605,-0.0874313258701507,0.05,-0.00566666666666667,FALSE,0,"L2",21
"Int-UMAP","CR-Euclidean",0.782676625659051,0.0354598711189221,0.806019396691016,0.048960859204006,0.225,0.022,FALSE,0,"L2",21
"C-PCA","Int-Euclidean",0.893081429408319,0.0941862917398946,0.893102457335861,0.10284501176955,0.303333333333333,0.0826666666666667,FALSE,0,"L2",22
"C-PCA","Hausdorff",0.933022261277094,0.0487182190978325,0.924493301419761,0.0617787318484649,0.338666666666667,0.065,FALSE,0,"L2",22
"C-PCA","Ichino-Yaguchi",0.886830697129467,0.104035149384886,0.881834097782215,0.116963400867967,0.280333333333333,0.059,FALSE,0,"L2",22
"C-PCA","Wasserstein",0.875189220855302,0.122362038664323,0.872074915683415,0.136085912724639,0.277666666666667,0.0566666666666667,FALSE,0,"L2",22
"C-PCA","Centers-Euclidean",0.830230228471002,0.142185120093732,0.829613196848619,0.162473917470839,0.199666666666667,0.041,FALSE,0,"L2",22
"V-PCA","Int-Euclidean",0.894069127123609,0.0926186291739894,0.893637896246501,0.102238201012828,0.305,0.082,FALSE,0,"L2",22
"V-PCA","Hausdorff",0.932900410076157,0.0490720562390158,0.9243034288668,0.0621710563180599,0.339,0.064,FALSE,0,"L2",22
"V-PCA","Ichino-Yaguchi",0.887381370826011,0.103432923257176,0.881981501549853,0.117200294818282,0.278333333333333,0.0566666666666667,FALSE,0,"L2",22
"V-PCA","Wasserstein",0.875599882835384,0.121674282366725,0.871407762667906,0.137497930177316,0.278333333333333,0.055,FALSE,0,"L2",22
"V-PCA","Centers-Euclidean",0.83001640304628,0.142661980082015,0.830228180200229,0.161251936836672,0.201,0.0356666666666667,FALSE,0,"L2",22
"MR-PCA","Int-Euclidean",0.776418277680141,0.159301698886936,0.781689818897999,0.182007556829356,0.154666666666667,0.029,FALSE,0,"L2",22
"MR-PCA","Hausdorff",0.760599882835384,0.181443468072642,0.776409069883938,0.188290634269202,0.135333333333333,0.017,FALSE,0,"L2",22
"MR-PCA","Ichino-Yaguchi",0.78601230228471,0.165559461042765,0.789731904038829,0.185433337892854,0.151666666666667,0.0283333333333333,FALSE,0,"L2",22
"MR-PCA","Wasserstein",0.809308142940832,0.1322050380785,0.810316677113649,0.153375036825419,0.168,0.0213333333333333,FALSE,0,"L2",22
"MR-PCA","Centers-Euclidean",0.830230228471002,0.142185120093732,0.829613196848619,0.162473917470839,0.199666666666667,0.041,FALSE,0,"L2",22
"SPCA","Int-Euclidean",0.893081429408319,0.0941862917398946,0.893102457335861,0.10284501176955,0.303333333333333,0.0826666666666667,FALSE,0,"L2",22
"SPCA","Hausdorff",0.933022261277094,0.0487182190978325,0.924493301419761,0.0617787318484649,0.338666666666667,0.065,FALSE,0,"L2",22
"SPCA","Ichino-Yaguchi",0.886830697129467,0.104035149384886,0.881834097782215,0.116963400867967,0.280333333333333,0.059,FALSE,0,"L2",22
"SPCA","Wasserstein",0.875189220855302,0.122362038664323,0.872074915683415,0.136085912724639,0.277666666666667,0.0566666666666667,FALSE,0,"L2",22
"SPCA","Centers-Euclidean",0.830230228471002,0.142185120093732,0.829613196848619,0.162473917470839,0.199666666666667,0.041,FALSE,0,"L2",22
"IMDS","Int-Euclidean",0.48568834212068,-0.0210099589923842,0.477030624625125,-0.0292279304244821,0.027,-0.002,TRUE,0,"L2",22
"IMDS","Hausdorff",0.577389572349151,-0.086340949033392,0.58220393782902,-0.120035433767747,0.0533333333333333,-0.004,TRUE,0,"L2",22
"IMDS","Ichino-Yaguchi",0.547551845342707,-0.0440902167545401,0.549418591298562,-0.0627818401518121,0.045,-0.002,FALSE,0,"L2",22
"IMDS","Wasserstein",0.532121851200937,-0.0186924428822496,0.534541283847339,-0.0383006805659885,0.0443333333333333,-0.00133333333333334,FALSE,0,"L2",22
"IMDS","Centers-Euclidean",0.512709431751611,0.00373637961335671,0.500674224110099,-0.00414287234125849,0.0303333333333333,-0.002,FALSE,0,"L2",22
"Int-UMAP","Int-Euclidean",0.791044522554189,0.0540117164616286,0.796092387397117,0.0894655044648758,0.192666666666667,0.0196666666666667,FALSE,0,"L2",22
"Int-UMAP","Hausdorff",0.847681898066784,0.0149115407147041,0.860378909961447,0.0186500288692865,0.267,0.00700000000000001,FALSE,0,"L2",22
"Int-UMAP","Ichino-Yaguchi",0.797835383714118,0.0273848857644992,0.81855022833679,0.0468410629485543,0.254666666666667,0.001,FALSE,0,"L2",22
"Int-UMAP","Wasserstein",0.781911540714704,0.0535711775043937,0.802740929586421,0.0681647331690371,0.235666666666667,0.00166666666666666,FALSE,0,"L2",22
"Int-UMAP","Centers-Euclidean",0.693168717047452,0.0407908611599298,0.694573828383644,0.0456809290613851,0.135666666666667,-0.00433333333333333,FALSE,0,"L2",22
"C-PCA","CR-Euclidean",0.907499707088459,0.0772278851786761,0.90175230428489,0.0910684537530303,0.304666666666667,0.068,FALSE,0,"L2",22
"V-PCA","CR-Euclidean",0.907609841827768,0.077195079086116,0.901497785562225,0.0917785921459882,0.303333333333333,0.0656666666666667,FALSE,0,"L2",22
"MR-PCA","CR-Euclidean",0.774712360867018,0.174647920328061,0.781420200793909,0.192279204457338,0.145666666666667,0.0176666666666667,FALSE,0,"L2",22
"SPCA","CR-Euclidean",0.907499707088459,0.0772278851786761,0.90175230428489,0.0910684537530303,0.304666666666667,0.068,FALSE,0,"L2",22
"IMDS","CR-Euclidean",0.558581722319859,-0.0641042765084945,0.562825438838486,-0.089196339242441,0.045,-0.00366666666666667,FALSE,0,"L2",22
"Int-UMAP","CR-Euclidean",0.819584065612185,0.0187861745752782,0.838100999671008,0.0370758214467251,0.257666666666667,0.00933333333333333,FALSE,0,"L2",22
"C-PCA","Int-Euclidean",0.892354422964265,0.0965049794961921,0.890620972135804,0.108963508945487,0.318,0.0756666666666667,FALSE,0,"L2",23
"C-PCA","Hausdorff",0.935639132981839,0.0494411247803163,0.927390848996514,0.0618012561862483,0.355333333333333,0.0716666666666667,FALSE,0,"L2",23
"C-PCA","Ichino-Yaguchi",0.888736965436438,0.0934176918570591,0.884364934033565,0.106556472116384,0.300666666666667,0.0706666666666667,FALSE,0,"L2",23
"C-PCA","Wasserstein",0.880046865846514,0.115683655536028,0.876855316439159,0.129920047197944,0.294666666666667,0.0706666666666667,FALSE,0,"L2",23
"C-PCA","Centers-Euclidean",0.839192149970709,0.14181956649092,0.836363902998583,0.160821375338644,0.218333333333333,0.0453333333333333,FALSE,0,"L2",23
"V-PCA","Int-Euclidean",0.893514938488576,0.0955875805506736,0.891910407573532,0.107658294803851,0.320666666666667,0.0736666666666667,FALSE,0,"L2",23
"V-PCA","Hausdorff",0.936173403632103,0.0488342120679555,0.928098907204242,0.0609897505973049,0.356,0.0673333333333333,FALSE,0,"L2",23
"V-PCA","Ichino-Yaguchi",0.88931575864089,0.0946643233743409,0.885355573507068,0.106881825367913,0.299333333333333,0.0676666666666667,FALSE,0,"L2",23
"V-PCA","Wasserstein",0.880825424721734,0.115349736379613,0.877678684457086,0.129169482592688,0.295666666666667,0.0716666666666667,FALSE,0,"L2",23
"V-PCA","Centers-Euclidean",0.839261277094318,0.141475102519039,0.837437121220146,0.158621403678289,0.219333333333333,0.046,FALSE,0,"L2",23
"MR-PCA","Int-Euclidean",0.786174575278266,0.155043936731107,0.792677643596875,0.172135978714869,0.162666666666667,0.029,FALSE,0,"L2",23
"MR-PCA","Hausdorff",0.784579964850615,0.163093145869947,0.800528853704334,0.166655868125775,0.164,0.037,FALSE,0,"L2",23
"MR-PCA","Ichino-Yaguchi",0.791950205038078,0.168338605741066,0.793737600829495,0.19002674918631,0.162333333333333,0.0333333333333333,FALSE,0,"L2",23
"MR-PCA","Wasserstein",0.817388986526069,0.13320093731693,0.816302971993645,0.155493741559322,0.177333333333333,0.0336666666666667,FALSE,0,"L2",23
"MR-PCA","Centers-Euclidean",0.839192149970709,0.14181956649092,0.836363902998583,0.160821375338644,0.218333333333333,0.0453333333333333,FALSE,0,"L2",23
"SPCA","Int-Euclidean",0.892354422964265,0.0965049794961921,0.890620972135804,0.108963508945487,0.318,0.0756666666666667,FALSE,0,"L2",23
"SPCA","Hausdorff",0.935639132981839,0.0494411247803163,0.927390848996514,0.0618012561862483,0.355333333333333,0.0716666666666667,FALSE,0,"L2",23
"SPCA","Ichino-Yaguchi",0.888736965436438,0.0934176918570591,0.884364934033565,0.106556472116384,0.300666666666667,0.0706666666666667,FALSE,0,"L2",23
"SPCA","Wasserstein",0.880046865846514,0.115683655536028,0.876855316439159,0.129920047197944,0.294666666666667,0.0706666666666667,FALSE,0,"L2",23
"SPCA","Centers-Euclidean",0.839192149970709,0.14181956649092,0.836363902998583,0.160821375338644,0.218333333333333,0.0453333333333333,FALSE,0,"L2",23
"IMDS","Int-Euclidean",0.494178676039836,-0.084896309314587,0.491717777815646,-0.0913134489118022,0.0363333333333333,-0.00233333333333333,FALSE,0,"L2",23
"IMDS","Hausdorff",0.556820738137083,-0.0877855887521968,0.565428043015467,-0.114430925031506,0.0496666666666667,0.00233333333333333,TRUE,0,"L2",23
"IMDS","Ichino-Yaguchi",0.530541300527241,-0.0394985354422964,0.528819705970807,-0.0526945644836696,0.0483333333333333,0.00633333333333333,FALSE,0,"L2",23
"IMDS","Wasserstein",0.52221734036321,-0.027368482718219,0.51736000391781,-0.0360445561859566,0.0453333333333333,0.006,TRUE,0,"L2",23
"IMDS","Centers-Euclidean",0.497464557703574,0.00389220855301697,0.495594047170004,0.0036789142753364,0.036,0.001,FALSE,0,"L2",23
"Int-UMAP","Int-Euclidean",0.792082601054482,0.0560949033391915,0.799587893813222,0.0761993941211049,0.194333333333333,0.0266666666666667,FALSE,0,"L2",23
"Int-UMAP","Hausdorff",0.846552431165788,0.0280128881077915,0.857378367117537,0.02721840087334,0.281666666666667,-0.0113333333333333,FALSE,0,"L2",23
"Int-UMAP","Ichino-Yaguchi",0.799066783831283,0.0311903925014645,0.819443954206449,0.0352640660820348,0.254333333333333,-0.001,FALSE,0,"L2",23
"Int-UMAP","Wasserstein",0.774683655536028,0.0401277094317516,0.796851866862619,0.0393900113957306,0.237333333333333,0.00933333333333333,FALSE,0,"L2",23
"Int-UMAP","Centers-Euclidean",0.68729115407147,0.0127147041593438,0.690389317028366,0.013020372152046,0.138333333333333,-0.00166666666666666,FALSE,0,"L2",23
"C-PCA","CR-Euclidean",0.911112478031634,0.0759519625073227,0.905015936061093,0.0888851542783577,0.328333333333333,0.0756666666666667,FALSE,0,"L2",23
"V-PCA","CR-Euclidean",0.911528998242531,0.0760796719390744,0.905230899025353,0.089415708975485,0.326333333333333,0.072,FALSE,0,"L2",23
"MR-PCA","CR-Euclidean",0.782558289396602,0.174515524311658,0.79004348354727,0.188769620330118,0.158333333333333,0.0316666666666667,FALSE,0,"L2",23
"SPCA","CR-Euclidean",0.911112478031634,0.0759519625073227,0.905015936061093,0.0888851542783577,0.328333333333333,0.0756666666666667,FALSE,0,"L2",23
"IMDS","CR-Euclidean",0.539572934973638,-0.0638441710603398,0.544962900548877,-0.0866413897295345,0.0496666666666667,0.00166666666666667,FALSE,0,"L2",23
"Int-UMAP","CR-Euclidean",0.818930872876391,0.0335032220269479,0.836592715697937,0.0374691852413391,0.266,0,FALSE,0,"L2",23
"C-PCA","Int-Euclidean",0.893811950790861,0.0896766256590509,0.889367944545179,0.106353198872002,0.298666666666667,0.0636666666666667,FALSE,0,"L2",24
"C-PCA","Hausdorff",0.930683655536028,0.054531927357938,0.922014064508463,0.0660601307093217,0.336333333333333,0.0743333333333333,FALSE,0,"L2",24
"C-PCA","Ichino-Yaguchi",0.881627416520211,0.109312243702402,0.876390134057575,0.122981548680249,0.277333333333333,0.0696666666666667,FALSE,0,"L2",24
"C-PCA","Wasserstein",0.871063268892794,0.125566490919742,0.866338984528795,0.140844782411857,0.263333333333333,0.0603333333333333,FALSE,0,"L2",24
"C-PCA","Centers-Euclidean",0.82015172817809,0.155314586994728,0.820575908108316,0.171594441253804,0.188333333333333,0.028,FALSE,0,"L2",24
"V-PCA","Int-Euclidean",0.893473930872876,0.090439367311072,0.888795026990979,0.107668823150942,0.299666666666667,0.0623333333333333,FALSE,0,"L2",24
"V-PCA","Hausdorff",0.930351493848858,0.0551962507322789,0.922326284959585,0.0653865053241228,0.335,0.0706666666666667,FALSE,0,"L2",24
"V-PCA","Ichino-Yaguchi",0.881735207967194,0.109014645577036,0.876838562120702,0.122036376989743,0.277333333333333,0.0636666666666667,FALSE,0,"L2",24
"V-PCA","Wasserstein",0.870900995899238,0.125954305799649,0.866529227063041,0.140666110620106,0.262333333333333,0.0563333333333333,FALSE,0,"L2",24
"V-PCA","Centers-Euclidean",0.818471587580551,0.158618629173989,0.824091601532306,0.164903001192998,0.19,0.0286666666666667,FALSE,0,"L2",24
"MR-PCA","Int-Euclidean",0.773429408318688,0.172224956063269,0.777843886473776,0.191657617477118,0.141666666666667,0.0263333333333333,FALSE,0,"L2",24
"MR-PCA","Hausdorff",0.761516110134739,0.180299941417692,0.772502428290028,0.192912409771006,0.139,0.0176666666666667,FALSE,0,"L2",24
"MR-PCA","Ichino-Yaguchi",0.777385471587581,0.174810779144698,0.777174016935932,0.198645030283966,0.145333333333333,0.026,FALSE,0,"L2",24
"MR-PCA","Wasserstein",0.799483889865261,0.143391915641476,0.799913942506751,0.162880362636926,0.154,0.02,FALSE,0,"L2",24
"MR-PCA","Centers-Euclidean",0.82015172817809,0.155314586994728,0.820575908108316,0.171594441253804,0.188333333333333,0.028,FALSE,0,"L2",24
"SPCA","Int-Euclidean",0.893811950790861,0.0896766256590509,0.889367944545179,0.106353198872002,0.298666666666667,0.0636666666666667,FALSE,0,"L2",24
"SPCA","Hausdorff",0.930683655536028,0.054531927357938,0.922014064508463,0.0660601307093217,0.336333333333333,0.0743333333333333,FALSE,0,"L2",24
"SPCA","Ichino-Yaguchi",0.881627416520211,0.109312243702402,0.876390134057575,0.122981548680249,0.277333333333333,0.0696666666666667,FALSE,0,"L2",24
"SPCA","Wasserstein",0.871063268892794,0.125566490919742,0.866338984528795,0.140844782411857,0.263333333333333,0.0603333333333333,FALSE,0,"L2",24
"SPCA","Centers-Euclidean",0.82015172817809,0.155314586994728,0.820575908108316,0.171594441253804,0.188333333333333,0.028,FALSE,0,"L2",24
"IMDS","Int-Euclidean",0.499752782659637,-0.0388353837141183,0.499287375363514,-0.0573669936472218,0.0316666666666667,-0.000666666666666666,FALSE,0,"L2",24
"IMDS","Hausdorff",0.559447568834212,-0.0871388400702988,0.566268557593421,-0.114173890896664,0.0533333333333333,0.00166666666666667,FALSE,0,"L2",24
"IMDS","Ichino-Yaguchi",0.529193321616872,-0.0521206795547744,0.533506659586361,-0.0585279411861784,0.0396666666666667,0,FALSE,0,"L2",24
"IMDS","Wasserstein",0.522500878734622,-0.0354012888107791,0.522536598594716,-0.0372515410641613,0.04,-0.000333333333333331,FALSE,0,"L2",24
"IMDS","Centers-Euclidean",0.50593028705331,-0.00899707088459289,0.496678572848624,-0.00805334270414559,0.0326666666666667,-0.001,FALSE,0,"L2",24
"Int-UMAP","Int-Euclidean",0.74495079086116,0.0512161687170475,0.752704755088509,0.0884200647758934,0.184,0.0153333333333333,FALSE,0,"L2",24
"Int-UMAP","Hausdorff",0.808520796719391,0.0260117164616286,0.823326302153736,0.0359563655433513,0.271666666666667,0.00666666666666667,FALSE,0,"L2",24
"Int-UMAP","Ichino-Yaguchi",0.766606912712361,0.0179964850615114,0.790411719318381,0.0303791003252611,0.257333333333333,0.00333333333333333,FALSE,0,"L2",24
"Int-UMAP","Wasserstein",0.754079671939074,0.0405741066198008,0.776673327097383,0.054891410493007,0.239666666666667,0.002,FALSE,0,"L2",24
"Int-UMAP","Centers-Euclidean",0.680651435266549,0.0419707088459285,0.690175106308212,0.0380031158257882,0.14,-0.011,FALSE,0,"L2",24
"C-PCA","CR-Euclidean",0.904112478031635,0.0837703573520797,0.897400731027751,0.0984637271730375,0.302333333333333,0.07,FALSE,0,"L2",24
"V-PCA","CR-Euclidean",0.904146455770357,0.0838289396602225,0.897167922223486,0.0989860946909528,0.300333333333333,0.0656666666666667,FALSE,0,"L2",24
"MR-PCA","CR-Euclidean",0.769454598711189,0.178531927357938,0.773970426520873,0.196142211287561,0.137333333333333,0.026,FALSE,0,"L2",24
"SPCA","CR-Euclidean",0.904112478031635,0.0837703573520797,0.897400731027751,0.0984637271730375,0.302333333333333,0.07,FALSE,0,"L2",24
"IMDS","CR-Euclidean",0.539340949033392,-0.0675887521968366,0.548023097885534,-0.0866577287785414,0.0433333333333333,-0.00166666666666667,TRUE,0,"L2",24
"Int-UMAP","CR-Euclidean",0.785077328646749,0.0215875805506737,0.805833936280012,0.0391185034702249,0.267,0.01,FALSE,0,"L2",24
"C-PCA","Int-Euclidean",0.903270064440539,0.0806045694200351,0.900651436486879,0.090970594470883,0.316,0.0666666666666667,FALSE,0,"L2",25
"C-PCA","Hausdorff",0.93384007029877,0.0493298183948447,0.925390278826186,0.0614014123459838,0.339666666666667,0.075,FALSE,0,"L2",25
"C-PCA","Ichino-Yaguchi",0.882811950790861,0.0976965436438195,0.878256093215633,0.112865092081587,0.28,0.052,FALSE,0,"L2",25
"C-PCA","Wasserstein",0.871898066783831,0.123090802577622,0.869465564337366,0.137359561782499,0.270666666666667,0.0503333333333333,FALSE,0,"L2",25
"C-PCA","Centers-Euclidean",0.831931458699473,0.143195079086116,0.828836775003635,0.164876001770384,0.205,0.0436666666666667,FALSE,0,"L2",25
"V-PCA","Int-Euclidean",0.903044522554189,0.0810275336848272,0.900695486520016,0.0907692463573347,0.315,0.064,FALSE,0,"L2",25
"V-PCA","Hausdorff",0.9341230228471,0.0487896895137668,0.925750410318456,0.0606242919886156,0.340333333333333,0.072,FALSE,0,"L2",25
"V-PCA","Ichino-Yaguchi",0.882437024018746,0.0984557703573521,0.878052246577021,0.11330450856737,0.279666666666667,0.0523333333333333,FALSE,0,"L2",25
"V-PCA","Wasserstein",0.871715289982425,0.123557117750439,0.869021984410739,0.138323963288645,0.27,0.0496666666666667,FALSE,0,"L2",25
"V-PCA","Centers-Euclidean",0.831574106619801,0.143987111892208,0.829075383763471,0.164485080466324,0.205,0.044,FALSE,0,"L2",25
"MR-PCA","Int-Euclidean",0.784820738137083,0.160226127709432,0.789188921962043,0.179865113420756,0.161666666666667,0.0236666666666667,FALSE,0,"L2",25
"MR-PCA","Hausdorff",0.787401288810779,0.147585237258348,0.802983456923969,0.150065465194663,0.168,0.034,FALSE,0,"L2",25
"MR-PCA","Ichino-Yaguchi",0.788193907439953,0.160153485647335,0.794718063514887,0.17613089692214,0.162,0.032,FALSE,0,"L2",25
"MR-PCA","Wasserstein",0.810144698301113,0.131120093731693,0.811070192358029,0.153355929825143,0.172666666666667,0.0296666666666667,FALSE,0,"L2",25
"MR-PCA","Centers-Euclidean",0.831931458699473,0.143195079086116,0.828836775003635,0.164876001770384,0.205,0.0436666666666667,FALSE,0,"L2",25
"SPCA","Int-Euclidean",0.903270064440539,0.0806045694200351,0.900651436486879,0.090970594470883,0.316,0.0666666666666667,FALSE,0,"L2",25
"SPCA","Hausdorff",0.93384007029877,0.0493298183948447,0.925390278826186,0.0614014123459838,0.339666666666667,0.075,FALSE,0,"L2",25
"SPCA","Ichino-Yaguchi",0.882811950790861,0.0976965436438195,0.878256093215633,0.112865092081587,0.28,0.052,FALSE,0,"L2",25
"SPCA","Wasserstein",0.871898066783831,0.123090802577622,0.869465564337366,0.137359561782499,0.270666666666667,0.0503333333333333,FALSE,0,"L2",25
"SPCA","Centers-Euclidean",0.831931458699473,0.143195079086116,0.828836775003635,0.164876001770384,0.205,0.0436666666666667,FALSE,0,"L2",25
"IMDS","Int-Euclidean",0.530392501464558,-0.0541464557703574,0.522081256026588,-0.0597000557121196,0.0346666666666667,-0.000999999999999999,FALSE,0,"L2",25
"IMDS","Hausdorff",0.563385471587581,-0.101154071470416,0.567377881996849,-0.122505361274443,0.0553333333333333,-0.004,FALSE,0,"L2",25
"IMDS","Ichino-Yaguchi",0.533602811950791,-0.0457809021675455,0.531899067109846,-0.0420472998811915,0.0486666666666667,0.007,FALSE,0,"L2",25
"IMDS","Wasserstein",0.523506736965436,-0.0299074399531342,0.516746664756888,-0.0268471760833044,0.0476666666666667,0.00666666666666666,FALSE,0,"L2",25
"IMDS","Centers-Euclidean",0.503072056239016,-0.00268072642062089,0.498884150262756,0.00613667231463827,0.034,-0.000999999999999999,FALSE,0,"L2",25
"Int-UMAP","Int-Euclidean",0.775138254247217,0.114712360867018,0.778134674108664,0.129568594146343,0.153666666666667,0.0173333333333333,FALSE,0,"L2",25
"Int-UMAP","Hausdorff",0.844542472173404,0.0628517867603984,0.85735140300434,0.0557744928761715,0.266333333333333,0.02,FALSE,0,"L2",25
"Int-UMAP","Ichino-Yaguchi",0.788269478617458,0.0502612770943176,0.808690019087043,0.0523779280526104,0.249666666666667,0.026,FALSE,0,"L2",25
"Int-UMAP","Wasserstein",0.767581722319859,0.0543222026947862,0.789740507255087,0.059433890254954,0.231666666666667,0.0176666666666667,FALSE,0,"L2",25
"Int-UMAP","Centers-Euclidean",0.670779730521383,0.021892208553017,0.679400692494431,0.0195028418707667,0.124666666666667,0.002,FALSE,0,"L2",25
"C-PCA","CR-Euclidean",0.907466900995899,0.075510251903925,0.902427436461088,0.0887691705188473,0.299666666666667,0.0616666666666667,FALSE,0,"L2",25
"V-PCA","CR-Euclidean",0.907174575278266,0.0761675454012888,0.902100258633805,0.0894023865788598,0.299,0.06,FALSE,0,"L2",25
"MR-PCA","CR-Euclidean",0.779715289982425,0.161994141769186,0.791696439413722,0.169680288579261,0.158333333333333,0.0306666666666667,FALSE,0,"L2",25
"SPCA","CR-Euclidean",0.907466900995899,0.075510251903925,0.902427436461088,0.0887691705188473,0.299666666666667,0.0616666666666667,FALSE,0,"L2",25
"IMDS","CR-Euclidean",0.545227885178676,-0.0681804335090801,0.549098486101062,-0.0777934408305512,0.0506666666666667,0.00433333333333333,FALSE,0,"L2",25
"Int-UMAP","CR-Euclidean",0.813057996485061,0.0549548916227299,0.832967026531035,0.0577263483323132,0.260333333333333,0.022,FALSE,0,"L2",25
