"Method","Metric","K","Q_TC","B_TC","Q_RE","B_RE","Q_LC","B_LC"
"C-PCA","Int-Euclidean",1,0.999446634597996,0.000151904228000932,0.999447493861043,0.000151668351870576,0.801550387596899,0
"C-PCA","Int-Euclidean",2,0.999111215839813,0.000354063574350305,0.999051692975057,0.000285174920673174,0.806976744186046,-0.000775193798449605
"C-PCA","Int-Euclidean",3,0.998836401808786,0.000647609819121486,0.998736116136531,0.000462484786684648,0.797416020671835,0.00155038759689922
"C-PCA","Int-Euclidean",4,0.998758293723783,0.00069142187661253,0.998536673223993,0.000505561172901921,0.800387596899225,0.00542635658914728
"C-PCA","Int-Euclidean",5,0.998649191340221,0.000614313704014657,0.998331219457045,0.000504843395895958,0.812403100775194,0.0182945736434108
"C-PCA","Int-Euclidean",6,0.998494542334771,0.000704647706642025,0.998131570890643,0.000558729801505575,0.808010335917313,0.0235142118863049
"C-PCA","Int-Euclidean",7,0.998423760965027,0.000714757328358684,0.997966509455274,0.000574629762937471,0.811074197120709,0.0250276854928018
"C-PCA","Int-Euclidean",8,0.99827787480467,0.000798786653185113,0.997782574461074,0.000621582808732898,0.818798449612403,0.0323643410852713
"C-PCA","Int-Euclidean",9,0.998099212248035,0.000948141596061158,0.997598619008854,0.000679580578187915,0.818949181739879,0.032213608957795
"C-PCA","Int-Euclidean",10,0.997971935398464,0.000974564530727529,0.997437428688668,0.000706876822178884,0.818914728682171,0.0382945736434109
"C-PCA","Int-Euclidean",11,0.997967080073435,0.000932297347643218,0.997309434514726,0.000703917128151895,0.827766032417195,0.0407329105003524
"C-PCA","Int-Euclidean",12,0.99786507214726,0.000955845505670072,0.997165630731812,0.0007217637058468,0.831782945736434,0.0436692506459949
"C-PCA","Int-Euclidean",13,0.997775074537865,0.00108803816338698,0.99703069095885,0.000771762181750389,0.833035181872391,0.0456768038163387
"C-PCA","Int-Euclidean",14,0.997687561998187,0.00108219860555703,0.996902268051092,0.000778087022961586,0.830343300110742,0.0462901439645626
"C-PCA","Int-Euclidean",15,0.997594157381789,0.00116054737156956,0.996774524461107,0.000809915245855775,0.830284237726098,0.0469250645994832
"C-PCA","Int-Euclidean",16,0.997540977206429,0.00113265121276285,0.996658390662134,0.000813708867900965,0.832170542635659,0.0488372093023256
"C-PCA","Int-Euclidean",17,0.997484506069024,0.00116349053052489,0.996538264476829,0.000827080471422766,0.836388508891929,0.0472412220702234
"C-PCA","Int-Euclidean",18,0.997438198955947,0.00113402169705712,0.996426463061172,0.000828576278766375,0.838845822566753,0.0477174849267872
"C-PCA","Int-Euclidean",19,0.997374845676559,0.00114967651687359,0.996316705161748,0.00084389319281918,0.837372501019992,0.0483884128926969
"C-PCA","Int-Euclidean",20,0.997323594527598,0.00113282999350328,0.996206276993709,0.000844203640550651,0.839147286821705,0.048139534883721
"C-PCA","Int-Euclidean",21,0.997257043616921,0.00115691938598728,0.996097699560432,0.000853591816067858,0.838685861941676,0.0475452196382429
"C-PCA","Int-Euclidean",22,0.997235048002319,0.00110980692471119,0.995999191979054,0.000857553433327342,0.840591966173362,0.0498942917547568
"C-PCA","Int-Euclidean",23,0.997203169288402,0.00100239243702593,0.995902490566266,0.00083881319003832,0.841321199865184,0.0508257499157398
"C-PCA","Int-Euclidean",24,0.997180075969417,0.00095938460101197,0.995809801690633,0.000834638370700984,0.841731266149871,0.0519379844961241
"C-PCA","Int-Euclidean",25,0.997131961738375,0.000959350216466759,0.995710409216626,0.000835104385719123,0.842480620155039,0.0505426356589148
"V-PCA","Int-Euclidean",1,0.999485213449552,0.00010368066355626,0.99948601280755,0.00010351966873706,0.796899224806202,0
"V-PCA","Int-Euclidean",2,0.999270725709487,0.000276725455720994,0.999168172872234,0.000228943246174238,0.802325581395349,0.010077519379845
"V-PCA","Int-Euclidean",3,0.999051598837209,0.000459463824289408,0.998882602545969,0.000344067629354298,0.802583979328165,0.0170542635658915
"V-PCA","Int-Euclidean",4,0.998907626280102,0.0004680300850467,0.998663956820151,0.000372290032767317,0.789147286821705,0.0255813953488372
"V-PCA","Int-Euclidean",5,0.998757256033004,0.00054032346391153,0.998435599264085,0.000429283562614391,0.793488372093023,0.0365891472868217
"V-PCA","Int-Euclidean",6,0.99859477064388,0.000632678494826955,0.998218646733159,0.00048446939094125,0.796640826873385,0.0444444444444444
"V-PCA","Int-Euclidean",7,0.99843738537158,0.000813272268044396,0.998014182472647,0.000572678482845504,0.800885935769657,0.0500553709856035
"V-PCA","Int-Euclidean",8,0.998286147623862,0.000928087753163664,0.997824023605797,0.000633421480995515,0.799418604651163,0.0525193798449612
"V-PCA","Int-Euclidean",9,0.998153266966152,0.000997282248894726,0.997640231003221,0.000672208375130712,0.798105081826012,0.0546080964685616
"V-PCA","Int-Euclidean",10,0.997921076774356,0.00121420347143975,0.997429202579917,0.000776603293702855,0.79937984496124,0.0637209302325581
"V-PCA","Int-Euclidean",11,0.997802906864527,0.00137869586099482,0.997255086127566,0.000844445764341973,0.804087385482734,0.0639887244538407
"V-PCA","Int-Euclidean",12,0.997665963444838,0.00148274631839651,0.997083253364357,0.000910472459473884,0.803617571059432,0.0705426356589147
"V-PCA","Int-Euclidean",13,0.997552200357782,0.0015620274299345,0.996920793521128,0.000956857038134885,0.807274895646989,0.0751341681574239
"V-PCA","Int-Euclidean",14,0.997411106700378,0.00167027665955333,0.996754716171989,0.00101261983133203,0.806533776301218,0.0788482834994463
"V-PCA","Int-Euclidean",15,0.997334097725932,0.00168797826466272,0.9966125769202,0.00104419451546232,0.808372093023256,0.082687338501292
"V-PCA","Int-Euclidean",16,0.997289632641843,0.00166969623147128,0.996479878743414,0.00106695498940796,0.812596899224806,0.0882751937984496
"V-PCA","Int-Euclidean",17,0.997243984568317,0.00167547351058994,0.996348496856637,0.00108378764226477,0.817145462836297,0.0894664842681258
"V-PCA","Int-Euclidean",18,0.99712554094439,0.00177942371332829,0.996203188282383,0.00113083386798611,0.819896640826873,0.0913867355727821
"V-PCA","Int-Euclidean",19,0.996998111028099,0.00190976913743135,0.996062387098688,0.00118986661788923,0.820399836801306,0.0945736434108527
"V-PCA","Int-Euclidean",20,0.996901873963202,0.0019906522602986,0.995929081433144,0.00122220681068274,0.820852713178295,0.0937984496124031
"V-PCA","Int-Euclidean",21,0.99680883671551,0.00203237712247917,0.995798000027667,0.00125236657239388,0.82155777039498,0.0954595791805094
"V-PCA","Int-Euclidean",22,0.996714141740668,0.00210782644371421,0.995669044405422,0.00129072192551707,0.822198731501057,0.0964059196617336
"V-PCA","Int-Euclidean",23,0.996623072375364,0.00206291059578867,0.995542895970833,0.00130210185641548,0.822649140546006,0.0996966632962589
"V-PCA","Int-Euclidean",24,0.996537902963826,0.00210359697566131,0.99542029366517,0.0013311904058662,0.824031007751938,0.100968992248062
"V-PCA","Int-Euclidean",25,0.996487031148232,0.00204794196901781,0.995309005399812,0.0013278333431594,0.82462015503876,0.101891472868217
"MR-PCA","Int-Euclidean",1,0.901535920527566,-0.0418267086211677,0.901688815060908,-0.0417617603158554,0.0155038759689922,0
"MR-PCA","Int-Euclidean",2,0.905755647797374,-0.0364274622825621,0.904022974655581,-0.0381620275535205,0.0426356589147287,-0.0108527131782946
"MR-PCA","Int-Euclidean",3,0.90905927002584,-0.029360465116279,0.905654419262524,-0.033990987138581,0.0625322997416021,-0.013953488372093
"MR-PCA","Int-Euclidean",4,0.911557793520424,-0.0257975026254607,0.906774519716886,-0.0317214285507343,0.0806201550387597,-0.013953488372093
"MR-PCA","Int-Euclidean",5,0.913246443479002,-0.0243661543329317,0.907455501449024,-0.0305772866506199,0.0970542635658915,-0.0155038759689922
"MR-PCA","Int-Euclidean",6,0.913655243079062,-0.0217948796142124,0.90755473826331,-0.0291193922820171,0.113953488372093,-0.0167958656330749
"MR-PCA","Int-Euclidean",7,0.915180383649315,-0.020363946326825,0.908032431164094,-0.0281856808799642,0.129789590254707,-0.0243632336655592
"MR-PCA","Int-Euclidean",8,0.915824830713607,-0.0188175996568313,0.908167333325334,-0.0272794517898001,0.147868217054264,-0.0304263565891473
"MR-PCA","Int-Euclidean",9,0.916844460278655,-0.0174083492699201,0.908413542803996,-0.0264614177063698,0.162101636520241,-0.0299741602067184
"MR-PCA","Int-Euclidean",10,0.917931051468189,-0.0170685483126143,0.908665122978527,-0.0260579168073574,0.178604651162791,-0.0344186046511628
"MR-PCA","Int-Euclidean",11,0.918990901460165,-0.0155141999165107,0.908897671914032,-0.0253003212292926,0.192107117688513,-0.036645525017618
"MR-PCA","Int-Euclidean",12,0.91991540715719,-0.0146175277525153,0.909071662152811,-0.0247815985093226,0.210981912144703,-0.0409560723514212
"MR-PCA","Int-Euclidean",13,0.921024400715563,-0.0134947644603459,0.909303098917001,-0.024209265150303,0.225402504472272,-0.0422182468694097
"MR-PCA","Int-Euclidean",14,0.922066070418395,-0.0127839039608681,0.909512275632291,-0.0237862805245365,0.239867109634551,-0.0437430786267995
"MR-PCA","Int-Euclidean",15,0.92295396196316,-0.0118555630333093,0.909671237290464,-0.0233079765438266,0.253333333333333,-0.0439276485788114
"MR-PCA","Int-Euclidean",16,0.923738514201475,-0.0109451617537745,0.909801522885318,-0.0228533837295301,0.263372093023256,-0.0438953488372093
"MR-PCA","Int-Euclidean",17,0.924380703177315,-0.0104266254722951,0.909881926217751,-0.0225211264697838,0.271956224350205,-0.044140446876425
"MR-PCA","Int-Euclidean",18,0.925076595284674,-0.00943344248117806,0.909969458959974,-0.0220790760905699,0.284754521963824,-0.0460809646856158
"MR-PCA","Int-Euclidean",19,0.925919780953441,-0.00832538534496918,0.910093382818435,-0.0216088678706938,0.295960832313341,-0.0449612403100775
"MR-PCA","Int-Euclidean",20,0.926549346856649,-0.00767675238581822,0.910161421915437,-0.0212675096357592,0.306511627906977,-0.0448062015503876
"MR-PCA","Int-Euclidean",21,0.926910660314811,-0.00642989924829152,0.910156596024068,-0.020786206193823,0.31546696197859,-0.0456256921373201
"MR-PCA","Int-Euclidean",22,0.927416206984177,-0.00525746541072936,0.910180966248822,-0.020324543122072,0.325017618040874,-0.0460887949260042
"MR-PCA","Int-Euclidean",23,0.928136274981076,-0.00462839872477039,0.910255798275271,-0.0200098400994973,0.336097067745197,-0.0475227502527806
"MR-PCA","Int-Euclidean",24,0.928707224738258,-0.00374347900861816,0.91029893366665,-0.0196455466044091,0.344444444444444,-0.0484496124031008
"MR-PCA","Int-Euclidean",25,0.929342834884998,-0.00284443763329634,0.910347963092123,-0.0192813499393706,0.355472868217054,-0.0502325581395349
"SPCA","Int-Euclidean",1,0.999446634597996,0.000151904228000932,0.999447493861043,0.000151668351870576,0.801550387596899,0
"SPCA","Int-Euclidean",2,0.999111215839813,0.000354063574350305,0.999051692975057,0.000285174920673174,0.806976744186046,-0.000775193798449605
"SPCA","Int-Euclidean",3,0.998836401808786,0.000647609819121486,0.998736116136531,0.000462484786684648,0.797416020671835,0.00155038759689922
"SPCA","Int-Euclidean",4,0.998758293723783,0.00069142187661253,0.998536673223993,0.000505561172901921,0.800387596899225,0.00542635658914728
"SPCA","Int-Euclidean",5,0.998649191340221,0.000614313704014657,0.998331219457045,0.000504843395895958,0.812403100775194,0.0182945736434108
"SPCA","Int-Euclidean",6,0.998494542334771,0.000704647706642025,0.998131570890643,0.000558729801505575,0.808010335917313,0.0235142118863049
"SPCA","Int-Euclidean",7,0.998423760965027,0.000714757328358684,0.997966509455274,0.000574629762937471,0.811074197120709,0.0250276854928018
"SPCA","Int-Euclidean",8,0.99827787480467,0.000798786653185113,0.997782574461074,0.000621582808732898,0.818798449612403,0.0323643410852713
"SPCA","Int-Euclidean",9,0.998099212248035,0.000948141596061158,0.997598619008854,0.000679580578187915,0.818949181739879,0.032213608957795
"SPCA","Int-Euclidean",10,0.997971935398464,0.000974564530727529,0.997437428688668,0.000706876822178884,0.818914728682171,0.0382945736434109
"SPCA","Int-Euclidean",11,0.997967080073435,0.000932297347643218,0.997309434514726,0.000703917128151895,0.827766032417195,0.0407329105003524
"SPCA","Int-Euclidean",12,0.99786507214726,0.000955845505670072,0.997165630731812,0.0007217637058468,0.831782945736434,0.0436692506459949
"SPCA","Int-Euclidean",13,0.997775074537865,0.00108803816338698,0.99703069095885,0.000771762181750389,0.833035181872391,0.0456768038163387
"SPCA","Int-Euclidean",14,0.997687561998187,0.00108219860555703,0.996902268051092,0.000778087022961586,0.830343300110742,0.0462901439645626
"SPCA","Int-Euclidean",15,0.997594157381789,0.00116054737156956,0.996774524461107,0.000809915245855775,0.830284237726098,0.0469250645994832
"SPCA","Int-Euclidean",16,0.997540977206429,0.00113265121276285,0.996658390662134,0.000813708867900965,0.832170542635659,0.0488372093023256
"SPCA","Int-Euclidean",17,0.997484506069024,0.00116349053052489,0.996538264476829,0.000827080471422766,0.836388508891929,0.0472412220702234
"SPCA","Int-Euclidean",18,0.997438198955947,0.00113402169705712,0.996426463061172,0.000828576278766375,0.838845822566753,0.0477174849267872
"SPCA","Int-Euclidean",19,0.997374845676559,0.00114967651687359,0.996316705161748,0.00084389319281918,0.837372501019992,0.0483884128926969
"SPCA","Int-Euclidean",20,0.997323594527598,0.00113282999350328,0.996206276993709,0.000844203640550651,0.839147286821705,0.048139534883721
"SPCA","Int-Euclidean",21,0.997257043616921,0.00115691938598728,0.996097699560432,0.000853591816067858,0.838685861941676,0.0475452196382429
"SPCA","Int-Euclidean",22,0.997235048002319,0.00110980692471119,0.995999191979054,0.000857553433327342,0.840591966173362,0.0498942917547568
"SPCA","Int-Euclidean",23,0.997203169288402,0.00100239243702593,0.995902490566266,0.00083881319003832,0.841321199865184,0.0508257499157398
"SPCA","Int-Euclidean",24,0.997180075969417,0.00095938460101197,0.995809801690633,0.000834638370700984,0.841731266149871,0.0519379844961241
"SPCA","Int-Euclidean",25,0.997131961738375,0.000959350216466759,0.995710409216626,0.000835104385719123,0.842480620155039,0.0505426356589148
"IMDS","Int-Euclidean",1,0.544247531556295,0.0276923818824069,0.544955221724686,0.0276493812894217,0.00155038759689922,0
"IMDS","Int-Euclidean",2,0.504442108188778,-0.0391608814128707,0.518211832750934,-0.0168052375788248,0.00465116279069767,0.00155038759689922
"IMDS","Int-Euclidean",3,0.499809835271318,-0.0238024870801034,0.513059877416313,-0.0124767825619772,0.00671834625322997,0.0020671834625323
"IMDS","Int-Euclidean",4,0.501588934821803,-0.0208003253750008,0.512143849778316,-0.0123767362670368,0.00775193798449612,0.00116279069767442
"IMDS","Int-Euclidean",5,0.501121049493143,-0.0201735363197157,0.510820780153515,-0.0128215900759108,0.00806201550387597,0.000930232558139535
"IMDS","Int-Euclidean",6,0.498833448199448,-0.022628827938692,0.50903140011144,-0.0142967412445841,0.00981912144702842,0.000516795865633075
"IMDS","Int-Euclidean",7,0.496002983395691,-0.0205068279237453,0.507183832119862,-0.0139300530092573,0.0117386489479513,-0.0008859357696567
"IMDS","Int-Euclidean",8,0.495522260011643,-0.0193246928332873,0.50629170581815,-0.0137873024399685,0.0131782945736434,-0.000775193798449612
"IMDS","Int-Euclidean",9,0.495525334054063,-0.0148721455764539,0.505669002301499,-0.0124356859603066,0.0137812230835487,0
"IMDS","Int-Euclidean",10,0.494057175930202,-0.0144837480219936,0.504627111162382,-0.0123782822881291,0.0151937984496124,0
"IMDS","Int-Euclidean",11,0.493654475431249,-0.0113179641175493,0.503978098489583,-0.0114002122424339,0.016631430584919,0.000281888653981677
"IMDS","Int-Euclidean",12,0.493464367688091,-0.0100562783686078,0.503444161737852,-0.0109930053844596,0.0180878552971576,0.000258397932816538
"IMDS","Int-Euclidean",13,0.493278187239117,-0.0111891234347049,0.502951017740319,-0.0113108525204377,0.0193202146690519,0.00190816935002982
"IMDS","Int-Euclidean",14,0.494705965413338,-0.0110582119123549,0.502974832892146,-0.0112637977365692,0.0218161683277962,0.00166112956810631
"IMDS","Int-Euclidean",15,0.495568849339881,-0.013316383758319,0.502870648015987,-0.0119185861363894,0.023359173126615,0.00227390180878553
"IMDS","Int-Euclidean",16,0.497129253102961,-0.0124718125542667,0.502991713447032,-0.0116950140992961,0.025968992248062,0.00155038759689922
"IMDS","Int-Euclidean",17,0.498430753749447,-0.013462279377694,0.503069057457907,-0.0119831448212415,0.0272685818513452,0.00155038759689922
"IMDS","Int-Euclidean",18,0.498491109507021,-0.0139168035373666,0.502819033012476,-0.0121259303094516,0.0292850990525409,0.00155038759689922
"IMDS","Int-Euclidean",19,0.498477827761793,-0.0138024765931742,0.502561672248456,-0.0121122701426619,0.0306813545491636,0.00187678498572011
"IMDS","Int-Euclidean",20,0.498481339211939,-0.0135496811550324,0.502317987114701,-0.0120599944959919,0.0321705426356589,0.00178294573643411
"IMDS","Int-Euclidean",21,0.498880416134485,-0.0138231753619287,0.502187001792606,-0.0121500942301968,0.0340346991509782,0.0011812476928756
"IMDS","Int-Euclidean",22,0.499872769798039,-0.0131871107968771,0.502219608307837,-0.0120026687239482,0.0357293868921776,0.000845665961945033
"IMDS","Int-Euclidean",23,0.499709979169775,-0.0136099277848686,0.501966709013255,-0.0121198881045571,0.0368048533872599,0.000741489720256151
"IMDS","Int-Euclidean",24,0.499675994046444,-0.0130109835045724,0.501750345906637,-0.0119750955862667,0.0382428940568475,0.00122739018087855
"IMDS","Int-Euclidean",25,0.501199443188639,-0.0144504297408784,0.501928889396479,-0.0123429229534389,0.0403100775193798,0.00155038759689922
"Int-UMAP","Int-Euclidean",1,0.674588592715831,0.297300685980204,0.67509388993211,0.296839038952285,0.013953488372093,0
"Int-UMAP","Int-Euclidean",2,0.65891110345786,0.29042638679935,0.664327429007511,0.292115515925614,0.0162790697674419,0.000775193798449612
"Int-UMAP","Int-Euclidean",3,0.662766472868217,0.300122739018088,0.665171978991919,0.296826200892514,0.0155038759689922,-0.0020671834625323
"Int-UMAP","Int-Euclidean",4,0.647899935046409,0.332456763368603,0.657487327170026,0.312421256553705,0.0158914728682171,-0.00465116279069767
"Int-UMAP","Int-Euclidean",5,0.660074233629051,0.310385163009748,0.661639106905347,0.304356789864118,0.0266666666666667,0.00651162790697674
"Int-UMAP","Int-Euclidean",6,0.674212048947196,0.285115181234333,0.666942116197966,0.29434880578764,0.0341085271317829,0.00697674418604651
"Int-UMAP","Int-Euclidean",7,0.687714802743047,0.256343907968881,0.672169931027138,0.282720685833615,0.0473975636766334,0.0170542635658915
"Int-UMAP","Int-Euclidean",8,0.701243833685694,0.233127125654932,0.677473713590977,0.272955709075307,0.0575581395348837,0.0205426356589147
"Int-UMAP","Int-Euclidean",9,0.691970007821554,0.254794830949329,0.674842343807325,0.278865955250262,0.06442721791559,0.0241171403962102
"Int-UMAP","Int-Euclidean",10,0.688231708443394,0.265963758612409,0.673857170880385,0.281687480777388,0.0717829457364341,0.0243410852713178
"Int-UMAP","Int-Euclidean",11,0.689793543492995,0.265202686021824,0.67449749866104,0.280848206231233,0.0766737138830162,0.025369978858351
"Int-UMAP","Int-Euclidean",12,0.693766484983842,0.259742509450188,0.675870119366603,0.278582743349105,0.0804909560723514,0.0249354005167959
"Int-UMAP","Int-Euclidean",13,0.695869099582588,0.257101013714967,0.676651378459224,0.27721318541569,0.0863446630888491,0.0265951103160405
"Int-UMAP","Int-Euclidean",14,0.704041415898711,0.242524206489817,0.679223305511377,0.27232250263548,0.101107419712071,0.0368770764119601
"Int-UMAP","Int-Euclidean",15,0.712106067781683,0.227835688825743,0.6817714196398,0.267385247436742,0.117726098191214,0.0486821705426357
"Int-UMAP","Int-Euclidean",16,0.720401308022413,0.213198908107365,0.684421892919403,0.262394797470536,0.128488372093023,0.0549418604651163
"Int-UMAP","Int-Euclidean",17,0.727520521677507,0.200247814495675,0.686747955884523,0.25785816882093,0.139078887368901,0.058641130870953
"Int-UMAP","Int-Euclidean",18,0.733929705998249,0.188527829213264,0.688876985691727,0.253671196516549,0.148148148148148,0.0621016365202412
"Int-UMAP","Int-Euclidean",19,0.739255114530512,0.179989879561483,0.690704195205742,0.250357908222482,0.155120359037128,0.0629946960424317
"Int-UMAP","Int-Euclidean",20,0.743575983499536,0.172781804075917,0.692246324129073,0.247435382653718,0.161472868217054,0.0649612403100775
"Int-UMAP","Int-Euclidean",21,0.747507522806282,0.166415856275107,0.693658409758525,0.244785861336844,0.168696936138797,0.0691029900332226
"Int-UMAP","Int-Euclidean",22,0.752147729937762,0.15837232927499,0.695238881286058,0.241725882301098,0.175616631430585,0.0704721634954193
"Int-UMAP","Int-Euclidean",23,0.756418969318238,0.152064181405294,0.696710916422299,0.239140258061959,0.181732389619144,0.0721941354903943
"Int-UMAP","Int-Euclidean",24,0.760580885771977,0.145651186146304,0.698136325153378,0.236561815952928,0.188759689922481,0.0728682170542636
"Int-UMAP","Int-Euclidean",25,0.764447185931574,0.139918725974739,0.699469455391987,0.234184890953709,0.195596899224806,0.072
"C-PCA","Hausdorff",1,0.997077651994647,0.00182285073601218,0.997082189802109,0.00182002022244692,0.541085271317829,0
"C-PCA","Hausdorff",2,0.99701341937199,0.00210383850834106,0.996704422219544,0.00202675021086878,0.629457364341085,0.0201550387596899
"C-PCA","Hausdorff",3,0.996584302325581,0.00276162790697676,0.996225672401127,0.00242031512121312,0.662532299741602,0.0299741602067183
"C-PCA","Hausdorff",4,0.99646215390966,0.00266370429725682,0.995934554212865,0.00243422634654552,0.681007751937984,0.0453488372093023
"C-PCA","Hausdorff",5,0.996137660788824,0.00305258418215226,0.995588445130668,0.00264067859926461,0.686821705426357,0.0514728682170543
"C-PCA","Hausdorff",6,0.99613236642494,0.00291129692992353,0.9953796830821,0.00262852899405111,0.704651162790698,0.0594315245478036
"C-PCA","Hausdorff",7,0.996086825897551,0.00289501172048301,0.995185123031655,0.00266259947000299,0.705426356589147,0.0648947951273532
"C-PCA","Hausdorff",8,0.996085118117474,0.0028127585255997,0.995007505977076,0.00267107138689669,0.717054263565892,0.0746124031007752
"C-PCA","Hausdorff",9,0.996094956121492,0.00279937918975259,0.994839598279635,0.00268364307245149,0.732644272179156,0.0768303186907838
"C-PCA","Hausdorff",10,0.996068492897649,0.00278207756863758,0.994674185214716,0.0027053757902486,0.742635658914729,0.0818604651162791
"C-PCA","Hausdorff",11,0.996028422276386,0.00286871080827533,0.994513575353359,0.00274747554033624,0.753347427766032,0.0834390415785765
"C-PCA","Hausdorff",12,0.995988542227337,0.00289331444326901,0.994363618491905,0.00278111717386104,0.759043927648579,0.0896640826873385
"C-PCA","Hausdorff",13,0.995940274299344,0.00285366726296954,0.994218772982336,0.00279151420923747,0.765533691115087,0.0952892069171139
"C-PCA","Hausdorff",14,0.995834521123121,0.0029304439181167,0.994058041809916,0.00282658142722951,0.771982281284607,0.0972314507198228
"C-PCA","Hausdorff",15,0.995748315428268,0.00300472760205062,0.99391078944139,0.0028613483098411,0.776330749354005,0.10046511627907
"C-PCA","Hausdorff",16,0.995708246662794,0.00313497492020065,0.993778698649965,0.0029083950472197,0.783527131782946,0.10077519379845
"C-PCA","Hausdorff",17,0.995623834686221,0.0032812584025983,0.993637803308432,0.00297283370115127,0.786776105791154,0.103328773369813
"C-PCA","Hausdorff",18,0.995571456966806,0.00333622766915298,0.99351028936129,0.00300537180347391,0.791042204995693,0.105167958656331
"C-PCA","Hausdorff",19,0.995498259390548,0.00335590562028742,0.993384478588311,0.0030321419624412,0.794206446348429,0.109098327213382
"C-PCA","Hausdorff",20,0.995475618294321,0.00343330747251491,0.993269116478049,0.00306251068507949,0.79906976744186,0.109612403100775
"C-PCA","Hausdorff",21,0.995509078854426,0.00339668930283132,0.993170251012608,0.00307367974317873,0.804429678848284,0.113399778516058
"C-PCA","Hausdorff",22,0.995478948529967,0.00331881825730351,0.993062293974773,0.00306688991464002,0.806483439041579,0.11508104298802
"C-PCA","Hausdorff",23,0.995472271489112,0.00340157027852828,0.992961464342448,0.00310210197435583,0.809437141894169,0.116413886080216
"C-PCA","Hausdorff",24,0.995457387696691,0.00345694818664954,0.992859330664428,0.00312545588996453,0.81233850129199,0.116925064599483
"C-PCA","Hausdorff",25,0.995496417761772,0.00339246261318216,0.99277342486437,0.00312061587525981,0.816124031007752,0.118139534883721
"V-PCA","Hausdorff",1,0.997477907579539,0.000978938358228709,0.997481823872117,0.000977418267610381,0.541085271317829,0
"V-PCA","Hausdorff",2,0.997188034342958,0.00159026506431748,0.996953849861429,0.00140739848174479,0.62015503875969,0.0232558139534884
"V-PCA","Hausdorff",3,0.996851986434109,0.00191295219638243,0.996500553709856,0.00162801662226023,0.654263565891473,0.0310077519379845
"V-PCA","Hausdorff",4,0.99648006167556,0.00218960378309141,0.996084532532161,0.00181171491951099,0.672868217054264,0.0403100775193798
"V-PCA","Hausdorff",5,0.99616565051781,0.00240662991493557,0.995722861911583,0.00195157433075135,0.685271317829457,0.0431007751937985
"V-PCA","Hausdorff",6,0.99599981296137,0.00241523795583043,0.995441884812792,0.00200223439276979,0.695607235142119,0.0496124031007752
"V-PCA","Hausdorff",7,0.995744993030592,0.00263754537102057,0.995150068884854,0.00213035337749138,0.698781838316722,0.0564784053156146
"V-PCA","Hausdorff",8,0.995748690136961,0.00239911756595279,0.994958888807517,0.00209407535826783,0.706201550387597,0.0656976744186047
"V-PCA","Hausdorff",9,0.995658969329408,0.00244065242406744,0.994744827577437,0.0021213761646533,0.71541774332472,0.062015503875969
"V-PCA","Hausdorff",10,0.99540191243204,0.00275375436392855,0.994489292563422,0.00224315139188051,0.72108527131783,0.0609302325581395
"V-PCA","Hausdorff",11,0.995332902420741,0.00280048298119695,0.994293565419778,0.00228656907480085,0.730796335447498,0.0639887244538407
"V-PCA","Hausdorff",12,0.995254799334311,0.00278731561049339,0.994108173501577,0.00231133365491736,0.738501291989664,0.0651162790697674
"V-PCA","Hausdorff",13,0.995194752534287,0.00272734645199757,0.993941641094593,0.00232007653841987,0.742158616577221,0.0684555754323196
"V-PCA","Hausdorff",14,0.995093606715919,0.00272601086461333,0.993759133928906,0.00234220849848881,0.749501661129568,0.069656699889258
"V-PCA","Hausdorff",15,0.994961572654686,0.00287361765414551,0.993580352256212,0.00240355150291701,0.754005167958656,0.0715245478036176
"V-PCA","Hausdorff",16,0.994885110782127,0.00305252078531326,0.993418694056126,0.00246952379600123,0.758236434108527,0.0714147286821706
"V-PCA","Hausdorff",17,0.994864921209871,0.00301252258802609,0.993275073021274,0.00248370335711824,0.76452348381213,0.0753305973552212
"V-PCA","Hausdorff",18,0.994796611883515,0.00306060320748203,0.993122912051106,0.00250637341768294,0.769767441860465,0.074504737295435
"V-PCA","Hausdorff",19,0.994711077376316,0.00306620144441438,0.992973854813439,0.00253696993867738,0.77437780497756,0.0784169726642187
"V-PCA","Hausdorff",20,0.994691972423537,0.00302230968645345,0.99284257574882,0.00254163217109272,0.779612403100775,0.0801550387596899
"V-PCA","Hausdorff",21,0.994662706692753,0.0030097246987113,0.992716902907937,0.00255468208255125,0.782724252491694,0.0821705426356589
"V-PCA","Hausdorff",22,0.994580154739123,0.00302402219152864,0.992584178934023,0.00256453027862179,0.784214235377026,0.0816067653276956
"V-PCA","Hausdorff",23,0.994586351505909,0.00306187737240793,0.992470047160902,0.00258927122220787,0.788945062352545,0.0821705426356589
"V-PCA","Hausdorff",24,0.994566052838874,0.00304971134594112,0.992351584282011,0.00259306117786792,0.791860465116279,0.0817183462532299
"V-PCA","Hausdorff",25,0.994494361646425,0.00316606004878484,0.992223108951693,0.00263877276958826,0.794232558139535,0.0822325581395349
"MR-PCA","Hausdorff",1,0.995611655635526,0.00305737398579808,0.99561846983485,0.00305262651066493,0.482170542635659,0
"MR-PCA","Hausdorff",2,0.994933144821669,0.00359380570006107,0.994813431337109,0.00342772221552798,0.517829457364341,0.0193798449612403
"MR-PCA","Hausdorff",3,0.994393976098191,0.00347302971576224,0.994183634310275,0.00341501924278807,0.538501291989664,0.0408268733850129
"MR-PCA","Hausdorff",4,0.994138090121591,0.00332234585662861,0.993735580400644,0.00336422712878917,0.572480620155039,0.0426356589147287
"MR-PCA","Hausdorff",5,0.993762428048142,0.00352135129543762,0.99328958482482,0.00347300085242921,0.591317829457364,0.0548837209302326
"MR-PCA","Hausdorff",6,0.993396926467389,0.00382250034053233,0.992873961789613,0.00362349346700865,0.606976744186047,0.0627906976744186
"MR-PCA","Hausdorff",7,0.993079325487072,0.00397937474454235,0.992497576956831,0.00370375630085121,0.624806201550388,0.062015503875969
"MR-PCA","Hausdorff",8,0.992813371327022,0.00404142537610686,0.9921664108234,0.0037443018234006,0.636046511627907,0.0608527131782945
"MR-PCA","Hausdorff",9,0.992576348876795,0.00437597513482968,0.991862635331291,0.00389693878405529,0.64306632213609,0.0663221360895779
"MR-PCA","Hausdorff",10,0.992472554198915,0.00440930725135613,0.991599874124088,0.00394658900949215,0.656434108527132,0.069922480620155
"MR-PCA","Hausdorff",11,0.992326613790101,0.00434997284352945,0.991342798117891,0.00395328071701736,0.666384778012685,0.070754052149401
"MR-PCA","Hausdorff",12,0.992015957567471,0.00438822794285965,0.991055962017613,0.00399391779088363,0.66937984496124,0.0749354005167959
"MR-PCA","Hausdorff",13,0.991751365533691,0.00438535480023849,0.990776515846313,0.00401966073992704,0.678473464519976,0.0764460345855695
"MR-PCA","Hausdorff",14,0.991512920044652,0.00431707193610176,0.990521159788975,0.00402055431449968,0.681173864894795,0.0767441860465116
"MR-PCA","Hausdorff",15,0.991251028191131,0.00462291349900712,0.990265137179149,0.00413144337081433,0.685684754521964,0.0785529715762274
"MR-PCA","Hausdorff",16,0.991045371637027,0.00490024298983693,0.990027962710848,0.00423612684059099,0.690019379844961,0.0808139534883721
"MR-PCA","Hausdorff",17,0.990819592667814,0.00495024925099474,0.989787761537165,0.00428055335619229,0.692749658002736,0.0834473324213407
"MR-PCA","Hausdorff",18,0.990658757806861,0.00502596184358728,0.989573112399332,0.00432489495098674,0.696640826873385,0.086046511627907
"MR-PCA","Hausdorff",19,0.990465858091317,0.00526315789473686,0.989353857698925,0.00440526730208996,0.699632802937576,0.0861689106487148
"MR-PCA","Hausdorff",20,0.990443544572067,0.00533023003513289,0.989178423402533,0.00445383657289317,0.706279069767442,0.0875193798449612
"MR-PCA","Hausdorff",21,0.990302279213088,0.00559021134915527,0.98897973278222,0.00454595387896796,0.710889627168697,0.0890365448504983
"MR-PCA","Hausdorff",22,0.990177574870191,0.00570691992852512,0.988788367132172,0.00459590670096603,0.715503875968992,0.0887949260042283
"MR-PCA","Hausdorff",23,0.990075696044467,0.00571499610469262,0.988614570622366,0.00462545773173263,0.717357600269633,0.0907987866531851
"MR-PCA","Hausdorff",24,0.990037878546602,0.00576692379065724,0.988453264973017,0.00466135800198603,0.72125322997416,0.0925064599483204
"MR-PCA","Hausdorff",25,0.989919415603489,0.00583855024711688,0.988271779485024,0.00470842810424281,0.725953488372093,0.0953798449612403
"SPCA","Hausdorff",1,0.997077651994647,0.00182285073601218,0.997082189802109,0.00182002022244692,0.541085271317829,0
"SPCA","Hausdorff",2,0.99701341937199,0.00210383850834106,0.996704422219544,0.00202675021086878,0.629457364341085,0.0201550387596899
"SPCA","Hausdorff",3,0.996584302325581,0.00276162790697676,0.996225672401127,0.00242031512121312,0.662532299741602,0.0299741602067183
"SPCA","Hausdorff",4,0.99646215390966,0.00266370429725682,0.995934554212865,0.00243422634654552,0.681007751937984,0.0453488372093023
"SPCA","Hausdorff",5,0.996137660788824,0.00305258418215226,0.995588445130668,0.00264067859926461,0.686821705426357,0.0514728682170543
"SPCA","Hausdorff",6,0.99613236642494,0.00291129692992353,0.9953796830821,0.00262852899405111,0.704651162790698,0.0594315245478036
"SPCA","Hausdorff",7,0.996086825897551,0.00289501172048301,0.995185123031655,0.00266259947000299,0.705426356589147,0.0648947951273532
"SPCA","Hausdorff",8,0.996085118117474,0.0028127585255997,0.995007505977076,0.00267107138689669,0.717054263565892,0.0746124031007752
"SPCA","Hausdorff",9,0.996094956121492,0.00279937918975259,0.994839598279635,0.00268364307245149,0.732644272179156,0.0768303186907838
"SPCA","Hausdorff",10,0.996068492897649,0.00278207756863758,0.994674185214716,0.0027053757902486,0.742635658914729,0.0818604651162791
"SPCA","Hausdorff",11,0.996028422276386,0.00286871080827533,0.994513575353359,0.00274747554033624,0.753347427766032,0.0834390415785765
"SPCA","Hausdorff",12,0.995988542227337,0.00289331444326901,0.994363618491905,0.00278111717386104,0.759043927648579,0.0896640826873385
"SPCA","Hausdorff",13,0.995940274299344,0.00285366726296954,0.994218772982336,0.00279151420923747,0.765533691115087,0.0952892069171139
"SPCA","Hausdorff",14,0.995834521123121,0.0029304439181167,0.994058041809916,0.00282658142722951,0.771982281284607,0.0972314507198228
"SPCA","Hausdorff",15,0.995748315428268,0.00300472760205062,0.99391078944139,0.0028613483098411,0.776330749354005,0.10046511627907
"SPCA","Hausdorff",16,0.995708246662794,0.00313497492020065,0.993778698649965,0.0029083950472197,0.783527131782946,0.10077519379845
"SPCA","Hausdorff",17,0.995623834686221,0.0032812584025983,0.993637803308432,0.00297283370115127,0.786776105791154,0.103328773369813
"SPCA","Hausdorff",18,0.995571456966806,0.00333622766915298,0.99351028936129,0.00300537180347391,0.791042204995693,0.105167958656331
"SPCA","Hausdorff",19,0.995498259390548,0.00335590562028742,0.993384478588311,0.0030321419624412,0.794206446348429,0.109098327213382
"SPCA","Hausdorff",20,0.995475618294321,0.00343330747251491,0.993269116478049,0.00306251068507949,0.79906976744186,0.109612403100775
"SPCA","Hausdorff",21,0.995509078854426,0.00339668930283132,0.993170251012608,0.00307367974317873,0.804429678848284,0.113399778516058
"SPCA","Hausdorff",22,0.995478948529967,0.00331881825730351,0.993062293974773,0.00306688991464002,0.806483439041579,0.11508104298802
"SPCA","Hausdorff",23,0.995472271489112,0.00340157027852828,0.992961464342448,0.00310210197435583,0.809437141894169,0.116413886080216
"SPCA","Hausdorff",24,0.995457387696691,0.00345694818664954,0.992859330664428,0.00312545588996453,0.81233850129199,0.116925064599483
"SPCA","Hausdorff",25,0.995496417761772,0.00339246261318216,0.99277342486437,0.00312061587525981,0.816124031007752,0.118139534883721
"IMDS","Hausdorff",1,0.527334321916404,-0.00429189723558421,0.528068274832683,-0.00428523279888293,0.00465116279069767,0
"IMDS","Hausdorff",2,0.534242056227229,-0.0133529095446113,0.53238703458248,-0.0103048560067478,0.00930232558139535,0.00155038759689922
"IMDS","Hausdorff",3,0.532280361757106,-0.00227874677002582,0.531487560716205,-0.00483010427288572,0.0165374677002584,0.00258397932816538
"IMDS","Hausdorff",4,0.53086934615408,-0.00184662453788853,0.53070156632219,-0.0043176952204913,0.0201550387596899,0.00193798449612403
"IMDS","Hausdorff",5,0.532602923101262,0.00365034743772286,0.53125040235964,-0.00171009681500489,0.022015503875969,0.00217054263565891
"IMDS","Hausdorff",6,0.532120631783962,0.00384364383778879,0.530922000411607,-0.00127491338890201,0.0229974160206718,0.00103359173126615
"IMDS","Hausdorff",7,0.531271506475087,0.00558181456134654,0.530434218936693,-0.000334071152784055,0.0256921373200443,0.00155038759689922
"IMDS","Hausdorff",8,0.531643380212642,0.00591261451726577,0.530378583106668,4.56476880942303e-05,0.0290697674418605,0.000193798449612403
"IMDS","Hausdorff",9,0.532282269369949,0.00437570213120275,0.530426073624798,-0.000267035046300046,0.0315245478036176,0.000689061154177432
"IMDS","Hausdorff",10,0.530482664351553,0.00236461816010003,0.529659735357917,-0.000788700502788175,0.0333333333333333,0.00124031007751938
"IMDS","Hausdorff",11,0.529982987929959,0.005057387682184,0.529302489793404,0.000175589992201686,0.034954193093728,0.000422832980972516
"IMDS","Hausdorff",12,0.52909946361291,0.00706500780555597,0.528825766581468,0.000931248149346364,0.036046511627907,-0.00142118863049095
"IMDS","Hausdorff",13,0.529153583780561,0.00799351222420996,0.528633477514289,0.0013590266678376,0.0389982110912343,-0.00178890876565295
"IMDS","Hausdorff",14,0.529662063814728,0.0084046673256124,0.528584928105279,0.00161637855099134,0.0411960132890365,-0.00221483942414175
"IMDS","Hausdorff",15,0.529079239263192,0.00939621293319037,0.528227115090581,0.00203736954495626,0.0421705426356589,-0.00217054263565891
"IMDS","Hausdorff",16,0.530261057911537,0.00871218509703975,0.528374570778239,0.00196370916940131,0.0455426356589147,-0.00271317829457364
"IMDS","Hausdorff",17,0.530435141333086,0.00817522635909385,0.528249436651195,0.00192293723947229,0.0476972184222526,-0.00136798905608755
"IMDS","Hausdorff",18,0.530261989698954,0.00600264326090516,0.528032548908232,0.0014108886734841,0.0488372093023256,-0.00120585701981051
"IMDS","Hausdorff",19,0.530055715398433,0.00411440864317236,0.527807275099784,0.000960456717855607,0.0505915952672379,-0.000652794777641779
"IMDS","Hausdorff",20,0.529985997312998,0.00532341791713176,0.527621479931945,0.00132324103285963,0.052015503875969,-0.000930232558139538
"IMDS","Hausdorff",21,0.530673900122665,0.00445027360312455,0.527636681029667,0.00113971633752813,0.0533776301218162,-0.000738279808047249
"IMDS","Hausdorff",22,0.530443801762899,0.00398354996464867,0.527414145328914,0.00105351695922012,0.0556025369978858,-0.000845665961945029
"IMDS","Hausdorff",23,0.530396547818352,0.00396094747136533,0.527244203667925,0.00107947602995728,0.0571621166161106,-0.000606673407482307
"IMDS","Hausdorff",24,0.531025321723474,0.00360875962622542,0.527244801725483,0.00102254614398928,0.0590439276485788,0
"IMDS","Hausdorff",25,0.531224704034328,0.00224727021953186,0.527140216034994,0.000709835529842773,0.0610852713178295,0.00105426356589148
"Int-UMAP","Hausdorff",1,0.983455700628112,-0.0030404957382425,0.983481390533969,-0.0030357744715682,0.365891472868217,0
"Int-UMAP","Hausdorff",2,0.982091391904874,-0.00089663881285984,0.98216652608748,-0.00161786560629795,0.452713178294574,-0.00852713178294574
"Int-UMAP","Hausdorff",3,0.979751291989664,0.00012435400516797,0.980511167395809,-0.000919706588599061,0.4671834625323,-0.00155038759689922
"Int-UMAP","Hausdorff",4,0.977940364104338,0.000549373835236344,0.979192174086875,-0.000590159374900409,0.483333333333333,0.00271317829457365
"Int-UMAP","Hausdorff",5,0.976469886702445,0.000535942462852823,0.978105083197832,-0.000494049133998593,0.491782945736434,0.00806201550387597
"Int-UMAP","Hausdorff",6,0.975586579571722,0.000771737649859605,0.977309998060412,-0.000320813528226604,0.503359173126615,0.00852713178294573
"Int-UMAP","Hausdorff",7,0.974156946176607,0.00166357497441061,0.976361029531824,7.98580268162319e-05,0.512070874861573,0.00730897009966777
"Int-UMAP","Hausdorff",8,0.972303673744523,0.00239942396666359,0.975299230955224,0.000408089928417461,0.510658914728682,0.00465116279069769
"Int-UMAP","Hausdorff",9,0.970882525174347,0.00272184615972626,0.974406284949476,0.000597604046586382,0.51266149870801,0.00465116279069766
"Int-UMAP","Hausdorff",10,0.969526448331702,0.00294709102215984,0.973546292226119,0.000743665009781826,0.52077519379845,0.00387596899224807
"Int-UMAP","Hausdorff",11,0.968423533213935,0.0025720095339411,0.972799064011093,0.000689057523128599,0.521212121212121,0.0050739957716702
"Int-UMAP","Hausdorff",12,0.967388861048728,0.00276380614174554,0.972099457723334,0.000802267552150356,0.520542635658915,0.00633074935400518
"Int-UMAP","Hausdorff",13,0.966397519379845,0.00299429934406681,0.971418885424686,0.000922104740786141,0.52510435301133,0.00512820512820514
"Int-UMAP","Hausdorff",14,0.965246203290999,0.00314020537440474,0.970712369130766,0.00100548491463263,0.527131782945736,0.00575858250276856
"Int-UMAP","Hausdorff",15,0.964263815149929,0.00407853303089967,0.970073509716007,0.00131247047216292,0.528578811369509,0.00113695090439275
"Int-UMAP","Hausdorff",16,0.963416755679653,0.00468208309128049,0.969478380368597,0.00153226482355701,0.530135658914729,0.000678294573643407
"Int-UMAP","Hausdorff",17,0.962666348426886,0.00531519366584976,0.968922631901401,0.00176481791588282,0.534792521659827,0.00109439124487004
"Int-UMAP","Hausdorff",18,0.961906007316044,0.00549840114099598,0.968382360266928,0.00186520853975708,0.534969853574505,-0.00051679586563308
"Int-UMAP","Hausdorff",19,0.961455965495133,0.0059453602293259,0.967933773575993,0.00203281913213001,0.537739698082415,-0.00106079151366789
"Int-UMAP","Hausdorff",20,0.960802820721454,0.00658555200232114,0.96744200111479,0.0022504788682762,0.539612403100775,-0.00178294573643409
"Int-UMAP","Hausdorff",21,0.96019461441139,0.00725429162775038,0.966974130965744,0.00248133305118158,0.542266519010705,-0.00103359173126613
"Int-UMAP","Hausdorff",22,0.959754459539586,0.00771494442033904,0.96655267435017,0.00266410396166473,0.545031712473573,0.000563777307963365
"Int-UMAP","Hausdorff",23,0.959312989330725,0.00805538519341176,0.96614062614342,0.00280895556212336,0.549039433771486,0.00175261206606001
"Int-UMAP","Hausdorff",24,0.958853844863572,0.00855866185116538,0.96573549703601,0.00298983423931442,0.551033591731266,0.00200258397932818
"Int-UMAP","Hausdorff",25,0.958490223873926,0.00874602505651123,0.965357321224393,0.00310137103390244,0.555162790697674,0.00378294573643409
"C-PCA","Ichino-Yaguchi",1,0.996431456231087,0.00328884709513311,0.99643699744812,0.00328374018970581,0.547286821705426,0
"C-PCA","Ichino-Yaguchi",2,0.996242455001903,0.00345242195194162,0.995974615415512,0.00342049242880668,0.628682170542636,0.0286821705426357
"C-PCA","Ichino-Yaguchi",3,0.996084867571059,0.00356023901808789,0.995638082080633,0.00352049822922492,0.669250645994832,0.0527131782945736
"C-PCA","Ichino-Yaguchi",4,0.996038134435723,0.00339397692022858,0.995408181495978,0.0034742241060452,0.677131782945736,0.0713178294573643
"C-PCA","Ichino-Yaguchi",5,0.996037627931316,0.00348046195222274,0.995205980797149,0.00352476745156119,0.702945736434109,0.0750387596899225
"C-PCA","Ichino-Yaguchi",6,0.995995543601347,0.00350697430455171,0.995016532565263,0.00355842923932104,0.714470284237726,0.0819121447028424
"C-PCA","Ichino-Yaguchi",7,0.995977830645133,0.00365727979989594,0.994844112389022,0.00363049440081511,0.725138427464009,0.0843853820598007
"C-PCA","Ichino-Yaguchi",8,0.995901890492386,0.00374421668658276,0.994658761119814,0.00368070569392819,0.740503875968992,0.0891472868217054
"C-PCA","Ichino-Yaguchi",9,0.995994217783183,0.00345567990870765,0.994545903894604,0.00361988192078737,0.750387596899225,0.103014642549526
"C-PCA","Ichino-Yaguchi",10,0.995992143389302,0.00332736083147078,0.994410186983824,0.0035899361013592,0.756744186046512,0.108527131782946
"C-PCA","Ichino-Yaguchi",11,0.996052100025585,0.00333261514567984,0.994294169626949,0.00359973670717816,0.770824524312896,0.11092318534179
"C-PCA","Ichino-Yaguchi",12,0.996120834544896,0.0032717344007458,0.994198061486987,0.00358491790858613,0.778940568475452,0.110206718346253
"C-PCA","Ichino-Yaguchi",13,0.996080047704234,0.00327899821109123,0.994068485762309,0.00360340297786912,0.786642814549791,0.116279069767442
"C-PCA","Ichino-Yaguchi",14,0.996075009702133,0.00327465873800337,0.993958805528185,0.00360584209770276,0.792912513842746,0.11937984496124
"C-PCA","Ichino-Yaguchi",15,0.996043852871042,0.00321294149904039,0.993848030940294,0.00360214148896827,0.800206718346253,0.122790697674419
"C-PCA","Ichino-Yaguchi",16,0.995995430666692,0.00326615195297608,0.993735453461294,0.00361945243968375,0.805038759689922,0.123643410852713
"C-PCA","Ichino-Yaguchi",17,0.996021192412044,0.00320228779042142,0.993648644109965,0.00360937600078452,0.807843137254902,0.125398996808026
"C-PCA","Ichino-Yaguchi",18,0.996019416460053,0.00317735304271405,0.993554420181604,0.00360848014943466,0.812058570198105,0.126270456503015
"C-PCA","Ichino-Yaguchi",19,0.996065215893857,0.00307004297212377,0.993472152439738,0.00358686233153661,0.817299061607507,0.128518971848225
"C-PCA","Ichino-Yaguchi",20,0.99606940791341,0.00313054667246959,0.993383320796554,0.00360437450026325,0.822868217054264,0.129302325581395
"C-PCA","Ichino-Yaguchi",21,0.996038219529247,0.00306705278821073,0.993290456568288,0.00359409010268911,0.824584717607973,0.131635289774825
"C-PCA","Ichino-Yaguchi",22,0.996063354647849,0.00295694974810379,0.993214444053175,0.00357847508403658,0.829105003523608,0.134672304439746
"C-PCA","Ichino-Yaguchi",23,0.996088448341594,0.00288020686568657,0.99314233177199,0.00356628673910074,0.83067071115605,0.137377822716549
"C-PCA","Ichino-Yaguchi",24,0.996128914452661,0.00280033717002248,0.99307212241546,0.00354846910827472,0.834948320413437,0.140697674418605
"C-PCA","Ichino-Yaguchi",25,0.996115908713587,0.00281021161385897,0.992991421538078,0.0035485691889596,0.838325581395349,0.141023255813953
"V-PCA","Ichino-Yaguchi",1,0.997330825707982,0.000737820536005018,0.99733497038856,0.000736674851942799,0.558139534883721,0
"V-PCA","Ichino-Yaguchi",2,0.996860555746887,0.00158784824811031,0.996703217255091,0.0013077880869181,0.62093023255814,0.0062015503875969
"V-PCA","Ichino-Yaguchi",3,0.996391311369509,0.00193959948320421,0.996168985669331,0.00157275528217274,0.652713178294574,0.0248062015503876
"V-PCA","Ichino-Yaguchi",4,0.996239672682462,0.0018338766367394,0.995844354760049,0.00159616333633676,0.667054263565891,0.0406976744186047
"V-PCA","Ichino-Yaguchi",5,0.996003066700741,0.00216713519039091,0.99551464906567,0.00176553205216733,0.685581395348837,0.0387596899224806
"V-PCA","Ichino-Yaguchi",6,0.995554579701836,0.00255673674516199,0.99513375510746,0.00195817826084882,0.684754521963824,0.0395348837209302
"V-PCA","Ichino-Yaguchi",7,0.995533116041516,0.00265256715260376,0.994906958942644,0.0020481551480136,0.699667774086379,0.0471760797342193
"V-PCA","Ichino-Yaguchi",8,0.995302264301253,0.00292796519287919,0.994625970575653,0.00218803785714367,0.715116279069767,0.0511627906976744
"V-PCA","Ichino-Yaguchi",9,0.995142309965588,0.0030557295953676,0.994400899667852,0.00227083438116843,0.716795865633075,0.0537467700258398
"V-PCA","Ichino-Yaguchi",10,0.995069792070734,0.00294610586721344,0.994198355194296,0.00226885553753862,0.724806201550388,0.0572093023255814
"V-PCA","Ichino-Yaguchi",11,0.995102633504352,0.0028619777990242,0.994033288820312,0.00226526266016732,0.737138830162086,0.0548273431994362
"V-PCA","Ichino-Yaguchi",12,0.995149316060061,0.00267162427744472,0.993893063341189,0.00224218431111499,0.745348837209302,0.0576227390180878
"V-PCA","Ichino-Yaguchi",13,0.995174335122242,0.00242623732856295,0.993752226274516,0.00218740670081582,0.753369111508646,0.0587954680977937
"V-PCA","Ichino-Yaguchi",14,0.995100977673104,0.00242353519987282,0.993592428599746,0.00219788387654179,0.760243632336656,0.0589147286821706
"V-PCA","Ichino-Yaguchi",15,0.994988907998704,0.00237260815739837,0.993429527302091,0.00220281015808644,0.761653746770026,0.06015503875969
"V-PCA","Ichino-Yaguchi",16,0.994957414313288,0.00229263097402077,0.993288997901713,0.00219000498894845,0.766957364341085,0.0593992248062015
"V-PCA","Ichino-Yaguchi",17,0.994789265595407,0.00251350493234825,0.993118458150761,0.00226188719130911,0.769265845873233,0.0595531235750114
"V-PCA","Ichino-Yaguchi",18,0.994742003089616,0.0024489568186018,0.992981304418908,0.00225378736664751,0.77312661498708,0.0608957795004307
"V-PCA","Ichino-Yaguchi",19,0.994711673475443,0.00244639081848386,0.992849554164685,0.00226056322755769,0.777478580171359,0.0600571195430437
"V-PCA","Ichino-Yaguchi",20,0.9946645978012,0.00257573750638629,0.992718736162632,0.00229597471091375,0.781007751937985,0.0572093023255814
"V-PCA","Ichino-Yaguchi",21,0.994636993358493,0.00245005320311664,0.992595975881971,0.00227141330919108,0.782945736434108,0.0580287929125138
"V-PCA","Ichino-Yaguchi",22,0.994529389427562,0.00249954334268543,0.992455586813988,0.00228719345732608,0.784989429175476,0.0573643410852713
"V-PCA","Ichino-Yaguchi",23,0.994479161486737,0.0024275776713244,0.992333714373888,0.00228134970792303,0.786316144253455,0.0582406471183013
"V-PCA","Ichino-Yaguchi",24,0.994456440733026,0.0023858813237958,0.992214524391389,0.00227913613736132,0.789793281653747,0.0601421188630491
"V-PCA","Ichino-Yaguchi",25,0.994418451400329,0.00237692042450477,0.992095785917658,0.00228811974944322,0.792558139534884,0.0610232558139535
"MR-PCA","Ichino-Yaguchi",1,0.993682713057736,0.00274874317335161,0.993692522509509,0.00274447493861043,0.401550387596899,0
"MR-PCA","Ichino-Yaguchi",2,0.992591854120974,0.00299322687257941,0.992579025585412,0.00291922721613046,0.437209302325581,0.0131782945736434
"MR-PCA","Ichino-Yaguchi",3,0.991479731912145,0.00336321059431521,0.991592381829545,0.00315121213117989,0.448062015503876,0.0253229974160207
"MR-PCA","Ichino-Yaguchi",4,0.990177742164594,0.00457771059836221,0.990570342535802,0.00376490970880256,0.472093023255814,0.0290697674418605
"MR-PCA","Ichino-Yaguchi",5,0.98939530015942,0.00493544108162047,0.989829080270682,0.00401435425180156,0.491782945736434,0.044031007751938
"MR-PCA","Ichino-Yaguchi",6,0.988496514372496,0.00543509861205138,0.989095062702668,0.00430330360120218,0.50594315245478,0.0568475452196383
"MR-PCA","Ichino-Yaguchi",7,0.987694016789461,0.00596259925729514,0.988434977357928,0.00459676919132308,0.518050941306755,0.0664451827242525
"MR-PCA","Ichino-Yaguchi",8,0.987030670711156,0.00666176425529308,0.987847472430741,0.00493263759411699,0.527713178294574,0.074031007751938
"MR-PCA","Ichino-Yaguchi",9,0.986391588212249,0.00714887297277744,0.987293885971191,0.00520005242923951,0.536950904392765,0.0794142980189492
"MR-PCA","Ichino-Yaguchi",10,0.985956246805943,0.00747067624729847,0.986821994456684,0.00540306261793246,0.551627906976744,0.087906976744186
"MR-PCA","Ichino-Yaguchi",11,0.985537047261236,0.00790320625900542,0.986381325026975,0.00563282853571281,0.560958421423538,0.0962649753347428
"MR-PCA","Ichino-Yaguchi",12,0.985167793677603,0.00847413236655792,0.985973291535413,0.00589336713583129,0.567829457364341,0.0978036175710594
"MR-PCA","Ichino-Yaguchi",13,0.984761741204532,0.00882604651162788,0.985571140860582,0.00608488117431664,0.575432319618366,0.102683363148479
"MR-PCA","Ichino-Yaguchi",14,0.984359628113008,0.00926520437532907,0.985183157633207,0.00629164341948395,0.581949058693245,0.104540420819491
"MR-PCA","Ichino-Yaguchi",15,0.984060918766669,0.00963766129099264,0.984835608837453,0.00648608979650491,0.591317829457364,0.111214470284238
"MR-PCA","Ichino-Yaguchi",16,0.983687667484962,0.0100968836084927,0.984475045166755,0.00669607204639577,0.599031007751938,0.114244186046512
"MR-PCA","Ichino-Yaguchi",17,0.983168946280094,0.0107131886078998,0.984087744718566,0.00695195228184946,0.602462380300958,0.117647058823529
"MR-PCA","Ichino-Yaguchi",18,0.982812039042149,0.0110917922913027,0.983748817280657,0.00713864155395731,0.608010335917313,0.121188630490956
"MR-PCA","Ichino-Yaguchi",19,0.982525420316118,0.0115224636644465,0.98343436462211,0.00732992888067483,0.61452468380253,0.123949408404733
"MR-PCA","Ichino-Yaguchi",20,0.982234059328502,0.0120384001614725,0.983126223922428,0.00754814923064384,0.620387596899225,0.126511627906977
"MR-PCA","Ichino-Yaguchi",21,0.98191419213461,0.0124353779348279,0.982817036108622,0.0077257330835717,0.62547065337763,0.128534514581026
"MR-PCA","Ichino-Yaguchi",22,0.981609243089781,0.0128320417278184,0.982520649134549,0.0078995198695879,0.629175475687104,0.131007751937984
"MR-PCA","Ichino-Yaguchi",23,0.981417560377265,0.0130897799289451,0.982257893568486,0.00804929654762354,0.634041118975396,0.135018537243006
"MR-PCA","Ichino-Yaguchi",24,0.98136944534682,0.0132156635433851,0.982031734575535,0.0081637662156835,0.640891472868217,0.13953488372093
"MR-PCA","Ichino-Yaguchi",25,0.981198268265584,0.0134764696116368,0.981781857026401,0.00829982658478318,0.646077519379845,0.142263565891473
"SPCA","Ichino-Yaguchi",1,0.996431456231087,0.00328884709513311,0.99643699744812,0.00328374018970581,0.547286821705426,0
"SPCA","Ichino-Yaguchi",2,0.996242455001903,0.00345242195194162,0.995974615415512,0.00342049242880668,0.628682170542636,0.0286821705426357
"SPCA","Ichino-Yaguchi",3,0.996084867571059,0.00356023901808789,0.995638082080633,0.00352049822922492,0.669250645994832,0.0527131782945736
"SPCA","Ichino-Yaguchi",4,0.996038134435723,0.00339397692022858,0.995408181495978,0.0034742241060452,0.677131782945736,0.0713178294573643
"SPCA","Ichino-Yaguchi",5,0.996037627931316,0.00348046195222274,0.995205980797149,0.00352476745156119,0.702945736434109,0.0750387596899225
"SPCA","Ichino-Yaguchi",6,0.995995543601347,0.00350697430455171,0.995016532565263,0.00355842923932104,0.714470284237726,0.0819121447028424
"SPCA","Ichino-Yaguchi",7,0.995977830645133,0.00365727979989594,0.994844112389022,0.00363049440081511,0.725138427464009,0.0843853820598007
"SPCA","Ichino-Yaguchi",8,0.995901890492386,0.00374421668658276,0.994658761119814,0.00368070569392819,0.740503875968992,0.0891472868217054
"SPCA","Ichino-Yaguchi",9,0.995994217783183,0.00345567990870765,0.994545903894604,0.00361988192078737,0.750387596899225,0.103014642549526
"SPCA","Ichino-Yaguchi",10,0.995992143389302,0.00332736083147078,0.994410186983824,0.0035899361013592,0.756744186046512,0.108527131782946
"SPCA","Ichino-Yaguchi",11,0.996052100025585,0.00333261514567984,0.994294169626949,0.00359973670717816,0.770824524312896,0.11092318534179
"SPCA","Ichino-Yaguchi",12,0.996120834544896,0.0032717344007458,0.994198061486987,0.00358491790858613,0.778940568475452,0.110206718346253
"SPCA","Ichino-Yaguchi",13,0.996080047704234,0.00327899821109123,0.994068485762309,0.00360340297786912,0.786642814549791,0.116279069767442
"SPCA","Ichino-Yaguchi",14,0.996075009702133,0.00327465873800337,0.993958805528185,0.00360584209770276,0.792912513842746,0.11937984496124
"SPCA","Ichino-Yaguchi",15,0.996043852871042,0.00321294149904039,0.993848030940294,0.00360214148896827,0.800206718346253,0.122790697674419
"SPCA","Ichino-Yaguchi",16,0.995995430666692,0.00326615195297608,0.993735453461294,0.00361945243968375,0.805038759689922,0.123643410852713
"SPCA","Ichino-Yaguchi",17,0.996021192412044,0.00320228779042142,0.993648644109965,0.00360937600078452,0.807843137254902,0.125398996808026
"SPCA","Ichino-Yaguchi",18,0.996019416460053,0.00317735304271405,0.993554420181604,0.00360848014943466,0.812058570198105,0.126270456503015
"SPCA","Ichino-Yaguchi",19,0.996065215893857,0.00307004297212377,0.993472152439738,0.00358686233153661,0.817299061607507,0.128518971848225
"SPCA","Ichino-Yaguchi",20,0.99606940791341,0.00313054667246959,0.993383320796554,0.00360437450026325,0.822868217054264,0.129302325581395
"SPCA","Ichino-Yaguchi",21,0.996038219529247,0.00306705278821073,0.993290456568288,0.00359409010268911,0.824584717607973,0.131635289774825
"SPCA","Ichino-Yaguchi",22,0.996063354647849,0.00295694974810379,0.993214444053175,0.00357847508403658,0.829105003523608,0.134672304439746
"SPCA","Ichino-Yaguchi",23,0.996088448341594,0.00288020686568657,0.99314233177199,0.00356628673910074,0.83067071115605,0.137377822716549
"SPCA","Ichino-Yaguchi",24,0.996128914452661,0.00280033717002248,0.99307212241546,0.00354846910827472,0.834948320413437,0.140697674418605
"SPCA","Ichino-Yaguchi",25,0.996115908713587,0.00281021161385897,0.992991421538078,0.0035485691889596,0.838325581395349,0.141023255813953
"IMDS","Ichino-Yaguchi",1,0.528243336106188,-0.0167721557138896,0.52897587750975,-0.016746111993837,0,0
"IMDS","Ichino-Yaguchi",2,0.532249391264418,0.00193103614952839,0.531363216451781,-0.0043065429569828,0.00697674418604651,-0.00232558139534884
"IMDS","Ichino-Yaguchi",3,0.53405402131783,0.0042950581395349,0.532333695163536,-0.00189313948006092,0.013953488372093,-0.000516795865633074
"IMDS","Ichino-Yaguchi",4,0.534130077155154,0.00633813504276615,0.532364220368659,-0.000186965889348245,0.0189922480620155,-0.00271317829457364
"IMDS","Ichino-Yaguchi",5,0.531991286675672,0.00971413968091706,0.531365126667665,0.00184165629129973,0.0213953488372093,-0.00248062015503876
"IMDS","Ichino-Yaguchi",6,0.531932983245811,0.0103229059297345,0.531156914353267,0.00261517067473821,0.0232558139534884,-0.00103359173126615
"IMDS","Ichino-Yaguchi",7,0.530372120970756,0.00901411698125076,0.530374205961792,0.00253169035549594,0.026578073089701,0.000221483942414176
"IMDS","Ichino-Yaguchi",8,0.530240830958728,0.0110506480375034,0.530099164342933,0.00355900575564866,0.0296511627906977,-0.000968992248062015
"IMDS","Ichino-Yaguchi",9,0.531666236685954,0.0113905303231954,0.530377959995372,0.0039625946731649,0.0327304048234281,0.000861326442721792
"IMDS","Ichino-Yaguchi",10,0.530713313753379,0.01004020663625,0.52988010134708,0.0037454561072251,0.0336434108527132,-0.000620155038759691
"IMDS","Ichino-Yaguchi",11,0.530030904512463,0.00796447664319089,0.529464310983738,0.00324495128459273,0.0348132487667371,-0.00197322057787174
"IMDS","Ichino-Yaguchi",12,0.529272381942253,0.00771028085566217,0.529025295743937,0.00328338194007788,0.0351421188630491,-0.00232558139534884
"IMDS","Ichino-Yaguchi",13,0.528549838998211,0.00927961836613,0.528594629035801,0.0038692275470909,0.0363744782349434,-0.00119260584376863
"IMDS","Ichino-Yaguchi",14,0.528492035369938,0.00814979205908128,0.528363362089635,0.00364339974600503,0.0387596899224806,0
"IMDS","Ichino-Yaguchi",15,0.527883546449313,0.00923552431516239,0.527977749591311,0.00404011670347726,0.0406201550387597,-0.00155038759689922
"IMDS","Ichino-Yaguchi",16,0.528584802828427,0.00793012012068295,0.527969575641443,0.00375432017801569,0.0430232558139535,-0.000968992248062014
"IMDS","Ichino-Yaguchi",17,0.528544634970868,0.00830620560205142,0.527763696995532,0.00392492748051482,0.0448700410396717,-0.00109439124487004
"IMDS","Ichino-Yaguchi",18,0.528912113318478,0.00951504182838325,0.527673986729246,0.00432370685052913,0.047114556416882,-0.000689061154177432
"IMDS","Ichino-Yaguchi",19,0.528907363546286,0.00887551860624081,0.527491510864578,0.00422274727751826,0.0483068135454916,-0.000163198694410446
"IMDS","Ichino-Yaguchi",20,0.528780441652317,0.00909998044669824,0.527277222035389,0.00433869528254788,0.050077519379845,-0.000775193798449612
"IMDS","Ichino-Yaguchi",21,0.528438706818008,0.0103011109726083,0.52700942351068,0.0047134921400786,0.0514581026208933,-0.00110741971207087
"IMDS","Ichino-Yaguchi",22,0.528619823133885,0.0122814023211446,0.526876776540712,0.00528843155297382,0.0538407329105004,-0.00204369274136716
"IMDS","Ichino-Yaguchi",23,0.52921690508158,0.0115007155210042,0.526856542504897,0.00515749167531449,0.0554095045500506,-0.00222446916076845
"IMDS","Ichino-Yaguchi",24,0.529275243694517,0.0115301319167096,0.526703846153154,0.00522912673681131,0.0567829457364341,-0.00148578811369509
"IMDS","Ichino-Yaguchi",25,0.529448577959976,0.00987252084849877,0.526582016414834,0.00487240138628459,0.0586666666666667,-0.00105426356589147
"Int-UMAP","Ichino-Yaguchi",1,0.989818799956599,-0.00109708609111847,0.989834609273436,-0.0010953825412875,0.364341085271318,0
"Int-UMAP","Ichino-Yaguchi",2,0.987323194789344,0.00213767393524145,0.987757159497128,0.0010515323131301,0.458914728682171,-0.00387596899224806
"Int-UMAP","Ichino-Yaguchi",3,0.986199935400517,0.00277131782945739,0.98668431959475,0.00159183360196485,0.497157622739018,-0.00051679586563308
"Int-UMAP","Ichino-Yaguchi",4,0.985085866219883,0.00289984398997156,0.985738684266183,0.00180505136250426,0.513178294573643,0.00426356589147286
"Int-UMAP","Ichino-Yaguchi",5,0.983479488396432,0.00269236853954469,0.984648310777383,0.00181511157862729,0.529612403100775,0.0108527131782946
"Int-UMAP","Ichino-Yaguchi",6,0.982379537973924,0.0033394527493662,0.983814528948975,0.00213817009779704,0.534625322997416,0.010594315245478
"Int-UMAP","Ichino-Yaguchi",7,0.981078668720808,0.00315422478873439,0.982938565813133,0.00213075563454906,0.5421926910299,0.0104097452934662
"Int-UMAP","Ichino-Yaguchi",8,0.979914361001317,0.00341115911388912,0.982144975814003,0.00226333474083996,0.547868217054264,0.00484496124031009
"Int-UMAP","Ichino-Yaguchi",9,0.979288170343343,0.00339534610717307,0.981564291048946,0.00231314456393116,0.552627045650302,0.011541774332472
"Int-UMAP","Ichino-Yaguchi",10,0.978473748699288,0.00369260702784913,0.98094962167869,0.0024406811918028,0.556124031007752,0.00790697674418603
"Int-UMAP","Ichino-Yaguchi",11,0.97787061849423,0.00392983306625727,0.980419403385959,0.00255194613156449,0.557857646229739,0.00535588442565185
"Int-UMAP","Ichino-Yaguchi",12,0.977348008191194,0.00397928692069272,0.979930052040187,0.00260603368204536,0.561498708010336,0.00400516795865632
"Int-UMAP","Ichino-Yaguchi",13,0.976632081097197,0.0037882886106142,0.979400236303011,0.00258485800019988,0.562552176505665,0.00727489564698869
"Int-UMAP","Ichino-Yaguchi",14,0.976097673175311,0.00346168567574356,0.978932678673284,0.00252600871080325,0.566666666666667,0.0102990033222591
"Int-UMAP","Ichino-Yaguchi",15,0.97544488480105,0.00367274026438014,0.978446806201717,0.00261532260749306,0.570025839793282,0.0114728682170543
"Int-UMAP","Ichino-Yaguchi",16,0.974744595193923,0.00403884714127767,0.97795875129092,0.00273605557122623,0.572577519379845,0.0106589147286822
"Int-UMAP","Ichino-Yaguchi",17,0.974074876221669,0.00454714552913627,0.97748697049056,0.00290019999214053,0.575102599179207,0.0102143182854537
"Int-UMAP","Ichino-Yaguchi",18,0.973440528373209,0.00486094983035001,0.977033258750764,0.00301603063428045,0.578208440999139,0.0101636520241171
"Int-UMAP","Ichino-Yaguchi",19,0.973029826151001,0.00538714651321748,0.976648970096166,0.00318703336532238,0.581395348837209,0.0101999184006528
"Int-UMAP","Ichino-Yaguchi",20,0.972447947218701,0.00587620867788141,0.976226940142479,0.00334821507942631,0.584341085271318,0.0113178294573643
"Int-UMAP","Ichino-Yaguchi",21,0.971834444667253,0.00608304021938832,0.975804941156916,0.00343451425150947,0.584274640088594,0.0107788851974898
"Int-UMAP","Ichino-Yaguchi",22,0.971363178265762,0.00623842870700586,0.975421369113307,0.0035101401495927,0.586257928118393,0.0121916842847075
"Int-UMAP","Ichino-Yaguchi",23,0.971065269881262,0.00630288363252607,0.975087752125515,0.003549638289906,0.589282103134479,0.0116616110549377
"Int-UMAP","Ichino-Yaguchi",24,0.970818603377221,0.00640230243811291,0.9747762966995,0.00360180019281717,0.593217054263566,0.01156330749354
"Int-UMAP","Ichino-Yaguchi",25,0.970626361697508,0.00621043893592832,0.974486326214049,0.00357826350723198,0.596217054263566,0.01184496124031
"C-PCA","Wasserstein",1,0.996844973296201,0.00320927821379924,0.99684987240599,0.00320429486253551,0.587596899224806,0
"C-PCA","Wasserstein",2,0.996812219422743,0.00296785030240421,0.996520062658152,0.00307185604691328,0.655813953488372,0.0286821705426357
"C-PCA","Wasserstein",3,0.996539890180879,0.00326711886304909,0.996140916417223,0.00324726160323674,0.688372093023256,0.0496124031007752
"C-PCA","Wasserstein",4,0.996640321004292,0.00316572878536792,0.995984627463705,0.003230086829045,0.71046511627907,0.0658914728682171
"C-PCA","Wasserstein",5,0.996636364742677,0.0033285872488531,0.995806455709397,0.00332510888182558,0.733953488372093,0.0787596899224806
"C-PCA","Wasserstein",6,0.996746950965384,0.00322885599448652,0.995688643569606,0.00331133323429752,0.758397932816537,0.0888888888888889
"C-PCA","Wasserstein",7,0.996788482834994,0.00316505444522464,0.99557096422328,0.00330442171847638,0.76766334440753,0.101661129568106
"C-PCA","Wasserstein",8,0.996807457793302,0.00307779514048467,0.995452800357348,0.00329041355795429,0.778682170542636,0.111240310077519
"C-PCA","Wasserstein",9,0.996871105432636,0.00302870223630913,0.995354591186078,0.00328776558405713,0.792764857881137,0.117140396210164
"C-PCA","Wasserstein",10,0.996874226499437,0.00312959097598065,0.995245166023637,0.00333120187022701,0.805116279069767,0.122480620155039
"C-PCA","Wasserstein",11,0.996885197703595,0.00315710803786651,0.995151358009463,0.00334481211260277,0.810570824524313,0.1276955602537
"C-PCA","Wasserstein",12,0.996926549408036,0.00315872397202788,0.995064649782624,0.0033547984569636,0.82312661498708,0.129457364341085
"C-PCA","Wasserstein",13,0.996996255217651,0.00306356589147283,0.994998777065278,0.00333706641782111,0.828861061419201,0.133810375670841
"C-PCA","Wasserstein",14,0.997021689263535,0.00303203879787683,0.994925521376971,0.00334149137230571,0.833333333333333,0.137098560354374
"C-PCA","Wasserstein",15,0.997083177546798,0.00301370090646991,0.994865087253409,0.00334326940153854,0.838036175710594,0.13953488372093
"C-PCA","Wasserstein",16,0.997105282061853,0.00298255970116623,0.994796917611932,0.0033475455384101,0.842441860465116,0.144961240310078
"C-PCA","Wasserstein",17,0.99712803331499,0.00296169262309876,0.994729532208513,0.0033476951733496,0.847150022799818,0.14765161878705
"C-PCA","Wasserstein",18,0.997183776375943,0.00280813343236841,0.994674781141608,0.00331539695394702,0.85099052540913,0.152713178294574
"C-PCA","Wasserstein",19,0.997203500294076,0.00278603485457829,0.994614241195257,0.00331202391457344,0.854753161974704,0.155038759689922
"C-PCA","Wasserstein",20,0.997252004213421,0.00276357535274785,0.994558638072525,0.00331319237684564,0.85953488372093,0.157596899224806
"C-PCA","Wasserstein",21,0.997274386568366,0.00273705496210142,0.994502613430068,0.00330946559760154,0.86186784791436,0.159025470653378
"C-PCA","Wasserstein",22,0.997308862263511,0.0026687226329738,0.994448081394419,0.00329693765799313,0.865891472868217,0.162367864693446
"C-PCA","Wasserstein",23,0.997330360744142,0.00266792642565483,0.994394245294265,0.00330044387361018,0.868217054263566,0.164475901584092
"C-PCA","Wasserstein",24,0.997345688448954,0.00265648786888595,0.994340207614544,0.00330184825572646,0.87093023255814,0.167054263565891
"C-PCA","Wasserstein",25,0.997385285365822,0.00255264804669042,0.99429215707333,0.00328445654196919,0.873984496124031,0.170170542635659
"V-PCA","Wasserstein",1,0.997175304712648,0.00158896644845508,0.997179690885454,0.00158649910924936,0.55968992248062,0
"V-PCA","Wasserstein",2,0.996455134828134,0.00261620354426095,0.996377073542997,0.00230389203518496,0.624031007751938,0.0341085271317829
"V-PCA","Wasserstein",3,0.996317021963824,0.00261789405684754,0.996012192581384,0.00238457068298192,0.652713178294574,0.0496124031007752
"V-PCA","Wasserstein",4,0.996020226669823,0.00317847668651694,0.995635563307172,0.00270057548023483,0.670542635658915,0.0546511627906977
"V-PCA","Wasserstein",5,0.995927616126952,0.00336558236890461,0.99536578702251,0.00284495824190399,0.694883720930233,0.0648062015503876
"V-PCA","Wasserstein",6,0.995861973623487,0.00349192989304237,0.995135071198032,0.00295380077909272,0.71421188630491,0.0700258397932817
"V-PCA","Wasserstein",7,0.995821673985418,0.00346723679567928,0.994942873163927,0.00299525938946313,0.72469545957918,0.0792912513842747
"V-PCA","Wasserstein",8,0.995779636608757,0.0032833900174648,0.994760069345614,0.00297976166298855,0.736627906976744,0.0897286821705426
"V-PCA","Wasserstein",9,0.995694186797272,0.00341418335742594,0.994578712459203,0.00304411840400708,0.745564168819983,0.0863049095607235
"V-PCA","Wasserstein",10,0.995667165401358,0.0033906570367771,0.994418006412609,0.00307094016557254,0.757519379844961,0.0928682170542636
"V-PCA","Wasserstein",11,0.995618943097095,0.00341565559311074,0.994263177049638,0.003100534925976,0.765045806906272,0.095137420718816
"V-PCA","Wasserstein",12,0.995603420009033,0.00340330493636976,0.994124893535973,0.00311887078621532,0.772609819121447,0.0976744186046511
"V-PCA","Wasserstein",13,0.995614645199762,0.00333738819320217,0.994005328473457,0.00311679901214535,0.776744186046512,0.0999403697078116
"V-PCA","Wasserstein",14,0.995517214737296,0.00344143774516203,0.993856463931,0.00317197539808667,0.782170542635659,0.103654485049834
"V-PCA","Wasserstein",15,0.99556187010311,0.00342314946367894,0.993752714793618,0.00318335553768458,0.786770025839793,0.104392764857881
"V-PCA","Wasserstein",16,0.9955288933031,0.00340123306410811,0.993634947686866,0.00319876861618422,0.789728682170543,0.10765503875969
"V-PCA","Wasserstein",17,0.995530204417492,0.00334711635715634,0.993527179274849,0.00319907365192508,0.792521659826721,0.107888736890105
"V-PCA","Wasserstein",18,0.995497668839162,0.0033030299860165,0.993412032767002,0.00320276903479591,0.796726959517657,0.109646856158484
"V-PCA","Wasserstein",19,0.995473355693674,0.00329841517112017,0.993302442820099,0.00321627342283352,0.799592003263974,0.111464708282334
"V-PCA","Wasserstein",20,0.995451208204818,0.0033887764048417,0.993196568627394,0.00325326104465047,0.802635658914729,0.112093023255814
"V-PCA","Wasserstein",21,0.995405442675825,0.0034131891941368,0.99308223032996,0.00327067646029989,0.806939830195644,0.114138058324105
"V-PCA","Wasserstein",22,0.995363069935699,0.00342588062833749,0.99297462493698,0.0032870888621086,0.809725158562368,0.117336152219873
"V-PCA","Wasserstein",23,0.995359777221568,0.00347693480747235,0.992876470945014,0.00331223914610411,0.812200876306033,0.11850353892821
"V-PCA","Wasserstein",24,0.995404306773763,0.0033609778779945,0.992791296649209,0.00329455628357747,0.817441860465116,0.120284237726098
"V-PCA","Wasserstein",25,0.995339999744582,0.00333014060763959,0.992685365845914,0.00330165646034053,0.819038759689922,0.122418604651163
"MR-PCA","Wasserstein",1,0.994753276188409,0.00352032020446791,0.994761423275073,0.00351485386874669,0.441860465116279,0
"MR-PCA","Wasserstein",2,0.994211725183829,0.00331103820382217,0.994031811061574,0.00340040968791421,0.493798449612403,0.0255813953488372
"MR-PCA","Wasserstein",3,0.993818636950904,0.00337370801033587,0.993481464425512,0.00345010580792299,0.521963824289406,0.0428940568475452
"MR-PCA","Wasserstein",4,0.993451524588273,0.00344496852482501,0.992986751110351,0.00351333628847601,0.559302325581395,0.0643410852713178
"MR-PCA","Wasserstein",5,0.993211638859479,0.00377593613474003,0.99259571838194,0.00366059524710305,0.58015503875969,0.0688372093023256
"MR-PCA","Wasserstein",6,0.993022035996804,0.00423561174846554,0.992252438016658,0.00386460125992641,0.608010335917313,0.0697674418604651
"MR-PCA","Wasserstein",7,0.992904828280076,0.00444365259859358,0.991970842452734,0.0039758954236548,0.621040974529347,0.0713178294573643
"MR-PCA","Wasserstein",8,0.992773692434966,0.00460979869473299,0.991706016539704,0.00408377010119609,0.633527131782946,0.0792635658914729
"MR-PCA","Wasserstein",9,0.9926821377822,0.00476991936837889,0.991468118087971,0.00418495110214538,0.642894056847545,0.0852713178294573
"MR-PCA","Wasserstein",10,0.992537697569746,0.00511640221413578,0.991209107914483,0.00434289904753646,0.65922480620155,0.0916279069767442
"MR-PCA","Wasserstein",11,0.992406399949727,0.00536643280681204,0.990975873530386,0.00446215772908831,0.669485553206483,0.0965468639887244
"MR-PCA","Wasserstein",12,0.992334572736028,0.00570558308638081,0.990767065733887,0.00461745858359157,0.678165374677003,0.098062015503876
"MR-PCA","Wasserstein",13,0.992360357781753,0.00566516398330352,0.99059815848245,0.00465835018469629,0.687298747763864,0.103637447823494
"MR-PCA","Wasserstein",14,0.992292909405608,0.00580565006069933,0.990412378263815,0.0047493016666368,0.695127353266888,0.110299003322259
"MR-PCA","Wasserstein",15,0.992190566398298,0.00587352625937831,0.990224683274977,0.00482040628458132,0.701602067183463,0.116589147286822
"MR-PCA","Wasserstein",16,0.992128284891529,0.00596449474979543,0.990047442747277,0.00488587664448258,0.710755813953488,0.12296511627907
"MR-PCA","Wasserstein",17,0.992073177469508,0.00610990911749598,0.989881845352423,0.00496192007872001,0.71609667122663,0.125398996808026
"MR-PCA","Wasserstein",18,0.992039460607392,0.00606052997729856,0.989725732749782,0.00499284526646425,0.721877691645133,0.130404823428079
"MR-PCA","Wasserstein",19,0.992075060802111,0.00603782182729551,0.98959024274189,0.00502177294410236,0.729253365973072,0.13390452876377
"MR-PCA","Wasserstein",20,0.991972738912963,0.00623119571593467,0.989434445175575,0.00510417940414793,0.731705426356589,0.136356589147287
"MR-PCA","Wasserstein",21,0.991989423208362,0.00624840044393138,0.989301709684715,0.00514192532492934,0.738648947951274,0.140863787375415
"MR-PCA","Wasserstein",22,0.991997577555394,0.00631437499603849,0.989171231692368,0.00519352201727462,0.742565186751233,0.144890768146582
"MR-PCA","Wasserstein",23,0.992015061855271,0.00630155757043316,0.989050386046167,0.00521939044644284,0.746747556454331,0.149578699022582
"MR-PCA","Wasserstein",24,0.991968962522745,0.00643001067988169,0.98891164854542,0.0052852207187508,0.752002583979328,0.153036175710594
"MR-PCA","Wasserstein",25,0.991977523211116,0.00653461553197199,0.988794057667073,0.00533293726030725,0.756651162790698,0.154294573643411
"SPCA","Wasserstein",1,0.996844973296201,0.00320927821379924,0.99684987240599,0.00320429486253551,0.587596899224806,0
"SPCA","Wasserstein",2,0.996812219422743,0.00296785030240421,0.996520062658152,0.00307185604691328,0.655813953488372,0.0286821705426357
"SPCA","Wasserstein",3,0.996539890180879,0.00326711886304909,0.996140916417223,0.00324726160323674,0.688372093023256,0.0496124031007752
"SPCA","Wasserstein",4,0.996640321004292,0.00316572878536792,0.995984627463705,0.003230086829045,0.71046511627907,0.0658914728682171
"SPCA","Wasserstein",5,0.996636364742677,0.0033285872488531,0.995806455709397,0.00332510888182558,0.733953488372093,0.0787596899224806
"SPCA","Wasserstein",6,0.996746950965384,0.00322885599448652,0.995688643569606,0.00331133323429752,0.758397932816537,0.0888888888888889
"SPCA","Wasserstein",7,0.996788482834994,0.00316505444522464,0.99557096422328,0.00330442171847638,0.76766334440753,0.101661129568106
"SPCA","Wasserstein",8,0.996807457793302,0.00307779514048467,0.995452800357348,0.00329041355795429,0.778682170542636,0.111240310077519
"SPCA","Wasserstein",9,0.996871105432636,0.00302870223630913,0.995354591186078,0.00328776558405713,0.792764857881137,0.117140396210164
"SPCA","Wasserstein",10,0.996874226499437,0.00312959097598065,0.995245166023637,0.00333120187022701,0.805116279069767,0.122480620155039
"SPCA","Wasserstein",11,0.996885197703595,0.00315710803786651,0.995151358009463,0.00334481211260277,0.810570824524313,0.1276955602537
"SPCA","Wasserstein",12,0.996926549408036,0.00315872397202788,0.995064649782624,0.0033547984569636,0.82312661498708,0.129457364341085
"SPCA","Wasserstein",13,0.996996255217651,0.00306356589147283,0.994998777065278,0.00333706641782111,0.828861061419201,0.133810375670841
"SPCA","Wasserstein",14,0.997021689263535,0.00303203879787683,0.994925521376971,0.00334149137230571,0.833333333333333,0.137098560354374
"SPCA","Wasserstein",15,0.997083177546798,0.00301370090646991,0.994865087253409,0.00334326940153854,0.838036175710594,0.13953488372093
"SPCA","Wasserstein",16,0.997105282061853,0.00298255970116623,0.994796917611932,0.0033475455384101,0.842441860465116,0.144961240310078
"SPCA","Wasserstein",17,0.99712803331499,0.00296169262309876,0.994729532208513,0.0033476951733496,0.847150022799818,0.14765161878705
"SPCA","Wasserstein",18,0.997183776375943,0.00280813343236841,0.994674781141608,0.00331539695394702,0.85099052540913,0.152713178294574
"SPCA","Wasserstein",19,0.997203500294076,0.00278603485457829,0.994614241195257,0.00331202391457344,0.854753161974704,0.155038759689922
"SPCA","Wasserstein",20,0.997252004213421,0.00276357535274785,0.994558638072525,0.00331319237684564,0.85953488372093,0.157596899224806
"SPCA","Wasserstein",21,0.997274386568366,0.00273705496210142,0.994502613430068,0.00330946559760154,0.86186784791436,0.159025470653378
"SPCA","Wasserstein",22,0.997308862263511,0.0026687226329738,0.994448081394419,0.00329693765799313,0.865891472868217,0.162367864693446
"SPCA","Wasserstein",23,0.997330360744142,0.00266792642565483,0.994394245294265,0.00330044387361018,0.868217054263566,0.164475901584092
"SPCA","Wasserstein",24,0.997345688448954,0.00265648786888595,0.994340207614544,0.00330184825572646,0.87093023255814,0.167054263565891
"SPCA","Wasserstein",25,0.997385285365822,0.00255264804669042,0.99429215707333,0.00328445654196919,0.873984496124031,0.170170542635659
"IMDS","Wasserstein",1,0.537253909122693,0.00615332682315217,0.537972458953248,0.00614377196783666,0.00310077519379845,0
"IMDS","Wasserstein",2,0.532303165425027,-0.000982435788214331,0.534402940113267,0.00139856207575206,0.00775193798449612,0.00155038759689922
"IMDS","Wasserstein",3,0.53235061369509,-0.00807332041343667,0.533879477648762,-0.00288258061686569,0.0144702842377261,0.0020671834625323
"IMDS","Wasserstein",4,0.529894435237627,0.000874141793083427,0.532315064564073,0.00077200687988116,0.0201550387596899,-0.00116279069767442
"IMDS","Wasserstein",5,0.5284789407713,-0.00346926606062814,0.531269865542652,-0.00110549468497251,0.0229457364341085,-0.000310077519379845
"IMDS","Wasserstein",6,0.527019966373707,-0.00346915997292008,0.530268865788209,-0.00126456562677418,0.0242894056847545,-0.0020671834625323
"IMDS","Wasserstein",7,0.526426632570716,-0.00126916587190962,0.529643038198219,-0.000544971638988367,0.0252491694352159,-0.0026578073089701
"IMDS","Wasserstein",8,0.525751294543003,0.000220302111100912,0.529027528981593,-3.7961409705245e-05,0.0277131782945736,-0.00348837209302326
"IMDS","Wasserstein",9,0.5252445088733,0.00102103356443095,0.528503226573885,0.000248054589920998,0.0291128337639966,-0.00396210163652024
"IMDS","Wasserstein",10,0.523906878228691,0.00153831944880589,0.527723711470019,0.00044547214142493,0.0316279069767442,-0.00434108527131783
"IMDS","Wasserstein",11,0.524530372604732,-0.000950252038979693,0.527594356468643,-0.000332985742693914,0.0362226920366455,-0.0036645525017618
"IMDS","Wasserstein",12,0.525240404940288,-0.00142026062514566,0.52752582735844,-0.00049334728840944,0.0377260981912145,-0.00232558139534884
"IMDS","Wasserstein",13,0.524444985092427,-0.00162938580799055,0.5270157348317,-0.000576527127541915,0.0389982110912343,-0.00190816935002982
"IMDS","Wasserstein",14,0.524026656222997,0.000336222215709725,0.526625869154036,-9.76537123065224e-06,0.0407530454042082,-0.00243632336655593
"IMDS","Wasserstein",15,0.524034663542627,-0.000545709846539899,0.526372187843689,-0.000257951491119901,0.0419638242894057,-0.000930232558139534
"IMDS","Wasserstein",16,0.524725074802141,-0.000153820687242678,0.526322355760904,-0.000148660157889058,0.0446705426356589,-0.000484496124031009
"IMDS","Wasserstein",17,0.525322530860787,8.07386109571429e-05,0.526264605207326,-8.31901966580895e-05,0.0455996352029184,-0.000547195622435021
"IMDS","Wasserstein",18,0.525280105451464,0.000465325508165249,0.52604095009562,2.80588380704438e-05,0.0453919035314384,0.00017226528854436
"IMDS","Wasserstein",19,0.525587025173929,0.00143235996969171,0.525915058806762,0.000303684255268,0.0471644226846185,0.00130558955528356
"IMDS","Wasserstein",20,0.525557868311667,0.002591001696722,0.525705103460233,0.000633742483817756,0.0489147286821705,0.00162790697674419
"IMDS","Wasserstein",21,0.52590513044248,0.0030208049176903,0.525598053312371,0.000766852571096044,0.0513104466592839,0.000738279808047252
"IMDS","Wasserstein",22,0.526313545233852,0.00334463308088973,0.525512729386246,0.000874784375815785,0.0536997885835095,0.000704721634954192
"IMDS","Wasserstein",23,0.526398746871322,0.00387994717852669,0.525351101336657,0.00103921922308903,0.0553420963936636,0.00101112234580384
"IMDS","Wasserstein",24,0.526262264347243,0.00327286354593315,0.525139004018812,0.000915253029087904,0.056266149870801,0.00122739018087855
"IMDS","Wasserstein",25,0.526686742525829,0.00315124580156567,0.52506921248266,0.000905191266848071,0.0577984496124031,0.00105426356589147
"Int-UMAP","Wasserstein",1,0.987842839403475,3.85788515557817e-05,0.987861716982041,3.85189465068134e-05,0.372093023255814,0
"Int-UMAP","Wasserstein",2,0.985656195810449,-0.000364939247282536,0.986005141181668,-0.000228943246174238,0.447286821705426,0.000775193798449619
"Int-UMAP","Wasserstein",3,0.983229570413437,-0.0014462209302325,0.984244487571681,-0.000855454316195737,0.472868217054264,-0.0103359173126615
"Int-UMAP","Wasserstein",4,0.981861861314976,-0.00154128195322123,0.983099384538423,-0.000959745355549053,0.501550387596899,-0.00155038759689924
"Int-UMAP","Wasserstein",5,0.980138488311246,-0.00209995984082367,0.981913385219869,-0.00123897666869676,0.497054263565891,0.00434108527131785
"Int-UMAP","Wasserstein",6,0.979497719958445,-0.00148248444224874,0.981202311252459,-0.00104852935926624,0.513178294573643,0.000775193798449619
"Int-UMAP","Wasserstein",7,0.97866435401099,-0.00154933956562597,0.980479740656652,-0.00109514372833576,0.526910299003322,-0.000664451827242507
"Int-UMAP","Wasserstein",8,0.977611759659282,-0.00158623648006861,0.979726101883174,-0.00112588754368939,0.530038759689923,0.00174418604651161
"Int-UMAP","Wasserstein",9,0.976881233867192,-0.0016483958989395,0.979104318332456,-0.00116786569601106,0.535745047372954,0.00172265288544357
"Int-UMAP","Wasserstein",10,0.97636182278294,-0.000913977501523888,0.978580891292434,-0.000939913808888748,0.542635658914729,0.00232558139534886
"Int-UMAP","Wasserstein",11,0.975894143628553,-0.000788884250593647,0.978095054515825,-0.000898021864143925,0.550528541226216,0.000281888653981682
"Int-UMAP","Wasserstein",12,0.975381667976185,-0.000929242685771214,0.97761764058291,-0.000926052582014336,0.552196382428941,0.00387596899224807
"Int-UMAP","Wasserstein",13,0.974901276088253,-0.000505664877757939,0.977163156717049,-0.00079180115593433,0.556708407871199,0.00333929636255217
"Int-UMAP","Wasserstein",14,0.974398445527294,-0.000503001222868504,0.976715114289238,-0.000784981946496951,0.560354374307863,0.00221483942414175
"Int-UMAP","Wasserstein",15,0.974142093937204,-0.000174480919265196,0.976346636342022,-0.000677646358617834,0.568372093023256,0.00465116279069766
"Int-UMAP","Wasserstein",16,0.973587894858485,-0.000150697424557533,0.975915417826962,-0.000653404416577498,0.571124031007752,0.00562015503875968
"Int-UMAP","Wasserstein",17,0.9733102904159,-9.87132652211509e-05,0.975561018515879,-0.000619853133998535,0.578385772913817,0.00711354309165527
"Int-UMAP","Wasserstein",18,0.972707389622934,0.000223317187821537,0.975137419159595,-0.000528795557078486,0.579586563307494,0.00473729543496987
"Int-UMAP","Wasserstein",19,0.972377826172196,0.000406937004244323,0.974791198634396,-0.000469515157809467,0.582782537739698,0.00350877192982452
"Int-UMAP","Wasserstein",20,0.972031524968305,0.000410619335061591,0.974448571873632,-0.000450729757950644,0.584573643410853,0.0044961240310078
"Int-UMAP","Wasserstein",21,0.97141351678322,0.000923030415803217,0.974039654265417,-0.000297270988005076,0.585751199704688,0.0047249907715024
"Int-UMAP","Wasserstein",22,0.971041357306546,0.00130537726232638,0.973696808202405,-0.000178613315513665,0.58985200845666,0.00458069062720229
"Int-UMAP","Wasserstein",23,0.97072364313459,0.0011472647206705,0.973379881366999,-0.000208092918520662,0.5912369396697,0.0047859791034715
"Int-UMAP","Wasserstein",24,0.970422619692173,0.00133137570889574,0.973066987212984,-0.000153624106226869,0.594832041343669,0.00400516795865635
"Int-UMAP","Wasserstein",25,0.970402564397277,0.00138273118526744,0.972828799076308,-0.000123476528609532,0.599441860465116,0.00570542635658916
"C-PCA","Centers-Euclidean",1,0.994069707162405,0.0070768080822694,0.994078915691656,0.00706581924984352,0.48062015503876,0
"C-PCA","Centers-Euclidean",2,0.994245560610729,0.00669458089385944,0.993839820058642,0.00685785435996305,0.551937984496124,0.048062015503876
"C-PCA","Centers-Euclidean",3,0.994591408268734,0.0059253875968992,0.993755358924597,0.00646579608126926,0.6,0.082687338501292
"C-PCA","Centers-Euclidean",4,0.994905999405098,0.00551134259680808,0.993693860739384,0.00625176849837226,0.644186046511628,0.103488372093023
"C-PCA","Centers-Euclidean",5,0.994976452119309,0.00530587906003188,0.993556478241537,0.00614877844054311,0.665116279069767,0.124651162790698
"C-PCA","Centers-Euclidean",6,0.995226855494361,0.0049923049868158,0.993494284629921,0.00600591352396576,0.695865633074935,0.13953488372093
"C-PCA","Centers-Euclidean",7,0.995448050836504,0.00467142472864723,0.99343854511134,0.00587386867702743,0.717829457364341,0.155481727574751
"C-PCA","Centers-Euclidean",8,0.995597634586512,0.00456904740018993,0.993371234165192,0.00581417787041202,0.736046511627907,0.161240310077519
"C-PCA","Centers-Euclidean",9,0.995653236253244,0.00459192100367056,0.993279561334912,0.0058045540399739,0.748837209302326,0.168303186907838
"C-PCA","Centers-Euclidean",10,0.995728737585508,0.00454870667627194,0.993197699829941,0.00577609018682161,0.761705426356589,0.174108527131783
"C-PCA","Centers-Euclidean",11,0.995804886369247,0.0045676734759833,0.993127096878811,0.00577384243403283,0.773220577871741,0.181677237491191
"C-PCA","Centers-Euclidean",12,0.995909249326165,0.00451856113802329,0.99306205233612,0.0057468759247656,0.786304909560724,0.187467700258398
"C-PCA","Centers-Euclidean",13,0.996072319618366,0.00433440667859275,0.993020717621055,0.00568248356868361,0.79582587954681,0.193082886106142
"C-PCA","Centers-Euclidean",14,0.996129981057528,0.00435081848707108,0.992957158786366,0.00567660079042266,0.803322259136213,0.196456256921373
"C-PCA","Centers-Euclidean",15,0.996209775916648,0.0042679694575305,0.992903012050242,0.00565271548172016,0.810956072351421,0.203204134366925
"C-PCA","Centers-Euclidean",16,0.99634703196347,0.0041111506724385,0.992863482395103,0.00560446086781025,0.820348837209302,0.209302325581395
"C-PCA","Centers-Euclidean",17,0.996463560440143,0.00397917592103525,0.992822469686901,0.00555693010651301,0.828636570907433,0.213041495668035
"C-PCA","Centers-Euclidean",18,0.996569549494886,0.00384604923160614,0.992787831916364,0.00551873073657428,0.832988802756245,0.21739879414298
"C-PCA","Centers-Euclidean",19,0.996661778653823,0.00376165042627707,0.99274624456646,0.00549533440908034,0.840228478172175,0.221787025703794
"C-PCA","Centers-Euclidean",20,0.996723812767675,0.00369305100888728,0.992700420500063,0.00546787979247832,0.844418604651163,0.225891472868217
"C-PCA","Centers-Euclidean",21,0.996737718570869,0.0036873041767006,0.992648686693685,0.00546311806492379,0.846880767811,0.230047988187523
"C-PCA","Centers-Euclidean",22,0.996803514042861,0.00363239921702718,0.992610682457732,0.00544769200867451,0.850880902043693,0.233756166314306
"C-PCA","Centers-Euclidean",23,0.996870603966031,0.00352069485653661,0.99257379767956,0.00541620754915038,0.854128749578699,0.237209302325581
"C-PCA","Centers-Euclidean",24,0.996951350272517,0.00343306177133162,0.992538364094024,0.00538586770120963,0.858268733850129,0.239922480620155
"C-PCA","Centers-Euclidean",25,0.997021263553121,0.00332401057430753,0.992506251066819,0.00535909990378434,0.861891472868217,0.244589147286822
"V-PCA","Centers-Euclidean",1,0.992512086030839,0.00857173858005722,0.992523713226443,0.00855842842698252,0.437209302325581,0
"V-PCA","Centers-Euclidean",2,0.992524183267173,0.00850598464113295,0.992160099610395,0.00856729726473069,0.502325581395349,0.0550387596899225
"V-PCA","Centers-Euclidean",3,0.993105216408269,0.00738614341085275,0.99216856901637,0.00799776323147265,0.558656330749354,0.0852713178294574
"V-PCA","Centers-Euclidean",4,0.993348630814712,0.00683894544505359,0.992061868712475,0.00771118405613612,0.598062015503876,0.105813953488372
"V-PCA","Centers-Euclidean",5,0.993424117410828,0.00646927823007548,0.991906913954035,0.00751386454153754,0.626356589147287,0.118139534883721
"V-PCA","Centers-Euclidean",6,0.993500204319373,0.00643941473173182,0.991764365827774,0.00746111487019481,0.647545219638243,0.124289405684755
"V-PCA","Centers-Euclidean",7,0.99357679099811,0.00631508710886597,0.991629243981418,0.00739064891908528,0.664230343300111,0.13156146179402
"V-PCA","Centers-Euclidean",8,0.993618439194779,0.00627416735606834,0.991485650566974,0.00735631796859545,0.682558139534884,0.135077519379845
"V-PCA","Centers-Euclidean",9,0.993624819305724,0.0062435929461323,0.991347927174194,0.00733739699719422,0.691817398794143,0.142463393626184
"V-PCA","Centers-Euclidean",10,0.99382985142632,0.00596979268645592,0.991274176216161,0.00723863031015465,0.707441860465116,0.148062015503876
"V-PCA","Centers-Euclidean",11,0.993957124197089,0.00581148471831339,0.991188204738076,0.00717722028186914,0.717829457364341,0.152078928823115
"V-PCA","Centers-Euclidean",12,0.993986216027271,0.00578436042902719,0.991073217924662,0.00715755812951745,0.729715762273902,0.157881136950904
"V-PCA","Centers-Euclidean",13,0.994126368515206,0.00564570065593317,0.990997947994954,0.00710144831162601,0.740131186642815,0.158974358974359
"V-PCA","Centers-Euclidean",14,0.994305713557499,0.005388080895811,0.990939374327449,0.0070229162643037,0.749723145071982,0.163676633444075
"V-PCA","Centers-Euclidean",15,0.994394260408618,0.00526417242038268,0.990861006476272,0.00698812970220614,0.755762273901809,0.167751937984496
"V-PCA","Centers-Euclidean",16,0.994529058836022,0.00507795663662092,0.99079372552317,0.00692866909961246,0.765794573643411,0.172093023255814
"V-PCA","Centers-Euclidean",17,0.994608635053375,0.00500756187811557,0.990718012791254,0.00688915313506311,0.773005015959872,0.173552211582307
"V-PCA","Centers-Euclidean",18,0.99474758253216,0.00482105681616085,0.990665057859583,0.00683059510089616,0.77984496124031,0.178811369509044
"V-PCA","Centers-Euclidean",19,0.99482261414636,0.00476707095434148,0.990596080545058,0.00680732691125463,0.78547531619747,0.180497756017952
"V-PCA","Centers-Euclidean",20,0.994894632934068,0.00470805659103957,0.990525072184647,0.00677410897604034,0.793488372093023,0.180697674418605
"V-PCA","Centers-Euclidean",21,0.994985478289094,0.0044942331675516,0.990469395362361,0.00671384205582126,0.797046880767811,0.184348468069398
"V-PCA","Centers-Euclidean",22,0.995023501285267,0.00443461790891864,0.990401961705369,0.00669665007048679,0.800704721634954,0.185764622973925
"V-PCA","Centers-Euclidean",23,0.99499417085205,0.00443114698845781,0.990317897528892,0.00668882768463361,0.803100775193798,0.186922817660937
"V-PCA","Centers-Euclidean",24,0.995049301561216,0.00435401578414318,0.990252710549004,0.00666146317645917,0.8078165374677,0.189147286821705
"V-PCA","Centers-Euclidean",25,0.995069409856583,0.00429306667688345,0.990182841694323,0.00663694569781826,0.809426356589147,0.190759689922481
"MR-PCA","Centers-Euclidean",1,0.994069707162405,0.0070768080822694,0.994078915691656,0.00706581924984352,0.48062015503876,0
"MR-PCA","Centers-Euclidean",2,0.994245560610729,0.00669458089385944,0.993839820058642,0.00685785435996305,0.551937984496124,0.048062015503876
"MR-PCA","Centers-Euclidean",3,0.994591408268734,0.0059253875968992,0.993755358924597,0.00646579608126926,0.6,0.082687338501292
"MR-PCA","Centers-Euclidean",4,0.994905999405098,0.00551134259680808,0.993693860739384,0.00625176849837226,0.644186046511628,0.103488372093023
"MR-PCA","Centers-Euclidean",5,0.994976452119309,0.00530587906003188,0.993556478241537,0.00614877844054311,0.665116279069767,0.124651162790698
"MR-PCA","Centers-Euclidean",6,0.995226855494361,0.0049923049868158,0.993494284629921,0.00600591352396576,0.695865633074935,0.13953488372093
"MR-PCA","Centers-Euclidean",7,0.995448050836504,0.00467142472864723,0.99343854511134,0.00587386867702743,0.717829457364341,0.155481727574751
"MR-PCA","Centers-Euclidean",8,0.995597634586512,0.00456904740018993,0.993371234165192,0.00581417787041202,0.736046511627907,0.161240310077519
"MR-PCA","Centers-Euclidean",9,0.995653236253244,0.00459192100367056,0.993279561334912,0.0058045540399739,0.748837209302326,0.168303186907838
"MR-PCA","Centers-Euclidean",10,0.995728737585508,0.00454870667627194,0.993197699829941,0.00577609018682161,0.761705426356589,0.174108527131783
"MR-PCA","Centers-Euclidean",11,0.995804886369247,0.0045676734759833,0.993127096878811,0.00577384243403283,0.773220577871741,0.181677237491191
"MR-PCA","Centers-Euclidean",12,0.995909249326165,0.00451856113802329,0.99306205233612,0.0057468759247656,0.786304909560724,0.187467700258398
"MR-PCA","Centers-Euclidean",13,0.996072319618366,0.00433440667859275,0.993020717621055,0.00568248356868361,0.79582587954681,0.193082886106142
"MR-PCA","Centers-Euclidean",14,0.996129981057528,0.00435081848707108,0.992957158786366,0.00567660079042266,0.803322259136213,0.196456256921373
"MR-PCA","Centers-Euclidean",15,0.996209775916648,0.0042679694575305,0.992903012050242,0.00565271548172016,0.810956072351421,0.203204134366925
"MR-PCA","Centers-Euclidean",16,0.99634703196347,0.0041111506724385,0.992863482395103,0.00560446086781025,0.820348837209302,0.209302325581395
"MR-PCA","Centers-Euclidean",17,0.996463560440143,0.00397917592103525,0.992822469686901,0.00555693010651301,0.828636570907433,0.213041495668035
"MR-PCA","Centers-Euclidean",18,0.996569549494886,0.00384604923160614,0.992787831916364,0.00551873073657428,0.832988802756245,0.21739879414298
"MR-PCA","Centers-Euclidean",19,0.996661778653823,0.00376165042627707,0.99274624456646,0.00549533440908034,0.840228478172175,0.221787025703794
"MR-PCA","Centers-Euclidean",20,0.996723812767675,0.00369305100888728,0.992700420500063,0.00546787979247832,0.844418604651163,0.225891472868217
"MR-PCA","Centers-Euclidean",21,0.996737718570869,0.0036873041767006,0.992648686693685,0.00546311806492379,0.846880767811,0.230047988187523
"MR-PCA","Centers-Euclidean",22,0.996803514042861,0.00363239921702718,0.992610682457732,0.00544769200867451,0.850880902043693,0.233756166314306
"MR-PCA","Centers-Euclidean",23,0.996870603966031,0.00352069485653661,0.99257379767956,0.00541620754915038,0.854128749578699,0.237209302325581
"MR-PCA","Centers-Euclidean",24,0.996951350272517,0.00343306177133162,0.992538364094024,0.00538586770120963,0.858268733850129,0.239922480620155
"MR-PCA","Centers-Euclidean",25,0.997021263553121,0.00332401057430753,0.992506251066819,0.00535909990378434,0.861891472868217,0.244589147286822
"SPCA","Centers-Euclidean",1,0.994069707162405,0.0070768080822694,0.994078915691656,0.00706581924984352,0.48062015503876,0
"SPCA","Centers-Euclidean",2,0.994245560610729,0.00669458089385944,0.993839820058642,0.00685785435996305,0.551937984496124,0.048062015503876
"SPCA","Centers-Euclidean",3,0.994591408268734,0.0059253875968992,0.993755358924597,0.00646579608126926,0.6,0.082687338501292
"SPCA","Centers-Euclidean",4,0.994905999405098,0.00551134259680808,0.993693860739384,0.00625176849837226,0.644186046511628,0.103488372093023
"SPCA","Centers-Euclidean",5,0.994976452119309,0.00530587906003188,0.993556478241537,0.00614877844054311,0.665116279069767,0.124651162790698
"SPCA","Centers-Euclidean",6,0.995226855494361,0.0049923049868158,0.993494284629921,0.00600591352396576,0.695865633074935,0.13953488372093
"SPCA","Centers-Euclidean",7,0.995448050836504,0.00467142472864723,0.99343854511134,0.00587386867702743,0.717829457364341,0.155481727574751
"SPCA","Centers-Euclidean",8,0.995597634586512,0.00456904740018993,0.993371234165192,0.00581417787041202,0.736046511627907,0.161240310077519
"SPCA","Centers-Euclidean",9,0.995653236253244,0.00459192100367056,0.993279561334912,0.0058045540399739,0.748837209302326,0.168303186907838
"SPCA","Centers-Euclidean",10,0.995728737585508,0.00454870667627194,0.993197699829941,0.00577609018682161,0.761705426356589,0.174108527131783
"SPCA","Centers-Euclidean",11,0.995804886369247,0.0045676734759833,0.993127096878811,0.00577384243403283,0.773220577871741,0.181677237491191
"SPCA","Centers-Euclidean",12,0.995909249326165,0.00451856113802329,0.99306205233612,0.0057468759247656,0.786304909560724,0.187467700258398
"SPCA","Centers-Euclidean",13,0.996072319618366,0.00433440667859275,0.993020717621055,0.00568248356868361,0.79582587954681,0.193082886106142
"SPCA","Centers-Euclidean",14,0.996129981057528,0.00435081848707108,0.992957158786366,0.00567660079042266,0.803322259136213,0.196456256921373
"SPCA","Centers-Euclidean",15,0.996209775916648,0.0042679694575305,0.992903012050242,0.00565271548172016,0.810956072351421,0.203204134366925
"SPCA","Centers-Euclidean",16,0.99634703196347,0.0041111506724385,0.992863482395103,0.00560446086781025,0.820348837209302,0.209302325581395
"SPCA","Centers-Euclidean",17,0.996463560440143,0.00397917592103525,0.992822469686901,0.00555693010651301,0.828636570907433,0.213041495668035
"SPCA","Centers-Euclidean",18,0.996569549494886,0.00384604923160614,0.992787831916364,0.00551873073657428,0.832988802756245,0.21739879414298
"SPCA","Centers-Euclidean",19,0.996661778653823,0.00376165042627707,0.99274624456646,0.00549533440908034,0.840228478172175,0.221787025703794
"SPCA","Centers-Euclidean",20,0.996723812767675,0.00369305100888728,0.992700420500063,0.00546787979247832,0.844418604651163,0.225891472868217
"SPCA","Centers-Euclidean",21,0.996737718570869,0.0036873041767006,0.992648686693685,0.00546311806492379,0.846880767811,0.230047988187523
"SPCA","Centers-Euclidean",22,0.996803514042861,0.00363239921702718,0.992610682457732,0.00544769200867451,0.850880902043693,0.233756166314306
"SPCA","Centers-Euclidean",23,0.996870603966031,0.00352069485653661,0.99257379767956,0.00541620754915038,0.854128749578699,0.237209302325581
"SPCA","Centers-Euclidean",24,0.996951350272517,0.00343306177133162,0.992538364094024,0.00538586770120963,0.858268733850129,0.239922480620155
"SPCA","Centers-Euclidean",25,0.997021263553121,0.00332401057430753,0.992506251066819,0.00535909990378434,0.861891472868217,0.244589147286822
"IMDS","Centers-Euclidean",1,0.535660120317793,-0.0260117906615068,0.536381144975685,-0.0259713996822187,0.00310077519379845,0
"IMDS","Centers-Euclidean",2,0.527091905478318,-0.0276628783072619,0.530406474675664,-0.027053058601438,0.00930232558139535,0.00232558139534884
"IMDS","Centers-Euclidean",3,0.526571786175711,-0.0304352390180879,0.529362082387641,-0.0286492768878217,0.0103359173126615,-0.00103359173126615
"IMDS","Centers-Euclidean",4,0.522203505065773,-0.0270917181135534,0.526738439935759,-0.0272454497080107,0.0158914728682171,-0.000387596899224806
"IMDS","Centers-Euclidean",5,0.52016453092865,-0.0198089396760494,0.525240335475783,-0.0240512734495198,0.0201550387596899,-0.00248062015503876
"IMDS","Centers-Euclidean",6,0.518771359506543,-0.0208844894150366,0.524118034241057,-0.0241900737487803,0.0214470284237726,-0.00361757105943152
"IMDS","Centers-Euclidean",7,0.51840744661154,-0.0208834204946009,0.523469714699515,-0.023994077887145,0.0221483942414175,-0.0017718715393134
"IMDS","Centers-Euclidean",8,0.519354720102951,-0.0171590526090021,0.523364622268325,-0.0224936947851099,0.0244186046511628,-0.00368217054263566
"IMDS","Centers-Euclidean",9,0.518646420717699,-0.0175871666455089,0.522745150257096,-0.0224273123575507,0.0248062015503876,-0.00327304048234281
"IMDS","Centers-Euclidean",10,0.517046751759425,-0.0173269051973082,0.521852132334141,-0.0221664062321025,0.0268217054263566,-0.00248062015503876
"IMDS","Centers-Euclidean",11,0.518536984419817,-0.0169651634101345,0.521980808816749,-0.0218984119595124,0.0286116983791402,-0.00281888653981677
"IMDS","Centers-Euclidean",12,0.518869132686204,-0.0168399974428297,0.521781435206388,-0.0217201112778407,0.031266149870801,-0.00232558139534884
"IMDS","Centers-Euclidean",13,0.518841359570662,-0.0146490161001789,0.521494426838179,-0.0209228399792283,0.0326774001192606,-0.002623732856291
"IMDS","Centers-Euclidean",14,0.519647330781028,-0.0128144534701666,0.521471242276187,-0.0202305492855457,0.0346622369878184,-0.0026578073089701
"IMDS","Centers-Euclidean",15,0.519927715047733,-0.0118364532183421,0.52131226245878,-0.019788079263181,0.0360723514211886,-0.00124031007751938
"IMDS","Centers-Euclidean",16,0.519032772395355,-0.0106617256650987,0.520825490562532,-0.0193001196161059,0.0374031007751938,-0.000872093023255811
"IMDS","Centers-Euclidean",17,0.518182909787126,-0.0111864229480347,0.520352992128693,-0.0193023484121487,0.0393068855449156,-0.000911992704058368
"IMDS","Centers-Euclidean",18,0.517819832825953,-0.010282912608494,0.520020051705787,-0.0189257134845711,0.0406546080964686,-0.00111972437553833
"IMDS","Centers-Euclidean",19,0.517654469153857,-0.0114270878040768,0.519748858924074,-0.0191111205294978,0.041452468380253,-0.000897592819257446
"IMDS","Centers-Euclidean",20,0.517947344850859,-0.009808566869138,0.519604613946579,-0.018569198081523,0.0432558139534884,-0.000775193798449612
"IMDS","Centers-Euclidean",21,0.516998862470997,-0.00881587988079136,0.519139201301018,-0.018194386633432,0.0448874123292728,-0.00125507567368032
"IMDS","Centers-Euclidean",22,0.516766209317884,-0.00771771029429469,0.518862973900243,-0.0177945567048989,0.0461592670894996,-0.00176180408738548
"IMDS","Centers-Euclidean",23,0.516064855486858,-0.0072647206705454,0.518467843991125,-0.0175646597954104,0.0477249747219414,-0.00215706100438153
"IMDS","Centers-Euclidean",24,0.51569523269615,-0.00693226237263245,0.518163449263412,-0.0173722105158947,0.0485142118863049,-0.00271317829457364
"IMDS","Centers-Euclidean",25,0.516108092921089,-0.00604513237040738,0.518054897674591,-0.0170448084632935,0.0502945736434109,-0.00322480620155039
"Int-UMAP","Centers-Euclidean",1,0.965387536619769,0.000549748634670277,0.965441282680919,0.000548894987722086,0.175193798449612,0
"Int-UMAP","Centers-Euclidean",2,0.964835928389736,-0.00209900487592674,0.96460778407037,-0.0012210306462626,0.247286821705426,-0.00852713178294574
"Int-UMAP","Centers-Euclidean",3,0.964343104005168,-0.00342781007751936,0.963918950034538,-0.00210212383364582,0.289405684754522,-0.0113695090439277
"Int-UMAP","Centers-Euclidean",4,0.962440130392817,-0.0041819186198272,0.962619473231333,-0.00261694301113587,0.326744186046512,-0.00775193798449612
"Int-UMAP","Centers-Euclidean",5,0.960908814330741,-0.00546359509814665,0.96152729281499,-0.00330681860472171,0.358139534883721,-0.0068217054263566
"Int-UMAP","Centers-Euclidean",6,0.960376272930021,-0.00477599074565394,0.960889999669332,-0.00316743518130546,0.373643410852713,-0.00361757105943153
"Int-UMAP","Centers-Euclidean",7,0.960183545210322,-0.00506897792496785,0.960420199055905,-0.00336809612156858,0.39468438538206,-0.00442967884828349
"Int-UMAP","Centers-Euclidean",8,0.959613935104329,-0.00553298403652303,0.959851331144065,-0.00360440731308915,0.411240310077519,-0.000775193798449619
"Int-UMAP","Centers-Euclidean",9,0.959137909147123,-0.00620810247464132,0.959339072526944,-0.00391790007588205,0.429285099052541,-0.00430663221360894
"Int-UMAP","Centers-Euclidean",10,0.959056221561347,-0.00637838570047589,0.958983354899531,-0.0040414655560291,0.444806201550388,-0.000155038759689918
"Int-UMAP","Centers-Euclidean",11,0.958836737991678,-0.00644461202156354,0.958612615092908,-0.00412238486986118,0.452713178294574,0.00197322057787175
"Int-UMAP","Centers-Euclidean",12,0.958630965269915,-0.00659502465400863,0.958254973492987,-0.00421789044967986,0.462532299741602,0.00413436692506461
"Int-UMAP","Centers-Euclidean",13,0.95856801431127,-0.00647957066189631,0.957950251661886,-0.00424271813523401,0.474776386404293,0.00155038759689924
"Int-UMAP","Centers-Euclidean",14,0.958661629549901,-0.00668483652016227,0.957712121430041,-0.00434802593863928,0.484163898117386,0.00210409745293466
"Int-UMAP","Centers-Euclidean",15,0.958735844196848,-0.00635226866738126,0.957478334162782,-0.00428843540725914,0.4943669250646,0.00206718346253232
"Int-UMAP","Centers-Euclidean",16,0.958580461493294,-0.00610769634390862,0.957193724713194,-0.00426730130013773,0.502131782945736,-0.00174418604651164
"Int-UMAP","Centers-Euclidean",17,0.958444293673437,-0.00610180578975406,0.956924595345273,-0.00429904358816957,0.509165526675787,-0.00209758321933426
"Int-UMAP","Centers-Euclidean",18,0.958217298364177,-0.00566466852880565,0.956632685343975,-0.00421897327078517,0.514900947459087,-0.00628768303186908
"Int-UMAP","Centers-Euclidean",19,0.958099927408373,-0.00571168937142008,0.956377874762567,-0.00425175607263883,0.519951040391677,-0.00611995104039167
"Int-UMAP","Centers-Euclidean",20,0.957923060911688,-0.00534246661746807,0.956110699739289,-0.00416996917692837,0.524651162790698,-0.00697674418604652
"Int-UMAP","Centers-Euclidean",21,0.957711982955733,-0.00536812522092689,0.95584089196618,-0.00418431607957804,0.531266149870801,-0.00745662606127723
"Int-UMAP","Centers-Euclidean",22,0.957534903312537,-0.0056537920996268,0.955580732821832,-0.00425620374634134,0.537773079633545,-0.00465116279069766
"Int-UMAP","Centers-Euclidean",23,0.957524186820048,-0.00581025156502946,0.955370996947434,-0.00430795869880948,0.543714189416919,-0.00411189753960228
"Int-UMAP","Centers-Euclidean",24,0.957381963951684,-0.00554907968295826,0.955134033275783,-0.00425882909832594,0.549483204134367,-0.0051033591731266
"Int-UMAP","Centers-Euclidean",25,0.957361735821105,-0.00535560578777317,0.954931583617226,-0.00421953694734474,0.555038759689922,-0.00564341085271319
