"Method","Metric","Q_TC","B_TC","Q_RE","B_RE","Q_LC","B_LC","tie_affected","tie_spread","rep","dr_input","eval_geom"
"C-PCA","Int-Euclidean",0.917808078393881,0.118429732313575,0.918305032527657,0.129113382306504,0.349,0.10075,FALSE,0,1,"raw","std"
"C-PCA","Hausdorff",0.917617351816444,0.11689850223072,0.917595370865101,0.12887944359402,0.349,0.09175,FALSE,0,1,"raw","std"
"C-PCA","Ichino-Yaguchi",0.917763463989802,0.117623804971319,0.918343210450885,0.128216372293677,0.349375,0.09525,FALSE,0,1,"raw","std"
"C-PCA","Wasserstein",0.917726019757808,0.117695825366475,0.918389829921145,0.12810409605033,0.349375,0.094125,FALSE,0,1,"raw","std"
"C-PCA","Centers-Euclidean",0.917750876354366,0.117644518801785,0.918259731236121,0.128356462609231,0.34925,0.0945,FALSE,0,1,"raw","std"
"V-PCA","Int-Euclidean",0.917834289356278,0.118380815806246,0.918255736076629,0.129214907764381,0.349125,0.10125,FALSE,0,1,"raw","std"
"V-PCA","Hausdorff",0.917608986615679,0.11691586998088,0.917628615454074,0.128814825434454,0.349,0.09175,FALSE,0,1,"raw","std"
"V-PCA","Ichino-Yaguchi",0.91772522307202,0.117701561504143,0.918273391866738,0.128353151115676,0.34925,0.095125,FALSE,0,1,"raw","std"
"V-PCA","Wasserstein",0.917688973868706,0.117770235818993,0.918353611619916,0.128172587179562,0.34925,0.094,FALSE,0,1,"raw","std"
"V-PCA","Centers-Euclidean",0.917712635436584,0.117722275334608,0.918145530876196,0.12858319489418,0.349125,0.094375,FALSE,0,1,"raw","std"
"MR-PCA","Int-Euclidean",0.916902326322498,0.121301784576163,0.91773923840297,0.131206498716005,0.3595,0.104125,FALSE,0,1,"raw","std"
"MR-PCA","Hausdorff",0.915974665391969,0.121074569789675,0.91707634836153,0.130660949504937,0.354,0.092625,FALSE,0,1,"raw","std"
"MR-PCA","Ichino-Yaguchi",0.916502310388783,0.120710484384959,0.917363651294717,0.130664854674714,0.35525,0.095125,FALSE,0,1,"raw","std"
"MR-PCA","Wasserstein",0.916626673040153,0.120474824729127,0.917482954092792,0.130430656442129,0.356375,0.094875,FALSE,0,1,"raw","std"
"MR-PCA","Centers-Euclidean",0.916532106437221,0.12066459528362,0.917356568656352,0.130659596673775,0.355875,0.09425,FALSE,0,1,"raw","std"
"SPCA","Int-Euclidean",0.917651290630975,0.119429094964946,0.919292142503277,0.127685103938547,0.355,0.098125,FALSE,0,1,"raw","std"
"SPCA","Hausdorff",0.91697522307202,0.118840503505417,0.918502520287776,0.127616571866127,0.3525,0.089,FALSE,0,1,"raw","std"
"SPCA","Ichino-Yaguchi",0.917223948374761,0.119340503505417,0.918916057892644,0.127545486602109,0.3535,0.092,FALSE,0,1,"raw","std"
"SPCA","Wasserstein",0.917275414276609,0.11924012109624,0.918905202829993,0.127546242771608,0.354,0.090875,FALSE,0,1,"raw","std"
"SPCA","Centers-Euclidean",0.91722833014659,0.11932919056724,0.918960738105876,0.127428756934113,0.353625,0.091625,FALSE,0,1,"raw","std"
"IMDS","Int-Euclidean",0.595993865519439,-0.0869361057998725,0.604570206776746,-0.101437569059642,0.04175,-0.005,TRUE,0,1,"raw","std"
"IMDS","Hausdorff",0.62647402804334,-0.0328499043977055,0.639418371523945,-0.0495530095716643,0.053,-0.005,TRUE,0,1,"raw","std"
"IMDS","Ichino-Yaguchi",0.637609623964309,-0.0304987253027406,0.646807857223769,-0.0434188472326073,0.054875,-0.005125,TRUE,0,1,"raw","std"
"IMDS","Wasserstein",0.628220841300191,-0.0545796685787125,0.637857406413682,-0.0703971713119272,0.054375,-0.0035,TRUE,0,1,"raw","std"
"IMDS","Centers-Euclidean",0.621484464627151,-0.0800492351816444,0.630254755444634,-0.0971764044494327,0.05525,-0.010125,TRUE,0,1,"raw","std"
"Int-UMAP","Int-Euclidean",0.788229126832377,-0.00784512428298278,0.864817392636299,-0.000789430081062387,0.448,-0.0275,FALSE,0,1,"raw","std"
"Int-UMAP","Hausdorff",0.784873645634162,-0.0116567877629064,0.862684285714529,-0.00765344141993707,0.444125,-0.029625,FALSE,0,1,"raw","std"
"Int-UMAP","Ichino-Yaguchi",0.788606596558317,-0.00849872530274065,0.866447572525313,-0.00471077369659495,0.448875,-0.031,FALSE,0,1,"raw","std"
"Int-UMAP","Wasserstein",0.788097514340344,-0.0100997450605481,0.865531983368195,-0.00542225733100571,0.447375,-0.03075,FALSE,0,1,"raw","std"
"Int-UMAP","Centers-Euclidean",0.787280114722753,-0.00776959847036329,0.864520160873462,-0.00276418058777697,0.446375,-0.02625,FALSE,0,1,"raw","std"
"C-PCA","Int-Euclidean",0.923666108986616,0.11083413001912,0.927531120874355,0.113475931205891,0.385625,0.101375,FALSE,0,2,"raw","std"
"C-PCA","Hausdorff",0.922929572976418,0.109525175270873,0.926489232005597,0.113148228541803,0.3815,0.075375,FALSE,0,2,"raw","std"
"C-PCA","Ichino-Yaguchi",0.923345044614404,0.109720681963034,0.927125615278019,0.112881085970288,0.384,0.08475,FALSE,0,2,"raw","std"
"C-PCA","Wasserstein",0.923324330783939,0.109801625239006,0.927141760328474,0.112819730897487,0.384,0.08275,FALSE,0,2,"raw","std"
"C-PCA","Centers-Euclidean",0.923345681963034,0.109723868706182,0.927128939779565,0.112854141514328,0.383875,0.084,FALSE,0,2,"raw","std"
"V-PCA","Int-Euclidean",0.923802501593372,0.110561344805609,0.927566655509648,0.113404483637311,0.38575,0.10175,FALSE,0,2,"raw","std"
"V-PCA","Hausdorff",0.923011472275335,0.109367112810708,0.926592871262164,0.112942488810141,0.3815,0.07525,FALSE,0,2,"raw","std"
"V-PCA","Ichino-Yaguchi",0.923354525175271,0.109708413001912,0.927222355074337,0.112698227296448,0.384125,0.085,FALSE,0,2,"raw","std"
"V-PCA","Wasserstein",0.923362412364563,0.109729286169535,0.927182195778041,0.112745619036262,0.384125,0.082875,FALSE,0,2,"raw","std"
"V-PCA","Centers-Euclidean",0.923354923518164,0.109711121733588,0.927218627111794,0.112685247026458,0.384,0.08425,FALSE,0,2,"raw","std"
"MR-PCA","Int-Euclidean",0.918995458891013,0.116969566602932,0.924196417436953,0.118315172044128,0.3715,0.0975,FALSE,0,2,"raw","std"
"MR-PCA","Hausdorff",0.918368706182282,0.115728489483748,0.923153304324232,0.118181700024276,0.367,0.08625,FALSE,0,2,"raw","std"
"MR-PCA","Ichino-Yaguchi",0.918661089866157,0.115662842574888,0.923678067190671,0.117657693327335,0.366875,0.08525,FALSE,0,2,"raw","std"
"MR-PCA","Wasserstein",0.91867017208413,0.11570108349267,0.923504187869694,0.118026970599891,0.366875,0.084375,FALSE,0,2,"raw","std"
"MR-PCA","Centers-Euclidean",0.91864292543021,0.115721159974506,0.923690011725958,0.117655513529079,0.366875,0.08375,FALSE,0,2,"raw","std"
"SPCA","Int-Euclidean",0.919002868068834,0.116332695984704,0.923845001523428,0.118520531345337,0.36675,0.093375,FALSE,0,2,"raw","std"
"SPCA","Hausdorff",0.917711679413639,0.116544136392607,0.923357931979206,0.117425102328115,0.362,0.076625,FALSE,0,2,"raw","std"
"SPCA","Ichino-Yaguchi",0.918347992351816,0.11621223709369,0.923403957240129,0.118225405597719,0.36475,0.08375,FALSE,0,2,"raw","std"
"SPCA","Wasserstein",0.918395634161887,0.11614913957935,0.923489688543465,0.118037898805841,0.365125,0.082375,FALSE,0,2,"raw","std"
"SPCA","Centers-Euclidean",0.918352374123646,0.116204110898662,0.923343244463585,0.118328215648111,0.365125,0.083625,FALSE,0,2,"raw","std"
"IMDS","Int-Euclidean",0.570651688973869,-0.0426698534098151,0.572425357476678,-0.04496589325838,0.039,0.000749999999999997,TRUE,0,2,"raw","std"
"IMDS","Hausdorff",0.609709528362014,-0.0154305289993627,0.620012085064249,-0.0352434285757179,0.05225,-0.0065,TRUE,0,2,"raw","std"
"IMDS","Ichino-Yaguchi",0.613502868068834,-0.00922657743785849,0.623221677635176,-0.02199591856127,0.05375,-0.00425,TRUE,0,2,"raw","std"
"IMDS","Wasserstein",0.605968769917145,-0.026004142766093,0.61403942089017,-0.0422737332305659,0.053875,-0.00525,TRUE,0,2,"raw","std"
"IMDS","Centers-Euclidean",0.598139340344168,-0.0532232313575525,0.60026691322569,-0.0621551374488402,0.049,-0.006125,TRUE,0,2,"raw","std"
"Int-UMAP","Int-Euclidean",0.819012189292543,0.0185348948374761,0.885886806202757,0.0151762049793399,0.512625,-0.017125,FALSE,0,2,"raw","std"
"Int-UMAP","Hausdorff",0.818295968769917,0.0145479604843849,0.885016076385317,0.0101760160435881,0.50625,-0.025875,FALSE,0,2,"raw","std"
"Int-UMAP","Ichino-Yaguchi",0.818478648820905,0.017289356277884,0.887107961300499,0.0111350296096016,0.5115,-0.025875,FALSE,0,2,"raw","std"
"Int-UMAP","Wasserstein",0.817971956660293,0.0167657743785851,0.88638751324043,0.0110036501704857,0.510625,-0.0215,FALSE,0,2,"raw","std"
"Int-UMAP","Centers-Euclidean",0.817781628425749,0.0175160930528999,0.885621389642499,0.0129045020617454,0.510625,-0.021125,FALSE,0,2,"raw","std"
"C-PCA","Int-Euclidean",0.910711998087954,0.13216459528362,0.911771484745848,0.141834276348775,0.349375,0.119375,FALSE,0,3,"raw","std"
"C-PCA","Hausdorff",0.909837396430848,0.131003027405991,0.911020997287343,0.140537724370801,0.344375,0.09725,FALSE,0,3,"raw","std"
"C-PCA","Ichino-Yaguchi",0.910320905035054,0.131625239005736,0.911214774144582,0.141445667707477,0.347875,0.109625,FALSE,0,3,"raw","std"
"C-PCA","Wasserstein",0.910313256851498,0.131629063097514,0.911172978187005,0.141506304142035,0.348,0.10875,FALSE,0,3,"raw","std"
"C-PCA","Centers-Euclidean",0.910323773103888,0.13160707456979,0.911183273053019,0.141478855999567,0.347875,0.109,FALSE,0,3,"raw","std"
"V-PCA","Int-Euclidean",0.910712635436584,0.13216586998088,0.91176640086008,0.141845639576095,0.349375,0.119375,FALSE,0,3,"raw","std"
"V-PCA","Hausdorff",0.909837157425112,0.131002549394519,0.911018264436184,0.140542313633007,0.344375,0.09725,FALSE,0,3,"raw","std"
"V-PCA","Ichino-Yaguchi",0.910295092415551,0.131676864244742,0.911213284622882,0.141448993914989,0.34775,0.1095,FALSE,0,3,"raw","std"
"V-PCA","Wasserstein",0.910314690885915,0.13162746972594,0.911144884549593,0.14156334823836,0.348,0.108875,FALSE,0,3,"raw","std"
"V-PCA","Centers-Euclidean",0.910297880815806,0.131658540471638,0.911181738749708,0.141482092643857,0.34775,0.108875,FALSE,0,3,"raw","std"
"MR-PCA","Int-Euclidean",0.914129222434672,0.126608986615679,0.91837840218698,0.129759520186783,0.36725,0.10325,FALSE,0,3,"raw","std"
"MR-PCA","Hausdorff",0.913695108349267,0.125278043339707,0.917332786955023,0.129498266397192,0.36275,0.0895,FALSE,0,3,"raw","std"
"MR-PCA","Ichino-Yaguchi",0.913631851497769,0.126308317399618,0.917640174014519,0.129723681463023,0.364625,0.09275,FALSE,0,3,"raw","std"
"MR-PCA","Wasserstein",0.913606835564054,0.126360579987253,0.917641656072617,0.129707357925859,0.3645,0.0915,FALSE,0,3,"raw","std"
"MR-PCA","Centers-Euclidean",0.913626195028681,0.126318992989165,0.917730378680985,0.129531144416688,0.364375,0.091625,FALSE,0,3,"raw","std"
"SPCA","Int-Euclidean",0.913959687699171,0.126751752708732,0.91767548239605,0.130922174719595,0.364375,0.10025,FALSE,0,3,"raw","std"
"SPCA","Hausdorff",0.913522386870618,0.125588750796686,0.916904164557666,0.130303420368315,0.36125,0.08725,FALSE,0,3,"raw","std"
"SPCA","Ichino-Yaguchi",0.913953871892925,0.125816284257489,0.917193277840813,0.130691068763913,0.36275,0.09225,FALSE,0,3,"raw","std"
"SPCA","Wasserstein",0.914000956022945,0.125710962396431,0.917174285319598,0.130708530606995,0.36275,0.092,FALSE,0,3,"raw","std"
"SPCA","Centers-Euclidean",0.913950924155513,0.125811026131294,0.917256987360155,0.13053816600279,0.362625,0.0915,FALSE,0,3,"raw","std"
"IMDS","Int-Euclidean",0.59060460484385,-0.072119980879541,0.597188396112035,-0.0847253701562716,0.042875,-0.000875000000000001,TRUE,0,3,"raw","std"
"IMDS","Hausdorff",0.623198852772467,-0.03082982791587,0.635870209924253,-0.0477530412685155,0.052375,-0.0045,TRUE,0,3,"raw","std"
"IMDS","Ichino-Yaguchi",0.636735420650096,-0.0291951880178457,0.645497795166691,-0.0383035104859769,0.053875,-0.000875000000000001,TRUE,0,3,"raw","std"
"IMDS","Wasserstein",0.627933397068196,-0.0531096239643085,0.637078042385923,-0.062133496415168,0.0535,-0.003125,TRUE,0,3,"raw","std"
"IMDS","Centers-Euclidean",0.621075207138305,-0.07538304652645,0.631764895025078,-0.0895282852174109,0.0565,-0.005625,TRUE,0,3,"raw","std"
"Int-UMAP","Int-Euclidean",0.885932281708094,0.0299094964945825,0.931619103690499,0.0206689144476738,0.55525,-0.024625,FALSE,0,3,"raw","std"
"Int-UMAP","Hausdorff",0.885439929891651,0.029668260038241,0.930944307391388,0.0191256592919456,0.548375,-0.032625,FALSE,0,3,"raw","std"
"Int-UMAP","Ichino-Yaguchi",0.885686105799873,0.0299193753983429,0.93167117788092,0.0190019684290491,0.554125,-0.038,FALSE,0,3,"raw","std"
"Int-UMAP","Wasserstein",0.885663718929254,0.0298252071383047,0.931386066261261,0.0192469479412486,0.552625,-0.0375,FALSE,0,3,"raw","std"
"Int-UMAP","Centers-Euclidean",0.885636472275335,0.0298503824091778,0.931268286251226,0.0195677205443192,0.553625,-0.036125,FALSE,0,3,"raw","std"
"C-PCA","Int-Euclidean",0.919202039515615,0.118237093690249,0.918678552751288,0.13007556683711,0.360875,0.10075,FALSE,0,4,"raw","std"
"C-PCA","Hausdorff",0.918609066284257,0.117409337157425,0.918121087366621,0.129370656930035,0.35825,0.083125,FALSE,0,4,"raw","std"
"C-PCA","Ichino-Yaguchi",0.919143483110261,0.117306086679414,0.918568552906531,0.129339452676584,0.360625,0.091625,FALSE,0,4,"raw","std"
"C-PCA","Wasserstein",0.919132488846399,0.117364722753346,0.918416061070006,0.129634612117034,0.360625,0.091625,FALSE,0,4,"raw","std"
"C-PCA","Centers-Euclidean",0.919140854047164,0.117302103250478,0.918485523853587,0.129481166218936,0.360625,0.0915,FALSE,0,4,"raw","std"
"V-PCA","Int-Euclidean",0.919183954748247,0.1182821861058,0.918684762041605,0.130067304416525,0.360875,0.101,FALSE,0,4,"raw","std"
"V-PCA","Hausdorff",0.918582138304653,0.117472434671765,0.918119482372337,0.129375435554484,0.358125,0.082875,FALSE,0,4,"raw","std"
"V-PCA","Ichino-Yaguchi",0.919043499043977,0.117508604206501,0.91849538956249,0.1294852535006,0.360375,0.091875,FALSE,0,4,"raw","std"
"V-PCA","Wasserstein",0.919050669216061,0.117531230082855,0.918398913444566,0.12967039710286,0.3605,0.091625,FALSE,0,4,"raw","std"
"V-PCA","Centers-Euclidean",0.919041268323773,0.117505417463353,0.918413214665475,0.129626444377571,0.360375,0.09175,FALSE,0,4,"raw","std"
"MR-PCA","Int-Euclidean",0.914523820905035,0.125184990439771,0.916448934952534,0.132966363593249,0.34875,0.10625,FALSE,0,4,"raw","std"
"MR-PCA","Hausdorff",0.913307998725303,0.125742511153601,0.915707608745533,0.132508906422809,0.3425,0.089125,FALSE,0,4,"raw","std"
"MR-PCA","Ichino-Yaguchi",0.914179572976418,0.124325366475462,0.915830919071354,0.1326463686975,0.34375,0.09575,FALSE,0,4,"raw","std"
"MR-PCA","Wasserstein",0.914163081580625,0.124458731676227,0.915631501330398,0.133149593527974,0.344375,0.094125,FALSE,0,4,"raw","std"
"MR-PCA","Centers-Euclidean",0.914080226258764,0.124574410452518,0.915748357346513,0.132929973629175,0.344125,0.092875,FALSE,0,4,"raw","std"
"SPCA","Int-Euclidean",0.914876752708732,0.124107871255577,0.917531080144413,0.130411085385141,0.3455,0.09675,FALSE,0,4,"raw","std"
"SPCA","Hausdorff",0.914376115360102,0.123293021032505,0.917091455544825,0.129599566027799,0.343125,0.087,FALSE,0,4,"raw","std"
"SPCA","Ichino-Yaguchi",0.914464228808158,0.123902644996813,0.917053861488514,0.13038035496379,0.343875,0.0875,FALSE,0,4,"raw","std"
"SPCA","Wasserstein",0.914497848948375,0.123872689611217,0.91710078835255,0.130287210064654,0.34425,0.087,FALSE,0,4,"raw","std"
"SPCA","Centers-Euclidean",0.91446104206501,0.123895952836201,0.917123650005007,0.13021879868934,0.343875,0.08675,FALSE,0,4,"raw","std"
"IMDS","Int-Euclidean",0.588379222434672,-0.0780857233906946,0.595512478630641,-0.0929817942703762,0.0405,0.000249999999999997,TRUE,0,4,"raw","std"
"IMDS","Hausdorff",0.635786567877629,-0.0354147546207776,0.64327834396662,-0.0461865487212846,0.05275,-0.00125,TRUE,0,4,"raw","std"
"IMDS","Ichino-Yaguchi",0.637345044614404,-0.0307184512428298,0.644963895358766,-0.0411759305746837,0.05375,-0.001375,TRUE,0,4,"raw","std"
"IMDS","Wasserstein",0.628648103887827,-0.0539083811344806,0.635208631770788,-0.0669835758961312,0.05325,-0.00125,TRUE,0,4,"raw","std"
"IMDS","Centers-Euclidean",0.616686982154238,-0.0707637029955385,0.6219963971914,-0.0848144405684894,0.050375,-0.004625,TRUE,0,4,"raw","std"
"Int-UMAP","Int-Euclidean",0.907247689611217,0.0246257170172085,0.943808600577197,0.0172043599035856,0.55875,-0.024625,FALSE,0,4,"raw","std"
"Int-UMAP","Hausdorff",0.907085962396431,0.0241464308476736,0.94327865775777,0.0167481568315159,0.55475,-0.028625,FALSE,0,4,"raw","std"
"Int-UMAP","Ichino-Yaguchi",0.906884400892288,0.0242114404079031,0.943862660725469,0.0161311438451897,0.556,-0.031625,FALSE,0,4,"raw","std"
"Int-UMAP","Wasserstein",0.906911647546208,0.0239370618228171,0.943790193522242,0.0161423172837743,0.556,-0.031375,FALSE,0,4,"raw","std"
"Int-UMAP","Centers-Euclidean",0.906830783938815,0.0241271510516252,0.94387664527641,0.0160059636738391,0.555625,-0.0305,FALSE,0,4,"raw","std"
"C-PCA","Int-Euclidean",0.916756134480561,0.119685309114085,0.919271141206913,0.126731309349496,0.3545,0.0975,FALSE,0,5,"raw","std"
"C-PCA","Hausdorff",0.915716539196941,0.119805289993626,0.917579723956763,0.128159394943277,0.3515,0.08525,FALSE,0,5,"raw","std"
"C-PCA","Ichino-Yaguchi",0.916607233906947,0.118817399617591,0.918807117985984,0.126537611819684,0.352125,0.090375,FALSE,0,5,"raw","std"
"C-PCA","Wasserstein",0.916571462715105,0.118871414913958,0.918747209359237,0.126610830181134,0.352125,0.090125,FALSE,0,5,"raw","std"
"C-PCA","Centers-Euclidean",0.916606915232632,0.11881867431485,0.91872841632944,0.12664968846499,0.352125,0.089875,FALSE,0,5,"raw","std"
"V-PCA","Int-Euclidean",0.916734703632887,0.119732632249841,0.919192751102438,0.126892708035322,0.354375,0.097625,FALSE,0,5,"raw","std"
"V-PCA","Hausdorff",0.915716937539834,0.119810866794136,0.91759212643734,0.128136413233452,0.3515,0.085,FALSE,0,5,"raw","std"
"V-PCA","Ichino-Yaguchi",0.916580146590185,0.118874123645634,0.918808831309119,0.126537469158264,0.35225,0.090375,FALSE,0,5,"raw","std"
"V-PCA","Wasserstein",0.916544136392607,0.118933715742511,0.918773879794383,0.126566616656269,0.352125,0.090125,FALSE,0,5,"raw","std"
"V-PCA","Centers-Euclidean",0.916580385595921,0.118875239005736,0.918739403071353,0.126630277768821,0.35225,0.09,FALSE,0,5,"raw","std"
"MR-PCA","Int-Euclidean",0.916991236456342,0.119244741873805,0.919571291024861,0.126431585596596,0.3505,0.1065,FALSE,0,5,"raw","std"
"MR-PCA","Hausdorff",0.916187061822817,0.118429891650733,0.918333225217728,0.126489673104471,0.348125,0.086375,FALSE,0,5,"raw","std"
"MR-PCA","Ichino-Yaguchi",0.916403123008286,0.118811344805609,0.918880431241802,0.1262550961474,0.3465,0.09125,FALSE,0,5,"raw","std"
"MR-PCA","Wasserstein",0.9164554652645,0.118697100063735,0.918948395867229,0.126089188806269,0.34675,0.09125,FALSE,0,5,"raw","std"
"MR-PCA","Centers-Euclidean",0.916403760356915,0.118814850223072,0.918795719146621,0.126387764443946,0.346625,0.090875,FALSE,0,5,"raw","std"
"SPCA","Int-Euclidean",0.916870697896749,0.118945028680688,0.91939167155426,0.126262244572085,0.3495,0.101875,FALSE,0,5,"raw","std"
"SPCA","Hausdorff",0.915927023581899,0.118913001912046,0.91835181438457,0.126415178040599,0.3475,0.088375,FALSE,0,5,"raw","std"
"SPCA","Ichino-Yaguchi",0.91661201402167,0.118338113448056,0.918910792534726,0.126101624873055,0.3485,0.093125,FALSE,0,5,"raw","std"
"SPCA","Wasserstein",0.916527963671128,0.11849442319949,0.918887833748821,0.126119309557965,0.3485,0.093125,FALSE,0,5,"raw","std"
"SPCA","Centers-Euclidean",0.916569391332059,0.118423996175908,0.918846436667456,0.12619060465582,0.3485,0.092625,FALSE,0,5,"raw","std"
"IMDS","Int-Euclidean",0.572038639260676,-0.064692638623327,0.579285928734799,-0.0779011244620023,0.03975,-0.00225,TRUE,0,5,"raw","std"
"IMDS","Hausdorff",0.602681246016571,-0.00959066284257493,0.609717487206533,-0.0205155751724604,0.052,-0.002875,TRUE,0,5,"raw","std"
"IMDS","Ichino-Yaguchi",0.605178696622052,-0.00756453154875714,0.611884713024932,-0.0140787407444938,0.0515,0,TRUE,0,5,"raw","std"
"IMDS","Wasserstein",0.597501752708732,-0.0289840662842575,0.603775595996336,-0.0371920780134912,0.052125,-0.001125,TRUE,0,5,"raw","std"
"IMDS","Centers-Euclidean",0.593061504142766,-0.0578355640535373,0.597982753449847,-0.0634584488912159,0.047875,-0.000874999999999997,TRUE,0,5,"raw","std"
"Int-UMAP","Int-Euclidean",0.83232361376673,0.00707042702358185,0.895211205327357,0.00542445184321966,0.46925,-0.036875,FALSE,0,5,"raw","std"
"Int-UMAP","Hausdorff",0.830084369024857,0.00401481835564055,0.893840537862981,0.00190817624370478,0.46525,-0.04,FALSE,0,5,"raw","std"
"Int-UMAP","Ichino-Yaguchi",0.832646829190567,0.00748996175908223,0.89662530722318,0.00400094058444013,0.469625,-0.0455,FALSE,0,5,"raw","std"
"Int-UMAP","Wasserstein",0.831679413639261,0.00557520713830462,0.895626470969318,0.00290105451738987,0.46925,-0.04575,FALSE,0,5,"raw","std"
"Int-UMAP","Centers-Euclidean",0.831267208413002,0.00707807520713832,0.895344734177207,0.00352644614324554,0.46775,-0.046625,FALSE,0,5,"raw","std"
"C-PCA","Int-Euclidean",0.92327166985341,0.110432759719567,0.92507392836324,0.11719479348512,0.360875,0.08825,FALSE,0,6,"raw","std"
"C-PCA","Hausdorff",0.922200286806883,0.110192160611855,0.924690139929315,0.115964448134449,0.35825,0.074625,FALSE,0,6,"raw","std"
"C-PCA","Ichino-Yaguchi",0.922786010197578,0.109923836838751,0.925171447786091,0.115841943131277,0.36,0.079875,FALSE,0,6,"raw","std"
"C-PCA","Wasserstein",0.922691124920331,0.110097673677502,0.925143737351327,0.115875446600615,0.35975,0.0785,FALSE,0,6,"raw","std"
"C-PCA","Centers-Euclidean",0.922780991077119,0.109924952198853,0.925135730292551,0.11589138394969,0.359875,0.079875,FALSE,0,6,"raw","std"
"V-PCA","Int-Euclidean",0.923273342893563,0.110436105799873,0.925088621316627,0.117173283171104,0.360875,0.088,FALSE,0,6,"raw","std"
"V-PCA","Hausdorff",0.922212555768005,0.110173677501593,0.924636414576901,0.116079925836533,0.358375,0.074875,FALSE,0,6,"raw","std"
"V-PCA","Ichino-Yaguchi",0.922849665391969,0.109810866794136,0.925097965213132,0.115996700277612,0.36025,0.08025,FALSE,0,6,"raw","std"
"V-PCA","Wasserstein",0.922809034416826,0.109871414913958,0.925099067160646,0.115970731421048,0.36025,0.079,FALSE,0,6,"raw","std"
"V-PCA","Centers-Euclidean",0.922844805608668,0.109812300828553,0.925057038871804,0.11605519743061,0.360125,0.08025,FALSE,0,6,"raw","std"
"MR-PCA","Int-Euclidean",0.920830226258764,0.113568355640535,0.923412089580795,0.119534329455502,0.354,0.09825,FALSE,0,6,"raw","std"
"MR-PCA","Hausdorff",0.920700764818356,0.111224984066284,0.922655166364967,0.118688847297434,0.348125,0.08275,FALSE,0,6,"raw","std"
"MR-PCA","Ichino-Yaguchi",0.92010149776928,0.112942957297642,0.922256047905918,0.120081012494326,0.349625,0.085875,FALSE,0,6,"raw","std"
"MR-PCA","Wasserstein",0.920031708094328,0.113104206500956,0.922375721218517,0.119912997432009,0.35025,0.08775,FALSE,0,6,"raw","std"
"MR-PCA","Centers-Euclidean",0.920159337157425,0.112862332695985,0.922522025835663,0.119621446323225,0.35,0.085625,FALSE,0,6,"raw","std"
"SPCA","Int-Euclidean",0.921073534098152,0.112365997450605,0.92483822194995,0.116110716179946,0.352875,0.093125,FALSE,0,6,"raw","std"
"SPCA","Hausdorff",0.920025095602294,0.112006532823454,0.923822905210038,0.116126487197321,0.34925,0.079625,FALSE,0,6,"raw","std"
"SPCA","Ichino-Yaguchi",0.92060954429573,0.111780911408541,0.92440230334859,0.115810855736507,0.351875,0.0875,FALSE,0,6,"raw","std"
"SPCA","Wasserstein",0.920588910133843,0.111801784576163,0.924396594332849,0.115800300070917,0.3515,0.087125,FALSE,0,6,"raw","std"
"SPCA","Centers-Euclidean",0.920603728489484,0.111780433397068,0.924417500734845,0.115758128161049,0.3515,0.08675,FALSE,0,6,"raw","std"
"IMDS","Int-Euclidean",0.563188973868706,-0.0478033779477375,0.568112032524757,-0.0549466329004786,0.039625,5e-04,TRUE,0,6,"raw","std"
"IMDS","Hausdorff",0.596072100063735,-0.00128537284894836,0.607399753910117,-0.0235759172425583,0.053,-0.00275,TRUE,0,6,"raw","std"
"IMDS","Ichino-Yaguchi",0.610354445506692,0.00817543021032496,0.619975811638988,-0.0109816877754389,0.054875,-0.002875,TRUE,0,6,"raw","std"
"IMDS","Wasserstein",0.59821845124283,-0.0146647546207775,0.609757899092443,-0.0349760960022218,0.055375,-0.00375,TRUE,0,6,"raw","std"
"IMDS","Centers-Euclidean",0.59933540471638,-0.0584056724028044,0.611926958184722,-0.0818827381558608,0.055875,-0.002,TRUE,0,6,"raw","std"
"Int-UMAP","Int-Euclidean",0.756862970044614,0.0280666029318037,0.845997419982084,0.0177580367639118,0.435,-0.024125,FALSE,0,6,"raw","std"
"Int-UMAP","Hausdorff",0.754421765455704,0.0286653919694073,0.844278846522925,0.0134943744060039,0.429625,-0.0345,FALSE,0,6,"raw","std"
"Int-UMAP","Ichino-Yaguchi",0.7577660930529,0.0262485659655832,0.847511496505925,0.0136613808158305,0.435375,-0.036375,FALSE,0,6,"raw","std"
"Int-UMAP","Wasserstein",0.756543817718292,0.0274388145315488,0.84598122801756,0.015064424958899,0.433625,-0.036375,FALSE,0,6,"raw","std"
"Int-UMAP","Centers-Euclidean",0.755542383683875,0.0294098151688974,0.845559672585004,0.0162152528813342,0.433125,-0.036125,FALSE,0,6,"raw","std"
"C-PCA","Int-Euclidean",0.919220124282983,0.120274219247929,0.921542640581421,0.12570723940386,0.375,0.09375,FALSE,0,7,"raw","std"
"C-PCA","Hausdorff",0.918355959209688,0.120218610579987,0.920879250691897,0.125249506933132,0.37275,0.07925,FALSE,0,7,"raw","std"
"C-PCA","Ichino-Yaguchi",0.918870458891013,0.120073295092415,0.922131737990553,0.123630121118479,0.373375,0.08125,FALSE,0,7,"raw","std"
"C-PCA","Wasserstein",0.918886392606756,0.120054811982154,0.922239469859928,0.123403061074783,0.373125,0.0805,FALSE,0,7,"raw","std"
"C-PCA","Centers-Euclidean",0.918861057998725,0.120093690248566,0.922205162667285,0.123466650110265,0.373375,0.0815,FALSE,0,7,"raw","std"
"V-PCA","Int-Euclidean",0.919188814531549,0.120352772466539,0.921601969286297,0.125604984432206,0.374875,0.0935,FALSE,0,7,"raw","std"
"V-PCA","Hausdorff",0.918320347355003,0.120294295729764,0.920935042289195,0.125141141190706,0.37275,0.079375,FALSE,0,7,"raw","std"
"V-PCA","Ichino-Yaguchi",0.91886759082218,0.120082855321861,0.922166388828754,0.123567067543124,0.37325,0.081375,FALSE,0,7,"raw","std"
"V-PCA","Wasserstein",0.918891252390057,0.120050828553219,0.922273985287066,0.123339226166928,0.373125,0.0805,FALSE,0,7,"raw","std"
"V-PCA","Centers-Euclidean",0.918861217335883,0.12009592096877,0.92225373461581,0.1233756766928,0.37325,0.081625,FALSE,0,7,"raw","std"
"MR-PCA","Int-Euclidean",0.911111297004461,0.13317574888464,0.914593863622677,0.137272831414207,0.354125,0.11025,FALSE,0,7,"raw","std"
"MR-PCA","Hausdorff",0.910263782664117,0.133107552581262,0.912472351299886,0.139618977363706,0.348625,0.099625,FALSE,0,7,"raw","std"
"MR-PCA","Ichino-Yaguchi",0.910420889101338,0.133019598470363,0.913877694338973,0.137154616489425,0.350375,0.103,FALSE,0,7,"raw","std"
"MR-PCA","Wasserstein",0.910332138304653,0.133325844486934,0.913704222317415,0.137690031408543,0.35,0.099875,FALSE,0,7,"raw","std"
"MR-PCA","Centers-Euclidean",0.910416507329509,0.133135117909497,0.913857323183858,0.137367620011734,0.349875,0.099,FALSE,0,7,"raw","std"
"SPCA","Int-Euclidean",0.911848948374761,0.131315487571702,0.914160801341776,0.137758290526378,0.351875,0.10875,FALSE,0,7,"raw","std"
"SPCA","Hausdorff",0.911126752708732,0.130932919056724,0.913304030059294,0.137632045405654,0.34775,0.093625,FALSE,0,7,"raw","std"
"SPCA","Ichino-Yaguchi",0.911413001912046,0.131238368387508,0.914120108504565,0.136903020174244,0.350625,0.102,FALSE,0,7,"raw","std"
"SPCA","Wasserstein",0.911354764181007,0.13137810707457,0.914124931057643,0.136884477175111,0.350375,0.101375,FALSE,0,7,"raw","std"
"SPCA","Centers-Euclidean",0.911364563416189,0.131337157425111,0.914257146100306,0.136608907557277,0.35075,0.10125,FALSE,0,7,"raw","std"
"IMDS","Int-Euclidean",0.589414913957935,-0.0673954748247292,0.595817271981843,-0.0805003238350256,0.04425,-0.006625,TRUE,0,7,"raw","std"
"IMDS","Hausdorff",0.620296207775653,-0.0234665391969407,0.632032476243142,-0.0400485285530115,0.05275,-0.001,TRUE,0,7,"raw","std"
"IMDS","Ichino-Yaguchi",0.630765137029955,-0.0175162523900574,0.643365270299249,-0.0340465875473683,0.05425,-0.0015,TRUE,0,7,"raw","std"
"IMDS","Wasserstein",0.621873247291268,-0.0379341937539834,0.633142095060358,-0.0541505045565503,0.052875,-0.002375,TRUE,0,7,"raw","std"
"IMDS","Centers-Euclidean",0.618943594646272,-0.0674034416826004,0.628328136640553,-0.0840627846297909,0.0575,-0.002875,TRUE,0,7,"raw","std"
"Int-UMAP","Int-Euclidean",0.776530991077119,0.027917941363926,0.861841829513931,0.0142405047203231,0.448875,-0.01675,FALSE,0,7,"raw","std"
"Int-UMAP","Hausdorff",0.776021191841938,0.0257348629700447,0.860385839644982,0.00910634668883056,0.449375,-0.030125,FALSE,0,7,"raw","std"
"Int-UMAP","Ichino-Yaguchi",0.777051864244742,0.0265626195028681,0.862937247975487,0.0098991272874234,0.45125,-0.027875,FALSE,0,7,"raw","std"
"Int-UMAP","Wasserstein",0.776248884639898,0.0271838750796686,0.861896619602472,0.0108465946612472,0.44975,-0.02575,FALSE,0,7,"raw","std"
"Int-UMAP","Centers-Euclidean",0.776308875079669,0.0273376354365839,0.861809451982256,0.0113583465503062,0.450125,-0.0255,FALSE,0,7,"raw","std"
"C-PCA","Int-Euclidean",0.915880258126195,0.1242821861058,0.92032198266619,0.127095574066994,0.36825,0.110875,FALSE,0,8,"raw","std"
"C-PCA","Hausdorff",0.91475183237731,0.123763702995539,0.919837349987998,0.12549237040756,0.362875,0.092375,FALSE,0,8,"raw","std"
"C-PCA","Ichino-Yaguchi",0.915427342256214,0.12370299553856,0.919678475065855,0.126926607288809,0.365375,0.1005,FALSE,0,8,"raw","std"
"C-PCA","Wasserstein",0.915385117909497,0.123758444869344,0.919720275501592,0.126823221474838,0.36525,0.1,FALSE,0,8,"raw","std"
"C-PCA","Centers-Euclidean",0.915421924792862,0.123694710006374,0.919728168900373,0.126813407264789,0.36525,0.10025,FALSE,0,8,"raw","std"
"V-PCA","Int-Euclidean",0.915899378585086,0.124255736137667,0.920301200053363,0.127136665034057,0.368375,0.111,FALSE,0,8,"raw","std"
"V-PCA","Hausdorff",0.914772227533461,0.123738209050351,0.919744628594961,0.125693317867044,0.362875,0.09225,FALSE,0,8,"raw","std"
"V-PCA","Ichino-Yaguchi",0.915476179094965,0.123613926067559,0.919681465091412,0.12692323651293,0.365625,0.1,FALSE,0,8,"raw","std"
"V-PCA","Wasserstein",0.915433875079669,0.123668897386871,0.919702127327002,0.126854232740868,0.365375,0.099375,FALSE,0,8,"raw","std"
"V-PCA","Centers-Euclidean",0.915470761631612,0.123605640535373,0.919708145655732,0.126857845337449,0.3655,0.099625,FALSE,0,8,"raw","std"
"MR-PCA","Int-Euclidean",0.913532265774379,0.125974984066284,0.918057349912083,0.129560736105631,0.355625,0.11575,FALSE,0,8,"raw","std"
"MR-PCA","Hausdorff",0.912882568514978,0.125297960484385,0.91561026812926,0.132326627564216,0.349625,0.1015,FALSE,0,8,"raw","std"
"MR-PCA","Ichino-Yaguchi",0.913566602931804,0.124353728489484,0.916411583676531,0.131126487197321,0.35125,0.097,FALSE,0,8,"raw","std"
"MR-PCA","Wasserstein",0.913276051625239,0.125091300191205,0.916290741883738,0.131659511418117,0.352875,0.099875,FALSE,0,8,"raw","std"
"MR-PCA","Centers-Euclidean",0.913443833652008,0.124777405991077,0.916488619883616,0.131314231971478,0.35225,0.09775,FALSE,0,8,"raw","std"
"SPCA","Int-Euclidean",0.913666905672403,0.125192001274697,0.917241970593067,0.130695012531174,0.35275,0.11075,FALSE,0,8,"raw","std"
"SPCA","Hausdorff",0.913208253664755,0.124193435309114,0.916187998472649,0.130977120477548,0.352375,0.099,FALSE,0,8,"raw","std"
"SPCA","Ichino-Yaguchi",0.913474984066284,0.124732632249841,0.916444244185342,0.131382120254919,0.352875,0.104875,FALSE,0,8,"raw","std"
"SPCA","Wasserstein",0.913557441045252,0.124539993626514,0.91643720675508,0.131371031261659,0.353,0.105125,FALSE,0,8,"raw","std"
"SPCA","Centers-Euclidean",0.913468929254302,0.12472275334608,0.916407006569334,0.131437262625472,0.35275,0.104875,FALSE,0,8,"raw","std"
"IMDS","Int-Euclidean",0.58834839069471,-0.0700689929891651,0.596110653698936,-0.0921479623684338,0.038375,-0.0025,TRUE,0,8,"raw","std"
"IMDS","Hausdorff",0.630974904397706,-0.0343449649458254,0.642594506366751,-0.0513736816933283,0.05875,-0.0015,TRUE,0,8,"raw","std"
"IMDS","Ichino-Yaguchi",0.640031389420013,-0.0329359464627151,0.647714080946559,-0.0448410451106925,0.060875,-0.000750000000000001,TRUE,0,8,"raw","std"
"IMDS","Wasserstein",0.629931086679414,-0.0543914913957936,0.636714922798208,-0.0677468198231903,0.060875,-0.000750000000000001,TRUE,0,8,"raw","std"
"IMDS","Centers-Euclidean",0.618827517527087,-0.0697901529636711,0.625431979951998,-0.0871394916067318,0.056875,-0.008375,TRUE,0,8,"raw","std"
"Int-UMAP","Int-Euclidean",0.893805528999363,0.0293363607393243,0.934678004965556,0.0246281004442165,0.567,-0.02075,FALSE,0,8,"raw","std"
"Int-UMAP","Hausdorff",0.893737412364563,0.0289330783938815,0.933867883220987,0.0244682381941598,0.558625,-0.027125,FALSE,0,8,"raw","std"
"Int-UMAP","Ichino-Yaguchi",0.893603409815169,0.0289984066284258,0.93517290734676,0.0227138048999101,0.566125,-0.03175,FALSE,0,8,"raw","std"
"Int-UMAP","Wasserstein",0.893611456341619,0.0289137985978329,0.934760719374368,0.0235355728489345,0.563875,-0.031875,FALSE,0,8,"raw","std"
"Int-UMAP","Centers-Euclidean",0.893576959847036,0.028961759082218,0.9347493233072,0.023544965472098,0.563875,-0.028875,FALSE,0,8,"raw","std"
"C-PCA","Int-Euclidean",0.916364244741874,0.120306564690886,0.91975066536945,0.125912584417603,0.340375,0.104125,FALSE,0,9,"raw","std"
"C-PCA","Hausdorff",0.914738368387508,0.120954748247291,0.918642391706548,0.125740377796441,0.334625,0.086625,FALSE,0,9,"raw","std"
"C-PCA","Ichino-Yaguchi",0.915585325047801,0.120522785213512,0.919084989698523,0.125974400101266,0.33775,0.089625,FALSE,0,9,"raw","std"
"C-PCA","Wasserstein",0.915580943275972,0.120501274697259,0.919241371777622,0.125608246452742,0.33775,0.089,FALSE,0,9,"raw","std"
"C-PCA","Centers-Euclidean",0.915576322498407,0.120506373486297,0.919260029076487,0.125570310456839,0.33775,0.088625,FALSE,0,9,"raw","std"
"V-PCA","Int-Euclidean",0.916352931803697,0.120328234544296,0.919776811539872,0.125857837617953,0.340375,0.104375,FALSE,0,9,"raw","std"
"V-PCA","Hausdorff",0.914758126195029,0.120915551306565,0.918620993879676,0.125783428065634,0.334625,0.086375,FALSE,0,9,"raw","std"
"V-PCA","Ichino-Yaguchi",0.915623884639898,0.120450446144041,0.919117224355533,0.125907730517397,0.337875,0.08975,FALSE,0,9,"raw","std"
"V-PCA","Wasserstein",0.915559910771192,0.120548438495857,0.919218929579594,0.125658547291344,0.337875,0.088875,FALSE,0,9,"raw","std"
"V-PCA","Centers-Euclidean",0.91561512109624,0.120434512428298,0.919317511286246,0.125457067357174,0.337875,0.08875,FALSE,0,9,"raw","std"
"MR-PCA","Int-Euclidean",0.915725701083493,0.121853569152326,0.919184546897948,0.127477473569893,0.348625,0.1035,FALSE,0,9,"raw","std"
"MR-PCA","Hausdorff",0.915606198215424,0.120067718291906,0.918340267979135,0.127133081865392,0.347375,0.100875,FALSE,0,9,"raw","std"
"MR-PCA","Ichino-Yaguchi",0.915229206500956,0.121154397705545,0.918031639616014,0.12811869890738,0.3455,0.094875,FALSE,0,9,"raw","std"
"MR-PCA","Wasserstein",0.915375318674315,0.120928457616316,0.918408946658021,0.1274793433088,0.346125,0.09575,FALSE,0,9,"raw","std"
"MR-PCA","Centers-Euclidean",0.915218769917145,0.12124378585086,0.918033604569157,0.128232571508557,0.345625,0.094125,FALSE,0,9,"raw","std"
"SPCA","Int-Euclidean",0.915769439133206,0.121336520076482,0.918870654882876,0.127697157229177,0.344875,0.10025,FALSE,0,9,"raw","std"
"SPCA","Hausdorff",0.914967734225621,0.120679254302103,0.918450548455324,0.12656686913926,0.340625,0.08875,FALSE,0,9,"raw","std"
"SPCA","Ichino-Yaguchi",0.915613527724665,0.120468929254302,0.918894467504842,0.126565978198435,0.34475,0.090875,FALSE,0,9,"raw","std"
"SPCA","Wasserstein",0.915609783301466,0.120445506692161,0.918768582342977,0.126773682563371,0.3445,0.090375,FALSE,0,9,"raw","std"
"SPCA","Centers-Euclidean",0.915637746972594,0.12038798597833,0.918898873055817,0.126509924628709,0.34475,0.09025,FALSE,0,9,"raw","std"
"IMDS","Int-Euclidean",0.560212794773741,-0.0419992033142128,0.564138692340263,-0.0539406075986121,0.033375,0.00025,TRUE,0,9,"raw","std"
"IMDS","Hausdorff",0.582421048438496,0.00354859783301475,0.588127003124136,-0.00590172423705349,0.048875,-0.000374999999999997,TRUE,0,9,"raw","std"
"IMDS","Ichino-Yaguchi",0.584985340981517,0.0136845124282983,0.591449821628444,0.00683901466977355,0.048625,0.00275,TRUE,0,9,"raw","std"
"IMDS","Wasserstein",0.57802039515615,-0.00567080943275977,0.585193535996142,-0.0158045620008663,0.048375,0.000499999999999997,TRUE,0,9,"raw","std"
"IMDS","Centers-Euclidean",0.574321701720841,-0.0290905035054174,0.57870688255839,-0.0333676010755093,0.045375,0,TRUE,0,9,"raw","std"
"Int-UMAP","Int-Euclidean",0.819423199490121,0.0387485659655833,0.885826493048785,0.0221467767219553,0.493125,-0.03275,FALSE,0,9,"raw","std"
"Int-UMAP","Hausdorff",0.817305608667941,0.0352724665391969,0.8841530249083,0.0144751134510143,0.4925,-0.035375,FALSE,0,9,"raw","std"
"Int-UMAP","Ichino-Yaguchi",0.821460962396431,0.0384483747609943,0.888818848209273,0.0188126652548091,0.494875,-0.038875,FALSE,0,9,"raw","std"
"Int-UMAP","Wasserstein",0.819551465901848,0.0365895474824729,0.886943447200603,0.0165843693665799,0.4935,-0.039875,FALSE,0,9,"raw","std"
"Int-UMAP","Centers-Euclidean",0.819072020395156,0.0384764181007011,0.885866461170248,0.0196096371990015,0.493625,-0.03675,FALSE,0,9,"raw","std"
"C-PCA","Int-Euclidean",0.915884560229445,0.125554652644997,0.917742320977191,0.132816793650258,0.37925,0.11725,FALSE,0,10,"raw","std"
"C-PCA","Hausdorff",0.914906070745698,0.124898183556405,0.917396170528206,0.131399041733221,0.37375,0.099125,FALSE,0,10,"raw","std"
"C-PCA","Ichino-Yaguchi",0.915136551943913,0.125792543021032,0.917519944023839,0.132142412434037,0.37675,0.106,FALSE,0,10,"raw","std"
"C-PCA","Wasserstein",0.91510460484385,0.125814053537285,0.917599709243658,0.131950220845849,0.37675,0.1055,FALSE,0,10,"raw","std"
"C-PCA","Centers-Euclidean",0.915120299553856,0.125811663479924,0.917510280578548,0.13211786869895,0.376625,0.105875,FALSE,0,10,"raw","std"
"V-PCA","Int-Euclidean",0.915929891650733,0.12546717654557,0.91775326283087,0.132796265759502,0.379125,0.11725,FALSE,0,10,"raw","std"
"V-PCA","Hausdorff",0.914845442957298,0.12502039515615,0.917413355898148,0.131366396151613,0.373625,0.098875,FALSE,0,10,"raw","std"
"V-PCA","Ichino-Yaguchi",0.915123247291268,0.125830624601657,0.917460817262706,0.132268500605874,0.376625,0.1055,FALSE,0,10,"raw","std"
"V-PCA","Wasserstein",0.91513368387508,0.125767686424474,0.917617249347937,0.13192336254118,0.376375,0.10475,FALSE,0,10,"raw","std"
"V-PCA","Centers-Euclidean",0.915132329509242,0.125798438495857,0.917469742237897,0.132205006678005,0.3765,0.1055,FALSE,0,10,"raw","std"
"MR-PCA","Int-Euclidean",0.914527724665392,0.124938177182919,0.918952164772959,0.128227570468771,0.3585,0.101375,FALSE,0,10,"raw","std"
"MR-PCA","Hausdorff",0.913566602931804,0.124215423836839,0.917255345474353,0.129415717253852,0.35175,0.096375,FALSE,0,10,"raw","std"
"MR-PCA","Ichino-Yaguchi",0.913749601657107,0.124577278521351,0.918092134135513,0.128219581429262,0.353875,0.087375,FALSE,0,10,"raw","std"
"MR-PCA","Wasserstein",0.913985181644359,0.124204588910134,0.918378361457038,0.127778413676662,0.355625,0.085875,FALSE,0,10,"raw","std"
"MR-PCA","Centers-Euclidean",0.913603091140854,0.124998406628426,0.9187335132232,0.127069883496159,0.354375,0.082375,FALSE,0,10,"raw","std"
"SPCA","Int-Euclidean",0.914159098151689,0.125184990439771,0.91856367586916,0.128561950284393,0.35325,0.09775,FALSE,0,10,"raw","std"
"SPCA","Hausdorff",0.913507807520714,0.123792224346718,0.917559973879952,0.128471518724429,0.349125,0.082375,FALSE,0,10,"raw","std"
"SPCA","Ichino-Yaguchi",0.913901688973869,0.124442638623327,0.917695115934048,0.129215046374131,0.351375,0.086125,FALSE,0,10,"raw","std"
"SPCA","Wasserstein",0.913832377310389,0.124544614404079,0.917803564629078,0.128965984271674,0.35125,0.08575,FALSE,0,10,"raw","std"
"SPCA","Centers-Euclidean",0.913964149139579,0.124311663479924,0.917852406013633,0.128860118409405,0.3515,0.085625,FALSE,0,10,"raw","std"
"IMDS","Int-Euclidean",0.562822896749522,-0.0483471956660294,0.564128540029046,-0.0432656981726203,0.03925,-0.001625,TRUE,0,10,"raw","std"
"IMDS","Hausdorff",0.60473143722116,-0.018583970681963,0.620894672092833,-0.0330123764859179,0.045625,-0.000625000000000001,TRUE,0,10,"raw","std"
"IMDS","Ichino-Yaguchi",0.61158604206501,-0.0185347355003187,0.627181514244561,-0.0302104821043298,0.0445,-0.003,TRUE,0,10,"raw","std"
"IMDS","Wasserstein",0.605063256851498,-0.0444037603569152,0.620148595623071,-0.0553950932319034,0.049625,-0.001125,TRUE,0,10,"raw","std"
"IMDS","Centers-Euclidean",0.602956899298916,-0.0808150095602294,0.617268773773705,-0.0892180307486752,0.054,-0.00925,TRUE,0,10,"raw","std"
"Int-UMAP","Int-Euclidean",0.880269996813257,0.0398079987253027,0.92777926591338,0.0266249850088224,0.539125,-0.0265,FALSE,0,10,"raw","std"
"Int-UMAP","Hausdorff",0.878807998725303,0.0393814531548757,0.926713491279357,0.0255305936455149,0.533,-0.0335,FALSE,0,10,"raw","std"
"Int-UMAP","Ichino-Yaguchi",0.879981596558317,0.0393389101338432,0.928014530907927,0.0255991741247242,0.53875,-0.032875,FALSE,0,10,"raw","std"
"Int-UMAP","Wasserstein",0.879839069471001,0.0393183556405354,0.927771060322793,0.0257082182019424,0.537375,-0.0325,FALSE,0,10,"raw","std"
"Int-UMAP","Centers-Euclidean",0.879603250478011,0.0397036328871894,0.92752637636923,0.0261568378279571,0.537,-0.027375,FALSE,0,10,"raw","std"
"C-PCA","Int-Euclidean",0.917994582536648,0.118566602931804,0.921474263218807,0.123994421021529,0.374875,0.099875,FALSE,0,11,"raw","std"
"C-PCA","Hausdorff",0.91692080943276,0.118260356915233,0.921300110836621,0.122516645964767,0.37075,0.088,FALSE,0,11,"raw","std"
"C-PCA","Ichino-Yaguchi",0.917804891650733,0.117794295729764,0.921491379070627,0.123041654916825,0.374,0.095375,FALSE,0,11,"raw","std"
"C-PCA","Wasserstein",0.917720442957298,0.117821701720841,0.921242930902741,0.123472345691523,0.373875,0.09525,FALSE,0,11,"raw","std"
"C-PCA","Centers-Euclidean",0.917791268323773,0.117768323773104,0.921256090832291,0.123466533678075,0.374,0.09525,FALSE,0,11,"raw","std"
"V-PCA","Int-Euclidean",0.91811384639898,0.118328712555768,0.921573297219736,0.12379392798878,0.37525,0.100125,FALSE,0,11,"raw","std"
"V-PCA","Hausdorff",0.916918738049713,0.118274378585086,0.921295187311672,0.122534133184095,0.370625,0.08825,FALSE,0,11,"raw","std"
"V-PCA","Ichino-Yaguchi",0.917723629700446,0.117966379859783,0.921515288932664,0.123001941517433,0.373875,0.095125,FALSE,0,11,"raw","std"
"V-PCA","Wasserstein",0.917694710006373,0.117879541108987,0.921318298248433,0.123325388862191,0.373875,0.095125,FALSE,0,11,"raw","std"
"V-PCA","Centers-Euclidean",0.917710086042065,0.11794056724028,0.921290704459106,0.123406039691691,0.373875,0.094875,FALSE,0,11,"raw","std"
"MR-PCA","Int-Euclidean",0.917978011472275,0.11780879541109,0.922299790690747,0.121893432431201,0.368125,0.111875,FALSE,0,11,"raw","std"
"MR-PCA","Hausdorff",0.917032504780115,0.117379541108987,0.9212657571564,0.122048438435349,0.36075,0.095375,FALSE,0,11,"raw","std"
"MR-PCA","Ichino-Yaguchi",0.91738057680051,0.117272944550669,0.921043178365927,0.122890903165778,0.3635,0.095375,FALSE,0,11,"raw","std"
"MR-PCA","Wasserstein",0.91725063734863,0.117482154238368,0.92138506571211,0.122286600906789,0.363875,0.096125,FALSE,0,11,"raw","std"
"MR-PCA","Centers-Euclidean",0.917289913957935,0.117480082855322,0.921448587042061,0.12216394855079,0.3645,0.09775,FALSE,0,11,"raw","std"
"SPCA","Int-Euclidean",0.918727135117909,0.115720363288719,0.923194872002212,0.119568135520587,0.3645,0.103125,FALSE,0,11,"raw","std"
"SPCA","Hausdorff",0.917777326322498,0.115216857871256,0.922110328115295,0.119937939936685,0.3615,0.0935,FALSE,0,11,"raw","std"
"SPCA","Ichino-Yaguchi",0.918636711281071,0.114752071383047,0.922337363209236,0.120352507625242,0.3625,0.097,FALSE,0,11,"raw","std"
"SPCA","Wasserstein",0.918609384958572,0.114693913320586,0.922410459487483,0.120155443584467,0.362375,0.09675,FALSE,0,11,"raw","std"
"SPCA","Centers-Euclidean",0.9186571861058,0.114664913957935,0.922364042280836,0.120254795641461,0.362625,0.097625,FALSE,0,11,"raw","std"
"IMDS","Int-Euclidean",0.572097673677502,-0.0541061185468451,0.578795877055113,-0.0693948259923051,0.04175,-0.006,TRUE,0,11,"raw","std"
"IMDS","Hausdorff",0.599422721478649,-0.0069117272147865,0.611856012490061,-0.0146402957565286,0.05125,0.000750000000000001,TRUE,0,11,"raw","std"
"IMDS","Ichino-Yaguchi",0.60426792543021,-0.00281309751434033,0.61537899147034,-0.0094839780776525,0.051125,-0.002125,TRUE,0,11,"raw","std"
"IMDS","Wasserstein",0.599097275334608,-0.021505258126195,0.607735288984696,-0.0253270895825006,0.05275,-0.00025,TRUE,0,11,"raw","std"
"IMDS","Centers-Euclidean",0.598217973231358,-0.056210643722116,0.603630251944759,-0.0598132553485025,0.05575,-0.002375,TRUE,0,11,"raw","std"
"Int-UMAP","Int-Euclidean",0.801772625876354,0.0346408540471639,0.871094336985636,0.0318194193027682,0.475625,-0.025875,FALSE,0,11,"raw","std"
"Int-UMAP","Hausdorff",0.799544694072658,0.0313637667304015,0.86957175078274,0.0249573032922929,0.471875,-0.024,FALSE,0,11,"raw","std"
"Int-UMAP","Ichino-Yaguchi",0.80306126513703,0.0332120777565329,0.873406606392323,0.0279921565220536,0.477,-0.029625,FALSE,0,11,"raw","std"
"Int-UMAP","Wasserstein",0.800838193116635,0.034135277246654,0.871567136762701,0.0276541933245203,0.473375,-0.029125,FALSE,0,11,"raw","std"
"Int-UMAP","Centers-Euclidean",0.799665710643722,0.0372396430847673,0.870784917480711,0.0300050473141184,0.473125,-0.02575,FALSE,0,11,"raw","std"
"C-PCA","Int-Euclidean",0.910072976418101,0.133332695984704,0.913799896098131,0.137897890163416,0.339625,0.0995,FALSE,0,12,"raw","std"
"C-PCA","Hausdorff",0.90891706500956,0.133236934353091,0.91248513250495,0.138575178345967,0.33575,0.09425,FALSE,0,12,"raw","std"
"C-PCA","Ichino-Yaguchi",0.910059353091141,0.132140376035692,0.913245279676945,0.137985973887458,0.339375,0.096,FALSE,0,12,"raw","std"
"C-PCA","Wasserstein",0.909963352453792,0.132319630337795,0.913284187753688,0.13788397267827,0.33875,0.095375,FALSE,0,12,"raw","std"
"C-PCA","Centers-Euclidean",0.91005632568515,0.13216395793499,0.913254662490803,0.13794068432444,0.339375,0.0955,FALSE,0,12,"raw","std"
"V-PCA","Int-Euclidean",0.910074410452518,0.13332919056724,0.913798538362317,0.13790118609003,0.339625,0.0995,FALSE,0,12,"raw","std"
"V-PCA","Hausdorff",0.908917144678139,0.133237093690249,0.912485321653948,0.138575914896855,0.33575,0.09425,FALSE,0,12,"raw","std"
"V-PCA","Ichino-Yaguchi",0.910031787762906,0.132195825366475,0.913200427480999,0.138076569220174,0.339125,0.09575,FALSE,0,12,"raw","std"
"V-PCA","Wasserstein",0.910005019120459,0.132237253027406,0.913306154840142,0.137840575884701,0.33875,0.09525,FALSE,0,12,"raw","std"
"V-PCA","Centers-Euclidean",0.910028680688336,0.132219247928617,0.913209765513246,0.138031190093932,0.339125,0.09525,FALSE,0,12,"raw","std"
"MR-PCA","Int-Euclidean",0.912445666029318,0.129933715742511,0.915943654326219,0.1347154184027,0.349375,0.092,FALSE,0,12,"raw","std"
"MR-PCA","Hausdorff",0.911808556405354,0.128459687699171,0.91555449273864,0.133161328016178,0.343625,0.083625,FALSE,0,12,"raw","std"
"MR-PCA","Ichino-Yaguchi",0.911791666666667,0.129496016571064,0.91570085994342,0.133708764452306,0.34475,0.082125,FALSE,0,12,"raw","std"
"MR-PCA","Wasserstein",0.911977613129382,0.129122848948375,0.915650074503807,0.13378829552827,0.3455,0.081625,FALSE,0,12,"raw","std"
"MR-PCA","Centers-Euclidean",0.911818514977693,0.129464308476737,0.91540651734089,0.134284646381364,0.344875,0.082125,FALSE,0,12,"raw","std"
"SPCA","Int-Euclidean",0.912786169534735,0.128930847673678,0.917128796371785,0.1319795726333,0.347125,0.089375,FALSE,0,12,"raw","std"
"SPCA","Hausdorff",0.912328553218611,0.127390694710006,0.916460545864815,0.131365784136255,0.344625,0.083875,FALSE,0,12,"raw","std"
"SPCA","Ichino-Yaguchi",0.912648422562142,0.127872370936903,0.916841294586918,0.131475437456636,0.346125,0.08625,TRUE,0,12,"raw","std"
"SPCA","Wasserstein",0.912633444869344,0.127895315487572,0.916890962405453,0.131360453845,0.346,0.08575,FALSE,0,12,"raw","std"
"SPCA","Centers-Euclidean",0.91265160930529,0.127881931166348,0.916862970912765,0.131412363409687,0.346125,0.0855,TRUE,0,12,"raw","std"
"IMDS","Int-Euclidean",0.602759002549395,-0.0888449649458254,0.609933969193834,-0.103482754430778,0.0455,-0.005875,TRUE,0,12,"raw","std"
"IMDS","Hausdorff",0.648118307839388,-0.0507582855321861,0.657495044808054,-0.060612675993866,0.061625,-0.003125,TRUE,0,12,"raw","std"
"IMDS","Ichino-Yaguchi",0.655647625876354,-0.0496480242192479,0.662364449580256,-0.0600800782646093,0.061,-0.002875,TRUE,0,12,"raw","std"
"IMDS","Wasserstein",0.646949490121096,-0.0700446144040791,0.653315367697121,-0.0795340837963752,0.064,-0.004125,TRUE,0,12,"raw","std"
"IMDS","Centers-Euclidean",0.639208811344806,-0.093905194391332,0.64458261949312,-0.105035175955908,0.058875,-0.007375,TRUE,0,12,"raw","std"
"Int-UMAP","Int-Euclidean",0.876133444869344,0.0573347673677502,0.92381912308307,0.0405753176807527,0.53975,-0.019375,FALSE,0,12,"raw","std"
"Int-UMAP","Hausdorff",0.875168578712556,0.0582864882090504,0.922553392795637,0.0412794867720237,0.535375,-0.02375,FALSE,0,12,"raw","std"
"Int-UMAP","Ichino-Yaguchi",0.875798916507329,0.0566590184831103,0.923561944100266,0.040361580806243,0.539,-0.023625,FALSE,0,12,"raw","std"
"Int-UMAP","Wasserstein",0.875545968769917,0.0569826322498407,0.923137569985129,0.0410854710795234,0.537875,-0.02275,FALSE,0,12,"raw","std"
"Int-UMAP","Centers-Euclidean",0.875612412364563,0.0568726896112173,0.923101759089942,0.041150544945299,0.538125,-0.022125,FALSE,0,12,"raw","std"
"C-PCA","Int-Euclidean",0.920480003186743,0.112703792224347,0.924173062333786,0.117361002569014,0.363125,0.0915,FALSE,0,13,"raw","std"
"C-PCA","Hausdorff",0.91881684193754,0.113513543658381,0.922181446325784,0.11877990985163,0.3575,0.06925,FALSE,0,13,"raw","std"
"C-PCA","Ichino-Yaguchi",0.919871813256852,0.112583014659018,0.923127300921853,0.118082522402321,0.36075,0.08125,FALSE,0,13,"raw","std"
"C-PCA","Wasserstein",0.919894598470363,0.112499521988528,0.923116788651777,0.118041223733879,0.3605,0.080625,FALSE,0,13,"raw","std"
"C-PCA","Centers-Euclidean",0.919873008285532,0.112561185468451,0.923148020520555,0.118023237945942,0.360625,0.080375,FALSE,0,13,"raw","std"
"V-PCA","Int-Euclidean",0.920548757170172,0.11257488846399,0.924248938057392,0.117215652759801,0.3635,0.0915,FALSE,0,13,"raw","std"
"V-PCA","Hausdorff",0.918820347355003,0.1135160930529,0.92217611976633,0.11879831189531,0.357375,0.06875,FALSE,0,13,"raw","std"
"V-PCA","Ichino-Yaguchi",0.920035054174633,0.112257488846399,0.923105183817,0.118129679785035,0.361,0.0815,FALSE,0,13,"raw","std"
"V-PCA","Wasserstein",0.919994741873805,0.112302421924793,0.923078694747381,0.118122647152802,0.360625,0.080375,FALSE,0,13,"raw","std"
"V-PCA","Centers-Euclidean",0.92002971637986,0.112249043977055,0.923095475909967,0.118127898969613,0.360875,0.08075,FALSE,0,13,"raw","std"
"MR-PCA","Int-Euclidean",0.918408859145953,0.11635086042065,0.920977086038356,0.123540918493884,0.360375,0.105625,FALSE,0,13,"raw","std"
"MR-PCA","Hausdorff",0.917122291268324,0.11702597195666,0.919894046706965,0.123578835084422,0.357875,0.088375,FALSE,0,13,"raw","std"
"MR-PCA","Ichino-Yaguchi",0.918023661567878,0.115807680050988,0.919837187068231,0.124327388297175,0.356,0.090625,FALSE,0,13,"raw","std"
"MR-PCA","Wasserstein",0.917958652007648,0.115921128107075,0.920068772826893,0.123875754655454,0.356625,0.090875,FALSE,0,13,"raw","std"
"MR-PCA","Centers-Euclidean",0.918026210962396,0.115805768005099,0.920345099680455,0.123375925763859,0.356625,0.091125,FALSE,0,13,"raw","std"
"SPCA","Int-Euclidean",0.918834369024857,0.114996653919694,0.921332016455408,0.122287984232096,0.36,0.099375,FALSE,0,13,"raw","std"
"SPCA","Hausdorff",0.918155353728489,0.114686424474187,0.920120553484513,0.122903026614266,0.358375,0.084375,FALSE,0,13,"raw","std"
"SPCA","Ichino-Yaguchi",0.918393722115997,0.115029318036966,0.920732510307021,0.122562564176314,0.3575,0.08825,FALSE,0,13,"raw","std"
"SPCA","Wasserstein",0.918374282982792,0.115036010197578,0.920828964140762,0.122325399055338,0.357375,0.08725,FALSE,0,13,"raw","std"
"SPCA","Centers-Euclidean",0.918387507966858,0.11502166985341,0.920726182985171,0.122559547388413,0.3575,0.088625,FALSE,0,13,"raw","std"
"IMDS","Int-Euclidean",0.55139850223072,-0.0310321861057998,0.560327127966739,-0.0464798032372755,0.035375,0.00025,TRUE,0,13,"raw","std"
"IMDS","Hausdorff",0.577043977055449,0.00281867431485028,0.581055048585063,-0.00450300215924132,0.043375,-0.000375,TRUE,0,13,"raw","std"
"IMDS","Ichino-Yaguchi",0.578140694710006,0.00711886551943919,0.5844750146116,0.00205234147266847,0.044125,-0.000375,TRUE,0,13,"raw","std"
"IMDS","Wasserstein",0.57237189292543,-0.00761759082217983,0.578550066737396,-0.0169419955300275,0.045125,0.000875000000000001,TRUE,0,13,"raw","std"
"IMDS","Centers-Euclidean",0.562372609942639,-0.0211990121096239,0.568960483810296,-0.0276533002512376,0.04075,0.000375,TRUE,0,13,"raw","std"
"Int-UMAP","Int-Euclidean",0.78612069789675,0.029566762268961,0.864533216419208,0.0197916642143403,0.437625,-0.025625,FALSE,0,13,"raw","std"
"Int-UMAP","Hausdorff",0.784325605481198,0.0278790630975143,0.863893959446796,0.0114911321320261,0.435875,-0.039375,FALSE,0,13,"raw","std"
"Int-UMAP","Ichino-Yaguchi",0.78764786488209,0.0279751434034416,0.867506596011519,0.0133051198517993,0.44025,-0.033375,FALSE,0,13,"raw","std"
"Int-UMAP","Wasserstein",0.786230082855322,0.02845729764181,0.866199161142322,0.013313391015461,0.43875,-0.030375,FALSE,0,13,"raw","std"
"Int-UMAP","Centers-Euclidean",0.785256054811982,0.0306051625239006,0.864636691263287,0.0167772729823922,0.437375,-0.02425,FALSE,0,13,"raw","std"
"C-PCA","Int-Euclidean",0.91553154875717,0.121597195666029,0.917034277530157,0.131412223733708,0.352625,0.10175,FALSE,0,14,"raw","std"
"C-PCA","Hausdorff",0.914457855321861,0.121486775015934,0.916145755658562,0.131212831902113,0.349625,0.091125,FALSE,0,14,"raw","std"
"C-PCA","Ichino-Yaguchi",0.91519431166348,0.121028202676864,0.917094927612444,0.130188155912,0.35175,0.091875,FALSE,0,14,"raw","std"
"C-PCA","Wasserstein",0.915190168897387,0.121014499681326,0.917096875399303,0.130169413741319,0.35175,0.091875,FALSE,0,14,"raw","std"
"C-PCA","Centers-Euclidean",0.915178776290631,0.121037284894837,0.917137854412336,0.130075301985864,0.35175,0.092,FALSE,0,14,"raw","std"
"V-PCA","Int-Euclidean",0.915531708094328,0.121599745060548,0.917058766354458,0.131366111681757,0.3525,0.1015,FALSE,0,14,"raw","std"
"V-PCA","Hausdorff",0.914529397705545,0.121347195666029,0.916165595298596,0.131177256323633,0.34975,0.09125,FALSE,0,14,"raw","std"
"V-PCA","Ichino-Yaguchi",0.91519431166348,0.121028202676864,0.917063268505766,0.130251977385371,0.35175,0.092,FALSE,0,14,"raw","std"
"V-PCA","Wasserstein",0.91516523263225,0.1210643722116,0.917080685887105,0.130201807692918,0.35175,0.091875,FALSE,0,14,"raw","std"
"V-PCA","Centers-Euclidean",0.915212157425112,0.120971159974506,0.917117290483046,0.130117125025653,0.35175,0.092125,FALSE,0,14,"raw","std"
"MR-PCA","Int-Euclidean",0.914960723390695,0.123447578075207,0.916794212373338,0.132396748530865,0.356125,0.09925,FALSE,0,14,"raw","std"
"MR-PCA","Hausdorff",0.913779397705545,0.123826481835564,0.917383327695115,0.129393238590797,0.352875,0.092,FALSE,0,14,"raw","std"
"MR-PCA","Ichino-Yaguchi",0.913908062460166,0.123652007648184,0.917440057573799,0.129306892180039,0.35275,0.091625,FALSE,0,14,"raw","std"
"MR-PCA","Wasserstein",0.913974984066284,0.123735181644359,0.917680538239999,0.129210907700237,0.353625,0.08975,FALSE,0,14,"raw","std"
"MR-PCA","Centers-Euclidean",0.914135595920969,0.123436583811345,0.917481649775043,0.129640746984577,0.353125,0.087,FALSE,0,14,"raw","std"
"SPCA","Int-Euclidean",0.91556803696622,0.121826003824092,0.918577935720389,0.128595425392044,0.356125,0.09325,FALSE,0,14,"raw","std"
"SPCA","Hausdorff",0.914378505417463,0.122034257488846,0.917677344138241,0.12850237112236,0.35275,0.080875,FALSE,0,14,"raw","std"
"SPCA","Ichino-Yaguchi",0.91502907903123,0.121781230082855,0.918172219970347,0.128371761500472,0.35525,0.0875,FALSE,0,14,"raw","std"
"SPCA","Wasserstein",0.915061663479924,0.121700446144041,0.918327626023558,0.128056223867797,0.355125,0.087,FALSE,0,14,"raw","std"
"SPCA","Centers-Euclidean",0.915021271510516,0.121775812619503,0.918294925637788,0.128103995611573,0.355125,0.086875,FALSE,0,14,"raw","std"
"IMDS","Int-Euclidean",0.546657982791587,-0.0194893244104525,0.555172488745315,-0.0292509196437056,0.033125,-0.00275,TRUE,0,14,"raw","std"
"IMDS","Hausdorff",0.575118387507967,-0.00428202676864231,0.581746468671382,-0.00427584615494842,0.04375,5e-04,TRUE,0,14,"raw","std"
"IMDS","Ichino-Yaguchi",0.581017766093053,0.00587492033142123,0.589275443760181,0.00519691412899936,0.044,0.0015,TRUE,0,14,"raw","std"
"IMDS","Wasserstein",0.574187221159975,-0.01032982791587,0.581009967896276,-0.00926448527333251,0.044,0.00175,TRUE,0,14,"raw","std"
"IMDS","Centers-Euclidean",0.559551625239006,-0.0179968132568515,0.56927594787318,-0.02422359390431,0.041375,-0.002125,TRUE,0,14,"raw","std"
"Int-UMAP","Int-Euclidean",0.921551545570427,-0.00681532823454434,0.953133180001095,-0.00187435354544975,0.559125,-0.039125,FALSE,0,14,"raw","std"
"Int-UMAP","Hausdorff",0.920733827278521,-0.00613495857233903,0.952298078220595,-0.00197210753864738,0.549875,-0.04275,FALSE,0,14,"raw","std"
"Int-UMAP","Ichino-Yaguchi",0.92152230720204,-0.00687029955385599,0.953375459182116,-0.00272240211635338,0.558125,-0.044125,FALSE,0,14,"raw","std"
"Int-UMAP","Wasserstein",0.921448295092416,-0.0067656150414277,0.953050563472091,-0.00223266913247015,0.55675,-0.04425,FALSE,0,14,"raw","std"
"Int-UMAP","Centers-Euclidean",0.921436105799873,-0.00673932441045244,0.953068508210218,-0.00223807128754896,0.555625,-0.044,FALSE,0,14,"raw","std"
"C-PCA","Int-Euclidean",0.922534576163161,0.114471956660293,0.924231279495089,0.121611608314947,0.384125,0.116375,FALSE,0,15,"raw","std"
"C-PCA","Hausdorff",0.921436583811345,0.114468769917145,0.922947166569341,0.12234492554396,0.378375,0.103125,FALSE,0,15,"raw","std"
"C-PCA","Ichino-Yaguchi",0.9221089069471,0.114201242829828,0.923687941536028,0.121704299640331,0.3805,0.108875,FALSE,0,15,"raw","std"
"C-PCA","Wasserstein",0.922038639260676,0.114357393244105,0.923677076450826,0.121699899527123,0.380375,0.108,FALSE,0,15,"raw","std"
"C-PCA","Centers-Euclidean",0.922088352453792,0.114226099426386,0.923687107851692,0.121680578394177,0.380375,0.108375,FALSE,0,15,"raw","std"
"V-PCA","Int-Euclidean",0.92253401848311,0.114481357552581,0.924265414705019,0.121552401693274,0.384,0.116,FALSE,0,15,"raw","std"
"V-PCA","Hausdorff",0.921423916507329,0.114499840662842,0.922973951517465,0.122296789149919,0.3785,0.102625,FALSE,0,15,"raw","std"
"V-PCA","Ichino-Yaguchi",0.922143881453155,0.114140216698534,0.92373208543615,0.121620277608461,0.3805,0.10875,FALSE,0,15,"raw","std"
"V-PCA","Wasserstein",0.922126513702995,0.11419247928617,0.923725741161261,0.121609789328533,0.3805,0.108125,FALSE,0,15,"raw","std"
"V-PCA","Centers-Euclidean",0.922123008285532,0.114164435946463,0.923731302184438,0.121595576071505,0.380375,0.108125,FALSE,0,15,"raw","std"
"MR-PCA","Int-Euclidean",0.918401290630975,0.118400732950924,0.921615367731241,0.124039134394478,0.359375,0.114375,FALSE,0,15,"raw","std"
"MR-PCA","Hausdorff",0.916717654557043,0.119588910133843,0.919979250120399,0.12523675611559,0.352,0.102875,FALSE,0,15,"raw","std"
"MR-PCA","Ichino-Yaguchi",0.917341379859783,0.118822657743786,0.920844971007958,0.12403153196955,0.354625,0.108,FALSE,0,15,"raw","std"
"MR-PCA","Wasserstein",0.917767686424474,0.118121414913958,0.920983278375634,0.123940469628599,0.356125,0.1065,FALSE,0,15,"raw","std"
"MR-PCA","Centers-Euclidean",0.917442319949012,0.118709687699171,0.921633461208291,0.12263402006148,0.355125,0.105125,FALSE,0,15,"raw","std"
"SPCA","Int-Euclidean",0.918122609942639,0.118425908221797,0.921656330750842,0.123487157102935,0.357375,0.11775,FALSE,0,15,"raw","std"
"SPCA","Hausdorff",0.916558397068196,0.119338591459528,0.920938997891596,0.12314329083601,0.3535,0.101625,FALSE,0,15,"raw","std"
"SPCA","Ichino-Yaguchi",0.917709209687699,0.118212555768005,0.92122111212872,0.12351611204001,0.3555,0.109125,FALSE,0,15,"raw","std"
"SPCA","Wasserstein",0.917737253027406,0.118178457616316,0.921188752189821,0.123554419723289,0.355625,0.108,FALSE,0,15,"raw","std"
"SPCA","Centers-Euclidean",0.917706739961759,0.11820793499044,0.921413109556635,0.123105131785033,0.3555,0.108875,FALSE,0,15,"raw","std"
"IMDS","Int-Euclidean",0.592653999362651,-0.0801652326322499,0.594139293373464,-0.0825836776399527,0.040375,-0.003125,TRUE,0,15,"raw","std"
"IMDS","Hausdorff",0.632985420650096,-0.0362047482472913,0.639972132722973,-0.0456781490557222,0.050875,0.001,TRUE,0,15,"raw","std"
"IMDS","Ichino-Yaguchi",0.640015376035691,-0.0295109942638624,0.644522405498431,-0.0397653961739615,0.054,-5e-04,TRUE,0,15,"raw","std"
"IMDS","Wasserstein",0.629080305927342,-0.052191523263225,0.634471799505133,-0.0596420740130005,0.05325,0.001875,TRUE,0,15,"raw","std"
"IMDS","Centers-Euclidean",0.61841029318037,-0.071050987890376,0.622874466288488,-0.0748896745289529,0.048375,-0.000750000000000001,TRUE,0,15,"raw","std"
"Int-UMAP","Int-Euclidean",0.905861137667304,0.0272165391969408,0.943690176564938,0.0215321173291872,0.5765,-0.029,FALSE,0,15,"raw","std"
"Int-UMAP","Hausdorff",0.904884958572339,0.0259212874442321,0.943163377627892,0.019894629507653,0.5695,-0.037,FALSE,0,15,"raw","std"
"Int-UMAP","Ichino-Yaguchi",0.905522386870618,0.0259934671765456,0.94406867245211,0.0192476111355917,0.57475,-0.040375,FALSE,0,15,"raw","std"
"Int-UMAP","Wasserstein",0.905367909496495,0.0263715742511154,0.943488612505312,0.0203331427769137,0.574125,-0.037,FALSE,0,15,"raw","std"
"Int-UMAP","Centers-Euclidean",0.905409974506055,0.0262087316762268,0.943476959263746,0.0203786033630393,0.574,-0.03575,FALSE,0,15,"raw","std"
"C-PCA","Int-Euclidean",0.923175191204589,0.112674792861695,0.925131446185042,0.119247798578623,0.379,0.097125,FALSE,0,16,"raw","std"
"C-PCA","Hausdorff",0.922106038878266,0.112732791586998,0.924369409548907,0.1187998624053,0.374,0.08875,FALSE,0,16,"raw","std"
"C-PCA","Ichino-Yaguchi",0.923246494582537,0.111537603569152,0.925257218539894,0.11796536752226,0.377625,0.093125,FALSE,0,16,"raw","std"
"C-PCA","Wasserstein",0.923111217335883,0.111752708731676,0.925183222897614,0.118055767095359,0.377125,0.09225,FALSE,0,16,"raw","std"
"C-PCA","Centers-Euclidean",0.923226736775016,0.111532504780115,0.92518475549496,0.1180677971422,0.3775,0.0925,FALSE,0,16,"raw","std"
"V-PCA","Int-Euclidean",0.92321351179095,0.112603569152326,0.925086571278422,0.119339391261803,0.37925,0.097625,FALSE,0,16,"raw","std"
"V-PCA","Hausdorff",0.922132329509242,0.112681803696622,0.924519074706134,0.118503998614073,0.374125,0.0885,FALSE,0,16,"raw","std"
"V-PCA","Ichino-Yaguchi",0.923193833652008,0.11164420012747,0.92529398040459,0.117891131551998,0.37775,0.093125,FALSE,0,16,"raw","std"
"V-PCA","Wasserstein",0.923131453154876,0.111713193116635,0.925235368631991,0.117952135835508,0.3775,0.092625,FALSE,0,16,"raw","std"
"V-PCA","Centers-Euclidean",0.923145554493308,0.111695825366475,0.925187888181937,0.118058624801916,0.377625,0.092625,FALSE,0,16,"raw","std"
"MR-PCA","Int-Euclidean",0.917473550031867,0.121035372848948,0.918880564093916,0.129630799709167,0.369375,0.113625,FALSE,0,16,"raw","std"
"MR-PCA","Hausdorff",0.916675987890376,0.1202821861058,0.918603559118807,0.128017496943335,0.365125,0.10125,FALSE,0,16,"raw","std"
"MR-PCA","Ichino-Yaguchi",0.916892686424474,0.120638145315488,0.918277031865401,0.129318906446693,0.364625,0.100875,FALSE,0,16,"raw","std"
"MR-PCA","Wasserstein",0.91689356277884,0.120579668578713,0.918432866329363,0.128961459622937,0.364125,0.098875,FALSE,0,16,"raw","std"
"MR-PCA","Centers-Euclidean",0.916882010834927,0.12061201402167,0.91832840298452,0.129190478755518,0.364625,0.099875,FALSE,0,16,"raw","std"
"SPCA","Int-Euclidean",0.917248884639898,0.121058636073932,0.919271915928794,0.128398896384904,0.364875,0.108625,FALSE,0,16,"raw","std"
"SPCA","Hausdorff",0.916671048438496,0.120092256214149,0.918010547690199,0.129015929629578,0.35925,0.097125,FALSE,0,16,"raw","std"
"SPCA","Ichino-Yaguchi",0.917021112173359,0.120439929891651,0.918476371131914,0.128951860791115,0.3625,0.100125,FALSE,0,16,"raw","std"
"SPCA","Wasserstein",0.916960006373486,0.120494263862333,0.918499591143886,0.12884050235756,0.36225,0.09975,FALSE,0,16,"raw","std"
"SPCA","Centers-Euclidean",0.917006134480561,0.120413798597833,0.91849646218871,0.128859790437411,0.3625,0.099375,FALSE,0,16,"raw","std"
"IMDS","Int-Euclidean",0.583817957297642,-0.078784098151689,0.590079518067973,-0.0852099707409745,0.04025,-0.0015,TRUE,0,16,"raw","std"
"IMDS","Hausdorff",0.614431564690886,-0.0180587954110899,0.62682754780501,-0.034449195560189,0.0505,-0.000625000000000001,TRUE,0,16,"raw","std"
"IMDS","Ichino-Yaguchi",0.628137268961122,-0.0233236137667303,0.637266954680668,-0.0294907100333499,0.05325,0.00125,TRUE,0,16,"raw","std"
"IMDS","Wasserstein",0.618490200764818,-0.0477665710643722,0.625386231484083,-0.0551499704185468,0.05275,-0.000625000000000001,TRUE,0,16,"raw","std"
"IMDS","Centers-Euclidean",0.610645952836201,-0.0732288081580625,0.619822841172333,-0.0851259096851281,0.052875,-0.003625,TRUE,0,16,"raw","std"
"Int-UMAP","Int-Euclidean",0.919793180369662,0.0171210962396431,0.951908502509732,0.00918937478216945,0.574625,-0.022625,FALSE,0,16,"raw","std"
"Int-UMAP","Hausdorff",0.919694391332059,0.0173550031867431,0.951615455055383,0.00856090751258022,0.5705,-0.034125,FALSE,0,16,"raw","std"
"Int-UMAP","Ichino-Yaguchi",0.919706182281708,0.01695729764181,0.952187443649805,0.00809893081130121,0.574875,-0.034125,FALSE,0,16,"raw","std"
"Int-UMAP","Wasserstein",0.919580305927342,0.0170219885277246,0.951805182162213,0.00873871993853063,0.573625,-0.031375,FALSE,0,16,"raw","std"
"Int-UMAP","Centers-Euclidean",0.919637906309752,0.0168768323773104,0.951738476113318,0.00884846772678816,0.5735,-0.0315,FALSE,0,16,"raw","std"
"C-PCA","Int-Euclidean",0.917358349267049,0.116464627151052,0.920718657435343,0.122805856701231,0.3495,0.095125,FALSE,0,17,"raw","std"
"C-PCA","Hausdorff",0.91646845124283,0.116119821542384,0.920004448200129,0.122140417519863,0.347625,0.078375,FALSE,0,17,"raw","std"
"C-PCA","Ichino-Yaguchi",0.917106277884003,0.115776927979605,0.919948550619684,0.123148426647123,0.3485,0.08375,FALSE,0,17,"raw","std"
"C-PCA","Wasserstein",0.917109145952836,0.115748247291268,0.919963286648717,0.123073708528176,0.34875,0.0825,FALSE,0,17,"raw","std"
"C-PCA","Centers-Euclidean",0.917103409815169,0.115773103887827,0.920054428743585,0.122904569234163,0.3485,0.08275,FALSE,0,17,"raw","std"
"V-PCA","Int-Euclidean",0.91727477692798,0.116634958572339,0.920632407624918,0.122981827110225,0.3495,0.0955,FALSE,0,17,"raw","std"
"V-PCA","Hausdorff",0.916513702995539,0.11603282345443,0.920003602040916,0.122142164002715,0.347625,0.078625,FALSE,0,17,"raw","std"
"V-PCA","Ichino-Yaguchi",0.917085882727852,0.115820267686425,0.919988882431807,0.123071601446728,0.3485,0.083625,FALSE,0,17,"raw","std"
"V-PCA","Wasserstein",0.917105242192479,0.115757966857871,0.919994317746603,0.1230119892316,0.348625,0.082375,FALSE,0,17,"raw","std"
"V-PCA","Centers-Euclidean",0.917083094327597,0.115816602931804,0.920051220994097,0.122913246844261,0.3485,0.082625,FALSE,0,17,"raw","std"
"MR-PCA","Int-Euclidean",0.915476657106437,0.120345602294455,0.917038312566607,0.130160352075589,0.3465,0.108125,FALSE,0,17,"raw","std"
"MR-PCA","Hausdorff",0.91499753027406,0.11974012109624,0.915641504262954,0.131183712339304,0.34275,0.095625,FALSE,0,17,"raw","std"
"MR-PCA","Ichino-Yaguchi",0.915162842574888,0.119274378585086,0.916248878114007,0.129894403253892,0.34425,0.09,FALSE,0,17,"raw","std"
"MR-PCA","Wasserstein",0.915091379859783,0.119543499043977,0.91631452774336,0.130027639637168,0.345,0.095,FALSE,0,17,"raw","std"
"MR-PCA","Centers-Euclidean",0.915060149776928,0.119630815806246,0.916632402762915,0.129432289435583,0.34425,0.092875,FALSE,0,17,"raw","std"
"SPCA","Int-Euclidean",0.913983667941364,0.122474984066284,0.917950487658955,0.127723841525298,0.34225,0.09575,FALSE,0,17,"raw","std"
"SPCA","Hausdorff",0.913368546845124,0.12197833014659,0.916870713440164,0.128059697214891,0.340375,0.081375,FALSE,0,17,"raw","std"
"SPCA","Ichino-Yaguchi",0.91365782345443,0.122124442319949,0.917203183426675,0.128097759452289,0.34075,0.08525,FALSE,0,17,"raw","std"
"SPCA","Wasserstein",0.913640376035691,0.12213798597833,0.91715239308241,0.128167169884034,0.341125,0.085,FALSE,0,17,"raw","std"
"SPCA","Centers-Euclidean",0.913655831739962,0.122120140216699,0.917207587378307,0.128057510166279,0.340875,0.0845,FALSE,0,17,"raw","std"
"IMDS","Int-Euclidean",0.577639818355641,-0.0671365519439133,0.585019618930663,-0.0779904799838139,0.042625,-0.00325,TRUE,0,17,"raw","std"
"IMDS","Hausdorff",0.615743068833652,-0.030405194391332,0.626745371735143,-0.0437087211634143,0.052875,-0.003,TRUE,0,17,"raw","std"
"IMDS","Ichino-Yaguchi",0.628297801147228,-0.0310981516889739,0.638796827704754,-0.0410162210085979,0.055875,-0.00275,TRUE,0,17,"raw","std"
"IMDS","Wasserstein",0.619703553218611,-0.0563465583173995,0.630367225635007,-0.0697412953503381,0.058125,-0.003,TRUE,0,17,"raw","std"
"IMDS","Centers-Euclidean",0.613890057361377,-0.0790713830465265,0.624712252022892,-0.0958337967163905,0.05875,-0.01025,TRUE,0,17,"raw","std"
"Int-UMAP","Int-Euclidean",0.79370482791587,0.0103220203951561,0.871554648344078,0.0122552669999101,0.45675,-0.02725,FALSE,0,17,"raw","std"
"Int-UMAP","Hausdorff",0.791257807520714,0.00816284257488842,0.871379678804104,0.00333828191466043,0.454125,-0.04,FALSE,0,17,"raw","std"
"Int-UMAP","Ichino-Yaguchi",0.795205305927342,0.0060772785213512,0.874558718480783,0.00360120349941426,0.46,-0.032125,FALSE,0,17,"raw","std"
"Int-UMAP","Wasserstein",0.793817718291906,0.00788591459528354,0.873482949444034,0.0044558469089855,0.457625,-0.03275,FALSE,0,17,"raw","std"
"Int-UMAP","Centers-Euclidean",0.791935229445507,0.0119424792861694,0.871831617493898,0.00816977190891301,0.454875,-0.032,FALSE,0,17,"raw","std"
"C-PCA","Int-Euclidean",0.915620458891013,0.123601975780752,0.918764728672054,0.129625216295184,0.347375,0.109375,FALSE,0,18,"raw","std"
"C-PCA","Hausdorff",0.914684592096877,0.123219725940089,0.917406882183077,0.130423862645159,0.344875,0.097375,FALSE,0,18,"raw","std"
"C-PCA","Ichino-Yaguchi",0.915179652644997,0.123503664754621,0.918067644458229,0.130139008946257,0.346125,0.099125,FALSE,0,18,"raw","std"
"C-PCA","Wasserstein",0.915100063734863,0.123631612492033,0.918087194190639,0.130060377127702,0.345875,0.099625,FALSE,0,18,"raw","std"
"C-PCA","Centers-Euclidean",0.915178059273423,0.123480082855322,0.918145733992792,0.129958184637058,0.346125,0.09925,FALSE,0,18,"raw","std"
"V-PCA","Int-Euclidean",0.915748565965583,0.123347673677502,0.918739073606639,0.129680630127601,0.347625,0.109875,FALSE,0,18,"raw","std"
"V-PCA","Hausdorff",0.914673358827279,0.123246972594009,0.917376463100549,0.130492565314194,0.34475,0.097375,FALSE,0,18,"raw","std"
"V-PCA","Ichino-Yaguchi",0.915106038878266,0.123652166985341,0.918092315181171,0.130089689251441,0.346,0.099125,FALSE,0,18,"raw","std"
"V-PCA","Wasserstein",0.915109464627151,0.123619502868069,0.918164163651798,0.129910567069974,0.346125,0.099375,FALSE,0,18,"raw","std"
"V-PCA","Centers-Euclidean",0.915101577437859,0.123635277246654,0.918125741348918,0.129997831717016,0.346,0.0995,FALSE,0,18,"raw","std"
"MR-PCA","Int-Euclidean",0.91119494901211,0.130788559592097,0.914069616277886,0.137933810773552,0.337625,0.1085,FALSE,0,18,"raw","std"
"MR-PCA","Hausdorff",0.910339547482473,0.129920012746973,0.912429327686415,0.139058522699842,0.331625,0.1005,FALSE,0,18,"raw","std"
"MR-PCA","Ichino-Yaguchi",0.910770156150414,0.129982950924156,0.9129644871371,0.138583686212433,0.333875,0.097625,FALSE,0,18,"raw","std"
"MR-PCA","Wasserstein",0.910821383046526,0.129943594646271,0.913442974818575,0.137760226158227,0.334125,0.0975,FALSE,0,18,"raw","std"
"MR-PCA","Centers-Euclidean",0.910846956660293,0.129892128744423,0.914075562742791,0.136533359912286,0.33475,0.09675,FALSE,0,18,"raw","std"
"SPCA","Int-Euclidean",0.912639818355641,0.127470522625876,0.915599254838248,0.13445115081065,0.335125,0.104625,FALSE,0,18,"raw","std"
"SPCA","Hausdorff",0.911296287444232,0.127922721478649,0.914391818587218,0.135074558824357,0.332875,0.0975,FALSE,0,18,"raw","std"
"SPCA","Ichino-Yaguchi",0.911930289993627,0.127881931166348,0.915236614946891,0.134318086516709,0.333875,0.096625,FALSE,0,18,"raw","std"
"SPCA","Wasserstein",0.912009639898024,0.127707616316125,0.915164493308433,0.134428912475577,0.334,0.097,FALSE,0,18,"raw","std"
"SPCA","Centers-Euclidean",0.911974745060548,0.127777405991077,0.915210091224834,0.134351833939207,0.334125,0.097375,FALSE,0,18,"raw","std"
"IMDS","Int-Euclidean",0.574597673677502,-0.0605834926704909,0.583746096856058,-0.0645744823544244,0.03725,0.0015,TRUE,0,18,"raw","std"
"IMDS","Hausdorff",0.609964228808158,-0.0101362332695986,0.6281675811285,-0.0288086255269516,0.047125,0.000125,TRUE,0,18,"raw","std"
"IMDS","Ichino-Yaguchi",0.621495458891013,-0.0147433078393882,0.638649868103227,-0.0296034660796778,0.047125,0.002125,TRUE,0,18,"raw","std"
"IMDS","Wasserstein",0.614538001912046,-0.0353261631612493,0.633160757583745,-0.0515299795403478,0.0495,-0.000125,TRUE,0,18,"raw","std"
"IMDS","Centers-Euclidean",0.616358428935628,-0.0808624920331422,0.635219527670003,-0.0960357843887378,0.0545,-0.00825,TRUE,0,18,"raw","std"
"Int-UMAP","Int-Euclidean",0.812229764181007,0.0371711281070746,0.882923779585931,0.0298024382435986,0.46975,-0.031,FALSE,0,18,"raw","std"
"Int-UMAP","Hausdorff",0.809610261312938,0.0331982154238368,0.882160352907248,0.0235004312255951,0.467,-0.028,FALSE,0,18,"raw","std"
"Int-UMAP","Ichino-Yaguchi",0.813924792861695,0.0326695347355003,0.885937622669629,0.0240905920913797,0.471375,-0.0345,FALSE,0,18,"raw","std"
"Int-UMAP","Wasserstein",0.81278529318037,0.033296845124283,0.885094105464704,0.0239389826658485,0.470375,-0.035125,FALSE,0,18,"raw","std"
"Int-UMAP","Centers-Euclidean",0.813434990439771,0.0319225621414915,0.884961155363873,0.0243895746019853,0.469375,-0.030625,FALSE,0,18,"raw","std"
"C-PCA","Int-Euclidean",0.91910826959847,0.113923996175908,0.92241124071336,0.119703082134935,0.3375,0.099125,FALSE,0,19,"raw","std"
"C-PCA","Hausdorff",0.917548996175908,0.11481373486297,0.921139675701805,0.120067529604057,0.33225,0.079375,FALSE,0,19,"raw","std"
"C-PCA","Ichino-Yaguchi",0.918545490758445,0.113989643084767,0.92225363257771,0.118863512002581,0.3355,0.08825,FALSE,0,19,"raw","std"
"C-PCA","Wasserstein",0.918540551306565,0.113961281070746,0.922268599445288,0.11880027823455,0.3355,0.0875,FALSE,0,19,"raw","std"
"C-PCA","Centers-Euclidean",0.918538639260676,0.113977214786488,0.922401121241991,0.118549892728848,0.335375,0.087875,FALSE,0,19,"raw","std"
"V-PCA","Int-Euclidean",0.91912683237731,0.113887826641173,0.922411845904854,0.119702883816369,0.3375,0.099125,FALSE,0,19,"raw","std"
"V-PCA","Hausdorff",0.917542543021032,0.114826641172722,0.921150595377924,0.120045987516422,0.332125,0.0795,FALSE,0,19,"raw","std"
"V-PCA","Ichino-Yaguchi",0.918543977055449,0.113991077119184,0.922257901971261,0.118853483907024,0.3355,0.088125,FALSE,0,19,"raw","std"
"V-PCA","Wasserstein",0.918605959209688,0.1138304652645,0.922188718752884,0.118963210157459,0.33575,0.088,FALSE,0,19,"raw","std"
"V-PCA","Centers-Euclidean",0.918537205226259,0.113978808158062,0.922414686018635,0.118521972460247,0.335375,0.08775,FALSE,0,19,"raw","std"
"MR-PCA","Int-Euclidean",0.917431246016571,0.117837635436584,0.921617000980589,0.122026734067684,0.352625,0.096875,FALSE,0,19,"raw","std"
"MR-PCA","Hausdorff",0.91636137667304,0.117618228170809,0.92024125090992,0.122457811456962,0.34575,0.08375,FALSE,0,19,"raw","std"
"MR-PCA","Ichino-Yaguchi",0.916753505417463,0.117647546207776,0.920674246764763,0.122300745925172,0.349375,0.084875,FALSE,0,19,"raw","std"
"MR-PCA","Wasserstein",0.91674689292543,0.117637507966858,0.920901899418453,0.121833324846152,0.349125,0.084375,FALSE,0,19,"raw","std"
"MR-PCA","Centers-Euclidean",0.916805927342256,0.117529955385596,0.920794375143834,0.122057486240103,0.3495,0.085375,FALSE,0,19,"raw","std"
"SPCA","Int-Euclidean",0.915785133843212,0.120642288081581,0.920925657556125,0.122832234989673,0.346375,0.09475,FALSE,0,19,"raw","std"
"SPCA","Hausdorff",0.915310229445507,0.119482154238368,0.920155206881663,0.122389459363971,0.343125,0.081375,FALSE,0,19,"raw","std"
"SPCA","Ichino-Yaguchi",0.915363766730402,0.120389101338432,0.920331053821356,0.122852598041448,0.3455,0.08575,FALSE,0,19,"raw","std"
"SPCA","Wasserstein",0.915365439770555,0.12035579987253,0.920384854342904,0.122725122066143,0.34575,0.085625,FALSE,0,19,"raw","std"
"SPCA","Centers-Euclidean",0.915357393244104,0.120378266411727,0.92045171712744,0.122590389550548,0.345375,0.0855,FALSE,0,19,"raw","std"
"IMDS","Int-Euclidean",0.545349665391969,-0.0321757488846398,0.55276235595035,-0.0449509792757526,0.024125,-0.001375,TRUE,0,19,"raw","std"
"IMDS","Hausdorff",0.576688973868706,0.00368929254302097,0.582385753472366,-0.00696424623335468,0.034625,0.00025,TRUE,0,19,"raw","std"
"IMDS","Ichino-Yaguchi",0.582049394518802,0.0113948374760995,0.588669001153404,0.00299485386779208,0.037875,-5e-04,TRUE,0,19,"raw","std"
"IMDS","Wasserstein",0.574099506054812,-0.00699601657106441,0.580398728325913,-0.0184407364843551,0.03425,-0.00125,TRUE,0,19,"raw","std"
"IMDS","Centers-Euclidean",0.56437683237731,-0.0293228170809434,0.574190370000176,-0.0465722704413557,0.0315,-0.00225,TRUE,0,19,"raw","std"
"Int-UMAP","Int-Euclidean",0.872563973868706,0.021247769279796,0.920810510171738,0.0173960544158849,0.5315,-0.025,FALSE,0,19,"raw","std"
"Int-UMAP","Hausdorff",0.87106803696622,0.0221131293817719,0.920081854601869,0.0167458840581045,0.52875,-0.034,FALSE,0,19,"raw","std"
"Int-UMAP","Ichino-Yaguchi",0.872421128107075,0.0200691523263224,0.921461071835505,0.0148866643516706,0.531125,-0.031625,FALSE,0,19,"raw","std"
"Int-UMAP","Wasserstein",0.871846797323136,0.020967017208413,0.920979525569959,0.0157113872473229,0.5295,-0.03325,FALSE,0,19,"raw","std"
"Int-UMAP","Centers-Euclidean",0.872162603569152,0.0206056405353729,0.921096594192106,0.0155135845232021,0.530375,-0.031125,FALSE,0,19,"raw","std"
"C-PCA","Int-Euclidean",0.915763304652645,0.123327119184194,0.917586598787126,0.130954470791386,0.350375,0.105375,FALSE,0,20,"raw","std"
"C-PCA","Hausdorff",0.914727931803697,0.122881931166348,0.9165815544158,0.130749869578887,0.345375,0.092875,FALSE,0,20,"raw","std"
"C-PCA","Ichino-Yaguchi",0.915343769917145,0.123023741236456,0.916830170941221,0.131331594015539,0.348625,0.097625,FALSE,0,20,"raw","std"
"C-PCA","Wasserstein",0.915287045889101,0.12305752071383,0.916789159834699,0.131369885065648,0.3485,0.098,FALSE,0,20,"raw","std"
"C-PCA","Centers-Euclidean",0.915334448693435,0.123008922880816,0.916960147223173,0.131048659102072,0.348625,0.097625,FALSE,0,20,"raw","std"
"V-PCA","Int-Euclidean",0.915691682600382,0.123479286169535,0.91747572335524,0.131180632430655,0.350375,0.105625,FALSE,0,20,"raw","std"
"V-PCA","Hausdorff",0.914733667941364,0.122873008285532,0.916617389301136,0.130677891028341,0.345375,0.092875,FALSE,0,20,"raw","std"
"V-PCA","Ichino-Yaguchi",0.915326959847036,0.123065328234544,0.916778870832943,0.131442865231574,0.348375,0.09725,FALSE,0,20,"raw","std"
"V-PCA","Wasserstein",0.915311185468451,0.123018801784576,0.916908721939629,0.13113517333725,0.348375,0.09775,FALSE,0,20,"raw","std"
"V-PCA","Centers-Euclidean",0.915317558954748,0.123050350541746,0.916967012777345,0.131041308733643,0.348375,0.09725,FALSE,0,20,"raw","std"
"MR-PCA","Int-Euclidean",0.915904397705545,0.122942319949012,0.916708515935686,0.132643233344951,0.353,0.1065,FALSE,0,20,"raw","std"
"MR-PCA","Hausdorff",0.915570825366475,0.121631771829191,0.917433483206725,0.129288881015855,0.347125,0.09675,FALSE,0,20,"raw","std"
"MR-PCA","Ichino-Yaguchi",0.915550350541746,0.121890057361377,0.917297524421332,0.129631269063106,0.34825,0.091,FALSE,0,20,"raw","std"
"MR-PCA","Wasserstein",0.915612890376036,0.122046685787126,0.916459156035512,0.13181939350003,0.349625,0.093375,FALSE,0,20,"raw","std"
"MR-PCA","Centers-Euclidean",0.915652804333971,0.122047482472913,0.916453269066176,0.131900370382312,0.350375,0.09125,FALSE,0,20,"raw","std"
"SPCA","Int-Euclidean",0.916633922880816,0.120892447418738,0.917082395371816,0.131488007015274,0.349,0.097875,FALSE,0,20,"raw","std"
"SPCA","Hausdorff",0.915885755258126,0.120285213511791,0.916521541618494,0.130726400815725,0.34475,0.09,FALSE,0,20,"raw","std"
"SPCA","Ichino-Yaguchi",0.916536727214787,0.120131134480561,0.916925108704163,0.130839905354704,0.3485,0.091125,FALSE,0,20,"raw","std"
"SPCA","Wasserstein",0.916527087316762,0.12006373486297,0.917094649433338,0.130450328577612,0.348,0.090125,FALSE,0,20,"raw","std"
"SPCA","Centers-Euclidean",0.916511472275335,0.12014977692798,0.916937790856567,0.130787740748076,0.34825,0.09075,FALSE,0,20,"raw","std"
"IMDS","Int-Euclidean",0.541204349904398,-0.0116958253664755,0.546716284052577,-0.0231274018937249,0.03,0.00125,FALSE,0,20,"raw","std"
"IMDS","Hausdorff",0.591221797323136,-0.00295697896749525,0.604931597367762,-0.0255887041839332,0.042125,-0.00425,TRUE,0,20,"raw","std"
"IMDS","Ichino-Yaguchi",0.599773581899299,0.00796972594008927,0.613146631011121,-0.0135860903452381,0.04125,-0.00675,FALSE,0,20,"raw","std"
"IMDS","Wasserstein",0.587840503505417,-0.0138951561504143,0.603086762474579,-0.039744550973501,0.042375,-0.00325,FALSE,0,20,"raw","std"
"IMDS","Centers-Euclidean",0.583537523900574,-0.0541279477374124,0.601219679756886,-0.0891937921682847,0.04475,-0.0045,FALSE,0,20,"raw","std"
"Int-UMAP","Int-Euclidean",0.898918817718292,0.0267146271510516,0.939934522459983,0.0150576258307842,0.5455,-0.03975,FALSE,0,20,"raw","std"
"Int-UMAP","Hausdorff",0.898302660930529,0.0274386551943914,0.938790092870239,0.015554671651841,0.53725,-0.04975,FALSE,0,20,"raw","std"
"Int-UMAP","Ichino-Yaguchi",0.898680608667941,0.026119980879541,0.93998444020256,0.0138288331225612,0.544,-0.0445,FALSE,0,20,"raw","std"
"Int-UMAP","Wasserstein",0.898469566602932,0.0261905672402805,0.93958542666043,0.0144269866530326,0.543,-0.044,FALSE,0,20,"raw","std"
"Int-UMAP","Centers-Euclidean",0.898572578075207,0.0262429891650733,0.939501002127169,0.0146542697518041,0.543125,-0.04325,FALSE,0,20,"raw","std"
"C-PCA","Int-Euclidean",0.920166826003824,0.116803377947737,0.921772408526521,0.124437633587812,0.365875,0.1075,FALSE,0,21,"raw","std"
"C-PCA","Hausdorff",0.919478569152326,0.116288878266412,0.921080051118423,0.124043995118548,0.36175,0.091625,FALSE,0,21,"raw","std"
"C-PCA","Ichino-Yaguchi",0.919869582536648,0.116227055449331,0.92187654347288,0.123220216475163,0.361875,0.09425,FALSE,0,21,"raw","std"
"C-PCA","Wasserstein",0.919876752708732,0.116241714467814,0.921865725301747,0.123226721750608,0.362,0.094,FALSE,0,21,"raw","std"
"C-PCA","Centers-Euclidean",0.919868945188018,0.11622769279796,0.921894816183,0.123164652944216,0.361875,0.093875,FALSE,0,21,"raw","std"
"V-PCA","Int-Euclidean",0.92014730720204,0.116843690248566,0.921827650376225,0.124331862193419,0.365625,0.107375,FALSE,0,21,"raw","std"
"V-PCA","Hausdorff",0.919493865519439,0.11625987890376,0.921105713007702,0.123998667811029,0.36175,0.09175,FALSE,0,21,"raw","std"
"V-PCA","Ichino-Yaguchi",0.919831022944551,0.116308317399618,0.921864072860279,0.123248245072615,0.361875,0.094125,FALSE,0,21,"raw","std"
"V-PCA","Wasserstein",0.919884241555131,0.116229286169535,0.921812457254885,0.123332846279996,0.362125,0.094,FALSE,0,21,"raw","std"
"V-PCA","Centers-Euclidean",0.919830146590185,0.116308476736775,0.921823270094874,0.123309589269882,0.361875,0.09375,FALSE,0,21,"raw","std"
"MR-PCA","Int-Euclidean",0.911846000637349,0.130398183556405,0.913594331867738,0.138592544654944,0.342,0.106,FALSE,0,21,"raw","std"
"MR-PCA","Hausdorff",0.910412603569152,0.130742033142129,0.912407668313606,0.138601128010412,0.3355,0.083875,FALSE,0,21,"raw","std"
"MR-PCA","Ichino-Yaguchi",0.911286010197578,0.129780752071383,0.912884370168384,0.138469183256761,0.338,0.09575,FALSE,0,21,"raw","std"
"MR-PCA","Wasserstein",0.911399936265137,0.129586360739324,0.912990500348785,0.138242334326376,0.338375,0.095125,FALSE,0,21,"raw","std"
"MR-PCA","Centers-Euclidean",0.911293021032505,0.129769917144678,0.912912019508235,0.138395124067242,0.338,0.09525,FALSE,0,21,"raw","std"
"SPCA","Int-Euclidean",0.911487412364563,0.130603887826641,0.913873677535036,0.137522300602837,0.340875,0.101125,FALSE,0,21,"raw","std"
"SPCA","Hausdorff",0.910477374123646,0.130519120458891,0.912972309738286,0.137339545779687,0.337625,0.085375,FALSE,0,21,"raw","std"
"SPCA","Ichino-Yaguchi",0.911298996175908,0.129692957297642,0.913612156655119,0.136956507331134,0.339125,0.092625,FALSE,0,21,"raw","std"
"SPCA","Wasserstein",0.911350462077757,0.12962316762269,0.913630477985274,0.136902648486868,0.339625,0.092375,FALSE,0,21,"raw","std"
"SPCA","Centers-Euclidean",0.911298597833015,0.129693116634799,0.913698282463129,0.136761931868488,0.339125,0.0925,FALSE,0,21,"raw","std"
"IMDS","Int-Euclidean",0.555152963671128,-0.0364397705544932,0.562444323448795,-0.0496883199832953,0.035,-0.005,TRUE,0,21,"raw","std"
"IMDS","Hausdorff",0.588689133205864,-0.0158961121733588,0.594592751759235,-0.0280380335771671,0.04325,-0.00375,TRUE,0,21,"raw","std"
"IMDS","Ichino-Yaguchi",0.591634321223709,-0.00437635436583816,0.599917897926415,-0.00932916271522255,0.04675,-0.00325,TRUE,0,21,"raw","std"
"IMDS","Wasserstein",0.58672649776928,-0.022309592096877,0.593310907448606,-0.0305327866650085,0.045,-0.0015,TRUE,0,21,"raw","std"
"IMDS","Centers-Euclidean",0.580547402804334,-0.0542809114085404,0.587187941365431,-0.0616147159455463,0.04075,-0.00225,TRUE,0,21,"raw","std"
"Int-UMAP","Int-Euclidean",0.789605082855322,0.029124442319949,0.868605763546949,0.0118344373493312,0.452,-0.0395,FALSE,0,21,"raw","std"
"Int-UMAP","Hausdorff",0.786023024219248,0.0254211281070745,0.864190079452815,0.00797302922951232,0.448875,-0.04325,FALSE,0,21,"raw","std"
"Int-UMAP","Ichino-Yaguchi",0.78861759082218,0.0310525812619503,0.867787473849671,0.0121444352834062,0.453125,-0.047625,FALSE,0,21,"raw","std"
"Int-UMAP","Wasserstein",0.789367351816444,0.0267802740599108,0.867778306307417,0.00943151044878682,0.452375,-0.04675,FALSE,0,21,"raw","std"
"Int-UMAP","Centers-Euclidean",0.790787922243467,0.024468132568515,0.868644701371477,0.00863161341237417,0.453,-0.0445,FALSE,0,21,"raw","std"
"C-PCA","Int-Euclidean",0.915041586998088,0.124371255576801,0.914562597954444,0.137215084886317,0.36175,0.114875,FALSE,0,22,"raw","std"
"C-PCA","Hausdorff",0.91333723709369,0.125589069471001,0.913672903017871,0.136844853765434,0.35675,0.096625,FALSE,0,22,"raw","std"
"C-PCA","Ichino-Yaguchi",0.914291826003824,0.124594805608668,0.914399181323901,0.136321510049591,0.358125,0.102125,FALSE,0,22,"raw","std"
"C-PCA","Wasserstein",0.914321064372212,0.124488527724665,0.914436953547053,0.136224791151358,0.358125,0.10225,FALSE,0,22,"raw","std"
"C-PCA","Centers-Euclidean",0.914285611854684,0.124585882727852,0.914415782933549,0.136276571062617,0.35825,0.102625,FALSE,0,22,"raw","std"
"V-PCA","Int-Euclidean",0.915011631612492,0.124434353091141,0.914539366960315,0.137261087543189,0.361625,0.115125,FALSE,0,22,"raw","std"
"V-PCA","Hausdorff",0.913263702995539,0.125739324410452,0.913590785164099,0.137006184212614,0.356875,0.097,FALSE,0,22,"raw","std"
"V-PCA","Ichino-Yaguchi",0.914306963033779,0.124570267686424,0.914427196913361,0.136269072061887,0.35825,0.101625,FALSE,0,22,"raw","std"
"V-PCA","Wasserstein",0.914262029955386,0.124609145952836,0.914504857397436,0.136093795554628,0.35825,0.10225,FALSE,0,22,"raw","std"
"V-PCA","Centers-Euclidean",0.914305528999363,0.124551465901848,0.914452937596952,0.136205515439761,0.358375,0.102125,FALSE,0,22,"raw","std"
"MR-PCA","Int-Euclidean",0.909008604206501,0.134643722115998,0.911357302818887,0.142325176213509,0.342125,0.113875,FALSE,0,22,"raw","std"
"MR-PCA","Hausdorff",0.908426147227533,0.133283460803059,0.909903363947749,0.142794117308374,0.336375,0.101375,FALSE,0,22,"raw","std"
"MR-PCA","Ichino-Yaguchi",0.908515296367113,0.133938814531549,0.910678180829342,0.142068706166266,0.337125,0.10325,FALSE,0,22,"raw","std"
"MR-PCA","Wasserstein",0.908686105799873,0.133570108349267,0.910784099256693,0.141872704942406,0.33825,0.104625,FALSE,0,22,"raw","std"
"MR-PCA","Centers-Euclidean",0.908618068833652,0.133726896112173,0.910862761569393,0.141733695143166,0.338,0.1035,FALSE,0,22,"raw","std"
"SPCA","Int-Euclidean",0.910023342893563,0.132416347992352,0.91299480354179,0.138855485645062,0.339875,0.1115,FALSE,0,22,"raw","std"
"SPCA","Hausdorff",0.909169375398343,0.131815806246017,0.911862162604676,0.13888798707253,0.33575,0.09575,FALSE,0,22,"raw","std"
"SPCA","Ichino-Yaguchi",0.909634639898024,0.131883365200765,0.912486445992268,0.138633166907805,0.33775,0.102625,FALSE,0,22,"raw","std"
"SPCA","Wasserstein",0.909585564053537,0.131934990439771,0.912473977618748,0.138634987813431,0.337625,0.1025,FALSE,0,22,"raw","std"
"SPCA","Centers-Euclidean",0.909628903760357,0.131870936902486,0.912467216021888,0.138651018350907,0.337875,0.102375,FALSE,0,22,"raw","std"
"IMDS","Int-Euclidean",0.580927979604844,-0.0684365838113448,0.585448220003443,-0.0771244554342784,0.0385,-0.005,TRUE,0,22,"raw","std"
"IMDS","Hausdorff",0.619040471637986,-0.0304827915869981,0.631021902195766,-0.048935488847161,0.05025,-0.001375,TRUE,0,22,"raw","std"
"IMDS","Ichino-Yaguchi",0.631199012109624,-0.0370407903123009,0.641532729451168,-0.0474907496117647,0.05225,0.001375,TRUE,0,22,"raw","std"
"IMDS","Wasserstein",0.620353489483748,-0.0548102294455066,0.631076954256735,-0.0664820043601082,0.051125,0.00025,TRUE,0,22,"raw","std"
"IMDS","Centers-Euclidean",0.61306747928617,-0.0796763862332697,0.625294887018979,-0.095628867105407,0.053625,-0.00575,TRUE,0,22,"raw","std"
"Int-UMAP","Int-Euclidean",0.908317319949012,0.0213790630975144,0.943432568105154,0.0156402495248458,0.552375,-0.03375,FALSE,0,22,"raw","std"
"Int-UMAP","Hausdorff",0.90805632568515,0.0203959528362013,0.942440715543621,0.0153242854006317,0.54875,-0.038875,FALSE,0,22,"raw","std"
"Int-UMAP","Ichino-Yaguchi",0.908353091140854,0.0211835564053537,0.943271611371186,0.015308497323595,0.551,-0.0435,FALSE,0,22,"raw","std"
"Int-UMAP","Wasserstein",0.908176784576163,0.0213742829827915,0.942961018907905,0.0156206285683481,0.550625,-0.041375,FALSE,0,22,"raw","std"
"Int-UMAP","Centers-Euclidean",0.908028043339707,0.0216583811344805,0.942754608838167,0.0160728390398754,0.54975,-0.04175,FALSE,0,22,"raw","std"
"C-PCA","Int-Euclidean",0.913624442319949,0.124989165073295,0.915073239899273,0.135257833753939,0.358625,0.113375,FALSE,0,23,"raw","std"
"C-PCA","Hausdorff",0.912436822817081,0.125182441045252,0.914691891103574,0.134220309279722,0.354625,0.099,FALSE,0,23,"raw","std"
"C-PCA","Ichino-Yaguchi",0.913250478011472,0.124742511153601,0.91511295351191,0.134350508829996,0.35825,0.10475,FALSE,0,23,"raw","std"
"C-PCA","Wasserstein",0.913274458253665,0.124631134480561,0.915095255392516,0.134339477199848,0.358125,0.1055,FALSE,0,23,"raw","std"
"C-PCA","Centers-Euclidean",0.913226019757807,0.124709209687699,0.915172227945739,0.134186576571182,0.357875,0.105125,FALSE,0,23,"raw","std"
"V-PCA","Int-Euclidean",0.913609066284258,0.125026927979605,0.915125366548153,0.135158036013287,0.3585,0.113375,FALSE,0,23,"raw","std"
"V-PCA","Hausdorff",0.912503266411727,0.125056564690886,0.914662705861068,0.134280748248698,0.354875,0.0995,FALSE,0,23,"raw","std"
"V-PCA","Ichino-Yaguchi",0.913208253664755,0.124827278521351,0.91510320210274,0.134369720781107,0.358125,0.104625,FALSE,0,23,"raw","std"
"V-PCA","Wasserstein",0.913173836838751,0.124835882727852,0.915046161951461,0.134439600780036,0.358,0.1055,FALSE,0,23,"raw","std"
"V-PCA","Centers-Euclidean",0.913222673677502,0.124718132568515,0.915180582808365,0.134171117745614,0.358,0.10525,FALSE,0,23,"raw","std"
"MR-PCA","Int-Euclidean",0.913497928616953,0.124356915232632,0.917170949622649,0.13069248535556,0.353125,0.10525,FALSE,0,23,"raw","std"
"MR-PCA","Hausdorff",0.912375398342893,0.124208731676227,0.915355685307076,0.132175319454957,0.346625,0.092875,FALSE,0,23,"raw","std"
"MR-PCA","Ichino-Yaguchi",0.912972912683238,0.123684831102613,0.916436950860157,0.130621398598822,0.34925,0.09475,FALSE,0,23,"raw","std"
"MR-PCA","Wasserstein",0.912910054174634,0.123805449330784,0.91630521178205,0.130957062153977,0.3495,0.094875,FALSE,0,23,"raw","std"
"MR-PCA","Centers-Euclidean",0.912987492033142,0.123651210962396,0.916363323173452,0.130856405885856,0.349875,0.096125,FALSE,0,23,"raw","std"
"SPCA","Int-Euclidean",0.91405011153601,0.123008763543658,0.918245924532152,0.128248124588756,0.354625,0.099,FALSE,0,23,"raw","std"
"SPCA","Hausdorff",0.913390216698534,0.122066602931804,0.917330720710139,0.128181747791328,0.351375,0.086875,FALSE,0,23,"raw","std"
"SPCA","Ichino-Yaguchi",0.914101736775016,0.121839547482473,0.91756261503543,0.128691374046557,0.35425,0.094,FALSE,0,23,"raw","std"
"SPCA","Wasserstein",0.914102533460803,0.121769757807521,0.91751290893928,0.128748452688697,0.354375,0.09375,FALSE,0,23,"raw","std"
"SPCA","Centers-Euclidean",0.914081819630338,0.121801306564691,0.917509558848241,0.128757006829494,0.354125,0.094,FALSE,0,23,"raw","std"
"IMDS","Int-Euclidean",0.598889021669853,-0.085656309751434,0.602506807764568,-0.0974109065572392,0.04925,-0.0025,TRUE,0,23,"raw","std"
"IMDS","Hausdorff",0.635951402166985,-0.0391826003824092,0.649395104278034,-0.0582076083190416,0.0595,-0.005,TRUE,0,23,"raw","std"
"IMDS","Ichino-Yaguchi",0.649818833652008,-0.0424372211599744,0.658940687992267,-0.0604072755362235,0.063375,-0.002875,TRUE,0,23,"raw","std"
"IMDS","Wasserstein",0.642194710006374,-0.0699015296367114,0.651029232732338,-0.0857505178460266,0.06325,-0.00525,TRUE,0,23,"raw","std"
"IMDS","Centers-Euclidean",0.635413081580625,-0.0918462396430848,0.643251762241715,-0.109447283385374,0.05925,-0.010375,TRUE,0,23,"raw","std"
"Int-UMAP","Int-Euclidean",0.881651768642447,0.0438226577437859,0.930134090539206,0.0271552624108611,0.53,-0.019625,FALSE,0,23,"raw","std"
"Int-UMAP","Hausdorff",0.879717017208413,0.0450003186743149,0.928594021595143,0.0270122122440262,0.520875,-0.031625,FALSE,0,23,"raw","std"
"Int-UMAP","Ichino-Yaguchi",0.881609623964309,0.0438435309114086,0.930143357347366,0.0265333140644456,0.531,-0.026875,FALSE,0,23,"raw","std"
"Int-UMAP","Wasserstein",0.8813465583174,0.0442393244104524,0.930059595475334,0.0265801402764791,0.528875,-0.026375,FALSE,0,23,"raw","std"
"Int-UMAP","Centers-Euclidean",0.881600940089229,0.0437123964308477,0.93008623818853,0.026516004052352,0.5295,-0.025125,FALSE,0,23,"raw","std"
"C-PCA","Int-Euclidean",0.918291586998088,0.121244104525175,0.918854598009547,0.130968624339599,0.372375,0.11,FALSE,0,24,"raw","std"
"C-PCA","Hausdorff",0.917655433397068,0.119795889101338,0.918911212202401,0.128468829908521,0.371,0.09175,FALSE,0,24,"raw","std"
"C-PCA","Ichino-Yaguchi",0.918307998725303,0.120075207138305,0.919413726284725,0.128726037572881,0.371875,0.099,FALSE,0,24,"raw","std"
"C-PCA","Wasserstein",0.91829023263225,0.120085245379222,0.919492010192807,0.128512602227889,0.371875,0.09775,FALSE,0,24,"raw","std"
"C-PCA","Centers-Euclidean",0.918308556405354,0.120076641172722,0.919462166020873,0.128593385696259,0.372,0.099375,FALSE,0,24,"raw","std"
"V-PCA","Int-Euclidean",0.918235500318674,0.121368387507967,0.918945764521056,0.130792585905205,0.372125,0.11,FALSE,0,24,"raw","std"
"V-PCA","Hausdorff",0.917600143403442,0.119914117272148,0.918898358493775,0.128497219957552,0.37075,0.091625,FALSE,0,24,"raw","std"
"V-PCA","Ichino-Yaguchi",0.918304015296367,0.120088910133843,0.919399454278486,0.128757110680184,0.372,0.0995,FALSE,0,24,"raw","std"
"V-PCA","Wasserstein",0.918246335245379,0.120181963033779,0.919527773001073,0.128449847409857,0.37175,0.09775,FALSE,0,24,"raw","std"
"V-PCA","Centers-Euclidean",0.918303776290631,0.120091618865519,0.919512179190932,0.128497176455415,0.372,0.099625,FALSE,0,24,"raw","std"
"MR-PCA","Int-Euclidean",0.914327836201402,0.125194550669216,0.917706501019059,0.130780766545185,0.362125,0.110125,FALSE,0,24,"raw","std"
"MR-PCA","Hausdorff",0.913900414276609,0.123522625876354,0.916265428651292,0.13117186291163,0.35475,0.08675,FALSE,0,24,"raw","std"
"MR-PCA","Ichino-Yaguchi",0.914033221797323,0.12424936265137,0.916724842245045,0.131091301858599,0.359625,0.08925,FALSE,0,24,"raw","std"
"MR-PCA","Wasserstein",0.914012746972594,0.124390376035691,0.917124204870499,0.130467166463571,0.360625,0.090125,FALSE,0,24,"raw","std"
"MR-PCA","Centers-Euclidean",0.914075366475462,0.124297960484385,0.917281133498505,0.130184249036257,0.36025,0.091625,FALSE,0,24,"raw","std"
"SPCA","Int-Euclidean",0.915161249203314,0.122831739961759,0.917163415862858,0.131204749034466,0.357875,0.10475,FALSE,0,24,"raw","std"
"SPCA","Hausdorff",0.914633285532186,0.121508763543658,0.916462506126551,0.130467256666532,0.35525,0.08975,FALSE,0,24,"raw","std"
"SPCA","Ichino-Yaguchi",0.914738448056087,0.12277166985341,0.917350420034457,0.129890790444065,0.3575,0.09325,FALSE,0,24,"raw","std"
"SPCA","Wasserstein",0.914755178457616,0.122711759082218,0.917335561389107,0.129866139872848,0.35775,0.09225,FALSE,0,24,"raw","std"
"SPCA","Centers-Euclidean",0.914740439770555,0.122773741236456,0.917359721068563,0.129840413476723,0.357625,0.09275,FALSE,0,24,"raw","std"
"IMDS","Int-Euclidean",0.582374840662843,-0.0733851179094964,0.583784601898297,-0.0827190008463298,0.033,-0.00125,TRUE,0,24,"raw","std"
"IMDS","Hausdorff",0.621166666666667,-0.0216341618865519,0.629233883652426,-0.0336204269657976,0.048125,0.00325,TRUE,0,24,"raw","std"
"IMDS","Ichino-Yaguchi",0.624313814531549,-0.0139322817080942,0.630650126322529,-0.0297456973827579,0.046875,0.000750000000000001,TRUE,0,24,"raw","std"
"IMDS","Wasserstein",0.617036169534736,-0.0367944550669215,0.624022194257172,-0.0484085137691087,0.048375,0.002625,TRUE,0,24,"raw","std"
"IMDS","Centers-Euclidean",0.607819471000637,-0.0524843849585724,0.612823320356902,-0.06314744891527,0.046125,-0.0035,TRUE,0,24,"raw","std"
"Int-UMAP","Int-Euclidean",0.887553776290631,0.0351620458891013,0.92979027779697,0.0232889362038602,0.519375,-0.022875,FALSE,0,24,"raw","std"
"Int-UMAP","Hausdorff",0.886928616953474,0.0357893562778839,0.92880804923026,0.0232322691260557,0.513,-0.028125,FALSE,0,24,"raw","std"
"Int-UMAP","Ichino-Yaguchi",0.88762930210325,0.0330422243467177,0.930492327012046,0.0200171835573523,0.518375,-0.028625,FALSE,0,24,"raw","std"
"Int-UMAP","Wasserstein",0.886924314850223,0.0343690248565967,0.929598848135916,0.0216494993159929,0.515375,-0.026,FALSE,0,24,"raw","std"
"Int-UMAP","Centers-Euclidean",0.88701051625239,0.0342294455066922,0.929355084231226,0.0221546032681876,0.516125,-0.025875,FALSE,0,24,"raw","std"
"C-PCA","Int-Euclidean",0.918142367750159,0.117986456341619,0.920184470385366,0.126271349100214,0.356125,0.10325,FALSE,0,25,"raw","std"
"C-PCA","Hausdorff",0.917352692797961,0.117038400254939,0.919513659436441,0.12544196060037,0.3555,0.093125,FALSE,0,25,"raw","std"
"C-PCA","Ichino-Yaguchi",0.917712396430848,0.117628425748885,0.919739790901434,0.126017335430989,0.357375,0.096375,FALSE,0,25,"raw","std"
"C-PCA","Wasserstein",0.91769494901211,0.117651210962397,0.91968651240553,0.126118839777535,0.35725,0.096625,FALSE,0,25,"raw","std"
"C-PCA","Centers-Euclidean",0.917726099426386,0.117599745060548,0.919725985796808,0.126040666224139,0.357375,0.0965,FALSE,0,25,"raw","std"
"V-PCA","Int-Euclidean",0.918096239643085,0.118073932441045,0.920003205083916,0.126628964388127,0.355875,0.103,FALSE,0,25,"raw","std"
"V-PCA","Hausdorff",0.917283142128744,0.117176226896112,0.919529565331765,0.125411469227527,0.3555,0.09325,FALSE,0,25,"raw","std"
"V-PCA","Ichino-Yaguchi",0.917717893562779,0.117626673040153,0.919681329573725,0.126134664959336,0.35725,0.096375,FALSE,0,25,"raw","std"
"V-PCA","Wasserstein",0.917730003186743,0.117590025493945,0.91959471457992,0.126303899574208,0.35725,0.096625,FALSE,0,25,"raw","std"
"V-PCA","Centers-Euclidean",0.917716937539834,0.117626991714468,0.919630879996199,0.126230739642099,0.35725,0.096375,FALSE,0,25,"raw","std"
"MR-PCA","Int-Euclidean",0.913950446144041,0.125229445506692,0.918365248015066,0.12929181698361,0.349375,0.110875,FALSE,0,25,"raw","std"
"MR-PCA","Hausdorff",0.913694471000637,0.123552421924793,0.917447163455953,0.129218680295289,0.348375,0.095625,FALSE,0,25,"raw","std"
"MR-PCA","Ichino-Yaguchi",0.913629222434672,0.124234862970045,0.917905203320458,0.128645082654913,0.34775,0.09975,FALSE,0,25,"raw","std"
"MR-PCA","Wasserstein",0.913780831739962,0.123977852135118,0.918004878018302,0.12855115130538,0.3475,0.100125,FALSE,0,25,"raw","std"
"MR-PCA","Centers-Euclidean",0.913815726577438,0.123907425111536,0.918223718610436,0.128102086635444,0.348125,0.09925,FALSE,0,25,"raw","std"
"SPCA","Int-Euclidean",0.914053696622052,0.124676545570427,0.917385347559044,0.130877079423472,0.3475,0.1055,FALSE,0,25,"raw","std"
"SPCA","Hausdorff",0.913325047801147,0.123911727214786,0.916509693683541,0.130687817832157,0.346125,0.09275,FALSE,0,25,"raw","std"
"SPCA","Ichino-Yaguchi",0.913614244741874,0.124394518801785,0.916887689509383,0.130802321854058,0.34725,0.097375,FALSE,0,25,"raw","std"
"SPCA","Wasserstein",0.913581182281708,0.124458731676227,0.916886618162637,0.130815222370129,0.347,0.097625,FALSE,0,25,"raw","std"
"SPCA","Centers-Euclidean",0.913602055449331,0.124417941363926,0.916955421910167,0.13066467341581,0.347125,0.09725,FALSE,0,25,"raw","std"
"IMDS","Int-Euclidean",0.582113687061823,-0.0776916826003824,0.590484185181944,-0.087317337512268,0.04075,-0.000499999999999997,TRUE,0,25,"raw","std"
"IMDS","Hausdorff",0.631617192479286,-0.0253032186105799,0.644168077500678,-0.0349035280403686,0.05975,-0.0025,TRUE,0,25,"raw","std"
"IMDS","Ichino-Yaguchi",0.638574410452518,-0.022270235818993,0.651142839949155,-0.0298331518185344,0.0565,-0.003125,TRUE,0,25,"raw","std"
"IMDS","Wasserstein",0.629781070745698,-0.0442380497131931,0.641409575008005,-0.0522012059986547,0.05875,0.001,TRUE,0,25,"raw","std"
"IMDS","Centers-Euclidean",0.622363926067559,-0.0766523263224983,0.635286609244699,-0.0893481906352352,0.055125,-0.004375,TRUE,0,25,"raw","std"
"Int-UMAP","Int-Euclidean",0.92556556724028,0.00119136392606756,0.956164875274255,0.00101394098483038,0.5915,-0.0395,FALSE,0,25,"raw","std"
"Int-UMAP","Hausdorff",0.924652884002549,0.00241985340981521,0.95507234053524,0.0015829917989089,0.583875,-0.04525,FALSE,0,25,"raw","std"
"Int-UMAP","Ichino-Yaguchi",0.92548573932441,0.00173151688973872,0.95621252685404,0.000559013762199585,0.589,-0.049125,FALSE,0,25,"raw","std"
"Int-UMAP","Wasserstein",0.925440328234544,0.00182520713830459,0.95604707713833,0.000960491572441893,0.58875,-0.04675,FALSE,0,25,"raw","std"
"Int-UMAP","Centers-Euclidean",0.925435468451243,0.00183301465901853,0.956040971058967,0.000942630533279906,0.58925,-0.04725,FALSE,0,25,"raw","std"
"C-PCA","Int-Euclidean",0.968363527724665,0.0474765774378585,0.966129926211846,0.0528056899430395,0.454125,0.216375,FALSE,0,1,"raw","raw"
"C-PCA","Hausdorff",0.968659894837476,0.0469921924792861,0.966219869225752,0.0527264964351278,0.4575,0.220875,FALSE,0,1,"raw","raw"
"C-PCA","Ichino-Yaguchi",0.968514021669853,0.0472998725302741,0.966323308137919,0.0525711925266399,0.455875,0.22,FALSE,0,1,"raw","raw"
"C-PCA","Wasserstein",0.96849195347355,0.0473220203951562,0.966339381857664,0.0525342671024387,0.455625,0.219875,FALSE,0,1,"raw","raw"
"C-PCA","Centers-Euclidean",0.968509958572339,0.0473079987253028,0.966294205314903,0.0526267539251296,0.45575,0.219875,FALSE,0,1,"raw","raw"
"V-PCA","Int-Euclidean",0.96837436265137,0.0474552262587635,0.966104653709342,0.0528565228298362,0.45425,0.216625,FALSE,0,1,"raw","raw"
"V-PCA","Hausdorff",0.968654318036966,0.0470049394518801,0.966231393986742,0.0527062873467978,0.4575,0.220625,FALSE,0,1,"raw","raw"
"V-PCA","Ichino-Yaguchi",0.968496175908222,0.0473346080305928,0.966291435465603,0.0526325746816539,0.45575,0.22,FALSE,0,1,"raw","raw"
"V-PCA","Wasserstein",0.968474984066284,0.0473559592096877,0.96632336731362,0.0525648994307362,0.4555,0.219875,FALSE,0,1,"raw","raw"
"V-PCA","Centers-Euclidean",0.968492192479286,0.0473428935627789,0.966243825042252,0.0527260469130457,0.455625,0.22,FALSE,0,1,"raw","raw"
"MR-PCA","Int-Euclidean",0.969876593371574,0.0448424155513065,0.967806000855371,0.0499167727351124,0.470125,0.21575,FALSE,0,1,"raw","raw"
"MR-PCA","Hausdorff",0.969897466539197,0.0447828234544296,0.967849468446535,0.0497974301667019,0.4705,0.21025,FALSE,0,1,"raw","raw"
"MR-PCA","Ichino-Yaguchi",0.969924713193117,0.0447159018483111,0.967831519123625,0.049852167796784,0.470125,0.212375,FALSE,0,1,"raw","raw"
"MR-PCA","Wasserstein",0.969971080305927,0.0446155194391332,0.967890940270542,0.0497460609667949,0.47075,0.212875,FALSE,0,1,"raw","raw"
"MR-PCA","Centers-Euclidean",0.969938017845762,0.0446940726577438,0.967838751247274,0.049847829738095,0.470375,0.21275,FALSE,0,1,"raw","raw"
"SPCA","Int-Euclidean",0.970165312300829,0.0441878585086042,0.968364842954727,0.04870864929959,0.46525,0.208125,FALSE,0,1,"raw","raw"
"SPCA","Hausdorff",0.970276290630975,0.0440608667941363,0.968387723052942,0.048773902291812,0.468375,0.208375,FALSE,0,1,"raw","raw"
"SPCA","Ichino-Yaguchi",0.970146510516252,0.0443019439133207,0.96836262359938,0.0488215836193812,0.466625,0.20875,FALSE,0,1,"raw","raw"
"SPCA","Wasserstein",0.970164276609305,0.0442543021032504,0.968363122807727,0.0488126562984868,0.466625,0.208875,FALSE,0,1,"raw","raw"
"SPCA","Centers-Euclidean",0.970148581899299,0.0442987571701722,0.968385582278662,0.0487776042383706,0.46675,0.209375,FALSE,0,1,"raw","raw"
"IMDS","Int-Euclidean",0.5472784416826,-0.0126770235818993,0.550313578223922,-0.00999317251019782,0.037,-0.000875000000000001,TRUE,0,1,"raw","raw"
"IMDS","Hausdorff",0.568476975780752,0.0476735181644361,0.575672112067988,0.0539889395390241,0.04525,-0.004125,TRUE,0,1,"raw","raw"
"IMDS","Ichino-Yaguchi",0.577176704907584,0.0564550669216062,0.580687423114238,0.0628506993011169,0.0465,-0.007,TRUE,0,1,"raw","raw"
"IMDS","Wasserstein",0.567156947100064,0.0358180369662205,0.571324710228854,0.0392965614887352,0.047,-0.005,TRUE,0,1,"raw","raw"
"IMDS","Centers-Euclidean",0.55934217654557,0.0164144359464626,0.560377577544265,0.0201852839179765,0.04725,-0.004625,TRUE,0,1,"raw","raw"
"Int-UMAP","Int-Euclidean",0.786074330783939,-0.00157249840662843,0.85972377337195,-0.00518874766901048,0.428,-0.014125,FALSE,0,1,"raw","raw"
"Int-UMAP","Hausdorff",0.78414730720204,-0.0024004142766092,0.858960596084194,-0.00777439207469541,0.427,-0.015375,FALSE,0,1,"raw","raw"
"Int-UMAP","Ichino-Yaguchi",0.787267367750159,-0.00237826641172723,0.862242717273129,-0.00750036123833353,0.431,-0.01925,FALSE,0,1,"raw","raw"
"Int-UMAP","Wasserstein",0.786225063734863,-0.0028494263862332,0.861156839107432,-0.00798337570100285,0.429375,-0.019625,FALSE,0,1,"raw","raw"
"Int-UMAP","Centers-Euclidean",0.784937061822817,9.305289993633e-05,0.860184632345528,-0.00565418236368775,0.42725,-0.015875,FALSE,0,1,"raw","raw"
"C-PCA","Int-Euclidean",0.962746016571064,0.0486714467813895,0.961748256523913,0.056475372203431,0.490875,0.208125,FALSE,0,1,"std","raw"
"C-PCA","Hausdorff",0.962321701720841,0.0486003824091779,0.961013436232094,0.0571589867482255,0.49,0.18825,FALSE,0,1,"std","raw"
"C-PCA","Ichino-Yaguchi",0.962362970044614,0.0487820267686424,0.96112144052294,0.0571710355606939,0.4905,0.19525,FALSE,0,1,"std","raw"
"C-PCA","Wasserstein",0.962361137667304,0.0488089547482473,0.961146049297986,0.0571342839317948,0.49075,0.1945,FALSE,0,1,"std","raw"
"C-PCA","Centers-Euclidean",0.962375956022945,0.0487579668578713,0.96114075994992,0.0571399520043482,0.4905,0.1945,FALSE,0,1,"std","raw"
"V-PCA","Int-Euclidean",0.96274506054812,0.0486724028043339,0.961754671063283,0.0564618500759411,0.490625,0.20775,FALSE,0,1,"std","raw"
"V-PCA","Hausdorff",0.962297960484385,0.048644678138942,0.960980672832199,0.0572180372739957,0.48975,0.18825,FALSE,0,1,"std","raw"
"V-PCA","Ichino-Yaguchi",0.962364643084767,0.0487774059910772,0.961147626890189,0.0571182627771321,0.490375,0.1955,FALSE,0,1,"std","raw"
"V-PCA","Wasserstein",0.962377788400255,0.0487759719566603,0.961167497557483,0.0570900806427262,0.49075,0.194625,FALSE,0,1,"std","raw"
"V-PCA","Centers-Euclidean",0.962383444869344,0.0487417144678138,0.961168179090962,0.0570843703475104,0.490375,0.194625,FALSE,0,1,"std","raw"
"MR-PCA","Int-Euclidean",0.962382887189293,0.0486207775653282,0.961278356462822,0.05676437651799,0.489625,0.19275,FALSE,0,1,"std","raw"
"MR-PCA","Hausdorff",0.962365280433397,0.0488717335882728,0.961134757401377,0.0571887245105199,0.48975,0.19575,FALSE,0,1,"std","raw"
"MR-PCA","Ichino-Yaguchi",0.962394837476099,0.0487202039515615,0.961170715222899,0.0570737639294269,0.4905,0.194375,FALSE,0,1,"std","raw"
"MR-PCA","Wasserstein",0.962374203314213,0.0487853728489483,0.961175635335916,0.0570822329851627,0.490875,0.19525,FALSE,0,1,"std","raw"
"MR-PCA","Centers-Euclidean",0.962375956022945,0.0487579668578713,0.96114075994992,0.0571399520043482,0.4905,0.1945,FALSE,0,1,"std","raw"
"SPCA","Int-Euclidean",0.962746016571064,0.0486714467813895,0.961748256523913,0.056475372203431,0.490875,0.208125,FALSE,0,1,"std","raw"
"SPCA","Hausdorff",0.962321701720841,0.0486003824091779,0.961013436232094,0.0571589867482255,0.49,0.18825,FALSE,0,1,"std","raw"
"SPCA","Ichino-Yaguchi",0.962362970044614,0.0487820267686424,0.96112144052294,0.0571710355606939,0.4905,0.19525,FALSE,0,1,"std","raw"
"SPCA","Wasserstein",0.962361137667304,0.0488089547482473,0.961146049297986,0.0571342839317948,0.49075,0.1945,FALSE,0,1,"std","raw"
"SPCA","Centers-Euclidean",0.962375956022945,0.0487579668578713,0.96114075994992,0.0571399520043482,0.4905,0.1945,FALSE,0,1,"std","raw"
"IMDS","Int-Euclidean",0.547652644996813,-0.0180038240917783,0.551578780834699,-0.0137889248165362,0.0385,0.000125,TRUE,0,1,"std","raw"
"IMDS","Hausdorff",0.568637507966858,0.0476771829190568,0.576923985112204,0.0519064805133457,0.04425,-0.003375,TRUE,0,1,"std","raw"
"IMDS","Ichino-Yaguchi",0.579040073295092,0.0574666985340982,0.58411927300764,0.0628862247668413,0.047125,-0.005625,TRUE,0,1,"std","raw"
"IMDS","Wasserstein",0.566657903123008,0.0378779477374124,0.572775815703453,0.0410894133540642,0.046125,-0.005125,TRUE,0,1,"std","raw"
"IMDS","Centers-Euclidean",0.561028680688336,0.0110146590184831,0.563232725045511,0.0173378206214118,0.048875,-0.00425,TRUE,0,1,"std","raw"
"Int-UMAP","Int-Euclidean",0.789611057998725,0.00569821542383686,0.862001270603593,0.00174016438007493,0.421125,-0.013875,FALSE,0,1,"std","raw"
"Int-UMAP","Hausdorff",0.788772546207776,0.00610149776927982,0.862950187408912,-0.0010312765864163,0.42025,-0.017625,FALSE,0,1,"std","raw"
"Int-UMAP","Ichino-Yaguchi",0.789978250478012,0.00601418100701079,0.864314443212737,-0.00118818410309085,0.423375,-0.017,FALSE,0,1,"std","raw"
"Int-UMAP","Wasserstein",0.789724904397705,0.00565599107711912,0.863849809149301,-0.000986600957968264,0.421875,-0.016125,FALSE,0,1,"std","raw"
"Int-UMAP","Centers-Euclidean",0.789169216061185,0.00694168260038242,0.863864664169473,-0.000927767942882879,0.420125,-0.01575,FALSE,0,1,"std","raw"
"C-PCA","Int-Euclidean",0.928912922243467,0.123666188655194,0.92676235366862,0.130440576422081,0.43525,0.220625,FALSE,0,1,"std","std"
"C-PCA","Hausdorff",0.928615360101976,0.124564690885915,0.92560183553855,0.13296541592905,0.4405,0.228625,FALSE,0,1,"std","std"
"C-PCA","Ichino-Yaguchi",0.928622211599745,0.124513065646909,0.925803625318824,0.132575241424065,0.439875,0.22825,FALSE,0,1,"std","std"
"C-PCA","Wasserstein",0.928612253027406,0.124539674952199,0.925843742179211,0.13249384380788,0.43975,0.228,FALSE,0,1,"std","std"
"C-PCA","Centers-Euclidean",0.928655513065647,0.124450605481198,0.925836496194587,0.132521016650059,0.43975,0.228125,FALSE,0,1,"std","std"
"V-PCA","Int-Euclidean",0.928928059273423,0.123637189292543,0.926791585718573,0.130384925460368,0.435,0.220125,FALSE,0,1,"std","std"
"V-PCA","Hausdorff",0.928599745060548,0.124594964945825,0.92556713778628,0.133032152685336,0.440375,0.2285,FALSE,0,1,"std","std"
"V-PCA","Ichino-Yaguchi",0.928664515615041,0.124428138942001,0.925883404719487,0.132414572891754,0.43975,0.228,FALSE,0,1,"std","std"
"V-PCA","Wasserstein",0.928668977055449,0.124423358827279,0.925911691024451,0.132354395575338,0.43975,0.22775,FALSE,0,1,"std","std"
"V-PCA","Centers-Euclidean",0.928699649458254,0.124363607393244,0.925917331588301,0.132358417390551,0.439625,0.2275,FALSE,0,1,"std","std"
"MR-PCA","Int-Euclidean",0.928824490121096,0.124306405353728,0.926298598604247,0.131874345655356,0.442625,0.23625,FALSE,0,1,"std","std"
"MR-PCA","Hausdorff",0.928446701720841,0.124695188017846,0.925642709741288,0.13269217836695,0.43825,0.22525,FALSE,0,1,"std","std"
"MR-PCA","Ichino-Yaguchi",0.928697498406629,0.124365360101976,0.925905121242162,0.132384158500633,0.43975,0.228,FALSE,0,1,"std","std"
"MR-PCA","Wasserstein",0.928637507966858,0.12449012109624,0.925896356841035,0.132398871179254,0.440125,0.228125,FALSE,0,1,"std","std"
"MR-PCA","Centers-Euclidean",0.928655513065647,0.124450605481198,0.925836496194587,0.132521016650059,0.43975,0.228125,FALSE,0,1,"std","std"
"SPCA","Int-Euclidean",0.928912922243467,0.123666188655194,0.92676235366862,0.130440576422081,0.43525,0.220625,FALSE,0,1,"std","std"
"SPCA","Hausdorff",0.928615360101976,0.124564690885915,0.92560183553855,0.13296541592905,0.4405,0.228625,FALSE,0,1,"std","std"
"SPCA","Ichino-Yaguchi",0.928622211599745,0.124513065646909,0.925803625318824,0.132575241424065,0.439875,0.22825,FALSE,0,1,"std","std"
"SPCA","Wasserstein",0.928612253027406,0.124539674952199,0.925843742179211,0.13249384380788,0.43975,0.228,FALSE,0,1,"std","std"
"SPCA","Centers-Euclidean",0.928655513065647,0.124450605481198,0.925836496194587,0.132521016650059,0.43975,0.228125,FALSE,0,1,"std","std"
"IMDS","Int-Euclidean",0.593188416188655,-0.0850278840025495,0.600672445690994,-0.0970991412422266,0.043625,-0.003125,TRUE,0,1,"std","std"
"IMDS","Hausdorff",0.625971159974506,-0.0310605481198215,0.639197948861447,-0.0482194948514795,0.053,-0.005125,TRUE,0,1,"std","std"
"IMDS","Ichino-Yaguchi",0.638800509878904,-0.0264228808158062,0.647761958566859,-0.040008889789639,0.054625,-0.006875,TRUE,0,1,"std","std"
"IMDS","Wasserstein",0.627764101338432,-0.0496391013384322,0.636977736480602,-0.0660589654833574,0.05375,-0.00575,TRUE,0,1,"std","std"
"IMDS","Centers-Euclidean",0.62230505098789,-0.0793452836201402,0.629967758625749,-0.0957806498997489,0.0575,-0.0115,TRUE,0,1,"std","std"
"Int-UMAP","Int-Euclidean",0.793891332058636,0.0249710006373487,0.867193742076853,0.0186197093937832,0.454,-0.012,FALSE,0,1,"std","std"
"Int-UMAP","Hausdorff",0.791459687699172,0.0263967495219884,0.866520536058068,0.0136781575002546,0.45,-0.01725,FALSE,0,1,"std","std"
"Int-UMAP","Ichino-Yaguchi",0.79415224665392,0.0249877310388782,0.869033416529038,0.0130490688324931,0.455375,-0.01625,FALSE,0,1,"std","std"
"Int-UMAP","Wasserstein",0.793625318674315,0.0253771510516252,0.868459845544383,0.0135317996782889,0.454125,-0.016,FALSE,0,1,"std","std"
"Int-UMAP","Centers-Euclidean",0.793459369024857,0.0260331421287444,0.868469412709209,0.0135975209582207,0.45375,-0.015,FALSE,0,1,"std","std"
"C-PCA","Int-Euclidean",0.967038400254939,0.0512300828553218,0.966525939385999,0.0531766202968006,0.487625,0.224125,FALSE,0,2,"raw","raw"
"C-PCA","Hausdorff",0.967093371574251,0.0511465901848311,0.966409082090409,0.0534214752734706,0.49,0.225125,FALSE,0,2,"raw","raw"
"C-PCA","Ichino-Yaguchi",0.967100063734863,0.0511322498406629,0.966551935324776,0.0531832965953522,0.489875,0.22725,FALSE,0,2,"raw","raw"
"C-PCA","Wasserstein",0.967091379859783,0.0511537603569152,0.96656412296024,0.0531580615174808,0.48975,0.227,FALSE,0,2,"raw","raw"
"C-PCA","Centers-Euclidean",0.967100462077757,0.0511336838750797,0.966557090541254,0.0531748614456937,0.48975,0.22725,FALSE,0,2,"raw","raw"
"V-PCA","Int-Euclidean",0.967078951561504,0.0511438814531548,0.96652471194335,0.0531739380915118,0.488,0.22475,FALSE,0,2,"raw","raw"
"V-PCA","Hausdorff",0.967124521988528,0.0510820586360738,0.96645070819773,0.0533370536190281,0.490125,0.22475,FALSE,0,2,"raw","raw"
"V-PCA","Ichino-Yaguchi",0.967098311026131,0.0511360739324411,0.966591776778252,0.0531060924572242,0.49,0.226875,FALSE,0,2,"raw","raw"
"V-PCA","Wasserstein",0.967099187380497,0.0511387826641173,0.966576208877473,0.05313688919801,0.489875,0.227,FALSE,0,2,"raw","raw"
"V-PCA","Centers-Euclidean",0.967098709369025,0.0511375079668579,0.966593676798059,0.0531036499401803,0.489875,0.227,FALSE,0,2,"raw","raw"
"MR-PCA","Int-Euclidean",0.970025892288082,0.0454102931803697,0.969787442267973,0.0467857484355011,0.480375,0.224875,FALSE,0,2,"raw","raw"
"MR-PCA","Hausdorff",0.970209608030593,0.0449606437221159,0.969779306728621,0.0466599342844777,0.482125,0.22575,FALSE,0,2,"raw","raw"
"MR-PCA","Ichino-Yaguchi",0.970160930528999,0.0451281070745698,0.969817327383094,0.046669352070642,0.481125,0.228,FALSE,0,2,"raw","raw"
"MR-PCA","Wasserstein",0.970152326322498,0.0451494582536648,0.969750819013027,0.0468287183110389,0.480875,0.228125,FALSE,0,2,"raw","raw"
"MR-PCA","Centers-Euclidean",0.970146590184831,0.0451599745060548,0.96983781166509,0.0466553134618984,0.48125,0.227625,FALSE,0,2,"raw","raw"
"SPCA","Int-Euclidean",0.970046287444232,0.0452672084130019,0.969658317263132,0.0469421364854811,0.47725,0.22025,FALSE,0,2,"raw","raw"
"SPCA","Hausdorff",0.969972673677502,0.045469247928617,0.969919605491914,0.0465110027993199,0.47825,0.221,FALSE,0,2,"raw","raw"
"SPCA","Ichino-Yaguchi",0.969995379222435,0.0454404079031231,0.969684291450841,0.0469758267581133,0.47825,0.224625,FALSE,0,2,"raw","raw"
"SPCA","Wasserstein",0.97001115360102,0.0454072657743786,0.969714487265048,0.0469169240116613,0.4785,0.2245,FALSE,0,2,"raw","raw"
"SPCA","Centers-Euclidean",0.96999689292543,0.0454383365200764,0.969658144320813,0.0470228320965932,0.478625,0.22525,FALSE,0,2,"raw","raw"
"IMDS","Int-Euclidean",0.529801704907584,0.0149791268323773,0.528369930572295,0.0245568386127015,0.036375,-0.001625,TRUE,0,2,"raw","raw"
"IMDS","Hausdorff",0.560257887189292,0.0471837157425111,0.565672491112343,0.0437907922097397,0.042625,-0.003875,TRUE,0,2,"raw","raw"
"IMDS","Ichino-Yaguchi",0.564423518164436,0.0574311663479924,0.568637334369878,0.0573036586491376,0.04275,-0.002125,TRUE,0,2,"raw","raw"
"IMDS","Wasserstein",0.557014021669853,0.0395436583811345,0.560226607429551,0.0411273491367214,0.043,-0.000625000000000001,TRUE,0,2,"raw","raw"
"IMDS","Centers-Euclidean",0.54884408859146,0.0171706500956023,0.549943606090026,0.0195218249368238,0.04175,-0.00275,TRUE,0,2,"raw","raw"
"Int-UMAP","Int-Euclidean",0.816726657106437,0.0059912364563417,0.882611206815813,0.00188078717031565,0.476625,-0.002,FALSE,0,2,"raw","raw"
"Int-UMAP","Hausdorff",0.815505736137667,0.00313288718929261,0.882393992329294,-0.00138663360163063,0.474125,-0.00112499999999999,FALSE,0,2,"raw","raw"
"Int-UMAP","Ichino-Yaguchi",0.817181644359465,0.00551338432122372,0.885108052057898,-0.00146385458617442,0.477,-0.00287499999999999,FALSE,0,2,"raw","raw"
"Int-UMAP","Wasserstein",0.816225621414914,0.0055717017208412,0.883961338925832,-0.00102039977269705,0.47625,-0.00237499999999999,FALSE,0,2,"raw","raw"
"Int-UMAP","Centers-Euclidean",0.815852453792224,0.0067558954748248,0.883162704091129,0.00110863746018487,0.476875,-0.002,FALSE,0,2,"raw","raw"
"C-PCA","Int-Euclidean",0.943116395793499,0.0856171128107075,0.943395699084459,0.0912635666958558,0.4875,0.12525,FALSE,0,2,"std","raw"
"C-PCA","Hausdorff",0.942197259400892,0.0873773103887827,0.943321627526685,0.0912651523913978,0.485,0.126,FALSE,0,2,"std","raw"
"C-PCA","Ichino-Yaguchi",0.942752788400255,0.0860884321223709,0.943705635390507,0.0905484184328961,0.487375,0.1225,FALSE,0,2,"std","raw"
"C-PCA","Wasserstein",0.942689611217336,0.0862431485022307,0.943500358082296,0.0909732814139593,0.487125,0.123125,FALSE,0,2,"std","raw"
"C-PCA","Centers-Euclidean",0.942753346080306,0.086089547482473,0.943584933273693,0.0907973903323922,0.4875,0.1225,FALSE,0,2,"std","raw"
"V-PCA","Int-Euclidean",0.942983588272785,0.0858766730401529,0.943319249516486,0.0914115658705093,0.487,0.125,FALSE,0,2,"std","raw"
"V-PCA","Hausdorff",0.942206899298917,0.0873382727852136,0.943326775492807,0.0912436064653388,0.485375,0.12625,FALSE,0,2,"std","raw"
"V-PCA","Ichino-Yaguchi",0.942674394518802,0.0862407584448693,0.943674588085942,0.0906085827413204,0.487,0.121125,FALSE,0,2,"std","raw"
"V-PCA","Wasserstein",0.942671048438496,0.0862694391332058,0.943462268442816,0.0910395038214495,0.487,0.12275,FALSE,0,2,"std","raw"
"V-PCA","Centers-Euclidean",0.942705943275972,0.0861782982791587,0.943494718478053,0.0909756345810258,0.487125,0.121625,FALSE,0,2,"std","raw"
"MR-PCA","Int-Euclidean",0.942689133205864,0.0860748884639898,0.943517468922841,0.0907714242480229,0.486125,0.11825,FALSE,0,2,"std","raw"
"MR-PCA","Hausdorff",0.942278999362651,0.0873381134480561,0.943025510719353,0.09195425332335,0.485125,0.1265,FALSE,0,2,"std","raw"
"MR-PCA","Ichino-Yaguchi",0.942756692160612,0.0860799872530273,0.943773001754927,0.0904122377652799,0.487375,0.12325,FALSE,0,2,"std","raw"
"MR-PCA","Wasserstein",0.942623247291268,0.0863765137029955,0.943599719202236,0.0907784560272723,0.486875,0.1225,FALSE,0,2,"std","raw"
"MR-PCA","Centers-Euclidean",0.942753346080306,0.086089547482473,0.943584933273693,0.0907973903323922,0.4875,0.1225,FALSE,0,2,"std","raw"
"SPCA","Int-Euclidean",0.943116395793499,0.0856171128107075,0.943395699084459,0.0912635666958558,0.4875,0.12525,FALSE,0,2,"std","raw"
"SPCA","Hausdorff",0.942197259400892,0.0873773103887827,0.943321627526685,0.0912651523913978,0.485,0.126,FALSE,0,2,"std","raw"
"SPCA","Ichino-Yaguchi",0.942752788400255,0.0860884321223709,0.943705635390507,0.0905484184328961,0.487375,0.1225,FALSE,0,2,"std","raw"
"SPCA","Wasserstein",0.942689611217336,0.0862431485022307,0.943500358082296,0.0909732814139593,0.487125,0.123125,FALSE,0,2,"std","raw"
"SPCA","Centers-Euclidean",0.942753346080306,0.086089547482473,0.943584933273693,0.0907973903323922,0.4875,0.1225,FALSE,0,2,"std","raw"
"IMDS","Int-Euclidean",0.530250717017208,0.00928760356915237,0.530123853782664,0.0160341468744739,0.03575,-0.001375,TRUE,0,2,"std","raw"
"IMDS","Hausdorff",0.562065965583174,0.0461485022307202,0.569286879704308,0.0416640079184125,0.042375,-0.004125,TRUE,0,2,"std","raw"
"IMDS","Ichino-Yaguchi",0.564921526449968,0.056375557680051,0.571031850217536,0.0542820343339337,0.042875,-0.00275,TRUE,0,2,"std","raw"
"IMDS","Wasserstein",0.557906787762906,0.0379987253027406,0.563381318962616,0.0380811117815558,0.044,-0.000750000000000001,TRUE,0,2,"std","raw"
"IMDS","Centers-Euclidean",0.549815168897387,0.0135538559592097,0.551607840475446,0.0173125855435404,0.043625,-0.00125,TRUE,0,2,"std","raw"
"Int-UMAP","Int-Euclidean",0.806622211599745,0.00241746335245374,0.874739319095169,-0.00250707101647095,0.446,-0.0175,FALSE,0,2,"std","raw"
"Int-UMAP","Hausdorff",0.805578553218611,-0.000150095602294509,0.875565279562645,-0.00837709477716755,0.444375,-0.019375,FALSE,0,2,"std","raw"
"Int-UMAP","Ichino-Yaguchi",0.806862173358827,0.00264786488209046,0.878119753087841,-0.00692033125256641,0.448125,-0.023375,FALSE,0,2,"std","raw"
"Int-UMAP","Wasserstein",0.806250956022944,0.00150669216061183,0.877116518853229,-0.00725116137910986,0.446875,-0.0215,FALSE,0,2,"std","raw"
"Int-UMAP","Centers-Euclidean",0.806686583811345,0.00129732313575526,0.877198942927926,-0.00662043988849124,0.447125,-0.01925,FALSE,0,2,"std","raw"
"C-PCA","Int-Euclidean",0.93413121414914,0.11578091140854,0.933535526148111,0.118654792801028,0.501875,0.204875,FALSE,0,2,"std","std"
"C-PCA","Hausdorff",0.932828075207138,0.118246016571064,0.933316313228863,0.118981525196864,0.4995,0.200875,FALSE,0,2,"std","std"
"C-PCA","Ichino-Yaguchi",0.933605003186743,0.116831421287444,0.933922516893756,0.117972907039686,0.503375,0.2035,FALSE,0,2,"std","std"
"C-PCA","Wasserstein",0.933512746972594,0.117031867431485,0.933634409277658,0.118538594754734,0.503375,0.203375,FALSE,0,2,"std","std"
"C-PCA","Centers-Euclidean",0.933603170809433,0.116833173996176,0.933741240716772,0.118334112959867,0.503125,0.204625,FALSE,0,2,"std","std"
"V-PCA","Int-Euclidean",0.93402597195666,0.115990758444869,0.933495282193245,0.118736986676916,0.50125,0.204,FALSE,0,2,"std","std"
"V-PCA","Hausdorff",0.932932839388145,0.118032982791587,0.933384231579958,0.118848340845555,0.5,0.20175,FALSE,0,2,"std","std"
"V-PCA","Ichino-Yaguchi",0.933568116634799,0.116910930528999,0.933948420603738,0.117925585884222,0.50325,0.203,FALSE,0,2,"std","std"
"V-PCA","Wasserstein",0.933567479286169,0.116917622689611,0.933652037132571,0.118503099356663,0.503375,0.203375,FALSE,0,2,"std","std"
"V-PCA","Centers-Euclidean",0.933602852135118,0.116836998087954,0.933705954619424,0.118406941294804,0.503,0.20425,FALSE,0,2,"std","std"
"MR-PCA","Int-Euclidean",0.93375740917782,0.116768483110261,0.933895540664177,0.11821479086305,0.505125,0.204875,FALSE,0,2,"std","std"
"MR-PCA","Hausdorff",0.932768881453155,0.118309273422562,0.93285732687301,0.119855998330542,0.499375,0.20075,FALSE,0,2,"std","std"
"MR-PCA","Ichino-Yaguchi",0.933610579987253,0.116820586360739,0.934010162930857,0.117802970419741,0.5035,0.203875,FALSE,0,2,"std","std"
"MR-PCA","Wasserstein",0.933448056086679,0.117159337157425,0.933769313136229,0.118276089425722,0.503,0.20425,FALSE,0,2,"std","std"
"MR-PCA","Centers-Euclidean",0.933603170809433,0.116833173996176,0.933741240716772,0.118334112959867,0.503125,0.204625,FALSE,0,2,"std","std"
"SPCA","Int-Euclidean",0.93413121414914,0.11578091140854,0.933535526148111,0.118654792801028,0.501875,0.204875,FALSE,0,2,"std","std"
"SPCA","Hausdorff",0.932828075207138,0.118246016571064,0.933316313228863,0.118981525196864,0.4995,0.200875,FALSE,0,2,"std","std"
"SPCA","Ichino-Yaguchi",0.933605003186743,0.116831421287444,0.933922516893756,0.117972907039686,0.503375,0.2035,FALSE,0,2,"std","std"
"SPCA","Wasserstein",0.933512746972594,0.117031867431485,0.933634409277658,0.118538594754734,0.503375,0.203375,FALSE,0,2,"std","std"
"SPCA","Centers-Euclidean",0.933603170809433,0.116833173996176,0.933741240716772,0.118334112959867,0.503125,0.204625,FALSE,0,2,"std","std"
"IMDS","Int-Euclidean",0.569257090503505,-0.0429813575525813,0.571966487553015,-0.0497753496334988,0.038875,-0.003875,TRUE,0,2,"std","std"
"IMDS","Hausdorff",0.609062380497132,-0.0136770235818993,0.619267251284209,-0.0309327574673977,0.051375,-0.008875,TRUE,0,2,"std","std"
"IMDS","Ichino-Yaguchi",0.612850382409178,-0.00533811344805601,0.622151228227394,-0.0186061186011555,0.0535,-0.007125,TRUE,0,2,"std","std"
"IMDS","Wasserstein",0.605653202676864,-0.0234714786488209,0.614279511316612,-0.0397730568149851,0.05525,-0.005375,TRUE,0,2,"std","std"
"IMDS","Centers-Euclidean",0.599075127469726,-0.0544835882727852,0.601414708899906,-0.0629163525556482,0.05175,-0.006375,TRUE,0,2,"std","std"
"Int-UMAP","Int-Euclidean",0.808181246016571,-0.00708428935627792,0.879979674905971,-0.00352638984636239,0.47625,-0.022875,FALSE,0,2,"std","std"
"Int-UMAP","Hausdorff",0.805630337794774,-0.0110232632249841,0.878308253818251,-0.0117151547029819,0.4725,-0.033625,FALSE,0,2,"std","std"
"Int-UMAP","Ichino-Yaguchi",0.808369024856597,-0.00859464627151052,0.88180845751061,-0.0094834972084423,0.477375,-0.033375,FALSE,0,2,"std","std"
"Int-UMAP","Wasserstein",0.807409098151689,-0.00938830465264495,0.880873635397672,-0.00989632012011364,0.47575,-0.031375,FALSE,0,2,"std","std"
"Int-UMAP","Centers-Euclidean",0.807900812619503,-0.00946510516252386,0.880862458867024,-0.00908137475623877,0.47575,-0.0285,FALSE,0,2,"std","std"
"C-PCA","Int-Euclidean",0.965841220522626,0.0520339388145316,0.96385177431569,0.0573392088513713,0.445,0.231375,FALSE,0,3,"raw","raw"
"C-PCA","Hausdorff",0.96593005098789,0.0517093690248566,0.964045062413625,0.0568524911626688,0.444,0.228,FALSE,0,3,"raw","raw"
"C-PCA","Ichino-Yaguchi",0.965884480560867,0.0519563416188655,0.963873683186049,0.0573286557447301,0.445875,0.23325,FALSE,0,3,"raw","raw"
"C-PCA","Wasserstein",0.965883444869344,0.0519666985340981,0.963868582133997,0.0573421524959735,0.445875,0.233,FALSE,0,3,"raw","raw"
"C-PCA","Centers-Euclidean",0.965888145315488,0.0519506054811982,0.963864281926432,0.0573462321007898,0.445875,0.23325,FALSE,0,3,"raw","raw"
"V-PCA","Int-Euclidean",0.965840901848311,0.0520333014659019,0.963849134439686,0.0573439243550723,0.445,0.231375,FALSE,0,3,"raw","raw"
"V-PCA","Hausdorff",0.965929811982154,0.0517088910133843,0.964043916004368,0.0568543660194743,0.444,0.228,FALSE,0,3,"raw","raw"
"V-PCA","Ichino-Yaguchi",0.965874043977055,0.0519765774378584,0.963873580508211,0.0573294534971539,0.44575,0.233,FALSE,0,3,"raw","raw"
"V-PCA","Wasserstein",0.96588304652645,0.0519668578712555,0.963854497357544,0.057368151633437,0.445875,0.233,FALSE,0,3,"raw","raw"
"V-PCA","Centers-Euclidean",0.965877629063097,0.0519706819630338,0.963864145662385,0.0573469626807962,0.44575,0.233,FALSE,0,3,"raw","raw"
"MR-PCA","Int-Euclidean",0.969176067558955,0.0462071383046526,0.968554623692867,0.0488312573004689,0.4675,0.22325,FALSE,0,3,"raw","raw"
"MR-PCA","Hausdorff",0.969467256214149,0.0454912364563417,0.968573930751592,0.0486134945590768,0.466125,0.21825,FALSE,0,3,"raw","raw"
"MR-PCA","Ichino-Yaguchi",0.969170570427024,0.0462025175270873,0.96848495182181,0.048935074297385,0.468,0.2225,FALSE,0,3,"raw","raw"
"MR-PCA","Wasserstein",0.969167782026769,0.0462141491395793,0.968483180069334,0.0489438239845535,0.46775,0.222375,FALSE,0,3,"raw","raw"
"MR-PCA","Centers-Euclidean",0.969168021032505,0.0462085723390695,0.968527239097639,0.0488646648092107,0.467875,0.221875,FALSE,0,3,"raw","raw"
"SPCA","Int-Euclidean",0.968928616953474,0.0466736775015935,0.968007005677967,0.0498078523404406,0.4655,0.219375,FALSE,0,3,"raw","raw"
"SPCA","Hausdorff",0.969195586360739,0.0461556724028043,0.968134853660517,0.0495485606251752,0.466,0.213875,FALSE,0,3,"raw","raw"
"SPCA","Ichino-Yaguchi",0.969104445506692,0.0463765137029956,0.967986641133471,0.0498967958714254,0.466375,0.219,FALSE,0,3,"raw","raw"
"SPCA","Wasserstein",0.969124123645634,0.0463368387507967,0.967981168927157,0.0499081608047111,0.466375,0.21925,FALSE,0,3,"raw","raw"
"SPCA","Centers-Euclidean",0.969104365838113,0.0463763543658382,0.968019534719909,0.0498341792366518,0.466375,0.21875,FALSE,0,3,"raw","raw"
"IMDS","Int-Euclidean",0.541954429572976,0.00373295092415549,0.545540668015403,0.00922970552806396,0.037125,0.000375,TRUE,0,3,"raw","raw"
"IMDS","Hausdorff",0.570397466539197,0.0495183237731039,0.57818155640325,0.049244547646867,0.04675,-0.00225,TRUE,0,3,"raw","raw"
"IMDS","Ichino-Yaguchi",0.578770235818993,0.0596370299553857,0.586277711181124,0.0627532073869699,0.048625,-0.00025,TRUE,0,3,"raw","raw"
"IMDS","Wasserstein",0.570669375398343,0.0355060548119821,0.576771583905131,0.0407855963486183,0.049,-0.000375,TRUE,0,3,"raw","raw"
"IMDS","Centers-Euclidean",0.56307799553856,0.0176279477374124,0.570777622449559,0.0196980064591291,0.048,-0.002,TRUE,0,3,"raw","raw"
"Int-UMAP","Int-Euclidean",0.874658620140217,0.0394380178457616,0.920784715430344,0.0220291567528708,0.498375,-0.00712499999999999,FALSE,0,3,"raw","raw"
"Int-UMAP","Hausdorff",0.874299235181644,0.0407339069471001,0.920830287224139,0.0227052569432396,0.497,-0.018375,FALSE,0,3,"raw","raw"
"Int-UMAP","Ichino-Yaguchi",0.874554015296367,0.0392045889101338,0.92178488201794,0.0210692765560501,0.49775,-0.01575,FALSE,0,3,"raw","raw"
"Int-UMAP","Wasserstein",0.874370140216699,0.039302103250478,0.921321688962791,0.0217037236635077,0.4965,-0.0145,FALSE,0,3,"raw","raw"
"Int-UMAP","Centers-Euclidean",0.874398422562142,0.0392981198215424,0.921161128012971,0.0220743386267757,0.497625,-0.01275,FALSE,0,3,"raw","raw"
"C-PCA","Int-Euclidean",0.962589547482473,0.0467205226258763,0.962264155190206,0.0540269337510221,0.475375,0.197,FALSE,0,3,"std","raw"
"C-PCA","Hausdorff",0.962066682600382,0.0473934034416825,0.962040858827718,0.0541463976562755,0.472125,0.19475,FALSE,0,3,"std","raw"
"C-PCA","Ichino-Yaguchi",0.962293021032505,0.0469279796048439,0.962080067687619,0.0541701869278296,0.47575,0.197,FALSE,0,3,"std","raw"
"C-PCA","Wasserstein",0.962301306564691,0.0469432759719567,0.962064734570432,0.054219463973492,0.4755,0.19725,FALSE,0,3,"std","raw"
"C-PCA","Centers-Euclidean",0.962285372848948,0.0469365838113448,0.962071369286058,0.0541862556362989,0.475625,0.19675,FALSE,0,3,"std","raw"
"V-PCA","Int-Euclidean",0.96257799553856,0.0467423518164436,0.962259793461236,0.0540341866661344,0.47525,0.197,FALSE,0,3,"std","raw"
"V-PCA","Hausdorff",0.962066523263225,0.0473930847673677,0.962040293939675,0.0541478575368135,0.472125,0.19475,FALSE,0,3,"std","raw"
"V-PCA","Ichino-Yaguchi",0.962292622689611,0.0469271829190567,0.96207720027838,0.0541726663363916,0.47575,0.197,FALSE,0,3,"std","raw"
"V-PCA","Wasserstein",0.962314451880179,0.0469169853409815,0.962070904623527,0.0542077742668994,0.4755,0.19725,FALSE,0,3,"std","raw"
"V-PCA","Centers-Euclidean",0.962284894837476,0.0469356277884002,0.96206928107686,0.054188681306927,0.475625,0.19675,FALSE,0,3,"std","raw"
"MR-PCA","Int-Euclidean",0.962230003186743,0.0469195347355004,0.962079719777146,0.0540175581875201,0.4755,0.19075,FALSE,0,3,"std","raw"
"MR-PCA","Hausdorff",0.961885755258126,0.0479139579349904,0.961925795462164,0.0544253273877001,0.472375,0.18975,FALSE,0,3,"std","raw"
"MR-PCA","Ichino-Yaguchi",0.962304015296367,0.0469037603569152,0.961852739913859,0.0545806020815175,0.47575,0.198,FALSE,0,3,"std","raw"
"MR-PCA","Wasserstein",0.962323135755258,0.0469005736137668,0.961947789310962,0.0544243923050008,0.47575,0.198375,FALSE,0,3,"std","raw"
"MR-PCA","Centers-Euclidean",0.962285372848948,0.0469365838113448,0.962071369286058,0.0541862556362989,0.475625,0.19675,FALSE,0,3,"std","raw"
"SPCA","Int-Euclidean",0.962589547482473,0.0467205226258763,0.962264155190206,0.0540269337510221,0.475375,0.197,FALSE,0,3,"std","raw"
"SPCA","Hausdorff",0.962066682600382,0.0473934034416825,0.962040858827718,0.0541463976562755,0.472125,0.19475,FALSE,0,3,"std","raw"
"SPCA","Ichino-Yaguchi",0.962293021032505,0.0469279796048439,0.962080067687619,0.0541701869278296,0.47575,0.197,FALSE,0,3,"std","raw"
"SPCA","Wasserstein",0.962301306564691,0.0469432759719567,0.962064734570432,0.054219463973492,0.4755,0.19725,FALSE,0,3,"std","raw"
"SPCA","Centers-Euclidean",0.962285372848948,0.0469365838113448,0.962071369286058,0.0541862556362989,0.475625,0.19675,FALSE,0,3,"std","raw"
"IMDS","Int-Euclidean",0.539945347355003,0.00793499043977053,0.542826057153107,0.00905866813345629,0.036875,-0.000375,TRUE,0,3,"std","raw"
"IMDS","Hausdorff",0.569938894200128,0.0472187699171446,0.577130890871733,0.041809497190359,0.045625,-0.0015,TRUE,0,3,"std","raw"
"IMDS","Ichino-Yaguchi",0.578359305289994,0.0565296367112811,0.584939127075884,0.0567152811577232,0.0465,-0.00025,TRUE,0,3,"std","raw"
"IMDS","Wasserstein",0.569356357552581,0.0337522307202039,0.575721775195116,0.0323322691942943,0.046375,-0.002125,TRUE,0,3,"std","raw"
"IMDS","Centers-Euclidean",0.565034337157425,0.0114816762268961,0.571337895961142,0.00801707514320299,0.049875,-0.003375,TRUE,0,3,"std","raw"
"Int-UMAP","Int-Euclidean",0.888360101975781,0.0442033142128744,0.929209400799006,0.024120596410886,0.51875,-0.0015,FALSE,0,3,"std","raw"
"Int-UMAP","Hausdorff",0.88699131612492,0.0475737731038879,0.92853153546678,0.0258637954915068,0.520125,-0.0115,FALSE,0,3,"std","raw"
"Int-UMAP","Ichino-Yaguchi",0.888646112173359,0.0433355640535372,0.930232766393866,0.0230003114667709,0.52175,-0.00587500000000002,FALSE,0,3,"std","raw"
"Int-UMAP","Wasserstein",0.88783476736775,0.0445818992989165,0.929344601708935,0.0244193548001879,0.520375,-0.00775000000000001,FALSE,0,3,"std","raw"
"Int-UMAP","Centers-Euclidean",0.88714356277884,0.0460478011472275,0.928805415645006,0.0255342593402926,0.520375,-0.00475,FALSE,0,3,"std","raw"
"C-PCA","Int-Euclidean",0.922744901210962,0.136615997450605,0.921283457514875,0.141555771829415,0.429,0.236375,FALSE,0,3,"std","std"
"C-PCA","Hausdorff",0.921697976418101,0.138408699808795,0.920590723088256,0.142574460091566,0.426875,0.23,FALSE,0,3,"std","std"
"C-PCA","Ichino-Yaguchi",0.922424553855959,0.137235340981517,0.920909488195652,0.142233985925097,0.430125,0.234875,FALSE,0,3,"std","std"
"C-PCA","Wasserstein",0.922436424474187,0.137211918419375,0.920861537218808,0.142349129897552,0.429875,0.235125,FALSE,0,3,"std","std"
"C-PCA","Centers-Euclidean",0.922409257488847,0.137264021669853,0.920906268717647,0.142243465339289,0.43,0.233875,FALSE,0,3,"std","std"
"V-PCA","Int-Euclidean",0.922722833014659,0.136660771191842,0.921275253736876,0.141572388366266,0.428875,0.23625,FALSE,0,3,"std","std"
"V-PCA","Hausdorff",0.921698693435309,0.138410133843212,0.920589874156848,0.142578447787456,0.426875,0.23,FALSE,0,3,"std","std"
"V-PCA","Ichino-Yaguchi",0.922424633524538,0.137235500318674,0.920906901311223,0.142240288190569,0.430125,0.234875,FALSE,0,3,"std","std"
"V-PCA","Wasserstein",0.922455943275972,0.137174155513066,0.920871454106696,0.142331714328802,0.43,0.23525,FALSE,0,3,"std","std"
"V-PCA","Centers-Euclidean",0.922409177820268,0.137263862332696,0.920902799955338,0.142249615987018,0.43,0.233875,FALSE,0,3,"std","std"
"MR-PCA","Int-Euclidean",0.922488448056087,0.1373465583174,0.921159009629497,0.142029768554984,0.43225,0.24,FALSE,0,3,"std","std"
"MR-PCA","Hausdorff",0.921269996813257,0.139177979604844,0.920363993149011,0.14290381178519,0.42625,0.22825,FALSE,0,3,"std","std"
"MR-PCA","Ichino-Yaguchi",0.922461281070746,0.137162842574888,0.920426285756837,0.143186618111458,0.43025,0.2365,FALSE,0,3,"std","std"
"MR-PCA","Wasserstein",0.922491475462078,0.137108189929892,0.920600863244464,0.142860274462659,0.430125,0.237125,FALSE,0,3,"std","std"
"MR-PCA","Centers-Euclidean",0.922409257488847,0.137264021669853,0.920906268717647,0.142243465339289,0.43,0.233875,FALSE,0,3,"std","std"
"SPCA","Int-Euclidean",0.922744901210962,0.136615997450605,0.921283457514875,0.141555771829415,0.429,0.236375,FALSE,0,3,"std","std"
"SPCA","Hausdorff",0.921697976418101,0.138408699808795,0.920590723088256,0.142574460091566,0.426875,0.23,FALSE,0,3,"std","std"
"SPCA","Ichino-Yaguchi",0.922424553855959,0.137235340981517,0.920909488195652,0.142233985925097,0.430125,0.234875,FALSE,0,3,"std","std"
"SPCA","Wasserstein",0.922436424474187,0.137211918419375,0.920861537218808,0.142349129897552,0.429875,0.235125,FALSE,0,3,"std","std"
"SPCA","Centers-Euclidean",0.922409257488847,0.137264021669853,0.920906268717647,0.142243465339289,0.43,0.233875,FALSE,0,3,"std","std"
"IMDS","Int-Euclidean",0.589537284894837,-0.072236137667304,0.594411126925417,-0.0870675516536698,0.04075,-0.002375,TRUE,0,3,"std","std"
"IMDS","Hausdorff",0.622757807520714,-0.0330411089866156,0.635019571376856,-0.0554912762435171,0.052125,-0.00425,TRUE,0,3,"std","std"
"IMDS","Ichino-Yaguchi",0.635319710006373,-0.0304536328871893,0.643981205648079,-0.0440934075752745,0.052125,-0.002375,TRUE,0,3,"std","std"
"IMDS","Wasserstein",0.626499760994264,-0.0552159018483109,0.635403652917091,-0.0707412759876221,0.052125,-0.0045,TRUE,0,3,"std","std"
"IMDS","Centers-Euclidean",0.622060309114085,-0.0823879859783301,0.63208264796143,-0.103287042794673,0.056375,-0.00625,TRUE,0,3,"std","std"
"Int-UMAP","Int-Euclidean",0.89822769279796,0.0334659018483111,0.938526190461568,0.0207641982018776,0.5685,-0.011875,FALSE,0,3,"std","std"
"Int-UMAP","Hausdorff",0.896108588272785,0.0345928935627788,0.937001501975253,0.0203444814809697,0.56575,-0.026,FALSE,0,3,"std","std"
"Int-UMAP","Ichino-Yaguchi",0.898330863607393,0.0323532504780115,0.938875906486442,0.0186888865346556,0.571,-0.023,FALSE,0,3,"std","std"
"Int-UMAP","Wasserstein",0.897609942638623,0.0334649458253665,0.938026800749636,0.019978232938078,0.569625,-0.02725,FALSE,0,3,"std","std"
"Int-UMAP","Centers-Euclidean",0.896716300191205,0.0353268005098789,0.93740090831609,0.0213169389132757,0.56975,-0.024875,FALSE,0,3,"std","std"
"C-PCA","Int-Euclidean",0.965493546845124,0.0535412683237732,0.962762606514129,0.0598357412619134,0.467375,0.22325,FALSE,0,4,"raw","raw"
"C-PCA","Hausdorff",0.965526927979605,0.0534741873804971,0.962810235809731,0.0597944376888185,0.4695,0.226625,FALSE,0,4,"raw","raw"
"C-PCA","Ichino-Yaguchi",0.965622052262588,0.0533792224346717,0.962827983615389,0.059795154194604,0.471,0.227625,FALSE,0,4,"raw","raw"
"C-PCA","Wasserstein",0.965613926067559,0.0533945188017846,0.962758177399497,0.0599271900041984,0.470875,0.2275,FALSE,0,4,"raw","raw"
"C-PCA","Centers-Euclidean",0.965621574251115,0.0533785850860421,0.962788007923701,0.0598745814198791,0.471,0.228125,FALSE,0,4,"raw","raw"
"V-PCA","Int-Euclidean",0.965477055449331,0.0535783938814531,0.962755734242716,0.0598494465675193,0.467375,0.223625,FALSE,0,4,"raw","raw"
"V-PCA","Hausdorff",0.965506453154876,0.0535141810070108,0.962800435673902,0.0598101974041678,0.469125,0.22625,FALSE,0,4,"raw","raw"
"V-PCA","Ichino-Yaguchi",0.965557919056724,0.0535036647546208,0.962784066715389,0.0598744031464157,0.47075,0.2275,FALSE,0,4,"raw","raw"
"V-PCA","Wasserstein",0.96555815806246,0.0535060548119821,0.962737999871541,0.059969003661174,0.47075,0.227625,FALSE,0,4,"raw","raw"
"V-PCA","Centers-Euclidean",0.965557919056724,0.0535039834289356,0.962745055427693,0.0599533580323113,0.47075,0.228125,FALSE,0,4,"raw","raw"
"MR-PCA","Int-Euclidean",0.968529238368387,0.0477487253027405,0.966984719959685,0.051528318782295,0.465125,0.21625,FALSE,0,4,"raw","raw"
"MR-PCA","Hausdorff",0.968442240280433,0.0478427342256215,0.967063799167864,0.0511893262474323,0.463625,0.2155,FALSE,0,4,"raw","raw"
"MR-PCA","Ichino-Yaguchi",0.968645235818993,0.0475100382409177,0.96696203060981,0.0515006275396505,0.464625,0.2195,FALSE,0,4,"raw","raw"
"MR-PCA","Wasserstein",0.968634161886552,0.0475417463352454,0.966905137491489,0.0516720613581435,0.46475,0.218875,FALSE,0,4,"raw","raw"
"MR-PCA","Centers-Euclidean",0.968598709369025,0.0476132887189292,0.966952190810267,0.0516132967949502,0.4645,0.217625,FALSE,0,4,"raw","raw"
"SPCA","Int-Euclidean",0.968576242829828,0.0476690567240281,0.967198555993477,0.0511090682166393,0.46275,0.206875,FALSE,0,4,"raw","raw"
"SPCA","Hausdorff",0.968754541108987,0.0473303059273422,0.967427549749811,0.0507456556292362,0.4665,0.214625,FALSE,0,4,"raw","raw"
"SPCA","Ichino-Yaguchi",0.968593769917145,0.0477232313575525,0.967201919412377,0.0512026739398828,0.464375,0.21075,FALSE,0,4,"raw","raw"
"SPCA","Wasserstein",0.968601179094965,0.0477109623964308,0.967229476843301,0.0511535755941752,0.46475,0.210375,FALSE,0,4,"raw","raw"
"SPCA","Centers-Euclidean",0.968594247928617,0.0477238687061823,0.967241815243524,0.0511260216818063,0.4645,0.21075,FALSE,0,4,"raw","raw"
"IMDS","Int-Euclidean",0.545759958572339,-0.0102646590184831,0.548143345640173,-0.0117020057555886,0.03575,-0.001125,TRUE,0,4,"raw","raw"
"IMDS","Hausdorff",0.577583492670491,0.0535449330783939,0.581612495417348,0.0508621957217439,0.0465,0.001625,TRUE,0,4,"raw","raw"
"IMDS","Ichino-Yaguchi",0.577556564690886,0.0607616316124922,0.581463791465427,0.0592264936202836,0.047625,0.000874999999999997,TRUE,0,4,"raw","raw"
"IMDS","Wasserstein",0.570226896112173,0.0381064372211599,0.572566518392618,0.0354579226859549,0.046625,-0.00025,TRUE,0,4,"raw","raw"
"IMDS","Centers-Euclidean",0.557821861057999,0.0248903760356914,0.561270090736928,0.0178632321814821,0.0425,0.000125,TRUE,0,4,"raw","raw"
"Int-UMAP","Int-Euclidean",0.880768164435946,0.0462004461440407,0.925489357564706,0.0261134787788899,0.5035,-0.0145,FALSE,0,4,"raw","raw"
"Int-UMAP","Hausdorff",0.881048199490121,0.0471518483110261,0.925450151370377,0.0269139596822195,0.506625,-0.020375,FALSE,0,4,"raw","raw"
"Int-UMAP","Ichino-Yaguchi",0.880700525812619,0.0463287125557681,0.925898718964424,0.0255973640946327,0.504875,-0.016625,FALSE,0,4,"raw","raw"
"Int-UMAP","Wasserstein",0.880785372848948,0.0461580624601657,0.925844883363947,0.0257788187583262,0.50475,-0.0145,FALSE,0,4,"raw","raw"
"Int-UMAP","Centers-Euclidean",0.880666108986616,0.0462952517527087,0.925881601086769,0.0256500191665298,0.50475,-0.014,FALSE,0,4,"raw","raw"
"C-PCA","Int-Euclidean",0.939187699171447,0.093708413001912,0.939316004065147,0.0994651550868243,0.473125,0.146125,FALSE,0,4,"std","raw"
"C-PCA","Hausdorff",0.939386711281071,0.0928467176545571,0.939752524659314,0.098156489469668,0.476,0.135875,FALSE,0,4,"std","raw"
"C-PCA","Ichino-Yaguchi",0.939282743785851,0.0930957616316125,0.939495836568272,0.0987675270962869,0.474625,0.1385,FALSE,0,4,"std","raw"
"C-PCA","Wasserstein",0.939208731676227,0.093240280433397,0.939423925403388,0.0989172772319539,0.474125,0.137375,FALSE,0,4,"std","raw"
"C-PCA","Centers-Euclidean",0.939217654557043,0.0932230720203951,0.939536744677087,0.098697605727679,0.474375,0.1375,FALSE,0,4,"std","raw"
"V-PCA","Int-Euclidean",0.939092574888464,0.0938916507329509,0.93918170987623,0.0997282502536345,0.47275,0.14575,FALSE,0,4,"std","raw"
"V-PCA","Hausdorff",0.939430768005099,0.0927573295092415,0.93973326344843,0.0981964751839074,0.476125,0.135625,FALSE,0,4,"std","raw"
"V-PCA","Ichino-Yaguchi",0.939210564053537,0.0932302421924793,0.939446749204721,0.0988575635118405,0.4745,0.138125,FALSE,0,4,"std","raw"
"V-PCA","Wasserstein",0.939168021032505,0.0933162842574888,0.939393420702684,0.0989773138061623,0.474125,0.137,FALSE,0,4,"std","raw"
"V-PCA","Centers-Euclidean",0.939197259400892,0.0932552581261951,0.93947164969998,0.0988200066669157,0.474375,0.13775,FALSE,0,4,"std","raw"
"MR-PCA","Int-Euclidean",0.939239722753346,0.0931563097514341,0.939397697346591,0.0988903892861231,0.474875,0.135375,FALSE,0,4,"std","raw"
"MR-PCA","Hausdorff",0.939625876354366,0.092559592096877,0.939217442616843,0.0993692748842033,0.47875,0.144375,FALSE,0,4,"std","raw"
"MR-PCA","Ichino-Yaguchi",0.939224267049076,0.0932082536647546,0.939457367884436,0.0988442691308324,0.4745,0.1365,FALSE,0,4,"std","raw"
"MR-PCA","Wasserstein",0.939220602294455,0.0932184512428298,0.939423243123549,0.098926842370945,0.47425,0.1375,FALSE,0,4,"std","raw"
"MR-PCA","Centers-Euclidean",0.939217654557043,0.0932230720203951,0.939536744677087,0.098697605727679,0.474375,0.1375,FALSE,0,4,"std","raw"
"SPCA","Int-Euclidean",0.939187699171447,0.093708413001912,0.939316004065147,0.0994651550868243,0.473125,0.146125,FALSE,0,4,"std","raw"
"SPCA","Hausdorff",0.939386711281071,0.0928467176545571,0.939752524659314,0.098156489469668,0.476,0.135875,FALSE,0,4,"std","raw"
"SPCA","Ichino-Yaguchi",0.939282743785851,0.0930957616316125,0.939495836568272,0.0987675270962869,0.474625,0.1385,FALSE,0,4,"std","raw"
"SPCA","Wasserstein",0.939208731676227,0.093240280433397,0.939423925403388,0.0989172772319539,0.474125,0.137375,FALSE,0,4,"std","raw"
"SPCA","Centers-Euclidean",0.939217654557043,0.0932230720203951,0.939536744677087,0.098697605727679,0.474375,0.1375,FALSE,0,4,"std","raw"
"IMDS","Int-Euclidean",0.545280991077119,-0.00270538559592093,0.548238371366996,-0.00501737611828218,0.037625,0,TRUE,0,4,"std","raw"
"IMDS","Hausdorff",0.578661408540472,0.0522753346080307,0.584680811066637,0.0500346104281276,0.04575,0.0035,TRUE,0,4,"std","raw"
"IMDS","Ichino-Yaguchi",0.578068913320586,0.0569045570427024,0.582665334562994,0.0554818782892093,0.04625,0.003875,TRUE,0,4,"std","raw"
"IMDS","Wasserstein",0.571474506054812,0.0359101338432122,0.574305493074545,0.0333551948631313,0.047125,0.00525,TRUE,0,4,"std","raw"
"IMDS","Centers-Euclidean",0.55928401848311,0.0257241873804972,0.563722847736038,0.0170401062833975,0.046,-0.001625,TRUE,0,4,"std","raw"
"Int-UMAP","Int-Euclidean",0.890984703632887,0.022453154875717,0.933497372321654,0.00886330046277744,0.51475,-0.015125,FALSE,0,4,"std","raw"
"Int-UMAP","Hausdorff",0.891082775653282,0.0235291586998089,0.933555218648564,0.00906390417008074,0.516875,-0.021125,FALSE,0,4,"std","raw"
"Int-UMAP","Ichino-Yaguchi",0.891022386870618,0.02218626513703,0.933699913473397,0.00861333867641934,0.51525,-0.025,FALSE,0,4,"std","raw"
"Int-UMAP","Wasserstein",0.891063416188655,0.0221057998725304,0.933670926656079,0.00873535598651672,0.515,-0.021875,FALSE,0,4,"std","raw"
"Int-UMAP","Centers-Euclidean",0.891025732950924,0.0221751115360102,0.933647636273003,0.0087743413648514,0.51525,-0.02175,FALSE,0,4,"std","raw"
"C-PCA","Int-Euclidean",0.926298996175908,0.130330624601657,0.925551780039206,0.133722684709647,0.470875,0.224625,FALSE,0,4,"std","std"
"C-PCA","Hausdorff",0.926661966220523,0.129773263224984,0.926378085431714,0.132163170203732,0.4775,0.224,FALSE,0,4,"std","std"
"C-PCA","Ichino-Yaguchi",0.926625,0.129939292543021,0.925946895128801,0.13311331594442,0.476875,0.22775,FALSE,0,4,"std","std"
"C-PCA","Wasserstein",0.926586121733588,0.130010994263862,0.925890202887996,0.133227062943839,0.47675,0.228625,FALSE,0,4,"std","std"
"C-PCA","Centers-Euclidean",0.926548996175908,0.130090025493945,0.925994786290208,0.133039023250783,0.47675,0.228125,FALSE,0,4,"std","std"
"V-PCA","Int-Euclidean",0.926251513702996,0.130431007010835,0.925428675175685,0.133972124257116,0.470875,0.22425,FALSE,0,4,"std","std"
"V-PCA","Hausdorff",0.926773342893563,0.129555927342256,0.926391222863836,0.132142964314088,0.478,0.22475,FALSE,0,4,"std","std"
"V-PCA","Ichino-Yaguchi",0.926616555130656,0.129960006373486,0.925959779224949,0.133093226060475,0.476875,0.22775,FALSE,0,4,"std","std"
"V-PCA","Wasserstein",0.926561185468451,0.130065965583174,0.925899718447346,0.133219501035607,0.47675,0.228375,FALSE,0,4,"std","std"
"V-PCA","Centers-Euclidean",0.926606357552581,0.129980401529637,0.925978573214352,0.133073735397143,0.476875,0.228375,FALSE,0,4,"std","std"
"MR-PCA","Int-Euclidean",0.926708492670491,0.129959050350542,0.925962713060246,0.133290430203721,0.4795,0.233125,FALSE,0,4,"std","std"
"MR-PCA","Hausdorff",0.926956421287444,0.129141332058636,0.925628922442684,0.133574233880454,0.479875,0.229625,FALSE,0,4,"std","std"
"MR-PCA","Ichino-Yaguchi",0.926560468451243,0.130067399617591,0.925922035150238,0.13317416903668,0.476875,0.22825,FALSE,0,4,"std","std"
"MR-PCA","Wasserstein",0.92655632568515,0.130070267686424,0.925858636010114,0.133295121397405,0.47675,0.22825,FALSE,0,4,"std","std"
"MR-PCA","Centers-Euclidean",0.926548996175908,0.130090025493945,0.925994786290208,0.133039023250783,0.47675,0.228125,FALSE,0,4,"std","std"
"SPCA","Int-Euclidean",0.926298996175908,0.130330624601657,0.925551780039206,0.133722684709647,0.470875,0.224625,FALSE,0,4,"std","std"
"SPCA","Hausdorff",0.926661966220523,0.129773263224984,0.926378085431714,0.132163170203732,0.4775,0.224,FALSE,0,4,"std","std"
"SPCA","Ichino-Yaguchi",0.926625,0.129939292543021,0.925946895128801,0.13311331594442,0.476875,0.22775,FALSE,0,4,"std","std"
"SPCA","Wasserstein",0.926586121733588,0.130010994263862,0.925890202887996,0.133227062943839,0.47675,0.228625,FALSE,0,4,"std","std"
"SPCA","Centers-Euclidean",0.926548996175908,0.130090025493945,0.925994786290208,0.133039023250783,0.47675,0.228125,FALSE,0,4,"std","std"
"IMDS","Int-Euclidean",0.589255258126195,-0.0740723390694711,0.596607001779835,-0.0892015549540319,0.039625,-0.00375,TRUE,0,4,"std","std"
"IMDS","Hausdorff",0.635908620140217,-0.0385689929891651,0.644390998550611,-0.0491647881846831,0.050125,0.000624999999999997,TRUE,0,4,"std","std"
"IMDS","Ichino-Yaguchi",0.637191602931804,-0.0340476418100701,0.6449024691685,-0.0444000149016144,0.05075,5e-04,TRUE,0,4,"std","std"
"IMDS","Wasserstein",0.629001513702996,-0.0579405672402805,0.635879943314157,-0.070072384996983,0.050875,5e-04,TRUE,0,4,"std","std"
"IMDS","Centers-Euclidean",0.616350143403442,-0.0705575207138305,0.623808099982753,-0.0852097956661977,0.04925,-0.003625,TRUE,0,4,"std","std"
"Int-UMAP","Int-Euclidean",0.916495379222435,0.00919885277246657,0.950860827856756,0.00458789636630915,0.570625,-0.033,FALSE,0,4,"std","std"
"Int-UMAP","Hausdorff",0.91584775334608,0.00902023581899292,0.950421981924094,0.00402237668892781,0.5665,-0.036125,FALSE,0,4,"std","std"
"Int-UMAP","Ichino-Yaguchi",0.916179971319312,0.0083567558954748,0.950742878956072,0.00390950378391822,0.568625,-0.043875,FALSE,0,4,"std","std"
"Int-UMAP","Wasserstein",0.916093132568515,0.00828059273422554,0.950661434958931,0.00396787234971761,0.568125,-0.042125,FALSE,0,4,"std","std"
"Int-UMAP","Centers-Euclidean",0.916123725302741,0.00826115360101976,0.950661946962024,0.0039671955076452,0.5685,-0.040875,FALSE,0,4,"std","std"
"C-PCA","Int-Euclidean",0.966927740599108,0.0504313256851497,0.965470902102961,0.0544102291607278,0.461,0.22125,FALSE,0,5,"raw","raw"
"C-PCA","Hausdorff",0.966820666029318,0.050694869343531,0.965114340782264,0.055148786051543,0.459375,0.223375,FALSE,0,5,"raw","raw"
"C-PCA","Ichino-Yaguchi",0.967054572976418,0.0502554174633524,0.965460096513329,0.0545171697816756,0.461625,0.226625,FALSE,0,5,"raw","raw"
"C-PCA","Wasserstein",0.967038001912046,0.0502853728489484,0.965431639931618,0.054566925137599,0.461375,0.22675,FALSE,0,5,"raw","raw"
"C-PCA","Centers-Euclidean",0.96705321861058,0.0502562141491396,0.965428691488986,0.0545741577943632,0.4615,0.226375,FALSE,0,5,"raw","raw"
"V-PCA","Int-Euclidean",0.966913320586361,0.0504643084767368,0.965434482071234,0.0544847905440343,0.460875,0.221125,FALSE,0,5,"raw","raw"
"V-PCA","Hausdorff",0.966821223709369,0.0506972594008922,0.965119299386142,0.0551401065222328,0.459375,0.223375,FALSE,0,5,"raw","raw"
"V-PCA","Ichino-Yaguchi",0.967034576163161,0.050291586998088,0.965450931423402,0.0545355255510228,0.4615,0.22625,FALSE,0,5,"raw","raw"
"V-PCA","Wasserstein",0.967023661567878,0.0503143722115997,0.965440525243096,0.0545504275918872,0.461125,0.226375,FALSE,0,5,"raw","raw"
"V-PCA","Centers-Euclidean",0.96703401848311,0.0502914276609305,0.965428527396366,0.0545738189468354,0.4615,0.22625,FALSE,0,5,"raw","raw"
"MR-PCA","Int-Euclidean",0.969004780114723,0.0465092415551306,0.967724653778434,0.0501646743540914,0.45925,0.22775,FALSE,0,5,"raw","raw"
"MR-PCA","Hausdorff",0.969095841300191,0.0462675270873167,0.967635469492975,0.0502548811530148,0.460125,0.228625,FALSE,0,5,"raw","raw"
"MR-PCA","Ichino-Yaguchi",0.968994502868069,0.046515774378585,0.967663498836787,0.0502857947524822,0.458625,0.228375,FALSE,0,5,"raw","raw"
"MR-PCA","Wasserstein",0.969011711281071,0.0464784894837477,0.967687695087892,0.0502279989648197,0.45875,0.227625,FALSE,0,5,"raw","raw"
"MR-PCA","Centers-Euclidean",0.968993068833652,0.0465189611217336,0.967635058035263,0.0503386191415203,0.45875,0.228375,FALSE,0,5,"raw","raw"
"SPCA","Int-Euclidean",0.968793419375398,0.0467831421287445,0.967445972584953,0.050573757574703,0.459625,0.225875,FALSE,0,5,"raw","raw"
"SPCA","Hausdorff",0.968772785213512,0.0468935627788399,0.967405832160908,0.0507004006120324,0.45925,0.227875,FALSE,0,5,"raw","raw"
"SPCA","Ichino-Yaguchi",0.968869980879541,0.0467138304652646,0.967435332260792,0.0506859965000398,0.46,0.2295,FALSE,0,5,"raw","raw"
"SPCA","Wasserstein",0.968831978967495,0.0467907903123008,0.967433893384963,0.0506868629176013,0.45975,0.228875,FALSE,0,5,"raw","raw"
"SPCA","Centers-Euclidean",0.968847594008923,0.0467557361376673,0.96741352084375,0.0507288077207251,0.45975,0.229125,FALSE,0,5,"raw","raw"
"IMDS","Int-Euclidean",0.536971876991714,-0.00388671128107065,0.536975786667909,0.00017136174142296,0.03575,-0.000375,TRUE,0,5,"raw","raw"
"IMDS","Hausdorff",0.559218371574251,0.0572108030592734,0.559168835482765,0.0617418820747483,0.0415,-0.000750000000000001,TRUE,0,5,"raw","raw"
"IMDS","Ichino-Yaguchi",0.560596398980242,0.0630694710006374,0.560350831087002,0.0706249252573577,0.0415,0.0035,TRUE,0,5,"raw","raw"
"IMDS","Wasserstein",0.552396271510516,0.0448326959847036,0.552009311355201,0.0503436564330874,0.0415,0.0015,TRUE,0,5,"raw","raw"
"IMDS","Centers-Euclidean",0.546708652007648,0.0226550350541748,0.546392168395578,0.0248676972067022,0.0425,0.00125,TRUE,0,5,"raw","raw"
"Int-UMAP","Int-Euclidean",0.81639913957935,0.0239521988527724,0.882153971634218,0.0086344798620078,0.440875,-0.019125,FALSE,0,5,"raw","raw"
"Int-UMAP","Hausdorff",0.815099187380497,0.0218150095602294,0.881764614820137,0.00581263463271658,0.44125,-0.02675,FALSE,0,5,"raw","raw"
"Int-UMAP","Ichino-Yaguchi",0.817523820905035,0.0240887507966858,0.884274928238534,0.00763659692335827,0.443,-0.02375,FALSE,0,5,"raw","raw"
"Int-UMAP","Wasserstein",0.816336440407903,0.0224517208413002,0.883179773561994,0.00645855500231074,0.442375,-0.02325,FALSE,0,5,"raw","raw"
"Int-UMAP","Centers-Euclidean",0.816014818355641,0.0240637348629701,0.883135938015255,0.0075044323133191,0.44125,-0.024125,FALSE,0,5,"raw","raw"
"C-PCA","Int-Euclidean",0.955207616316125,0.0625764818355641,0.955547284391894,0.0679516600841963,0.484375,0.182375,FALSE,0,5,"std","raw"
"C-PCA","Hausdorff",0.954753027405991,0.0624713193116635,0.9551613748023,0.0677711479668039,0.483,0.17175,FALSE,0,5,"std","raw"
"C-PCA","Ichino-Yaguchi",0.954764579349904,0.0626464308476736,0.955394291534433,0.0675837917264395,0.48125,0.16825,FALSE,0,5,"std","raw"
"C-PCA","Wasserstein",0.95486137667304,0.0624713193116635,0.955395391775981,0.0675793146315088,0.48175,0.1695,FALSE,0,5,"std","raw"
"C-PCA","Centers-Euclidean",0.954788161249203,0.0626129700446144,0.955373213362969,0.0676290260588036,0.481375,0.168625,FALSE,0,5,"std","raw"
"V-PCA","Int-Euclidean",0.955214786488209,0.0625576800509878,0.955567491880881,0.0679104518319603,0.48425,0.182375,FALSE,0,5,"std","raw"
"V-PCA","Hausdorff",0.954704668578713,0.0625623008285533,0.955101428324429,0.0678834732566775,0.482875,0.1715,FALSE,0,5,"std","raw"
"V-PCA","Ichino-Yaguchi",0.954777485659656,0.0626215742511154,0.955394700433196,0.0675817793261127,0.48125,0.168,FALSE,0,5,"std","raw"
"V-PCA","Wasserstein",0.954863049713193,0.062467017208413,0.955444115448871,0.0674845925666619,0.48175,0.168625,FALSE,0,5,"std","raw"
"V-PCA","Centers-Euclidean",0.954798518164436,0.0625935309114085,0.955382980232458,0.0676086171591876,0.481375,0.168625,FALSE,0,5,"std","raw"
"MR-PCA","Int-Euclidean",0.954860420650096,0.0624547482472912,0.955508333559374,0.0673417784628938,0.482625,0.167875,FALSE,0,5,"std","raw"
"MR-PCA","Hausdorff",0.95483357233907,0.0628252071383048,0.955281851091844,0.0679432916804637,0.48325,0.173625,FALSE,0,5,"std","raw"
"MR-PCA","Ichino-Yaguchi",0.954818992989165,0.062536328871893,0.955369938760933,0.0676311700317702,0.4815,0.168375,FALSE,0,5,"std","raw"
"MR-PCA","Wasserstein",0.954800270873168,0.0625919375398343,0.955362893440577,0.0676432595741806,0.48125,0.1685,FALSE,0,5,"std","raw"
"MR-PCA","Centers-Euclidean",0.954788161249203,0.0626129700446144,0.955373213362969,0.0676290260588036,0.481375,0.168625,FALSE,0,5,"std","raw"
"SPCA","Int-Euclidean",0.955207616316125,0.0625764818355641,0.955547284391894,0.0679516600841963,0.484375,0.182375,FALSE,0,5,"std","raw"
"SPCA","Hausdorff",0.954753027405991,0.0624713193116635,0.9551613748023,0.0677711479668039,0.483,0.17175,FALSE,0,5,"std","raw"
"SPCA","Ichino-Yaguchi",0.954764579349904,0.0626464308476736,0.955394291534433,0.0675837917264395,0.48125,0.16825,FALSE,0,5,"std","raw"
"SPCA","Wasserstein",0.95486137667304,0.0624713193116635,0.955395391775981,0.0675793146315088,0.48175,0.1695,FALSE,0,5,"std","raw"
"SPCA","Centers-Euclidean",0.954788161249203,0.0626129700446144,0.955373213362969,0.0676290260588036,0.481375,0.168625,FALSE,0,5,"std","raw"
"IMDS","Int-Euclidean",0.536325207138305,-0.00260038240917781,0.536482405582024,-0.00203578635059887,0.036375,-0.001125,TRUE,0,5,"std","raw"
"IMDS","Hausdorff",0.558908460803059,0.05614356277884,0.55877264222256,0.0604019640105968,0.039625,-0.000999999999999997,TRUE,0,5,"std","raw"
"IMDS","Ichino-Yaguchi",0.56070299553856,0.0631367112810707,0.561414507915768,0.0670101461057655,0.040125,0.0015,TRUE,0,5,"std","raw"
"IMDS","Wasserstein",0.553056405353729,0.0413502230720203,0.552757251806234,0.0464465769874378,0.04125,0.000874999999999997,TRUE,0,5,"std","raw"
"IMDS","Centers-Euclidean",0.547960325047801,0.0202654557042702,0.546107429636146,0.0250397728949614,0.04375,0.00175,TRUE,0,5,"std","raw"
"Int-UMAP","Int-Euclidean",0.822114165073295,-0.00332903123008288,0.884766225700005,-0.00835550534897157,0.453125,-0.027875,FALSE,0,5,"std","raw"
"Int-UMAP","Hausdorff",0.821181564690886,-0.00696510516252391,0.883181267988347,-0.0122357437099748,0.45375,-0.033875,FALSE,0,5,"std","raw"
"Int-UMAP","Ichino-Yaguchi",0.822232950924155,-0.00239802421924784,0.88605345286697,-0.0079798720730099,0.4555,-0.036375,FALSE,0,5,"std","raw"
"Int-UMAP","Wasserstein",0.821814451880178,-0.00515535372848941,0.885209101124726,-0.0102921603519476,0.455,-0.03475,FALSE,0,5,"std","raw"
"Int-UMAP","Centers-Euclidean",0.821244821542384,-0.00311201402166994,0.885044167570402,-0.00887416874666588,0.454125,-0.031,FALSE,0,5,"std","raw"
"C-PCA","Int-Euclidean",0.925237253027406,0.132190248565966,0.925297627973478,0.133925630708483,0.44725,0.222375,FALSE,0,5,"std","std"
"C-PCA","Hausdorff",0.925058078393881,0.132673836838751,0.925035979999082,0.134509747336176,0.450875,0.224625,FALSE,0,5,"std","std"
"C-PCA","Ichino-Yaguchi",0.924988368387508,0.13280943275972,0.925392803505453,0.133849906069503,0.44825,0.224,FALSE,0,5,"std","std"
"C-PCA","Wasserstein",0.925146510516252,0.132510675589548,0.925391472745229,0.13386318339085,0.449125,0.224875,FALSE,0,5,"std","std"
"C-PCA","Centers-Euclidean",0.925026370299554,0.132742351816444,0.925355520361474,0.133927125987818,0.4485,0.223125,FALSE,0,5,"std","std"
"V-PCA","Int-Euclidean",0.925262189292543,0.132145156150414,0.925361077546227,0.133801608248415,0.44725,0.222375,FALSE,0,5,"std","std"
"V-PCA","Hausdorff",0.925024856596558,0.132742192479286,0.924969618448727,0.134641203330524,0.450625,0.224875,FALSE,0,5,"std","std"
"V-PCA","Ichino-Yaguchi",0.925018642447419,0.132754620777565,0.925415796943796,0.133804879651765,0.448375,0.223875,FALSE,0,5,"std","std"
"V-PCA","Wasserstein",0.925170411089866,0.132460006373486,0.925506550291626,0.133633349019692,0.449125,0.22425,FALSE,0,5,"std","std"
"V-PCA","Centers-Euclidean",0.925057680050988,0.132683556405354,0.925402485716372,0.133833643947121,0.448625,0.223,FALSE,0,5,"std","std"
"MR-PCA","Int-Euclidean",0.925291985340982,0.132518961121734,0.925728598739871,0.133466450725471,0.4515,0.227875,FALSE,0,5,"std","std"
"MR-PCA","Hausdorff",0.924904796048438,0.132853250478011,0.925079153737576,0.134278687868073,0.44875,0.22175,FALSE,0,5,"std","std"
"MR-PCA","Ichino-Yaguchi",0.925088033779477,0.132618706182282,0.925352910446501,0.133943115582107,0.448625,0.224,FALSE,0,5,"std","std"
"MR-PCA","Wasserstein",0.925061982154238,0.132676545570427,0.925350484242758,0.133939424937574,0.448625,0.223375,FALSE,0,5,"std","std"
"MR-PCA","Centers-Euclidean",0.925026370299554,0.132742351816444,0.925355520361474,0.133927125987818,0.4485,0.223125,FALSE,0,5,"std","std"
"SPCA","Int-Euclidean",0.925237253027406,0.132190248565966,0.925297627973478,0.133925630708483,0.44725,0.222375,FALSE,0,5,"std","std"
"SPCA","Hausdorff",0.925058078393881,0.132673836838751,0.925035979999082,0.134509747336176,0.450875,0.224625,FALSE,0,5,"std","std"
"SPCA","Ichino-Yaguchi",0.924988368387508,0.13280943275972,0.925392803505453,0.133849906069503,0.44825,0.224,FALSE,0,5,"std","std"
"SPCA","Wasserstein",0.925146510516252,0.132510675589548,0.925391472745229,0.13386318339085,0.449125,0.224875,FALSE,0,5,"std","std"
"SPCA","Centers-Euclidean",0.925026370299554,0.132742351816444,0.925355520361474,0.133927125987818,0.4485,0.223125,FALSE,0,5,"std","std"
"IMDS","Int-Euclidean",0.572874681325685,-0.0663510197578076,0.580605441631136,-0.084930972344412,0.03925,-0.00325,TRUE,0,5,"std","std"
"IMDS","Hausdorff",0.601399458253665,-0.00988368387507965,0.608316483398987,-0.0209773516359618,0.049625,-0.00175,TRUE,0,5,"std","std"
"IMDS","Ichino-Yaguchi",0.604489802421925,-0.00668164435946461,0.610974504271825,-0.0155573564160789,0.049,-0.0015,TRUE,0,5,"std","std"
"IMDS","Wasserstein",0.597712157425112,-0.030905194391332,0.603214424080326,-0.0409200365042638,0.05,-0.00375,TRUE,0,5,"std","std"
"IMDS","Centers-Euclidean",0.594459528362014,-0.0606057998725302,0.599010732403684,-0.0691856054499477,0.048375,-0.001125,TRUE,0,5,"std","std"
"Int-UMAP","Int-Euclidean",0.824429811982154,-0.00779971319311668,0.890475458525319,-0.0069529367439691,0.4815,-0.029375,FALSE,0,5,"std","std"
"Int-UMAP","Hausdorff",0.821962794773741,-0.0112678457616315,0.887971822258457,-0.0115041230643042,0.477875,-0.038125,FALSE,0,5,"std","std"
"Int-UMAP","Ichino-Yaguchi",0.824224904397706,-0.00651003824091778,0.890921185152601,-0.00708795351617537,0.482375,-0.0395,FALSE,0,5,"std","std"
"Int-UMAP","Wasserstein",0.823480640535373,-0.00908811344805605,0.889987714271482,-0.00950772512654431,0.481875,-0.038875,FALSE,0,5,"std","std"
"Int-UMAP","Centers-Euclidean",0.823621335245379,-0.00824298916507338,0.890254252077995,-0.00927803213733164,0.480625,-0.036,FALSE,0,5,"std","std"
"C-PCA","Int-Euclidean",0.967878824091778,0.0488832058636074,0.966274394143179,0.0532226270053419,0.4635,0.217,FALSE,0,6,"raw","raw"
"C-PCA","Hausdorff",0.967789674952199,0.0491529636711281,0.966480070220979,0.0527859357079359,0.466125,0.214875,FALSE,0,6,"raw","raw"
"C-PCA","Ichino-Yaguchi",0.967900653282345,0.0489252708731676,0.966552089288221,0.0527397347324985,0.465875,0.219625,FALSE,0,6,"raw","raw"
"C-PCA","Wasserstein",0.967865200764818,0.0490130656469089,0.966542645486073,0.0527613169103383,0.465625,0.219,FALSE,0,6,"raw","raw"
"C-PCA","Centers-Euclidean",0.967899617590822,0.0489273422562141,0.966533590964077,0.0527735715049743,0.46575,0.2195,FALSE,0,6,"raw","raw"
"V-PCA","Int-Euclidean",0.967879461440408,0.0488844805608668,0.966267128859812,0.0532370620379711,0.4635,0.217,FALSE,0,6,"raw","raw"
"V-PCA","Hausdorff",0.967791826003824,0.0491515296367113,0.966442097866672,0.0528615511650811,0.46625,0.215,FALSE,0,6,"raw","raw"
"V-PCA","Ichino-Yaguchi",0.967925669216061,0.0488825685149777,0.966503050544706,0.0528348003362801,0.466125,0.219875,FALSE,0,6,"raw","raw"
"V-PCA","Wasserstein",0.967908221797323,0.0489318036966221,0.966505030425053,0.0528355575720076,0.466125,0.21925,FALSE,0,6,"raw","raw"
"V-PCA","Centers-Euclidean",0.967924713193117,0.0488847992351816,0.966482102453162,0.0528719961561171,0.466,0.21975,FALSE,0,6,"raw","raw"
"MR-PCA","Int-Euclidean",0.969936344805609,0.0449893244104526,0.968613560558642,0.0485912615551485,0.457625,0.22125,FALSE,0,6,"raw","raw"
"MR-PCA","Hausdorff",0.970357552581262,0.0440436583811344,0.968642696541375,0.0481733339662468,0.46,0.21675,FALSE,0,6,"raw","raw"
"MR-PCA","Ichino-Yaguchi",0.969924553855959,0.0449737093690248,0.968390336912962,0.0489249461895625,0.4575,0.220125,FALSE,0,6,"raw","raw"
"MR-PCA","Wasserstein",0.969891650732951,0.0450615041427661,0.968448222690339,0.0488644769396878,0.4575,0.222,FALSE,0,6,"raw","raw"
"MR-PCA","Centers-Euclidean",0.969945825366475,0.0449423199490121,0.968504926766285,0.0487579404194732,0.4575,0.22025,FALSE,0,6,"raw","raw"
"SPCA","Int-Euclidean",0.969965662842575,0.0447611536010197,0.969197913356026,0.0473155347325327,0.45925,0.2205,FALSE,0,6,"raw","raw"
"SPCA","Hausdorff",0.969974585723391,0.044818196303378,0.969154959580544,0.0474118810904058,0.459375,0.218875,FALSE,0,6,"raw","raw"
"SPCA","Ichino-Yaguchi",0.969983110261313,0.044804333970682,0.969201805944303,0.0473785603726922,0.4605,0.222875,FALSE,0,6,"raw","raw"
"SPCA","Wasserstein",0.969978887826641,0.0448239324410452,0.969205737236686,0.0473731309221549,0.46025,0.22175,FALSE,0,6,"raw","raw"
"SPCA","Centers-Euclidean",0.969983030592734,0.0448051306564691,0.96921391201326,0.0473586886391696,0.460375,0.221875,FALSE,0,6,"raw","raw"
"IMDS","Int-Euclidean",0.528161567877629,-0.0039072657743785,0.532610521763778,0.00272374535145553,0.036,0.000875000000000001,TRUE,0,6,"raw","raw"
"IMDS","Hausdorff",0.552273024219248,0.0504877310388783,0.557293893059123,0.047075038712637,0.043625,-0.00125,TRUE,0,6,"raw","raw"
"IMDS","Ichino-Yaguchi",0.561705943275972,0.0610262906309751,0.566517022834016,0.0627463225340558,0.045625,0.00225,TRUE,0,6,"raw","raw"
"IMDS","Wasserstein",0.551119980879541,0.0404735500318675,0.556248303736526,0.0404864300201594,0.046,0.001125,TRUE,0,6,"raw","raw"
"IMDS","Centers-Euclidean",0.54621287444232,0.0129796048438495,0.551663943304944,0.0145595306272956,0.04775,-0.000624999999999997,TRUE,0,6,"raw","raw"
"Int-UMAP","Int-Euclidean",0.758611615678776,0.0117700764818355,0.842326948392477,-0.0030848962542272,0.40575,-0.025875,FALSE,0,6,"raw","raw"
"Int-UMAP","Hausdorff",0.756869184193754,0.012199808795411,0.841926481473805,-0.00518549822997486,0.404,-0.0275,FALSE,0,6,"raw","raw"
"Int-UMAP","Ichino-Yaguchi",0.759632249840663,0.0110168897386871,0.844277890115649,-0.00515447779437683,0.407875,-0.03175,FALSE,0,6,"raw","raw"
"Int-UMAP","Wasserstein",0.758546048438496,0.0119002549394519,0.842805206195011,-0.00389884597360429,0.405875,-0.031625,FALSE,0,6,"raw","raw"
"Int-UMAP","Centers-Euclidean",0.757766332058636,0.0134781708094327,0.842527564254789,-0.00299776317982539,0.405375,-0.030125,FALSE,0,6,"raw","raw"
"C-PCA","Int-Euclidean",0.950306803696622,0.0731802103250478,0.950599210056636,0.0778956474576583,0.4815,0.155375,FALSE,0,6,"std","raw"
"C-PCA","Hausdorff",0.949958333333333,0.0733252071383046,0.949996141744292,0.078558099918779,0.482625,0.146,FALSE,0,6,"std","raw"
"C-PCA","Ichino-Yaguchi",0.94999259082218,0.0734577756532823,0.949885572426708,0.078948205971871,0.4815,0.15125,FALSE,0,6,"std","raw"
"C-PCA","Wasserstein",0.950035213511791,0.0733897386870618,0.949992239773202,0.0787390726470334,0.4815,0.150875,FALSE,0,6,"std","raw"
"C-PCA","Centers-Euclidean",0.950023581899299,0.073398024219248,0.950010496809758,0.0787001062475722,0.481875,0.151625,FALSE,0,6,"std","raw"
"V-PCA","Int-Euclidean",0.950329110898662,0.0731346398980242,0.950598260686471,0.0779020060200134,0.481625,0.155375,FALSE,0,6,"std","raw"
"V-PCA","Hausdorff",0.949905831739962,0.0734314850223072,0.950011345847789,0.0785286334051033,0.482375,0.145875,FALSE,0,6,"std","raw"
"V-PCA","Ichino-Yaguchi",0.949871972594009,0.0736974187380497,0.949856845022869,0.0790053468817754,0.48125,0.1505,FALSE,0,6,"std","raw"
"V-PCA","Wasserstein",0.949945984703633,0.0735656469088591,0.949975367234805,0.0787678900405866,0.4815,0.1505,FALSE,0,6,"std","raw"
"V-PCA","Centers-Euclidean",0.949886790949649,0.0736696940726578,0.949988603826209,0.0787418476142319,0.4815,0.15075,FALSE,0,6,"std","raw"
"MR-PCA","Int-Euclidean",0.950083970681963,0.0730627788400255,0.950145101591138,0.0783006828470733,0.481125,0.147,FALSE,0,6,"std","raw"
"MR-PCA","Hausdorff",0.95043252071383,0.072705385595921,0.9497400232327,0.0791770515223957,0.4795,0.15175,FALSE,0,6,"std","raw"
"MR-PCA","Ichino-Yaguchi",0.950051465901848,0.0733457616316124,0.949931798778392,0.0788259099495529,0.48225,0.151375,FALSE,0,6,"std","raw"
"MR-PCA","Wasserstein",0.94999195347355,0.0734772147864882,0.949949253797609,0.0788278329999023,0.48225,0.150625,FALSE,0,6,"std","raw"
"MR-PCA","Centers-Euclidean",0.950023581899299,0.073398024219248,0.950010496809758,0.0787001062475722,0.481875,0.151625,FALSE,0,6,"std","raw"
"SPCA","Int-Euclidean",0.950306803696622,0.0731802103250478,0.950599210056636,0.0778956474576583,0.4815,0.155375,FALSE,0,6,"std","raw"
"SPCA","Hausdorff",0.949958333333333,0.0733252071383046,0.949996141744292,0.078558099918779,0.482625,0.146,FALSE,0,6,"std","raw"
"SPCA","Ichino-Yaguchi",0.94999259082218,0.0734577756532823,0.949885572426708,0.078948205971871,0.4815,0.15125,FALSE,0,6,"std","raw"
"SPCA","Wasserstein",0.950035213511791,0.0733897386870618,0.949992239773202,0.0787390726470334,0.4815,0.150875,FALSE,0,6,"std","raw"
"SPCA","Centers-Euclidean",0.950023581899299,0.073398024219248,0.950010496809758,0.0787001062475722,0.481875,0.151625,FALSE,0,6,"std","raw"
"IMDS","Int-Euclidean",0.529649697259401,-0.00237205226258774,0.534551640960316,0.00279913007667804,0.0345,-0.001125,TRUE,0,6,"std","raw"
"IMDS","Hausdorff",0.551033381134481,0.0488867112810708,0.555070351272079,0.0463435434554788,0.04125,-0.00225,TRUE,0,6,"std","raw"
"IMDS","Ichino-Yaguchi",0.560492670490758,0.0579964945825366,0.563550294377255,0.0610736030994675,0.04525,0.00375,TRUE,0,6,"std","raw"
"IMDS","Wasserstein",0.549626115360102,0.0397828234544295,0.553732104948138,0.0390517990607291,0.043,-0.00125,TRUE,0,6,"std","raw"
"IMDS","Centers-Euclidean",0.544778680688337,0.0137973231357553,0.550883510489389,0.0109559910204766,0.04675,-0.000750000000000001,TRUE,0,6,"std","raw"
"Int-UMAP","Int-Euclidean",0.749485818992989,-0.000137985978330146,0.83676387421758,-0.00720367517141976,0.397625,-0.025875,FALSE,0,6,"std","raw"
"Int-UMAP","Hausdorff",0.74863057680051,-0.000690089228808199,0.836890198345861,-0.00968581306602889,0.400375,-0.026,FALSE,0,6,"std","raw"
"Int-UMAP","Ichino-Yaguchi",0.749433636073932,0.000355799872530316,0.83763658071668,-0.00724367133470186,0.40125,-0.0265,FALSE,0,6,"std","raw"
"Int-UMAP","Wasserstein",0.749846637985978,-0.00177358189929888,0.838095652797332,-0.00975321578885324,0.40025,-0.0275,FALSE,0,6,"std","raw"
"Int-UMAP","Centers-Euclidean",0.7502339069471,-0.00228425748884631,0.83795759354111,-0.00909911914996483,0.398375,-0.025875,FALSE,0,6,"std","raw"
"C-PCA","Int-Euclidean",0.932570825366476,0.118123804971319,0.932631379439116,0.119739509630264,0.47175,0.213125,FALSE,0,6,"std","std"
"C-PCA","Hausdorff",0.93240965583174,0.118518483110261,0.932006567202016,0.121007482623455,0.478,0.225,FALSE,0,6,"std","std"
"C-PCA","Ichino-Yaguchi",0.932408062460166,0.118556405353728,0.931861591425882,0.121325300279898,0.4765,0.224375,FALSE,0,6,"std","std"
"C-PCA","Wasserstein",0.932459448693435,0.118461281070746,0.93201425780407,0.121027924149674,0.4765,0.222875,FALSE,0,6,"std","std"
"C-PCA","Centers-Euclidean",0.93244120458891,0.118491077119184,0.932036519916046,0.120988282400861,0.47675,0.224625,FALSE,0,6,"std","std"
"V-PCA","Int-Euclidean",0.932691363926068,0.117885595920969,0.93267726982209,0.11965324467939,0.472,0.213375,FALSE,0,6,"std","std"
"V-PCA","Hausdorff",0.932365519439133,0.118614085404716,0.932061155346814,0.12090789471664,0.477875,0.224625,FALSE,0,6,"std","std"
"V-PCA","Ichino-Yaguchi",0.932272625876354,0.118830146590185,0.931854271018484,0.121343798710665,0.476125,0.223625,FALSE,0,6,"std","std"
"V-PCA","Wasserstein",0.932360101975781,0.118662842574888,0.93201367862856,0.121032400178376,0.4765,0.223,FALSE,0,6,"std","std"
"V-PCA","Centers-Euclidean",0.93229023263225,0.118794295729764,0.932037135876451,0.12098767955507,0.47625,0.22375,FALSE,0,6,"std","std"
"MR-PCA","Int-Euclidean",0.932703393881453,0.11821717654557,0.932389074028866,0.120575140047027,0.4795,0.231875,FALSE,0,6,"std","std"
"MR-PCA","Hausdorff",0.932905672402804,0.117367431485022,0.931488049344559,0.121790936278582,0.4765,0.214375,FALSE,0,6,"std","std"
"MR-PCA","Ichino-Yaguchi",0.932489802421925,0.118396430847674,0.931961208547368,0.121110971221886,0.477,0.223875,FALSE,0,6,"std","std"
"MR-PCA","Wasserstein",0.932419853409815,0.118551625239006,0.931939948690509,0.121165329914236,0.477375,0.222875,FALSE,0,6,"std","std"
"MR-PCA","Centers-Euclidean",0.93244120458891,0.118491077119184,0.932036519916046,0.120988282400861,0.47675,0.224625,FALSE,0,6,"std","std"
"SPCA","Int-Euclidean",0.932570825366476,0.118123804971319,0.932631379439116,0.119739509630264,0.47175,0.213125,FALSE,0,6,"std","std"
"SPCA","Hausdorff",0.93240965583174,0.118518483110261,0.932006567202016,0.121007482623455,0.478,0.225,FALSE,0,6,"std","std"
"SPCA","Ichino-Yaguchi",0.932408062460166,0.118556405353728,0.931861591425882,0.121325300279898,0.4765,0.224375,FALSE,0,6,"std","std"
"SPCA","Wasserstein",0.932459448693435,0.118461281070746,0.93201425780407,0.121027924149674,0.4765,0.222875,FALSE,0,6,"std","std"
"SPCA","Centers-Euclidean",0.93244120458891,0.118491077119184,0.932036519916046,0.120988282400861,0.47675,0.224625,FALSE,0,6,"std","std"
"IMDS","Int-Euclidean",0.567992192479286,-0.0482954110898661,0.574094722661935,-0.0579448311016737,0.03975,-0.002125,TRUE,0,6,"std","std"
"IMDS","Hausdorff",0.596562938177183,-0.00264722753346081,0.607895457135809,-0.0251012011110617,0.052375,-0.003875,TRUE,0,6,"std","std"
"IMDS","Ichino-Yaguchi",0.609219407265774,0.00547801147227522,0.619017799688354,-0.0128290798052674,0.0565,-0.00275,TRUE,0,6,"std","std"
"IMDS","Wasserstein",0.598649219247929,-0.0164504461440408,0.609699288812564,-0.0358178173578985,0.054125,-0.0055,TRUE,0,6,"std","std"
"IMDS","Centers-Euclidean",0.599604365838113,-0.0583878266411727,0.612513712662585,-0.0836981045095339,0.055875,-0.00325,TRUE,0,6,"std","std"
"Int-UMAP","Int-Euclidean",0.752273422562141,0.00605513065646912,0.841707594713962,0.00466914961510845,0.431125,-0.025125,FALSE,0,6,"std","std"
"Int-UMAP","Hausdorff",0.751352055449331,0.00494821542383683,0.8399441543449,0.000105177504925558,0.431125,-0.030375,FALSE,0,6,"std","std"
"Int-UMAP","Ichino-Yaguchi",0.752529636711281,0.00565615041427669,0.84229372736716,0.00256831669419239,0.43325,-0.028375,FALSE,0,6,"std","std"
"Int-UMAP","Wasserstein",0.752624203314213,0.00414866156787763,0.842346655180397,0.000872921557458384,0.432125,-0.02975,FALSE,0,6,"std","std"
"Int-UMAP","Centers-Euclidean",0.753032425111536,0.00339754620777577,0.842253935919817,0.00146051131900013,0.431,-0.029375,FALSE,0,6,"std","std"
"C-PCA","Int-Euclidean",0.963408938814531,0.0574730720203952,0.962376010593026,0.061029484895461,0.47,0.212,FALSE,0,7,"raw","raw"
"C-PCA","Hausdorff",0.963328075207138,0.0576698534098151,0.96238941607508,0.0610727648303476,0.47,0.209375,FALSE,0,7,"raw","raw"
"C-PCA","Ichino-Yaguchi",0.963385834926705,0.0576215742511154,0.962846147783413,0.0601885796313441,0.470625,0.20925,FALSE,0,7,"raw","raw"
"C-PCA","Wasserstein",0.963393642447419,0.0576078712555768,0.962904995192587,0.060069872322081,0.47075,0.208875,FALSE,0,7,"raw","raw"
"C-PCA","Centers-Euclidean",0.963381612492033,0.0576344805608668,0.962887919537594,0.0601012373628425,0.4705,0.209625,FALSE,0,7,"raw","raw"
"V-PCA","Int-Euclidean",0.963378983428936,0.0575336201402167,0.962394159833846,0.0609959513584694,0.469625,0.211375,FALSE,0,7,"raw","raw"
"V-PCA","Hausdorff",0.963299553855959,0.0577284894837476,0.96241705464602,0.0610154853106931,0.47,0.209,FALSE,0,7,"raw","raw"
"V-PCA","Ichino-Yaguchi",0.963373087954111,0.0576467495219886,0.962849781064833,0.0601838020731242,0.4705,0.20875,FALSE,0,7,"raw","raw"
"V-PCA","Wasserstein",0.963385117909497,0.0576246016571064,0.96290863039322,0.0600648124264622,0.47075,0.208625,FALSE,0,7,"raw","raw"
"V-PCA","Centers-Euclidean",0.963369343530911,0.0576586998087953,0.962898420612268,0.060083284201508,0.4705,0.20925,FALSE,0,7,"raw","raw"
"MR-PCA","Int-Euclidean",0.966333094327597,0.051492511153601,0.965428148458634,0.054476635599317,0.457625,0.21125,FALSE,0,7,"raw","raw"
"MR-PCA","Hausdorff",0.966234145952836,0.0513312619502868,0.96490378830683,0.0550828760491052,0.454625,0.211875,FALSE,0,7,"raw","raw"
"MR-PCA","Ichino-Yaguchi",0.966238209050351,0.0516418100701084,0.965415886826888,0.0543831307413225,0.457125,0.21425,FALSE,0,7,"raw","raw"
"MR-PCA","Wasserstein",0.966231277884003,0.0516747928616954,0.965313648168534,0.0546996853430724,0.456125,0.215125,FALSE,0,7,"raw","raw"
"MR-PCA","Centers-Euclidean",0.966250398342894,0.0516422880815807,0.965405594733068,0.0545408916675666,0.457125,0.215125,FALSE,0,7,"raw","raw"
"SPCA","Int-Euclidean",0.966549633524538,0.0510591140854046,0.9652752046477,0.0547386965241451,0.457,0.216125,FALSE,0,7,"raw","raw"
"SPCA","Hausdorff",0.966608588272785,0.0509208094327597,0.96532431674776,0.0546770768133439,0.45525,0.218,FALSE,0,7,"raw","raw"
"SPCA","Ichino-Yaguchi",0.966528521351179,0.0511950286806883,0.965433018672141,0.0545226423078583,0.45725,0.216125,FALSE,0,7,"raw","raw"
"SPCA","Wasserstein",0.966503027405991,0.0512485659655831,0.965434588161004,0.0545225570095505,0.45725,0.21625,FALSE,0,7,"raw","raw"
"SPCA","Centers-Euclidean",0.96650868387508,0.0512362970044614,0.965492032413016,0.0544042007028239,0.457375,0.215875,FALSE,0,7,"raw","raw"
"IMDS","Int-Euclidean",0.537621653919694,-0.00270634161886552,0.542421300049422,0.0036000941949213,0.03675,-0.003,TRUE,0,7,"raw","raw"
"IMDS","Hausdorff",0.562511870618228,0.0431005417463353,0.570727168393872,0.0492451724569716,0.046125,-0.003,TRUE,0,7,"raw","raw"
"IMDS","Ichino-Yaguchi",0.570798677501593,0.0531604525175271,0.579842948968923,0.0580645626303678,0.047,-0.004125,TRUE,0,7,"raw","raw"
"IMDS","Wasserstein",0.560857950924156,0.0342270554493308,0.56982497960091,0.0413934591722209,0.045,-0.001625,TRUE,0,7,"raw","raw"
"IMDS","Centers-Euclidean",0.555328553218611,0.0163017845761632,0.562551412062307,0.0216437990433282,0.049375,-0.0025,TRUE,0,7,"raw","raw"
"Int-UMAP","Int-Euclidean",0.773713033779477,0.0130528999362651,0.8546429448021,-0.00435134923157315,0.417875,-0.01825,FALSE,0,7,"raw","raw"
"Int-UMAP","Hausdorff",0.773172084130019,0.013236137667304,0.854888770793382,-0.00427292276869434,0.418625,-0.019625,FALSE,0,7,"raw","raw"
"Int-UMAP","Ichino-Yaguchi",0.774469168260038,0.0125613448056087,0.856475075471943,-0.00642579085605555,0.420125,-0.025,FALSE,0,7,"raw","raw"
"Int-UMAP","Wasserstein",0.773656150414277,0.0131733588272784,0.855400636982173,-0.00536057471270249,0.41875,-0.022625,FALSE,0,7,"raw","raw"
"Int-UMAP","Centers-Euclidean",0.773846478648821,0.0129211281070746,0.855319168141901,-0.00491560500127861,0.418625,-0.021625,FALSE,0,7,"raw","raw"
"C-PCA","Int-Euclidean",0.938539117272148,0.0943612173358828,0.937195575883848,0.103512290889066,0.47475,0.137,FALSE,0,7,"std","raw"
"C-PCA","Hausdorff",0.938269678138942,0.09442017208413,0.937097862087478,0.103379193755277,0.47625,0.133375,FALSE,0,7,"std","raw"
"C-PCA","Ichino-Yaguchi",0.938388065646909,0.0943596239643084,0.937379387659655,0.102914234811911,0.47475,0.132,FALSE,0,7,"std","raw"
"C-PCA","Wasserstein",0.938450525812619,0.0942264181007011,0.937444324515024,0.102776005278942,0.47475,0.13225,FALSE,0,7,"std","raw"
"C-PCA","Centers-Euclidean",0.938384002549395,0.0943718929254301,0.937419044762164,0.102842724122583,0.474875,0.132375,FALSE,0,7,"std","raw"
"V-PCA","Int-Euclidean",0.938547960484385,0.0943371574251115,0.93717653037106,0.103546276080597,0.475,0.136875,FALSE,0,7,"std","raw"
"V-PCA","Hausdorff",0.938248725302741,0.0944557042702359,0.937115580891712,0.10332816830755,0.476375,0.1325,FALSE,0,7,"std","raw"
"V-PCA","Ichino-Yaguchi",0.938316124920331,0.0944933078393881,0.937373430958953,0.102920394842455,0.474625,0.131625,FALSE,0,7,"std","raw"
"V-PCA","Wasserstein",0.938350063734863,0.0944203314212875,0.93750692313053,0.102646947446518,0.47475,0.132125,FALSE,0,7,"std","raw"
"V-PCA","Centers-Euclidean",0.938304254302103,0.0945215105162523,0.937417230787025,0.102841217967713,0.474875,0.132125,FALSE,0,7,"std","raw"
"MR-PCA","Int-Euclidean",0.938255815806246,0.0945559273422562,0.937050164020116,0.103385479174333,0.475875,0.132125,FALSE,0,7,"std","raw"
"MR-PCA","Hausdorff",0.937419455066922,0.0959864563416188,0.936660360456148,0.103962631195195,0.46925,0.1305,FALSE,0,7,"std","raw"
"MR-PCA","Ichino-Yaguchi",0.938366395793499,0.0943867112810708,0.937231837047478,0.103067310941845,0.4745,0.1325,FALSE,0,7,"std","raw"
"MR-PCA","Wasserstein",0.93837683237731,0.0943629700446145,0.937479531711437,0.102698162256488,0.473625,0.131375,FALSE,0,7,"std","raw"
"MR-PCA","Centers-Euclidean",0.938384002549395,0.0943718929254301,0.937419044762164,0.102842724122583,0.474875,0.132375,FALSE,0,7,"std","raw"
"SPCA","Int-Euclidean",0.938539117272148,0.0943612173358828,0.937195575883848,0.103512290889066,0.47475,0.137,FALSE,0,7,"std","raw"
"SPCA","Hausdorff",0.938269678138942,0.09442017208413,0.937097862087478,0.103379193755277,0.47625,0.133375,FALSE,0,7,"std","raw"
"SPCA","Ichino-Yaguchi",0.938388065646909,0.0943596239643084,0.937379387659655,0.102914234811911,0.47475,0.132,FALSE,0,7,"std","raw"
"SPCA","Wasserstein",0.938450525812619,0.0942264181007011,0.937444324515024,0.102776005278942,0.47475,0.13225,FALSE,0,7,"std","raw"
"SPCA","Centers-Euclidean",0.938384002549395,0.0943718929254301,0.937419044762164,0.102842724122583,0.474875,0.132375,FALSE,0,7,"std","raw"
"IMDS","Int-Euclidean",0.537156708094328,0.000274219247928698,0.541857313715746,0.007746508271121,0.034875,-0.003,TRUE,0,7,"std","raw"
"IMDS","Hausdorff",0.563444072657744,0.0481657106437221,0.571991482409527,0.0568979474838791,0.048125,0.000750000000000001,TRUE,0,7,"std","raw"
"IMDS","Ichino-Yaguchi",0.571955066921606,0.05701051625239,0.580099416350594,0.0665469387631507,0.047875,-0.001875,TRUE,0,7,"std","raw"
"IMDS","Wasserstein",0.562647546207776,0.0373642447418738,0.570382145481894,0.0491022449064542,0.047625,-0.000249999999999997,TRUE,0,7,"std","raw"
"IMDS","Centers-Euclidean",0.557536966220523,0.0170321861057998,0.56465586888183,0.0238656903081162,0.0505,0.001125,TRUE,0,7,"std","raw"
"Int-UMAP","Int-Euclidean",0.770605481198215,0.00551625239005737,0.849348340653634,-0.00573924311570156,0.430625,-0.023875,FALSE,0,7,"std","raw"
"Int-UMAP","Hausdorff",0.769835245379222,0.00658221797323133,0.849978211826747,-0.00591479193780864,0.430625,-0.027375,FALSE,0,7,"std","raw"
"Int-UMAP","Ichino-Yaguchi",0.770857154238368,0.00535866794136386,0.850752600510835,-0.00696868856922497,0.43175,-0.027375,FALSE,0,7,"std","raw"
"Int-UMAP","Wasserstein",0.77064539515615,0.00562380497131931,0.850354206341042,-0.00655854167871506,0.431625,-0.0265,FALSE,0,7,"std","raw"
"Int-UMAP","Centers-Euclidean",0.770623725302741,0.00558397068196292,0.85012006845701,-0.00593012302916124,0.431375,-0.02475,FALSE,0,7,"std","raw"
"C-PCA","Int-Euclidean",0.931893164435946,0.120412205226259,0.929060368661845,0.127549188761914,0.486375,0.208,FALSE,0,7,"std","std"
"C-PCA","Hausdorff",0.931490041427661,0.121470841300191,0.928956613932694,0.127918411870044,0.491625,0.209375,FALSE,0,7,"std","std"
"C-PCA","Ichino-Yaguchi",0.931751912045889,0.120945188017846,0.929339520808607,0.1272096140661,0.4905,0.209625,FALSE,0,7,"std","std"
"C-PCA","Wasserstein",0.931810149776928,0.120829031230083,0.929407021944354,0.127077497436359,0.49025,0.208125,FALSE,0,7,"std","std"
"C-PCA","Centers-Euclidean",0.931749760994264,0.120947896749522,0.929371758664304,0.127154937424308,0.4905,0.20925,FALSE,0,7,"std","std"
"V-PCA","Int-Euclidean",0.931947737412365,0.120303696622052,0.929097202070497,0.127479299380171,0.486625,0.208,FALSE,0,7,"std","std"
"V-PCA","Hausdorff",0.931515694710006,0.12142017208413,0.929026936949709,0.127782697784172,0.492,0.209125,FALSE,0,7,"std","std"
"V-PCA","Ichino-Yaguchi",0.931694072657744,0.121060548119822,0.92937451507912,0.127140390650896,0.4905,0.2095,FALSE,0,7,"std","std"
"V-PCA","Wasserstein",0.931728170809433,0.120996813256852,0.929544234508249,0.126805622301481,0.49025,0.208125,FALSE,0,7,"std","std"
"V-PCA","Centers-Euclidean",0.931696303377948,0.121056086679414,0.929416286513433,0.127068270505159,0.490625,0.20925,FALSE,0,7,"std","std"
"MR-PCA","Int-Euclidean",0.931832456978968,0.120924314850223,0.929134457705772,0.127704599719778,0.494125,0.2165,FALSE,0,7,"std","std"
"MR-PCA","Hausdorff",0.930517686424474,0.123079031230083,0.928585930837402,0.128146739020103,0.485125,0.1905,FALSE,0,7,"std","std"
"MR-PCA","Ichino-Yaguchi",0.931695825366475,0.121037284894838,0.929145885226691,0.127447250246981,0.490125,0.20625,FALSE,0,7,"std","std"
"MR-PCA","Wasserstein",0.931759719566603,0.12092511153601,0.92944656400077,0.126979472407789,0.48975,0.204625,FALSE,0,7,"std","std"
"MR-PCA","Centers-Euclidean",0.931749760994264,0.120947896749522,0.929371758664304,0.127154937424308,0.4905,0.20925,FALSE,0,7,"std","std"
"SPCA","Int-Euclidean",0.931893164435946,0.120412205226259,0.929060368661845,0.127549188761914,0.486375,0.208,FALSE,0,7,"std","std"
"SPCA","Hausdorff",0.931490041427661,0.121470841300191,0.928956613932694,0.127918411870044,0.491625,0.209375,FALSE,0,7,"std","std"
"SPCA","Ichino-Yaguchi",0.931751912045889,0.120945188017846,0.929339520808607,0.1272096140661,0.4905,0.209625,FALSE,0,7,"std","std"
"SPCA","Wasserstein",0.931810149776928,0.120829031230083,0.929407021944354,0.127077497436359,0.49025,0.208125,FALSE,0,7,"std","std"
"SPCA","Centers-Euclidean",0.931749760994264,0.120947896749522,0.929371758664304,0.127154937424308,0.4905,0.20925,FALSE,0,7,"std","std"
"IMDS","Int-Euclidean",0.589228887826641,-0.0677184512428299,0.594664254345224,-0.0777169715995872,0.041625,-0.00575,TRUE,0,7,"std","std"
"IMDS","Hausdorff",0.622405991077119,-0.0207265774378586,0.635102570895262,-0.0359309604452981,0.053875,0.000125,TRUE,0,7,"std","std"
"IMDS","Ichino-Yaguchi",0.632325525812619,-0.0159786488209051,0.644549207292971,-0.028584383526099,0.055625,-0.001,TRUE,0,7,"std","std"
"IMDS","Wasserstein",0.62403338113448,-0.0366598151688974,0.634852450560674,-0.0499768756287551,0.055,-0.001,TRUE,0,7,"std","std"
"IMDS","Centers-Euclidean",0.620040073295092,-0.0672082536647546,0.630079199798662,-0.0855048638374583,0.05775,0.00025,TRUE,0,7,"std","std"
"Int-UMAP","Int-Euclidean",0.778954509241555,0.0112225940089229,0.859091191205369,0.00765818933699502,0.45675,-0.0215,FALSE,0,7,"std","std"
"Int-UMAP","Hausdorff",0.778264021669853,0.010935946462715,0.857776758249754,0.00305367430137701,0.4525,-0.031875,FALSE,0,7,"std","std"
"Int-UMAP","Ichino-Yaguchi",0.77902660930529,0.0104333970681962,0.859014064155587,0.00422777394788373,0.456625,-0.02625,FALSE,0,7,"std","std"
"Int-UMAP","Wasserstein",0.778721797323136,0.0105446144040791,0.858729005420878,0.00438643242557168,0.4565,-0.028,FALSE,0,7,"std","std"
"Int-UMAP","Centers-Euclidean",0.778819391332059,0.010649936265137,0.858478093091502,0.00508787858161197,0.4565,-0.0255,FALSE,0,7,"std","std"
"C-PCA","Int-Euclidean",0.964052740599108,0.0560624601657107,0.96382615155701,0.0578833160945453,0.46,0.220375,FALSE,0,8,"raw","raw"
"C-PCA","Hausdorff",0.963954987253027,0.0562015615041427,0.963996969095229,0.0575094190656389,0.45975,0.220625,FALSE,0,8,"raw","raw"
"C-PCA","Ichino-Yaguchi",0.964041507329509,0.0560536966220523,0.963706516841895,0.0581149982402959,0.45875,0.22175,FALSE,0,8,"raw","raw"
"C-PCA","Wasserstein",0.964020873167623,0.0560981516889739,0.963730052884098,0.0580751722471379,0.45875,0.221625,FALSE,0,8,"raw","raw"
"C-PCA","Centers-Euclidean",0.964041507329509,0.0560543339706819,0.963734587342141,0.0580644609121358,0.45875,0.2215,FALSE,0,8,"raw","raw"
"V-PCA","Int-Euclidean",0.964032584448693,0.056101179094965,0.963795610711147,0.0579366305223617,0.460125,0.220375,FALSE,0,8,"raw","raw"
"V-PCA","Hausdorff",0.963957058636074,0.0561961440407903,0.963944999288612,0.0576181618265848,0.4595,0.219875,FALSE,0,8,"raw","raw"
"V-PCA","Ichino-Yaguchi",0.964034257488846,0.0560592734225621,0.96369385238889,0.0581372316707158,0.458875,0.222,FALSE,0,8,"raw","raw"
"V-PCA","Wasserstein",0.964017686424474,0.0560971956660293,0.963709091251447,0.0581122394797759,0.458875,0.222,FALSE,0,8,"raw","raw"
"V-PCA","Centers-Euclidean",0.964034177820268,0.0560597514340344,0.963710589196355,0.0581093617281164,0.458875,0.222,FALSE,0,8,"raw","raw"
"MR-PCA","Int-Euclidean",0.967127310388783,0.0498419375398342,0.966481534686301,0.0523162975126502,0.453125,0.2225,FALSE,0,8,"raw","raw"
"MR-PCA","Hausdorff",0.96711759082218,0.0493559592096877,0.965634666430732,0.053420642335495,0.45175,0.20875,FALSE,0,8,"raw","raw"
"MR-PCA","Ichino-Yaguchi",0.967336121733588,0.0493949968132569,0.965939236300367,0.0533363776299387,0.45275,0.21375,FALSE,0,8,"raw","raw"
"MR-PCA","Wasserstein",0.967222594008923,0.0496650732950924,0.965903333816122,0.0535703449173553,0.454,0.220375,FALSE,0,8,"raw","raw"
"MR-PCA","Centers-Euclidean",0.96727724665392,0.04955321861058,0.966041834491087,0.053339083505508,0.454125,0.224625,FALSE,0,8,"raw","raw"
"SPCA","Int-Euclidean",0.967103170809433,0.0498644040790313,0.966152074877072,0.0529877184510987,0.45225,0.223625,FALSE,0,8,"raw","raw"
"SPCA","Hausdorff",0.967321303377948,0.0494921924792862,0.966173499359666,0.0530717255557654,0.4545,0.23,FALSE,0,8,"raw","raw"
"SPCA","Ichino-Yaguchi",0.967193833652008,0.0497611536010197,0.966018968040601,0.0533857205685439,0.45325,0.23025,FALSE,0,8,"raw","raw"
"SPCA","Wasserstein",0.967231357552581,0.0496838750796686,0.966022613263784,0.0533794029493767,0.4535,0.231,FALSE,0,8,"raw","raw"
"SPCA","Centers-Euclidean",0.967193275971957,0.049761631612492,0.966004317629744,0.0534150132869174,0.45325,0.23025,FALSE,0,8,"raw","raw"
"IMDS","Int-Euclidean",0.538016252390057,0.00555130656469094,0.544711429533959,-0.00344221470402933,0.0345,-0.002125,TRUE,0,8,"raw","raw"
"IMDS","Hausdorff",0.569652087316762,0.0487662523900574,0.579531434111066,0.0512596062954245,0.048,-0.000999999999999997,TRUE,0,8,"raw","raw"
"IMDS","Ichino-Yaguchi",0.577281867431485,0.0503514977692798,0.58312007754128,0.0574169672152542,0.0495,-0.00025,TRUE,0,8,"raw","raw"
"IMDS","Wasserstein",0.567622689611217,0.0336265137029956,0.574000949860631,0.0373786160298381,0.048625,0.002375,TRUE,0,8,"raw","raw"
"IMDS","Centers-Euclidean",0.558712476099426,0.0182021988527725,0.563858774747811,0.0158469895924123,0.045875,-0.001875,TRUE,0,8,"raw","raw"
"Int-UMAP","Int-Euclidean",0.888363687061823,0.007441523263225,0.930420301014316,0.00966626610581323,0.5345,0.0035,FALSE,0,8,"raw","raw"
"Int-UMAP","Hausdorff",0.888511472275335,0.00781867431485017,0.93035250016164,0.0108461033429942,0.53,0.00125,FALSE,0,8,"raw","raw"
"Int-UMAP","Ichino-Yaguchi",0.888533859145953,0.00780417463352456,0.931132886063126,0.00879076896595078,0.53575,-0.000374999999999986,FALSE,0,8,"raw","raw"
"Int-UMAP","Wasserstein",0.88856747928617,0.00767001274697265,0.930751139670691,0.00946150666495388,0.532375,-5e-04,FALSE,0,8,"raw","raw"
"Int-UMAP","Centers-Euclidean",0.888560707456979,0.00773900573613762,0.930798705419053,0.00950152308658408,0.533125,0.0025,FALSE,0,8,"raw","raw"
"C-PCA","Int-Euclidean",0.937958253664755,0.0941631612492033,0.938506999301919,0.100171357689753,0.451375,0.153,FALSE,0,8,"std","raw"
"C-PCA","Hausdorff",0.937927979604844,0.0940299553855959,0.939147665828867,0.0987399699852314,0.45275,0.148875,FALSE,0,8,"std","raw"
"C-PCA","Ichino-Yaguchi",0.937796367112811,0.0942265774378584,0.938922777266841,0.0992663518135529,0.452625,0.1505,FALSE,0,8,"std","raw"
"C-PCA","Wasserstein",0.937865439770554,0.0940909815168898,0.939109474577778,0.0988999171071045,0.452875,0.150375,FALSE,0,8,"std","raw"
"C-PCA","Centers-Euclidean",0.937827119184194,0.0941647546207777,0.939140078651011,0.0988361798658121,0.45275,0.149875,FALSE,0,8,"std","raw"
"V-PCA","Int-Euclidean",0.937777963671128,0.0945246972594009,0.938382731929084,0.100423479229265,0.451125,0.152375,FALSE,0,8,"std","raw"
"V-PCA","Hausdorff",0.93782919056724,0.09421287444232,0.939274911072249,0.0984796813459937,0.4525,0.14925,FALSE,0,8,"std","raw"
"V-PCA","Ichino-Yaguchi",0.937700207138305,0.094401051625239,0.938857355597215,0.0993901047309683,0.453,0.15075,FALSE,0,8,"std","raw"
"V-PCA","Wasserstein",0.937699569789675,0.094407425111536,0.938986653864244,0.0991487418670196,0.45325,0.149875,FALSE,0,8,"std","raw"
"V-PCA","Centers-Euclidean",0.937702836201402,0.0943948374760994,0.939097319568916,0.0989162675132353,0.453,0.149875,FALSE,0,8,"std","raw"
"MR-PCA","Int-Euclidean",0.937715742511154,0.0943403441682601,0.939134877373447,0.0986895418389053,0.451875,0.150625,FALSE,0,8,"std","raw"
"MR-PCA","Hausdorff",0.937666586998088,0.0944099745060548,0.938695359183497,0.0993819088430632,0.449125,0.149625,FALSE,0,8,"std","raw"
"MR-PCA","Ichino-Yaguchi",0.93786512109624,0.0940916188655194,0.938639351781481,0.0997757526680031,0.453,0.15175,FALSE,0,8,"std","raw"
"MR-PCA","Wasserstein",0.937850382409178,0.0941230082855322,0.938929889439745,0.0992330859000021,0.453125,0.15075,FALSE,0,8,"std","raw"
"MR-PCA","Centers-Euclidean",0.937827119184194,0.0941647546207777,0.939140078651011,0.0988361798658121,0.45275,0.149875,FALSE,0,8,"std","raw"
"SPCA","Int-Euclidean",0.937958253664755,0.0941631612492033,0.938506999301919,0.100171357689753,0.451375,0.153,FALSE,0,8,"std","raw"
"SPCA","Hausdorff",0.937927979604844,0.0940299553855959,0.939147665828867,0.0987399699852314,0.45275,0.148875,FALSE,0,8,"std","raw"
"SPCA","Ichino-Yaguchi",0.937796367112811,0.0942265774378584,0.938922777266841,0.0992663518135529,0.452625,0.1505,FALSE,0,8,"std","raw"
"SPCA","Wasserstein",0.937865439770554,0.0940909815168898,0.939109474577778,0.0988999171071045,0.452875,0.150375,FALSE,0,8,"std","raw"
"SPCA","Centers-Euclidean",0.937827119184194,0.0941647546207777,0.939140078651011,0.0988361798658121,0.45275,0.149875,FALSE,0,8,"std","raw"
"IMDS","Int-Euclidean",0.534184353091141,0.0130449330783938,0.541635201187148,0.00142554029227637,0.035125,-0.00325,TRUE,0,8,"std","raw"
"IMDS","Hausdorff",0.572631293817718,0.042817080943276,0.583698995663605,0.0418331079752041,0.04675,-0.00175,TRUE,0,8,"std","raw"
"IMDS","Ichino-Yaguchi",0.577500398342894,0.0509252708731676,0.5854778928324,0.0515092070566949,0.048125,-0.000625000000000001,TRUE,0,8,"std","raw"
"IMDS","Wasserstein",0.567623565965583,0.030860579987253,0.574822485158521,0.0273751537715243,0.047875,0.003125,TRUE,0,8,"std","raw"
"IMDS","Centers-Euclidean",0.561631453154876,0.0149308476736774,0.567786065254741,0.00565868995276353,0.046125,-0.00175,TRUE,0,8,"std","raw"
"Int-UMAP","Int-Euclidean",0.893698215423837,0.00655544933078389,0.935404390960699,0.00481439386766581,0.525125,0.012375,FALSE,0,8,"std","raw"
"Int-UMAP","Hausdorff",0.892909098151689,0.00877676864244747,0.935274925189119,0.00607362122535796,0.521875,0.00437500000000002,FALSE,0,8,"std","raw"
"Int-UMAP","Ichino-Yaguchi",0.893900175270873,0.00679461440407914,0.935780230125452,0.00451100761867426,0.5255,0.00362499999999999,FALSE,0,8,"std","raw"
"Int-UMAP","Wasserstein",0.893607393244105,0.00729604843849585,0.935489856239938,0.00500093231050427,0.523875,0.00387500000000002,FALSE,0,8,"std","raw"
"Int-UMAP","Centers-Euclidean",0.893769757807521,0.00703983428935628,0.935482908159653,0.00515648720926284,0.524125,0.00487500000000002,FALSE,0,8,"std","raw"
"C-PCA","Int-Euclidean",0.922712396430848,0.137355959209688,0.922158331550599,0.140575695552256,0.453875,0.218,FALSE,0,8,"std","std"
"C-PCA","Hausdorff",0.922539435946463,0.137385436583811,0.922702148139789,0.139224666317285,0.457,0.21375,FALSE,0,8,"std","std"
"C-PCA","Ichino-Yaguchi",0.922529557042702,0.137657903123008,0.922671214068728,0.139544421951281,0.455875,0.216875,FALSE,0,8,"std","std"
"C-PCA","Wasserstein",0.922625239005736,0.137457616316125,0.922880935845266,0.139136322220158,0.456375,0.217625,FALSE,0,8,"std","std"
"C-PCA","Centers-Euclidean",0.922568753983429,0.1375804652645,0.922959936365756,0.13897682547335,0.456125,0.217,FALSE,0,8,"std","std"
"V-PCA","Int-Euclidean",0.922572020395156,0.137632249840663,0.922090257956584,0.140716718818052,0.453875,0.21775,FALSE,0,8,"std","std"
"V-PCA","Hausdorff",0.922508285532186,0.137451242829828,0.923011875998097,0.138611847235507,0.456875,0.213875,FALSE,0,8,"std","std"
"V-PCA","Ichino-Yaguchi",0.922479764181007,0.137762587635437,0.922662233436391,0.139571742146286,0.4565,0.217125,FALSE,0,8,"std","std"
"V-PCA","Wasserstein",0.922482154238368,0.137747928616954,0.922821895981784,0.139271755461352,0.456875,0.21775,FALSE,0,8,"std","std"
"V-PCA","Centers-Euclidean",0.922492431485022,0.137735978330147,0.922989928210385,0.13892913966762,0.456625,0.217,FALSE,0,8,"std","std"
"MR-PCA","Int-Euclidean",0.922514818355641,0.13780879541109,0.923096170984552,0.138815073012793,0.456875,0.221,FALSE,0,8,"std","std"
"MR-PCA","Hausdorff",0.922224107711918,0.137734384958572,0.92220516138781,0.139904527949782,0.452625,0.203125,FALSE,0,8,"std","std"
"MR-PCA","Ichino-Yaguchi",0.922611536010198,0.1375,0.922277373868966,0.14026885365557,0.45625,0.216125,FALSE,0,8,"std","std"
"MR-PCA","Wasserstein",0.922624123645634,0.137452836201402,0.922651908929215,0.139568479912504,0.457,0.21725,FALSE,0,8,"std","std"
"MR-PCA","Centers-Euclidean",0.922568753983429,0.1375804652645,0.922959936365756,0.13897682547335,0.456125,0.217,FALSE,0,8,"std","std"
"SPCA","Int-Euclidean",0.922712396430848,0.137355959209688,0.922158331550599,0.140575695552256,0.453875,0.218,FALSE,0,8,"std","std"
"SPCA","Hausdorff",0.922539435946463,0.137385436583811,0.922702148139789,0.139224666317285,0.457,0.21375,FALSE,0,8,"std","std"
"SPCA","Ichino-Yaguchi",0.922529557042702,0.137657903123008,0.922671214068728,0.139544421951281,0.455875,0.216875,FALSE,0,8,"std","std"
"SPCA","Wasserstein",0.922625239005736,0.137457616316125,0.922880935845266,0.139136322220158,0.456375,0.217625,FALSE,0,8,"std","std"
"SPCA","Centers-Euclidean",0.922568753983429,0.1375804652645,0.922959936365756,0.13897682547335,0.456125,0.217,FALSE,0,8,"std","std"
"IMDS","Int-Euclidean",0.583358588272785,-0.0667681644359464,0.592429489326708,-0.0905593216890908,0.038125,-0.00225,TRUE,0,8,"std","std"
"IMDS","Hausdorff",0.630858030592734,-0.0414792861695347,0.64475984975812,-0.0593723027608845,0.05675,-0.006,TRUE,0,8,"std","std"
"IMDS","Ichino-Yaguchi",0.63760707456979,-0.0356516889738687,0.648288501608982,-0.0531869716729438,0.05975,-0.005375,TRUE,0,8,"std","std"
"IMDS","Wasserstein",0.626886472275335,-0.05996287444232,0.635868555883442,-0.0774977099536813,0.059125,-0.002625,TRUE,0,8,"std","std"
"IMDS","Centers-Euclidean",0.619649458253665,-0.0784633524537922,0.627646463591867,-0.0977107729715593,0.056125,-0.01025,TRUE,0,8,"std","std"
"Int-UMAP","Int-Euclidean",0.894641571064372,0.0253277565328235,0.9370931555401,0.0178426277354954,0.562625,-0.025875,FALSE,0,8,"std","std"
"Int-UMAP","Hausdorff",0.893387109623964,0.0270549713193117,0.936309290107392,0.0176648724594112,0.5555,-0.03925,FALSE,0,8,"std","std"
"Int-UMAP","Ichino-Yaguchi",0.89454517208413,0.0251199808795411,0.9372521700316,0.0167226812124165,0.561625,-0.03825,FALSE,0,8,"std","std"
"Int-UMAP","Wasserstein",0.894182441045252,0.0258005098789037,0.936939563675272,0.0173898397944243,0.561125,-0.03575,FALSE,0,8,"std","std"
"Int-UMAP","Centers-Euclidean",0.894336121733588,0.0254753027405991,0.936872775526755,0.0174824908163577,0.560875,-0.033875,FALSE,0,8,"std","std"
"C-PCA","Int-Euclidean",0.966441762268961,0.051450127469726,0.965456086959748,0.0543656362716383,0.4495,0.213125,FALSE,0,9,"raw","raw"
"C-PCA","Hausdorff",0.966139181007011,0.0519682919056724,0.965332659028886,0.0545277060419009,0.44725,0.212,FALSE,0,9,"raw","raw"
"C-PCA","Ichino-Yaguchi",0.966272705544933,0.0517952517527087,0.965327420326689,0.0546747669351687,0.4485,0.2145,FALSE,0,9,"raw","raw"
"C-PCA","Wasserstein",0.966275254939452,0.0517923836838752,0.965410933767399,0.0544995262531985,0.448375,0.21425,FALSE,0,9,"raw","raw"
"C-PCA","Centers-Euclidean",0.966272546207776,0.051794614404079,0.965422716022656,0.0544844826171432,0.4485,0.21425,FALSE,0,9,"raw","raw"
"V-PCA","Int-Euclidean",0.966430210325048,0.0514652644996814,0.96546644270743,0.0543401203490884,0.4495,0.213375,FALSE,0,9,"raw","raw"
"V-PCA","Hausdorff",0.966141411727215,0.0519663798597834,0.965316439982149,0.0545605441844381,0.447375,0.21225,FALSE,0,9,"raw","raw"
"V-PCA","Ichino-Yaguchi",0.966282425111536,0.0517786806883366,0.965341887239561,0.0546459414382762,0.44875,0.2145,FALSE,0,9,"raw","raw"
"V-PCA","Wasserstein",0.966261472275335,0.0518240917782027,0.965393854593851,0.0545387184799296,0.448625,0.21425,FALSE,0,9,"raw","raw"
"V-PCA","Centers-Euclidean",0.966282664117272,0.0517788400254939,0.965442560673966,0.0544471168404279,0.44875,0.21425,FALSE,0,9,"raw","raw"
"MR-PCA","Int-Euclidean",0.9688465583174,0.0474002549394519,0.967735535496805,0.0504686553455341,0.465375,0.21625,FALSE,0,9,"raw","raw"
"MR-PCA","Hausdorff",0.969187300828553,0.046596717654557,0.967738980268966,0.0502237643303289,0.47025,0.216625,FALSE,0,9,"raw","raw"
"MR-PCA","Ichino-Yaguchi",0.968858508604207,0.0473091140854047,0.9674758349894,0.0508818714824044,0.466125,0.214125,FALSE,0,9,"raw","raw"
"MR-PCA","Wasserstein",0.968913878266412,0.0472327915869981,0.967640998422664,0.0506407286880898,0.467,0.21925,FALSE,0,9,"raw","raw"
"MR-PCA","Centers-Euclidean",0.968858428935628,0.0473462396430848,0.967489254439052,0.0509629438987912,0.465875,0.218,FALSE,0,9,"raw","raw"
"SPCA","Int-Euclidean",0.968791188655194,0.0473946781389419,0.967508223503232,0.050811174325687,0.462,0.21775,FALSE,0,9,"raw","raw"
"SPCA","Hausdorff",0.968922402804334,0.0471427660930529,0.967761822302812,0.0503651799683407,0.46275,0.218125,FALSE,0,9,"raw","raw"
"SPCA","Ichino-Yaguchi",0.968902963671128,0.0472045889101339,0.967718679591578,0.0504940676306399,0.464,0.21925,FALSE,0,9,"raw","raw"
"SPCA","Wasserstein",0.96890471637986,0.0472020395156151,0.967664825012228,0.0506022617102208,0.463875,0.21925,FALSE,0,9,"raw","raw"
"SPCA","Centers-Euclidean",0.968917383683875,0.0471773422562142,0.967725294262102,0.0504834428734202,0.464,0.219375,FALSE,0,9,"raw","raw"
"IMDS","Int-Euclidean",0.532173119821542,0.00370634161886563,0.532106590236824,0.0023532965066419,0.028,0.002625,TRUE,0,9,"raw","raw"
"IMDS","Hausdorff",0.547880656469089,0.0505446144040791,0.548387839591755,0.0596375623722551,0.04025,-0.001375,TRUE,0,9,"raw","raw"
"IMDS","Ichino-Yaguchi",0.552364085404716,0.0577501593371574,0.55165405243304,0.067435583357686,0.039375,0.002,TRUE,0,9,"raw","raw"
"IMDS","Wasserstein",0.544364404079031,0.0446819630337795,0.54359955009834,0.0513523131877496,0.039125,0.000625000000000001,TRUE,0,9,"raw","raw"
"IMDS","Centers-Euclidean",0.537448852772467,0.0275009560229446,0.537802656735214,0.0322789165954853,0.03525,0.002,TRUE,0,9,"raw","raw"
"Int-UMAP","Int-Euclidean",0.80628959528362,0.00787364563416193,0.874685542137279,-0.00216921039015276,0.435125,-0.0305,FALSE,0,9,"raw","raw"
"Int-UMAP","Hausdorff",0.805183636073932,0.00502629063097515,0.874255971009493,-0.00677999058647874,0.43675,-0.025625,FALSE,0,9,"raw","raw"
"Int-UMAP","Ichino-Yaguchi",0.80814420012747,0.00840216698534102,0.877744307148288,-0.00205129294321982,0.439375,-0.03275,FALSE,0,9,"raw","raw"
"Int-UMAP","Wasserstein",0.806494343530911,0.00690901848311021,0.876168983454005,-0.00477330226086575,0.437625,-0.03375,FALSE,0,9,"raw","raw"
"Int-UMAP","Centers-Euclidean",0.805592256214149,0.00925908221797322,0.875259841036368,-0.00223824977425802,0.43725,-0.0305,FALSE,0,9,"raw","raw"
"C-PCA","Int-Euclidean",0.954925509878904,0.0627305608667941,0.95339319835132,0.0720365211955206,0.4815,0.176875,FALSE,0,9,"std","raw"
"C-PCA","Hausdorff",0.954639738687062,0.0626988527724665,0.952961291755867,0.0724298707167668,0.47925,0.173125,FALSE,0,9,"std","raw"
"C-PCA","Ichino-Yaguchi",0.954866077119184,0.0624201720841301,0.953113789563274,0.0723281912954442,0.482875,0.174375,FALSE,0,9,"std","raw"
"C-PCA","Wasserstein",0.954866555130656,0.0624064690885915,0.953077013411112,0.0724055368155173,0.482875,0.173875,FALSE,0,9,"std","raw"
"C-PCA","Centers-Euclidean",0.95486512109624,0.06242017208413,0.953113146307411,0.0723392440369233,0.482875,0.173875,FALSE,0,9,"std","raw"
"V-PCA","Int-Euclidean",0.954907265774379,0.0627641810070109,0.953402606541425,0.0720128577389705,0.481625,0.17725,FALSE,0,9,"std","raw"
"V-PCA","Hausdorff",0.954615917782027,0.0627426704907584,0.952897110536883,0.0725591394492561,0.479125,0.173375,FALSE,0,9,"std","raw"
"V-PCA","Ichino-Yaguchi",0.954885834926705,0.0623768323773104,0.953113041070623,0.0723259790838314,0.482875,0.17425,FALSE,0,9,"std","raw"
"V-PCA","Wasserstein",0.954864722753346,0.062406309751434,0.953019124328425,0.0725174300694618,0.482875,0.17375,FALSE,0,9,"std","raw"
"V-PCA","Centers-Euclidean",0.954852852135118,0.0624402485659655,0.953037765847103,0.0724824057312957,0.48275,0.17375,FALSE,0,9,"std","raw"
"MR-PCA","Int-Euclidean",0.954833173996176,0.0623718929254302,0.953229275795189,0.0719380223348501,0.482375,0.172,FALSE,0,9,"std","raw"
"MR-PCA","Hausdorff",0.954964069471001,0.062211759082218,0.95299593672981,0.0724440033668948,0.47875,0.178625,FALSE,0,9,"std","raw"
"MR-PCA","Ichino-Yaguchi",0.954801704907585,0.0625470044614403,0.953094497858245,0.0723385840412667,0.48225,0.175375,FALSE,0,9,"std","raw"
"MR-PCA","Wasserstein",0.954868546845124,0.0624028043339707,0.952935550006048,0.0726809496977113,0.482375,0.174625,FALSE,0,9,"std","raw"
"MR-PCA","Centers-Euclidean",0.95486512109624,0.06242017208413,0.953113146307411,0.0723392440369233,0.482875,0.173875,FALSE,0,9,"std","raw"
"SPCA","Int-Euclidean",0.954925509878904,0.0627305608667941,0.95339319835132,0.0720365211955206,0.4815,0.176875,FALSE,0,9,"std","raw"
"SPCA","Hausdorff",0.954639738687062,0.0626988527724665,0.952961291755867,0.0724298707167668,0.47925,0.173125,FALSE,0,9,"std","raw"
"SPCA","Ichino-Yaguchi",0.954866077119184,0.0624201720841301,0.953113789563274,0.0723281912954442,0.482875,0.174375,FALSE,0,9,"std","raw"
"SPCA","Wasserstein",0.954866555130656,0.0624064690885915,0.953077013411112,0.0724055368155173,0.482875,0.173875,FALSE,0,9,"std","raw"
"SPCA","Centers-Euclidean",0.95486512109624,0.06242017208413,0.953113146307411,0.0723392440369233,0.482875,0.173875,FALSE,0,9,"std","raw"
"IMDS","Int-Euclidean",0.529981835564054,0.00748215423836829,0.530400172319641,0.00739663764306442,0.028625,0.00175,TRUE,0,9,"std","raw"
"IMDS","Hausdorff",0.548035452517527,0.0495399936265137,0.549411975750203,0.0590529117771544,0.040375,-0.000499999999999997,TRUE,0,9,"std","raw"
"IMDS","Ichino-Yaguchi",0.552125478011472,0.0555833333333333,0.551561022366752,0.0664358763147241,0.03925,0.001625,TRUE,0,9,"std","raw"
"IMDS","Wasserstein",0.54370976736775,0.0428570745697897,0.543120007170176,0.0519538583921849,0.038,0.000375,TRUE,0,9,"std","raw"
"IMDS","Centers-Euclidean",0.536695188017846,0.0254059910771192,0.535965920489865,0.0356981361552061,0.03475,0.003625,TRUE,0,9,"std","raw"
"Int-UMAP","Int-Euclidean",0.815710882727852,0.0186693753983429,0.882460237234213,0.00657105813915601,0.463,-0.02425,FALSE,0,9,"std","raw"
"Int-UMAP","Hausdorff",0.814140216698534,0.0182708731676227,0.881755437575201,0.00318970740292071,0.4625,-0.032125,FALSE,0,9,"std","raw"
"Int-UMAP","Ichino-Yaguchi",0.818340662842575,0.0150643722115997,0.88596308282841,0.00252506128256923,0.46575,-0.031125,FALSE,0,9,"std","raw"
"Int-UMAP","Wasserstein",0.815867670490758,0.0176910452517528,0.883904169014503,0.00375054612241571,0.4645,-0.02975,FALSE,0,9,"std","raw"
"Int-UMAP","Centers-Euclidean",0.815688177182919,0.0184075844486935,0.883299572476351,0.00568904826024717,0.464625,-0.02575,FALSE,0,9,"std","raw"
"C-PCA","Int-Euclidean",0.929575047801147,0.123139579349904,0.92658476227191,0.131209819805619,0.455375,0.234375,FALSE,0,9,"std","std"
"C-PCA","Hausdorff",0.929247928616953,0.123806564690886,0.92581707782157,0.132651074818387,0.456125,0.232375,FALSE,0,9,"std","std"
"C-PCA","Ichino-Yaguchi",0.929676306564691,0.123102772466539,0.926131074646938,0.132220693463301,0.458,0.237375,FALSE,0,9,"std","std"
"C-PCA","Wasserstein",0.929679652644997,0.123091618865519,0.926073635406202,0.132332165130359,0.458,0.236375,FALSE,0,9,"std","std"
"C-PCA","Centers-Euclidean",0.929672243467176,0.123104843849586,0.926135930466355,0.132209541136047,0.458,0.235875,FALSE,0,9,"std","std"
"V-PCA","Int-Euclidean",0.929612970044614,0.12306309751434,0.926656471919541,0.131063429570296,0.4555,0.234375,FALSE,0,9,"std","std"
"V-PCA","Hausdorff",0.929274617590822,0.123757966857871,0.9257739079215,0.132742113275812,0.45625,0.23225,FALSE,0,9,"std","std"
"V-PCA","Ichino-Yaguchi",0.929746096239643,0.122957775653282,0.926172212421447,0.132136570779427,0.458125,0.237125,FALSE,0,9,"std","std"
"V-PCA","Wasserstein",0.929715105162524,0.123017208413002,0.926021092928071,0.132435697657418,0.458125,0.236375,FALSE,0,9,"std","std"
"V-PCA","Centers-Euclidean",0.92970235818993,0.123037922243467,0.926060040135413,0.13235507241741,0.458,0.2355,FALSE,0,9,"std","std"
"MR-PCA","Int-Euclidean",0.929765057361377,0.123136551943913,0.926532955065193,0.131631449767571,0.4615,0.240375,FALSE,0,9,"std","std"
"MR-PCA","Hausdorff",0.929519996813257,0.123158540471638,0.925826161025122,0.132468608516763,0.455625,0.23425,FALSE,0,9,"std","std"
"MR-PCA","Ichino-Yaguchi",0.929583970681963,0.123290630975143,0.926120236217457,0.132228643265588,0.457625,0.238375,FALSE,0,9,"std","std"
"MR-PCA","Wasserstein",0.929681485022307,0.123090503505418,0.925829371440182,0.132814025293678,0.4575,0.23625,FALSE,0,9,"std","std"
"MR-PCA","Centers-Euclidean",0.929672243467176,0.123104843849586,0.926135930466355,0.132209541136047,0.458,0.235875,FALSE,0,9,"std","std"
"SPCA","Int-Euclidean",0.929575047801147,0.123139579349904,0.92658476227191,0.131209819805619,0.455375,0.234375,FALSE,0,9,"std","std"
"SPCA","Hausdorff",0.929247928616953,0.123806564690886,0.92581707782157,0.132651074818387,0.456125,0.232375,FALSE,0,9,"std","std"
"SPCA","Ichino-Yaguchi",0.929676306564691,0.123102772466539,0.926131074646938,0.132220693463301,0.458,0.237375,FALSE,0,9,"std","std"
"SPCA","Wasserstein",0.929679652644997,0.123091618865519,0.926073635406202,0.132332165130359,0.458,0.236375,FALSE,0,9,"std","std"
"SPCA","Centers-Euclidean",0.929672243467176,0.123104843849586,0.926135930466355,0.132209541136047,0.458,0.235875,FALSE,0,9,"std","std"
"IMDS","Int-Euclidean",0.558530991077119,-0.0362496813256852,0.559868449431154,-0.0452891017678757,0.035,-0.0025,TRUE,0,9,"std","std"
"IMDS","Hausdorff",0.584225382409178,0.00206261950286812,0.588012337568565,-0.0066817821665463,0.050625,0.000125,TRUE,0,9,"std","std"
"IMDS","Ichino-Yaguchi",0.587535611854685,0.00999569789674948,0.590984423078924,0.00436222796450436,0.05025,0.000625000000000001,TRUE,0,9,"std","std"
"IMDS","Wasserstein",0.579480321861058,-0.00779270235818996,0.583485769619336,-0.0168936657220732,0.04925,-0.000750000000000001,TRUE,0,9,"std","std"
"IMDS","Centers-Euclidean",0.574058875079669,-0.0290913001912046,0.576342657632552,-0.0313171704981814,0.04625,-0.000750000000000001,TRUE,0,9,"std","std"
"Int-UMAP","Int-Euclidean",0.822701322498407,0.0261878585086042,0.89014411223739,0.015440551045834,0.5125,-0.03975,FALSE,0,9,"std","std"
"Int-UMAP","Hausdorff",0.819769040790312,0.0247758126195029,0.888134844704195,0.0109907302490489,0.509375,-0.047875,FALSE,0,9,"std","std"
"Int-UMAP","Ichino-Yaguchi",0.825163479923518,0.0223734862970044,0.892940865263475,0.0104122661269672,0.513625,-0.048,FALSE,0,9,"std","std"
"Int-UMAP","Wasserstein",0.822410611854685,0.0248393881453155,0.890755171188586,0.0116188537664577,0.51225,-0.046375,FALSE,0,9,"std","std"
"Int-UMAP","Centers-Euclidean",0.822619184193754,0.0250678776290632,0.890601179914432,0.0127662130332061,0.512375,-0.04375,FALSE,0,9,"std","std"
"C-PCA","Int-Euclidean",0.962019757807521,0.0606290630975144,0.960510333911315,0.0647796691398058,0.467,0.225375,FALSE,0,10,"raw","raw"
"C-PCA","Hausdorff",0.961964467813894,0.0607804333970682,0.960683485637727,0.0644528623211956,0.468,0.227625,FALSE,0,10,"raw","raw"
"C-PCA","Ichino-Yaguchi",0.961827198852772,0.0611014977692799,0.960576943146631,0.0646947435856099,0.46825,0.228125,FALSE,0,10,"raw","raw"
"C-PCA","Wasserstein",0.961814929891651,0.0611282664117272,0.960613568214166,0.0646303324876859,0.46825,0.227875,FALSE,0,10,"raw","raw"
"C-PCA","Centers-Euclidean",0.961815328234544,0.0611258763543658,0.960574539440317,0.0646994166534028,0.468125,0.227375,FALSE,0,10,"raw","raw"
"V-PCA","Int-Euclidean",0.962028362014022,0.06060643722116,0.960503962980705,0.0647908615572639,0.466875,0.224875,FALSE,0,10,"raw","raw"
"V-PCA","Hausdorff",0.961911727214787,0.0608814531548757,0.960665819291952,0.0644882807375438,0.467875,0.227375,FALSE,0,10,"raw","raw"
"V-PCA","Ichino-Yaguchi",0.961803616953474,0.0611489802421924,0.960531030586097,0.0647861869967506,0.468,0.22825,FALSE,0,10,"raw","raw"
"V-PCA","Wasserstein",0.961817399617591,0.0611207775653282,0.960611710523645,0.0646329300344042,0.468,0.2275,FALSE,0,10,"raw","raw"
"V-PCA","Centers-Euclidean",0.961808954748247,0.0611392606755895,0.960541737869429,0.0647631317171351,0.468,0.227625,FALSE,0,10,"raw","raw"
"MR-PCA","Int-Euclidean",0.968345761631612,0.0480615041427661,0.967652882396152,0.0505060818972937,0.467625,0.209,FALSE,0,10,"raw","raw"
"MR-PCA","Hausdorff",0.968306246016571,0.0478919694072658,0.967294037746378,0.0508122115531099,0.468375,0.20725,FALSE,0,10,"raw","raw"
"MR-PCA","Ichino-Yaguchi",0.968269678138942,0.0481604525175271,0.967600534398163,0.0505316415352262,0.46675,0.211375,FALSE,0,10,"raw","raw"
"MR-PCA","Wasserstein",0.968345442957298,0.0480353728489484,0.967706111312415,0.0504422744981431,0.468375,0.211625,FALSE,0,10,"raw","raw"
"MR-PCA","Centers-Euclidean",0.968195108349267,0.048341459528362,0.967872743475916,0.0501216415710515,0.467,0.208375,FALSE,0,10,"raw","raw"
"SPCA","Int-Euclidean",0.968132249840663,0.0484525175270873,0.967411157334264,0.0509272105184414,0.461875,0.21425,FALSE,0,10,"raw","raw"
"SPCA","Hausdorff",0.968309990439771,0.0481642766093052,0.967433901488302,0.0509779523492945,0.46425,0.214125,FALSE,0,10,"raw","raw"
"SPCA","Ichino-Yaguchi",0.968225621414914,0.0483518164435947,0.967217774235339,0.0514119776480902,0.463125,0.216625,FALSE,0,10,"raw","raw"
"SPCA","Wasserstein",0.968202915869981,0.0483965901848311,0.967279505900169,0.0512913351334688,0.462875,0.215875,FALSE,0,10,"raw","raw"
"SPCA","Centers-Euclidean",0.968254142766093,0.0482947737412365,0.967299514217607,0.0512520678442269,0.463375,0.216375,FALSE,0,10,"raw","raw"
"IMDS","Int-Euclidean",0.521704588910134,-0.00157138304652649,0.524222768110068,0.0113373002590851,0.031375,-0.002125,TRUE,0,10,"raw","raw"
"IMDS","Hausdorff",0.554870936902486,0.0395570427023582,0.560641424828904,0.0493753850152368,0.039625,0.000124999999999997,TRUE,0,10,"raw","raw"
"IMDS","Ichino-Yaguchi",0.560180369662205,0.0466733588272785,0.565966492308396,0.0561713257455371,0.04025,0.000375,TRUE,0,10,"raw","raw"
"IMDS","Wasserstein",0.553211998087954,0.0247582855321861,0.557362260505809,0.034014590446146,0.04325,-0.00225,TRUE,0,10,"raw","raw"
"IMDS","Centers-Euclidean",0.543938575525813,0.0015310707456978,0.550139103200887,0.0104802866227858,0.045,-0.003,TRUE,0,10,"raw","raw"
"Int-UMAP","Int-Euclidean",0.874556883365201,0.0340232632249842,0.92105308288556,0.0214064586343297,0.507625,-0.00937499999999999,FALSE,0,10,"raw","raw"
"Int-UMAP","Hausdorff",0.873793658381135,0.0351959847036328,0.920781755472441,0.0225560224358433,0.503625,-0.018125,FALSE,0,10,"raw","raw"
"Int-UMAP","Ichino-Yaguchi",0.874624601657106,0.0341453154875717,0.921579135888905,0.0215906654479244,0.509375,-0.014,FALSE,0,10,"raw","raw"
"Int-UMAP","Wasserstein",0.874481118546845,0.0342210006373486,0.921461010740592,0.0214753182522513,0.507375,-0.01375,FALSE,0,10,"raw","raw"
"Int-UMAP","Centers-Euclidean",0.874470602294455,0.0342981198215424,0.921349247033453,0.0217695119026112,0.5075,-0.00937499999999999,FALSE,0,10,"raw","raw"
"C-PCA","Int-Euclidean",0.933567240280433,0.102725940089229,0.934120445539504,0.108560869341587,0.47025,0.121125,FALSE,0,10,"std","raw"
"C-PCA","Hausdorff",0.933102453792224,0.103089866156788,0.933950416690763,0.108484990739163,0.468875,0.108125,FALSE,0,10,"std","raw"
"C-PCA","Ichino-Yaguchi",0.933506453154876,0.102471159974506,0.933934037922945,0.10861958805694,0.4695,0.111375,FALSE,0,10,"std","raw"
"C-PCA","Wasserstein",0.933485978330147,0.10251051625239,0.933963241078096,0.108546440066594,0.46925,0.111,FALSE,0,10,"std","raw"
"C-PCA","Centers-Euclidean",0.933510038240918,0.102459847036329,0.934065187696367,0.108353862503563,0.4695,0.1115,FALSE,0,10,"std","raw"
"V-PCA","Int-Euclidean",0.933563814531549,0.10272769279796,0.934089080178874,0.10862086838454,0.47025,0.12075,FALSE,0,10,"std","raw"
"V-PCA","Hausdorff",0.933090901848311,0.10310086042065,0.933982574472673,0.108412124446478,0.468875,0.107375,FALSE,0,10,"std","raw"
"V-PCA","Ichino-Yaguchi",0.933481277884002,0.1025160930529,0.933856019505846,0.108769656995033,0.469375,0.111125,FALSE,0,10,"std","raw"
"V-PCA","Wasserstein",0.933477374123646,0.102522944550669,0.933901040379195,0.108661145605747,0.469,0.110875,FALSE,0,10,"std","raw"
"V-PCA","Centers-Euclidean",0.933485261312938,0.10250557680051,0.934011038198118,0.108458562764457,0.469375,0.111125,FALSE,0,10,"std","raw"
"MR-PCA","Int-Euclidean",0.933478728489484,0.102317240280433,0.934063365084775,0.108166526095055,0.46675,0.1125,FALSE,0,10,"std","raw"
"MR-PCA","Hausdorff",0.932643084767368,0.104338432122371,0.934147114908421,0.108179595288531,0.46525,0.11225,FALSE,0,10,"std","raw"
"MR-PCA","Ichino-Yaguchi",0.933415312300829,0.102637189292543,0.934119166811247,0.108156045491976,0.469,0.112125,FALSE,0,10,"std","raw"
"MR-PCA","Wasserstein",0.933354206500956,0.102773741236456,0.933764070808855,0.108927143473971,0.468875,0.111,FALSE,0,10,"std","raw"
"MR-PCA","Centers-Euclidean",0.933510038240918,0.102459847036329,0.934065187696367,0.108353862503563,0.4695,0.1115,FALSE,0,10,"std","raw"
"SPCA","Int-Euclidean",0.933567240280433,0.102725940089229,0.934120445539504,0.108560869341587,0.47025,0.121125,FALSE,0,10,"std","raw"
"SPCA","Hausdorff",0.933102453792224,0.103089866156788,0.933950416690763,0.108484990739163,0.468875,0.108125,FALSE,0,10,"std","raw"
"SPCA","Ichino-Yaguchi",0.933506453154876,0.102471159974506,0.933934037922945,0.10861958805694,0.4695,0.111375,FALSE,0,10,"std","raw"
"SPCA","Wasserstein",0.933485978330147,0.10251051625239,0.933963241078096,0.108546440066594,0.46925,0.111,FALSE,0,10,"std","raw"
"SPCA","Centers-Euclidean",0.933510038240918,0.102459847036329,0.934065187696367,0.108353862503563,0.4695,0.1115,FALSE,0,10,"std","raw"
"IMDS","Int-Euclidean",0.520043817718292,-0.000514021669853482,0.524446141134409,0.00738888637258878,0.031375,-0.004,TRUE,0,10,"std","raw"
"IMDS","Hausdorff",0.553994582536648,0.039663798597833,0.55963481118196,0.0485236681906062,0.039375,0.001375,TRUE,0,10,"std","raw"
"IMDS","Ichino-Yaguchi",0.560430130656469,0.0488433715742511,0.566817453816511,0.0564283611073154,0.0415,0,TRUE,0,10,"std","raw"
"IMDS","Wasserstein",0.551171367112811,0.028709528362014,0.55691926950188,0.0327759622032963,0.043125,-0.001875,TRUE,0,10,"std","raw"
"IMDS","Centers-Euclidean",0.543813017845762,0.00296956660293191,0.551705312664359,0.00865692333951057,0.047,-0.00375,TRUE,0,10,"std","raw"
"Int-UMAP","Int-Euclidean",0.8740767208413,0.0193452836201402,0.919587527237882,0.0155463309700584,0.50175,-0.00887499999999999,FALSE,0,10,"std","raw"
"Int-UMAP","Hausdorff",0.873875398342894,0.0187096876991714,0.919615949806893,0.0147673021646493,0.4995,-0.01475,FALSE,0,10,"std","raw"
"Int-UMAP","Ichino-Yaguchi",0.874675350541746,0.0190170490758444,0.920597157566105,0.015118224520841,0.50375,-0.016625,FALSE,0,10,"std","raw"
"Int-UMAP","Wasserstein",0.874197339069471,0.0188857552581262,0.920016259776679,0.0149068947645775,0.5025,-0.0155,FALSE,0,10,"std","raw"
"Int-UMAP","Centers-Euclidean",0.873958811344806,0.0195323454429573,0.91993673371199,0.0153006878370243,0.502375,-0.015125,FALSE,0,10,"std","raw"
"C-PCA","Int-Euclidean",0.929382249840663,0.12522339069471,0.928776226883945,0.128393632413084,0.500125,0.206,FALSE,0,10,"std","std"
"C-PCA","Hausdorff",0.928734305289994,0.126692957297642,0.928442057541897,0.129161159381424,0.50275,0.20625,FALSE,0,10,"std","std"
"C-PCA","Ichino-Yaguchi",0.929408540471638,0.125460165710644,0.928479798951035,0.129140050822438,0.501125,0.205125,FALSE,0,10,"std","std"
"C-PCA","Wasserstein",0.929401848311026,0.125476418100701,0.928513557782183,0.129077746166225,0.501125,0.204625,FALSE,0,10,"std","std"
"C-PCA","Centers-Euclidean",0.92941770235819,0.125438336520077,0.928633032989462,0.128836908953098,0.501125,0.20475,FALSE,0,10,"std","std"
"V-PCA","Int-Euclidean",0.92944056724028,0.125109623964308,0.928792765266222,0.128362568688595,0.5005,0.2065,FALSE,0,10,"std","std"
"V-PCA","Hausdorff",0.928803298279159,0.126551465901848,0.928562241364868,0.128923676524251,0.502875,0.206375,FALSE,0,10,"std","std"
"V-PCA","Ichino-Yaguchi",0.929430449330784,0.125416985340982,0.928446327148694,0.12920693898322,0.50125,0.205,FALSE,0,10,"std","std"
"V-PCA","Wasserstein",0.929414196940727,0.12545235818993,0.92848169630527,0.129138983527361,0.501,0.204375,FALSE,0,10,"std","std"
"V-PCA","Centers-Euclidean",0.929439929891651,0.125395793499044,0.928627253602617,0.128848805508087,0.50125,0.2045,FALSE,0,10,"std","std"
"MR-PCA","Int-Euclidean",0.929424633524538,0.125478648820905,0.92883601086854,0.128526610982225,0.501875,0.204,FALSE,0,10,"std","std"
"MR-PCA","Hausdorff",0.928255736137667,0.127349585723391,0.928673523776306,0.128294864436252,0.49975,0.1965,FALSE,0,10,"std","std"
"MR-PCA","Ichino-Yaguchi",0.929308636073932,0.125653919694073,0.928752399654644,0.128523780144635,0.5015,0.204625,FALSE,0,10,"std","std"
"MR-PCA","Wasserstein",0.929229843849586,0.125819152326323,0.928318230521577,0.129467383078624,0.500375,0.205125,FALSE,0,10,"std","std"
"MR-PCA","Centers-Euclidean",0.92941770235819,0.125438336520077,0.928633032989462,0.128836908953098,0.501125,0.20475,FALSE,0,10,"std","std"
"SPCA","Int-Euclidean",0.929382249840663,0.12522339069471,0.928776226883945,0.128393632413084,0.500125,0.206,FALSE,0,10,"std","std"
"SPCA","Hausdorff",0.928734305289994,0.126692957297642,0.928442057541897,0.129161159381424,0.50275,0.20625,FALSE,0,10,"std","std"
"SPCA","Ichino-Yaguchi",0.929408540471638,0.125460165710644,0.928479798951035,0.129140050822438,0.501125,0.205125,FALSE,0,10,"std","std"
"SPCA","Wasserstein",0.929401848311026,0.125476418100701,0.928513557782183,0.129077746166225,0.501125,0.204625,FALSE,0,10,"std","std"
"SPCA","Centers-Euclidean",0.92941770235819,0.125438336520077,0.928633032989462,0.128836908953098,0.501125,0.20475,FALSE,0,10,"std","std"
"IMDS","Int-Euclidean",0.56326426067559,-0.0496856277884001,0.566888224436396,-0.0532729513009783,0.03925,-0.006875,TRUE,0,10,"std","std"
"IMDS","Hausdorff",0.603606755895475,-0.0136759082217973,0.61821873015215,-0.0288359331404568,0.047875,-0.003375,TRUE,0,10,"std","std"
"IMDS","Ichino-Yaguchi",0.612390376035691,-0.0126246016571064,0.626128267266382,-0.0268005630455999,0.048125,-0.00575,TRUE,0,10,"std","std"
"IMDS","Wasserstein",0.604080226258763,-0.0376594964945826,0.61779982536451,-0.0530114458813797,0.050875,-0.005375,TRUE,0,10,"std","std"
"IMDS","Centers-Euclidean",0.601621175908222,-0.0726336838750796,0.616080321407436,-0.0861761058627062,0.056625,-0.008875,TRUE,0,10,"std","std"
"Int-UMAP","Int-Euclidean",0.883200127469726,0.0343438495857235,0.92748616887939,0.0274714353026836,0.53525,-0.021875,FALSE,0,10,"std","std"
"Int-UMAP","Hausdorff",0.882689531548757,0.0330887507966857,0.926771290905443,0.0253858765364997,0.529875,-0.031375,FALSE,0,10,"std","std"
"Int-UMAP","Ichino-Yaguchi",0.883731676226896,0.0339056724028044,0.928121717614493,0.0266117827499867,0.5345,-0.0285,FALSE,0,10,"std","std"
"Int-UMAP","Wasserstein",0.883153601019758,0.0338706182281707,0.927620422764856,0.0262602780195985,0.533375,-0.028875,FALSE,0,10,"std","std"
"Int-UMAP","Centers-Euclidean",0.88329580943276,0.0335374442319949,0.92768303385524,0.0262071448506862,0.533,-0.026125,FALSE,0,10,"std","std"
"C-PCA","Int-Euclidean",0.966350462077757,0.0513838432122371,0.965532723331015,0.0544776600319937,0.476125,0.21625,FALSE,0,11,"raw","raw"
"C-PCA","Hausdorff",0.966256453154876,0.0516693753983428,0.965799644766667,0.0540656879709426,0.478,0.222125,FALSE,0,11,"raw","raw"
"C-PCA","Ichino-Yaguchi",0.966458413001912,0.0513250478011473,0.96573885202296,0.0542125413760767,0.47925,0.2215,FALSE,0,11,"raw","raw"
"C-PCA","Wasserstein",0.966428696622052,0.0513809751434035,0.965626260069252,0.0544395860660779,0.47925,0.221625,FALSE,0,11,"raw","raw"
"C-PCA","Centers-Euclidean",0.966458413001912,0.0513247291268324,0.965632079652925,0.0544265492859593,0.47925,0.221625,FALSE,0,11,"raw","raw"
"V-PCA","Int-Euclidean",0.966405672402804,0.0512718291905673,0.965575122987365,0.0543943777496976,0.4765,0.2165,FALSE,0,11,"raw","raw"
"V-PCA","Hausdorff",0.966243706182282,0.05169678138942,0.96579062862891,0.0540851391838078,0.478,0.222125,FALSE,0,11,"raw","raw"
"V-PCA","Ichino-Yaguchi",0.966411966220523,0.0514150732950924,0.965746272762493,0.0541972226529787,0.479,0.221125,FALSE,0,11,"raw","raw"
"V-PCA","Wasserstein",0.96641212555768,0.0514102931803696,0.965657930371333,0.0543743915031967,0.47925,0.221,FALSE,0,11,"raw","raw"
"V-PCA","Centers-Euclidean",0.966412284894838,0.0514153919694073,0.965644496954083,0.0544032346994881,0.479,0.221125,FALSE,0,11,"raw","raw"
"MR-PCA","Int-Euclidean",0.970012746972594,0.0446411727214786,0.969420075784135,0.0469563768247227,0.47175,0.2395,FALSE,0,11,"raw","raw"
"MR-PCA","Hausdorff",0.970079907584449,0.0443462396430848,0.969417933197265,0.0467985564029089,0.46825,0.22925,FALSE,0,11,"raw","raw"
"MR-PCA","Ichino-Yaguchi",0.970037683237731,0.0445645315487572,0.969133225891585,0.0475108525037015,0.471875,0.235875,FALSE,0,11,"raw","raw"
"MR-PCA","Wasserstein",0.969979684512428,0.0447057042702358,0.969293397348007,0.047293341818809,0.472,0.23975,FALSE,0,11,"raw","raw"
"MR-PCA","Centers-Euclidean",0.969992112810707,0.044684034416826,0.969333750058216,0.0472052879491745,0.47275,0.240875,FALSE,0,11,"raw","raw"
"SPCA","Int-Euclidean",0.97023884639898,0.0439678138942001,0.969678593204011,0.0463439980954594,0.46925,0.232875,FALSE,0,11,"raw","raw"
"SPCA","Hausdorff",0.970285133843212,0.0439300509878904,0.969622483444025,0.0465552165374312,0.471375,0.23575,FALSE,0,11,"raw","raw"
"SPCA","Ichino-Yaguchi",0.97041212555768,0.0437286488209051,0.969531519302751,0.0467309606926632,0.4705,0.240875,FALSE,0,11,"raw","raw"
"SPCA","Wasserstein",0.970410850860421,0.0437350223072021,0.969575458593557,0.0466483706061349,0.47075,0.24125,FALSE,0,11,"raw","raw"
"SPCA","Centers-Euclidean",0.970423438495857,0.0437088910133843,0.969557993658412,0.0466725294326076,0.47075,0.241125,FALSE,0,11,"raw","raw"
"IMDS","Int-Euclidean",0.527731835564054,0.00866571064372201,0.533906833627015,0.0137272935904634,0.035625,0.002875,TRUE,0,11,"raw","raw"
"IMDS","Hausdorff",0.555891491395794,0.0487377310388784,0.56458368988026,0.0601553964571518,0.04025,0.00275,TRUE,0,11,"raw","raw"
"IMDS","Ichino-Yaguchi",0.558665391969407,0.0538413001912046,0.565693517891576,0.0653333227563432,0.04175,0.00125,TRUE,0,11,"raw","raw"
"IMDS","Wasserstein",0.553666746335245,0.0399596876991715,0.559478857406989,0.0527729554379462,0.042,0.003,TRUE,0,11,"raw","raw"
"IMDS","Centers-Euclidean",0.54647960484385,0.017810707456979,0.552559602299199,0.0271023424877183,0.046375,0.001875,TRUE,0,11,"raw","raw"
"Int-UMAP","Int-Euclidean",0.802619821542384,0.0191166347992352,0.8664068419436,0.0138560825199713,0.447,-0.025875,FALSE,0,11,"raw","raw"
"Int-UMAP","Hausdorff",0.801115200764818,0.0161038878266412,0.866468405570764,0.00637286325606501,0.446125,-0.028375,FALSE,0,11,"raw","raw"
"Int-UMAP","Ichino-Yaguchi",0.804182441045252,0.0171290630975143,0.870199536198981,0.00914941636338854,0.44925,-0.02975,FALSE,0,11,"raw","raw"
"Int-UMAP","Wasserstein",0.802101816443595,0.0182014021669854,0.867990788976934,0.00939730859955362,0.44625,-0.030625,FALSE,0,11,"raw","raw"
"Int-UMAP","Centers-Euclidean",0.800494582536648,0.0218792224346718,0.866582735903985,0.0131744341011716,0.44625,-0.029,FALSE,0,11,"raw","raw"
"C-PCA","Int-Euclidean",0.947790471637986,0.0759894837476099,0.948906929054497,0.0808440246232331,0.496875,0.14875,FALSE,0,11,"std","raw"
"C-PCA","Hausdorff",0.946889818355641,0.07685643722116,0.948620382930546,0.0808310948924909,0.4935,0.147625,FALSE,0,11,"std","raw"
"C-PCA","Ichino-Yaguchi",0.947367112810708,0.0763228170809432,0.948629357592002,0.0809946714573608,0.49425,0.14825,FALSE,0,11,"std","raw"
"C-PCA","Wasserstein",0.947353569152326,0.0763154875717017,0.948676229332007,0.0808941143485231,0.494,0.147625,FALSE,0,11,"std","raw"
"C-PCA","Centers-Euclidean",0.947364563416189,0.0763186743148502,0.948714010191612,0.0808270850190412,0.494125,0.14725,FALSE,0,11,"std","raw"
"V-PCA","Int-Euclidean",0.947787603569152,0.0759923518164436,0.948921259170208,0.0808159815250689,0.496875,0.14875,FALSE,0,11,"std","raw"
"V-PCA","Hausdorff",0.946869343530911,0.0768970681963034,0.948655970983904,0.0807607576946324,0.493625,0.147125,FALSE,0,11,"std","raw"
"V-PCA","Ichino-Yaguchi",0.947414276609305,0.0762221159974507,0.948589129737191,0.0810695635848559,0.4945,0.14825,FALSE,0,11,"std","raw"
"V-PCA","Wasserstein",0.947429413639261,0.0761583811344806,0.948657269970509,0.0809259495962063,0.494125,0.14775,FALSE,0,11,"std","raw"
"V-PCA","Centers-Euclidean",0.94740471637986,0.0762326322498406,0.948698160699794,0.0808540627413409,0.4945,0.147375,FALSE,0,11,"std","raw"
"MR-PCA","Int-Euclidean",0.947393244104525,0.0761344805608668,0.948358411568941,0.0813976078686666,0.494,0.145875,FALSE,0,11,"std","raw"
"MR-PCA","Hausdorff",0.947101736775016,0.0767978011472276,0.948457197031926,0.0813006160158491,0.493375,0.15125,FALSE,0,11,"std","raw"
"MR-PCA","Ichino-Yaguchi",0.947348550031867,0.0763570745697897,0.948518004382968,0.0812024941736991,0.495375,0.148875,FALSE,0,11,"std","raw"
"MR-PCA","Wasserstein",0.947442080943276,0.07614356277884,0.94879855510211,0.0806510421064861,0.494125,0.14575,FALSE,0,11,"std","raw"
"MR-PCA","Centers-Euclidean",0.947364563416189,0.0763186743148502,0.948714010191612,0.0808270850190412,0.494125,0.14725,FALSE,0,11,"std","raw"
"SPCA","Int-Euclidean",0.947790471637986,0.0759894837476099,0.948906929054497,0.0808440246232331,0.496875,0.14875,FALSE,0,11,"std","raw"
"SPCA","Hausdorff",0.946889818355641,0.07685643722116,0.948620382930546,0.0808310948924909,0.4935,0.147625,FALSE,0,11,"std","raw"
"SPCA","Ichino-Yaguchi",0.947367112810708,0.0763228170809432,0.948629357592002,0.0809946714573608,0.49425,0.14825,FALSE,0,11,"std","raw"
"SPCA","Wasserstein",0.947353569152326,0.0763154875717017,0.948676229332007,0.0808941143485231,0.494,0.147625,FALSE,0,11,"std","raw"
"SPCA","Centers-Euclidean",0.947364563416189,0.0763186743148502,0.948714010191612,0.0808270850190412,0.494125,0.14725,FALSE,0,11,"std","raw"
"IMDS","Int-Euclidean",0.526977613129382,0.00757472912683232,0.533520350832793,0.0112368892235995,0.03375,0.003,TRUE,0,11,"std","raw"
"IMDS","Hausdorff",0.556525812619503,0.0493562778840027,0.56487915426216,0.0584867820036265,0.04075,0.001375,TRUE,0,11,"std","raw"
"IMDS","Ichino-Yaguchi",0.558844486934353,0.0554878903760356,0.565791197995114,0.0651143251086999,0.04125,0.000375,TRUE,0,11,"std","raw"
"IMDS","Wasserstein",0.552661567877629,0.0418444869343532,0.559269679513786,0.0506558821457165,0.041875,0.002375,TRUE,0,11,"std","raw"
"IMDS","Centers-Euclidean",0.547480640535373,0.0148519757807521,0.553772083092152,0.0235543484992018,0.04625,0.000875000000000001,TRUE,0,11,"std","raw"
"Int-UMAP","Int-Euclidean",0.75842821861058,0.00440073295092414,0.843260523017663,-0.00156836996298565,0.427375,-0.03,FALSE,0,11,"std","raw"
"Int-UMAP","Hausdorff",0.758162045889101,-0.000799553855959201,0.844018674742369,-0.00856970475355529,0.429375,-0.028125,FALSE,0,11,"std","raw"
"Int-UMAP","Ichino-Yaguchi",0.760541826003824,0.00354445506692158,0.847140275818049,-0.00284614884964143,0.428875,-0.031625,FALSE,0,11,"std","raw"
"Int-UMAP","Wasserstein",0.758618387507967,0.00339802421924795,0.845702340508798,-0.00422826697210285,0.428125,-0.0325,FALSE,0,11,"std","raw"
"Int-UMAP","Centers-Euclidean",0.758344805608668,0.00431453154875716,0.845637707315405,-0.00336092328423734,0.426875,-0.030125,FALSE,0,11,"std","raw"
"C-PCA","Int-Euclidean",0.928346956660293,0.125710165710644,0.92929425790131,0.126458124885594,0.48375,0.20375,FALSE,0,11,"std","std"
"C-PCA","Hausdorff",0.927426067558955,0.1277017208413,0.929046399038108,0.127101195012233,0.48375,0.21125,FALSE,0,11,"std","std"
"C-PCA","Ichino-Yaguchi",0.928003346080306,0.126617909496495,0.929091610553175,0.126988765445178,0.48425,0.214125,FALSE,0,11,"std","std"
"C-PCA","Wasserstein",0.927992670490758,0.126620777565328,0.929177082656278,0.126817193016935,0.484125,0.21425,FALSE,0,11,"std","std"
"C-PCA","Centers-Euclidean",0.927999282982792,0.126612970044614,0.92923915295539,0.126688678321486,0.484125,0.21425,FALSE,0,11,"std","std"
"V-PCA","Int-Euclidean",0.928376274697259,0.125655353728489,0.929356627384237,0.12633608219925,0.48375,0.203875,FALSE,0,11,"std","std"
"V-PCA","Hausdorff",0.927464467813894,0.127629063097514,0.92918848959898,0.126825928843128,0.483875,0.210875,FALSE,0,11,"std","std"
"V-PCA","Ichino-Yaguchi",0.928128824091778,0.126369184193754,0.929091758972231,0.126986889735389,0.484375,0.21425,FALSE,0,11,"std","std"
"V-PCA","Wasserstein",0.928158859145953,0.126291905672403,0.929210292592814,0.126752658662956,0.48425,0.214375,FALSE,0,11,"std","std"
"V-PCA","Centers-Euclidean",0.928122769279796,0.126368546845124,0.92926861445779,0.126628170047636,0.484375,0.214625,FALSE,0,11,"std","std"
"MR-PCA","Int-Euclidean",0.928238527724665,0.126370299553856,0.928813672947693,0.127716243365284,0.48775,0.218125,FALSE,0,11,"std","std"
"MR-PCA","Hausdorff",0.92761073932441,0.127237731038878,0.928736684934152,0.127513635787485,0.484875,0.211375,FALSE,0,11,"std","std"
"MR-PCA","Ichino-Yaguchi",0.927972036328872,0.126674792861695,0.928878026469259,0.127408258471273,0.484875,0.214375,FALSE,0,11,"std","std"
"MR-PCA","Wasserstein",0.928118148502231,0.126370458891013,0.929314363032328,0.126550475444238,0.48375,0.2115,FALSE,0,11,"std","std"
"MR-PCA","Centers-Euclidean",0.927999282982792,0.126612970044614,0.92923915295539,0.126688678321486,0.484125,0.21425,FALSE,0,11,"std","std"
"SPCA","Int-Euclidean",0.928346956660293,0.125710165710644,0.92929425790131,0.126458124885594,0.48375,0.20375,FALSE,0,11,"std","std"
"SPCA","Hausdorff",0.927426067558955,0.1277017208413,0.929046399038108,0.127101195012233,0.48375,0.21125,FALSE,0,11,"std","std"
"SPCA","Ichino-Yaguchi",0.928003346080306,0.126617909496495,0.929091610553175,0.126988765445178,0.48425,0.214125,FALSE,0,11,"std","std"
"SPCA","Wasserstein",0.927992670490758,0.126620777565328,0.929177082656278,0.126817193016935,0.484125,0.21425,FALSE,0,11,"std","std"
"SPCA","Centers-Euclidean",0.927999282982792,0.126612970044614,0.92923915295539,0.126688678321486,0.484125,0.21425,FALSE,0,11,"std","std"
"IMDS","Int-Euclidean",0.572619104525175,-0.0580533779477375,0.579794645923312,-0.0759583185980506,0.041,-0.00575,TRUE,0,11,"std","std"
"IMDS","Hausdorff",0.599603091140854,-0.00732791586998083,0.611755604653262,-0.0180939095131667,0.049875,-0.001125,TRUE,0,11,"std","std"
"IMDS","Ichino-Yaguchi",0.603213033779477,-0.00025239005736144,0.614532349255286,-0.00969837196237794,0.049375,-0.002625,TRUE,0,11,"std","std"
"IMDS","Wasserstein",0.597071303377948,-0.0192162205226259,0.606021563454861,-0.027568419905145,0.051875,-0.000875000000000001,TRUE,0,11,"std","std"
"IMDS","Centers-Euclidean",0.598692080943276,-0.057090025493945,0.604085319056614,-0.0631113050368138,0.055875,-0.00475,TRUE,0,11,"std","std"
"Int-UMAP","Int-Euclidean",0.768669694072658,0.00639802421924796,0.854613095512268,0.00454035535445627,0.442875,-0.02575,FALSE,0,11,"std","std"
"Int-UMAP","Hausdorff",0.766494263862333,-0.000711281070745695,0.853608567089081,-0.00256255649946663,0.438875,-0.03725,FALSE,0,11,"std","std"
"Int-UMAP","Ichino-Yaguchi",0.769783062460166,0.00512539834289361,0.856606619110301,0.00267704196898522,0.44275,-0.032625,FALSE,0,11,"std","std"
"Int-UMAP","Wasserstein",0.768024458253665,0.00388926067558948,0.855364938360884,0.00100436582328817,0.441375,-0.0305,FALSE,0,11,"std","std"
"Int-UMAP","Centers-Euclidean",0.768730720203952,0.0035337794773741,0.855764050315936,0.00100107906624283,0.440375,-0.030125,FALSE,0,11,"std","std"
"C-PCA","Int-Euclidean",0.965046526449968,0.0533186743148502,0.964293463880687,0.0564249231590194,0.4375,0.211,FALSE,0,12,"raw","raw"
"C-PCA","Hausdorff",0.965043977055449,0.0534633524537922,0.964148726833193,0.0568652221483539,0.43875,0.217875,FALSE,0,12,"raw","raw"
"C-PCA","Ichino-Yaguchi",0.965212157425112,0.053105321861058,0.964231019868364,0.0566877858879409,0.440375,0.216875,FALSE,0,12,"raw","raw"
"C-PCA","Wasserstein",0.965176943913321,0.0531728808158062,0.964254837394983,0.0566485548504798,0.44025,0.216125,FALSE,0,12,"raw","raw"
"C-PCA","Centers-Euclidean",0.965208811344806,0.0531123326959847,0.964241043165891,0.0566762017380042,0.4405,0.21675,FALSE,0,12,"raw","raw"
"V-PCA","Int-Euclidean",0.965047163798598,0.0533186743148503,0.964292963179621,0.0564269485673381,0.4375,0.211,FALSE,0,12,"raw","raw"
"V-PCA","Hausdorff",0.965043897386871,0.0534631931166348,0.964149290228516,0.0568645397618915,0.43875,0.217875,FALSE,0,12,"raw","raw"
"V-PCA","Ichino-Yaguchi",0.965201402166985,0.0531274697259401,0.964216203552299,0.0567173485754586,0.440125,0.216625,FALSE,0,12,"raw","raw"
"V-PCA","Wasserstein",0.96519741873805,0.0531335245379222,0.964265848766783,0.0566281143904899,0.44025,0.216125,FALSE,0,12,"raw","raw"
"V-PCA","Centers-Euclidean",0.965197976418101,0.0531343212237094,0.964226095490432,0.0567055017067338,0.44025,0.2165,FALSE,0,12,"raw","raw"
"MR-PCA","Int-Euclidean",0.967843769917145,0.048611695347355,0.966948730151297,0.0518651564686569,0.4565,0.221875,FALSE,0,12,"raw","raw"
"MR-PCA","Hausdorff",0.968108189929892,0.0480516252390057,0.967248108446051,0.0512148298017275,0.455875,0.2185,FALSE,0,12,"raw","raw"
"MR-PCA","Ichino-Yaguchi",0.967820586360739,0.0486201402166986,0.967078840564839,0.0515873548073529,0.45525,0.22,FALSE,0,12,"raw","raw"
"MR-PCA","Wasserstein",0.967898103887827,0.0484635117909497,0.967056584743613,0.0516304504978947,0.455875,0.221125,FALSE,0,12,"raw","raw"
"MR-PCA","Centers-Euclidean",0.967835803059273,0.0485919375398343,0.966958068076921,0.0518326699683936,0.45525,0.222,FALSE,0,12,"raw","raw"
"SPCA","Int-Euclidean",0.967869901210962,0.0484874123645633,0.967338496290633,0.0510091043575323,0.451875,0.21325,FALSE,0,12,"raw","raw"
"SPCA","Hausdorff",0.968171048438496,0.0479686105799872,0.967531867767663,0.0507356239085015,0.454375,0.221,FALSE,0,12,"raw","raw"
"SPCA","Ichino-Yaguchi",0.968022785213512,0.0482313575525812,0.967443230990718,0.0508918518109087,0.45375,0.220625,TRUE,0,12,"raw","raw"
"SPCA","Wasserstein",0.968015774378585,0.0482485659655831,0.967459396832635,0.0508684419035785,0.45375,0.221125,FALSE,0,12,"raw","raw"
"SPCA","Centers-Euclidean",0.968023103887827,0.0482313575525812,0.967454240656551,0.0508736244155147,0.45375,0.220875,TRUE,0,12,"raw","raw"
"IMDS","Int-Euclidean",0.549817957297642,-0.00872131931166342,0.558172138510463,-0.00930409972668717,0.04125,-0.00375,TRUE,0,12,"raw","raw"
"IMDS","Hausdorff",0.580586918419375,0.0440763224984065,0.587591912018719,0.0546966218543476,0.048625,0.000374999999999997,TRUE,0,12,"raw","raw"
"IMDS","Ichino-Yaguchi",0.58546287444232,0.0498199490121096,0.59176264858752,0.0585978357089765,0.04825,0.003375,TRUE,0,12,"raw","raw"
"IMDS","Wasserstein",0.577078632887189,0.0313344486934354,0.583724431192499,0.0410819702237256,0.053125,0.004625,TRUE,0,12,"raw","raw"
"IMDS","Centers-Euclidean",0.57013615360102,0.0118299872530274,0.576050830370497,0.0188176004016527,0.0515,-0.004625,TRUE,0,12,"raw","raw"
"Int-UMAP","Int-Euclidean",0.879433636073932,0.0235409496494583,0.923528855287327,0.015566678241647,0.508125,-0.00699999999999998,FALSE,0,12,"raw","raw"
"Int-UMAP","Hausdorff",0.878765615041428,0.0247737412364564,0.922602117641379,0.016876198121356,0.5065,-0.00950000000000001,FALSE,0,12,"raw","raw"
"Int-UMAP","Ichino-Yaguchi",0.879703951561504,0.0235076481835564,0.923642841122007,0.0152079276332569,0.50975,-0.013875,FALSE,0,12,"raw","raw"
"Int-UMAP","Wasserstein",0.87938368387508,0.0240825366475462,0.923183950833373,0.0160692223916247,0.50875,-0.010875,FALSE,0,12,"raw","raw"
"Int-UMAP","Centers-Euclidean",0.879276688973869,0.0243194710006374,0.923116099228204,0.0161601640354698,0.509,-0.00987499999999999,FALSE,0,12,"raw","raw"
"C-PCA","Int-Euclidean",0.962157504780115,0.0491489802421925,0.962013891127969,0.0557631507386578,0.476375,0.231375,FALSE,0,12,"std","raw"
"C-PCA","Hausdorff",0.961962396430848,0.0485490758444869,0.961484653725549,0.0559205491470937,0.47575,0.21175,FALSE,0,12,"std","raw"
"C-PCA","Ichino-Yaguchi",0.961893483110261,0.0489118865519439,0.961668323159804,0.0557353481817216,0.4755,0.21425,FALSE,0,12,"std","raw"
"C-PCA","Wasserstein",0.961907425111536,0.0488964308476737,0.961593288477512,0.0559070777720969,0.475625,0.2145,FALSE,0,12,"std","raw"
"C-PCA","Centers-Euclidean",0.961905274059911,0.0489004142766094,0.961643788274417,0.0557900412434378,0.475375,0.214125,FALSE,0,12,"std","raw"
"V-PCA","Int-Euclidean",0.962154397705545,0.0491529636711281,0.962007109592631,0.0557733935727043,0.476375,0.231375,FALSE,0,12,"std","raw"
"V-PCA","Hausdorff",0.961982632249841,0.0485111536010198,0.961484108029624,0.0559225626136493,0.475875,0.212,FALSE,0,12,"std","raw"
"V-PCA","Ichino-Yaguchi",0.961893323773104,0.0489115678776291,0.961672734575038,0.0557259158948449,0.4755,0.21425,FALSE,0,12,"std","raw"
"V-PCA","Wasserstein",0.961914913957935,0.0488824091778203,0.9615922028433,0.0559092848658113,0.475625,0.2145,FALSE,0,12,"std","raw"
"V-PCA","Centers-Euclidean",0.961905035054175,0.0488999362651371,0.961644530582941,0.0557885860543067,0.475375,0.214,FALSE,0,12,"std","raw"
"MR-PCA","Int-Euclidean",0.961861217335883,0.04877660930529,0.961600494265309,0.0557442748628787,0.4755,0.21325,FALSE,0,12,"std","raw"
"MR-PCA","Hausdorff",0.96201298597833,0.0488436902485659,0.96167191965633,0.0558403514648534,0.473625,0.214375,FALSE,0,12,"std","raw"
"MR-PCA","Ichino-Yaguchi",0.961901688973869,0.0488922880815806,0.961642565629797,0.0557822967968268,0.475375,0.214,FALSE,0,12,"std","raw"
"MR-PCA","Wasserstein",0.961904477374124,0.0489013702995539,0.961588647716453,0.0559075786864095,0.475375,0.2145,FALSE,0,12,"std","raw"
"MR-PCA","Centers-Euclidean",0.961905274059911,0.0489004142766094,0.961643788274417,0.0557900412434378,0.475375,0.214125,FALSE,0,12,"std","raw"
"SPCA","Int-Euclidean",0.962157504780115,0.0491489802421925,0.962013891127969,0.0557631507386578,0.476375,0.231375,FALSE,0,12,"std","raw"
"SPCA","Hausdorff",0.961962396430848,0.0485490758444869,0.961484653725549,0.0559205491470937,0.47575,0.21175,FALSE,0,12,"std","raw"
"SPCA","Ichino-Yaguchi",0.961893483110261,0.0489118865519439,0.961668323159804,0.0557353481817216,0.4755,0.21425,FALSE,0,12,"std","raw"
"SPCA","Wasserstein",0.961907425111536,0.0488964308476737,0.961593288477512,0.0559070777720969,0.475625,0.2145,FALSE,0,12,"std","raw"
"SPCA","Centers-Euclidean",0.961905274059911,0.0489004142766094,0.961643788274417,0.0557900412434378,0.475375,0.214125,FALSE,0,12,"std","raw"
"IMDS","Int-Euclidean",0.549366873804971,-0.0119102931803696,0.557971572760907,-0.0107445953712703,0.040625,5e-04,TRUE,0,12,"std","raw"
"IMDS","Hausdorff",0.57916276290631,0.0472286488209051,0.586088590225394,0.0553768308642033,0.047,0.003375,TRUE,0,12,"std","raw"
"IMDS","Ichino-Yaguchi",0.583201481835564,0.0514909177820269,0.590687279919704,0.0588691067185895,0.0465,0.005875,TRUE,0,12,"std","raw"
"IMDS","Wasserstein",0.574849585723391,0.0336051625239006,0.582588980529126,0.0385085844643462,0.04925,0.0055,TRUE,0,12,"std","raw"
"IMDS","Centers-Euclidean",0.568853887826641,0.0127100063734864,0.574767484703028,0.0176570380230854,0.049375,-0.006125,TRUE,0,12,"std","raw"
"Int-UMAP","Int-Euclidean",0.881285372848948,0.018348948374761,0.925871344285124,0.0103850205679809,0.521125,-0.00700000000000001,FALSE,0,12,"std","raw"
"Int-UMAP","Hausdorff",0.880720124282983,0.0193793817718292,0.925238711259428,0.0111191592196979,0.520375,-0.011625,FALSE,0,12,"std","raw"
"Int-UMAP","Ichino-Yaguchi",0.881411010197578,0.0186891332058636,0.926068788969598,0.00989498946651197,0.522625,-0.00987499999999999,FALSE,0,12,"std","raw"
"Int-UMAP","Wasserstein",0.88137810707457,0.0187469725940089,0.925905976037829,0.0102218014030207,0.521,-0.00987499999999999,FALSE,0,12,"std","raw"
"Int-UMAP","Centers-Euclidean",0.881378027405991,0.0187739005736137,0.925813299959517,0.0103553118071112,0.52125,-0.00962499999999999,FALSE,0,12,"std","raw"
"C-PCA","Int-Euclidean",0.919163240917782,0.142925908221797,0.918210616577112,0.147231650244183,0.416375,0.221,FALSE,0,12,"std","std"
"C-PCA","Hausdorff",0.919388942001275,0.142531230082855,0.917472304172571,0.148730496541921,0.4205,0.2235,FALSE,0,12,"std","std"
"C-PCA","Ichino-Yaguchi",0.919264340344168,0.1428304652645,0.918032823983018,0.147693118780794,0.419375,0.224,FALSE,0,12,"std","std"
"C-PCA","Wasserstein",0.919285691523263,0.142782345442957,0.91786272092475,0.14802862197513,0.419375,0.22375,FALSE,0,12,"std","std"
"C-PCA","Centers-Euclidean",0.91928529318037,0.142797163798598,0.917983108184185,0.147792008307714,0.41925,0.22375,FALSE,0,12,"std","std"
"V-PCA","Int-Euclidean",0.919158540471638,0.1429356277884,0.918196754429243,0.147257956455555,0.416375,0.221,FALSE,0,12,"std","std"
"V-PCA","Hausdorff",0.919430210325048,0.142449649458254,0.917468869742831,0.148737594427359,0.420625,0.223625,FALSE,0,12,"std","std"
"V-PCA","Ichino-Yaguchi",0.919264499681326,0.142830783938815,0.918048750776428,0.147661914740588,0.419375,0.224125,FALSE,0,12,"std","std"
"V-PCA","Wasserstein",0.919306086679414,0.142742192479286,0.917861518431855,0.148030316426015,0.419375,0.22375,FALSE,0,12,"std","std"
"V-PCA","Centers-Euclidean",0.91928529318037,0.142797163798598,0.917985632587604,0.147787504557062,0.41925,0.22375,FALSE,0,12,"std","std"
"MR-PCA","Int-Euclidean",0.919517447418738,0.142640694710006,0.91817551440424,0.147693818226918,0.422375,0.230375,FALSE,0,12,"std","std"
"MR-PCA","Hausdorff",0.919127310388783,0.14285086042065,0.917648204743575,0.148171947655499,0.416875,0.21975,FALSE,0,12,"std","std"
"MR-PCA","Ichino-Yaguchi",0.919284815168897,0.142794295729764,0.917988834899325,0.147788410851583,0.41925,0.224125,FALSE,0,12,"std","std"
"MR-PCA","Wasserstein",0.919281708094328,0.142788400254939,0.91786043898177,0.148034018799065,0.419,0.22375,FALSE,0,12,"std","std"
"MR-PCA","Centers-Euclidean",0.91928529318037,0.142797163798598,0.917983108184185,0.147792008307714,0.41925,0.22375,FALSE,0,12,"std","std"
"SPCA","Int-Euclidean",0.919163240917782,0.142925908221797,0.918210616577112,0.147231650244183,0.416375,0.221,FALSE,0,12,"std","std"
"SPCA","Hausdorff",0.919388942001275,0.142531230082855,0.917472304172571,0.148730496541921,0.4205,0.2235,FALSE,0,12,"std","std"
"SPCA","Ichino-Yaguchi",0.919264340344168,0.1428304652645,0.918032823983018,0.147693118780794,0.419375,0.224,FALSE,0,12,"std","std"
"SPCA","Wasserstein",0.919285691523263,0.142782345442957,0.91786272092475,0.14802862197513,0.419375,0.22375,FALSE,0,12,"std","std"
"SPCA","Centers-Euclidean",0.91928529318037,0.142797163798598,0.917983108184185,0.147792008307714,0.41925,0.22375,FALSE,0,12,"std","std"
"IMDS","Int-Euclidean",0.601466778202677,-0.0898130975143403,0.609030652863865,-0.103707779470096,0.04375,-0.00275,TRUE,0,12,"std","std"
"IMDS","Hausdorff",0.64535022307202,-0.0478349267049076,0.656002985909914,-0.0609306024056511,0.058,-0.002,TRUE,0,12,"std","std"
"IMDS","Ichino-Yaguchi",0.652906389420013,-0.0477347036328871,0.662111514508133,-0.0611561185499765,0.05825,-0.001375,TRUE,0,12,"std","std"
"IMDS","Wasserstein",0.643633444869344,-0.0687965264499681,0.651850604577346,-0.0826394196576092,0.05975,-0.00225,TRUE,0,12,"std","std"
"IMDS","Centers-Euclidean",0.637106118546845,-0.0932635436583812,0.642614738805493,-0.10531299233117,0.055625,-0.007875,TRUE,0,12,"std","std"
"Int-UMAP","Int-Euclidean",0.881280194391332,0.04513304652645,0.928858184376898,0.0296473467278972,0.549375,-0.03575,FALSE,0,12,"std","std"
"Int-UMAP","Hausdorff",0.880539754620778,0.0459421606118546,0.927718889532038,0.030258262377936,0.5425,-0.038875,FALSE,0,12,"std","std"
"Int-UMAP","Ichino-Yaguchi",0.880823135755258,0.0446019757807521,0.928775833125632,0.028909208865019,0.5465,-0.039375,FALSE,0,12,"std","std"
"Int-UMAP","Wasserstein",0.880776131293818,0.0445742511153602,0.928621144324566,0.0291438365745837,0.544625,-0.038,FALSE,0,12,"std","std"
"Int-UMAP","Centers-Euclidean",0.880760755258126,0.0446024537922244,0.928574165535185,0.0292430429847175,0.545125,-0.03825,FALSE,0,12,"std","std"
"C-PCA","Int-Euclidean",0.968509719566603,0.0476586998087953,0.967544791207655,0.0506152204423877,0.472625,0.222,FALSE,0,13,"raw","raw"
"C-PCA","Hausdorff",0.968162045889101,0.048325685149777,0.967122744776715,0.0513786283554435,0.471375,0.2225,FALSE,0,13,"raw","raw"
"C-PCA","Ichino-Yaguchi",0.968403680688336,0.0478637667304015,0.967327778984749,0.0510540041072841,0.474125,0.225125,FALSE,0,13,"raw","raw"
"C-PCA","Wasserstein",0.968413718929254,0.0478462396430848,0.967325440105149,0.0510550443201478,0.47425,0.22575,FALSE,0,13,"raw","raw"
"C-PCA","Centers-Euclidean",0.968405831739962,0.0478620140216699,0.967334084235661,0.0510371849869519,0.47425,0.2255,FALSE,0,13,"raw","raw"
"V-PCA","Int-Euclidean",0.96852597195666,0.0476255576800509,0.967564546508988,0.0505800105804021,0.473,0.22225,FALSE,0,13,"raw","raw"
"V-PCA","Hausdorff",0.9681534416826,0.0483413001912046,0.96710602385606,0.0514110009824659,0.471375,0.222375,FALSE,0,13,"raw","raw"
"V-PCA","Ichino-Yaguchi",0.9684517208413,0.0477667304015297,0.967297923404167,0.0511140684034426,0.474625,0.225875,FALSE,0,13,"raw","raw"
"V-PCA","Wasserstein",0.968439531548757,0.0477914276609306,0.967292677878106,0.0511196586412901,0.4745,0.226125,FALSE,0,13,"raw","raw"
"V-PCA","Centers-Euclidean",0.968451959847036,0.0477675270873168,0.96729298335267,0.0511162801885639,0.474625,0.22625,FALSE,0,13,"raw","raw"
"MR-PCA","Int-Euclidean",0.970486057998725,0.0441043658381134,0.968977483336549,0.0480026821199905,0.475375,0.23275,FALSE,0,13,"raw","raw"
"MR-PCA","Hausdorff",0.970334847036329,0.0443612173358827,0.968946156680026,0.0479038708542677,0.473875,0.22925,FALSE,0,13,"raw","raw"
"MR-PCA","Ichino-Yaguchi",0.970534894837476,0.0439929891650733,0.968725986287273,0.0484408175177476,0.475125,0.23225,FALSE,0,13,"raw","raw"
"MR-PCA","Wasserstein",0.970507249840663,0.044054333970682,0.968824361145529,0.0482765029092694,0.47575,0.233125,FALSE,0,13,"raw","raw"
"MR-PCA","Centers-Euclidean",0.970534098151689,0.043997769279796,0.968944319994213,0.0480516680851775,0.4755,0.230625,FALSE,0,13,"raw","raw"
"SPCA","Int-Euclidean",0.97049936265137,0.0440060548119822,0.968956913543,0.0479241733442447,0.475625,0.2245,FALSE,0,13,"raw","raw"
"SPCA","Hausdorff",0.970606994901211,0.0439058317399618,0.968875360364026,0.0481917492311637,0.4755,0.23375,FALSE,0,13,"raw","raw"
"SPCA","Ichino-Yaguchi",0.97046717654557,0.0441586998087954,0.968913630409427,0.0481319404034371,0.476,0.228875,FALSE,0,13,"raw","raw"
"SPCA","Wasserstein",0.970462157425112,0.0441725621414915,0.968963322431357,0.0480366575022165,0.475875,0.22875,FALSE,0,13,"raw","raw"
"SPCA","Centers-Euclidean",0.970467734225621,0.0441598151688974,0.968908760622411,0.0481383008850041,0.476,0.22875,FALSE,0,13,"raw","raw"
"IMDS","Int-Euclidean",0.520255736137667,0.0088728489483747,0.527071896003109,0.0081886104666824,0.02825,0.00325,TRUE,0,13,"raw","raw"
"IMDS","Hausdorff",0.544488129381772,0.0346563097514341,0.548747398401612,0.0421599907093084,0.033625,0.003125,TRUE,0,13,"raw","raw"
"IMDS","Ichino-Yaguchi",0.545834130019121,0.0405748884639898,0.551380741087905,0.0476096772039078,0.0335,0.00225,TRUE,0,13,"raw","raw"
"IMDS","Wasserstein",0.539975462077756,0.0252756532823455,0.54584681984878,0.0308875719683147,0.034,-0.001125,TRUE,0,13,"raw","raw"
"IMDS","Centers-Euclidean",0.52807361376673,0.0185771191841938,0.534594225500748,0.0251648807759962,0.031625,-0.000625000000000001,TRUE,0,13,"raw","raw"
"Int-UMAP","Int-Euclidean",0.773523980242192,0.0158949968132569,0.852808771984146,0.00284146831824661,0.40825,-0.027,FALSE,0,13,"raw","raw"
"Int-UMAP","Hausdorff",0.771379142766093,0.0132044295729764,0.852673008745124,-0.00431297736131731,0.408125,-0.033625,FALSE,0,13,"raw","raw"
"Int-UMAP","Ichino-Yaguchi",0.775276051625239,0.0143312619502868,0.85646359975748,-0.0017713123366431,0.413,-0.03225,FALSE,0,13,"raw","raw"
"Int-UMAP","Wasserstein",0.773931883365201,0.0147286488209051,0.855308551381398,-0.0018095505018014,0.41125,-0.03175,FALSE,0,13,"raw","raw"
"Int-UMAP","Centers-Euclidean",0.771756612492033,0.0193902166985341,0.85294838772124,0.00342778777473943,0.408875,-0.02725,FALSE,0,13,"raw","raw"
"C-PCA","Int-Euclidean",0.952800908221797,0.0670932122370937,0.951566868819391,0.0755908586059425,0.48325,0.169,FALSE,0,13,"std","raw"
"C-PCA","Hausdorff",0.952492511153601,0.0672813894200128,0.950977170483681,0.0763850877830475,0.48025,0.165625,FALSE,0,13,"std","raw"
"C-PCA","Ichino-Yaguchi",0.952614643084767,0.0671645952836202,0.951589008421672,0.0753728467934916,0.480625,0.16625,FALSE,0,13,"std","raw"
"C-PCA","Wasserstein",0.952580226258763,0.0672343849585723,0.951661015014038,0.0752450419932099,0.480625,0.16625,FALSE,0,13,"std","raw"
"C-PCA","Centers-Euclidean",0.952614722753346,0.0671634799235182,0.951646916909724,0.0752635845658512,0.480375,0.1655,FALSE,0,13,"std","raw"
"V-PCA","Int-Euclidean",0.952797960484385,0.0670901848311026,0.951519646076849,0.075679878265667,0.483375,0.169,FALSE,0,13,"std","raw"
"V-PCA","Hausdorff",0.952454429572976,0.0673486297004462,0.950872528119014,0.0765905524276666,0.480375,0.166,FALSE,0,13,"std","raw"
"V-PCA","Ichino-Yaguchi",0.952534894837476,0.0673196303377948,0.95150076796199,0.0755503414832455,0.480625,0.167,FALSE,0,13,"std","raw"
"V-PCA","Wasserstein",0.952457377310389,0.0674724346717654,0.951600838337359,0.0753653689040925,0.48025,0.166,FALSE,0,13,"std","raw"
"V-PCA","Centers-Euclidean",0.952527326322498,0.0673325366475462,0.951553643530012,0.0754503676015873,0.48025,0.165875,FALSE,0,13,"std","raw"
"MR-PCA","Int-Euclidean",0.952619104525175,0.0670304333970682,0.951723752559162,0.0749961573112336,0.479875,0.1645,FALSE,0,13,"std","raw"
"MR-PCA","Hausdorff",0.952571940726577,0.0672445825366476,0.951114368120372,0.0762422152499385,0.482,0.1685,FALSE,0,13,"std","raw"
"MR-PCA","Ichino-Yaguchi",0.952636073932441,0.0671223709369025,0.95162669065511,0.0752916739383474,0.480625,0.167125,FALSE,0,13,"std","raw"
"MR-PCA","Wasserstein",0.952587157425112,0.0672202039515615,0.951657339616577,0.0752407888063372,0.48075,0.167375,FALSE,0,13,"std","raw"
"MR-PCA","Centers-Euclidean",0.952614722753346,0.0671634799235182,0.951646916909724,0.0752635845658512,0.480375,0.1655,FALSE,0,13,"std","raw"
"SPCA","Int-Euclidean",0.952800908221797,0.0670932122370937,0.951566868819391,0.0755908586059425,0.48325,0.169,FALSE,0,13,"std","raw"
"SPCA","Hausdorff",0.952492511153601,0.0672813894200128,0.950977170483681,0.0763850877830475,0.48025,0.165625,FALSE,0,13,"std","raw"
"SPCA","Ichino-Yaguchi",0.952614643084767,0.0671645952836202,0.951589008421672,0.0753728467934916,0.480625,0.16625,FALSE,0,13,"std","raw"
"SPCA","Wasserstein",0.952580226258763,0.0672343849585723,0.951661015014038,0.0752450419932099,0.480625,0.16625,FALSE,0,13,"std","raw"
"SPCA","Centers-Euclidean",0.952614722753346,0.0671634799235182,0.951646916909724,0.0752635845658512,0.480375,0.1655,FALSE,0,13,"std","raw"
"IMDS","Int-Euclidean",0.520800350541746,0.0108441682600382,0.525908521339334,0.015185491619356,0.028875,0.002,TRUE,0,13,"std","raw"
"IMDS","Hausdorff",0.542428457616316,0.0343342893562779,0.546841198732945,0.0407651347772972,0.035375,0.0025,TRUE,0,13,"std","raw"
"IMDS","Ichino-Yaguchi",0.544813575525813,0.0430197578075207,0.54947317248802,0.0491808496427963,0.035625,0.00275,TRUE,0,13,"std","raw"
"IMDS","Wasserstein",0.539273103887827,0.0260130656469089,0.544632183780834,0.0300877047863098,0.034875,0.000125,TRUE,0,13,"std","raw"
"IMDS","Centers-Euclidean",0.528577517527087,0.0193322179732314,0.53551505954419,0.0251720773942254,0.034125,0.00275,TRUE,0,13,"std","raw"
"Int-UMAP","Int-Euclidean",0.786786169534735,5.35372848948779e-05,0.861789554232749,-0.00493926845782877,0.43275,-0.03225,FALSE,0,13,"std","raw"
"Int-UMAP","Hausdorff",0.784882090503505,-0.0013699808795411,0.861818446795436,-0.0107851532239093,0.432375,-0.033875,FALSE,0,13,"std","raw"
"Int-UMAP","Ichino-Yaguchi",0.78746287444232,0.000329509241555059,0.864878194229706,-0.00866112492090715,0.435125,-0.036125,FALSE,0,13,"std","raw"
"Int-UMAP","Wasserstein",0.786762906309751,-0.000404397705545012,0.863844491332924,-0.00894377621750114,0.435125,-0.0345,FALSE,0,13,"std","raw"
"Int-UMAP","Centers-Euclidean",0.787450685149777,-0.0012962077756532,0.864029769386642,-0.00869630172979852,0.434875,-0.03575,FALSE,0,13,"std","raw"
"C-PCA","Int-Euclidean",0.927533460803059,0.127388463989803,0.925270542135573,0.134014198500422,0.46275,0.232125,FALSE,0,13,"std","std"
"C-PCA","Hausdorff",0.927243068833652,0.127774219247929,0.924296419253807,0.135679096080184,0.46175,0.225125,FALSE,0,13,"std","std"
"C-PCA","Ichino-Yaguchi",0.927353170809433,0.127734384958572,0.925289638294232,0.133969085931392,0.46225,0.232,FALSE,0,13,"std","std"
"C-PCA","Wasserstein",0.92732361376673,0.127789674952199,0.925440092993921,0.133666873600361,0.462125,0.231375,FALSE,0,13,"std","std"
"C-PCA","Centers-Euclidean",0.927353728489484,0.127729445506692,0.925395954424943,0.133759975210606,0.462125,0.231125,FALSE,0,13,"std","std"
"V-PCA","Int-Euclidean",0.927596398980242,0.127260356915233,0.925260281495505,0.134029624912633,0.462875,0.231875,FALSE,0,13,"std","std"
"V-PCA","Hausdorff",0.927237492033142,0.127788240917782,0.924193046980943,0.135891046381637,0.462,0.2255,FALSE,0,13,"std","std"
"V-PCA","Ichino-Yaguchi",0.927317319949012,0.127809910771192,0.925212225068627,0.134130663317173,0.462375,0.23225,FALSE,0,13,"std","std"
"V-PCA","Wasserstein",0.927231755895475,0.127975302740599,0.925419137225529,0.133717359749537,0.462,0.23125,FALSE,0,13,"std","std"
"V-PCA","Centers-Euclidean",0.927309990439771,0.127820745697897,0.925306630463506,0.133943479166144,0.462125,0.23125,FALSE,0,13,"std","std"
"MR-PCA","Int-Euclidean",0.927523024219248,0.127604047163799,0.925678171873019,0.13339960883902,0.463625,0.234625,FALSE,0,13,"std","std"
"MR-PCA","Hausdorff",0.927322737412364,0.127602772466539,0.924470184488298,0.135332866410396,0.461625,0.229,FALSE,0,13,"std","std"
"MR-PCA","Ichino-Yaguchi",0.927392845761632,0.127656309751434,0.925371865009969,0.133805333652008,0.4625,0.232875,FALSE,0,13,"std","std"
"MR-PCA","Wasserstein",0.927337635436584,0.127763862332696,0.925433207288024,0.133676662434165,0.4625,0.232125,FALSE,0,13,"std","std"
"MR-PCA","Centers-Euclidean",0.927353728489484,0.127729445506692,0.925395954424943,0.133759975210606,0.462125,0.231125,FALSE,0,13,"std","std"
"SPCA","Int-Euclidean",0.927533460803059,0.127388463989803,0.925270542135573,0.134014198500422,0.46275,0.232125,FALSE,0,13,"std","std"
"SPCA","Hausdorff",0.927243068833652,0.127774219247929,0.924296419253807,0.135679096080184,0.46175,0.225125,FALSE,0,13,"std","std"
"SPCA","Ichino-Yaguchi",0.927353170809433,0.127734384958572,0.925289638294232,0.133969085931392,0.46225,0.232,FALSE,0,13,"std","std"
"SPCA","Wasserstein",0.92732361376673,0.127789674952199,0.925440092993921,0.133666873600361,0.462125,0.231375,FALSE,0,13,"std","std"
"SPCA","Centers-Euclidean",0.927353728489484,0.127729445506692,0.925395954424943,0.133759975210606,0.462125,0.231125,FALSE,0,13,"std","std"
"IMDS","Int-Euclidean",0.551928377947737,-0.0297815487571702,0.560182907933613,-0.0407878509961392,0.037375,0.001,TRUE,0,13,"std","std"
"IMDS","Hausdorff",0.576479445506692,0.00138049713193122,0.580107727284591,-0.00751620838444833,0.04675,-0.0015,TRUE,0,13,"std","std"
"IMDS","Ichino-Yaguchi",0.578723231357553,0.00871988527724665,0.584558499477377,0.00161957880207403,0.046625,-0.000375,TRUE,0,13,"std","std"
"IMDS","Wasserstein",0.572873486297004,-0.0078613766730401,0.578163369311307,-0.0170926841603261,0.046,-0.001125,TRUE,0,13,"std","std"
"IMDS","Centers-Euclidean",0.562649378585086,-0.0179676545570426,0.571183699864427,-0.0248374425366625,0.0435,0.0025,TRUE,0,13,"std","std"
"Int-UMAP","Int-Euclidean",0.797342335882728,0.00436408540471644,0.87275046451326,0.00406666357033811,0.46525,-0.035125,FALSE,0,13,"std","std"
"Int-UMAP","Hausdorff",0.795502390057361,0.00170331421287451,0.871734013199231,-0.00319860828133975,0.462,-0.047375,FALSE,0,13,"std","std"
"Int-UMAP","Ichino-Yaguchi",0.797357313575526,0.00450239005736142,0.874534747630456,-0.000335602353619152,0.466625,-0.04,FALSE,0,13,"std","std"
"Int-UMAP","Wasserstein",0.797021510516252,0.00291140854047167,0.873831948856499,-0.00111024192135464,0.466375,-0.038125,FALSE,0,13,"std","std"
"Int-UMAP","Centers-Euclidean",0.797757488846399,0.00191778202676862,0.874048844220724,-0.000924703814420919,0.466125,-0.038,FALSE,0,13,"std","std"
"C-PCA","Int-Euclidean",0.968067399617591,0.0485114722753346,0.966220296570274,0.0533200852266572,0.4575,0.231125,FALSE,0,14,"raw","raw"
"C-PCA","Hausdorff",0.968027166985341,0.0486215742511154,0.966264672268548,0.0532961264247163,0.459,0.2295,FALSE,0,14,"raw","raw"
"C-PCA","Ichino-Yaguchi",0.968114165073295,0.0484533142128745,0.966443126137773,0.0530026780683209,0.4585,0.232,FALSE,0,14,"raw","raw"
"C-PCA","Wasserstein",0.968116236456342,0.0484341937539834,0.966445247186819,0.0529896071688792,0.458625,0.232125,FALSE,0,14,"raw","raw"
"C-PCA","Centers-Euclidean",0.968112810707457,0.0484566602931803,0.966467890688854,0.0529526213961252,0.458625,0.232625,FALSE,0,14,"raw","raw"
"V-PCA","Int-Euclidean",0.968067877629063,0.0485124282982792,0.96623031133797,0.0533012963551521,0.4575,0.23075,FALSE,0,14,"raw","raw"
"V-PCA","Hausdorff",0.968059114085405,0.0485599107711918,0.966272962837574,0.0532812730038874,0.45925,0.22975,FALSE,0,14,"raw","raw"
"V-PCA","Ichino-Yaguchi",0.968114324410452,0.0484536328871893,0.966421898054533,0.0530456059344421,0.4585,0.23175,FALSE,0,14,"raw","raw"
"V-PCA","Wasserstein",0.968104365838113,0.0484569789674952,0.966436570323081,0.0530055398265476,0.458625,0.23225,FALSE,0,14,"raw","raw"
"V-PCA","Centers-Euclidean",0.968124840662843,0.048432919056724,0.966450682075124,0.0529875563843139,0.458625,0.232375,FALSE,0,14,"raw","raw"
"MR-PCA","Int-Euclidean",0.969033620140217,0.0470430210325048,0.967205525398339,0.0515465660095456,0.467375,0.223625,FALSE,0,14,"raw","raw"
"MR-PCA","Hausdorff",0.968759560229445,0.0470111536010197,0.967710977687498,0.050021496879532,0.465875,0.206375,FALSE,0,14,"raw","raw"
"MR-PCA","Ichino-Yaguchi",0.968857871255577,0.04727660930529,0.967727249832432,0.0504116112492091,0.46425,0.212625,FALSE,0,14,"raw","raw"
"MR-PCA","Wasserstein",0.968855401529637,0.0473354047163799,0.96785957373706,0.050386078906735,0.466375,0.223125,FALSE,0,14,"raw","raw"
"MR-PCA","Centers-Euclidean",0.968950924155513,0.0471762268961122,0.967810301276182,0.0505473214966578,0.4655,0.221875,FALSE,0,14,"raw","raw"
"SPCA","Int-Euclidean",0.969160611854684,0.0466692160611855,0.967843602801777,0.0504211981392686,0.466625,0.221375,FALSE,0,14,"raw","raw"
"SPCA","Hausdorff",0.969050509878904,0.0468926067558955,0.967821409141693,0.0505260824312611,0.466875,0.224625,FALSE,0,14,"raw","raw"
"SPCA","Ichino-Yaguchi",0.969105720203951,0.0468650414276609,0.967850956049023,0.0505261702885181,0.46675,0.225,FALSE,0,14,"raw","raw"
"SPCA","Wasserstein",0.969121653919694,0.0468162842574888,0.96791674588747,0.0503881736199288,0.466625,0.225125,FALSE,0,14,"raw","raw"
"SPCA","Centers-Euclidean",0.969105082855322,0.0468669534735501,0.967906428843896,0.0504177597644811,0.466625,0.224625,FALSE,0,14,"raw","raw"
"IMDS","Int-Euclidean",0.531661328871893,-0.00111647546207772,0.537319536502643,0.0039513814146247,0.0275,-0.00025,TRUE,0,14,"raw","raw"
"IMDS","Hausdorff",0.544074410452517,0.0435675589547483,0.549295974529755,0.0504243401024364,0.0355,0.004125,TRUE,0,14,"raw","raw"
"IMDS","Ichino-Yaguchi",0.549867909496495,0.0489847036328872,0.554582693915893,0.0604612068840511,0.036,0.003875,TRUE,0,14,"raw","raw"
"IMDS","Wasserstein",0.544505497131931,0.0341075525812619,0.548676564127865,0.0440682119478705,0.036125,0.003875,TRUE,0,14,"raw","raw"
"IMDS","Centers-Euclidean",0.533341300191205,0.0238444869343531,0.538329775327669,0.0309461748912148,0.033125,0.000375,TRUE,0,14,"raw","raw"
"Int-UMAP","Int-Euclidean",0.91233166029318,-0.0140584767367751,0.946179730187805,-0.00793963259630478,0.527,-0.016625,FALSE,0,14,"raw","raw"
"Int-UMAP","Hausdorff",0.911011631612492,-0.0126418100701083,0.945290633832107,-0.00696450681968501,0.5205,-0.02175,FALSE,0,14,"raw","raw"
"Int-UMAP","Ichino-Yaguchi",0.912640216698534,-0.0139588910133843,0.946577400921324,-0.00821022868305725,0.529,-0.0205,FALSE,0,14,"raw","raw"
"Int-UMAP","Wasserstein",0.912499521988528,-0.0136491395793499,0.9462302606921,-0.00763021042580744,0.52675,-0.02125,FALSE,0,14,"raw","raw"
"Int-UMAP","Centers-Euclidean",0.912445427023582,-0.0136199808795412,0.946245410844417,-0.00767819434912359,0.526,-0.020375,FALSE,0,14,"raw","raw"
"C-PCA","Int-Euclidean",0.96254891650733,0.0483718929254302,0.963020558512848,0.0536966695787509,0.484125,0.204125,FALSE,0,14,"std","raw"
"C-PCA","Hausdorff",0.96185643722116,0.0487676864244742,0.962637999334161,0.0534634565416211,0.483125,0.187375,FALSE,0,14,"std","raw"
"C-PCA","Ichino-Yaguchi",0.962122769279796,0.0483844805608667,0.96278990250574,0.053401832992396,0.48425,0.1885,FALSE,0,14,"std","raw"
"C-PCA","Wasserstein",0.962112970044614,0.0483390694710006,0.962780795418662,0.0534127639705407,0.4845,0.188625,FALSE,0,14,"std","raw"
"C-PCA","Centers-Euclidean",0.962104047163799,0.0484181007010835,0.962752391082164,0.0534849561933481,0.484125,0.187375,FALSE,0,14,"std","raw"
"V-PCA","Int-Euclidean",0.962540152963671,0.0483865519439133,0.962985695388483,0.0537635771448985,0.48425,0.204375,FALSE,0,14,"std","raw"
"V-PCA","Hausdorff",0.961855321861058,0.0487708731676227,0.962614514790812,0.0535101522472436,0.48325,0.18725,FALSE,0,14,"std","raw"
"V-PCA","Ichino-Yaguchi",0.962107472912683,0.0484122052262588,0.9628251653593,0.0533237204272899,0.4845,0.1885,FALSE,0,14,"std","raw"
"V-PCA","Wasserstein",0.96211759082218,0.0483301465901849,0.96280160394085,0.0533712748736263,0.4845,0.188375,FALSE,0,14,"std","raw"
"V-PCA","Centers-Euclidean",0.962112731038878,0.0483991395793499,0.962770450439892,0.0534421927397151,0.4845,0.187375,FALSE,0,14,"std","raw"
"MR-PCA","Int-Euclidean",0.962151210962396,0.0482431485022308,0.962775468965831,0.0533336165237152,0.482875,0.18475,FALSE,0,14,"std","raw"
"MR-PCA","Hausdorff",0.961959369024857,0.0489101338432122,0.962796289643028,0.0533366343778452,0.478625,0.179375,FALSE,0,14,"std","raw"
"MR-PCA","Ichino-Yaguchi",0.962121494582537,0.0483704588910133,0.9627218767854,0.0534950207539313,0.483125,0.1855,FALSE,0,14,"std","raw"
"MR-PCA","Wasserstein",0.962156867431485,0.0482509560229446,0.96290474430894,0.0531530894791191,0.4835,0.188125,FALSE,0,14,"std","raw"
"MR-PCA","Centers-Euclidean",0.962104047163799,0.0484181007010835,0.962752391082164,0.0534849561933481,0.484125,0.187375,FALSE,0,14,"std","raw"
"SPCA","Int-Euclidean",0.96254891650733,0.0483718929254302,0.963020558512848,0.0536966695787509,0.484125,0.204125,FALSE,0,14,"std","raw"
"SPCA","Hausdorff",0.96185643722116,0.0487676864244742,0.962637999334161,0.0534634565416211,0.483125,0.187375,FALSE,0,14,"std","raw"
"SPCA","Ichino-Yaguchi",0.962122769279796,0.0483844805608667,0.96278990250574,0.053401832992396,0.48425,0.1885,FALSE,0,14,"std","raw"
"SPCA","Wasserstein",0.962112970044614,0.0483390694710006,0.962780795418662,0.0534127639705407,0.4845,0.188625,FALSE,0,14,"std","raw"
"SPCA","Centers-Euclidean",0.962104047163799,0.0484181007010835,0.962752391082164,0.0534849561933481,0.484125,0.187375,FALSE,0,14,"std","raw"
"IMDS","Int-Euclidean",0.528573932441045,0.00638177182919053,0.537722573246083,0.00657883819781047,0.0265,-0.0015,TRUE,0,14,"std","raw"
"IMDS","Hausdorff",0.54117758126195,0.044396590184831,0.545290470165979,0.0555741966477423,0.0345,0.005875,TRUE,0,14,"std","raw"
"IMDS","Ichino-Yaguchi",0.547048996175908,0.0509361057998725,0.552729961572259,0.0645872182447622,0.035375,0.00575,TRUE,0,14,"std","raw"
"IMDS","Wasserstein",0.539941443594646,0.0381636392606757,0.543828597805855,0.0511366752272048,0.035,0.005,TRUE,0,14,"std","raw"
"IMDS","Centers-Euclidean",0.530385914595284,0.0259318036966221,0.535744508580242,0.0360199152783087,0.0335,0.000750000000000001,TRUE,0,14,"std","raw"
"Int-UMAP","Int-Euclidean",0.903532106437221,-0.0124058317399618,0.939301052018149,-0.00375070008586127,0.52675,-0.00650000000000001,FALSE,0,14,"std","raw"
"Int-UMAP","Hausdorff",0.902081819630338,-0.0115030274059912,0.938560681472065,-0.00320745350261294,0.523,-0.010875,FALSE,0,14,"std","raw"
"Int-UMAP","Ichino-Yaguchi",0.903729445506692,-0.012202039515615,0.940213171773221,-0.00491709516271591,0.52775,-0.013875,FALSE,0,14,"std","raw"
"Int-UMAP","Wasserstein",0.903264977692798,-0.0114158699808796,0.939587831859464,-0.00385473821864037,0.526375,-0.0115,FALSE,0,14,"std","raw"
"Int-UMAP","Centers-Euclidean",0.903361615678776,-0.0115766411727215,0.939499975348789,-0.00366508532133834,0.526375,-0.01175,FALSE,0,14,"std","raw"
"C-PCA","Int-Euclidean",0.925067558954748,0.131865200764818,0.925546369034428,0.133181580606645,0.433125,0.233375,FALSE,0,14,"std","std"
"C-PCA","Hausdorff",0.924350063734863,0.133503824091778,0.925329732870437,0.133740751530977,0.43875,0.24075,FALSE,0,14,"std","std"
"C-PCA","Ichino-Yaguchi",0.924941124920331,0.132299075844487,0.925569250305496,0.133228668257992,0.438625,0.24125,FALSE,0,14,"std","std"
"C-PCA","Wasserstein",0.924969407265774,0.132245379222435,0.925589454062682,0.133209787051069,0.438875,0.2405,FALSE,0,14,"std","std"
"C-PCA","Centers-Euclidean",0.924911647546208,0.132365041427661,0.925509779792183,0.133367363519722,0.43875,0.240375,FALSE,0,14,"std","std"
"V-PCA","Int-Euclidean",0.925069630337795,0.131861695347355,0.925514193659743,0.133246055465054,0.43325,0.2335,FALSE,0,14,"std","std"
"V-PCA","Hausdorff",0.924351577437859,0.133501115360102,0.925278050199248,0.133844997578381,0.438875,0.241125,FALSE,0,14,"std","std"
"V-PCA","Ichino-Yaguchi",0.924937061822817,0.132306564690886,0.925651236160136,0.133059521926868,0.438875,0.24125,FALSE,0,14,"std","std"
"V-PCA","Wasserstein",0.924985818992989,0.132215105162524,0.925645094255483,0.133100890326677,0.439,0.240375,FALSE,0,14,"std","std"
"V-PCA","Centers-Euclidean",0.9249554652645,0.132278043339707,0.925561054417591,0.133261906876084,0.439125,0.2405,FALSE,0,14,"std","std"
"MR-PCA","Int-Euclidean",0.925182122370937,0.132129063097514,0.925810762654729,0.133042416843959,0.440875,0.242,FALSE,0,14,"std","std"
"MR-PCA","Hausdorff",0.924247689611217,0.133412523900574,0.925469780536837,0.133127695533149,0.43425,0.224,FALSE,0,14,"std","std"
"MR-PCA","Ichino-Yaguchi",0.924891810070108,0.132377947737412,0.925367297605455,0.133582729591911,0.437625,0.240375,FALSE,0,14,"std","std"
"MR-PCA","Wasserstein",0.924974506054812,0.132239005736138,0.925784156193314,0.13280506790513,0.43775,0.239,FALSE,0,14,"std","std"
"MR-PCA","Centers-Euclidean",0.924911647546208,0.132365041427661,0.925509779792183,0.133367363519722,0.43875,0.240375,FALSE,0,14,"std","std"
"SPCA","Int-Euclidean",0.925067558954748,0.131865200764818,0.925546369034428,0.133181580606645,0.433125,0.233375,FALSE,0,14,"std","std"
"SPCA","Hausdorff",0.924350063734863,0.133503824091778,0.925329732870437,0.133740751530977,0.43875,0.24075,FALSE,0,14,"std","std"
"SPCA","Ichino-Yaguchi",0.924941124920331,0.132299075844487,0.925569250305496,0.133228668257992,0.438625,0.24125,FALSE,0,14,"std","std"
"SPCA","Wasserstein",0.924969407265774,0.132245379222435,0.925589454062682,0.133209787051069,0.438875,0.2405,FALSE,0,14,"std","std"
"SPCA","Centers-Euclidean",0.924911647546208,0.132365041427661,0.925509779792183,0.133367363519722,0.43875,0.240375,FALSE,0,14,"std","std"
"IMDS","Int-Euclidean",0.546518801784576,-0.0152903123008286,0.555618853830431,-0.0266517605741326,0.033125,-0.00425,TRUE,0,14,"std","std"
"IMDS","Hausdorff",0.574192558954748,-0.0038768323773104,0.580600567365959,-0.00511111789232654,0.042875,0.001875,TRUE,0,14,"std","std"
"IMDS","Ichino-Yaguchi",0.579208173996176,0.00548231357552575,0.588023625200259,0.00498700522929807,0.043625,0.003125,TRUE,0,14,"std","std"
"IMDS","Wasserstein",0.571158062460166,-0.00739483747609937,0.578404548037533,-0.00897391594807107,0.04275,0.002375,TRUE,0,14,"std","std"
"IMDS","Centers-Euclidean",0.558932361376673,-0.0156014977692798,0.568270700278635,-0.0212336532190472,0.043375,-0.0015,TRUE,0,14,"std","std"
"Int-UMAP","Int-Euclidean",0.914618945188018,-0.00469678138941998,0.94781761869814,0.0014623827638733,0.557375,-0.022625,FALSE,0,14,"std","std"
"Int-UMAP","Hausdorff",0.913477374123646,-0.00321510516252388,0.946919672643007,0.00112523245921333,0.548,-0.03425,FALSE,0,14,"std","std"
"Int-UMAP","Ichino-Yaguchi",0.914365439770555,-0.00471112173358823,0.948554327387871,-0.000555674973186482,0.555625,-0.0315,FALSE,0,14,"std","std"
"Int-UMAP","Wasserstein",0.913975541746335,-0.00403744423199492,0.947875416298391,0.000568854627970586,0.554,-0.026125,FALSE,0,14,"std","std"
"Int-UMAP","Centers-Euclidean",0.913993626513703,-0.00405959209687701,0.94772141404208,0.000889832160225708,0.553875,-0.024375,FALSE,0,14,"std","std"
"C-PCA","Int-Euclidean",0.964405831739962,0.0556077119184193,0.962857932704241,0.0600638404522448,0.478125,0.221,FALSE,0,15,"raw","raw"
"C-PCA","Hausdorff",0.96425868387508,0.0560635755258126,0.962566590256443,0.0606652555767607,0.479,0.223,FALSE,0,15,"raw","raw"
"C-PCA","Ichino-Yaguchi",0.964375796685787,0.0556859464627151,0.962776797380352,0.0602340877712763,0.478875,0.222125,FALSE,0,15,"raw","raw"
"C-PCA","Wasserstein",0.964332138304653,0.0557662523900574,0.962767606914179,0.0602467033910001,0.478375,0.22175,FALSE,0,15,"raw","raw"
"C-PCA","Centers-Euclidean",0.964367511153601,0.0557025175270873,0.962777520390134,0.0602402763767531,0.47875,0.2225,FALSE,0,15,"raw","raw"
"V-PCA","Int-Euclidean",0.9643910930529,0.0556346398980243,0.96286791580494,0.0600469095911294,0.478,0.220875,FALSE,0,15,"raw","raw"
"V-PCA","Hausdorff",0.964251274697259,0.0560783938814532,0.962576408624785,0.0606492627837853,0.479125,0.223,FALSE,0,15,"raw","raw"
"V-PCA","Ichino-Yaguchi",0.964376752708732,0.0556811663479924,0.962788917736777,0.0602060444598664,0.479,0.222,FALSE,0,15,"raw","raw"
"V-PCA","Wasserstein",0.964358827278521,0.0557115997450605,0.96278047896194,0.0602214796151545,0.4785,0.221875,FALSE,0,15,"raw","raw"
"V-PCA","Centers-Euclidean",0.964368387507967,0.0556975780752071,0.962789991002734,0.0602113965021894,0.478875,0.22225,FALSE,0,15,"raw","raw"
"MR-PCA","Int-Euclidean",0.969835564053537,0.0452960484384959,0.968671805548518,0.0485069034479453,0.45825,0.227125,FALSE,0,15,"raw","raw"
"MR-PCA","Hausdorff",0.96949816762269,0.0457388463989803,0.968265500387169,0.0489342366680024,0.459875,0.22575,FALSE,0,15,"raw","raw"
"MR-PCA","Ichino-Yaguchi",0.969628983428936,0.0456563097514341,0.968546672291237,0.0486321729692733,0.45825,0.22975,FALSE,0,15,"raw","raw"
"MR-PCA","Wasserstein",0.969802501593372,0.0453303059273422,0.968615472840081,0.0486470524060861,0.46,0.232625,FALSE,0,15,"raw","raw"
"MR-PCA","Centers-Euclidean",0.969675430210325,0.0455783938814532,0.968908348844831,0.0480941909975825,0.459,0.230875,FALSE,0,15,"raw","raw"
"SPCA","Int-Euclidean",0.969665471637986,0.0455686743148502,0.968644807354625,0.0485172855314793,0.459125,0.23575,FALSE,0,15,"raw","raw"
"SPCA","Hausdorff",0.96946964627151,0.046141332058636,0.968781911696292,0.0483956640055301,0.460875,0.234625,FALSE,0,15,"raw","raw"
"SPCA","Ichino-Yaguchi",0.96965471637986,0.0456510516252391,0.968649260992521,0.0486440277280915,0.459875,0.2365,FALSE,0,15,"raw","raw"
"SPCA","Wasserstein",0.969663878266412,0.0456285850860421,0.968636914595581,0.0486675911723758,0.45975,0.236375,FALSE,0,15,"raw","raw"
"SPCA","Centers-Euclidean",0.969654796048439,0.0456508922880816,0.968724608506357,0.0484885815846754,0.459875,0.235625,FALSE,0,15,"raw","raw"
"IMDS","Int-Euclidean",0.538198215423837,0.00787412364563411,0.537657740987765,0.0187243657260481,0.03575,-0.003125,TRUE,0,15,"raw","raw"
"IMDS","Hausdorff",0.568291826003824,0.0622222753346081,0.574085001427041,0.0684167738439904,0.044,-0.00225,TRUE,0,15,"raw","raw"
"IMDS","Ichino-Yaguchi",0.573403282345443,0.0671889738687061,0.577485021403904,0.0738828403858828,0.0465,0.003,TRUE,0,15,"raw","raw"
"IMDS","Wasserstein",0.563014579349904,0.0482592415551306,0.567508566615675,0.0561068084512199,0.045875,-0.000625000000000001,TRUE,0,15,"raw","raw"
"IMDS","Centers-Euclidean",0.55563057680051,0.0308143722115997,0.556101427194226,0.0430742469737441,0.04375,0.00225,TRUE,0,15,"raw","raw"
"Int-UMAP","Int-Euclidean",0.903240997450605,0.0168570745697897,0.939454606351721,0.0117609031708963,0.536625,-0.00262499999999999,FALSE,0,15,"raw","raw"
"Int-UMAP","Hausdorff",0.903606198215424,0.0172812300828553,0.940051615925262,0.0124154245953576,0.534,-0.00587500000000002,FALSE,0,15,"raw","raw"
"Int-UMAP","Ichino-Yaguchi",0.903591140854047,0.0168999362651371,0.940187088403678,0.0110081547741207,0.537,-0.00737499999999999,FALSE,0,15,"raw","raw"
"Int-UMAP","Wasserstein",0.903375796685787,0.0173143722115997,0.939713202779155,0.0118755950623198,0.535625,-0.00812500000000002,FALSE,0,15,"raw","raw"
"Int-UMAP","Centers-Euclidean",0.903477214786488,0.0171246016571064,0.939710989714559,0.0119216386623792,0.536375,-0.00587499999999999,FALSE,0,15,"raw","raw"
"C-PCA","Int-Euclidean",0.933518403441683,0.103126354365838,0.934877039397241,0.107502229058029,0.466125,0.12,FALSE,0,15,"std","raw"
"C-PCA","Hausdorff",0.932891969407266,0.104193435309114,0.934395457946143,0.108164794752653,0.46175,0.114,FALSE,0,15,"std","raw"
"C-PCA","Ichino-Yaguchi",0.933062141491396,0.10369120458891,0.934025770708595,0.10893292925819,0.463875,0.11975,FALSE,0,15,"std","raw"
"C-PCA","Wasserstein",0.933118945188018,0.103586520076482,0.934100069159868,0.108802645475837,0.464375,0.11975,FALSE,0,15,"std","raw"
"C-PCA","Centers-Euclidean",0.933059990439771,0.103695188017846,0.934096701795922,0.108816384900767,0.464125,0.120625,FALSE,0,15,"std","raw"
"V-PCA","Int-Euclidean",0.933436982154238,0.103285372848948,0.934946400889081,0.107366201074383,0.465875,0.1195,FALSE,0,15,"std","raw"
"V-PCA","Hausdorff",0.932833572339069,0.104296207775653,0.934385912532386,0.108174005050683,0.461625,0.113375,FALSE,0,15,"std","raw"
"V-PCA","Ichino-Yaguchi",0.932992112810707,0.103825207138305,0.934063484182538,0.108851667053068,0.464,0.119875,FALSE,0,15,"std","raw"
"V-PCA","Wasserstein",0.932987412364563,0.103844486934353,0.934163573430157,0.108670669588304,0.464375,0.119375,FALSE,0,15,"std","raw"
"V-PCA","Centers-Euclidean",0.932990360101976,0.103829987253028,0.934196221144222,0.108614148370606,0.46425,0.1205,FALSE,0,15,"std","raw"
"MR-PCA","Int-Euclidean",0.933163718929254,0.103416666666667,0.934255965038612,0.108381269702843,0.463625,0.11725,FALSE,0,15,"std","raw"
"MR-PCA","Hausdorff",0.933144917144678,0.103912523900574,0.934556828696773,0.108052667141608,0.460875,0.12125,FALSE,0,15,"std","raw"
"MR-PCA","Ichino-Yaguchi",0.933116634799235,0.103580305927342,0.934171848005751,0.108639797571762,0.464375,0.119625,FALSE,0,15,"std","raw"
"MR-PCA","Wasserstein",0.933148342893563,0.10352230720204,0.934302557320036,0.108401083646762,0.4645,0.1195,FALSE,0,15,"std","raw"
"MR-PCA","Centers-Euclidean",0.933059990439771,0.103695188017846,0.934096701795922,0.108816384900767,0.464125,0.120625,FALSE,0,15,"std","raw"
"SPCA","Int-Euclidean",0.933518403441683,0.103126354365838,0.934877039397241,0.107502229058029,0.466125,0.12,FALSE,0,15,"std","raw"
"SPCA","Hausdorff",0.932891969407266,0.104193435309114,0.934395457946143,0.108164794752653,0.46175,0.114,FALSE,0,15,"std","raw"
"SPCA","Ichino-Yaguchi",0.933062141491396,0.10369120458891,0.934025770708595,0.10893292925819,0.463875,0.11975,FALSE,0,15,"std","raw"
"SPCA","Wasserstein",0.933118945188018,0.103586520076482,0.934100069159868,0.108802645475837,0.464375,0.11975,FALSE,0,15,"std","raw"
"SPCA","Centers-Euclidean",0.933059990439771,0.103695188017846,0.934096701795922,0.108816384900767,0.464125,0.120625,FALSE,0,15,"std","raw"
"IMDS","Int-Euclidean",0.540550828553219,0.00472753346080301,0.540053278922396,0.0148853298596451,0.037,-0.004875,TRUE,0,15,"std","raw"
"IMDS","Hausdorff",0.569187300828553,0.0644641491395793,0.576032525460265,0.0704790286859915,0.04475,-0.001,TRUE,0,15,"std","raw"
"IMDS","Ichino-Yaguchi",0.57310086042065,0.0690216698534097,0.578543139022082,0.0786542767462653,0.047875,0.002,TRUE,0,15,"std","raw"
"IMDS","Wasserstein",0.563215901848311,0.0499856596558318,0.569662736568459,0.0580367799052882,0.04725,-0.000875000000000001,TRUE,0,15,"std","raw"
"IMDS","Centers-Euclidean",0.5566856277884,0.0329372211599746,0.559242751051259,0.042288864937124,0.046,-0.00125,TRUE,0,15,"std","raw"
"Int-UMAP","Int-Euclidean",0.903174314850223,0.00633365200764813,0.940288013361468,0.000732269339301483,0.5345,0.00412500000000002,FALSE,0,15,"std","raw"
"Int-UMAP","Hausdorff",0.902307759719567,0.0091046845124283,0.939728004914377,0.00369701354417711,0.53175,0.001,FALSE,0,15,"std","raw"
"Int-UMAP","Ichino-Yaguchi",0.90342758126195,0.00665885914595277,0.940521797044277,0.00105658715329011,0.534875,0.00112499999999999,FALSE,0,15,"std","raw"
"Int-UMAP","Wasserstein",0.903232472912683,0.00703632887189298,0.940439506141563,0.00116564871666137,0.53525,-0.00025,FALSE,0,15,"std","raw"
"Int-UMAP","Centers-Euclidean",0.903252310388783,0.00700366475462078,0.940478572126799,0.00114015305245965,0.534875,-0.000125000000000014,FALSE,0,15,"std","raw"
"C-PCA","Int-Euclidean",0.933131134480561,0.117089547482473,0.933160405728225,0.11910578116105,0.493625,0.195125,FALSE,0,15,"std","std"
"C-PCA","Hausdorff",0.932191045251753,0.119129381771829,0.932591622750833,0.120337153076855,0.496375,0.19525,FALSE,0,15,"std","std"
"C-PCA","Ichino-Yaguchi",0.932680449330784,0.118226418100701,0.93224999823006,0.121061533815405,0.495625,0.19825,FALSE,0,15,"std","std"
"C-PCA","Wasserstein",0.932753266411727,0.118091300191205,0.932390074897885,0.120805161221479,0.495875,0.198625,FALSE,0,15,"std","std"
"C-PCA","Centers-Euclidean",0.932689053537285,0.118217176545571,0.932348975294369,0.120884337029991,0.496,0.199,FALSE,0,15,"std","std"
"V-PCA","Int-Euclidean",0.933074410452517,0.117202676864245,0.933285049373219,0.118859438368646,0.493375,0.1945,FALSE,0,15,"std","std"
"V-PCA","Hausdorff",0.932149697259401,0.119211121733588,0.932615921999645,0.120289371310528,0.4965,0.195,FALSE,0,15,"std","std"
"V-PCA","Ichino-Yaguchi",0.932642766093053,0.118304333970682,0.932350900797044,0.120858573742349,0.49575,0.19775,FALSE,0,15,"std","std"
"V-PCA","Wasserstein",0.93265965583174,0.118280752071383,0.93251994370397,0.120542513231047,0.49575,0.198,FALSE,0,15,"std","std"
"V-PCA","Centers-Euclidean",0.932650732950924,0.118293817718292,0.932531793771381,0.120518314954107,0.496125,0.1985,FALSE,0,15,"std","std"
"MR-PCA","Int-Euclidean",0.932931166347992,0.117822817080943,0.932660276479964,0.12028690533645,0.498,0.192375,FALSE,0,15,"std","std"
"MR-PCA","Hausdorff",0.932451322498407,0.118471478648821,0.932716745772317,0.119983289208519,0.493875,0.19275,FALSE,0,15,"std","std"
"MR-PCA","Ichino-Yaguchi",0.932747211599745,0.118095124282983,0.93243630018334,0.120696638743413,0.496125,0.198375,FALSE,0,15,"std","std"
"MR-PCA","Wasserstein",0.932800589547482,0.117993148502231,0.932624814668102,0.12033039275947,0.49625,0.19875,FALSE,0,15,"std","std"
"MR-PCA","Centers-Euclidean",0.932689053537285,0.118217176545571,0.932348975294369,0.120884337029991,0.496,0.199,FALSE,0,15,"std","std"
"SPCA","Int-Euclidean",0.933131134480561,0.117089547482473,0.933160405728225,0.11910578116105,0.493625,0.195125,FALSE,0,15,"std","std"
"SPCA","Hausdorff",0.932191045251753,0.119129381771829,0.932591622750833,0.120337153076855,0.496375,0.19525,FALSE,0,15,"std","std"
"SPCA","Ichino-Yaguchi",0.932680449330784,0.118226418100701,0.93224999823006,0.121061533815405,0.495625,0.19825,FALSE,0,15,"std","std"
"SPCA","Wasserstein",0.932753266411727,0.118091300191205,0.932390074897885,0.120805161221479,0.495875,0.198625,FALSE,0,15,"std","std"
"SPCA","Centers-Euclidean",0.932689053537285,0.118217176545571,0.932348975294369,0.120884337029991,0.496,0.199,FALSE,0,15,"std","std"
"IMDS","Int-Euclidean",0.59641523263225,-0.0855971956660293,0.597671399059433,-0.0890168282472512,0.041125,-0.001,TRUE,0,15,"std","std"
"IMDS","Hausdorff",0.632934193753983,-0.0331947100063735,0.641479887149486,-0.0428232769613877,0.0515,0.000375,TRUE,0,15,"std","std"
"IMDS","Ichino-Yaguchi",0.638679015296367,-0.0255412683237731,0.644979817247523,-0.0344985570511761,0.05375,0.000375,TRUE,0,15,"std","std"
"IMDS","Wasserstein",0.628474346717655,-0.0482434671765457,0.635962118104549,-0.0552563374083747,0.0535,0.000750000000000001,TRUE,0,15,"std","std"
"IMDS","Centers-Euclidean",0.618870857233907,-0.0663816124920331,0.626398334930118,-0.0749085907081825,0.04875,0.000999999999999997,TRUE,0,15,"std","std"
"Int-UMAP","Int-Euclidean",0.90575740917782,0.0219794455066921,0.944744850583807,0.0155635497129627,0.566875,-0.02475,FALSE,0,15,"std","std"
"Int-UMAP","Hausdorff",0.903670650095602,0.0233314212874443,0.942876803462122,0.0170519580567749,0.56025,-0.033,FALSE,0,15,"std","std"
"Int-UMAP","Ichino-Yaguchi",0.905264499681326,0.0212437858508604,0.944293647485295,0.0151240634032558,0.566125,-0.033,FALSE,0,15,"std","std"
"Int-UMAP","Wasserstein",0.905246096239643,0.0213586679413639,0.944341461238487,0.0149504288884215,0.565875,-0.032125,FALSE,0,15,"std","std"
"Int-UMAP","Centers-Euclidean",0.905257090503505,0.0212468132568515,0.944394772787486,0.0148785456587341,0.565,-0.0325,FALSE,0,15,"std","std"
"C-PCA","Int-Euclidean",0.963913081580625,0.056347833014659,0.962868543920355,0.0599265739371703,0.478,0.213375,FALSE,0,16,"raw","raw"
"C-PCA","Hausdorff",0.963745857233907,0.0568033779477374,0.962864567099999,0.0599763894284007,0.477875,0.214,FALSE,0,16,"raw","raw"
"C-PCA","Ichino-Yaguchi",0.964129859783301,0.0560525812619503,0.963142947936813,0.0594800961516645,0.48125,0.215,FALSE,0,16,"raw","raw"
"C-PCA","Wasserstein",0.964070905035054,0.0561669853409815,0.963114610132995,0.0595324808279259,0.480875,0.215875,FALSE,0,16,"raw","raw"
"C-PCA","Centers-Euclidean",0.964133604206501,0.0560460484384959,0.96311839215334,0.0595282630398509,0.481125,0.2155,FALSE,0,16,"raw","raw"
"V-PCA","Int-Euclidean",0.963923438495857,0.0563248884639899,0.96283693481981,0.0599861503270081,0.47825,0.214125,FALSE,0,16,"raw","raw"
"V-PCA","Hausdorff",0.963755736137667,0.0567813894200128,0.962936967450678,0.0598308462052745,0.478,0.214,FALSE,0,16,"raw","raw"
"V-PCA","Ichino-Yaguchi",0.964087476099426,0.0561316124920331,0.963150588212866,0.0594620455370134,0.48125,0.21475,FALSE,0,16,"raw","raw"
"V-PCA","Wasserstein",0.964071542383684,0.0561634799235182,0.963131918545746,0.0594962791598663,0.481,0.215875,FALSE,0,16,"raw","raw"
"V-PCA","Centers-Euclidean",0.964072339069471,0.0561622052262587,0.963105734950692,0.0595483149660487,0.481125,0.215375,FALSE,0,16,"raw","raw"
"MR-PCA","Int-Euclidean",0.969805449330784,0.0458365200764819,0.967990604625966,0.0502721858339641,0.481375,0.222625,FALSE,0,16,"raw","raw"
"MR-PCA","Hausdorff",0.969907982791587,0.0455849267049075,0.968288722531599,0.0496393890355167,0.481,0.218625,FALSE,0,16,"raw","raw"
"MR-PCA","Ichino-Yaguchi",0.969778043339707,0.0458569152326322,0.967947209431741,0.0503377740485358,0.480875,0.22425,FALSE,0,16,"raw","raw"
"MR-PCA","Wasserstein",0.969788559592097,0.0458419375398342,0.968021719636063,0.050215493379913,0.48075,0.221875,FALSE,0,16,"raw","raw"
"MR-PCA","Centers-Euclidean",0.969780433397068,0.0458543658381134,0.967989982161565,0.0502739284783925,0.480875,0.22375,FALSE,0,16,"raw","raw"
"SPCA","Int-Euclidean",0.969675430210325,0.0460270873167622,0.9681107449468,0.0499036114194645,0.477625,0.217125,FALSE,0,16,"raw","raw"
"SPCA","Hausdorff",0.969896112173359,0.0456593371574251,0.968029892280179,0.0501519981725691,0.478625,0.224625,FALSE,0,16,"raw","raw"
"SPCA","Ichino-Yaguchi",0.969755178457616,0.045932919056724,0.968002414816418,0.050227994060167,0.479125,0.223875,FALSE,0,16,"raw","raw"
"SPCA","Wasserstein",0.969737332695985,0.0459702039515615,0.968023051355893,0.0501884231089493,0.479,0.223875,FALSE,0,16,"raw","raw"
"SPCA","Centers-Euclidean",0.96975430210325,0.0459324410452518,0.968018293522907,0.050196224278935,0.479125,0.224,FALSE,0,16,"raw","raw"
"IMDS","Int-Euclidean",0.537479047163799,-0.00355305927342253,0.540994175980815,-0.0034249392377505,0.034625,0.000875000000000001,TRUE,0,16,"raw","raw"
"IMDS","Hausdorff",0.562454987253027,0.0538487890376036,0.567666098835832,0.0526463804260173,0.0445,0.000750000000000001,TRUE,0,16,"raw","raw"
"IMDS","Ichino-Yaguchi",0.570943275971957,0.0596692160611855,0.576306483153328,0.0665535306163775,0.0475,-0.000499999999999997,TRUE,0,16,"raw","raw"
"IMDS","Wasserstein",0.56264977692798,0.037655513065647,0.564602587080616,0.0418538964522899,0.0465,0.000125,TRUE,0,16,"raw","raw"
"IMDS","Centers-Euclidean",0.552353250478011,0.0208056086679413,0.555428337074517,0.0202910414513951,0.0465,-0.005375,TRUE,0,16,"raw","raw"
"Int-UMAP","Int-Euclidean",0.90487930210325,0.0130913001912046,0.941876988196932,0.0041877920720682,0.5215,-0.010375,FALSE,0,16,"raw","raw"
"Int-UMAP","Hausdorff",0.904646510516252,0.0142879222434672,0.941759752070233,0.00516552605769475,0.52125,-0.014,FALSE,0,16,"raw","raw"
"Int-UMAP","Ichino-Yaguchi",0.904965423836839,0.0129327597195665,0.942419912779068,0.00343657499316334,0.523125,-0.020625,FALSE,0,16,"raw","raw"
"Int-UMAP","Wasserstein",0.904773342893563,0.0131419694072658,0.94196846476779,0.00422016086066675,0.52225,-0.01825,FALSE,0,16,"raw","raw"
"Int-UMAP","Centers-Euclidean",0.904900015933716,0.0130492351816444,0.941901874404724,0.00440076403400264,0.521625,-0.01725,FALSE,0,16,"raw","raw"
"C-PCA","Int-Euclidean",0.930395873167623,0.109588750796686,0.930111557178612,0.117010600958992,0.46825,0.112125,FALSE,0,16,"std","raw"
"C-PCA","Hausdorff",0.93049195347355,0.109226736775016,0.930404482443135,0.116198181064765,0.46725,0.112125,FALSE,0,16,"std","raw"
"C-PCA","Ichino-Yaguchi",0.930515376035691,0.109105640535373,0.93016519840557,0.116650902046665,0.467375,0.113625,FALSE,0,16,"std","raw"
"C-PCA","Wasserstein",0.930510436583811,0.109127947737412,0.930220788805484,0.116550122095998,0.46725,0.112375,FALSE,0,16,"std","raw"
"C-PCA","Centers-Euclidean",0.930525573613767,0.109097355003187,0.930177804535857,0.116634868736993,0.4675,0.113,FALSE,0,16,"std","raw"
"V-PCA","Int-Euclidean",0.930404477374124,0.109560707456979,0.930107497512275,0.117008424785914,0.468375,0.112375,FALSE,0,16,"std","raw"
"V-PCA","Hausdorff",0.930361217335883,0.109483428935628,0.930298964278092,0.116400673489849,0.467,0.112,FALSE,0,16,"std","raw"
"V-PCA","Ichino-Yaguchi",0.930413798597833,0.109304971319312,0.93014596065172,0.116685735743113,0.467375,0.113375,FALSE,0,16,"std","raw"
"V-PCA","Wasserstein",0.930429015296367,0.109288559592097,0.930149379194651,0.116686193795026,0.467125,0.1125,FALSE,0,16,"std","raw"
"V-PCA","Centers-Euclidean",0.930423597833015,0.109295889101338,0.930143678282249,0.116697510321522,0.4675,0.11275,FALSE,0,16,"std","raw"
"MR-PCA","Int-Euclidean",0.930444231994901,0.109142447418738,0.929930713464048,0.117023532608946,0.466875,0.112625,FALSE,0,16,"std","raw"
"MR-PCA","Hausdorff",0.93038862332696,0.109646908859146,0.930342652898496,0.116450765134351,0.466625,0.115,FALSE,0,16,"std","raw"
"MR-PCA","Ichino-Yaguchi",0.93054580943276,0.109045092415551,0.930100968033436,0.116783550511355,0.46725,0.113875,FALSE,0,16,"std","raw"
"MR-PCA","Wasserstein",0.930499521988528,0.109155831739962,0.930030912639861,0.116922923894632,0.4675,0.1135,FALSE,0,16,"std","raw"
"MR-PCA","Centers-Euclidean",0.930525573613767,0.109097355003187,0.930177804535857,0.116634868736993,0.4675,0.113,FALSE,0,16,"std","raw"
"SPCA","Int-Euclidean",0.930395873167623,0.109588750796686,0.930111557178612,0.117010600958992,0.46825,0.112125,FALSE,0,16,"std","raw"
"SPCA","Hausdorff",0.93049195347355,0.109226736775016,0.930404482443135,0.116198181064765,0.46725,0.112125,FALSE,0,16,"std","raw"
"SPCA","Ichino-Yaguchi",0.930515376035691,0.109105640535373,0.93016519840557,0.116650902046665,0.467375,0.113625,FALSE,0,16,"std","raw"
"SPCA","Wasserstein",0.930510436583811,0.109127947737412,0.930220788805484,0.116550122095998,0.46725,0.112375,FALSE,0,16,"std","raw"
"SPCA","Centers-Euclidean",0.930525573613767,0.109097355003187,0.930177804535857,0.116634868736993,0.4675,0.113,FALSE,0,16,"std","raw"
"IMDS","Int-Euclidean",0.539116794136393,-0.000217973231357527,0.54480565612226,-0.0052887390368217,0.036375,0.002,TRUE,0,16,"std","raw"
"IMDS","Hausdorff",0.561220522625876,0.0492068196303378,0.565931601568704,0.0485285783876948,0.044625,-0.002375,TRUE,0,16,"std","raw"
"IMDS","Ichino-Yaguchi",0.569956341618866,0.0552762906309751,0.574495174440157,0.0607651989642738,0.047625,-0.00275,TRUE,0,16,"std","raw"
"IMDS","Wasserstein",0.562412683237731,0.0342750159337157,0.563173678358164,0.03836212535064,0.0475,-0.000999999999999997,TRUE,0,16,"std","raw"
"IMDS","Centers-Euclidean",0.553268881453155,0.0228172402804334,0.554778865949615,0.0227584178341019,0.0465,-0.003,TRUE,0,16,"std","raw"
"Int-UMAP","Int-Euclidean",0.895841459528362,0.0400044614404079,0.93651103681202,0.0204835917189673,0.52225,-0.02325,FALSE,0,16,"std","raw"
"Int-UMAP","Hausdorff",0.895709608030593,0.0410269279796049,0.936468133895654,0.0209789241102661,0.521625,-0.026125,FALSE,0,16,"std","raw"
"Int-UMAP","Ichino-Yaguchi",0.895721478648821,0.040421287444232,0.936759932156285,0.0201480780755883,0.522875,-0.030125,FALSE,0,16,"std","raw"
"Int-UMAP","Wasserstein",0.895650414276609,0.0401459528362014,0.936620029390385,0.0201973581066915,0.52275,-0.028625,FALSE,0,16,"std","raw"
"Int-UMAP","Centers-Euclidean",0.895790471637986,0.0402052262587635,0.936689229135309,0.0201859055293946,0.52275,-0.026625,FALSE,0,16,"std","raw"
"C-PCA","Int-Euclidean",0.931735420650096,0.12003712555768,0.930351255126215,0.124886305245795,0.49425,0.202375,FALSE,0,16,"std","std"
"C-PCA","Hausdorff",0.931551147227534,0.12055258126195,0.930232706258559,0.125205047109402,0.4965,0.207,FALSE,0,16,"std","std"
"C-PCA","Ichino-Yaguchi",0.931850462077757,0.120039993626514,0.930200817379564,0.125338040179256,0.49675,0.21,FALSE,0,16,"std","std"
"C-PCA","Wasserstein",0.931851657106437,0.120022944550669,0.930282325670304,0.125170617087196,0.49675,0.209125,FALSE,0,16,"std","std"
"C-PCA","Centers-Euclidean",0.931853091140854,0.120024856596558,0.930237540753399,0.125271357160904,0.497125,0.210625,FALSE,0,16,"std","std"
"V-PCA","Int-Euclidean",0.931820666029318,0.119868546845124,0.930395394654799,0.12479943744913,0.4945,0.202625,FALSE,0,16,"std","std"
"V-PCA","Hausdorff",0.931439451880179,0.120775334608031,0.930145157035038,0.125376053796619,0.496125,0.20675,FALSE,0,16,"std","std"
"V-PCA","Ichino-Yaguchi",0.931786886551944,0.120172880815806,0.930220635055284,0.125302275665024,0.496875,0.2095,FALSE,0,16,"std","std"
"V-PCA","Wasserstein",0.931797562141491,0.120135595920969,0.930246319548615,0.12524376166561,0.49675,0.2095,FALSE,0,16,"std","std"
"V-PCA","Centers-Euclidean",0.931789276609305,0.120157265774379,0.930229850257968,0.12528771183195,0.49725,0.21025,FALSE,0,16,"std","std"
"MR-PCA","Int-Euclidean",0.931897147864882,0.120063256851498,0.930061277664587,0.125716586818921,0.498625,0.20975,FALSE,0,16,"std","std"
"MR-PCA","Hausdorff",0.93137189292543,0.12080815806246,0.930194135643246,0.125199127833333,0.4935,0.205,FALSE,0,16,"std","std"
"MR-PCA","Ichino-Yaguchi",0.931874521988528,0.119991555130657,0.930091386367897,0.125565235847262,0.496875,0.208625,FALSE,0,16,"std","std"
"MR-PCA","Wasserstein",0.931816124920331,0.120097833014659,0.930068495927262,0.125603899864222,0.497375,0.210125,FALSE,0,16,"std","std"
"MR-PCA","Centers-Euclidean",0.931853091140854,0.120024856596558,0.930237540753399,0.125271357160904,0.497125,0.210625,FALSE,0,16,"std","std"
"SPCA","Int-Euclidean",0.931735420650096,0.12003712555768,0.930351255126215,0.124886305245795,0.49425,0.202375,FALSE,0,16,"std","std"
"SPCA","Hausdorff",0.931551147227534,0.12055258126195,0.930232706258559,0.125205047109402,0.4965,0.207,FALSE,0,16,"std","std"
"SPCA","Ichino-Yaguchi",0.931850462077757,0.120039993626514,0.930200817379564,0.125338040179256,0.49675,0.21,FALSE,0,16,"std","std"
"SPCA","Wasserstein",0.931851657106437,0.120022944550669,0.930282325670304,0.125170617087196,0.49675,0.209125,FALSE,0,16,"std","std"
"SPCA","Centers-Euclidean",0.931853091140854,0.120024856596558,0.930237540753399,0.125271357160904,0.497125,0.210625,FALSE,0,16,"std","std"
"IMDS","Int-Euclidean",0.587881532823454,-0.080432919056724,0.595669933549206,-0.0883067778376572,0.043,-0.003125,TRUE,0,16,"std","std"
"IMDS","Hausdorff",0.614919694072658,-0.0257855321861058,0.628324429362851,-0.0431912790242419,0.051875,-0.00175,TRUE,0,16,"std","std"
"IMDS","Ichino-Yaguchi",0.628572896749522,-0.0296814850223071,0.63830599287998,-0.0401053024669465,0.054,-0.00125,TRUE,0,16,"std","std"
"IMDS","Wasserstein",0.620417782026769,-0.0545844486934354,0.627673691024963,-0.0625906469381917,0.055125,0.000125,TRUE,0,16,"std","std"
"IMDS","Centers-Euclidean",0.61362253027406,-0.0740793499043977,0.62210028530578,-0.0833223051151177,0.05375,-0.0025,TRUE,0,16,"std","std"
"Int-UMAP","Int-Euclidean",0.912563336520076,0.0394804015296367,0.946739132590419,0.0239901693273768,0.574125,-0.030625,FALSE,0,16,"std","std"
"Int-UMAP","Hausdorff",0.912462555768005,0.0396395793499044,0.946364516390155,0.0233336357158345,0.5695,-0.039,FALSE,0,16,"std","std"
"Int-UMAP","Ichino-Yaguchi",0.912411567877629,0.039476736775016,0.946814533415697,0.0232595601063909,0.573875,-0.03825,FALSE,0,16,"std","std"
"Int-UMAP","Wasserstein",0.912358986615679,0.0393199490121096,0.946635415925638,0.0234325344123228,0.573125,-0.038375,FALSE,0,16,"std","std"
"Int-UMAP","Centers-Euclidean",0.912358508604207,0.0393135755258126,0.946653556530003,0.0234014227075355,0.57375,-0.033875,FALSE,0,16,"std","std"
"C-PCA","Int-Euclidean",0.968426625239006,0.0467990758444868,0.967322998974203,0.050398314096006,0.455125,0.21575,FALSE,0,17,"raw","raw"
"C-PCA","Hausdorff",0.968400015933716,0.0468589866156788,0.967420278708809,0.0502790231330717,0.45725,0.21625,FALSE,0,17,"raw","raw"
"C-PCA","Ichino-Yaguchi",0.968484384958572,0.0467326322498407,0.967221490042873,0.0507371639694489,0.455875,0.221,FALSE,0,17,"raw","raw"
"C-PCA","Wasserstein",0.968484862970045,0.04672339069471,0.96723326494115,0.05071416178803,0.456,0.221,FALSE,0,17,"raw","raw"
"C-PCA","Centers-Euclidean",0.968483110261313,0.0467326322498407,0.967275253353034,0.0506348298836139,0.456,0.220875,FALSE,0,17,"raw","raw"
"V-PCA","Int-Euclidean",0.968384639898024,0.0468811344805609,0.967288304740488,0.0504645213630465,0.455125,0.216,FALSE,0,17,"raw","raw"
"V-PCA","Hausdorff",0.968413161249203,0.0468314212874442,0.967416414055728,0.0502844020443616,0.457375,0.216375,FALSE,0,17,"raw","raw"
"V-PCA","Ichino-Yaguchi",0.968475701083493,0.0467535054174634,0.967239445869779,0.0507042044900688,0.45575,0.22075,FALSE,0,17,"raw","raw"
"V-PCA","Wasserstein",0.968483189929892,0.0467276927979605,0.967247550595118,0.0506871552775513,0.455875,0.221,FALSE,0,17,"raw","raw"
"V-PCA","Centers-Euclidean",0.968474506054812,0.0467536647546207,0.96727206458242,0.0506421904878398,0.455875,0.220625,FALSE,0,17,"raw","raw"
"MR-PCA","Int-Euclidean",0.968599426386233,0.0467660930528999,0.966648218668524,0.051733651214537,0.453625,0.226625,FALSE,0,17,"raw","raw"
"MR-PCA","Hausdorff",0.968719247928617,0.0463087954110899,0.966366756963455,0.0519877410125012,0.45475,0.221375,FALSE,0,17,"raw","raw"
"MR-PCA","Ichino-Yaguchi",0.968723948374761,0.0464960165710644,0.966562943924381,0.0518721805710585,0.45475,0.221875,FALSE,0,17,"raw","raw"
"MR-PCA","Wasserstein",0.968661328871893,0.0466467495219886,0.966622025690656,0.0519056953424224,0.455625,0.230625,FALSE,0,17,"raw","raw"
"MR-PCA","Centers-Euclidean",0.968653043339707,0.0466862651370299,0.966766117989567,0.0516688343099137,0.455,0.229125,FALSE,0,17,"raw","raw"
"SPCA","Int-Euclidean",0.967991236456342,0.0478397068196303,0.96712388148329,0.0507563313521948,0.45,0.223625,FALSE,0,17,"raw","raw"
"SPCA","Hausdorff",0.968110261312938,0.0476982154238368,0.967098484978371,0.0509441808300242,0.451,0.226,FALSE,0,17,"raw","raw"
"SPCA","Ichino-Yaguchi",0.968046048438496,0.0478260038240919,0.967034962688814,0.0510572966219652,0.4505,0.228875,FALSE,0,17,"raw","raw"
"SPCA","Wasserstein",0.968038878266412,0.0478272785213512,0.96702062468301,0.051087827871768,0.45075,0.228875,FALSE,0,17,"raw","raw"
"SPCA","Centers-Euclidean",0.968046446781389,0.047826481835564,0.967043361053577,0.0510450253941592,0.450625,0.228625,FALSE,0,17,"raw","raw"
"IMDS","Int-Euclidean",0.529388304652645,0.00113384321223708,0.531977239191468,0.0137466754984534,0.039625,-0.001625,TRUE,0,17,"raw","raw"
"IMDS","Hausdorff",0.559854684512428,0.0392769279796049,0.565657182518419,0.0488171487471129,0.04575,-0.000625000000000001,TRUE,0,17,"raw","raw"
"IMDS","Ichino-Yaguchi",0.567689690885915,0.0518784257488846,0.574947102680909,0.0589804212235155,0.046875,0.002,TRUE,0,17,"raw","raw"
"IMDS","Wasserstein",0.560235022307202,0.0287176545570428,0.566641414635757,0.0350244104564807,0.05025,0.000625000000000001,TRUE,0,17,"raw","raw"
"IMDS","Centers-Euclidean",0.551999840662843,0.0116567877629064,0.558534541059279,0.0149383129035356,0.0505,-0.000625000000000001,TRUE,0,17,"raw","raw"
"Int-UMAP","Int-Euclidean",0.779741634799235,0.0149909177820269,0.857390802172582,0.00806540324519117,0.4195,-0.0215,FALSE,0,17,"raw","raw"
"Int-UMAP","Hausdorff",0.778125239005736,0.01389356277884,0.859327220792623,0.00255375222138116,0.418625,-0.0275,FALSE,0,17,"raw","raw"
"Int-UMAP","Ichino-Yaguchi",0.781539754620778,0.0117248247291268,0.86208274701409,0.0016658979156676,0.423875,-0.021625,FALSE,0,17,"raw","raw"
"Int-UMAP","Wasserstein",0.780165710643722,0.0132230720203951,0.860902942723381,0.00234897252217373,0.421875,-0.02275,FALSE,0,17,"raw","raw"
"Int-UMAP","Centers-Euclidean",0.779361536010198,0.0151692160611855,0.85983457576716,0.00507302281507957,0.418375,-0.02025,FALSE,0,17,"raw","raw"
"C-PCA","Int-Euclidean",0.958164834289356,0.0555348948374761,0.957842068924956,0.0626686200405645,0.469875,0.178875,FALSE,0,17,"std","raw"
"C-PCA","Hausdorff",0.958039674952199,0.0549811982154238,0.958021905586374,0.0617841574088148,0.46575,0.172,FALSE,0,17,"std","raw"
"C-PCA","Ichino-Yaguchi",0.957842256214149,0.0555583173996176,0.957886105029342,0.0622025641609606,0.467625,0.172125,FALSE,0,17,"std","raw"
"C-PCA","Wasserstein",0.957881692160612,0.0555097195666029,0.957930823413567,0.0621254320999027,0.468,0.173,FALSE,0,17,"std","raw"
"C-PCA","Centers-Euclidean",0.957864324410453,0.0555524219247928,0.957953314018384,0.062079768077313,0.4675,0.171875,FALSE,0,17,"std","raw"
"V-PCA","Int-Euclidean",0.958125318674315,0.0556101019757808,0.957822813151839,0.0627061173899195,0.469625,0.1785,FALSE,0,17,"std","raw"
"V-PCA","Hausdorff",0.957962396430848,0.0551284257488847,0.957982092174716,0.0618595419207917,0.465375,0.171625,FALSE,0,17,"std","raw"
"V-PCA","Ichino-Yaguchi",0.95777907903123,0.0556802103250478,0.957849531780529,0.0622753524056938,0.467625,0.172125,FALSE,0,17,"std","raw"
"V-PCA","Wasserstein",0.957811105799872,0.0556473868706182,0.957884056910349,0.0622157617283894,0.4675,0.17275,FALSE,0,17,"std","raw"
"V-PCA","Centers-Euclidean",0.957781469088591,0.0557123964308477,0.957881363829525,0.0622214801269444,0.467375,0.172,FALSE,0,17,"std","raw"
"MR-PCA","Int-Euclidean",0.957829429572976,0.0554950605481198,0.957564475604769,0.0626222523069354,0.467125,0.169875,FALSE,0,17,"std","raw"
"MR-PCA","Hausdorff",0.958278680688337,0.0546093052899936,0.958214737338362,0.0612721385360524,0.464875,0.166,FALSE,0,17,"std","raw"
"MR-PCA","Ichino-Yaguchi",0.957830624601657,0.0555739324410452,0.957781127762194,0.0622553488862856,0.467375,0.166625,FALSE,0,17,"std","raw"
"MR-PCA","Wasserstein",0.957830066921606,0.0556129700446144,0.957932096277565,0.0621005463186018,0.46725,0.172,FALSE,0,17,"std","raw"
"MR-PCA","Centers-Euclidean",0.957864324410453,0.0555524219247928,0.957953314018384,0.062079768077313,0.4675,0.171875,FALSE,0,17,"std","raw"
"SPCA","Int-Euclidean",0.958164834289356,0.0555348948374761,0.957842068924956,0.0626686200405645,0.469875,0.178875,FALSE,0,17,"std","raw"
"SPCA","Hausdorff",0.958039674952199,0.0549811982154238,0.958021905586374,0.0617841574088148,0.46575,0.172,FALSE,0,17,"std","raw"
"SPCA","Ichino-Yaguchi",0.957842256214149,0.0555583173996176,0.957886105029342,0.0622025641609606,0.467625,0.172125,FALSE,0,17,"std","raw"
"SPCA","Wasserstein",0.957881692160612,0.0555097195666029,0.957930823413567,0.0621254320999027,0.468,0.173,FALSE,0,17,"std","raw"
"SPCA","Centers-Euclidean",0.957864324410453,0.0555524219247928,0.957953314018384,0.062079768077313,0.4675,0.171875,FALSE,0,17,"std","raw"
"IMDS","Int-Euclidean",0.528008205863607,0.003273263224984,0.531364196414878,0.0139465708033105,0.036625,-0.00175,TRUE,0,17,"std","raw"
"IMDS","Hausdorff",0.56052286488209,0.0379956978967495,0.56686839545865,0.0510489128645372,0.0445,-0.003125,TRUE,0,17,"std","raw"
"IMDS","Ichino-Yaguchi",0.569097036328872,0.0491822817080942,0.576229841131049,0.0570901486681267,0.045,-0.000625000000000001,TRUE,0,17,"std","raw"
"IMDS","Wasserstein",0.559972912683238,0.0285481198215424,0.567391989738272,0.0366746331021237,0.0475,-0.00225,TRUE,0,17,"std","raw"
"IMDS","Centers-Euclidean",0.553406150414277,0.00755417463352448,0.559169478098892,0.015049422692523,0.051125,-0.001125,TRUE,0,17,"std","raw"
"Int-UMAP","Int-Euclidean",0.796017766093053,0.000384799235181643,0.870663689179961,-0.00756087505657407,0.445625,-0.028625,FALSE,0,17,"std","raw"
"Int-UMAP","Hausdorff",0.793112970044614,0.00150669216061183,0.86881032456262,-0.00790397726390665,0.44375,-0.030375,FALSE,0,17,"std","raw"
"Int-UMAP","Ichino-Yaguchi",0.796572578075207,0.00119455066921603,0.872403197829295,-0.00685616730648929,0.447875,-0.02925,FALSE,0,17,"std","raw"
"Int-UMAP","Wasserstein",0.795576561504143,0.000363448056086679,0.871097042754583,-0.00764862995563978,0.44675,-0.031125,FALSE,0,17,"std","raw"
"Int-UMAP","Centers-Euclidean",0.795269120458891,0.00135755258126191,0.870775618792309,-0.00625495476545437,0.446,-0.029625,FALSE,0,17,"std","raw"
"C-PCA","Int-Euclidean",0.926477692797961,0.128566921606119,0.925212231785869,0.1334387910432,0.43275,0.219125,FALSE,0,17,"std","std"
"C-PCA","Hausdorff",0.926639818355641,0.128370140216698,0.925772901401468,0.132327961416505,0.435,0.213875,FALSE,0,17,"std","std"
"C-PCA","Ichino-Yaguchi",0.926283301465902,0.129192797960484,0.925593549127816,0.132838134007395,0.4345,0.2225,FALSE,0,17,"std","std"
"C-PCA","Wasserstein",0.926330226258764,0.129089069471001,0.925676469425419,0.132657664325911,0.434875,0.222625,FALSE,0,17,"std","std"
"C-PCA","Centers-Euclidean",0.926305449330784,0.129142766093053,0.925701745339855,0.132612066196264,0.4345,0.222,FALSE,0,17,"std","std"
"V-PCA","Int-Euclidean",0.926477772466539,0.128568036966221,0.925218256618594,0.133432405611878,0.432875,0.219375,FALSE,0,17,"std","std"
"V-PCA","Hausdorff",0.926541427660931,0.1285643722116,0.925721247518459,0.132432860848947,0.435,0.214125,FALSE,0,17,"std","std"
"V-PCA","Ichino-Yaguchi",0.926191921606119,0.129373645634162,0.925559177428328,0.13290852025178,0.4345,0.22275,FALSE,0,17,"std","std"
"V-PCA","Wasserstein",0.926242829827916,0.129260038240918,0.925620063360436,0.132765507402955,0.434875,0.22275,FALSE,0,17,"std","std"
"V-PCA","Centers-Euclidean",0.926179652644997,0.129391491395793,0.925604095410593,0.132805710414633,0.434375,0.222375,FALSE,0,17,"std","std"
"MR-PCA","Int-Euclidean",0.926435388782664,0.129132727852135,0.925284735880614,0.133668999020946,0.436875,0.2285,FALSE,0,17,"std","std"
"MR-PCA","Hausdorff",0.926985659655832,0.12724378585086,0.926131595179861,0.131087863697057,0.433125,0.201875,FALSE,0,17,"std","std"
"MR-PCA","Ichino-Yaguchi",0.926298836838751,0.129148024219248,0.925369655037437,0.13315860294849,0.434375,0.219125,FALSE,0,17,"std","std"
"MR-PCA","Wasserstein",0.926252151051625,0.12923948374761,0.925686558935757,0.13260788210102,0.43425,0.2215,FALSE,0,17,"std","std"
"MR-PCA","Centers-Euclidean",0.926305449330784,0.129142766093053,0.925701745339855,0.132612066196264,0.4345,0.222,FALSE,0,17,"std","std"
"SPCA","Int-Euclidean",0.926477692797961,0.128566921606119,0.925212231785869,0.1334387910432,0.43275,0.219125,FALSE,0,17,"std","std"
"SPCA","Hausdorff",0.926639818355641,0.128370140216698,0.925772901401468,0.132327961416505,0.435,0.213875,FALSE,0,17,"std","std"
"SPCA","Ichino-Yaguchi",0.926283301465902,0.129192797960484,0.925593549127816,0.132838134007395,0.4345,0.2225,FALSE,0,17,"std","std"
"SPCA","Wasserstein",0.926330226258764,0.129089069471001,0.925676469425419,0.132657664325911,0.434875,0.222625,FALSE,0,17,"std","std"
"SPCA","Centers-Euclidean",0.926305449330784,0.129142766093053,0.925701745339855,0.132612066196264,0.4345,0.222,FALSE,0,17,"std","std"
"IMDS","Int-Euclidean",0.577137587635437,-0.0656760675589547,0.584827873772493,-0.0786247814444108,0.0395,-0.0045,TRUE,0,17,"std","std"
"IMDS","Hausdorff",0.616564611217336,-0.0299287762906311,0.628592638163214,-0.0404252463969568,0.050625,-0.004375,TRUE,0,17,"std","std"
"IMDS","Ichino-Yaguchi",0.629201481835564,-0.0328261631612492,0.640836067890459,-0.0416674644190904,0.051625,-0.0055,TRUE,0,17,"std","std"
"IMDS","Wasserstein",0.620200446144041,-0.0578757170172084,0.632890628718473,-0.0680238373797998,0.055875,-0.004375,TRUE,0,17,"std","std"
"IMDS","Centers-Euclidean",0.614514898024219,-0.0823220203951562,0.626380042921255,-0.0943351834962787,0.0575,-0.0085,TRUE,0,17,"std","std"
"Int-UMAP","Int-Euclidean",0.808920968769917,0.00987603569152329,0.884271431007914,0.00557448346330237,0.480875,-0.04225,FALSE,0,17,"std","std"
"Int-UMAP","Hausdorff",0.805318275971957,0.0101894518801785,0.881175842717427,0.00257017278537018,0.47625,-0.045875,FALSE,0,17,"std","std"
"Int-UMAP","Ichino-Yaguchi",0.808973948374761,0.00890806246016562,0.884801434175893,0.00326188000711729,0.480875,-0.046125,FALSE,0,17,"std","std"
"Int-UMAP","Wasserstein",0.807838671128107,0.00841156787762898,0.883389077909939,0.00288029269602531,0.479625,-0.044125,FALSE,0,17,"std","std"
"Int-UMAP","Centers-Euclidean",0.807875,0.00868881453154879,0.883088548941013,0.00400216973305555,0.478625,-0.043,FALSE,0,17,"std","std"
"C-PCA","Int-Euclidean",0.964173836838751,0.0554251115360103,0.963017862446584,0.0593215828943456,0.443375,0.213,FALSE,0,18,"raw","raw"
"C-PCA","Hausdorff",0.964116156787763,0.0555554493307839,0.962729736064858,0.0599086105400389,0.443375,0.21625,FALSE,0,18,"raw","raw"
"C-PCA","Ichino-Yaguchi",0.964138543658381,0.0555795092415552,0.962853902785689,0.0597541824319264,0.443875,0.215375,FALSE,0,18,"raw","raw"
"C-PCA","Wasserstein",0.964109145952836,0.0556386233269598,0.962877824162998,0.0596999849533785,0.44375,0.2155,FALSE,0,18,"raw","raw"
"C-PCA","Centers-Euclidean",0.964141332058636,0.0555764818355641,0.962893741680216,0.0596704819746763,0.444125,0.2155,FALSE,0,18,"raw","raw"
"V-PCA","Int-Euclidean",0.964231596558317,0.055309592096877,0.96299939589606,0.0593590073136475,0.44375,0.213625,FALSE,0,18,"raw","raw"
"V-PCA","Hausdorff",0.96410333014659,0.0555772785213512,0.962704866490236,0.0599584145159978,0.443125,0.216125,FALSE,0,18,"raw","raw"
"V-PCA","Ichino-Yaguchi",0.964104843849586,0.055642447418738,0.962869463969227,0.0597232728841286,0.44375,0.215125,FALSE,0,18,"raw","raw"
"V-PCA","Wasserstein",0.964109464627151,0.0556379859783301,0.962909807296622,0.0596383097986772,0.443875,0.2155,FALSE,0,18,"raw","raw"
"V-PCA","Centers-Euclidean",0.964104286169535,0.0556470681963034,0.96288673698318,0.0596835112911929,0.444,0.215375,FALSE,0,18,"raw","raw"
"MR-PCA","Int-Euclidean",0.966151529636711,0.0517342256214149,0.964857560355803,0.0557307774718981,0.436625,0.21275,FALSE,0,18,"raw","raw"
"MR-PCA","Hausdorff",0.966183317399618,0.0515068514977692,0.964506568481491,0.0560957168990107,0.436625,0.21,FALSE,0,18,"raw","raw"
"MR-PCA","Ichino-Yaguchi",0.966203154875717,0.0515854047163798,0.964615163996233,0.0561331549660419,0.43675,0.211,FALSE,0,18,"raw","raw"
"MR-PCA","Wasserstein",0.966219566602932,0.051578712555768,0.964834384379082,0.055795426338855,0.436875,0.212625,FALSE,0,18,"raw","raw"
"MR-PCA","Centers-Euclidean",0.966236934353091,0.0515407903123009,0.965126578210616,0.0552400341295589,0.43725,0.2125,FALSE,0,18,"raw","raw"
"SPCA","Int-Euclidean",0.966607791586998,0.050847833014659,0.965345889649409,0.0547202550299986,0.438125,0.21125,FALSE,0,18,"raw","raw"
"SPCA","Hausdorff",0.966462794773741,0.0512401210962397,0.965237526252687,0.0550591511777734,0.439625,0.219375,FALSE,0,18,"raw","raw"
"SPCA","Ichino-Yaguchi",0.966467734225621,0.0511913639260676,0.96535216120749,0.0548269448739214,0.4385,0.215375,FALSE,0,18,"raw","raw"
"SPCA","Wasserstein",0.966502390057361,0.0511268323773104,0.965318450783132,0.0548853923406555,0.439,0.216125,FALSE,0,18,"raw","raw"
"SPCA","Centers-Euclidean",0.966490997450606,0.0511489802421925,0.965339735909615,0.054846799121291,0.438875,0.215375,FALSE,0,18,"raw","raw"
"IMDS","Int-Euclidean",0.537355640535373,0.00212428298279155,0.540449537115938,0.0117149990335702,0.03675,-0.00125,TRUE,0,18,"raw","raw"
"IMDS","Hausdorff",0.561780672402804,0.0577490439770554,0.570715742365673,0.0639882686678333,0.041,5e-04,TRUE,0,18,"raw","raw"
"IMDS","Ichino-Yaguchi",0.570792304015296,0.0629090184831103,0.577326387236234,0.0690768377392468,0.04325,0.002,TRUE,0,18,"raw","raw"
"IMDS","Wasserstein",0.563499123645634,0.0451878585086041,0.573098779193559,0.0482048075491049,0.0445,0.000625000000000001,TRUE,0,18,"raw","raw"
"IMDS","Centers-Euclidean",0.559211679413639,0.0193048119821543,0.571238602333489,0.0182406654649841,0.05175,-0.00575,TRUE,0,18,"raw","raw"
"Int-UMAP","Int-Euclidean",0.823546128107075,0.00992654557042705,0.885800890228584,0.00866942977740043,0.44525,-0.020625,FALSE,0,18,"raw","raw"
"Int-UMAP","Hausdorff",0.82182488846399,0.00736711281070745,0.886017214627261,0.00282791335090818,0.448375,-0.02075,FALSE,0,18,"raw","raw"
"Int-UMAP","Ichino-Yaguchi",0.825554254302103,0.00690105162523902,0.889256850221801,0.00340869396178396,0.4495,-0.02325,FALSE,0,18,"raw","raw"
"Int-UMAP","Wasserstein",0.824223629700446,0.00749569789674953,0.888038327856329,0.00368973695878438,0.44875,-0.024125,FALSE,0,18,"raw","raw"
"Int-UMAP","Centers-Euclidean",0.824081421287444,0.00813416188655203,0.887333043063192,0.00543948375075766,0.447375,-0.022125,FALSE,0,18,"raw","raw"
"C-PCA","Int-Euclidean",0.943174394518802,0.0848494263862333,0.945482307659566,0.0874248259615977,0.46475,0.155125,FALSE,0,18,"std","raw"
"C-PCA","Hausdorff",0.942476019757807,0.085492511153601,0.944962115183082,0.0877789186426446,0.4625,0.15125,FALSE,0,18,"std","raw"
"C-PCA","Ichino-Yaguchi",0.942770554493308,0.0851790949649458,0.945160022184384,0.0876642960560963,0.4645,0.15025,FALSE,0,18,"std","raw"
"C-PCA","Wasserstein",0.942722514340344,0.0852742192479286,0.945208832648303,0.0875683456956171,0.464625,0.151375,FALSE,0,18,"std","raw"
"C-PCA","Centers-Euclidean",0.942782743785851,0.0851492989165074,0.945311345753961,0.0873659470986719,0.4645,0.1505,FALSE,0,18,"std","raw"
"V-PCA","Int-Euclidean",0.943143005098789,0.0849083811344805,0.94544722158675,0.0874936188335934,0.464625,0.155125,FALSE,0,18,"std","raw"
"V-PCA","Hausdorff",0.942431086679414,0.0855760038240918,0.945032388833701,0.087633906827976,0.46225,0.15,FALSE,0,18,"std","raw"
"V-PCA","Ichino-Yaguchi",0.942686026131294,0.0853446462715106,0.945199520738663,0.0875816481799644,0.46425,0.150125,FALSE,0,18,"std","raw"
"V-PCA","Wasserstein",0.942672880815806,0.0853722115997451,0.945304527113858,0.0873818588582549,0.464125,0.15075,FALSE,0,18,"std","raw"
"V-PCA","Centers-Euclidean",0.942689611217336,0.0853307839388145,0.945281145781461,0.0874226084188406,0.464125,0.150125,FALSE,0,18,"std","raw"
"MR-PCA","Int-Euclidean",0.942786886551944,0.0849679732313576,0.94526876569169,0.0873074409893512,0.4645,0.14825,FALSE,0,18,"std","raw"
"MR-PCA","Hausdorff",0.942880975143404,0.0850678776290631,0.945410201161558,0.0872042253455051,0.464,0.15325,FALSE,0,18,"std","raw"
"MR-PCA","Ichino-Yaguchi",0.942739802421925,0.0852370936902486,0.945319329888817,0.0873433865492416,0.464375,0.15,FALSE,0,18,"std","raw"
"MR-PCA","Wasserstein",0.942776290630975,0.0851657106437221,0.945297686189573,0.0873917462116036,0.464625,0.151125,FALSE,0,18,"std","raw"
"MR-PCA","Centers-Euclidean",0.942782743785851,0.0851492989165074,0.945311345753961,0.0873659470986719,0.4645,0.1505,FALSE,0,18,"std","raw"
"SPCA","Int-Euclidean",0.943174394518802,0.0848494263862333,0.945482307659566,0.0874248259615977,0.46475,0.155125,FALSE,0,18,"std","raw"
"SPCA","Hausdorff",0.942476019757807,0.085492511153601,0.944962115183082,0.0877789186426446,0.4625,0.15125,FALSE,0,18,"std","raw"
"SPCA","Ichino-Yaguchi",0.942770554493308,0.0851790949649458,0.945160022184384,0.0876642960560963,0.4645,0.15025,FALSE,0,18,"std","raw"
"SPCA","Wasserstein",0.942722514340344,0.0852742192479286,0.945208832648303,0.0875683456956171,0.464625,0.151375,FALSE,0,18,"std","raw"
"SPCA","Centers-Euclidean",0.942782743785851,0.0851492989165074,0.945311345753961,0.0873659470986719,0.4645,0.1505,FALSE,0,18,"std","raw"
"IMDS","Int-Euclidean",0.538414276609305,0.00065838113448069,0.540176617290035,0.0106808402173332,0.03725,-0.001875,TRUE,0,18,"std","raw"
"IMDS","Hausdorff",0.562209448693435,0.0539128425748885,0.571315942415795,0.0592129085852918,0.041,0.003125,TRUE,0,18,"std","raw"
"IMDS","Ichino-Yaguchi",0.570086998087954,0.0588218610579987,0.577125583824268,0.0627786680788655,0.042375,0.003,TRUE,0,18,"std","raw"
"IMDS","Wasserstein",0.563758205863607,0.0402834608030592,0.573375153281059,0.042237508745209,0.04375,0.00525,TRUE,0,18,"std","raw"
"IMDS","Centers-Euclidean",0.559851577437859,0.0169600063734863,0.57361770562991,0.00912027227731643,0.053,-0.002625,TRUE,0,18,"std","raw"
"Int-UMAP","Int-Euclidean",0.865805369662205,0.0449909177820267,0.915047246945937,0.0310037772649644,0.504375,0.010875,FALSE,0,18,"std","raw"
"Int-UMAP","Hausdorff",0.864987332695985,0.0468768323773103,0.915906153778178,0.0296255847838737,0.501125,0.0015,FALSE,0,18,"std","raw"
"Int-UMAP","Ichino-Yaguchi",0.865829748247291,0.0448914913957935,0.916034715281072,0.0291833141241544,0.505125,0.00387500000000002,FALSE,0,18,"std","raw"
"Int-UMAP","Wasserstein",0.865449410452518,0.0456378266411728,0.915982417289216,0.0292809412361192,0.505125,0.00499999999999998,FALSE,0,18,"std","raw"
"Int-UMAP","Centers-Euclidean",0.86592447418738,0.0446966220522627,0.915719583668342,0.0297660516914569,0.505875,0.00737499999999999,FALSE,0,18,"std","raw"
"C-PCA","Int-Euclidean",0.925780592734226,0.131050987890376,0.927889024363926,0.12918248715706,0.44975,0.205,FALSE,0,18,"std","std"
"C-PCA","Hausdorff",0.924978409815169,0.132831261950287,0.927315373945222,0.130370625412311,0.451875,0.2075,FALSE,0,18,"std","std"
"C-PCA","Ichino-Yaguchi",0.925600063734863,0.131686105799872,0.927678365158985,0.129758757619911,0.452625,0.207125,FALSE,0,18,"std","std"
"C-PCA","Wasserstein",0.925520235818993,0.131836520076482,0.927721145565657,0.129674923244318,0.45275,0.20725,FALSE,0,18,"std","std"
"C-PCA","Centers-Euclidean",0.925618546845124,0.131652007648184,0.927890354377791,0.129349088399925,0.452625,0.206875,FALSE,0,18,"std","std"
"V-PCA","Int-Euclidean",0.925782664117272,0.131047801147228,0.927882574639005,0.129195212171864,0.449875,0.205375,FALSE,0,18,"std","std"
"V-PCA","Hausdorff",0.924960723390695,0.13286631612492,0.927469884152956,0.130070223537863,0.45175,0.2065,FALSE,0,18,"std","std"
"V-PCA","Ichino-Yaguchi",0.925526848311026,0.131829031230083,0.927788894386365,0.129535884443653,0.45225,0.206875,FALSE,0,18,"std","std"
"V-PCA","Wasserstein",0.925495379222435,0.131884958572339,0.927937744305016,0.129244078292928,0.45225,0.20675,FALSE,0,18,"std","std"
"V-PCA","Centers-Euclidean",0.92553465583174,0.131815965583174,0.927915922652177,0.129298052076664,0.452125,0.206125,FALSE,0,18,"std","std"
"MR-PCA","Int-Euclidean",0.925804174633525,0.131441682600382,0.928018893809748,0.129257388027632,0.454875,0.209375,FALSE,0,18,"std","std"
"MR-PCA","Hausdorff",0.925409576163161,0.131839547482473,0.927793118998304,0.129353459085217,0.452375,0.20625,FALSE,0,18,"std","std"
"MR-PCA","Ichino-Yaguchi",0.925571861057999,0.131743148502231,0.927906157168785,0.129325201461808,0.4525,0.2065,FALSE,0,18,"std","std"
"MR-PCA","Wasserstein",0.925609305289994,0.131662842574888,0.927866212930848,0.129392374092447,0.45275,0.207125,FALSE,0,18,"std","std"
"MR-PCA","Centers-Euclidean",0.925618546845124,0.131652007648184,0.927890354377791,0.129349088399925,0.452625,0.206875,FALSE,0,18,"std","std"
"SPCA","Int-Euclidean",0.925780592734226,0.131050987890376,0.927889024363926,0.12918248715706,0.44975,0.205,FALSE,0,18,"std","std"
"SPCA","Hausdorff",0.924978409815169,0.132831261950287,0.927315373945222,0.130370625412311,0.451875,0.2075,FALSE,0,18,"std","std"
"SPCA","Ichino-Yaguchi",0.925600063734863,0.131686105799872,0.927678365158985,0.129758757619911,0.452625,0.207125,FALSE,0,18,"std","std"
"SPCA","Wasserstein",0.925520235818993,0.131836520076482,0.927721145565657,0.129674923244318,0.45275,0.20725,FALSE,0,18,"std","std"
"SPCA","Centers-Euclidean",0.925618546845124,0.131652007648184,0.927890354377791,0.129349088399925,0.452625,0.206875,FALSE,0,18,"std","std"
"IMDS","Int-Euclidean",0.574760277246654,-0.0594214467813894,0.581369881653716,-0.0625277466865446,0.038125,0.00175,TRUE,0,18,"std","std"
"IMDS","Hausdorff",0.610204429572976,-0.0113247291268325,0.627811049875456,-0.0330168906856125,0.047875,0.000625000000000001,TRUE,0,18,"std","std"
"IMDS","Ichino-Yaguchi",0.620628027405991,-0.0188268005098788,0.637766687078552,-0.0345694047594067,0.047875,0.003625,TRUE,0,18,"std","std"
"IMDS","Wasserstein",0.614445745697897,-0.0379227214786487,0.632815346031351,-0.0563999181733333,0.049875,0.002375,TRUE,0,18,"std","std"
"IMDS","Centers-Euclidean",0.616512587635437,-0.0809751434034418,0.635270827565035,-0.102376681037726,0.056125,-0.007,TRUE,0,18,"std","std"
"Int-UMAP","Int-Euclidean",0.861281389420013,0.0605019120458892,0.9137222712261,0.043623990302606,0.531625,-0.018125,FALSE,0,18,"std","std"
"Int-UMAP","Hausdorff",0.859476657106437,0.0613908540471638,0.913861903702987,0.0408875787921794,0.523625,-0.02525,FALSE,0,18,"std","std"
"Int-UMAP","Ichino-Yaguchi",0.86058604206501,0.0592074569789675,0.914293484352281,0.0410394293986759,0.53,-0.027625,FALSE,0,18,"std","std"
"Int-UMAP","Wasserstein",0.860321064372212,0.0601182281708094,0.91426336306747,0.0411864066996021,0.52775,-0.02625,FALSE,0,18,"std","std"
"Int-UMAP","Centers-Euclidean",0.860731357552581,0.0589566602931804,0.914023359432057,0.0415509648432789,0.53,-0.02125,FALSE,0,18,"std","std"
"C-PCA","Int-Euclidean",0.969424872530274,0.0451378266411727,0.968293792769638,0.0485445509223221,0.44525,0.215375,FALSE,0,19,"raw","raw"
"C-PCA","Hausdorff",0.969194550669216,0.0456427660930528,0.968172429057824,0.0488033843724288,0.443625,0.2125,FALSE,0,19,"raw","raw"
"C-PCA","Ichino-Yaguchi",0.969374123645634,0.0452976418100701,0.968437972286068,0.0483727742046317,0.445625,0.217875,FALSE,0,19,"raw","raw"
"C-PCA","Wasserstein",0.969377629063098,0.0452925430210325,0.968442968207956,0.0483545425443223,0.445625,0.217625,FALSE,0,19,"raw","raw"
"C-PCA","Centers-Euclidean",0.969374282982792,0.0452973231357552,0.968502538200421,0.0482439456114106,0.445625,0.217625,FALSE,0,19,"raw","raw"
"V-PCA","Int-Euclidean",0.969429572976418,0.0451300191204589,0.968293260188328,0.0485465560722927,0.44525,0.215375,FALSE,0,19,"raw","raw"
"V-PCA","Hausdorff",0.969188416188655,0.0456547163798598,0.968175690651868,0.0487966701161302,0.4435,0.21225,FALSE,0,19,"raw","raw"
"V-PCA","Ichino-Yaguchi",0.969373008285532,0.0452973231357552,0.968439315307924,0.0483685941610579,0.4455,0.21825,FALSE,0,19,"raw","raw"
"V-PCA","Wasserstein",0.969405353728489,0.0452351816443595,0.968404941475978,0.0484274386914148,0.445875,0.218,FALSE,0,19,"raw","raw"
"V-PCA","Centers-Euclidean",0.969373247291268,0.0452971637985978,0.968508358317208,0.0482311785871905,0.4455,0.218,FALSE,0,19,"raw","raw"
"MR-PCA","Int-Euclidean",0.970571064372212,0.0431787762906309,0.969893396840482,0.0458843670976449,0.4655,0.21325,FALSE,0,19,"raw","raw"
"MR-PCA","Hausdorff",0.97057425111536,0.0431430847673677,0.969754393545238,0.0460219338627629,0.46425,0.212875,FALSE,0,19,"raw","raw"
"MR-PCA","Ichino-Yaguchi",0.970499681325685,0.0432788400254939,0.969725847933418,0.0461757004824984,0.46525,0.214,FALSE,0,19,"raw","raw"
"MR-PCA","Wasserstein",0.970504780114723,0.0432769279796048,0.969822847889575,0.04599219098257,0.465125,0.213375,FALSE,0,19,"raw","raw"
"MR-PCA","Centers-Euclidean",0.970523741236456,0.0432377310388783,0.969778153388876,0.0460871051818551,0.4655,0.214625,FALSE,0,19,"raw","raw"
"SPCA","Int-Euclidean",0.969698374760994,0.044818992989165,0.9692601116026,0.0469042962369287,0.457375,0.213125,FALSE,0,19,"raw","raw"
"SPCA","Hausdorff",0.969919773741237,0.0444268642447418,0.969396659692677,0.046697378748882,0.45875,0.215625,FALSE,0,19,"raw","raw"
"SPCA","Ichino-Yaguchi",0.969709926704908,0.0448698215423836,0.969249355485986,0.0470247310501706,0.457625,0.215625,FALSE,0,19,"raw","raw"
"SPCA","Wasserstein",0.969713750796686,0.0448647227533461,0.969268010332525,0.046991705464602,0.45775,0.215625,FALSE,0,19,"raw","raw"
"SPCA","Centers-Euclidean",0.969709926704908,0.0448701402166986,0.969300674040023,0.0469249876871893,0.457625,0.2155,FALSE,0,19,"raw","raw"
"IMDS","Int-Euclidean",0.520302899936265,0.00483747609942631,0.521148807738638,0.0100987765066624,0.022875,-0.000125,TRUE,0,19,"raw","raw"
"IMDS","Hausdorff",0.540570188017846,0.0428389101338431,0.542821445819965,0.0541657629310955,0.026125,0.0015,TRUE,0,19,"raw","raw"
"IMDS","Ichino-Yaguchi",0.546936424474187,0.0489008922880816,0.547683766461081,0.059165260097571,0.028,0.002,TRUE,0,19,"raw","raw"
"IMDS","Wasserstein",0.537880895474825,0.0347398024219248,0.539754238942055,0.0424959794642618,0.027,0.000999999999999999,TRUE,0,19,"raw","raw"
"IMDS","Centers-Euclidean",0.529230720203952,0.0186497769279796,0.532000050517923,0.022328061002279,0.026625,0.001625,TRUE,0,19,"raw","raw"
"Int-UMAP","Int-Euclidean",0.854703871892925,0.0332828234544296,0.906282645794853,0.020129948986494,0.486875,-0.016125,FALSE,0,19,"raw","raw"
"Int-UMAP","Hausdorff",0.854109862970045,0.0357531867431485,0.906163847536269,0.0211102442670581,0.487625,-0.018625,FALSE,0,19,"raw","raw"
"Int-UMAP","Ichino-Yaguchi",0.85491276290631,0.0328583492670491,0.907308718544756,0.0182491460359915,0.488125,-0.022375,FALSE,0,19,"raw","raw"
"Int-UMAP","Wasserstein",0.854440009560229,0.0336875398342894,0.906849531524634,0.0189877334209518,0.48675,-0.0225,FALSE,0,19,"raw","raw"
"Int-UMAP","Centers-Euclidean",0.854559353091141,0.0334794455066922,0.906880312591856,0.0189795629092933,0.487625,-0.019375,FALSE,0,19,"raw","raw"
"C-PCA","Int-Euclidean",0.962475382409178,0.0478695028680688,0.962887776236437,0.0530298242547785,0.474875,0.19425,FALSE,0,19,"std","raw"
"C-PCA","Hausdorff",0.961864563416189,0.0485854047163798,0.962496528358872,0.0532605000937428,0.472625,0.185,FALSE,0,19,"std","raw"
"C-PCA","Ichino-Yaguchi",0.962181485022307,0.0478413001912046,0.963016748983799,0.0523270758068239,0.47375,0.188625,FALSE,0,19,"std","raw"
"C-PCA","Wasserstein",0.962200764818356,0.0477995538559591,0.962971424768343,0.0524094733324224,0.473875,0.19075,FALSE,0,19,"std","raw"
"C-PCA","Centers-Euclidean",0.962185787125558,0.0478326959847036,0.962979674074313,0.0524012047277099,0.473875,0.18875,FALSE,0,19,"std","raw"
"V-PCA","Int-Euclidean",0.962457695984704,0.0479026449968132,0.962966108124817,0.0528763894454604,0.475,0.194125,FALSE,0,19,"std","raw"
"V-PCA","Hausdorff",0.961852931803697,0.0486118546845123,0.962489846622554,0.0532726668311218,0.472625,0.18475,FALSE,0,19,"std","raw"
"V-PCA","Ichino-Yaguchi",0.962179174633525,0.0478452836201402,0.962968252950767,0.0524213775642591,0.47375,0.188375,FALSE,0,19,"std","raw"
"V-PCA","Wasserstein",0.962182680050988,0.0478376354365838,0.962990402362354,0.0523732322138954,0.47375,0.190375,FALSE,0,19,"std","raw"
"V-PCA","Centers-Euclidean",0.962183476736775,0.0478366794136392,0.962931484475452,0.0524973446636782,0.473875,0.188375,FALSE,0,19,"std","raw"
"MR-PCA","Int-Euclidean",0.962281070745698,0.0475828553218611,0.963105121016121,0.0519893908950198,0.47275,0.18375,FALSE,0,19,"std","raw"
"MR-PCA","Hausdorff",0.962214467813894,0.0480509878903761,0.962484800374664,0.0532157822426324,0.46925,0.17875,FALSE,0,19,"std","raw"
"MR-PCA","Ichino-Yaguchi",0.962140216698534,0.0479063097514341,0.962653080714718,0.0529593891771119,0.473375,0.1855,FALSE,0,19,"std","raw"
"MR-PCA","Wasserstein",0.962000159337157,0.0481975780752071,0.962858857657766,0.0526254089840613,0.473375,0.189875,FALSE,0,19,"std","raw"
"MR-PCA","Centers-Euclidean",0.962185787125558,0.0478326959847036,0.962979674074313,0.0524012047277099,0.473875,0.18875,FALSE,0,19,"std","raw"
"SPCA","Int-Euclidean",0.962475382409178,0.0478695028680688,0.962887776236437,0.0530298242547785,0.474875,0.19425,FALSE,0,19,"std","raw"
"SPCA","Hausdorff",0.961864563416189,0.0485854047163798,0.962496528358872,0.0532605000937428,0.472625,0.185,FALSE,0,19,"std","raw"
"SPCA","Ichino-Yaguchi",0.962181485022307,0.0478413001912046,0.963016748983799,0.0523270758068239,0.47375,0.188625,FALSE,0,19,"std","raw"
"SPCA","Wasserstein",0.962200764818356,0.0477995538559591,0.962971424768343,0.0524094733324224,0.473875,0.19075,FALSE,0,19,"std","raw"
"SPCA","Centers-Euclidean",0.962185787125558,0.0478326959847036,0.962979674074313,0.0524012047277099,0.473875,0.18875,FALSE,0,19,"std","raw"
"IMDS","Int-Euclidean",0.522445347355003,0.00630528999362645,0.522388404757018,0.0137674174879614,0.02325,0.0025,TRUE,0,19,"std","raw"
"IMDS","Hausdorff",0.539772944550669,0.0427877629063097,0.540228448700148,0.0552739730467584,0.027625,0.003125,TRUE,0,19,"std","raw"
"IMDS","Ichino-Yaguchi",0.544950286806883,0.0500172084130019,0.545062664401826,0.0588779225119465,0.029625,0.002625,TRUE,0,19,"std","raw"
"IMDS","Wasserstein",0.536672084130019,0.0359700446144041,0.537203582622756,0.0448750013007992,0.028875,0.003125,TRUE,0,19,"std","raw"
"IMDS","Centers-Euclidean",0.530773980242192,0.0184899617590824,0.534165114770579,0.0199782994707581,0.027875,0.0025,TRUE,0,19,"std","raw"
"Int-UMAP","Int-Euclidean",0.866602931803697,0.0328792224346717,0.916352205925128,0.0196141415893907,0.4965,-0.00900000000000001,FALSE,0,19,"std","raw"
"Int-UMAP","Hausdorff",0.866706261950287,0.0327939770554493,0.916282422100041,0.0199922340155663,0.499,-0.00987500000000002,FALSE,0,19,"std","raw"
"Int-UMAP","Ichino-Yaguchi",0.866338113448056,0.0334853409815169,0.91662332243818,0.0193241032460953,0.49775,-0.014875,FALSE,0,19,"std","raw"
"Int-UMAP","Wasserstein",0.866381612492033,0.0333989802421925,0.916464400175476,0.0195954606202449,0.49775,-0.013125,FALSE,0,19,"std","raw"
"Int-UMAP","Centers-Euclidean",0.866278521351179,0.033600063734863,0.916271499971596,0.0199982537303935,0.497375,-0.011625,FALSE,0,19,"std","raw"
"C-PCA","Int-Euclidean",0.928593690248566,0.123856596558317,0.928798135754304,0.126114639902105,0.428,0.210125,FALSE,0,19,"std","std"
"C-PCA","Hausdorff",0.927677182919057,0.125792224346718,0.928260280557223,0.127203322462917,0.430125,0.21525,FALSE,0,19,"std","std"
"C-PCA","Ichino-Yaguchi",0.928579110898662,0.124174155513066,0.929340874919244,0.125223043346382,0.43175,0.21575,FALSE,0,19,"std","std"
"C-PCA","Wasserstein",0.928616077119184,0.124098629700446,0.929256768442049,0.12538379824323,0.432,0.217625,FALSE,0,19,"std","std"
"C-PCA","Centers-Euclidean",0.928580544933078,0.124165869980879,0.929265281426413,0.125374542523851,0.43175,0.216625,FALSE,0,19,"std","std"
"V-PCA","Int-Euclidean",0.928585325047801,0.123874601657106,0.928980758045208,0.125756176962258,0.428375,0.210125,FALSE,0,19,"std","std"
"V-PCA","Hausdorff",0.927689690885915,0.125767527087317,0.928265757774813,0.127193047428759,0.430125,0.2155,FALSE,0,19,"std","std"
"V-PCA","Ichino-Yaguchi",0.928578154875717,0.12417638623327,0.929259392217997,0.12538569101268,0.43175,0.215875,FALSE,0,19,"std","std"
"V-PCA","Wasserstein",0.928598948374761,0.124133843212237,0.929310752461581,0.125277130576867,0.431875,0.217375,FALSE,0,19,"std","std"
"V-PCA","Centers-Euclidean",0.928579349904398,0.124167622689611,0.929182612545573,0.125540438989447,0.43175,0.216625,FALSE,0,19,"std","std"
"MR-PCA","Int-Euclidean",0.928985022307202,0.123608349267049,0.929834131789468,0.124510766650955,0.435,0.226,FALSE,0,19,"std","std"
"MR-PCA","Hausdorff",0.92819861376673,0.124628903760357,0.92821981312079,0.12700571613815,0.426875,0.2115,FALSE,0,19,"std","std"
"MR-PCA","Ichino-Yaguchi",0.928478569152326,0.124364085404716,0.928571758950053,0.126673854328574,0.43125,0.216875,FALSE,0,19,"std","std"
"MR-PCA","Wasserstein",0.928221637985978,0.124877947737412,0.929025072115454,0.125833949613607,0.431875,0.217875,FALSE,0,19,"std","std"
"MR-PCA","Centers-Euclidean",0.928580544933078,0.124165869980879,0.929265281426413,0.125374542523851,0.43175,0.216625,FALSE,0,19,"std","std"
"SPCA","Int-Euclidean",0.928593690248566,0.123856596558317,0.928798135754304,0.126114639902105,0.428,0.210125,FALSE,0,19,"std","std"
"SPCA","Hausdorff",0.927677182919057,0.125792224346718,0.928260280557223,0.127203322462917,0.430125,0.21525,FALSE,0,19,"std","std"
"SPCA","Ichino-Yaguchi",0.928579110898662,0.124174155513066,0.929340874919244,0.125223043346382,0.43175,0.21575,FALSE,0,19,"std","std"
"SPCA","Wasserstein",0.928616077119184,0.124098629700446,0.929256768442049,0.12538379824323,0.432,0.217625,FALSE,0,19,"std","std"
"SPCA","Centers-Euclidean",0.928580544933078,0.124165869980879,0.929265281426413,0.125374542523851,0.43175,0.216625,FALSE,0,19,"std","std"
"IMDS","Int-Euclidean",0.549404158699809,-0.0334517208413002,0.55469618246144,-0.0441727264716986,0.026625,-5e-04,TRUE,0,19,"std","std"
"IMDS","Hausdorff",0.576053616953474,0.00120124282982781,0.581054523787224,-0.00741728964285765,0.0345,0.000999999999999999,TRUE,0,19,"std","std"
"IMDS","Ichino-Yaguchi",0.580471637985978,0.0106988527724665,0.586966116825245,0.000708548732885117,0.03875,-0.00125,TRUE,0,19,"std","std"
"IMDS","Wasserstein",0.573295331421287,-0.00739308476736777,0.578843078259833,-0.0172037246444383,0.03525,-0.001625,TRUE,0,19,"std","std"
"IMDS","Centers-Euclidean",0.566096956660293,-0.0293363607393244,0.576225345910228,-0.0475146826109676,0.034125,0.000125,TRUE,0,19,"std","std"
"Int-UMAP","Int-Euclidean",0.876097594008923,0.0273487890376036,0.925993420131185,0.0184745587561187,0.54075,-0.01525,FALSE,0,19,"std","std"
"Int-UMAP","Hausdorff",0.87534217654557,0.0259762587635437,0.924878965219786,0.0181572774127863,0.538375,-0.0235,FALSE,0,19,"std","std"
"Int-UMAP","Ichino-Yaguchi",0.875327119184194,0.026974506054812,0.925798392907377,0.0173465417336472,0.53925,-0.0255,FALSE,0,19,"std","std"
"Int-UMAP","Wasserstein",0.875299075844487,0.0268180369662205,0.925625862899006,0.0175506134568999,0.539125,-0.0245,FALSE,0,19,"std","std"
"Int-UMAP","Centers-Euclidean",0.875295650095602,0.0270960803059273,0.925522407780161,0.0178419442828041,0.538875,-0.02375,FALSE,0,19,"std","std"
"C-PCA","Int-Euclidean",0.966650573613767,0.0514862970044614,0.964955308271496,0.0556828012254296,0.454,0.229625,FALSE,0,20,"raw","raw"
"C-PCA","Hausdorff",0.966650015933716,0.051549872530274,0.964958306187147,0.0557229069970373,0.4535,0.2275,FALSE,0,20,"raw","raw"
"C-PCA","Ichino-Yaguchi",0.966644917144678,0.051582058636074,0.964826680662413,0.0560018840690227,0.455375,0.2345,FALSE,0,20,"raw","raw"
"C-PCA","Wasserstein",0.966624920331421,0.0516207775653282,0.964808660968399,0.0560438269529346,0.455375,0.23475,FALSE,0,20,"raw","raw"
"C-PCA","Centers-Euclidean",0.96664356277884,0.0515815806246016,0.964881781023549,0.0558991516400903,0.455375,0.234,FALSE,0,20,"raw","raw"
"V-PCA","Int-Euclidean",0.966610579987253,0.0515710643722116,0.964895488035121,0.0558020868572197,0.453875,0.22975,FALSE,0,20,"raw","raw"
"V-PCA","Hausdorff",0.966651051625239,0.0515481198215424,0.964970070103267,0.0556973379762908,0.453375,0.227125,FALSE,0,20,"raw","raw"
"V-PCA","Ichino-Yaguchi",0.966632727852135,0.0516080305927342,0.96479989059639,0.0560593098752751,0.455125,0.234375,FALSE,0,20,"raw","raw"
"V-PCA","Wasserstein",0.966632966857871,0.0516062778840025,0.964860095848002,0.0559428111524467,0.455125,0.23425,FALSE,0,20,"raw","raw"
"V-PCA","Centers-Euclidean",0.96663121414914,0.0516072339069471,0.964881651050252,0.0559029092437947,0.455125,0.233875,FALSE,0,20,"raw","raw"
"MR-PCA","Int-Euclidean",0.968535133843212,0.0478258444869344,0.966360228337599,0.0527751367289225,0.465,0.213375,FALSE,0,20,"raw","raw"
"MR-PCA","Hausdorff",0.96864539515615,0.0470680369662205,0.966922789763043,0.05114766314197,0.466375,0.20775,FALSE,0,20,"raw","raw"
"MR-PCA","Ichino-Yaguchi",0.968635914595284,0.0476198215423836,0.966899791953162,0.0517051295928661,0.46575,0.213625,FALSE,0,20,"raw","raw"
"MR-PCA","Wasserstein",0.968650653282345,0.0476821223709369,0.96655610097426,0.052684770848655,0.467,0.222375,FALSE,0,20,"raw","raw"
"MR-PCA","Centers-Euclidean",0.968654397705545,0.0477109623964309,0.966551391014949,0.052756313098357,0.46775,0.223,FALSE,0,20,"raw","raw"
"SPCA","Int-Euclidean",0.968713591459528,0.0474686105799872,0.966469515195126,0.0527851189766387,0.4625,0.22275,FALSE,0,20,"raw","raw"
"SPCA","Hausdorff",0.96883229764181,0.0473274378585086,0.966679221511346,0.0524509398252852,0.46475,0.225625,FALSE,0,20,"raw","raw"
"SPCA","Ichino-Yaguchi",0.96887253027406,0.0472498406628427,0.966599683398271,0.0526308812969983,0.464375,0.228625,FALSE,0,20,"raw","raw"
"SPCA","Wasserstein",0.968878346080306,0.0472347036328872,0.966687781303157,0.0524536265087351,0.46425,0.227625,FALSE,0,20,"raw","raw"
"SPCA","Centers-Euclidean",0.968865599107712,0.0472621096239644,0.966614829712164,0.0526054250832639,0.46425,0.22775,FALSE,0,20,"raw","raw"
"IMDS","Int-Euclidean",0.520781628425749,0.0104396112173358,0.524128812770385,0.0127250476433698,0.02725,0.001875,FALSE,0,20,"raw","raw"
"IMDS","Hausdorff",0.553582217973231,0.0492594008922882,0.559819077277878,0.0419872917036648,0.036,-0.005375,TRUE,0,20,"raw","raw"
"IMDS","Ichino-Yaguchi",0.56099259082218,0.063098948374761,0.567433406438248,0.0584332754413718,0.037875,-0.005,FALSE,0,20,"raw","raw"
"IMDS","Wasserstein",0.550028362014022,0.0430952836201403,0.557200603685979,0.0327623935882286,0.038375,-0.004375,FALSE,0,20,"raw","raw"
"IMDS","Centers-Euclidean",0.539963193116635,0.0161325685149777,0.547239036331279,0.00814590629537343,0.0425,-0.006375,FALSE,0,20,"raw","raw"
"Int-UMAP","Int-Euclidean",0.896546048438496,0.015348948374761,0.936117035718325,0.0059531399245383,0.5085,-0.037,FALSE,0,20,"raw","raw"
"Int-UMAP","Hausdorff",0.895526290630975,0.0157138304652645,0.9351252255927,0.0066403645069647,0.503375,-0.036875,FALSE,0,20,"raw","raw"
"Int-UMAP","Ichino-Yaguchi",0.896467574888464,0.0152550987890376,0.936396072499126,0.00533747593095,0.509125,-0.0385,FALSE,0,20,"raw","raw"
"Int-UMAP","Wasserstein",0.896419853409815,0.015399936265137,0.93606630231068,0.00589810268415009,0.50775,-0.038,FALSE,0,20,"raw","raw"
"Int-UMAP","Centers-Euclidean",0.896425270873168,0.015398024219248,0.935922818082081,0.00617083016236874,0.508375,-0.03675,FALSE,0,20,"raw","raw"
"C-PCA","Int-Euclidean",0.957402007648184,0.059370299553856,0.956914511242402,0.0658377063643285,0.486875,0.18475,FALSE,0,20,"std","raw"
"C-PCA","Hausdorff",0.956892527087317,0.0598197896749522,0.957067862352756,0.0650411496096494,0.485125,0.166375,FALSE,0,20,"std","raw"
"C-PCA","Ichino-Yaguchi",0.957185866794136,0.0593577119184193,0.956873920549915,0.0655631102134317,0.485,0.175625,FALSE,0,20,"std","raw"
"C-PCA","Wasserstein",0.95710149776928,0.0595423836838751,0.956868498882848,0.0655810759562665,0.484625,0.173875,FALSE,0,20,"std","raw"
"C-PCA","Centers-Euclidean",0.957203712555768,0.0593363607393244,0.956907102551255,0.065497827366802,0.485,0.175125,FALSE,0,20,"std","raw"
"V-PCA","Int-Euclidean",0.957324171446781,0.0595246972594008,0.956918935985497,0.0658299000764443,0.48675,0.184375,FALSE,0,20,"std","raw"
"V-PCA","Hausdorff",0.956905831739962,0.0597931803696622,0.957075166233607,0.0650247092138038,0.485125,0.166625,FALSE,0,20,"std","raw"
"V-PCA","Ichino-Yaguchi",0.957166746335245,0.0593930847673677,0.956866367598005,0.0655802602911982,0.48525,0.176,FALSE,0,20,"std","raw"
"V-PCA","Wasserstein",0.957132090503505,0.0594802421924793,0.956878911460527,0.0655610137942717,0.484875,0.174125,FALSE,0,20,"std","raw"
"V-PCA","Centers-Euclidean",0.957171526449968,0.0593981835564054,0.956897798744955,0.0655197927472896,0.48525,0.1755,FALSE,0,20,"std","raw"
"MR-PCA","Int-Euclidean",0.957232393244104,0.0591986934353091,0.956830393143313,0.0655451768839539,0.4845,0.17375,FALSE,0,20,"std","raw"
"MR-PCA","Hausdorff",0.957181803696622,0.059408540471638,0.957058785333331,0.0651439251142272,0.487125,0.172125,FALSE,0,20,"std","raw"
"MR-PCA","Ichino-Yaguchi",0.957227055449331,0.0592759719566603,0.956842235427253,0.065632108867595,0.485125,0.175,FALSE,0,20,"std","raw"
"MR-PCA","Wasserstein",0.957124442319949,0.0595003186743148,0.956878550861931,0.0655599386091019,0.485,0.173875,FALSE,0,20,"std","raw"
"MR-PCA","Centers-Euclidean",0.957203712555768,0.0593363607393244,0.956907102551255,0.065497827366802,0.485,0.175125,FALSE,0,20,"std","raw"
"SPCA","Int-Euclidean",0.957402007648184,0.059370299553856,0.956914511242402,0.0658377063643285,0.486875,0.18475,FALSE,0,20,"std","raw"
"SPCA","Hausdorff",0.956892527087317,0.0598197896749522,0.957067862352756,0.0650411496096494,0.485125,0.166375,FALSE,0,20,"std","raw"
"SPCA","Ichino-Yaguchi",0.957185866794136,0.0593577119184193,0.956873920549915,0.0655631102134317,0.485,0.175625,FALSE,0,20,"std","raw"
"SPCA","Wasserstein",0.95710149776928,0.0595423836838751,0.956868498882848,0.0655810759562665,0.484625,0.173875,FALSE,0,20,"std","raw"
"SPCA","Centers-Euclidean",0.957203712555768,0.0593363607393244,0.956907102551255,0.065497827366802,0.485,0.175125,FALSE,0,20,"std","raw"
"IMDS","Int-Euclidean",0.520256931166348,0.00777772466539195,0.525074941174022,0.00944241093278642,0.026375,0.000750000000000001,FALSE,0,20,"std","raw"
"IMDS","Hausdorff",0.552644837476099,0.0520570427023582,0.560158305022825,0.0475106352062624,0.033875,-0.005125,FALSE,0,20,"std","raw"
"IMDS","Ichino-Yaguchi",0.559987332695985,0.0676754302103251,0.567054493335728,0.0635580022522165,0.037125,-0.004375,FALSE,0,20,"std","raw"
"IMDS","Wasserstein",0.548460325047801,0.0445627788400256,0.556336249810425,0.0370549364604376,0.0365,-0.003875,TRUE,0,20,"std","raw"
"IMDS","Centers-Euclidean",0.540352214786488,0.0150508285532187,0.548097071414814,0.00850365976654532,0.042125,-0.00375,FALSE,0,20,"std","raw"
"Int-UMAP","Int-Euclidean",0.908745140216699,-0.00477421924792865,0.941693041116685,-0.00331291334493732,0.5375,-0.015875,FALSE,0,20,"std","raw"
"Int-UMAP","Hausdorff",0.908552103250478,-0.00508508604206492,0.941464664173738,-0.00393528669017147,0.5355,-0.015625,FALSE,0,20,"std","raw"
"Int-UMAP","Ichino-Yaguchi",0.908659496494583,-0.00497960484384952,0.941680612087009,-0.003707134828135,0.5385,-0.017875,FALSE,0,20,"std","raw"
"Int-UMAP","Wasserstein",0.908653282345443,-0.00492224346717651,0.941638683170695,-0.00369075819277451,0.537375,-0.017375,FALSE,0,20,"std","raw"
"Int-UMAP","Centers-Euclidean",0.90869988846399,-0.00501258763543666,0.941522968659184,-0.00345744535662455,0.53875,-0.01325,FALSE,0,20,"std","raw"
"C-PCA","Int-Euclidean",0.929904318036966,0.122822657743786,0.928752233749435,0.127058247314255,0.457125,0.22225,FALSE,0,20,"std","std"
"C-PCA","Hausdorff",0.929158620140217,0.124233428935628,0.929137480038064,0.12615991603064,0.454375,0.21475,FALSE,0,20,"std","std"
"C-PCA","Ichino-Yaguchi",0.929615678776291,0.123562141491396,0.928744691033322,0.127121655943816,0.456125,0.223,FALSE,0,20,"std","std"
"C-PCA","Wasserstein",0.929462555768005,0.123854365838113,0.92874981298346,0.12710801418545,0.45525,0.220875,FALSE,0,20,"std","std"
"C-PCA","Centers-Euclidean",0.929619901210962,0.123544136392607,0.928798412227444,0.127006878754085,0.455875,0.222375,FALSE,0,20,"std","std"
"V-PCA","Int-Euclidean",0.92980568833652,0.123023103887827,0.928799252095907,0.12696806781079,0.457,0.22175,FALSE,0,20,"std","std"
"V-PCA","Hausdorff",0.929208413001912,0.124131612492033,0.929181640677978,0.126069180382208,0.454375,0.21475,FALSE,0,20,"std","std"
"V-PCA","Ichino-Yaguchi",0.929660771191842,0.123472275334608,0.928775635446804,0.127064908472357,0.456125,0.222875,FALSE,0,20,"std","std"
"V-PCA","Wasserstein",0.929571940726577,0.123638782664117,0.928812135978809,0.126987808824656,0.45575,0.221,FALSE,0,20,"std","std"
"V-PCA","Centers-Euclidean",0.92965901848311,0.123466220522626,0.928834172156892,0.126940152660087,0.455875,0.222125,FALSE,0,20,"std","std"
"MR-PCA","Int-Euclidean",0.929830943275972,0.123311982154238,0.928782773422446,0.12732144355956,0.458125,0.229875,FALSE,0,20,"std","std"
"MR-PCA","Hausdorff",0.929577676864245,0.123349426386233,0.92908520838206,0.126200748757076,0.45575,0.216375,FALSE,0,20,"std","std"
"MR-PCA","Ichino-Yaguchi",0.929694869343531,0.123405672402804,0.928703556990614,0.127204659300646,0.45625,0.2215,FALSE,0,20,"std","std"
"MR-PCA","Wasserstein",0.929479365838114,0.123812778840026,0.928758787858161,0.127088207918378,0.455625,0.221,FALSE,0,20,"std","std"
"MR-PCA","Centers-Euclidean",0.929619901210962,0.123544136392607,0.928798412227444,0.127006878754085,0.455875,0.222375,FALSE,0,20,"std","std"
"SPCA","Int-Euclidean",0.929904318036966,0.122822657743786,0.928752233749435,0.127058247314255,0.457125,0.22225,FALSE,0,20,"std","std"
"SPCA","Hausdorff",0.929158620140217,0.124233428935628,0.929137480038064,0.12615991603064,0.454375,0.21475,FALSE,0,20,"std","std"
"SPCA","Ichino-Yaguchi",0.929615678776291,0.123562141491396,0.928744691033322,0.127121655943816,0.456125,0.223,FALSE,0,20,"std","std"
"SPCA","Wasserstein",0.929462555768005,0.123854365838113,0.92874981298346,0.12710801418545,0.45525,0.220875,FALSE,0,20,"std","std"
"SPCA","Centers-Euclidean",0.929619901210962,0.123544136392607,0.928798412227444,0.127006878754085,0.455875,0.222375,FALSE,0,20,"std","std"
"IMDS","Int-Euclidean",0.541989005736138,-0.0148992989165073,0.548489016606045,-0.0284977590428575,0.02925,-0.001125,FALSE,0,20,"std","std"
"IMDS","Hausdorff",0.591278840025494,0.00129987253027397,0.605952831038041,-0.0197280756053493,0.040125,-0.002625,FALSE,0,20,"std","std"
"IMDS","Ichino-Yaguchi",0.600224426386233,0.0140597514340345,0.613751476300462,-0.00767508117413462,0.04075,-0.005625,FALSE,0,20,"std","std"
"IMDS","Wasserstein",0.58747896749522,-0.0103811344805609,0.602031391675158,-0.034995039263664,0.041,-0.00425,TRUE,0,20,"std","std"
"IMDS","Centers-Euclidean",0.58455138623327,-0.0523746016571064,0.601753840151142,-0.0866651293779144,0.0455,-0.00275,FALSE,0,20,"std","std"
"Int-UMAP","Int-Euclidean",0.915381373486297,0.00984337157425119,0.947473795080369,0.00838812256889161,0.5725,-0.01675,FALSE,0,20,"std","std"
"Int-UMAP","Hausdorff",0.915323534098152,0.00971876991714471,0.94708094370124,0.00776113693090889,0.567625,-0.030375,FALSE,0,20,"std","std"
"Int-UMAP","Ichino-Yaguchi",0.915249681325685,0.0096322498406628,0.947350587539009,0.00781161881516897,0.571,-0.026,FALSE,0,20,"std","std"
"Int-UMAP","Wasserstein",0.915206978967495,0.00945283620140225,0.94731359494239,0.00774084382374571,0.57025,-0.024375,FALSE,0,20,"std","std"
"Int-UMAP","Centers-Euclidean",0.915277166985341,0.00955274059910771,0.947175224880459,0.00806854030370634,0.570875,-0.02,FALSE,0,20,"std","std"
"C-PCA","Int-Euclidean",0.963781150414277,0.0564310070108349,0.962274474792729,0.0609551493394243,0.462875,0.220625,FALSE,0,21,"raw","raw"
"C-PCA","Hausdorff",0.963802820267686,0.0564300509878904,0.962264380910853,0.0609899900729829,0.4635,0.22325,FALSE,0,21,"raw","raw"
"C-PCA","Ichino-Yaguchi",0.963847434671765,0.0563867112810708,0.962515754597451,0.0605343026291839,0.463125,0.221375,FALSE,0,21,"raw","raw"
"C-PCA","Wasserstein",0.963849267049076,0.0563891013384321,0.9625226880704,0.0605214285555875,0.463125,0.2215,FALSE,0,21,"raw","raw"
"C-PCA","Centers-Euclidean",0.963847992351816,0.0563884639898024,0.962532089223395,0.0604972622655128,0.463125,0.221125,FALSE,0,21,"raw","raw"
"V-PCA","Int-Euclidean",0.96375987890376,0.0564655831739962,0.96228823756807,0.0609229119102198,0.46275,0.220125,FALSE,0,21,"raw","raw"
"V-PCA","Hausdorff",0.963801784576163,0.0564267049075844,0.962269646588639,0.0609802366379774,0.4635,0.223375,FALSE,0,21,"raw","raw"
"V-PCA","Ichino-Yaguchi",0.963822976418101,0.0564327597195666,0.962502476849613,0.0605581042689926,0.463,0.221375,FALSE,0,21,"raw","raw"
"V-PCA","Wasserstein",0.963845363288719,0.0563969088591459,0.962484603975311,0.0605931573953377,0.46325,0.221875,FALSE,0,21,"raw","raw"
"V-PCA","Centers-Euclidean",0.96382361376673,0.0564346717654557,0.962487030712168,0.0605846254320999,0.463,0.22125,FALSE,0,21,"raw","raw"
"MR-PCA","Int-Euclidean",0.967169295729764,0.0495680369662206,0.965469453950941,0.0542061064717362,0.441625,0.213,FALSE,0,21,"raw","raw"
"MR-PCA","Hausdorff",0.967010356915233,0.0498224984066284,0.965448824661822,0.0541697158679248,0.440625,0.210125,FALSE,0,21,"raw","raw"
"MR-PCA","Ichino-Yaguchi",0.967186504142766,0.0495250159337157,0.965423433381425,0.0542811796448895,0.4415,0.213,FALSE,0,21,"raw","raw"
"MR-PCA","Wasserstein",0.967227772466539,0.0494463033779478,0.965454116142346,0.0542268580573037,0.442,0.213,FALSE,0,21,"raw","raw"
"MR-PCA","Centers-Euclidean",0.967187380497132,0.0495194391332059,0.965428710574482,0.0542762472702409,0.4415,0.213,FALSE,0,21,"raw","raw"
"SPCA","Int-Euclidean",0.966966539196941,0.0499359464627152,0.965548656415175,0.0539180485419022,0.440875,0.219125,FALSE,0,21,"raw","raw"
"SPCA","Hausdorff",0.966946542383684,0.0499925111536009,0.965608625283851,0.0538706608537576,0.441125,0.220125,FALSE,0,21,"raw","raw"
"SPCA","Ichino-Yaguchi",0.967120458891013,0.0497284894837475,0.965665345886344,0.0538114557248045,0.442375,0.224,FALSE,0,21,"raw","raw"
"SPCA","Wasserstein",0.967139101338432,0.0496864244741874,0.965681674648029,0.0537774440907977,0.4425,0.223875,FALSE,0,21,"raw","raw"
"SPCA","Centers-Euclidean",0.967119263862333,0.0497260994263862,0.965708721248713,0.0537217506931767,0.442375,0.223875,FALSE,0,21,"raw","raw"
"IMDS","Int-Euclidean",0.525710962396431,0.0141395793499044,0.525793566622499,0.0133963176038136,0.029625,-0.0045,TRUE,0,21,"raw","raw"
"IMDS","Hausdorff",0.551290152963671,0.0447039515615041,0.552324163189481,0.046355931968458,0.03525,-0.00225,TRUE,0,21,"raw","raw"
"IMDS","Ichino-Yaguchi",0.554098550031867,0.0511932759719567,0.556468193391224,0.0576532151661757,0.037,0.0035,TRUE,0,21,"raw","raw"
"IMDS","Wasserstein",0.549519279796048,0.0354171446781391,0.549337002802561,0.0409513962138811,0.036125,-0.001125,TRUE,0,21,"raw","raw"
"IMDS","Centers-Euclidean",0.541568275971957,0.0112614722753346,0.539590901532316,0.0138348321525489,0.03375,-0.000375,TRUE,0,21,"raw","raw"
"Int-UMAP","Int-Euclidean",0.786018005098789,0.0242058636073933,0.862567285544274,0.00576029217911758,0.428,-0.03075,FALSE,0,21,"raw","raw"
"Int-UMAP","Hausdorff",0.78397649776928,0.0225779158699808,0.860578006816529,0.00435193181901544,0.42775,-0.03425,FALSE,0,21,"raw","raw"
"Int-UMAP","Ichino-Yaguchi",0.786421367112811,0.0250256532823455,0.863550651457296,0.00606453567610252,0.431,-0.03875,FALSE,0,21,"raw","raw"
"Int-UMAP","Wasserstein",0.786233349267049,0.0225664435946463,0.863114043858854,0.00384495919414254,0.43,-0.038,FALSE,0,21,"raw","raw"
"Int-UMAP","Centers-Euclidean",0.787247848948375,0.0214676545570427,0.863501457150992,0.00401834570414694,0.430375,-0.0355,FALSE,0,21,"raw","raw"
"C-PCA","Int-Euclidean",0.93429764181007,0.103099107711918,0.933698309225473,0.110688269913189,0.470625,0.127625,FALSE,0,21,"std","raw"
"C-PCA","Hausdorff",0.934319152326322,0.102506373486297,0.93340701358512,0.110814293898049,0.4695,0.121875,FALSE,0,21,"std","raw"
"C-PCA","Ichino-Yaguchi",0.934344486934353,0.102644040790312,0.933438967290829,0.110874861454224,0.468875,0.126125,FALSE,0,21,"std","raw"
"C-PCA","Wasserstein",0.934249203314213,0.102846717654557,0.933560956985599,0.110656259164237,0.468375,0.125,FALSE,0,21,"std","raw"
"C-PCA","Centers-Euclidean",0.934328871892925,0.102706819630338,0.933568634366415,0.110638822697402,0.468875,0.125,FALSE,0,21,"std","raw"
"V-PCA","Int-Euclidean",0.934328792224347,0.103029796048439,0.933787822016039,0.110506443135627,0.471125,0.12825,FALSE,0,21,"std","raw"
"V-PCA","Hausdorff",0.934260595920969,0.102615838113448,0.933369760615417,0.110882111597141,0.469625,0.121875,FALSE,0,21,"std","raw"
"V-PCA","Ichino-Yaguchi",0.934180449330784,0.102967973231358,0.93340004940478,0.110951857890972,0.468375,0.125625,FALSE,0,21,"std","raw"
"V-PCA","Wasserstein",0.934168977055449,0.103004620777565,0.933481021275786,0.110817398969699,0.46825,0.12475,FALSE,0,21,"std","raw"
"V-PCA","Centers-Euclidean",0.934189770554493,0.102981835564054,0.933546726882154,0.110678511360285,0.46875,0.124875,FALSE,0,21,"std","raw"
"MR-PCA","Int-Euclidean",0.934244741873805,0.102768961121734,0.933386857275118,0.110879691897394,0.468,0.11625,FALSE,0,21,"std","raw"
"MR-PCA","Hausdorff",0.933610420650096,0.104028043339707,0.934120339236488,0.109259816257209,0.4655,0.118125,FALSE,0,21,"std","raw"
"MR-PCA","Ichino-Yaguchi",0.934165312300829,0.10299506054812,0.933647259041237,0.110429722212413,0.467375,0.1235,FALSE,0,21,"std","raw"
"MR-PCA","Wasserstein",0.934458094327597,0.102442001274697,0.933684466696214,0.110420218061712,0.469625,0.12625,FALSE,0,21,"std","raw"
"MR-PCA","Centers-Euclidean",0.934328871892925,0.102706819630338,0.933568634366415,0.110638822697402,0.468875,0.125,FALSE,0,21,"std","raw"
"SPCA","Int-Euclidean",0.93429764181007,0.103099107711918,0.933698309225473,0.110688269913189,0.470625,0.127625,FALSE,0,21,"std","raw"
"SPCA","Hausdorff",0.934319152326322,0.102506373486297,0.93340701358512,0.110814293898049,0.4695,0.121875,FALSE,0,21,"std","raw"
"SPCA","Ichino-Yaguchi",0.934344486934353,0.102644040790312,0.933438967290829,0.110874861454224,0.468875,0.126125,FALSE,0,21,"std","raw"
"SPCA","Wasserstein",0.934249203314213,0.102846717654557,0.933560956985599,0.110656259164237,0.468375,0.125,FALSE,0,21,"std","raw"
"SPCA","Centers-Euclidean",0.934328871892925,0.102706819630338,0.933568634366415,0.110638822697402,0.468875,0.125,FALSE,0,21,"std","raw"
"IMDS","Int-Euclidean",0.524048518164436,0.0212072976418101,0.525219146706436,0.0231692492435319,0.03075,-0.001375,TRUE,0,21,"std","raw"
"IMDS","Hausdorff",0.550853011472275,0.0397557361376673,0.55274856619942,0.0453392631437442,0.0335,0.000750000000000001,TRUE,0,21,"std","raw"
"IMDS","Ichino-Yaguchi",0.551506054811982,0.0476370299553857,0.555762079391912,0.0548531461683744,0.0345,0.005875,TRUE,0,21,"std","raw"
"IMDS","Wasserstein",0.547517606755895,0.0310323454429573,0.548372003747666,0.0389483592955793,0.035875,0.002375,TRUE,0,21,"std","raw"
"IMDS","Centers-Euclidean",0.539367829827916,0.0169998406628427,0.540696184529924,0.0178249775963994,0.032125,0.000374999999999999,TRUE,0,21,"std","raw"
"Int-UMAP","Int-Euclidean",0.808577915869981,0.0169827915869981,0.873685110591815,0.00907242013988581,0.45375,-0.019875,FALSE,0,21,"std","raw"
"Int-UMAP","Hausdorff",0.807206421287444,0.0154915551306565,0.873058968020982,0.00766290164200949,0.453875,-0.0165,FALSE,0,21,"std","raw"
"Int-UMAP","Ichino-Yaguchi",0.809730242192479,0.0174397705544934,0.875616559412574,0.00871210814597134,0.45475,-0.023375,FALSE,0,21,"std","raw"
"Int-UMAP","Wasserstein",0.808328792224347,0.0173057680050988,0.874351262120676,0.0086859337204853,0.454625,-0.02175,FALSE,0,21,"std","raw"
"Int-UMAP","Centers-Euclidean",0.808322339069471,0.0175391969407265,0.874636396664256,0.00849421468492255,0.454625,-0.0225,FALSE,0,21,"std","raw"
"C-PCA","Int-Euclidean",0.929981118546845,0.124220681963034,0.928624921440259,0.128509699739721,0.487375,0.20675,FALSE,0,21,"std","std"
"C-PCA","Hausdorff",0.930077836201402,0.124195188017846,0.928119919099673,0.129635712251959,0.492625,0.213,FALSE,0,21,"std","std"
"C-PCA","Ichino-Yaguchi",0.930147546207776,0.124068196303378,0.928313047476526,0.129275100860984,0.490875,0.218625,FALSE,0,21,"std","std"
"C-PCA","Wasserstein",0.930025653282345,0.12430943275972,0.928420598833358,0.12907942142499,0.4905,0.218125,FALSE,0,21,"std","std"
"C-PCA","Centers-Euclidean",0.930118945188018,0.124129859783301,0.928447613020684,0.129025902281235,0.49075,0.217875,FALSE,0,21,"std","std"
"V-PCA","Int-Euclidean",0.930075446144041,0.124036169534735,0.928801421125252,0.128160941828089,0.488,0.207375,FALSE,0,21,"std","std"
"V-PCA","Hausdorff",0.930018722115997,0.124310866794136,0.928097686522236,0.129677111359159,0.49275,0.21325,FALSE,0,21,"std","std"
"V-PCA","Ichino-Yaguchi",0.9300198374761,0.12432361376673,0.92832522658216,0.129254004030516,0.490375,0.218125,FALSE,0,21,"std","std"
"V-PCA","Wasserstein",0.930001991714468,0.124361217335883,0.928371221562184,0.129183814611975,0.490375,0.21775,FALSE,0,21,"std","std"
"V-PCA","Centers-Euclidean",0.930007329509242,0.124352772466539,0.928472150678266,0.128976764271814,0.4905,0.217625,FALSE,0,21,"std","std"
"MR-PCA","Int-Euclidean",0.930193036966221,0.124142606755895,0.928448370043166,0.129122435229156,0.492875,0.2145,FALSE,0,21,"std","std"
"MR-PCA","Hausdorff",0.92928776290631,0.125507329509242,0.928982811068854,0.127562460965362,0.487625,0.199375,FALSE,0,21,"std","std"
"MR-PCA","Ichino-Yaguchi",0.929939053537285,0.12446223709369,0.928486400933436,0.128844288536197,0.488875,0.2135,FALSE,0,21,"std","std"
"MR-PCA","Wasserstein",0.930311185468451,0.123739324410453,0.928580630720424,0.128753312986275,0.49075,0.21775,FALSE,0,21,"std","std"
"MR-PCA","Centers-Euclidean",0.930118945188018,0.124129859783301,0.928447613020684,0.129025902281235,0.49075,0.217875,FALSE,0,21,"std","std"
"SPCA","Int-Euclidean",0.929981118546845,0.124220681963034,0.928624921440259,0.128509699739721,0.487375,0.20675,FALSE,0,21,"std","std"
"SPCA","Hausdorff",0.930077836201402,0.124195188017846,0.928119919099673,0.129635712251959,0.492625,0.213,FALSE,0,21,"std","std"
"SPCA","Ichino-Yaguchi",0.930147546207776,0.124068196303378,0.928313047476526,0.129275100860984,0.490875,0.218625,FALSE,0,21,"std","std"
"SPCA","Wasserstein",0.930025653282345,0.12430943275972,0.928420598833358,0.12907942142499,0.4905,0.218125,FALSE,0,21,"std","std"
"SPCA","Centers-Euclidean",0.930118945188018,0.124129859783301,0.928447613020684,0.129025902281235,0.49075,0.217875,FALSE,0,21,"std","std"
"IMDS","Int-Euclidean",0.557195825366475,-0.0364289356277885,0.563616147656318,-0.0475336009226547,0.036875,-0.004375,TRUE,0,21,"std","std"
"IMDS","Hausdorff",0.588153680688337,-0.0182104843849586,0.592855797687597,-0.027339645791953,0.043375,-0.0055,TRUE,0,21,"std","std"
"IMDS","Ichino-Yaguchi",0.589427023581899,-0.00778425748884637,0.597637381241299,-0.0132965343638733,0.045875,-0.00275,TRUE,0,21,"std","std"
"IMDS","Wasserstein",0.585140216698534,-0.0246093052899936,0.590209244639129,-0.0309796493591283,0.046,-0.00125,TRUE,0,21,"std","std"
"IMDS","Centers-Euclidean",0.579697976418101,-0.0479109305289994,0.586005805125609,-0.0585240725045852,0.041,-0.00375,TRUE,0,21,"std","std"
"Int-UMAP","Int-Euclidean",0.815484464627151,0.0297108030592734,0.880684047327084,0.0275028491767263,0.48675,-0.025875,FALSE,0,21,"std","std"
"Int-UMAP","Hausdorff",0.812868467176546,0.0259259082217973,0.879159421215156,0.0236083546962945,0.481375,-0.024875,FALSE,0,21,"std","std"
"Int-UMAP","Ichino-Yaguchi",0.816275175270873,0.0290854047163799,0.882341870051952,0.0253257139340415,0.486,-0.033125,FALSE,0,21,"std","std"
"Int-UMAP","Wasserstein",0.815056485022307,0.0288162842574888,0.881043492476945,0.0255794640314949,0.486,-0.031875,FALSE,0,21,"std","std"
"Int-UMAP","Centers-Euclidean",0.814483030592734,0.0300689929891651,0.881049052967008,0.0257583676360478,0.48575,-0.032625,FALSE,0,21,"std","std"
"C-PCA","Int-Euclidean",0.963960006373486,0.0557240280433396,0.961355978562659,0.0625306534396287,0.455625,0.230875,FALSE,0,22,"raw","raw"
"C-PCA","Hausdorff",0.963549314850223,0.0566046845124283,0.961324676642645,0.0626279766763719,0.457375,0.2305,FALSE,0,22,"raw","raw"
"C-PCA","Ichino-Yaguchi",0.963791188655194,0.0560932122370937,0.961470594645211,0.0623337548775705,0.455875,0.2315,FALSE,0,22,"raw","raw"
"C-PCA","Wasserstein",0.963808397068196,0.0560556086679413,0.961494691523788,0.0622911247025435,0.456125,0.231375,FALSE,0,22,"raw","raw"
"C-PCA","Centers-Euclidean",0.963789834289356,0.0560975143403442,0.961483106734114,0.0623130860313615,0.456,0.23175,FALSE,0,22,"raw","raw"
"V-PCA","Int-Euclidean",0.963942080943276,0.0557589228808159,0.961338393143654,0.0625626294295198,0.4555,0.230875,FALSE,0,22,"raw","raw"
"V-PCA","Hausdorff",0.963494662205226,0.0567092096876992,0.961273924149503,0.0627218406402423,0.457625,0.231,FALSE,0,22,"raw","raw"
"V-PCA","Ichino-Yaguchi",0.963790471637986,0.0560965583173997,0.961473964674729,0.0623295289861563,0.456,0.231,FALSE,0,22,"raw","raw"
"V-PCA","Wasserstein",0.96377166985341,0.0561293817718292,0.961513153276282,0.0622582302631231,0.456125,0.230875,FALSE,0,22,"raw","raw"
"V-PCA","Centers-Euclidean",0.963791985340982,0.0560954429572976,0.961491447522519,0.0622993067294735,0.456125,0.23125,FALSE,0,22,"raw","raw"
"MR-PCA","Int-Euclidean",0.96755568833652,0.0492933397068196,0.96612814411695,0.0532886933169288,0.45175,0.2325,FALSE,0,22,"raw","raw"
"MR-PCA","Hausdorff",0.967783859145953,0.0486735181644359,0.965963750927406,0.0534091360202641,0.452875,0.23525,FALSE,0,22,"raw","raw"
"MR-PCA","Ichino-Yaguchi",0.967577198852772,0.0491588591459529,0.966088651107061,0.0532881433560892,0.450875,0.23275,FALSE,0,22,"raw","raw"
"MR-PCA","Wasserstein",0.967641332058636,0.0490388782664117,0.966116760737905,0.0532504338271935,0.452375,0.233625,FALSE,0,22,"raw","raw"
"MR-PCA","Centers-Euclidean",0.967618068833652,0.0490854047163799,0.966151666404801,0.0532051790232354,0.4515,0.23175,FALSE,0,22,"raw","raw"
"SPCA","Int-Euclidean",0.967860818992989,0.0486231676226896,0.966643631325531,0.0522051171393131,0.44875,0.229875,FALSE,0,22,"raw","raw"
"SPCA","Hausdorff",0.967971398980242,0.0483242511153601,0.966643481200509,0.0522045447876678,0.4495,0.22975,FALSE,0,22,"raw","raw"
"SPCA","Ichino-Yaguchi",0.967896191841938,0.0485380815806247,0.966628363035057,0.0522836143997874,0.44925,0.230875,FALSE,0,22,"raw","raw"
"SPCA","Wasserstein",0.967879302103251,0.0485728170809433,0.966630721639891,0.0522861078825702,0.449,0.231,FALSE,0,22,"raw","raw"
"SPCA","Centers-Euclidean",0.967896430847674,0.048538559592097,0.966624977225352,0.052288932536033,0.44925,0.231,FALSE,0,22,"raw","raw"
"IMDS","Int-Euclidean",0.53574753027406,-0.00458970681963033,0.539972338078649,-0.00207457874151212,0.030875,-5e-04,TRUE,0,22,"raw","raw"
"IMDS","Hausdorff",0.561357154238368,0.0380556086679413,0.56885163570594,0.0404796792988343,0.0405,0.002875,TRUE,0,22,"raw","raw"
"IMDS","Ichino-Yaguchi",0.569862731038878,0.0426955066921606,0.575949996148781,0.0498995610293186,0.04225,0.00275,TRUE,0,22,"raw","raw"
"IMDS","Wasserstein",0.560211440407903,0.0272887189292542,0.566193188768055,0.0338061333236435,0.041,0.004375,TRUE,0,22,"raw","raw"
"IMDS","Centers-Euclidean",0.552793817718292,0.0100031867431485,0.558472409238762,0.0141713678829011,0.043875,-0.0015,TRUE,0,22,"raw","raw"
"Int-UMAP","Int-Euclidean",0.895241156787763,0.0114641491395794,0.93371858068819,0.0088422624881414,0.519,-0.0265,FALSE,0,22,"raw","raw"
"Int-UMAP","Hausdorff",0.895780672402804,0.0104826322498406,0.933569782481638,0.00917394922294094,0.520125,-0.024125,FALSE,0,22,"raw","raw"
"Int-UMAP","Ichino-Yaguchi",0.895374681325685,0.0111808476736776,0.933776705300829,0.00876884410215939,0.521,-0.026625,FALSE,0,22,"raw","raw"
"Int-UMAP","Wasserstein",0.895235978330147,0.0114423199490121,0.933576514010844,0.00904148436285832,0.520625,-0.025625,FALSE,0,22,"raw","raw"
"Int-UMAP","Centers-Euclidean",0.894963750796686,0.0119195347355003,0.933204534914389,0.00977358481151037,0.520125,-0.025375,FALSE,0,22,"raw","raw"
"C-PCA","Int-Euclidean",0.940214547482473,0.0888717335882727,0.940342448502426,0.0958869652841005,0.460125,0.164,FALSE,0,22,"std","raw"
"C-PCA","Hausdorff",0.939460165710644,0.0897377310388783,0.939423170833233,0.0970714672724894,0.458375,0.15725,FALSE,0,22,"std","raw"
"C-PCA","Ichino-Yaguchi",0.939848948374761,0.0892176545570427,0.939997090154852,0.0961866587561016,0.45925,0.157125,FALSE,0,22,"std","raw"
"C-PCA","Wasserstein",0.939830146590185,0.0892571701720841,0.939972966727177,0.0962378620507999,0.459375,0.157,FALSE,0,22,"std","raw"
"C-PCA","Centers-Euclidean",0.939836440407903,0.0892404397705545,0.940079922808443,0.0960261113473874,0.459625,0.157625,FALSE,0,22,"std","raw"
"V-PCA","Int-Euclidean",0.940246016571064,0.0888075207138305,0.9403846302216,0.0958048515886213,0.4605,0.164125,FALSE,0,22,"std","raw"
"V-PCA","Hausdorff",0.93940097195666,0.0898510197578075,0.939300877049996,0.0973123170671166,0.45825,0.15725,FALSE,0,22,"std","raw"
"V-PCA","Ichino-Yaguchi",0.939874601657106,0.0891586998087954,0.939900144896235,0.0963738874754959,0.45925,0.15675,FALSE,0,22,"std","raw"
"V-PCA","Wasserstein",0.939843690248566,0.0892240280433396,0.939950167235862,0.0962774590180015,0.45975,0.15725,FALSE,0,22,"std","raw"
"V-PCA","Centers-Euclidean",0.939871972594009,0.0891633205863608,0.9400367427792,0.0961095559097141,0.45975,0.157125,FALSE,0,22,"std","raw"
"MR-PCA","Int-Euclidean",0.939905592734226,0.0888962715105163,0.939624801425539,0.0967663217458994,0.458875,0.15375,FALSE,0,22,"std","raw"
"MR-PCA","Hausdorff",0.940065328234544,0.089100063734863,0.939468976344391,0.0972960148545297,0.455,0.15,FALSE,0,22,"std","raw"
"MR-PCA","Ichino-Yaguchi",0.939807042702358,0.0892880815806246,0.939573473062197,0.0970056638929363,0.45925,0.155625,FALSE,0,22,"std","raw"
"MR-PCA","Wasserstein",0.939823852772466,0.0892786806883366,0.93975913570466,0.096655659773028,0.459625,0.157,FALSE,0,22,"std","raw"
"MR-PCA","Centers-Euclidean",0.939836440407903,0.0892404397705545,0.940079922808443,0.0960261113473874,0.459625,0.157625,FALSE,0,22,"std","raw"
"SPCA","Int-Euclidean",0.940214547482473,0.0888717335882727,0.940342448502426,0.0958869652841005,0.460125,0.164,FALSE,0,22,"std","raw"
"SPCA","Hausdorff",0.939460165710644,0.0897377310388783,0.939423170833233,0.0970714672724894,0.458375,0.15725,FALSE,0,22,"std","raw"
"SPCA","Ichino-Yaguchi",0.939848948374761,0.0892176545570427,0.939997090154852,0.0961866587561016,0.45925,0.157125,FALSE,0,22,"std","raw"
"SPCA","Wasserstein",0.939830146590185,0.0892571701720841,0.939972966727177,0.0962378620507999,0.459375,0.157,FALSE,0,22,"std","raw"
"SPCA","Centers-Euclidean",0.939836440407903,0.0892404397705545,0.940079922808443,0.0960261113473874,0.459625,0.157625,FALSE,0,22,"std","raw"
"IMDS","Int-Euclidean",0.533943514977693,-0.00401481835564044,0.5367328226481,-0.000776148281554701,0.02925,-0.000374999999999999,TRUE,0,22,"std","raw"
"IMDS","Hausdorff",0.560339069471001,0.0402409177820267,0.56718510125165,0.041233869876749,0.03975,0.00125,TRUE,0,22,"std","raw"
"IMDS","Ichino-Yaguchi",0.568612412364563,0.0427793180369662,0.574811834385317,0.0479157770053163,0.040625,0.001,TRUE,0,22,"std","raw"
"IMDS","Wasserstein",0.558919295729764,0.0274361057998727,0.564002662010914,0.0311919191027437,0.041,0.005,TRUE,0,22,"std","raw"
"IMDS","Centers-Euclidean",0.550216140854047,0.00998072020395158,0.554774358467162,0.00912222070391228,0.04225,-0.001375,TRUE,0,22,"std","raw"
"Int-UMAP","Int-Euclidean",0.892136950286807,0.0174555449330783,0.934442951404189,0.00615145145306521,0.499875,-0.017875,FALSE,0,22,"std","raw"
"Int-UMAP","Hausdorff",0.891933237731039,0.0185774378585085,0.934208636419546,0.00713486438677937,0.498,-0.020875,FALSE,0,22,"std","raw"
"Int-UMAP","Ichino-Yaguchi",0.892161328871893,0.0175419056724029,0.934642293869389,0.00595078227931067,0.499875,-0.023875,FALSE,0,22,"std","raw"
"Int-UMAP","Wasserstein",0.892143722115997,0.0176539196940726,0.934423188426009,0.00640092981126385,0.499625,-0.0225,FALSE,0,22,"std","raw"
"Int-UMAP","Centers-Euclidean",0.892072657743786,0.0177141491395794,0.934290038300646,0.00660906813134097,0.4995,-0.02125,FALSE,0,22,"std","raw"
"C-PCA","Int-Euclidean",0.922878983428936,0.136701561504143,0.921781608482132,0.140811469244586,0.44875,0.20975,FALSE,0,22,"std","std"
"C-PCA","Hausdorff",0.921912523900574,0.138823135755258,0.920526356878566,0.143442531373997,0.449375,0.215375,FALSE,0,22,"std","std"
"C-PCA","Ichino-Yaguchi",0.922477294455067,0.137731835564053,0.921324985422519,0.141871273636801,0.450375,0.211125,FALSE,0,22,"std","std"
"C-PCA","Wasserstein",0.922444789674952,0.137793977055449,0.92133464737509,0.141875638351211,0.449875,0.211875,FALSE,0,22,"std","std"
"C-PCA","Centers-Euclidean",0.922472912683238,0.137742829827916,0.921445971476075,0.141643198756487,0.450625,0.21175,FALSE,0,22,"std","std"
"V-PCA","Int-Euclidean",0.922950764818356,0.13656373486297,0.921866904017738,0.140646404650737,0.449375,0.210125,FALSE,0,22,"std","std"
"V-PCA","Hausdorff",0.921869263862333,0.138916347992352,0.920406219649796,0.143684217945024,0.4495,0.21575,FALSE,0,22,"std","std"
"V-PCA","Ichino-Yaguchi",0.92255138623327,0.137581739961759,0.921247260964714,0.142026793776499,0.4505,0.211125,FALSE,0,22,"std","std"
"V-PCA","Wasserstein",0.922509560229446,0.137667941363926,0.921338536124942,0.141868165792956,0.45025,0.21225,FALSE,0,22,"std","std"
"V-PCA","Centers-Euclidean",0.922563336520076,0.137562300828553,0.921443056086538,0.141651987680877,0.450875,0.2115,FALSE,0,22,"std","std"
"MR-PCA","Int-Euclidean",0.922754700446144,0.137319152326322,0.921053524304303,0.142534504018489,0.4525,0.217375,FALSE,0,22,"std","std"
"MR-PCA","Hausdorff",0.922553776290631,0.137297163798598,0.920591643137128,0.143000668653435,0.448,0.208375,FALSE,0,22,"std","std"
"MR-PCA","Ichino-Yaguchi",0.922421685787126,0.137834448693435,0.920774319485835,0.142955450740995,0.450125,0.210875,FALSE,0,22,"std","std"
"MR-PCA","Wasserstein",0.922447339069471,0.137783460803059,0.921023588756557,0.142488192368497,0.45025,0.214125,FALSE,0,22,"std","std"
"MR-PCA","Centers-Euclidean",0.922472912683238,0.137742829827916,0.921445971476075,0.141643198756487,0.450625,0.21175,FALSE,0,22,"std","std"
"SPCA","Int-Euclidean",0.922878983428936,0.136701561504143,0.921781608482132,0.140811469244586,0.44875,0.20975,FALSE,0,22,"std","std"
"SPCA","Hausdorff",0.921912523900574,0.138823135755258,0.920526356878566,0.143442531373997,0.449375,0.215375,FALSE,0,22,"std","std"
"SPCA","Ichino-Yaguchi",0.922477294455067,0.137731835564053,0.921324985422519,0.141871273636801,0.450375,0.211125,FALSE,0,22,"std","std"
"SPCA","Wasserstein",0.922444789674952,0.137793977055449,0.92133464737509,0.141875638351211,0.449875,0.211875,FALSE,0,22,"std","std"
"SPCA","Centers-Euclidean",0.922472912683238,0.137742829827916,0.921445971476075,0.141643198756487,0.450625,0.21175,FALSE,0,22,"std","std"
"IMDS","Int-Euclidean",0.578928537284895,-0.0648280752071383,0.58106424950028,-0.0725522597142404,0.036375,-0.004625,TRUE,0,22,"std","std"
"IMDS","Hausdorff",0.618377868068834,-0.0280186424474187,0.628855864262926,-0.0468803016096985,0.0495,0.000875000000000001,TRUE,0,22,"std","std"
"IMDS","Ichino-Yaguchi",0.630348550031867,-0.0341620458891014,0.640232423388045,-0.0457824191998984,0.05125,0.000750000000000001,TRUE,0,22,"std","std"
"IMDS","Wasserstein",0.619354445506692,-0.0522681644359464,0.62804745648123,-0.0656239195903088,0.049625,0.000750000000000001,TRUE,0,22,"std","std"
"IMDS","Centers-Euclidean",0.610369502868069,-0.077970363288719,0.620830883246065,-0.097716593514838,0.049875,-0.003625,TRUE,0,22,"std","std"
"Int-UMAP","Int-Euclidean",0.906859862970045,0.0245820586360739,0.94501774343412,0.0138888229959461,0.52875,-0.03525,FALSE,0,22,"std","std"
"Int-UMAP","Hausdorff",0.90616523263225,0.0248499043977056,0.944054750915293,0.0132295464040707,0.524,-0.048,FALSE,0,22,"std","std"
"Int-UMAP","Ichino-Yaguchi",0.90673573932441,0.024684034416826,0.94486555302049,0.0134581827604955,0.5275,-0.045,FALSE,0,22,"std","std"
"Int-UMAP","Wasserstein",0.906742033142129,0.0246351179094965,0.944673452914737,0.0136661272401681,0.527625,-0.043875,FALSE,0,22,"std","std"
"Int-UMAP","Centers-Euclidean",0.906682839388145,0.0247187699171447,0.944576346975433,0.0138742094766079,0.527125,-0.0425,FALSE,0,22,"std","std"
"C-PCA","Int-Euclidean",0.965336599745061,0.0540409496494583,0.963257357490838,0.0592089788922513,0.469125,0.232125,FALSE,0,23,"raw","raw"
"C-PCA","Hausdorff",0.965213671128107,0.0543862332695986,0.963452557976833,0.0589229711072454,0.46875,0.234375,FALSE,0,23,"raw","raw"
"C-PCA","Ichino-Yaguchi",0.96536073932441,0.0541153601019757,0.963438340454889,0.0590025505899999,0.4705,0.235625,FALSE,0,23,"raw","raw"
"C-PCA","Wasserstein",0.965383763543658,0.0540689929891651,0.963440844386715,0.0589912694623016,0.4705,0.23575,FALSE,0,23,"raw","raw"
"C-PCA","Centers-Euclidean",0.965359464627151,0.0541172721478649,0.963471421377735,0.0589276320200294,0.4705,0.235,FALSE,0,23,"raw","raw"
"V-PCA","Int-Euclidean",0.965325446144041,0.0540654875717017,0.963270242973083,0.05918166402839,0.469,0.231625,FALSE,0,23,"raw","raw"
"V-PCA","Hausdorff",0.965245379222435,0.0543272785213512,0.96344037481953,0.058947831299054,0.469,0.234875,FALSE,0,23,"raw","raw"
"V-PCA","Ichino-Yaguchi",0.96533787444232,0.0541575844486933,0.963430372420089,0.0590159298428242,0.4705,0.235625,FALSE,0,23,"raw","raw"
"V-PCA","Wasserstein",0.965329907584449,0.0541741555130657,0.963408335175777,0.059053355328355,0.470375,0.235625,FALSE,0,23,"raw","raw"
"V-PCA","Centers-Euclidean",0.965353170809433,0.0541263543658381,0.963471281595133,0.0589255727056333,0.470625,0.235125,FALSE,0,23,"raw","raw"
"MR-PCA","Int-Euclidean",0.968172163798598,0.0479173040152964,0.967224463541883,0.0511850295584226,0.463875,0.226875,FALSE,0,23,"raw","raw"
"MR-PCA","Hausdorff",0.968060946462715,0.0478672721478649,0.966812580404317,0.0516516629075702,0.46175,0.2215,FALSE,0,23,"raw","raw"
"MR-PCA","Ichino-Yaguchi",0.96819925111536,0.0478385914595283,0.967171556520109,0.0512374528321682,0.46425,0.22275,FALSE,0,23,"raw","raw"
"MR-PCA","Wasserstein",0.968167941363926,0.0479130019120458,0.967095084028216,0.0514366811042583,0.4645,0.224,FALSE,0,23,"raw","raw"
"MR-PCA","Centers-Euclidean",0.968208014659018,0.0478449649458254,0.967117337183869,0.0514152791190937,0.465,0.225375,FALSE,0,23,"raw","raw"
"SPCA","Int-Euclidean",0.968236536010198,0.0479555449330784,0.967460970906283,0.0508031863524072,0.465375,0.223375,FALSE,0,23,"raw","raw"
"SPCA","Hausdorff",0.968441363926068,0.047655194391332,0.96756019149726,0.0506923772399549,0.4685,0.22675,FALSE,0,23,"raw","raw"
"SPCA","Ichino-Yaguchi",0.96844367431485,0.0476505736137667,0.967373417844338,0.0510816155960108,0.46925,0.228,FALSE,0,23,"raw","raw"
"SPCA","Wasserstein",0.96845235818993,0.0476347992351817,0.967358093150358,0.0511134399681598,0.4695,0.22925,FALSE,0,23,"raw","raw"
"SPCA","Centers-Euclidean",0.968444471000637,0.0476518483110262,0.967354327763183,0.0511162157883415,0.46925,0.22825,FALSE,0,23,"raw","raw"
"IMDS","Int-Euclidean",0.543861695347355,-0.00492383683875086,0.549791573798134,-0.00362597817966925,0.043625,0.002375,TRUE,0,23,"raw","raw"
"IMDS","Hausdorff",0.571831182281708,0.0402318355640535,0.580226647626378,0.0468031571803859,0.048125,-0.002,TRUE,0,23,"raw","raw"
"IMDS","Ichino-Yaguchi",0.580504700446144,0.0504995219885277,0.586474949976807,0.0536106709718429,0.0515,0.002125,TRUE,0,23,"raw","raw"
"IMDS","Wasserstein",0.571510675589547,0.0248731676226897,0.578267235461372,0.0274611223107789,0.05125,-0.001,TRUE,0,23,"raw","raw"
"IMDS","Centers-Euclidean",0.5643267208413,0.0116767049075845,0.570983345441428,0.0113049798772762,0.048625,-0.004875,TRUE,0,23,"raw","raw"
"Int-UMAP","Int-Euclidean",0.877679971319312,0.0345983110261313,0.926223731746375,0.0185113504752225,0.49475,-0.018,FALSE,0,23,"raw","raw"
"Int-UMAP","Hausdorff",0.876354445506692,0.0368758763543658,0.925365424134747,0.0203771114956359,0.491375,-0.024875,FALSE,0,23,"raw","raw"
"Int-UMAP","Ichino-Yaguchi",0.877642208413002,0.0344568196303378,0.926484759388827,0.0182559304501482,0.4965,-0.022125,FALSE,0,23,"raw","raw"
"Int-UMAP","Wasserstein",0.877303138942001,0.0348675908221797,0.926342616049627,0.0184249927624386,0.4945,-0.02325,FALSE,0,23,"raw","raw"
"Int-UMAP","Centers-Euclidean",0.87764292543021,0.0344388145315487,0.926460881193787,0.0182757640126781,0.4955,-0.019875,FALSE,0,23,"raw","raw"
"C-PCA","Int-Euclidean",0.950654477374124,0.0716410133843213,0.951479565574865,0.0762611740783219,0.481375,0.17175,FALSE,0,23,"std","raw"
"C-PCA","Hausdorff",0.950082138304653,0.071658540471638,0.95092200231039,0.07654887844667,0.478,0.154,FALSE,0,23,"std","raw"
"C-PCA","Ichino-Yaguchi",0.9501893722116,0.071790471637986,0.951372639348007,0.0759144874228498,0.479,0.158625,FALSE,0,23,"std","raw"
"C-PCA","Wasserstein",0.950236297004461,0.0717221159974506,0.95131012496458,0.076046987894976,0.47925,0.1575,FALSE,0,23,"std","raw"
"C-PCA","Centers-Euclidean",0.950188655194391,0.0717915869980879,0.951271123059698,0.076122574777188,0.479125,0.15725,FALSE,0,23,"std","raw"
"V-PCA","Int-Euclidean",0.95061384639898,0.071718132568515,0.951421922151305,0.0763747255313701,0.48125,0.171375,FALSE,0,23,"std","raw"
"V-PCA","Hausdorff",0.950093371574251,0.0716395793499045,0.950979869748631,0.0764365017645661,0.47825,0.154125,FALSE,0,23,"std","raw"
"V-PCA","Ichino-Yaguchi",0.950250956022945,0.0716673040152964,0.951395956493428,0.0758701135371656,0.479125,0.1585,FALSE,0,23,"std","raw"
"V-PCA","Wasserstein",0.950264340344168,0.0716669853409815,0.951283200127231,0.0760980414911441,0.47925,0.15775,FALSE,0,23,"std","raw"
"V-PCA","Centers-Euclidean",0.950249681325685,0.0716673040152963,0.951307408959837,0.0760491214188998,0.47925,0.157375,FALSE,0,23,"std","raw"
"MR-PCA","Int-Euclidean",0.95016340025494,0.0718854365838114,0.951293541587446,0.076005145876313,0.47925,0.156,FALSE,0,23,"std","raw"
"MR-PCA","Hausdorff",0.950431246016571,0.0714029636711281,0.951576776004597,0.0755637810846226,0.48075,0.160625,FALSE,0,23,"std","raw"
"MR-PCA","Ichino-Yaguchi",0.950196861057999,0.0717751752708731,0.95131426715703,0.0760194081798689,0.479375,0.156375,FALSE,0,23,"std","raw"
"MR-PCA","Wasserstein",0.950389738687062,0.0714158699808796,0.951438155272263,0.0757978057351511,0.479375,0.15775,FALSE,0,23,"std","raw"
"MR-PCA","Centers-Euclidean",0.950188655194391,0.0717915869980879,0.951271123059698,0.076122574777188,0.479125,0.15725,FALSE,0,23,"std","raw"
"SPCA","Int-Euclidean",0.950654477374124,0.0716410133843213,0.951479565574865,0.0762611740783219,0.481375,0.17175,FALSE,0,23,"std","raw"
"SPCA","Hausdorff",0.950082138304653,0.071658540471638,0.95092200231039,0.07654887844667,0.478,0.154,FALSE,0,23,"std","raw"
"SPCA","Ichino-Yaguchi",0.9501893722116,0.071790471637986,0.951372639348007,0.0759144874228498,0.479,0.158625,FALSE,0,23,"std","raw"
"SPCA","Wasserstein",0.950236297004461,0.0717221159974506,0.95131012496458,0.076046987894976,0.47925,0.1575,FALSE,0,23,"std","raw"
"SPCA","Centers-Euclidean",0.950188655194391,0.0717915869980879,0.951271123059698,0.076122574777188,0.479125,0.15725,FALSE,0,23,"std","raw"
"IMDS","Int-Euclidean",0.54157735818993,-0.0022123964308477,0.546476663513188,0.000188394320770391,0.04125,0.00125,TRUE,0,23,"std","raw"
"IMDS","Hausdorff",0.571900414276609,0.0408158062460164,0.57906817494973,0.0500519818550028,0.047,0.000125,TRUE,0,23,"std","raw"
"IMDS","Ichino-Yaguchi",0.579075446144041,0.0525836520076481,0.584990934282601,0.0574353101898553,0.0505,0.002,TRUE,0,23,"std","raw"
"IMDS","Wasserstein",0.571275095602295,0.0261065965583174,0.576199387076215,0.0339225499468507,0.049875,0.000875000000000001,TRUE,0,23,"std","raw"
"IMDS","Centers-Euclidean",0.563683556405354,0.00976481835564069,0.566894097011642,0.0143016970866022,0.04725,-0.00225,TRUE,0,23,"std","raw"
"Int-UMAP","Int-Euclidean",0.865338989802422,0.0365890694710006,0.917857996784595,0.0188456533091223,0.50025,-0.01675,FALSE,0,23,"std","raw"
"Int-UMAP","Hausdorff",0.862957377310389,0.0401317718291906,0.916533715926098,0.0215766204418077,0.497875,-0.015875,FALSE,0,23,"std","raw"
"Int-UMAP","Ichino-Yaguchi",0.864715822179732,0.0375380815806245,0.917719224008028,0.0194753252040634,0.5005,-0.019125,FALSE,0,23,"std","raw"
"Int-UMAP","Wasserstein",0.864499760994264,0.0377404397705545,0.917472060965771,0.0198130657730134,0.499625,-0.016875,FALSE,0,23,"std","raw"
"Int-UMAP","Centers-Euclidean",0.86459592096877,0.0377460165710644,0.917578254586789,0.0198183291050962,0.4995,-0.014875,FALSE,0,23,"std","raw"
"C-PCA","Int-Euclidean",0.92385022307202,0.135026768642447,0.924577381963775,0.13569017824958,0.4585,0.21,FALSE,0,23,"std","std"
"C-PCA","Hausdorff",0.923570108349267,0.135767367750159,0.924112070525153,0.136778553523238,0.462625,0.220125,FALSE,0,23,"std","std"
"C-PCA","Ichino-Yaguchi",0.923670889101338,0.135658221797323,0.924738675732683,0.135622040681834,0.462875,0.217125,FALSE,0,23,"std","std"
"C-PCA","Wasserstein",0.923744901210962,0.135501912045889,0.924637219259812,0.135838458482158,0.463125,0.217375,FALSE,0,23,"std","std"
"C-PCA","Centers-Euclidean",0.923691762268961,0.135609783301466,0.924582715133847,0.135946184274029,0.46275,0.21725,FALSE,0,23,"std","std"
"V-PCA","Int-Euclidean",0.923818992989165,0.135092096876992,0.92454577766126,0.135750444489482,0.4585,0.21,FALSE,0,23,"std","std"
"V-PCA","Hausdorff",0.923639977692798,0.135630815806246,0.924250247279794,0.136507574660329,0.463,0.22025,FALSE,0,23,"std","std"
"V-PCA","Ichino-Yaguchi",0.923810149776928,0.135384161886552,0.924819425081729,0.135466343121655,0.4635,0.217625,FALSE,0,23,"std","std"
"V-PCA","Wasserstein",0.923853728489484,0.135289356277884,0.924645187827727,0.135822298291253,0.4635,0.218125,FALSE,0,23,"std","std"
"V-PCA","Centers-Euclidean",0.923830943275972,0.135335564053537,0.924685307460309,0.135745537917571,0.463375,0.217875,FALSE,0,23,"std","std"
"MR-PCA","Int-Euclidean",0.923758365200765,0.135667782026769,0.92475999945665,0.135743734498099,0.46525,0.218125,FALSE,0,23,"std","std"
"MR-PCA","Hausdorff",0.923886950286807,0.13495235818993,0.924841836572366,0.135137257132261,0.460875,0.21275,FALSE,0,23,"std","std"
"MR-PCA","Ichino-Yaguchi",0.923721398980242,0.13555943275972,0.924686000615683,0.135745290765725,0.4635,0.216125,FALSE,0,23,"std","std"
"MR-PCA","Wasserstein",0.92396845124283,0.135058954748247,0.92483842634602,0.135438489385734,0.463875,0.218,FALSE,0,23,"std","std"
"MR-PCA","Centers-Euclidean",0.923691762268961,0.135609783301466,0.924582715133847,0.135946184274029,0.46275,0.21725,FALSE,0,23,"std","std"
"SPCA","Int-Euclidean",0.92385022307202,0.135026768642447,0.924577381963775,0.13569017824958,0.4585,0.21,FALSE,0,23,"std","std"
"SPCA","Hausdorff",0.923570108349267,0.135767367750159,0.924112070525153,0.136778553523238,0.462625,0.220125,FALSE,0,23,"std","std"
"SPCA","Ichino-Yaguchi",0.923670889101338,0.135658221797323,0.924738675732683,0.135622040681834,0.462875,0.217125,FALSE,0,23,"std","std"
"SPCA","Wasserstein",0.923744901210962,0.135501912045889,0.924637219259812,0.135838458482158,0.463125,0.217375,FALSE,0,23,"std","std"
"SPCA","Centers-Euclidean",0.923691762268961,0.135609783301466,0.924582715133847,0.135946184274029,0.46275,0.21725,FALSE,0,23,"std","std"
"IMDS","Int-Euclidean",0.596879700446144,-0.085465901848311,0.600811683130093,-0.0993846025636236,0.045625,-0.003125,TRUE,0,23,"std","std"
"IMDS","Hausdorff",0.635335803059274,-0.0390415869980879,0.647352625422205,-0.0546286448606661,0.059375,-0.002375,TRUE,0,23,"std","std"
"IMDS","Ichino-Yaguchi",0.647648980242193,-0.0395076481835565,0.655953015602255,-0.0564413017135918,0.063125,-0.003875,TRUE,0,23,"std","std"
"IMDS","Wasserstein",0.640378983428936,-0.0687378903760358,0.647564950716344,-0.081346330790932,0.063125,-0.003375,TRUE,0,23,"std","std"
"IMDS","Centers-Euclidean",0.633483508604207,-0.0945336201402167,0.637896030660306,-0.109739994124653,0.05825,-0.01075,TRUE,0,23,"std","std"
"Int-UMAP","Int-Euclidean",0.87255321861058,0.045210643722116,0.925182059535319,0.0282739787190958,0.5395,-0.0125,FALSE,0,23,"std","std"
"Int-UMAP","Hausdorff",0.870013463989803,0.0479615997450605,0.923146155473055,0.0293105962590551,0.532125,-0.02425,FALSE,0,23,"std","std"
"Int-UMAP","Ichino-Yaguchi",0.872196861057999,0.0464870936902486,0.924878373356152,0.0286240184510476,0.53875,-0.020875,FALSE,0,23,"std","std"
"Int-UMAP","Wasserstein",0.871932281708094,0.0467934990439771,0.92458483234447,0.0289648011841452,0.537375,-0.0185,FALSE,0,23,"std","std"
"Int-UMAP","Centers-Euclidean",0.871988527724665,0.0466883365200765,0.924652435944809,0.0288583437781111,0.537875,-0.016625,FALSE,0,23,"std","std"
"C-PCA","Int-Euclidean",0.962788639260676,0.0587589228808159,0.960731240108595,0.0640298108629442,0.475,0.225875,FALSE,0,24,"raw","raw"
"C-PCA","Hausdorff",0.962942638623327,0.0584550669216062,0.961211336622777,0.0631144497721768,0.475,0.22875,FALSE,0,24,"raw","raw"
"C-PCA","Ichino-Yaguchi",0.962997370936902,0.0583978648820905,0.961235006156832,0.0631264548692624,0.4775,0.227875,FALSE,0,24,"raw","raw"
"C-PCA","Wasserstein",0.962993387507967,0.0584020076481836,0.961292260086994,0.0630102000995943,0.47725,0.228125,FALSE,0,24,"raw","raw"
"C-PCA","Centers-Euclidean",0.962997211599745,0.0583985022307203,0.96126648048605,0.063062039506423,0.4775,0.22825,FALSE,0,24,"raw","raw"
"V-PCA","Int-Euclidean",0.9627462555768,0.058845602294455,0.960772013552707,0.0639452960201004,0.47475,0.2255,FALSE,0,24,"raw","raw"
"V-PCA","Hausdorff",0.962902963671128,0.0585315487571701,0.96119360513042,0.063147968808456,0.47475,0.2285,FALSE,0,24,"raw","raw"
"V-PCA","Ichino-Yaguchi",0.962981835564054,0.0584263862332696,0.961218267110286,0.0631567278784383,0.4775,0.228,FALSE,0,24,"raw","raw"
"V-PCA","Wasserstein",0.962963989802422,0.058457616316125,0.96130034178179,0.0629942043211782,0.477125,0.227625,FALSE,0,24,"raw","raw"
"V-PCA","Centers-Euclidean",0.962981676226896,0.0584270235818993,0.961282359405785,0.0630289919565402,0.4775,0.22825,FALSE,0,24,"raw","raw"
"MR-PCA","Int-Euclidean",0.967711360739324,0.0497165391969407,0.966693874907643,0.0525013596550264,0.479125,0.22275,FALSE,0,24,"raw","raw"
"MR-PCA","Hausdorff",0.968008524537922,0.0488156469088591,0.966457503380798,0.0525906667700482,0.475125,0.214375,FALSE,0,24,"raw","raw"
"MR-PCA","Ichino-Yaguchi",0.967813177182919,0.0494953792224346,0.966519204977975,0.0527757722013156,0.479625,0.2255,FALSE,0,24,"raw","raw"
"MR-PCA","Wasserstein",0.967791985340982,0.0495626195028681,0.966691710889574,0.0525725206212924,0.480125,0.22675,FALSE,0,24,"raw","raw"
"MR-PCA","Centers-Euclidean",0.967817160611855,0.0495148183556405,0.966754301934856,0.0524778343817348,0.480625,0.227625,FALSE,0,24,"raw","raw"
"SPCA","Int-Euclidean",0.968045092415551,0.0487670490758444,0.966328624781444,0.0530119071319792,0.473875,0.226,FALSE,0,24,"raw","raw"
"SPCA","Hausdorff",0.968231516889739,0.0484821542383683,0.966493770941801,0.0527915899195142,0.473125,0.22575,FALSE,0,24,"raw","raw"
"SPCA","Ichino-Yaguchi",0.96801051625239,0.0489267049075844,0.966613087707473,0.052575334399221,0.474,0.227375,FALSE,0,24,"raw","raw"
"SPCA","Wasserstein",0.968019598470363,0.0489098151688975,0.966611055688536,0.0525788478365193,0.474,0.227875,FALSE,0,24,"raw","raw"
"SPCA","Centers-Euclidean",0.968010914595284,0.0489278202676864,0.966615601341981,0.052572959481086,0.474125,0.22725,FALSE,0,24,"raw","raw"
"IMDS","Int-Euclidean",0.541414117272148,-0.0179907584448693,0.542124983857295,-0.0172628557771094,0.0305,-0.001375,TRUE,0,24,"raw","raw"
"IMDS","Hausdorff",0.567408938814532,0.0502241873804971,0.572119941661075,0.0554069501231793,0.04475,0.000375,TRUE,0,24,"raw","raw"
"IMDS","Ichino-Yaguchi",0.566806166347992,0.0550109942638624,0.570361087355532,0.0613264680137317,0.043125,-0.000625000000000001,TRUE,0,24,"raw","raw"
"IMDS","Wasserstein",0.561890535372849,0.0362603569152327,0.565374751398082,0.0423440066679393,0.04375,0.000750000000000001,TRUE,0,24,"raw","raw"
"IMDS","Centers-Euclidean",0.553276688973869,0.0204437539834289,0.55786736840305,0.0204379579772769,0.04175,-0.000375,TRUE,0,24,"raw","raw"
"Int-UMAP","Int-Euclidean",0.866253744423199,0.0378092734225621,0.913208807933118,0.0256000951332027,0.49,-0.00487499999999999,FALSE,0,24,"raw","raw"
"Int-UMAP","Hausdorff",0.866110898661568,0.0379837476099427,0.913613844282139,0.0254457160716171,0.486875,-0.00775000000000001,FALSE,0,24,"raw","raw"
"Int-UMAP","Ichino-Yaguchi",0.866798597833015,0.0368087954110899,0.914851824897587,0.0226937896519846,0.49125,-0.011625,FALSE,0,24,"raw","raw"
"Int-UMAP","Wasserstein",0.865968530911408,0.0381728808158063,0.913886760376241,0.024422601040537,0.488625,-0.00862499999999999,FALSE,0,24,"raw","raw"
"Int-UMAP","Centers-Euclidean",0.866023422562141,0.0380646908859146,0.913646718996326,0.0249112746194373,0.48875,-0.00712500000000002,FALSE,0,24,"raw","raw"
"C-PCA","Int-Euclidean",0.933600780752071,0.103852294455067,0.933887108499959,0.109676957822205,0.462875,0.13125,FALSE,0,24,"std","raw"
"C-PCA","Hausdorff",0.933325605481198,0.103999521988528,0.933796399294003,0.109603776565518,0.46625,0.133375,FALSE,0,24,"std","raw"
"C-PCA","Ichino-Yaguchi",0.933693753983429,0.103384321223709,0.934120282832982,0.109017569702792,0.463875,0.130375,FALSE,0,24,"std","raw"
"C-PCA","Wasserstein",0.933788957934991,0.103197100063735,0.934076239584863,0.109108965773372,0.46425,0.1305,FALSE,0,24,"std","raw"
"C-PCA","Centers-Euclidean",0.933778840025494,0.103222115997451,0.934105730621802,0.109058624418074,0.46425,0.131125,FALSE,0,24,"std","raw"
"V-PCA","Int-Euclidean",0.933519359464627,0.10401545570427,0.93383311723007,0.109779433503231,0.462625,0.130875,FALSE,0,24,"std","raw"
"V-PCA","Hausdorff",0.933246414913958,0.104152804333971,0.93379531920418,0.109601157054486,0.46625,0.133625,FALSE,0,24,"std","raw"
"V-PCA","Ichino-Yaguchi",0.933698693435309,0.103369343530911,0.934141615193403,0.108981198717591,0.46425,0.130625,FALSE,0,24,"std","raw"
"V-PCA","Wasserstein",0.933669455066922,0.103427820267686,0.934049962908031,0.109162155452413,0.464375,0.13025,FALSE,0,24,"std","raw"
"V-PCA","Centers-Euclidean",0.933672482472913,0.103427501593372,0.934091416606147,0.109093540214143,0.46425,0.130875,FALSE,0,24,"std","raw"
"MR-PCA","Int-Euclidean",0.933816602931804,0.103075525812619,0.934117731240727,0.108924982441343,0.464,0.12925,FALSE,0,24,"std","raw"
"MR-PCA","Hausdorff",0.93312253027406,0.104471637985978,0.933437609874883,0.11036874629059,0.4645,0.133625,FALSE,0,24,"std","raw"
"MR-PCA","Ichino-Yaguchi",0.933714786488209,0.103343212237094,0.93403889385325,0.109182853726538,0.463875,0.130125,FALSE,0,24,"std","raw"
"MR-PCA","Wasserstein",0.933816523263225,0.103140376035691,0.934111656508491,0.109045231730766,0.464,0.129875,FALSE,0,24,"std","raw"
"MR-PCA","Centers-Euclidean",0.933778840025494,0.103222115997451,0.934105730621802,0.109058624418074,0.46425,0.131125,FALSE,0,24,"std","raw"
"SPCA","Int-Euclidean",0.933600780752071,0.103852294455067,0.933887108499959,0.109676957822205,0.462875,0.13125,FALSE,0,24,"std","raw"
"SPCA","Hausdorff",0.933325605481198,0.103999521988528,0.933796399294003,0.109603776565518,0.46625,0.133375,FALSE,0,24,"std","raw"
"SPCA","Ichino-Yaguchi",0.933693753983429,0.103384321223709,0.934120282832982,0.109017569702792,0.463875,0.130375,FALSE,0,24,"std","raw"
"SPCA","Wasserstein",0.933788957934991,0.103197100063735,0.934076239584863,0.109108965773372,0.46425,0.1305,FALSE,0,24,"std","raw"
"SPCA","Centers-Euclidean",0.933778840025494,0.103222115997451,0.934105730621802,0.109058624418074,0.46425,0.131125,FALSE,0,24,"std","raw"
"IMDS","Int-Euclidean",0.543329349904398,-0.0192590822179732,0.544206012856843,-0.0157512030046841,0.03275,-0.001125,TRUE,0,24,"std","raw"
"IMDS","Hausdorff",0.567495857233907,0.0525404716379859,0.573108766239305,0.0577051046857602,0.044125,0.001125,TRUE,0,24,"std","raw"
"IMDS","Ichino-Yaguchi",0.566599745060548,0.0529674952198853,0.571384448258985,0.0592632721181497,0.0435,0.000875000000000001,TRUE,0,24,"std","raw"
"IMDS","Wasserstein",0.56038368387508,0.0390188017845762,0.565659079872653,0.0435616289230185,0.04425,0.002,TRUE,0,24,"std","raw"
"IMDS","Centers-Euclidean",0.554115678776291,0.0206144040790313,0.559493449601751,0.0207662474937225,0.042875,-0.001125,TRUE,0,24,"std","raw"
"Int-UMAP","Int-Euclidean",0.87377350223072,0.0162697578075207,0.915838362414938,0.0112017173193608,0.516125,-0.00512499999999999,FALSE,0,24,"std","raw"
"Int-UMAP","Hausdorff",0.872773342893563,0.0183812938177184,0.91622752965353,0.0108552741905574,0.510375,-0.00750000000000001,FALSE,0,24,"std","raw"
"Int-UMAP","Ichino-Yaguchi",0.873923119821542,0.0162143084767368,0.917501900659544,0.00834564827652209,0.51725,-0.00900000000000001,FALSE,0,24,"std","raw"
"Int-UMAP","Wasserstein",0.873349426386233,0.0170513065646909,0.916554300540228,0.00996384140758584,0.515125,-0.00587500000000002,FALSE,0,24,"std","raw"
"Int-UMAP","Centers-Euclidean",0.873484623964308,0.0168338113448057,0.916216063535127,0.0107196313287719,0.515375,-0.004,FALSE,0,24,"std","raw"
"C-PCA","Int-Euclidean",0.928769996813257,0.125425270873168,0.927872741556704,0.129480628199859,0.49075,0.212375,FALSE,0,24,"std","std"
"C-PCA","Hausdorff",0.92824689292543,0.126532026768642,0.927489743198356,0.130188293668767,0.494375,0.213125,FALSE,0,24,"std","std"
"C-PCA","Ichino-Yaguchi",0.928966539196941,0.125202039515615,0.92818921875024,0.128989362405385,0.494875,0.21775,FALSE,0,24,"std","std"
"C-PCA","Wasserstein",0.929041905672403,0.125050669216061,0.928119768761405,0.129118983633131,0.495,0.217,FALSE,0,24,"std","std"
"C-PCA","Centers-Euclidean",0.929065168897387,0.125007010834927,0.928166321165871,0.129031303796577,0.49525,0.2175,FALSE,0,24,"std","std"
"V-PCA","Int-Euclidean",0.928740997450605,0.125496972594009,0.927882162221687,0.129468720769336,0.490625,0.21275,FALSE,0,24,"std","std"
"V-PCA","Hausdorff",0.928298518164436,0.126433237731039,0.92754524414167,0.130080568943125,0.494375,0.21275,FALSE,0,24,"std","std"
"V-PCA","Ichino-Yaguchi",0.929012906309751,0.125115678776291,0.928252888286,0.128872074459964,0.495375,0.21825,FALSE,0,24,"std","std"
"V-PCA","Wasserstein",0.928986057998725,0.125166188655194,0.92814535953322,0.129077667691782,0.495125,0.216625,FALSE,0,24,"std","std"
"V-PCA","Centers-Euclidean",0.9289839069471,0.125173677501593,0.928189038664188,0.128994004979033,0.49525,0.217375,FALSE,0,24,"std","std"
"MR-PCA","Int-Euclidean",0.929234145952836,0.124759241555131,0.928351433421003,0.128777336188438,0.497125,0.21825,FALSE,0,24,"std","std"
"MR-PCA","Hausdorff",0.928006453154876,0.126954907584449,0.927220431704119,0.13067013144128,0.493125,0.210375,FALSE,0,24,"std","std"
"MR-PCA","Ichino-Yaguchi",0.928995299553856,0.125145793499044,0.928100569924909,0.129170680165294,0.495125,0.217875,FALSE,0,24,"std","std"
"MR-PCA","Wasserstein",0.929067558954748,0.12500063734863,0.928153667695023,0.129060972467242,0.49525,0.21675,FALSE,0,24,"std","std"
"MR-PCA","Centers-Euclidean",0.929065168897387,0.125007010834927,0.928166321165871,0.129031303796577,0.49525,0.2175,FALSE,0,24,"std","std"
"SPCA","Int-Euclidean",0.928769996813257,0.125425270873168,0.927872741556704,0.129480628199859,0.49075,0.212375,FALSE,0,24,"std","std"
"SPCA","Hausdorff",0.92824689292543,0.126532026768642,0.927489743198356,0.130188293668767,0.494375,0.213125,FALSE,0,24,"std","std"
"SPCA","Ichino-Yaguchi",0.928966539196941,0.125202039515615,0.92818921875024,0.128989362405385,0.494875,0.21775,FALSE,0,24,"std","std"
"SPCA","Wasserstein",0.929041905672403,0.125050669216061,0.928119768761405,0.129118983633131,0.495,0.217,FALSE,0,24,"std","std"
"SPCA","Centers-Euclidean",0.929065168897387,0.125007010834927,0.928166321165871,0.129031303796577,0.49525,0.2175,FALSE,0,24,"std","std"
"IMDS","Int-Euclidean",0.584032664117272,-0.0690742511153601,0.584811860827793,-0.0774714112059116,0.037375,-0.00275,TRUE,0,24,"std","std"
"IMDS","Hausdorff",0.621994263862333,-0.016078712555768,0.630850314627073,-0.0291707002103968,0.050375,0.002875,TRUE,0,24,"std","std"
"IMDS","Ichino-Yaguchi",0.625688177182919,-0.0145618228170808,0.632150260731337,-0.0289871990270534,0.0485,0.001125,TRUE,0,24,"std","std"
"IMDS","Wasserstein",0.617123565965583,-0.0315517845761631,0.624930987271616,-0.0445932349741486,0.05,0.0015,TRUE,0,24,"std","std"
"IMDS","Centers-Euclidean",0.609579907584449,-0.0487812300828552,0.615382066900828,-0.0608905458938162,0.049125,-0.004625,TRUE,0,24,"std","std"
"Int-UMAP","Int-Euclidean",0.888743148502231,0.0240025493945188,0.927826373503207,0.0199663796719802,0.539875,-0.024875,FALSE,0,24,"std","std"
"Int-UMAP","Hausdorff",0.887228011472275,0.0251685787125557,0.92708953302759,0.0190079111621536,0.52975,-0.03325,FALSE,0,24,"std","std"
"Int-UMAP","Ichino-Yaguchi",0.888403919694073,0.0234101338432122,0.928405840413519,0.0174575860561833,0.53875,-0.035,FALSE,0,24,"std","std"
"Int-UMAP","Wasserstein",0.888050908221797,0.0237770873167622,0.927724882377899,0.0185046741766709,0.53675,-0.0335,FALSE,0,24,"std","std"
"Int-UMAP","Centers-Euclidean",0.888209528362014,0.023774378585086,0.927409017946082,0.0192963578390254,0.53725,-0.03175,FALSE,0,24,"std","std"
"C-PCA","Int-Euclidean",0.966614324410453,0.0504440726577439,0.965034706495347,0.0550685774937685,0.462125,0.2065,FALSE,0,25,"raw","raw"
"C-PCA","Hausdorff",0.966635914595284,0.0504859783301466,0.965094312099855,0.0550153206423099,0.462625,0.211375,FALSE,0,25,"raw","raw"
"C-PCA","Ichino-Yaguchi",0.966582855321861,0.0506112173358828,0.965026467958288,0.0551949213472834,0.46425,0.213375,FALSE,0,25,"raw","raw"
"C-PCA","Wasserstein",0.966577517527087,0.050622211599745,0.965006045091074,0.0552304094949982,0.464125,0.212875,FALSE,0,25,"raw","raw"
"C-PCA","Centers-Euclidean",0.96658851179095,0.050598948374761,0.965030858368813,0.0551899294770651,0.46425,0.213,FALSE,0,25,"raw","raw"
"V-PCA","Int-Euclidean",0.966582058636074,0.0504984066284258,0.964934590272137,0.0552637227491099,0.4615,0.206125,FALSE,0,25,"raw","raw"
"V-PCA","Hausdorff",0.966588352453792,0.0505801465901848,0.965091284329797,0.0550218751775271,0.462625,0.211125,FALSE,0,25,"raw","raw"
"V-PCA","Ichino-Yaguchi",0.966584608030593,0.0506099426386233,0.964995012821189,0.0552583510881761,0.464125,0.212875,FALSE,0,25,"raw","raw"
"V-PCA","Wasserstein",0.966588910133843,0.0506013384321223,0.964949737439014,0.0553449504084168,0.464125,0.212875,FALSE,0,25,"raw","raw"
"V-PCA","Centers-Euclidean",0.966584448693435,0.0506093052899936,0.964977841205599,0.0552984101589602,0.464125,0.212375,FALSE,0,25,"raw","raw"
"MR-PCA","Int-Euclidean",0.968648103887827,0.0464676545570427,0.967947993749681,0.049300144870646,0.455875,0.20975,FALSE,0,25,"raw","raw"
"MR-PCA","Hausdorff",0.96886759082218,0.0458569152326322,0.967889495210585,0.0492570707179269,0.45875,0.20425,FALSE,0,25,"raw","raw"
"MR-PCA","Ichino-Yaguchi",0.968727055449331,0.0462817080943276,0.96799898859664,0.0491572550646297,0.456,0.20825,FALSE,0,25,"raw","raw"
"MR-PCA","Wasserstein",0.968793260038241,0.0461601338432123,0.96802169735188,0.0491774003924746,0.456375,0.20625,FALSE,0,25,"raw","raw"
"MR-PCA","Centers-Euclidean",0.96880321861058,0.0461395793499043,0.968112175186176,0.0490114546671054,0.456375,0.207875,FALSE,0,25,"raw","raw"
"SPCA","Int-Euclidean",0.968529318036966,0.0466462715105163,0.967459409414135,0.0502115715769661,0.457,0.209125,FALSE,0,25,"raw","raw"
"SPCA","Hausdorff",0.968668897386871,0.0464276609305291,0.967510032573718,0.0501732596287715,0.458375,0.21,FALSE,0,25,"raw","raw"
"SPCA","Ichino-Yaguchi",0.968538479923518,0.0467168578712556,0.967445897202574,0.0503474464501489,0.458375,0.212375,FALSE,0,25,"raw","raw"
"SPCA","Wasserstein",0.968527565328235,0.0467326322498406,0.967450164143799,0.0503413943219646,0.458125,0.211625,FALSE,0,25,"raw","raw"
"SPCA","Centers-Euclidean",0.968534496494583,0.0467251434034417,0.967471323028786,0.0503002417268745,0.45825,0.2115,FALSE,0,25,"raw","raw"
"IMDS","Int-Euclidean",0.538770713830465,-0.00749776927979595,0.541245028281507,-0.00466151435033146,0.039875,0.00175,TRUE,0,25,"raw","raw"
"IMDS","Hausdorff",0.573683556405354,0.0556771829190568,0.582118778618648,0.065419834006081,0.053125,0.001875,TRUE,0,25,"raw","raw"
"IMDS","Ichino-Yaguchi",0.579556007010835,0.0631652326322498,0.58907827416275,0.0694516512984705,0.052375,-0.001875,TRUE,0,25,"raw","raw"
"IMDS","Wasserstein",0.570403282345443,0.0428142128744423,0.578660271511338,0.0491256970364467,0.052,0.00025,TRUE,0,25,"raw","raw"
"IMDS","Centers-Euclidean",0.559653919694073,0.0206223709369024,0.568949551979168,0.0240373591234473,0.05025,0.000125,TRUE,0,25,"raw","raw"
"Int-UMAP","Int-Euclidean",0.905168658381134,0.00983827278521354,0.941805501710999,0.00321865636911376,0.54775,-0.021625,FALSE,0,25,"raw","raw"
"Int-UMAP","Hausdorff",0.90416276290631,0.010826481835564,0.941136026213705,0.00433054923921587,0.543375,-0.02575,FALSE,0,25,"raw","raw"
"Int-UMAP","Ichino-Yaguchi",0.905144439133206,0.0102962077756532,0.942116763019635,0.00266414166615914,0.549,-0.027375,FALSE,0,25,"raw","raw"
"Int-UMAP","Wasserstein",0.905062699171447,0.0104064690885914,0.941880518160777,0.00320481543919843,0.5485,-0.024875,FALSE,0,25,"raw","raw"
"Int-UMAP","Centers-Euclidean",0.905088671128107,0.0104039196940726,0.941868181253274,0.00323349273028112,0.54925,-0.02275,FALSE,0,25,"raw","raw"
"C-PCA","Int-Euclidean",0.951936344805609,0.0683028999362651,0.952609406061912,0.0740511478081491,0.4885,0.161875,FALSE,0,25,"std","raw"
"C-PCA","Hausdorff",0.951219646271511,0.0690234225621414,0.952170194732625,0.0744675573004177,0.49,0.151625,FALSE,0,25,"std","raw"
"C-PCA","Ichino-Yaguchi",0.951592734225621,0.068687380497132,0.952780672589099,0.073420994830752,0.49025,0.16125,FALSE,0,25,"std","raw"
"C-PCA","Wasserstein",0.951609384958572,0.0686633205863608,0.952823181960397,0.0733647885770553,0.49025,0.15925,FALSE,0,25,"std","raw"
"C-PCA","Centers-Euclidean",0.951593690248566,0.0686822817080943,0.95279563881694,0.0734285590846877,0.489875,0.160375,FALSE,0,25,"std","raw"
"V-PCA","Int-Euclidean",0.951902724665392,0.068365041427661,0.952691815316028,0.0738801119062619,0.48875,0.161875,FALSE,0,25,"std","raw"
"V-PCA","Hausdorff",0.95108540471638,0.0692899936265138,0.952017125746424,0.0747657041008526,0.489875,0.151875,FALSE,0,25,"std","raw"
"V-PCA","Ichino-Yaguchi",0.951570267686424,0.0687345442957298,0.952794853752639,0.0733981504512025,0.4905,0.160875,FALSE,0,25,"std","raw"
"V-PCA","Wasserstein",0.951612332695985,0.0686612492033142,0.952848323849868,0.0733210723413242,0.490625,0.15975,FALSE,0,25,"std","raw"
"V-PCA","Centers-Euclidean",0.951543738049713,0.068784098151689,0.952798115986421,0.073426006319581,0.490125,0.16025,FALSE,0,25,"std","raw"
"MR-PCA","Int-Euclidean",0.951700446144041,0.0682265774378585,0.952671357369885,0.0735148948331574,0.48975,0.159875,FALSE,0,25,"std","raw"
"MR-PCA","Hausdorff",0.95097402804334,0.0695608667941364,0.952147216434732,0.0744781922934344,0.487625,0.15,FALSE,0,25,"std","raw"
"MR-PCA","Ichino-Yaguchi",0.951555449330784,0.0687648183556405,0.952815845559566,0.0733483189665394,0.490375,0.161,FALSE,0,25,"std","raw"
"MR-PCA","Wasserstein",0.95165901848311,0.0685732950924155,0.952833564577046,0.0733378784536645,0.490875,0.160625,FALSE,0,25,"std","raw"
"MR-PCA","Centers-Euclidean",0.951593690248566,0.0686822817080943,0.95279563881694,0.0734285590846877,0.489875,0.160375,FALSE,0,25,"std","raw"
"SPCA","Int-Euclidean",0.951936344805609,0.0683028999362651,0.952609406061912,0.0740511478081491,0.4885,0.161875,FALSE,0,25,"std","raw"
"SPCA","Hausdorff",0.951219646271511,0.0690234225621414,0.952170194732625,0.0744675573004177,0.49,0.151625,FALSE,0,25,"std","raw"
"SPCA","Ichino-Yaguchi",0.951592734225621,0.068687380497132,0.952780672589099,0.073420994830752,0.49025,0.16125,FALSE,0,25,"std","raw"
"SPCA","Wasserstein",0.951609384958572,0.0686633205863608,0.952823181960397,0.0733647885770553,0.49025,0.15925,FALSE,0,25,"std","raw"
"SPCA","Centers-Euclidean",0.951593690248566,0.0686822817080943,0.95279563881694,0.0734285590846877,0.489875,0.160375,FALSE,0,25,"std","raw"
"IMDS","Int-Euclidean",0.540998804971319,-0.0126314531548757,0.544142989135896,-0.00787003386854607,0.038875,0.0015,TRUE,0,25,"std","raw"
"IMDS","Hausdorff",0.571881453154876,0.0527498406628426,0.580052418475716,0.0591205277457483,0.0505,0.001125,TRUE,0,25,"std","raw"
"IMDS","Ichino-Yaguchi",0.577269120458891,0.0583030592734225,0.586366840555797,0.0653308473994508,0.051,-0.0015,TRUE,0,25,"std","raw"
"IMDS","Wasserstein",0.568540710643722,0.0387907903123008,0.576523492390794,0.046190115683271,0.049125,0.000375,TRUE,0,25,"std","raw"
"IMDS","Centers-Euclidean",0.557608110261313,0.0163695028680688,0.567766173369493,0.020323299778685,0.046125,0.002125,TRUE,0,25,"std","raw"
"Int-UMAP","Int-Euclidean",0.904609703632887,0.0184660611854685,0.941986323781117,0.0118013544006506,0.524625,-0.00212499999999999,FALSE,0,25,"std","raw"
"Int-UMAP","Hausdorff",0.903981596558317,0.0175081261950286,0.942155754155606,0.0109336607764773,0.524625,-0.00975000000000001,FALSE,0,25,"std","raw"
"Int-UMAP","Ichino-Yaguchi",0.905253027405991,0.0174365838113447,0.943038363788241,0.0100122810371114,0.529875,-0.011125,FALSE,0,25,"std","raw"
"Int-UMAP","Wasserstein",0.904511950286807,0.0188648820905035,0.94244361472648,0.0111833726387936,0.525625,-0.00975000000000001,FALSE,0,25,"std","raw"
"Int-UMAP","Centers-Euclidean",0.904518164435946,0.0188483110261313,0.942396433886732,0.0112518270897531,0.52675,-0.00675000000000001,FALSE,0,25,"std","raw"
"C-PCA","Int-Euclidean",0.928876593371574,0.124881293817718,0.928973000164114,0.12724433175685,0.469625,0.20875,FALSE,0,25,"std","std"
"C-PCA","Hausdorff",0.928066921606119,0.126550669216061,0.928434650236848,0.128324330523436,0.474,0.215625,FALSE,0,25,"std","std"
"C-PCA","Ichino-Yaguchi",0.928637746972594,0.125580146590185,0.92945424372729,0.12642357373979,0.4735,0.21625,FALSE,0,25,"std","std"
"C-PCA","Wasserstein",0.928640694710006,0.125571064372212,0.92951166388253,0.126340380807471,0.473125,0.215625,FALSE,0,25,"std","std"
"C-PCA","Centers-Euclidean",0.928622370936902,0.125607711918419,0.92946262311318,0.126441312589126,0.473125,0.215,FALSE,0,25,"std","std"
"V-PCA","Int-Euclidean",0.928882807520714,0.124869502868069,0.929162118134403,0.126863688271534,0.469625,0.20825,FALSE,0,25,"std","std"
"V-PCA","Hausdorff",0.927947259400892,0.12678776290631,0.928254964660058,0.128672417990368,0.47375,0.21525,FALSE,0,25,"std","std"
"V-PCA","Ichino-Yaguchi",0.928667782026769,0.125527405991077,0.929525541810586,0.126287747273397,0.47375,0.215625,FALSE,0,25,"std","std"
"V-PCA","Wasserstein",0.928720681963034,0.12541586998088,0.929597992274021,0.126172543805372,0.47375,0.215375,FALSE,0,25,"std","std"
"V-PCA","Centers-Euclidean",0.928609384958572,0.125640694710006,0.929514368158756,0.126343528101783,0.473375,0.214875,FALSE,0,25,"std","std"
"MR-PCA","Int-Euclidean",0.928998565965583,0.125083811344806,0.929464873175917,0.126671850244832,0.476625,0.222375,FALSE,0,25,"std","std"
"MR-PCA","Hausdorff",0.927585086042065,0.127307202039516,0.928382803792909,0.128205725785388,0.4695,0.21025,FALSE,0,25,"std","std"
"MR-PCA","Ichino-Yaguchi",0.928583413001912,0.125694550669216,0.929520481914968,0.126282628521946,0.47375,0.2155,FALSE,0,25,"std","std"
"MR-PCA","Wasserstein",0.928676625239006,0.125499521988528,0.929514926329557,0.126330502410445,0.473625,0.216,FALSE,0,25,"std","std"
"MR-PCA","Centers-Euclidean",0.928622370936902,0.125607711918419,0.92946262311318,0.126441312589126,0.473125,0.215,FALSE,0,25,"std","std"
"SPCA","Int-Euclidean",0.928876593371574,0.124881293817718,0.928973000164114,0.12724433175685,0.469625,0.20875,FALSE,0,25,"std","std"
"SPCA","Hausdorff",0.928066921606119,0.126550669216061,0.928434650236848,0.128324330523436,0.474,0.215625,FALSE,0,25,"std","std"
"SPCA","Ichino-Yaguchi",0.928637746972594,0.125580146590185,0.92945424372729,0.12642357373979,0.4735,0.21625,FALSE,0,25,"std","std"
"SPCA","Wasserstein",0.928640694710006,0.125571064372212,0.92951166388253,0.126340380807471,0.473125,0.215625,FALSE,0,25,"std","std"
"SPCA","Centers-Euclidean",0.928622370936902,0.125607711918419,0.92946262311318,0.126441312589126,0.473125,0.215,FALSE,0,25,"std","std"
"IMDS","Int-Euclidean",0.585303377947737,-0.0833260038240917,0.594063571933172,-0.0926980592587816,0.03875,0.000624999999999997,TRUE,0,25,"std","std"
"IMDS","Hausdorff",0.629408699808795,-0.0296440407903124,0.641444506264393,-0.0441321812005601,0.05875,-0.004,TRUE,0,25,"std","std"
"IMDS","Ichino-Yaguchi",0.636647386870618,-0.0248655194391332,0.648949905540654,-0.0376447392865752,0.0575,-0.002125,TRUE,0,25,"std","std"
"IMDS","Wasserstein",0.627435309114085,-0.0451755895474824,0.639389185854947,-0.0584706384458921,0.057,-0.003875,TRUE,0,25,"std","std"
"IMDS","Centers-Euclidean",0.621459209687699,-0.0795334608030593,0.634192654502104,-0.0953546537306665,0.051625,-0.004875,TRUE,0,25,"std","std"
"Int-UMAP","Int-Euclidean",0.912696542383684,0.0322178138942001,0.9471093776789,0.0238009493189868,0.57975,-0.02525,FALSE,0,25,"std","std"
"Int-UMAP","Hausdorff",0.912323693435309,0.0330689929891651,0.946878507892908,0.0228428789390119,0.572,-0.034125,FALSE,0,25,"std","std"
"Int-UMAP","Ichino-Yaguchi",0.913350940089229,0.0315963989802421,0.948086663421919,0.0217286209600802,0.58125,-0.0375,FALSE,0,25,"std","std"
"Int-UMAP","Wasserstein",0.912789435946463,0.0326314531548758,0.947408755120671,0.0230805880499459,0.57775,-0.035,FALSE,0,25,"std","std"
"Int-UMAP","Centers-Euclidean",0.912728887826641,0.0327891969407266,0.94734580262381,0.023193949927505,0.578625,-0.03275,FALSE,0,25,"std","std"
