"IDR","Metric","Q_TC","B_TC","Q_RE","B_RE","Q_LC","B_LC","rep","kind"
"C-PCA","Int-Euclidean",0.001,0.001,0.001,0.001,0.001,0.001,1,"raw"
"C-PCA","Hausdorff",0.001,0.001,0.001,0.001,0.001,0.001,1,"raw"
"C-PCA","Ichino-Yaguchi",0.001,0.001,0.001,0.001,0.001,0.001,1,"raw"
"C-PCA","Wasserstein",0.001,0.001,0.001,0.001,0.001,0.001,1,"raw"
"C-PCA","Centers-Euclidean",0.001,0.001,0.001,0.001,0.001,0.001,1,"raw"
"V-PCA","Int-Euclidean",0.001,0.002,0.001,0.001,0.001,0.001,1,"raw"
"V-PCA","Hausdorff",0.001,0.001,0.001,0.001,0.001,0.001,1,"raw"
"V-PCA","Ichino-Yaguchi",0.001,0.001,0.001,0.001,0.001,0.001,1,"raw"
"V-PCA","Wasserstein",0.001,0.001,0.001,0.001,0.001,0.001,1,"raw"
"V-PCA","Centers-Euclidean",0.001,0.001,0.001,0.001,0.001,0.001,1,"raw"
"MR-PCA","Int-Euclidean",0.001,0.001,0.001,0.001,0.001,0.001,1,"raw"
"MR-PCA","Hausdorff",0.001,0.001,0.001,0.001,0.001,0.001,1,"raw"
"MR-PCA","Ichino-Yaguchi",0.001,0.001,0.001,0.001,0.001,0.001,1,"raw"
"MR-PCA","Wasserstein",0.001,0.001,0.001,0.001,0.001,0.001,1,"raw"
"MR-PCA","Centers-Euclidean",0.001,0.001,0.001,0.001,0.001,0.001,1,"raw"
"SPCA","Int-Euclidean",0.001,0.001,0.001,0.001,0.001,0.001,1,"raw"
"SPCA","Hausdorff",0.001,0.001,0.001,0.001,0.001,0.001,1,"raw"
"SPCA","Ichino-Yaguchi",0.001,0.001,0.001,0.001,0.001,0.001,1,"raw"
"SPCA","Wasserstein",0.001,0.001,0.001,0.001,0.001,0.001,1,"raw"
"SPCA","Centers-Euclidean",0.001,0.001,0.001,0.001,0.001,0.001,1,"raw"
"IMDS","Int-Euclidean",0.01,0.003,0.001,0.001,0.001,0.717,1,"raw"
"IMDS","Hausdorff",0.001,0.003,0.001,0.002,0.001,0.247,1,"raw"
"IMDS","Ichino-Yaguchi",0.001,0.001,0.001,0.001,0.005,0.307,1,"raw"
"IMDS","Wasserstein",0.001,0.001,0.001,0.001,0.002,0.192,1,"raw"
"IMDS","Centers-Euclidean",0.001,0.001,0.001,0.001,0.001,0.02,1,"raw"
"Int-UMAP","Int-Euclidean",0.001,0.001,0.001,0.001,0.001,0.001,1,"raw"
"Int-UMAP","Hausdorff",0.001,0.001,0.001,0.005,0.001,0.023,1,"raw"
"Int-UMAP","Ichino-Yaguchi",0.001,0.003,0.001,0.006,0.001,0.001,1,"raw"
"Int-UMAP","Wasserstein",0.001,0.001,0.001,0.005,0.001,0.18,1,"raw"
"Int-UMAP","Centers-Euclidean",0.001,0.001,0.001,0.001,0.001,0.001,1,"raw"
"C-PCA","Int-Euclidean",0.001,0.001,0.001,0.001,0.001,0.001,1,"minP"
"C-PCA","Hausdorff",0.001,0.001,0.001,0.001,0.001,0.001,1,"minP"
"C-PCA","Ichino-Yaguchi",0.001,0.001,0.001,0.001,0.001,0.001,1,"minP"
"C-PCA","Wasserstein",0.001,0.001,0.001,0.001,0.001,0.001,1,"minP"
"C-PCA","Centers-Euclidean",0.001,0.001,0.001,0.001,0.001,0.001,1,"minP"
"V-PCA","Int-Euclidean",0.002,0.007,0.001,0.001,0.001,0.001,1,"minP"
"V-PCA","Hausdorff",0.002,0.002,0.001,0.001,0.001,0.001,1,"minP"
"V-PCA","Ichino-Yaguchi",0.002,0.002,0.001,0.001,0.001,0.001,1,"minP"
"V-PCA","Wasserstein",0.002,0.002,0.001,0.001,0.001,0.001,1,"minP"
"V-PCA","Centers-Euclidean",0.002,0.002,0.001,0.001,0.001,0.001,1,"minP"
"MR-PCA","Int-Euclidean",0.001,0.001,0.001,0.001,0.001,0.001,1,"minP"
"MR-PCA","Hausdorff",0.001,0.001,0.001,0.001,0.001,0.001,1,"minP"
"MR-PCA","Ichino-Yaguchi",0.001,0.001,0.001,0.001,0.001,0.001,1,"minP"
"MR-PCA","Wasserstein",0.001,0.001,0.001,0.001,0.001,0.001,1,"minP"
"MR-PCA","Centers-Euclidean",0.001,0.001,0.001,0.001,0.001,0.001,1,"minP"
"SPCA","Int-Euclidean",0.001,0.001,0.001,0.001,0.001,0.001,1,"minP"
"SPCA","Hausdorff",0.001,0.001,0.001,0.001,0.001,0.001,1,"minP"
"SPCA","Ichino-Yaguchi",0.001,0.001,0.001,0.001,0.001,0.001,1,"minP"
"SPCA","Wasserstein",0.001,0.001,0.001,0.001,0.001,0.001,1,"minP"
"SPCA","Centers-Euclidean",0.001,0.001,0.001,0.001,0.001,0.001,1,"minP"
"IMDS","Int-Euclidean",0.06,0.017,0.002,0.002,0.006,0.999,1,"minP"
"IMDS","Hausdorff",0.004,0.017,0.002,0.01,0.006,0.829,1,"minP"
"IMDS","Ichino-Yaguchi",0.004,0.004,0.002,0.002,0.033,0.905,1,"minP"
"IMDS","Wasserstein",0.004,0.004,0.002,0.002,0.012,0.739,1,"minP"
"IMDS","Centers-Euclidean",0.004,0.004,0.002,0.002,0.006,0.129,1,"minP"
"Int-UMAP","Int-Euclidean",0.002,0.002,0.003,0.003,0.003,0.003,1,"minP"
"Int-UMAP","Hausdorff",0.002,0.002,0.003,0.026,0.003,0.138,1,"minP"
"Int-UMAP","Ichino-Yaguchi",0.002,0.012,0.003,0.032,0.003,0.003,1,"minP"
"Int-UMAP","Wasserstein",0.002,0.002,0.003,0.026,0.003,0.651,1,"minP"
"Int-UMAP","Centers-Euclidean",0.002,0.002,0.003,0.003,0.003,0.003,1,"minP"
"C-PCA","Int-Euclidean",0.001,0.019,0.001,0.006,0.001,0.001,2,"raw"
"C-PCA","Hausdorff",0.001,0.001,0.001,0.001,0.001,0.001,2,"raw"
"C-PCA","Ichino-Yaguchi",0.001,0.001,0.001,0.001,0.001,0.001,2,"raw"
"C-PCA","Wasserstein",0.001,0.001,0.001,0.001,0.001,0.001,2,"raw"
"C-PCA","Centers-Euclidean",0.001,0.001,0.001,0.001,0.001,0.001,2,"raw"
"V-PCA","Int-Euclidean",0.001,0.016,0.001,0.005,0.001,0.001,2,"raw"
"V-PCA","Hausdorff",0.001,0.001,0.001,0.001,0.001,0.001,2,"raw"
"V-PCA","Ichino-Yaguchi",0.001,0.001,0.001,0.001,0.001,0.001,2,"raw"
"V-PCA","Wasserstein",0.001,0.001,0.001,0.001,0.001,0.001,2,"raw"
"V-PCA","Centers-Euclidean",0.001,0.001,0.001,0.001,0.001,0.001,2,"raw"
"MR-PCA","Int-Euclidean",0.001,0.001,0.001,0.001,0.001,0.001,2,"raw"
"MR-PCA","Hausdorff",0.001,0.001,0.001,0.001,0.001,0.001,2,"raw"
"MR-PCA","Ichino-Yaguchi",0.001,0.001,0.001,0.001,0.001,0.001,2,"raw"
"MR-PCA","Wasserstein",0.001,0.001,0.001,0.001,0.001,0.001,2,"raw"
"MR-PCA","Centers-Euclidean",0.001,0.001,0.001,0.001,0.001,0.001,2,"raw"
"SPCA","Int-Euclidean",0.001,0.025,0.001,0.01,0.001,0.001,2,"raw"
"SPCA","Hausdorff",0.001,0.001,0.001,0.001,0.001,0.001,2,"raw"
"SPCA","Ichino-Yaguchi",0.001,0.001,0.001,0.001,0.001,0.001,2,"raw"
"SPCA","Wasserstein",0.001,0.001,0.001,0.001,0.001,0.001,2,"raw"
"SPCA","Centers-Euclidean",0.001,0.001,0.001,0.001,0.001,0.001,2,"raw"
"IMDS","Int-Euclidean",0.001,0.027,0.001,0.002,0.002,0.487,2,"raw"
"IMDS","Hausdorff",0.001,0.001,0.001,0.001,0.001,0.776,2,"raw"
"IMDS","Ichino-Yaguchi",0.001,0.001,0.001,0.001,0.001,0.143,2,"raw"
"IMDS","Wasserstein",0.001,0.001,0.001,0.001,0.001,0.895,2,"raw"
"IMDS","Centers-Euclidean",0.001,0.001,0.001,0.001,0.001,0.629,2,"raw"
"Int-UMAP","Int-Euclidean",0.001,0.001,0.001,0.001,0.001,0.001,2,"raw"
"Int-UMAP","Hausdorff",0.001,0.003,0.001,0.023,0.001,0.651,2,"raw"
"Int-UMAP","Ichino-Yaguchi",0.001,0.001,0.001,0.002,0.001,0.96,2,"raw"
"Int-UMAP","Wasserstein",0.001,0.002,0.001,0.004,0.001,0.893,2,"raw"
"Int-UMAP","Centers-Euclidean",0.001,0.001,0.001,0.001,0.001,0.001,2,"raw"
"C-PCA","Int-Euclidean",0.002,0.082,0.002,0.025,0.001,0.001,2,"minP"
"C-PCA","Hausdorff",0.002,0.002,0.002,0.002,0.001,0.001,2,"minP"
"C-PCA","Ichino-Yaguchi",0.002,0.002,0.002,0.002,0.001,0.001,2,"minP"
"C-PCA","Wasserstein",0.002,0.002,0.002,0.002,0.001,0.001,2,"minP"
"C-PCA","Centers-Euclidean",0.002,0.002,0.002,0.002,0.001,0.001,2,"minP"
"V-PCA","Int-Euclidean",0.002,0.081,0.002,0.025,0.001,0.001,2,"minP"
"V-PCA","Hausdorff",0.002,0.002,0.002,0.002,0.001,0.001,2,"minP"
"V-PCA","Ichino-Yaguchi",0.002,0.002,0.002,0.002,0.001,0.001,2,"minP"
"V-PCA","Wasserstein",0.002,0.002,0.002,0.002,0.001,0.001,2,"minP"
"V-PCA","Centers-Euclidean",0.002,0.002,0.002,0.002,0.001,0.001,2,"minP"
"MR-PCA","Int-Euclidean",0.001,0.001,0.001,0.001,0.001,0.001,2,"minP"
"MR-PCA","Hausdorff",0.001,0.001,0.001,0.001,0.001,0.001,2,"minP"
"MR-PCA","Ichino-Yaguchi",0.001,0.001,0.001,0.001,0.001,0.001,2,"minP"
"MR-PCA","Wasserstein",0.001,0.001,0.001,0.001,0.001,0.001,2,"minP"
"MR-PCA","Centers-Euclidean",0.001,0.001,0.001,0.001,0.001,0.001,2,"minP"
"SPCA","Int-Euclidean",0.002,0.126,0.002,0.054,0.001,0.001,2,"minP"
"SPCA","Hausdorff",0.002,0.002,0.002,0.002,0.001,0.001,2,"minP"
"SPCA","Ichino-Yaguchi",0.002,0.002,0.002,0.002,0.001,0.001,2,"minP"
"SPCA","Wasserstein",0.002,0.002,0.002,0.002,0.001,0.001,2,"minP"
"SPCA","Centers-Euclidean",0.002,0.002,0.002,0.002,0.001,0.001,2,"minP"
"IMDS","Int-Euclidean",0.002,0.14,0.002,0.009,0.014,0.983,2,"minP"
"IMDS","Hausdorff",0.002,0.002,0.002,0.002,0.005,1,2,"minP"
"IMDS","Ichino-Yaguchi",0.002,0.002,0.002,0.002,0.005,0.651,2,"minP"
"IMDS","Wasserstein",0.002,0.002,0.002,0.002,0.005,1,2,"minP"
"IMDS","Centers-Euclidean",0.002,0.002,0.002,0.002,0.005,0.997,2,"minP"
"Int-UMAP","Int-Euclidean",0.002,0.002,0.002,0.002,0.003,0.003,2,"minP"
"Int-UMAP","Hausdorff",0.002,0.012,0.002,0.112,0.003,0.997,2,"minP"
"Int-UMAP","Ichino-Yaguchi",0.002,0.002,0.002,0.009,0.003,1,2,"minP"
"Int-UMAP","Wasserstein",0.002,0.007,0.002,0.023,0.003,1,2,"minP"
"Int-UMAP","Centers-Euclidean",0.002,0.002,0.002,0.002,0.003,0.003,2,"minP"
"C-PCA","Int-Euclidean",0.001,0.09,0.001,0.074,0.001,0.001,3,"raw"
"C-PCA","Hausdorff",0.001,0.001,0.001,0.001,0.001,0.001,3,"raw"
"C-PCA","Ichino-Yaguchi",0.001,0.001,0.001,0.001,0.001,0.001,3,"raw"
"C-PCA","Wasserstein",0.001,0.001,0.001,0.001,0.001,0.001,3,"raw"
"C-PCA","Centers-Euclidean",0.001,0.001,0.001,0.001,0.001,0.001,3,"raw"
"V-PCA","Int-Euclidean",0.001,0.072,0.001,0.076,0.001,0.001,3,"raw"
"V-PCA","Hausdorff",0.001,0.001,0.001,0.001,0.001,0.001,3,"raw"
"V-PCA","Ichino-Yaguchi",0.001,0.001,0.001,0.001,0.001,0.001,3,"raw"
"V-PCA","Wasserstein",0.001,0.001,0.001,0.001,0.001,0.001,3,"raw"
"V-PCA","Centers-Euclidean",0.001,0.001,0.001,0.001,0.001,0.001,3,"raw"
"MR-PCA","Int-Euclidean",0.001,0.001,0.001,0.001,0.001,0.001,3,"raw"
"MR-PCA","Hausdorff",0.001,0.001,0.001,0.001,0.001,0.001,3,"raw"
"MR-PCA","Ichino-Yaguchi",0.001,0.001,0.001,0.001,0.001,0.001,3,"raw"
"MR-PCA","Wasserstein",0.001,0.001,0.001,0.001,0.001,0.001,3,"raw"
"MR-PCA","Centers-Euclidean",0.001,0.001,0.001,0.001,0.001,0.001,3,"raw"
"SPCA","Int-Euclidean",0.001,0.092,0.001,0.072,0.001,0.001,3,"raw"
"SPCA","Hausdorff",0.001,0.001,0.001,0.001,0.001,0.001,3,"raw"
"SPCA","Ichino-Yaguchi",0.001,0.001,0.001,0.001,0.001,0.001,3,"raw"
"SPCA","Wasserstein",0.001,0.001,0.001,0.001,0.001,0.001,3,"raw"
"SPCA","Centers-Euclidean",0.001,0.001,0.001,0.001,0.001,0.001,3,"raw"
"IMDS","Int-Euclidean",0.002,0.029,0.001,0.004,0.001,0.74,3,"raw"
"IMDS","Hausdorff",0.001,0.001,0.001,0.001,0.001,0.135,3,"raw"
"IMDS","Ichino-Yaguchi",0.001,0.001,0.001,0.001,0.001,0.349,3,"raw"
"IMDS","Wasserstein",0.001,0.001,0.001,0.001,0.001,0.123,3,"raw"
"IMDS","Centers-Euclidean",0.001,0.001,0.001,0.001,0.001,0.036,3,"raw"
"Int-UMAP","Int-Euclidean",0.001,0.001,0.001,0.001,0.001,0.001,3,"raw"
"Int-UMAP","Hausdorff",0.001,0.001,0.001,0.032,0.001,0.005,3,"raw"
"Int-UMAP","Ichino-Yaguchi",0.001,0.001,0.001,0.001,0.001,0.001,3,"raw"
"Int-UMAP","Wasserstein",0.001,0.001,0.001,0.001,0.001,0.001,3,"raw"
"Int-UMAP","Centers-Euclidean",0.001,0.001,0.001,0.001,0.001,0.007,3,"raw"
"C-PCA","Int-Euclidean",0.002,0.337,0.002,0.304,0.001,0.001,3,"minP"
"C-PCA","Hausdorff",0.002,0.002,0.002,0.002,0.001,0.001,3,"minP"
"C-PCA","Ichino-Yaguchi",0.002,0.002,0.002,0.002,0.001,0.001,3,"minP"
"C-PCA","Wasserstein",0.002,0.002,0.002,0.002,0.001,0.001,3,"minP"
"C-PCA","Centers-Euclidean",0.002,0.002,0.002,0.002,0.001,0.001,3,"minP"
"V-PCA","Int-Euclidean",0.002,0.299,0.002,0.308,0.001,0.001,3,"minP"
"V-PCA","Hausdorff",0.002,0.002,0.002,0.002,0.001,0.001,3,"minP"
"V-PCA","Ichino-Yaguchi",0.002,0.002,0.002,0.002,0.001,0.001,3,"minP"
"V-PCA","Wasserstein",0.002,0.002,0.002,0.002,0.001,0.001,3,"minP"
"V-PCA","Centers-Euclidean",0.002,0.002,0.002,0.002,0.001,0.001,3,"minP"
"MR-PCA","Int-Euclidean",0.001,0.001,0.001,0.001,0.001,0.001,3,"minP"
"MR-PCA","Hausdorff",0.001,0.001,0.001,0.001,0.001,0.001,3,"minP"
"MR-PCA","Ichino-Yaguchi",0.001,0.001,0.001,0.001,0.001,0.001,3,"minP"
"MR-PCA","Wasserstein",0.001,0.001,0.001,0.001,0.001,0.001,3,"minP"
"MR-PCA","Centers-Euclidean",0.001,0.001,0.001,0.001,0.001,0.001,3,"minP"
"SPCA","Int-Euclidean",0.002,0.364,0.002,0.305,0.001,0.001,3,"minP"
"SPCA","Hausdorff",0.002,0.002,0.002,0.002,0.001,0.001,3,"minP"
"SPCA","Ichino-Yaguchi",0.002,0.002,0.002,0.002,0.001,0.001,3,"minP"
"SPCA","Wasserstein",0.002,0.002,0.002,0.002,0.001,0.001,3,"minP"
"SPCA","Centers-Euclidean",0.002,0.002,0.002,0.002,0.001,0.001,3,"minP"
"IMDS","Int-Euclidean",0.007,0.148,0.002,0.022,0.006,0.999,3,"minP"
"IMDS","Hausdorff",0.003,0.003,0.002,0.002,0.006,0.607,3,"minP"
"IMDS","Ichino-Yaguchi",0.003,0.003,0.002,0.002,0.006,0.928,3,"minP"
"IMDS","Wasserstein",0.003,0.003,0.002,0.002,0.006,0.555,3,"minP"
"IMDS","Centers-Euclidean",0.003,0.003,0.002,0.002,0.006,0.23,3,"minP"
"Int-UMAP","Int-Euclidean",0.001,0.001,0.002,0.002,0.003,0.003,3,"minP"
"Int-UMAP","Hausdorff",0.001,0.001,0.002,0.148,0.003,0.027,3,"minP"
"Int-UMAP","Ichino-Yaguchi",0.001,0.001,0.002,0.002,0.003,0.003,3,"minP"
"Int-UMAP","Wasserstein",0.001,0.001,0.002,0.002,0.003,0.003,3,"minP"
"Int-UMAP","Centers-Euclidean",0.001,0.001,0.002,0.002,0.003,0.035,3,"minP"
"C-PCA","Int-Euclidean",0.001,0.053,0.001,0.104,0.001,0.001,4,"raw"
"C-PCA","Hausdorff",0.001,0.003,0.001,0.003,0.001,0.001,4,"raw"
"C-PCA","Ichino-Yaguchi",0.001,0.002,0.001,0.002,0.001,0.001,4,"raw"
"C-PCA","Wasserstein",0.001,0.002,0.001,0.003,0.001,0.001,4,"raw"
"C-PCA","Centers-Euclidean",0.001,0.001,0.001,0.002,0.001,0.001,4,"raw"
"V-PCA","Int-Euclidean",0.001,0.051,0.001,0.104,0.001,0.001,4,"raw"
"V-PCA","Hausdorff",0.001,0.002,0.001,0.002,0.001,0.001,4,"raw"
"V-PCA","Ichino-Yaguchi",0.001,0.002,0.001,0.002,0.001,0.001,4,"raw"
"V-PCA","Wasserstein",0.001,0.001,0.001,0.002,0.001,0.001,4,"raw"
"V-PCA","Centers-Euclidean",0.001,0.001,0.001,0.001,0.001,0.001,4,"raw"
"MR-PCA","Int-Euclidean",0.001,0.001,0.001,0.001,0.001,0.001,4,"raw"
"MR-PCA","Hausdorff",0.001,0.001,0.001,0.004,0.001,0.001,4,"raw"
"MR-PCA","Ichino-Yaguchi",0.001,0.001,0.001,0.001,0.001,0.001,4,"raw"
"MR-PCA","Wasserstein",0.001,0.001,0.001,0.001,0.001,0.001,4,"raw"
"MR-PCA","Centers-Euclidean",0.001,0.001,0.001,0.001,0.001,0.001,4,"raw"
"SPCA","Int-Euclidean",0.001,0.051,0.001,0.099,0.001,0.001,4,"raw"
"SPCA","Hausdorff",0.001,0.002,0.001,0.006,0.001,0.001,4,"raw"
"SPCA","Ichino-Yaguchi",0.001,0.001,0.001,0.003,0.001,0.001,4,"raw"
"SPCA","Wasserstein",0.001,0.001,0.001,0.002,0.001,0.001,4,"raw"
"SPCA","Centers-Euclidean",0.001,0.001,0.001,0.001,0.001,0.001,4,"raw"
"IMDS","Int-Euclidean",0.001,0.017,0.001,0.001,0.001,0.888,4,"raw"
"IMDS","Hausdorff",0.001,0.001,0.001,0.001,0.001,0.51,4,"raw"
"IMDS","Ichino-Yaguchi",0.001,0.001,0.001,0.001,0.001,0.402,4,"raw"
"IMDS","Wasserstein",0.001,0.001,0.001,0.001,0.001,0.396,4,"raw"
"IMDS","Centers-Euclidean",0.001,0.001,0.001,0.001,0.001,0.435,4,"raw"
"Int-UMAP","Int-Euclidean",0.001,0.001,0.001,0.001,0.001,0.001,4,"raw"
"Int-UMAP","Hausdorff",0.001,0.001,0.001,0.005,0.001,0.009,4,"raw"
"Int-UMAP","Ichino-Yaguchi",0.001,0.001,0.001,0.011,0.001,0.001,4,"raw"
"Int-UMAP","Wasserstein",0.001,0.001,0.001,0.013,0.001,0.001,4,"raw"
"Int-UMAP","Centers-Euclidean",0.001,0.001,0.001,0.001,0.001,0.001,4,"raw"
"C-PCA","Int-Euclidean",0.004,0.217,0.003,0.361,0.001,0.001,4,"minP"
"C-PCA","Hausdorff",0.004,0.014,0.003,0.016,0.001,0.001,4,"minP"
"C-PCA","Ichino-Yaguchi",0.004,0.009,0.003,0.009,0.001,0.001,4,"minP"
"C-PCA","Wasserstein",0.004,0.009,0.003,0.016,0.001,0.001,4,"minP"
"C-PCA","Centers-Euclidean",0.004,0.004,0.003,0.009,0.001,0.001,4,"minP"
"V-PCA","Int-Euclidean",0.003,0.204,0.003,0.385,0.001,0.001,4,"minP"
"V-PCA","Hausdorff",0.003,0.007,0.003,0.006,0.001,0.001,4,"minP"
"V-PCA","Ichino-Yaguchi",0.003,0.007,0.003,0.006,0.001,0.001,4,"minP"
"V-PCA","Wasserstein",0.003,0.003,0.003,0.006,0.001,0.001,4,"minP"
"V-PCA","Centers-Euclidean",0.003,0.003,0.003,0.003,0.001,0.001,4,"minP"
"MR-PCA","Int-Euclidean",0.001,0.001,0.002,0.002,0.001,0.001,4,"minP"
"MR-PCA","Hausdorff",0.001,0.001,0.002,0.016,0.001,0.001,4,"minP"
"MR-PCA","Ichino-Yaguchi",0.001,0.001,0.002,0.002,0.001,0.001,4,"minP"
"MR-PCA","Wasserstein",0.001,0.001,0.002,0.002,0.001,0.001,4,"minP"
"MR-PCA","Centers-Euclidean",0.001,0.001,0.002,0.002,0.001,0.001,4,"minP"
"SPCA","Int-Euclidean",0.003,0.196,0.003,0.348,0.001,0.001,4,"minP"
"SPCA","Hausdorff",0.003,0.007,0.003,0.024,0.001,0.001,4,"minP"
"SPCA","Ichino-Yaguchi",0.003,0.003,0.003,0.011,0.001,0.001,4,"minP"
"SPCA","Wasserstein",0.003,0.003,0.003,0.008,0.001,0.001,4,"minP"
"SPCA","Centers-Euclidean",0.003,0.003,0.003,0.003,0.001,0.001,4,"minP"
"IMDS","Int-Euclidean",0.002,0.099,0.001,0.001,0.006,1,4,"minP"
"IMDS","Hausdorff",0.002,0.002,0.001,0.001,0.006,0.986,4,"minP"
"IMDS","Ichino-Yaguchi",0.002,0.002,0.001,0.001,0.006,0.959,4,"minP"
"IMDS","Wasserstein",0.002,0.002,0.001,0.001,0.006,0.953,4,"minP"
"IMDS","Centers-Euclidean",0.002,0.002,0.001,0.001,0.006,0.969,4,"minP"
"Int-UMAP","Int-Euclidean",0.001,0.001,0.004,0.004,0.002,0.002,4,"minP"
"Int-UMAP","Hausdorff",0.001,0.001,0.004,0.03,0.002,0.053,4,"minP"
"Int-UMAP","Ichino-Yaguchi",0.001,0.001,0.004,0.059,0.002,0.002,4,"minP"
"Int-UMAP","Wasserstein",0.001,0.001,0.004,0.067,0.002,0.002,4,"minP"
"Int-UMAP","Centers-Euclidean",0.001,0.001,0.004,0.004,0.002,0.002,4,"minP"
"C-PCA","Int-Euclidean",0.001,0.024,0.001,0.007,0.001,0.001,5,"raw"
"C-PCA","Hausdorff",0.001,0.001,0.001,0.001,0.001,0.001,5,"raw"
"C-PCA","Ichino-Yaguchi",0.001,0.001,0.001,0.001,0.001,0.001,5,"raw"
"C-PCA","Wasserstein",0.001,0.001,0.001,0.001,0.001,0.001,5,"raw"
"C-PCA","Centers-Euclidean",0.001,0.001,0.001,0.001,0.001,0.001,5,"raw"
"V-PCA","Int-Euclidean",0.001,0.017,0.001,0.004,0.001,0.001,5,"raw"
"V-PCA","Hausdorff",0.001,0.001,0.001,0.001,0.001,0.001,5,"raw"
"V-PCA","Ichino-Yaguchi",0.001,0.001,0.001,0.001,0.001,0.001,5,"raw"
"V-PCA","Wasserstein",0.001,0.001,0.001,0.001,0.001,0.001,5,"raw"
"V-PCA","Centers-Euclidean",0.001,0.001,0.001,0.001,0.001,0.001,5,"raw"
"MR-PCA","Int-Euclidean",0.001,0.001,0.001,0.001,0.001,0.001,5,"raw"
"MR-PCA","Hausdorff",0.001,0.001,0.001,0.001,0.001,0.001,5,"raw"
"MR-PCA","Ichino-Yaguchi",0.001,0.001,0.001,0.001,0.001,0.001,5,"raw"
"MR-PCA","Wasserstein",0.001,0.001,0.001,0.001,0.001,0.001,5,"raw"
"MR-PCA","Centers-Euclidean",0.001,0.001,0.001,0.001,0.001,0.001,5,"raw"
"SPCA","Int-Euclidean",0.001,0.01,0.001,0.003,0.001,0.001,5,"raw"
"SPCA","Hausdorff",0.001,0.001,0.001,0.001,0.001,0.001,5,"raw"
"SPCA","Ichino-Yaguchi",0.001,0.001,0.001,0.001,0.001,0.001,5,"raw"
"SPCA","Wasserstein",0.001,0.001,0.001,0.001,0.001,0.001,5,"raw"
"SPCA","Centers-Euclidean",0.001,0.001,0.001,0.001,0.001,0.001,5,"raw"
"IMDS","Int-Euclidean",0.001,0.007,0.001,0.002,0.001,0.494,5,"raw"
"IMDS","Hausdorff",0.001,0.001,0.001,0.001,0.001,0.482,5,"raw"
"IMDS","Ichino-Yaguchi",0.001,0.006,0.001,0.001,0.001,0.155,5,"raw"
"IMDS","Wasserstein",0.001,0.001,0.001,0.001,0.001,0.073,5,"raw"
"IMDS","Centers-Euclidean",0.001,0.001,0.001,0.001,0.001,0.011,5,"raw"
"Int-UMAP","Int-Euclidean",0.001,0.941,0.001,0.368,0.001,0.116,5,"raw"
"Int-UMAP","Hausdorff",0.001,0.172,0.001,0.195,0.001,0.135,5,"raw"
"Int-UMAP","Ichino-Yaguchi",0.001,0.906,0.001,0.469,0.001,0.741,5,"raw"
"Int-UMAP","Wasserstein",0.001,0.676,0.001,0.408,0.001,0.355,5,"raw"
"Int-UMAP","Centers-Euclidean",0.001,0.247,0.001,0.106,0.001,0.013,5,"raw"
"C-PCA","Int-Euclidean",0.002,0.12,0.002,0.035,0.001,0.001,5,"minP"
"C-PCA","Hausdorff",0.002,0.002,0.002,0.002,0.001,0.001,5,"minP"
"C-PCA","Ichino-Yaguchi",0.002,0.002,0.002,0.002,0.001,0.001,5,"minP"
"C-PCA","Wasserstein",0.002,0.002,0.002,0.002,0.001,0.001,5,"minP"
"C-PCA","Centers-Euclidean",0.002,0.002,0.002,0.002,0.001,0.001,5,"minP"
"V-PCA","Int-Euclidean",0.002,0.081,0.002,0.016,0.001,0.001,5,"minP"
"V-PCA","Hausdorff",0.002,0.002,0.002,0.002,0.001,0.001,5,"minP"
"V-PCA","Ichino-Yaguchi",0.002,0.002,0.002,0.002,0.001,0.001,5,"minP"
"V-PCA","Wasserstein",0.002,0.002,0.002,0.002,0.001,0.001,5,"minP"
"V-PCA","Centers-Euclidean",0.002,0.002,0.002,0.002,0.001,0.001,5,"minP"
"MR-PCA","Int-Euclidean",0.001,0.001,0.001,0.001,0.001,0.001,5,"minP"
"MR-PCA","Hausdorff",0.001,0.001,0.001,0.001,0.001,0.001,5,"minP"
"MR-PCA","Ichino-Yaguchi",0.001,0.001,0.001,0.001,0.001,0.001,5,"minP"
"MR-PCA","Wasserstein",0.001,0.001,0.001,0.001,0.001,0.001,5,"minP"
"MR-PCA","Centers-Euclidean",0.001,0.001,0.001,0.001,0.001,0.001,5,"minP"
"SPCA","Int-Euclidean",0.002,0.054,0.002,0.016,0.001,0.001,5,"minP"
"SPCA","Hausdorff",0.002,0.002,0.002,0.002,0.001,0.001,5,"minP"
"SPCA","Ichino-Yaguchi",0.002,0.002,0.002,0.002,0.001,0.001,5,"minP"
"SPCA","Wasserstein",0.002,0.002,0.002,0.002,0.001,0.001,5,"minP"
"SPCA","Centers-Euclidean",0.002,0.002,0.002,0.002,0.001,0.001,5,"minP"
"IMDS","Int-Euclidean",0.003,0.035,0.002,0.007,0.006,0.978,5,"minP"
"IMDS","Hausdorff",0.003,0.003,0.002,0.002,0.006,0.976,5,"minP"
"IMDS","Ichino-Yaguchi",0.003,0.029,0.002,0.002,0.006,0.64,5,"minP"
"IMDS","Wasserstein",0.003,0.003,0.002,0.002,0.006,0.384,5,"minP"
"IMDS","Centers-Euclidean",0.003,0.003,0.002,0.002,0.006,0.075,5,"minP"
"Int-UMAP","Int-Euclidean",0.004,1,0.003,0.83,0.006,0.506,5,"minP"
"Int-UMAP","Hausdorff",0.004,0.542,0.003,0.589,0.006,0.555,5,"minP"
"Int-UMAP","Ichino-Yaguchi",0.004,1,0.003,0.925,0.006,1,5,"minP"
"Int-UMAP","Wasserstein",0.004,0.993,0.003,0.877,0.006,0.891,5,"minP"
"Int-UMAP","Centers-Euclidean",0.004,0.68,0.003,0.384,0.006,0.074,5,"minP"
"C-PCA","Int-Euclidean",0.001,0.001,0.001,0.001,0.001,0.001,6,"raw"
"C-PCA","Hausdorff",0.001,0.001,0.001,0.001,0.001,0.001,6,"raw"
"C-PCA","Ichino-Yaguchi",0.001,0.001,0.001,0.001,0.001,0.001,6,"raw"
"C-PCA","Wasserstein",0.001,0.001,0.001,0.001,0.001,0.001,6,"raw"
"C-PCA","Centers-Euclidean",0.001,0.001,0.001,0.001,0.001,0.001,6,"raw"
"V-PCA","Int-Euclidean",0.001,0.001,0.001,0.001,0.001,0.001,6,"raw"
"V-PCA","Hausdorff",0.001,0.001,0.001,0.001,0.001,0.001,6,"raw"
"V-PCA","Ichino-Yaguchi",0.001,0.001,0.001,0.001,0.001,0.001,6,"raw"
"V-PCA","Wasserstein",0.001,0.001,0.001,0.001,0.001,0.001,6,"raw"
"V-PCA","Centers-Euclidean",0.001,0.001,0.001,0.001,0.001,0.001,6,"raw"
"MR-PCA","Int-Euclidean",0.001,0.001,0.001,0.001,0.001,0.001,6,"raw"
"MR-PCA","Hausdorff",0.001,0.001,0.001,0.001,0.001,0.001,6,"raw"
"MR-PCA","Ichino-Yaguchi",0.001,0.001,0.001,0.001,0.001,0.001,6,"raw"
"MR-PCA","Wasserstein",0.001,0.001,0.001,0.001,0.001,0.001,6,"raw"
"MR-PCA","Centers-Euclidean",0.001,0.001,0.001,0.001,0.001,0.001,6,"raw"
"SPCA","Int-Euclidean",0.001,0.001,0.001,0.001,0.001,0.001,6,"raw"
"SPCA","Hausdorff",0.001,0.001,0.001,0.001,0.001,0.001,6,"raw"
"SPCA","Ichino-Yaguchi",0.001,0.001,0.001,0.001,0.001,0.001,6,"raw"
"SPCA","Wasserstein",0.001,0.001,0.001,0.001,0.001,0.001,6,"raw"
"SPCA","Centers-Euclidean",0.001,0.001,0.001,0.001,0.001,0.001,6,"raw"
"IMDS","Int-Euclidean",0.216,0.054,0.064,0.001,0.004,0.006,6,"raw"
"IMDS","Hausdorff",0.001,0.034,0.001,0.006,0.001,0.591,6,"raw"
"IMDS","Ichino-Yaguchi",0.001,0.001,0.001,0.001,0.001,0.889,6,"raw"
"IMDS","Wasserstein",0.001,0.001,0.001,0.003,0.001,0.392,6,"raw"
"IMDS","Centers-Euclidean",0.001,0.001,0.001,0.001,0.001,0.761,6,"raw"
"Int-UMAP","Int-Euclidean",0.001,0.416,0.001,0.149,0.001,0.008,6,"raw"
"Int-UMAP","Hausdorff",0.001,0.249,0.001,0.352,0.001,0.004,6,"raw"
"Int-UMAP","Ichino-Yaguchi",0.001,0.054,0.001,0.348,0.001,0.002,6,"raw"
"Int-UMAP","Wasserstein",0.001,0.12,0.001,0.35,0.001,0.001,6,"raw"
"Int-UMAP","Centers-Euclidean",0.001,0.722,0.001,0.499,0.001,0.15,6,"raw"
"C-PCA","Int-Euclidean",0.001,0.001,0.001,0.001,0.001,0.001,6,"minP"
"C-PCA","Hausdorff",0.001,0.001,0.001,0.001,0.001,0.001,6,"minP"
"C-PCA","Ichino-Yaguchi",0.001,0.001,0.001,0.001,0.001,0.001,6,"minP"
"C-PCA","Wasserstein",0.001,0.001,0.001,0.001,0.001,0.001,6,"minP"
"C-PCA","Centers-Euclidean",0.001,0.001,0.001,0.001,0.001,0.001,6,"minP"
"V-PCA","Int-Euclidean",0.001,0.001,0.001,0.001,0.001,0.001,6,"minP"
"V-PCA","Hausdorff",0.001,0.001,0.001,0.001,0.001,0.001,6,"minP"
"V-PCA","Ichino-Yaguchi",0.001,0.001,0.001,0.001,0.001,0.001,6,"minP"
"V-PCA","Wasserstein",0.001,0.001,0.001,0.001,0.001,0.001,6,"minP"
"V-PCA","Centers-Euclidean",0.001,0.001,0.001,0.001,0.001,0.001,6,"minP"
"MR-PCA","Int-Euclidean",0.001,0.001,0.001,0.001,0.001,0.001,6,"minP"
"MR-PCA","Hausdorff",0.001,0.001,0.001,0.001,0.001,0.001,6,"minP"
"MR-PCA","Ichino-Yaguchi",0.001,0.001,0.001,0.001,0.001,0.001,6,"minP"
"MR-PCA","Wasserstein",0.001,0.001,0.001,0.001,0.001,0.001,6,"minP"
"MR-PCA","Centers-Euclidean",0.001,0.001,0.001,0.001,0.001,0.001,6,"minP"
"SPCA","Int-Euclidean",0.001,0.001,0.001,0.001,0.001,0.001,6,"minP"
"SPCA","Hausdorff",0.001,0.001,0.001,0.001,0.001,0.001,6,"minP"
"SPCA","Ichino-Yaguchi",0.001,0.001,0.001,0.001,0.001,0.001,6,"minP"
"SPCA","Wasserstein",0.001,0.001,0.001,0.001,0.001,0.001,6,"minP"
"SPCA","Centers-Euclidean",0.001,0.001,0.001,0.001,0.001,0.001,6,"minP"
"IMDS","Int-Euclidean",0.71,0.251,0.303,0.004,0.029,0.044,6,"minP"
"IMDS","Hausdorff",0.004,0.167,0.004,0.035,0.007,0.993,6,"minP"
"IMDS","Ichino-Yaguchi",0.004,0.004,0.004,0.004,0.007,1,6,"minP"
"IMDS","Wasserstein",0.004,0.004,0.004,0.016,0.007,0.957,6,"minP"
"IMDS","Centers-Euclidean",0.004,0.004,0.004,0.004,0.007,1,6,"minP"
"Int-UMAP","Int-Euclidean",0.003,0.911,0.004,0.539,0.004,0.048,6,"minP"
"Int-UMAP","Hausdorff",0.003,0.729,0.004,0.843,0.004,0.025,6,"minP"
"Int-UMAP","Ichino-Yaguchi",0.003,0.241,0.004,0.84,0.004,0.01,6,"minP"
"Int-UMAP","Wasserstein",0.003,0.435,0.004,0.842,0.004,0.004,6,"minP"
"Int-UMAP","Centers-Euclidean",0.003,0.997,0.004,0.951,0.004,0.606,6,"minP"
"C-PCA","Int-Euclidean",0.001,0.013,0.001,0.005,0.001,0.001,7,"raw"
"C-PCA","Hausdorff",0.001,0.001,0.001,0.001,0.001,0.001,7,"raw"
"C-PCA","Ichino-Yaguchi",0.001,0.001,0.001,0.001,0.001,0.001,7,"raw"
"C-PCA","Wasserstein",0.001,0.001,0.001,0.001,0.001,0.001,7,"raw"
"C-PCA","Centers-Euclidean",0.001,0.001,0.001,0.001,0.001,0.001,7,"raw"
"V-PCA","Int-Euclidean",0.001,0.01,0.001,0.008,0.001,0.001,7,"raw"
"V-PCA","Hausdorff",0.001,0.001,0.001,0.001,0.001,0.001,7,"raw"
"V-PCA","Ichino-Yaguchi",0.001,0.001,0.001,0.001,0.001,0.001,7,"raw"
"V-PCA","Wasserstein",0.001,0.001,0.001,0.001,0.001,0.001,7,"raw"
"V-PCA","Centers-Euclidean",0.001,0.001,0.001,0.001,0.001,0.001,7,"raw"
"MR-PCA","Int-Euclidean",0.001,0.001,0.001,0.001,0.001,0.001,7,"raw"
"MR-PCA","Hausdorff",0.001,0.001,0.001,0.001,0.001,0.001,7,"raw"
"MR-PCA","Ichino-Yaguchi",0.001,0.001,0.001,0.001,0.001,0.001,7,"raw"
"MR-PCA","Wasserstein",0.001,0.001,0.001,0.001,0.001,0.001,7,"raw"
"MR-PCA","Centers-Euclidean",0.001,0.001,0.001,0.001,0.001,0.001,7,"raw"
"SPCA","Int-Euclidean",0.001,0.014,0.001,0.008,0.001,0.001,7,"raw"
"SPCA","Hausdorff",0.001,0.001,0.001,0.001,0.001,0.001,7,"raw"
"SPCA","Ichino-Yaguchi",0.001,0.001,0.001,0.001,0.001,0.001,7,"raw"
"SPCA","Wasserstein",0.001,0.001,0.001,0.001,0.001,0.001,7,"raw"
"SPCA","Centers-Euclidean",0.001,0.001,0.001,0.001,0.001,0.001,7,"raw"
"IMDS","Int-Euclidean",0.031,0.816,0.004,0.346,0.001,0.264,7,"raw"
"IMDS","Hausdorff",0.001,0.001,0.001,0.003,0.001,0.649,7,"raw"
"IMDS","Ichino-Yaguchi",0.001,0.001,0.001,0.004,0.001,0.507,7,"raw"
"IMDS","Wasserstein",0.001,0.001,0.001,0.001,0.001,0.616,7,"raw"
"IMDS","Centers-Euclidean",0.001,0.001,0.001,0.002,0.001,0.756,7,"raw"
"Int-UMAP","Int-Euclidean",0.001,0.775,0.001,0.252,0.001,0.001,7,"raw"
"Int-UMAP","Hausdorff",0.001,0.071,0.001,0.139,0.001,0.026,7,"raw"
"Int-UMAP","Ichino-Yaguchi",0.001,0.838,0.001,0.852,0.001,1,7,"raw"
"Int-UMAP","Wasserstein",0.001,0.976,0.001,0.887,0.001,0.498,7,"raw"
"Int-UMAP","Centers-Euclidean",0.001,0.956,0.001,0.408,0.001,0.158,7,"raw"
"C-PCA","Int-Euclidean",0.002,0.061,0.002,0.027,0.001,0.001,7,"minP"
"C-PCA","Hausdorff",0.002,0.002,0.002,0.002,0.001,0.001,7,"minP"
"C-PCA","Ichino-Yaguchi",0.002,0.002,0.002,0.002,0.001,0.001,7,"minP"
"C-PCA","Wasserstein",0.002,0.002,0.002,0.002,0.001,0.001,7,"minP"
"C-PCA","Centers-Euclidean",0.002,0.002,0.002,0.002,0.001,0.001,7,"minP"
"V-PCA","Int-Euclidean",0.002,0.053,0.002,0.037,0.001,0.001,7,"minP"
"V-PCA","Hausdorff",0.002,0.002,0.002,0.002,0.001,0.001,7,"minP"
"V-PCA","Ichino-Yaguchi",0.002,0.002,0.002,0.002,0.001,0.001,7,"minP"
"V-PCA","Wasserstein",0.002,0.002,0.002,0.002,0.001,0.001,7,"minP"
"V-PCA","Centers-Euclidean",0.002,0.002,0.002,0.002,0.001,0.001,7,"minP"
"MR-PCA","Int-Euclidean",0.001,0.001,0.001,0.001,0.001,0.001,7,"minP"
"MR-PCA","Hausdorff",0.001,0.001,0.001,0.001,0.001,0.001,7,"minP"
"MR-PCA","Ichino-Yaguchi",0.001,0.001,0.001,0.001,0.001,0.001,7,"minP"
"MR-PCA","Wasserstein",0.001,0.001,0.001,0.001,0.001,0.001,7,"minP"
"MR-PCA","Centers-Euclidean",0.001,0.001,0.001,0.001,0.001,0.001,7,"minP"
"SPCA","Int-Euclidean",0.002,0.071,0.002,0.039,0.001,0.001,7,"minP"
"SPCA","Hausdorff",0.002,0.002,0.002,0.002,0.001,0.001,7,"minP"
"SPCA","Ichino-Yaguchi",0.002,0.002,0.002,0.002,0.001,0.001,7,"minP"
"SPCA","Wasserstein",0.002,0.002,0.002,0.002,0.001,0.001,7,"minP"
"SPCA","Centers-Euclidean",0.002,0.002,0.002,0.002,0.001,0.001,7,"minP"
"IMDS","Int-Euclidean",0.171,1,0.023,0.885,0.006,0.849,7,"minP"
"IMDS","Hausdorff",0.003,0.003,0.006,0.018,0.006,0.996,7,"minP"
"IMDS","Ichino-Yaguchi",0.003,0.003,0.006,0.023,0.006,0.988,7,"minP"
"IMDS","Wasserstein",0.003,0.003,0.006,0.006,0.006,0.995,7,"minP"
"IMDS","Centers-Euclidean",0.003,0.003,0.006,0.014,0.006,0.999,7,"minP"
"Int-UMAP","Int-Euclidean",0.003,0.998,0.002,0.67,0.003,0.003,7,"minP"
"Int-UMAP","Hausdorff",0.003,0.267,0.002,0.454,0.003,0.132,7,"minP"
"Int-UMAP","Ichino-Yaguchi",0.003,0.999,0.002,0.999,0.003,1,7,"minP"
"Int-UMAP","Wasserstein",0.003,1,0.002,0.999,0.003,0.961,7,"minP"
"Int-UMAP","Centers-Euclidean",0.003,1,0.002,0.847,0.003,0.577,7,"minP"
"C-PCA","Int-Euclidean",0.001,0.005,0.001,0.002,0.001,0.001,8,"raw"
"C-PCA","Hausdorff",0.001,0.001,0.001,0.001,0.001,0.001,8,"raw"
"C-PCA","Ichino-Yaguchi",0.001,0.001,0.001,0.001,0.001,0.001,8,"raw"
"C-PCA","Wasserstein",0.001,0.001,0.001,0.001,0.001,0.001,8,"raw"
"C-PCA","Centers-Euclidean",0.001,0.001,0.001,0.001,0.001,0.001,8,"raw"
"V-PCA","Int-Euclidean",0.001,0.007,0.001,0.002,0.001,0.001,8,"raw"
"V-PCA","Hausdorff",0.001,0.001,0.001,0.001,0.001,0.001,8,"raw"
"V-PCA","Ichino-Yaguchi",0.001,0.001,0.001,0.001,0.001,0.001,8,"raw"
"V-PCA","Wasserstein",0.001,0.001,0.001,0.001,0.001,0.001,8,"raw"
"V-PCA","Centers-Euclidean",0.001,0.001,0.001,0.001,0.001,0.001,8,"raw"
"MR-PCA","Int-Euclidean",0.001,0.001,0.001,0.001,0.001,0.001,8,"raw"
"MR-PCA","Hausdorff",0.001,0.001,0.001,0.001,0.001,0.001,8,"raw"
"MR-PCA","Ichino-Yaguchi",0.001,0.001,0.001,0.001,0.001,0.001,8,"raw"
"MR-PCA","Wasserstein",0.001,0.001,0.001,0.001,0.001,0.001,8,"raw"
"MR-PCA","Centers-Euclidean",0.001,0.001,0.001,0.001,0.001,0.001,8,"raw"
"SPCA","Int-Euclidean",0.001,0.001,0.001,0.003,0.001,0.001,8,"raw"
"SPCA","Hausdorff",0.001,0.001,0.001,0.001,0.001,0.001,8,"raw"
"SPCA","Ichino-Yaguchi",0.001,0.001,0.001,0.001,0.001,0.001,8,"raw"
"SPCA","Wasserstein",0.001,0.001,0.001,0.001,0.001,0.001,8,"raw"
"SPCA","Centers-Euclidean",0.001,0.001,0.001,0.001,0.001,0.001,8,"raw"
"IMDS","Int-Euclidean",0.001,0.028,0.001,0.004,0.001,0.745,8,"raw"
"IMDS","Hausdorff",0.001,0.001,0.001,0.001,0.001,0.83,8,"raw"
"IMDS","Ichino-Yaguchi",0.001,0.001,0.001,0.001,0.001,0.108,8,"raw"
"IMDS","Wasserstein",0.001,0.001,0.001,0.001,0.001,0.735,8,"raw"
"IMDS","Centers-Euclidean",0.001,0.001,0.001,0.001,0.001,0.49,8,"raw"
"Int-UMAP","Int-Euclidean",0.001,0.712,0.001,0.379,0.001,0.002,8,"raw"
"Int-UMAP","Hausdorff",0.001,0.006,0.001,0.023,0.001,0.001,8,"raw"
"Int-UMAP","Ichino-Yaguchi",0.001,0.704,0.001,0.259,0.001,0.001,8,"raw"
"Int-UMAP","Wasserstein",0.001,0.41,0.001,0.101,0.001,0.001,8,"raw"
"Int-UMAP","Centers-Euclidean",0.001,0.474,0.001,0.107,0.001,0.001,8,"raw"
"C-PCA","Int-Euclidean",0.002,0.025,0.002,0.006,0.001,0.001,8,"minP"
"C-PCA","Hausdorff",0.002,0.002,0.002,0.002,0.001,0.001,8,"minP"
"C-PCA","Ichino-Yaguchi",0.002,0.002,0.002,0.002,0.001,0.001,8,"minP"
"C-PCA","Wasserstein",0.002,0.002,0.002,0.002,0.001,0.001,8,"minP"
"C-PCA","Centers-Euclidean",0.002,0.002,0.002,0.002,0.001,0.001,8,"minP"
"V-PCA","Int-Euclidean",0.002,0.032,0.002,0.01,0.001,0.001,8,"minP"
"V-PCA","Hausdorff",0.002,0.002,0.002,0.002,0.001,0.001,8,"minP"
"V-PCA","Ichino-Yaguchi",0.002,0.002,0.002,0.002,0.001,0.001,8,"minP"
"V-PCA","Wasserstein",0.002,0.002,0.002,0.002,0.001,0.001,8,"minP"
"V-PCA","Centers-Euclidean",0.002,0.002,0.002,0.002,0.001,0.001,8,"minP"
"MR-PCA","Int-Euclidean",0.001,0.001,0.001,0.001,0.001,0.001,8,"minP"
"MR-PCA","Hausdorff",0.001,0.001,0.001,0.001,0.001,0.001,8,"minP"
"MR-PCA","Ichino-Yaguchi",0.001,0.001,0.001,0.001,0.001,0.001,8,"minP"
"MR-PCA","Wasserstein",0.001,0.001,0.001,0.001,0.001,0.001,8,"minP"
"MR-PCA","Centers-Euclidean",0.001,0.001,0.001,0.001,0.001,0.001,8,"minP"
"SPCA","Int-Euclidean",0.001,0.001,0.002,0.015,0.001,0.001,8,"minP"
"SPCA","Hausdorff",0.001,0.001,0.002,0.002,0.001,0.001,8,"minP"
"SPCA","Ichino-Yaguchi",0.001,0.001,0.002,0.002,0.001,0.001,8,"minP"
"SPCA","Wasserstein",0.001,0.001,0.002,0.002,0.001,0.001,8,"minP"
"SPCA","Centers-Euclidean",0.001,0.001,0.002,0.002,0.001,0.001,8,"minP"
"IMDS","Int-Euclidean",0.002,0.142,0.002,0.021,0.005,1,8,"minP"
"IMDS","Hausdorff",0.002,0.002,0.002,0.002,0.005,1,8,"minP"
"IMDS","Ichino-Yaguchi",0.002,0.002,0.002,0.002,0.005,0.52,8,"minP"
"IMDS","Wasserstein",0.002,0.002,0.002,0.002,0.005,0.999,8,"minP"
"IMDS","Centers-Euclidean",0.002,0.002,0.002,0.002,0.005,0.979,8,"minP"
"Int-UMAP","Int-Euclidean",0.003,0.995,0.005,0.834,0.002,0.01,8,"minP"
"Int-UMAP","Hausdorff",0.003,0.03,0.005,0.092,0.002,0.002,8,"minP"
"Int-UMAP","Ichino-Yaguchi",0.003,0.995,0.005,0.661,0.002,0.002,8,"minP"
"Int-UMAP","Wasserstein",0.003,0.866,0.005,0.343,0.002,0.002,8,"minP"
"Int-UMAP","Centers-Euclidean",0.003,0.906,0.005,0.358,0.002,0.002,8,"minP"
"C-PCA","Int-Euclidean",0.001,0.003,0.001,0.001,0.001,0.001,9,"raw"
"C-PCA","Hausdorff",0.001,0.001,0.001,0.001,0.001,0.001,9,"raw"
"C-PCA","Ichino-Yaguchi",0.001,0.001,0.001,0.001,0.001,0.001,9,"raw"
"C-PCA","Wasserstein",0.001,0.001,0.001,0.001,0.001,0.001,9,"raw"
"C-PCA","Centers-Euclidean",0.001,0.001,0.001,0.001,0.001,0.001,9,"raw"
"V-PCA","Int-Euclidean",0.001,0.006,0.001,0.002,0.001,0.001,9,"raw"
"V-PCA","Hausdorff",0.001,0.001,0.001,0.001,0.001,0.001,9,"raw"
"V-PCA","Ichino-Yaguchi",0.001,0.001,0.001,0.001,0.001,0.001,9,"raw"
"V-PCA","Wasserstein",0.001,0.001,0.001,0.001,0.001,0.001,9,"raw"
"V-PCA","Centers-Euclidean",0.001,0.001,0.001,0.001,0.001,0.001,9,"raw"
"MR-PCA","Int-Euclidean",0.001,0.001,0.001,0.001,0.001,0.001,9,"raw"
"MR-PCA","Hausdorff",0.001,0.001,0.001,0.001,0.001,0.001,9,"raw"
"MR-PCA","Ichino-Yaguchi",0.001,0.001,0.001,0.001,0.001,0.001,9,"raw"
"MR-PCA","Wasserstein",0.001,0.001,0.001,0.001,0.001,0.001,9,"raw"
"MR-PCA","Centers-Euclidean",0.001,0.001,0.001,0.001,0.001,0.001,9,"raw"
"SPCA","Int-Euclidean",0.001,0.002,0.001,0.001,0.001,0.001,9,"raw"
"SPCA","Hausdorff",0.001,0.001,0.001,0.001,0.001,0.001,9,"raw"
"SPCA","Ichino-Yaguchi",0.001,0.001,0.001,0.001,0.001,0.001,9,"raw"
"SPCA","Wasserstein",0.001,0.001,0.001,0.001,0.001,0.001,9,"raw"
"SPCA","Centers-Euclidean",0.001,0.001,0.001,0.001,0.001,0.001,9,"raw"
"IMDS","Int-Euclidean",0.007,0.048,0.007,0.005,0.001,0.614,9,"raw"
"IMDS","Hausdorff",0.001,0.001,0.001,0.002,0.001,0.899,9,"raw"
"IMDS","Ichino-Yaguchi",0.001,0.001,0.001,0.001,0.001,0.401,9,"raw"
"IMDS","Wasserstein",0.001,0.001,0.001,0.001,0.001,0.622,9,"raw"
"IMDS","Centers-Euclidean",0.001,0.001,0.001,0.001,0.001,1,9,"raw"
"Int-UMAP","Int-Euclidean",0.001,0.001,0.001,0.001,0.001,0.001,9,"raw"
"Int-UMAP","Hausdorff",0.001,0.001,0.001,0.001,0.001,0.001,9,"raw"
"Int-UMAP","Ichino-Yaguchi",0.001,0.001,0.001,0.001,0.001,0.001,9,"raw"
"Int-UMAP","Wasserstein",0.001,0.001,0.001,0.001,0.001,0.001,9,"raw"
"Int-UMAP","Centers-Euclidean",0.001,0.001,0.001,0.001,0.001,0.001,9,"raw"
"C-PCA","Int-Euclidean",0.002,0.015,0.001,0.001,0.001,0.001,9,"minP"
"C-PCA","Hausdorff",0.002,0.002,0.001,0.001,0.001,0.001,9,"minP"
"C-PCA","Ichino-Yaguchi",0.002,0.002,0.001,0.001,0.001,0.001,9,"minP"
"C-PCA","Wasserstein",0.002,0.002,0.001,0.001,0.001,0.001,9,"minP"
"C-PCA","Centers-Euclidean",0.002,0.002,0.001,0.001,0.001,0.001,9,"minP"
"V-PCA","Int-Euclidean",0.002,0.032,0.002,0.008,0.001,0.001,9,"minP"
"V-PCA","Hausdorff",0.002,0.002,0.002,0.002,0.001,0.001,9,"minP"
"V-PCA","Ichino-Yaguchi",0.002,0.002,0.002,0.002,0.001,0.001,9,"minP"
"V-PCA","Wasserstein",0.002,0.002,0.002,0.002,0.001,0.001,9,"minP"
"V-PCA","Centers-Euclidean",0.002,0.002,0.002,0.002,0.001,0.001,9,"minP"
"MR-PCA","Int-Euclidean",0.001,0.001,0.001,0.001,0.001,0.001,9,"minP"
"MR-PCA","Hausdorff",0.001,0.001,0.001,0.001,0.001,0.001,9,"minP"
"MR-PCA","Ichino-Yaguchi",0.001,0.001,0.001,0.001,0.001,0.001,9,"minP"
"MR-PCA","Wasserstein",0.001,0.001,0.001,0.001,0.001,0.001,9,"minP"
"MR-PCA","Centers-Euclidean",0.001,0.001,0.001,0.001,0.001,0.001,9,"minP"
"SPCA","Int-Euclidean",0.002,0.006,0.001,0.001,0.001,0.001,9,"minP"
"SPCA","Hausdorff",0.002,0.002,0.001,0.001,0.001,0.001,9,"minP"
"SPCA","Ichino-Yaguchi",0.002,0.002,0.001,0.001,0.001,0.001,9,"minP"
"SPCA","Wasserstein",0.002,0.002,0.001,0.001,0.001,0.001,9,"minP"
"SPCA","Centers-Euclidean",0.002,0.002,0.001,0.001,0.001,0.001,9,"minP"
"IMDS","Int-Euclidean",0.045,0.231,0.042,0.027,0.005,0.996,9,"minP"
"IMDS","Hausdorff",0.003,0.003,0.004,0.011,0.005,1,9,"minP"
"IMDS","Ichino-Yaguchi",0.003,0.003,0.004,0.004,0.005,0.964,9,"minP"
"IMDS","Wasserstein",0.003,0.003,0.004,0.004,0.005,0.996,9,"minP"
"IMDS","Centers-Euclidean",0.003,0.003,0.004,0.004,0.005,1,9,"minP"
"Int-UMAP","Int-Euclidean",0.001,0.001,0.001,0.001,0.001,0.001,9,"minP"
"Int-UMAP","Hausdorff",0.001,0.001,0.001,0.001,0.001,0.001,9,"minP"
"Int-UMAP","Ichino-Yaguchi",0.001,0.001,0.001,0.001,0.001,0.001,9,"minP"
"Int-UMAP","Wasserstein",0.001,0.001,0.001,0.001,0.001,0.001,9,"minP"
"Int-UMAP","Centers-Euclidean",0.001,0.001,0.001,0.001,0.001,0.001,9,"minP"
"C-PCA","Int-Euclidean",0.001,0.004,0.001,0.006,0.001,0.001,10,"raw"
"C-PCA","Hausdorff",0.001,0.001,0.001,0.001,0.001,0.001,10,"raw"
"C-PCA","Ichino-Yaguchi",0.001,0.001,0.001,0.001,0.001,0.001,10,"raw"
"C-PCA","Wasserstein",0.001,0.001,0.001,0.001,0.001,0.001,10,"raw"
"C-PCA","Centers-Euclidean",0.001,0.001,0.001,0.001,0.001,0.001,10,"raw"
"V-PCA","Int-Euclidean",0.001,0.002,0.001,0.002,0.001,0.001,10,"raw"
"V-PCA","Hausdorff",0.001,0.001,0.001,0.001,0.001,0.001,10,"raw"
"V-PCA","Ichino-Yaguchi",0.001,0.001,0.001,0.001,0.001,0.001,10,"raw"
"V-PCA","Wasserstein",0.001,0.001,0.001,0.001,0.001,0.001,10,"raw"
"V-PCA","Centers-Euclidean",0.001,0.001,0.001,0.001,0.001,0.001,10,"raw"
"MR-PCA","Int-Euclidean",0.001,0.001,0.001,0.001,0.001,0.001,10,"raw"
"MR-PCA","Hausdorff",0.001,0.001,0.001,0.001,0.001,0.001,10,"raw"
"MR-PCA","Ichino-Yaguchi",0.001,0.001,0.001,0.001,0.001,0.001,10,"raw"
"MR-PCA","Wasserstein",0.001,0.001,0.001,0.001,0.001,0.001,10,"raw"
"MR-PCA","Centers-Euclidean",0.001,0.001,0.001,0.001,0.001,0.001,10,"raw"
"SPCA","Int-Euclidean",0.001,0.002,0.001,0.001,0.001,0.001,10,"raw"
"SPCA","Hausdorff",0.001,0.001,0.001,0.001,0.001,0.001,10,"raw"
"SPCA","Ichino-Yaguchi",0.001,0.001,0.001,0.001,0.001,0.001,10,"raw"
"SPCA","Wasserstein",0.001,0.001,0.001,0.001,0.001,0.001,10,"raw"
"SPCA","Centers-Euclidean",0.001,0.001,0.001,0.001,0.001,0.001,10,"raw"
"IMDS","Int-Euclidean",0.002,0.087,0.002,0.002,0.001,0.368,10,"raw"
"IMDS","Hausdorff",0.001,0.001,0.001,0.001,0.001,0.733,10,"raw"
"IMDS","Ichino-Yaguchi",0.001,0.001,0.001,0.001,0.001,0.394,10,"raw"
"IMDS","Wasserstein",0.001,0.002,0.001,0.001,0.001,0.105,10,"raw"
"IMDS","Centers-Euclidean",0.001,0.019,0.001,0.001,0.001,0.496,10,"raw"
"Int-UMAP","Int-Euclidean",0.001,0.001,0.001,0.001,0.001,0.001,10,"raw"
"Int-UMAP","Hausdorff",0.001,0.001,0.001,0.001,0.001,0.443,10,"raw"
"Int-UMAP","Ichino-Yaguchi",0.001,0.001,0.001,0.001,0.001,0.666,10,"raw"
"Int-UMAP","Wasserstein",0.001,0.001,0.001,0.001,0.001,0.005,10,"raw"
"Int-UMAP","Centers-Euclidean",0.001,0.001,0.001,0.001,0.001,0.001,10,"raw"
"C-PCA","Int-Euclidean",0.002,0.018,0.002,0.03,0.001,0.001,10,"minP"
"C-PCA","Hausdorff",0.002,0.002,0.002,0.002,0.001,0.001,10,"minP"
"C-PCA","Ichino-Yaguchi",0.002,0.002,0.002,0.002,0.001,0.001,10,"minP"
"C-PCA","Wasserstein",0.002,0.002,0.002,0.002,0.001,0.001,10,"minP"
"C-PCA","Centers-Euclidean",0.002,0.002,0.002,0.002,0.001,0.001,10,"minP"
"V-PCA","Int-Euclidean",0.002,0.007,0.002,0.007,0.001,0.001,10,"minP"
"V-PCA","Hausdorff",0.002,0.002,0.002,0.002,0.001,0.001,10,"minP"
"V-PCA","Ichino-Yaguchi",0.002,0.002,0.002,0.002,0.001,0.001,10,"minP"
"V-PCA","Wasserstein",0.002,0.002,0.002,0.002,0.001,0.001,10,"minP"
"V-PCA","Centers-Euclidean",0.002,0.002,0.002,0.002,0.001,0.001,10,"minP"
"MR-PCA","Int-Euclidean",0.001,0.001,0.001,0.001,0.001,0.001,10,"minP"
"MR-PCA","Hausdorff",0.001,0.001,0.001,0.001,0.001,0.001,10,"minP"
"MR-PCA","Ichino-Yaguchi",0.001,0.001,0.001,0.001,0.001,0.001,10,"minP"
"MR-PCA","Wasserstein",0.001,0.001,0.001,0.001,0.001,0.001,10,"minP"
"MR-PCA","Centers-Euclidean",0.001,0.001,0.001,0.001,0.001,0.001,10,"minP"
"SPCA","Int-Euclidean",0.002,0.008,0.001,0.001,0.001,0.001,10,"minP"
"SPCA","Hausdorff",0.002,0.002,0.001,0.001,0.001,0.001,10,"minP"
"SPCA","Ichino-Yaguchi",0.002,0.002,0.001,0.001,0.001,0.001,10,"minP"
"SPCA","Wasserstein",0.002,0.002,0.001,0.001,0.001,0.001,10,"minP"
"SPCA","Centers-Euclidean",0.002,0.002,0.001,0.001,0.001,0.001,10,"minP"
"IMDS","Int-Euclidean",0.009,0.394,0.006,0.006,0.006,0.94,10,"minP"
"IMDS","Hausdorff",0.005,0.005,0.003,0.003,0.006,0.998,10,"minP"
"IMDS","Ichino-Yaguchi",0.005,0.005,0.003,0.003,0.006,0.954,10,"minP"
"IMDS","Wasserstein",0.005,0.009,0.003,0.003,0.006,0.524,10,"minP"
"IMDS","Centers-Euclidean",0.005,0.106,0.003,0.003,0.006,0.984,10,"minP"
"Int-UMAP","Int-Euclidean",0.001,0.001,0.001,0.001,0.003,0.003,10,"minP"
"Int-UMAP","Hausdorff",0.001,0.001,0.001,0.001,0.003,0.955,10,"minP"
"Int-UMAP","Ichino-Yaguchi",0.001,0.001,0.001,0.001,0.003,0.997,10,"minP"
"Int-UMAP","Wasserstein",0.001,0.001,0.001,0.001,0.003,0.035,10,"minP"
"Int-UMAP","Centers-Euclidean",0.001,0.001,0.001,0.001,0.003,0.003,10,"minP"
"C-PCA","Int-Euclidean",0.001,0.001,0.001,0.001,0.001,0.001,11,"raw"
"C-PCA","Hausdorff",0.001,0.001,0.001,0.001,0.001,0.001,11,"raw"
"C-PCA","Ichino-Yaguchi",0.001,0.001,0.001,0.001,0.001,0.001,11,"raw"
"C-PCA","Wasserstein",0.001,0.001,0.001,0.001,0.001,0.001,11,"raw"
"C-PCA","Centers-Euclidean",0.001,0.001,0.001,0.001,0.001,0.001,11,"raw"
"V-PCA","Int-Euclidean",0.001,0.001,0.001,0.001,0.001,0.001,11,"raw"
"V-PCA","Hausdorff",0.001,0.001,0.001,0.001,0.001,0.001,11,"raw"
"V-PCA","Ichino-Yaguchi",0.001,0.001,0.001,0.001,0.001,0.001,11,"raw"
"V-PCA","Wasserstein",0.001,0.001,0.001,0.001,0.001,0.001,11,"raw"
"V-PCA","Centers-Euclidean",0.001,0.001,0.001,0.001,0.001,0.001,11,"raw"
"MR-PCA","Int-Euclidean",0.001,0.001,0.001,0.001,0.001,0.001,11,"raw"
"MR-PCA","Hausdorff",0.001,0.001,0.001,0.001,0.001,0.001,11,"raw"
"MR-PCA","Ichino-Yaguchi",0.001,0.001,0.001,0.001,0.001,0.001,11,"raw"
"MR-PCA","Wasserstein",0.001,0.001,0.001,0.001,0.001,0.001,11,"raw"
"MR-PCA","Centers-Euclidean",0.001,0.001,0.001,0.001,0.001,0.001,11,"raw"
"SPCA","Int-Euclidean",0.001,0.001,0.001,0.001,0.001,0.001,11,"raw"
"SPCA","Hausdorff",0.001,0.001,0.001,0.001,0.001,0.001,11,"raw"
"SPCA","Ichino-Yaguchi",0.001,0.001,0.001,0.001,0.001,0.001,11,"raw"
"SPCA","Wasserstein",0.001,0.001,0.001,0.001,0.001,0.001,11,"raw"
"SPCA","Centers-Euclidean",0.001,0.001,0.001,0.001,0.001,0.001,11,"raw"
"IMDS","Int-Euclidean",0.017,0.227,0.006,0.005,0.001,0.364,11,"raw"
"IMDS","Hausdorff",0.001,0.001,0.001,0.001,0.001,0.147,11,"raw"
"IMDS","Ichino-Yaguchi",0.001,0.001,0.001,0.001,0.001,1,11,"raw"
"IMDS","Wasserstein",0.001,0.001,0.001,0.001,0.001,0.012,11,"raw"
"IMDS","Centers-Euclidean",0.001,0.001,0.001,0.001,0.001,0.172,11,"raw"
"Int-UMAP","Int-Euclidean",0.001,0.001,0.001,0.001,0.001,0.001,11,"raw"
"Int-UMAP","Hausdorff",0.001,0.001,0.001,0.004,0.001,0.012,11,"raw"
"Int-UMAP","Ichino-Yaguchi",0.001,0.016,0.001,0.028,0.001,0.001,11,"raw"
"Int-UMAP","Wasserstein",0.001,0.001,0.001,0.004,0.001,0.003,11,"raw"
"Int-UMAP","Centers-Euclidean",0.001,0.001,0.001,0.001,0.001,0.001,11,"raw"
"C-PCA","Int-Euclidean",0.001,0.001,0.001,0.001,0.001,0.001,11,"minP"
"C-PCA","Hausdorff",0.001,0.001,0.001,0.001,0.001,0.001,11,"minP"
"C-PCA","Ichino-Yaguchi",0.001,0.001,0.001,0.001,0.001,0.001,11,"minP"
"C-PCA","Wasserstein",0.001,0.001,0.001,0.001,0.001,0.001,11,"minP"
"C-PCA","Centers-Euclidean",0.001,0.001,0.001,0.001,0.001,0.001,11,"minP"
"V-PCA","Int-Euclidean",0.001,0.001,0.001,0.001,0.001,0.001,11,"minP"
"V-PCA","Hausdorff",0.001,0.001,0.001,0.001,0.001,0.001,11,"minP"
"V-PCA","Ichino-Yaguchi",0.001,0.001,0.001,0.001,0.001,0.001,11,"minP"
"V-PCA","Wasserstein",0.001,0.001,0.001,0.001,0.001,0.001,11,"minP"
"V-PCA","Centers-Euclidean",0.001,0.001,0.001,0.001,0.001,0.001,11,"minP"
"MR-PCA","Int-Euclidean",0.001,0.001,0.001,0.001,0.001,0.001,11,"minP"
"MR-PCA","Hausdorff",0.001,0.001,0.001,0.001,0.001,0.001,11,"minP"
"MR-PCA","Ichino-Yaguchi",0.001,0.001,0.001,0.001,0.001,0.001,11,"minP"
"MR-PCA","Wasserstein",0.001,0.001,0.001,0.001,0.001,0.001,11,"minP"
"MR-PCA","Centers-Euclidean",0.001,0.001,0.001,0.001,0.001,0.001,11,"minP"
"SPCA","Int-Euclidean",0.001,0.001,0.001,0.001,0.001,0.001,11,"minP"
"SPCA","Hausdorff",0.001,0.001,0.001,0.001,0.001,0.001,11,"minP"
"SPCA","Ichino-Yaguchi",0.001,0.001,0.001,0.001,0.001,0.001,11,"minP"
"SPCA","Wasserstein",0.001,0.001,0.001,0.001,0.001,0.001,11,"minP"
"SPCA","Centers-Euclidean",0.001,0.001,0.001,0.001,0.001,0.001,11,"minP"
"IMDS","Int-Euclidean",0.087,0.712,0.034,0.029,0.006,0.938,11,"minP"
"IMDS","Hausdorff",0.003,0.003,0.003,0.003,0.006,0.63,11,"minP"
"IMDS","Ichino-Yaguchi",0.003,0.003,0.003,0.003,0.006,1,11,"minP"
"IMDS","Wasserstein",0.003,0.003,0.003,0.003,0.006,0.079,11,"minP"
"IMDS","Centers-Euclidean",0.003,0.003,0.003,0.003,0.006,0.695,11,"minP"
"Int-UMAP","Int-Euclidean",0.002,0.002,0.003,0.003,0.003,0.003,11,"minP"
"Int-UMAP","Hausdorff",0.002,0.002,0.003,0.014,0.003,0.067,11,"minP"
"Int-UMAP","Ichino-Yaguchi",0.002,0.071,0.003,0.122,0.003,0.003,11,"minP"
"Int-UMAP","Wasserstein",0.002,0.002,0.003,0.014,0.003,0.014,11,"minP"
"Int-UMAP","Centers-Euclidean",0.002,0.002,0.003,0.003,0.003,0.003,11,"minP"
"C-PCA","Int-Euclidean",0.001,0.001,0.001,0.001,0.001,0.001,12,"raw"
"C-PCA","Hausdorff",0.001,0.001,0.001,0.001,0.001,0.001,12,"raw"
"C-PCA","Ichino-Yaguchi",0.001,0.001,0.001,0.001,0.001,0.001,12,"raw"
"C-PCA","Wasserstein",0.001,0.001,0.001,0.001,0.001,0.001,12,"raw"
"C-PCA","Centers-Euclidean",0.001,0.001,0.001,0.001,0.001,0.001,12,"raw"
"V-PCA","Int-Euclidean",0.001,0.001,0.001,0.001,0.001,0.001,12,"raw"
"V-PCA","Hausdorff",0.001,0.001,0.001,0.001,0.001,0.001,12,"raw"
"V-PCA","Ichino-Yaguchi",0.001,0.001,0.001,0.001,0.001,0.001,12,"raw"
"V-PCA","Wasserstein",0.001,0.001,0.001,0.001,0.001,0.001,12,"raw"
"V-PCA","Centers-Euclidean",0.001,0.001,0.001,0.001,0.001,0.001,12,"raw"
"MR-PCA","Int-Euclidean",0.001,0.001,0.001,0.001,0.001,0.001,12,"raw"
"MR-PCA","Hausdorff",0.001,0.001,0.001,0.001,0.001,0.001,12,"raw"
"MR-PCA","Ichino-Yaguchi",0.001,0.001,0.001,0.001,0.001,0.001,12,"raw"
"MR-PCA","Wasserstein",0.001,0.001,0.001,0.001,0.001,0.001,12,"raw"
"MR-PCA","Centers-Euclidean",0.001,0.001,0.001,0.001,0.001,0.001,12,"raw"
"SPCA","Int-Euclidean",0.001,0.001,0.001,0.001,0.001,0.001,12,"raw"
"SPCA","Hausdorff",0.001,0.001,0.001,0.001,0.001,0.001,12,"raw"
"SPCA","Ichino-Yaguchi",0.001,0.001,0.001,0.001,0.001,0.001,12,"raw"
"SPCA","Wasserstein",0.001,0.001,0.001,0.001,0.001,0.001,12,"raw"
"SPCA","Centers-Euclidean",0.001,0.001,0.001,0.001,0.001,0.001,12,"raw"
"IMDS","Int-Euclidean",0.1,0.041,0.012,0.021,0.001,0.55,12,"raw"
"IMDS","Hausdorff",0.001,0.001,0.001,0.001,0.001,0.079,12,"raw"
"IMDS","Ichino-Yaguchi",0.001,0.009,0.001,0.002,0.001,0.904,12,"raw"
"IMDS","Wasserstein",0.001,0.015,0.001,0.004,0.001,0.734,12,"raw"
"IMDS","Centers-Euclidean",0.001,0.001,0.001,0.001,0.001,0.896,12,"raw"
"Int-UMAP","Int-Euclidean",0.001,0.076,0.001,0.083,0.001,0.079,12,"raw"
"Int-UMAP","Hausdorff",0.001,0.081,0.001,0.912,0.001,0.001,12,"raw"
"Int-UMAP","Ichino-Yaguchi",0.001,0.336,0.001,0.904,0.001,0.595,12,"raw"
"Int-UMAP","Wasserstein",0.001,0.042,0.001,0.373,0.001,0.002,12,"raw"
"Int-UMAP","Centers-Euclidean",0.001,0.01,0.001,0.029,0.001,0.001,12,"raw"
"C-PCA","Int-Euclidean",0.001,0.001,0.001,0.001,0.001,0.001,12,"minP"
"C-PCA","Hausdorff",0.001,0.001,0.001,0.001,0.001,0.001,12,"minP"
"C-PCA","Ichino-Yaguchi",0.001,0.001,0.001,0.001,0.001,0.001,12,"minP"
"C-PCA","Wasserstein",0.001,0.001,0.001,0.001,0.001,0.001,12,"minP"
"C-PCA","Centers-Euclidean",0.001,0.001,0.001,0.001,0.001,0.001,12,"minP"
"V-PCA","Int-Euclidean",0.001,0.001,0.001,0.001,0.001,0.001,12,"minP"
"V-PCA","Hausdorff",0.001,0.001,0.001,0.001,0.001,0.001,12,"minP"
"V-PCA","Ichino-Yaguchi",0.001,0.001,0.001,0.001,0.001,0.001,12,"minP"
"V-PCA","Wasserstein",0.001,0.001,0.001,0.001,0.001,0.001,12,"minP"
"V-PCA","Centers-Euclidean",0.001,0.001,0.001,0.001,0.001,0.001,12,"minP"
"MR-PCA","Int-Euclidean",0.001,0.001,0.001,0.001,0.001,0.001,12,"minP"
"MR-PCA","Hausdorff",0.001,0.001,0.001,0.001,0.001,0.001,12,"minP"
"MR-PCA","Ichino-Yaguchi",0.001,0.001,0.001,0.001,0.001,0.001,12,"minP"
"MR-PCA","Wasserstein",0.001,0.001,0.001,0.001,0.001,0.001,12,"minP"
"MR-PCA","Centers-Euclidean",0.001,0.001,0.001,0.001,0.001,0.001,12,"minP"
"SPCA","Int-Euclidean",0.001,0.001,0.001,0.001,0.001,0.001,12,"minP"
"SPCA","Hausdorff",0.001,0.001,0.001,0.001,0.001,0.001,12,"minP"
"SPCA","Ichino-Yaguchi",0.001,0.001,0.001,0.001,0.001,0.001,12,"minP"
"SPCA","Wasserstein",0.001,0.001,0.001,0.001,0.001,0.001,12,"minP"
"SPCA","Centers-Euclidean",0.001,0.001,0.001,0.001,0.001,0.001,12,"minP"
"IMDS","Int-Euclidean",0.44,0.212,0.073,0.122,0.006,0.993,12,"minP"
"IMDS","Hausdorff",0.005,0.005,0.005,0.005,0.006,0.429,12,"minP"
"IMDS","Ichino-Yaguchi",0.005,0.053,0.005,0.013,0.006,1,12,"minP"
"IMDS","Wasserstein",0.005,0.091,0.005,0.027,0.006,0.999,12,"minP"
"IMDS","Centers-Euclidean",0.005,0.005,0.005,0.005,0.006,1,12,"minP"
"Int-UMAP","Int-Euclidean",0.003,0.283,0.005,0.307,0.003,0.36,12,"minP"
"Int-UMAP","Hausdorff",0.003,0.298,0.005,1,0.003,0.003,12,"minP"
"Int-UMAP","Ichino-Yaguchi",0.003,0.79,0.005,1,0.003,0.994,12,"minP"
"Int-UMAP","Wasserstein",0.003,0.166,0.005,0.836,0.003,0.011,12,"minP"
"Int-UMAP","Centers-Euclidean",0.003,0.046,0.005,0.113,0.003,0.003,12,"minP"
"C-PCA","Int-Euclidean",0.001,0.018,0.001,0.01,0.001,0.001,13,"raw"
"C-PCA","Hausdorff",0.001,0.001,0.001,0.001,0.001,0.001,13,"raw"
"C-PCA","Ichino-Yaguchi",0.001,0.001,0.001,0.001,0.001,0.001,13,"raw"
"C-PCA","Wasserstein",0.001,0.001,0.001,0.001,0.001,0.001,13,"raw"
"C-PCA","Centers-Euclidean",0.001,0.001,0.001,0.001,0.001,0.001,13,"raw"
"V-PCA","Int-Euclidean",0.001,0.031,0.001,0.012,0.001,0.001,13,"raw"
"V-PCA","Hausdorff",0.001,0.001,0.001,0.001,0.001,0.001,13,"raw"
"V-PCA","Ichino-Yaguchi",0.001,0.001,0.001,0.001,0.001,0.001,13,"raw"
"V-PCA","Wasserstein",0.001,0.001,0.001,0.001,0.001,0.001,13,"raw"
"V-PCA","Centers-Euclidean",0.001,0.001,0.001,0.001,0.001,0.001,13,"raw"
"MR-PCA","Int-Euclidean",0.001,0.001,0.001,0.001,0.001,0.001,13,"raw"
"MR-PCA","Hausdorff",0.001,0.001,0.001,0.001,0.001,0.001,13,"raw"
"MR-PCA","Ichino-Yaguchi",0.001,0.001,0.001,0.001,0.001,0.001,13,"raw"
"MR-PCA","Wasserstein",0.001,0.001,0.001,0.001,0.001,0.001,13,"raw"
"MR-PCA","Centers-Euclidean",0.001,0.001,0.001,0.001,0.001,0.001,13,"raw"
"SPCA","Int-Euclidean",0.001,0.018,0.001,0.013,0.001,0.001,13,"raw"
"SPCA","Hausdorff",0.001,0.001,0.001,0.001,0.001,0.001,13,"raw"
"SPCA","Ichino-Yaguchi",0.001,0.001,0.001,0.001,0.001,0.001,13,"raw"
"SPCA","Wasserstein",0.001,0.001,0.001,0.001,0.001,0.001,13,"raw"
"SPCA","Centers-Euclidean",0.001,0.001,0.001,0.001,0.001,0.001,13,"raw"
"IMDS","Int-Euclidean",0.002,0.068,0.002,0.005,0.001,0.005,13,"raw"
"IMDS","Hausdorff",0.001,0.001,0.001,0.001,0.001,0.441,13,"raw"
"IMDS","Ichino-Yaguchi",0.001,0.001,0.001,0.001,0.001,0.32,13,"raw"
"IMDS","Wasserstein",0.001,0.002,0.001,0.001,0.001,1,13,"raw"
"IMDS","Centers-Euclidean",0.001,0.001,0.001,0.001,0.001,0.367,13,"raw"
"Int-UMAP","Int-Euclidean",0.001,0.001,0.001,0.001,0.001,0.001,13,"raw"
"Int-UMAP","Hausdorff",0.001,0.003,0.001,0.03,0.001,0.134,13,"raw"
"Int-UMAP","Ichino-Yaguchi",0.001,0.006,0.001,0.083,0.001,0.41,13,"raw"
"Int-UMAP","Wasserstein",0.001,0.002,0.001,0.023,0.001,0.813,13,"raw"
"Int-UMAP","Centers-Euclidean",0.001,0.001,0.001,0.001,0.001,0.001,13,"raw"
"C-PCA","Int-Euclidean",0.002,0.094,0.002,0.05,0.001,0.001,13,"minP"
"C-PCA","Hausdorff",0.002,0.002,0.002,0.002,0.001,0.001,13,"minP"
"C-PCA","Ichino-Yaguchi",0.002,0.002,0.002,0.002,0.001,0.001,13,"minP"
"C-PCA","Wasserstein",0.002,0.002,0.002,0.002,0.001,0.001,13,"minP"
"C-PCA","Centers-Euclidean",0.002,0.002,0.002,0.002,0.001,0.001,13,"minP"
"V-PCA","Int-Euclidean",0.002,0.146,0.002,0.059,0.001,0.001,13,"minP"
"V-PCA","Hausdorff",0.002,0.002,0.002,0.002,0.001,0.001,13,"minP"
"V-PCA","Ichino-Yaguchi",0.002,0.002,0.002,0.002,0.001,0.001,13,"minP"
"V-PCA","Wasserstein",0.002,0.002,0.002,0.002,0.001,0.001,13,"minP"
"V-PCA","Centers-Euclidean",0.002,0.002,0.002,0.002,0.001,0.001,13,"minP"
"MR-PCA","Int-Euclidean",0.001,0.001,0.001,0.001,0.001,0.001,13,"minP"
"MR-PCA","Hausdorff",0.001,0.001,0.001,0.001,0.001,0.001,13,"minP"
"MR-PCA","Ichino-Yaguchi",0.001,0.001,0.001,0.001,0.001,0.001,13,"minP"
"MR-PCA","Wasserstein",0.001,0.001,0.001,0.001,0.001,0.001,13,"minP"
"MR-PCA","Centers-Euclidean",0.001,0.001,0.001,0.001,0.001,0.001,13,"minP"
"SPCA","Int-Euclidean",0.002,0.089,0.002,0.062,0.001,0.001,13,"minP"
"SPCA","Hausdorff",0.002,0.002,0.002,0.002,0.001,0.001,13,"minP"
"SPCA","Ichino-Yaguchi",0.002,0.002,0.002,0.002,0.001,0.001,13,"minP"
"SPCA","Wasserstein",0.002,0.002,0.002,0.002,0.001,0.001,13,"minP"
"SPCA","Centers-Euclidean",0.002,0.002,0.002,0.002,0.001,0.001,13,"minP"
"IMDS","Int-Euclidean",0.01,0.301,0.008,0.027,0.006,0.038,13,"minP"
"IMDS","Hausdorff",0.004,0.004,0.003,0.003,0.006,0.977,13,"minP"
"IMDS","Ichino-Yaguchi",0.004,0.004,0.003,0.003,0.006,0.9,13,"minP"
"IMDS","Wasserstein",0.004,0.01,0.003,0.003,0.006,1,13,"minP"
"IMDS","Centers-Euclidean",0.004,0.004,0.003,0.003,0.006,0.93,13,"minP"
"Int-UMAP","Int-Euclidean",0.002,0.002,0.002,0.002,0.003,0.003,13,"minP"
"Int-UMAP","Hausdorff",0.002,0.012,0.002,0.119,0.003,0.521,13,"minP"
"Int-UMAP","Ichino-Yaguchi",0.002,0.028,0.002,0.288,0.003,0.928,13,"minP"
"Int-UMAP","Wasserstein",0.002,0.009,0.002,0.094,0.003,1,13,"minP"
"Int-UMAP","Centers-Euclidean",0.002,0.002,0.002,0.002,0.003,0.003,13,"minP"
"C-PCA","Int-Euclidean",0.001,0.002,0.001,0.002,0.001,0.001,14,"raw"
"C-PCA","Hausdorff",0.001,0.001,0.001,0.001,0.001,0.001,14,"raw"
"C-PCA","Ichino-Yaguchi",0.001,0.001,0.001,0.001,0.001,0.001,14,"raw"
"C-PCA","Wasserstein",0.001,0.001,0.001,0.001,0.001,0.001,14,"raw"
"C-PCA","Centers-Euclidean",0.001,0.001,0.001,0.001,0.001,0.001,14,"raw"
"V-PCA","Int-Euclidean",0.001,0.001,0.001,0.001,0.001,0.001,14,"raw"
"V-PCA","Hausdorff",0.001,0.001,0.001,0.001,0.001,0.001,14,"raw"
"V-PCA","Ichino-Yaguchi",0.001,0.001,0.001,0.001,0.001,0.001,14,"raw"
"V-PCA","Wasserstein",0.001,0.001,0.001,0.001,0.001,0.001,14,"raw"
"V-PCA","Centers-Euclidean",0.001,0.001,0.001,0.001,0.001,0.001,14,"raw"
"MR-PCA","Int-Euclidean",0.001,0.001,0.001,0.001,0.001,0.001,14,"raw"
"MR-PCA","Hausdorff",0.001,0.001,0.001,0.001,0.001,0.001,14,"raw"
"MR-PCA","Ichino-Yaguchi",0.001,0.001,0.001,0.001,0.001,0.001,14,"raw"
"MR-PCA","Wasserstein",0.001,0.001,0.001,0.001,0.001,0.001,14,"raw"
"MR-PCA","Centers-Euclidean",0.001,0.001,0.001,0.001,0.001,0.001,14,"raw"
"SPCA","Int-Euclidean",0.001,0.001,0.001,0.001,0.001,0.001,14,"raw"
"SPCA","Hausdorff",0.001,0.001,0.001,0.001,0.001,0.001,14,"raw"
"SPCA","Ichino-Yaguchi",0.001,0.001,0.001,0.001,0.001,0.001,14,"raw"
"SPCA","Wasserstein",0.001,0.001,0.001,0.001,0.001,0.001,14,"raw"
"SPCA","Centers-Euclidean",0.001,0.001,0.001,0.001,0.001,0.001,14,"raw"
"IMDS","Int-Euclidean",0.001,0.9,0.001,0.291,0.001,0.57,14,"raw"
"IMDS","Hausdorff",0.001,0.15,0.001,0.021,0.001,0.727,14,"raw"
"IMDS","Ichino-Yaguchi",0.001,0.146,0.001,0.004,0.001,0.232,14,"raw"
"IMDS","Wasserstein",0.001,0.139,0.001,0.012,0.001,0.503,14,"raw"
"IMDS","Centers-Euclidean",0.001,0.117,0.001,0.02,0.001,0.38,14,"raw"
"Int-UMAP","Int-Euclidean",0.001,0.001,0.001,0.001,0.001,0.001,14,"raw"
"Int-UMAP","Hausdorff",0.001,0.098,0.001,0.333,0.001,0.001,14,"raw"
"Int-UMAP","Ichino-Yaguchi",0.001,0.064,0.001,0.105,0.001,0.001,14,"raw"
"Int-UMAP","Wasserstein",0.001,0.027,0.001,0.069,0.001,0.001,14,"raw"
"Int-UMAP","Centers-Euclidean",0.001,0.002,0.001,0.001,0.001,0.02,14,"raw"
"C-PCA","Int-Euclidean",0.002,0.007,0.002,0.008,0.001,0.001,14,"minP"
"C-PCA","Hausdorff",0.002,0.002,0.002,0.002,0.001,0.001,14,"minP"
"C-PCA","Ichino-Yaguchi",0.002,0.002,0.002,0.002,0.001,0.001,14,"minP"
"C-PCA","Wasserstein",0.002,0.002,0.002,0.002,0.001,0.001,14,"minP"
"C-PCA","Centers-Euclidean",0.002,0.002,0.002,0.002,0.001,0.001,14,"minP"
"V-PCA","Int-Euclidean",0.001,0.001,0.001,0.001,0.001,0.001,14,"minP"
"V-PCA","Hausdorff",0.001,0.001,0.001,0.001,0.001,0.001,14,"minP"
"V-PCA","Ichino-Yaguchi",0.001,0.001,0.001,0.001,0.001,0.001,14,"minP"
"V-PCA","Wasserstein",0.001,0.001,0.001,0.001,0.001,0.001,14,"minP"
"V-PCA","Centers-Euclidean",0.001,0.001,0.001,0.001,0.001,0.001,14,"minP"
"MR-PCA","Int-Euclidean",0.001,0.001,0.001,0.001,0.001,0.001,14,"minP"
"MR-PCA","Hausdorff",0.001,0.001,0.001,0.001,0.001,0.001,14,"minP"
"MR-PCA","Ichino-Yaguchi",0.001,0.001,0.001,0.001,0.001,0.001,14,"minP"
"MR-PCA","Wasserstein",0.001,0.001,0.001,0.001,0.001,0.001,14,"minP"
"MR-PCA","Centers-Euclidean",0.001,0.001,0.001,0.001,0.001,0.001,14,"minP"
"SPCA","Int-Euclidean",0.001,0.001,0.001,0.001,0.001,0.001,14,"minP"
"SPCA","Hausdorff",0.001,0.001,0.001,0.001,0.001,0.001,14,"minP"
"SPCA","Ichino-Yaguchi",0.001,0.001,0.001,0.001,0.001,0.001,14,"minP"
"SPCA","Wasserstein",0.001,0.001,0.001,0.001,0.001,0.001,14,"minP"
"SPCA","Centers-Euclidean",0.001,0.001,0.001,0.001,0.001,0.001,14,"minP"
"IMDS","Int-Euclidean",0.006,1,0.005,0.824,0.006,0.995,14,"minP"
"IMDS","Hausdorff",0.006,0.548,0.005,0.119,0.006,1,14,"minP"
"IMDS","Ichino-Yaguchi",0.006,0.54,0.005,0.024,0.006,0.815,14,"minP"
"IMDS","Wasserstein",0.006,0.516,0.005,0.071,0.006,0.987,14,"minP"
"IMDS","Centers-Euclidean",0.006,0.464,0.005,0.116,0.006,0.959,14,"minP"
"Int-UMAP","Int-Euclidean",0.004,0.004,0.004,0.004,0.002,0.002,14,"minP"
"Int-UMAP","Hausdorff",0.004,0.374,0.004,0.82,0.002,0.002,14,"minP"
"Int-UMAP","Ichino-Yaguchi",0.004,0.266,0.004,0.381,0.002,0.002,14,"minP"
"Int-UMAP","Wasserstein",0.004,0.129,0.004,0.281,0.002,0.002,14,"minP"
"Int-UMAP","Centers-Euclidean",0.004,0.01,0.004,0.004,0.002,0.111,14,"minP"
"C-PCA","Int-Euclidean",0.001,0.006,0.001,0.009,0.001,0.001,15,"raw"
"C-PCA","Hausdorff",0.001,0.001,0.001,0.001,0.001,0.001,15,"raw"
"C-PCA","Ichino-Yaguchi",0.001,0.001,0.001,0.001,0.001,0.001,15,"raw"
"C-PCA","Wasserstein",0.001,0.001,0.001,0.001,0.001,0.001,15,"raw"
"C-PCA","Centers-Euclidean",0.001,0.001,0.001,0.001,0.001,0.001,15,"raw"
"V-PCA","Int-Euclidean",0.001,0.004,0.001,0.008,0.001,0.001,15,"raw"
"V-PCA","Hausdorff",0.001,0.001,0.001,0.001,0.001,0.001,15,"raw"
"V-PCA","Ichino-Yaguchi",0.001,0.001,0.001,0.001,0.001,0.001,15,"raw"
"V-PCA","Wasserstein",0.001,0.001,0.001,0.001,0.001,0.001,15,"raw"
"V-PCA","Centers-Euclidean",0.001,0.001,0.001,0.001,0.001,0.001,15,"raw"
"MR-PCA","Int-Euclidean",0.001,0.001,0.001,0.001,0.001,0.001,15,"raw"
"MR-PCA","Hausdorff",0.001,0.001,0.001,0.001,0.001,0.001,15,"raw"
"MR-PCA","Ichino-Yaguchi",0.001,0.001,0.001,0.001,0.001,0.001,15,"raw"
"MR-PCA","Wasserstein",0.001,0.001,0.001,0.001,0.001,0.001,15,"raw"
"MR-PCA","Centers-Euclidean",0.001,0.001,0.001,0.001,0.001,0.001,15,"raw"
"SPCA","Int-Euclidean",0.001,0.008,0.001,0.008,0.001,0.001,15,"raw"
"SPCA","Hausdorff",0.001,0.001,0.001,0.001,0.001,0.001,15,"raw"
"SPCA","Ichino-Yaguchi",0.001,0.001,0.001,0.001,0.001,0.001,15,"raw"
"SPCA","Wasserstein",0.001,0.001,0.001,0.001,0.001,0.001,15,"raw"
"SPCA","Centers-Euclidean",0.001,0.001,0.001,0.001,0.001,0.001,15,"raw"
"IMDS","Int-Euclidean",0.001,0.001,0.001,0.003,0.001,0.022,15,"raw"
"IMDS","Hausdorff",0.001,0.001,0.001,0.001,0.001,0.483,15,"raw"
"IMDS","Ichino-Yaguchi",0.001,0.001,0.001,0.001,0.001,0.158,15,"raw"
"IMDS","Wasserstein",0.001,0.001,0.001,0.001,0.001,0.36,15,"raw"
"IMDS","Centers-Euclidean",0.001,0.001,0.001,0.001,0.001,0.004,15,"raw"
"Int-UMAP","Int-Euclidean",0.001,0.002,0.001,0.002,0.001,0.001,15,"raw"
"Int-UMAP","Hausdorff",0.001,0.203,0.001,0.293,0.001,0.331,15,"raw"
"Int-UMAP","Ichino-Yaguchi",0.001,0.349,0.001,0.212,0.001,0.103,15,"raw"
"Int-UMAP","Wasserstein",0.001,0.118,0.001,0.116,0.001,0.145,15,"raw"
"Int-UMAP","Centers-Euclidean",0.001,0.007,0.001,0.001,0.001,0.001,15,"raw"
"C-PCA","Int-Euclidean",0.002,0.026,0.002,0.047,0.001,0.001,15,"minP"
"C-PCA","Hausdorff",0.002,0.002,0.002,0.002,0.001,0.001,15,"minP"
"C-PCA","Ichino-Yaguchi",0.002,0.002,0.002,0.002,0.001,0.001,15,"minP"
"C-PCA","Wasserstein",0.002,0.002,0.002,0.002,0.001,0.001,15,"minP"
"C-PCA","Centers-Euclidean",0.002,0.002,0.002,0.002,0.001,0.001,15,"minP"
"V-PCA","Int-Euclidean",0.002,0.018,0.002,0.039,0.001,0.001,15,"minP"
"V-PCA","Hausdorff",0.002,0.002,0.002,0.002,0.001,0.001,15,"minP"
"V-PCA","Ichino-Yaguchi",0.002,0.002,0.002,0.002,0.001,0.001,15,"minP"
"V-PCA","Wasserstein",0.002,0.002,0.002,0.002,0.001,0.001,15,"minP"
"V-PCA","Centers-Euclidean",0.002,0.002,0.002,0.002,0.001,0.001,15,"minP"
"MR-PCA","Int-Euclidean",0.001,0.001,0.001,0.001,0.001,0.001,15,"minP"
"MR-PCA","Hausdorff",0.001,0.001,0.001,0.001,0.001,0.001,15,"minP"
"MR-PCA","Ichino-Yaguchi",0.001,0.001,0.001,0.001,0.001,0.001,15,"minP"
"MR-PCA","Wasserstein",0.001,0.001,0.001,0.001,0.001,0.001,15,"minP"
"MR-PCA","Centers-Euclidean",0.001,0.001,0.001,0.001,0.001,0.001,15,"minP"
"SPCA","Int-Euclidean",0.002,0.039,0.002,0.051,0.001,0.001,15,"minP"
"SPCA","Hausdorff",0.002,0.002,0.002,0.002,0.001,0.001,15,"minP"
"SPCA","Ichino-Yaguchi",0.002,0.002,0.002,0.002,0.001,0.001,15,"minP"
"SPCA","Wasserstein",0.002,0.002,0.002,0.002,0.001,0.001,15,"minP"
"SPCA","Centers-Euclidean",0.002,0.002,0.002,0.002,0.001,0.001,15,"minP"
"IMDS","Int-Euclidean",0.001,0.001,0.002,0.016,0.006,0.143,15,"minP"
"IMDS","Hausdorff",0.001,0.001,0.002,0.002,0.006,0.981,15,"minP"
"IMDS","Ichino-Yaguchi",0.001,0.001,0.002,0.002,0.006,0.664,15,"minP"
"IMDS","Wasserstein",0.001,0.001,0.002,0.002,0.006,0.932,15,"minP"
"IMDS","Centers-Euclidean",0.001,0.001,0.002,0.002,0.006,0.026,15,"minP"
"Int-UMAP","Int-Euclidean",0.005,0.012,0.004,0.009,0.003,0.003,15,"minP"
"Int-UMAP","Hausdorff",0.005,0.62,0.004,0.763,0.003,0.891,15,"minP"
"Int-UMAP","Ichino-Yaguchi",0.005,0.829,0.004,0.626,0.003,0.461,15,"minP"
"Int-UMAP","Wasserstein",0.005,0.408,0.004,0.395,0.003,0.578,15,"minP"
"Int-UMAP","Centers-Euclidean",0.005,0.034,0.004,0.004,0.003,0.003,15,"minP"
"C-PCA","Int-Euclidean",0.001,0.001,0.001,0.002,0.001,0.001,16,"raw"
"C-PCA","Hausdorff",0.001,0.001,0.001,0.001,0.001,0.001,16,"raw"
"C-PCA","Ichino-Yaguchi",0.001,0.001,0.001,0.001,0.001,0.001,16,"raw"
"C-PCA","Wasserstein",0.001,0.001,0.001,0.001,0.001,0.001,16,"raw"
"C-PCA","Centers-Euclidean",0.001,0.001,0.001,0.001,0.001,0.001,16,"raw"
"V-PCA","Int-Euclidean",0.001,0.001,0.001,0.002,0.001,0.001,16,"raw"
"V-PCA","Hausdorff",0.001,0.001,0.001,0.001,0.001,0.001,16,"raw"
"V-PCA","Ichino-Yaguchi",0.001,0.001,0.001,0.001,0.001,0.001,16,"raw"
"V-PCA","Wasserstein",0.001,0.001,0.001,0.001,0.001,0.001,16,"raw"
"V-PCA","Centers-Euclidean",0.001,0.001,0.001,0.001,0.001,0.001,16,"raw"
"MR-PCA","Int-Euclidean",0.001,0.001,0.001,0.001,0.001,0.001,16,"raw"
"MR-PCA","Hausdorff",0.001,0.001,0.001,0.001,0.001,0.001,16,"raw"
"MR-PCA","Ichino-Yaguchi",0.001,0.001,0.001,0.001,0.001,0.001,16,"raw"
"MR-PCA","Wasserstein",0.001,0.001,0.001,0.001,0.001,0.001,16,"raw"
"MR-PCA","Centers-Euclidean",0.001,0.001,0.001,0.001,0.001,0.001,16,"raw"
"SPCA","Int-Euclidean",0.001,0.001,0.001,0.005,0.001,0.001,16,"raw"
"SPCA","Hausdorff",0.001,0.001,0.001,0.001,0.001,0.001,16,"raw"
"SPCA","Ichino-Yaguchi",0.001,0.001,0.001,0.001,0.001,0.001,16,"raw"
"SPCA","Wasserstein",0.001,0.001,0.001,0.001,0.001,0.001,16,"raw"
"SPCA","Centers-Euclidean",0.001,0.001,0.001,0.001,0.001,0.001,16,"raw"
"IMDS","Int-Euclidean",0.231,0.968,0.018,0.322,0.013,0.885,16,"raw"
"IMDS","Hausdorff",0.001,0.005,0.001,0.004,0.001,0.881,16,"raw"
"IMDS","Ichino-Yaguchi",0.001,0.001,0.001,0.003,0.001,0.901,16,"raw"
"IMDS","Wasserstein",0.001,0.001,0.001,0.005,0.001,0.754,16,"raw"
"IMDS","Centers-Euclidean",0.001,0.001,0.001,0.001,0.001,0.171,16,"raw"
"Int-UMAP","Int-Euclidean",0.001,0.037,0.001,0.434,0.001,0.003,16,"raw"
"Int-UMAP","Hausdorff",0.001,0.569,0.001,0.364,0.001,0.035,16,"raw"
"Int-UMAP","Ichino-Yaguchi",0.001,0.181,0.001,0.96,0.001,0.001,16,"raw"
"Int-UMAP","Wasserstein",0.001,0.481,0.001,0.848,0.001,0.004,16,"raw"
"Int-UMAP","Centers-Euclidean",0.001,0.68,0.001,0.648,0.001,0.001,16,"raw"
"C-PCA","Int-Euclidean",0.001,0.001,0.002,0.007,0.001,0.001,16,"minP"
"C-PCA","Hausdorff",0.001,0.001,0.002,0.002,0.001,0.001,16,"minP"
"C-PCA","Ichino-Yaguchi",0.001,0.001,0.002,0.002,0.001,0.001,16,"minP"
"C-PCA","Wasserstein",0.001,0.001,0.002,0.002,0.001,0.001,16,"minP"
"C-PCA","Centers-Euclidean",0.001,0.001,0.002,0.002,0.001,0.001,16,"minP"
"V-PCA","Int-Euclidean",0.001,0.001,0.002,0.009,0.001,0.001,16,"minP"
"V-PCA","Hausdorff",0.001,0.001,0.002,0.002,0.001,0.001,16,"minP"
"V-PCA","Ichino-Yaguchi",0.001,0.001,0.002,0.002,0.001,0.001,16,"minP"
"V-PCA","Wasserstein",0.001,0.001,0.002,0.002,0.001,0.001,16,"minP"
"V-PCA","Centers-Euclidean",0.001,0.001,0.002,0.002,0.001,0.001,16,"minP"
"MR-PCA","Int-Euclidean",0.001,0.001,0.001,0.001,0.001,0.001,16,"minP"
"MR-PCA","Hausdorff",0.001,0.001,0.001,0.001,0.001,0.001,16,"minP"
"MR-PCA","Ichino-Yaguchi",0.001,0.001,0.001,0.001,0.001,0.001,16,"minP"
"MR-PCA","Wasserstein",0.001,0.001,0.001,0.001,0.001,0.001,16,"minP"
"MR-PCA","Centers-Euclidean",0.001,0.001,0.001,0.001,0.001,0.001,16,"minP"
"SPCA","Int-Euclidean",0.001,0.001,0.002,0.024,0.001,0.001,16,"minP"
"SPCA","Hausdorff",0.001,0.001,0.002,0.002,0.001,0.001,16,"minP"
"SPCA","Ichino-Yaguchi",0.001,0.001,0.002,0.002,0.001,0.001,16,"minP"
"SPCA","Wasserstein",0.001,0.001,0.002,0.002,0.001,0.001,16,"minP"
"SPCA","Centers-Euclidean",0.001,0.001,0.002,0.002,0.001,0.001,16,"minP"
"IMDS","Int-Euclidean",0.731,1,0.106,0.853,0.092,1,16,"minP"
"IMDS","Hausdorff",0.004,0.025,0.005,0.023,0.007,1,16,"minP"
"IMDS","Ichino-Yaguchi",0.004,0.004,0.005,0.018,0.007,1,16,"minP"
"IMDS","Wasserstein",0.004,0.004,0.005,0.03,0.007,0.998,16,"minP"
"IMDS","Centers-Euclidean",0.004,0.004,0.005,0.005,0.007,0.7,16,"minP"
"Int-UMAP","Int-Euclidean",0.004,0.162,0.003,0.898,0.004,0.015,16,"minP"
"Int-UMAP","Hausdorff",0.004,0.967,0.003,0.834,0.004,0.184,16,"minP"
"Int-UMAP","Ichino-Yaguchi",0.004,0.561,0.003,1,0.004,0.004,16,"minP"
"Int-UMAP","Wasserstein",0.004,0.92,0.003,1,0.004,0.023,16,"minP"
"Int-UMAP","Centers-Euclidean",0.004,0.991,0.003,0.983,0.004,0.004,16,"minP"
"C-PCA","Int-Euclidean",0.001,0.003,0.001,0.001,0.001,0.001,17,"raw"
"C-PCA","Hausdorff",0.001,0.001,0.001,0.001,0.001,0.001,17,"raw"
"C-PCA","Ichino-Yaguchi",0.001,0.001,0.001,0.001,0.001,0.001,17,"raw"
"C-PCA","Wasserstein",0.001,0.001,0.001,0.001,0.001,0.001,17,"raw"
"C-PCA","Centers-Euclidean",0.001,0.001,0.001,0.001,0.001,0.001,17,"raw"
"V-PCA","Int-Euclidean",0.001,0.001,0.001,0.003,0.001,0.001,17,"raw"
"V-PCA","Hausdorff",0.001,0.001,0.001,0.001,0.001,0.001,17,"raw"
"V-PCA","Ichino-Yaguchi",0.001,0.001,0.001,0.001,0.001,0.001,17,"raw"
"V-PCA","Wasserstein",0.001,0.001,0.001,0.001,0.001,0.001,17,"raw"
"V-PCA","Centers-Euclidean",0.001,0.001,0.001,0.001,0.001,0.001,17,"raw"
"MR-PCA","Int-Euclidean",0.001,0.001,0.001,0.001,0.001,0.001,17,"raw"
"MR-PCA","Hausdorff",0.001,0.001,0.001,0.001,0.001,0.001,17,"raw"
"MR-PCA","Ichino-Yaguchi",0.001,0.001,0.001,0.001,0.001,0.001,17,"raw"
"MR-PCA","Wasserstein",0.001,0.001,0.001,0.001,0.001,0.001,17,"raw"
"MR-PCA","Centers-Euclidean",0.001,0.001,0.001,0.001,0.001,0.001,17,"raw"
"SPCA","Int-Euclidean",0.001,0.005,0.001,0.004,0.001,0.001,17,"raw"
"SPCA","Hausdorff",0.001,0.001,0.001,0.001,0.001,0.001,17,"raw"
"SPCA","Ichino-Yaguchi",0.001,0.001,0.001,0.001,0.001,0.001,17,"raw"
"SPCA","Wasserstein",0.001,0.001,0.001,0.001,0.001,0.001,17,"raw"
"SPCA","Centers-Euclidean",0.001,0.001,0.001,0.001,0.001,0.001,17,"raw"
"IMDS","Int-Euclidean",0.359,0.693,0.088,0.403,0.001,0.087,17,"raw"
"IMDS","Hausdorff",0.001,0.002,0.001,0.001,0.001,0.256,17,"raw"
"IMDS","Ichino-Yaguchi",0.001,0.008,0.001,0.021,0.001,0.617,17,"raw"
"IMDS","Wasserstein",0.001,0.002,0.001,0.001,0.001,0.405,17,"raw"
"IMDS","Centers-Euclidean",0.001,0.013,0.001,0.002,0.001,1,17,"raw"
"Int-UMAP","Int-Euclidean",0.001,0.62,0.001,0.149,0.001,0.001,17,"raw"
"Int-UMAP","Hausdorff",0.001,0.632,0.001,0.79,0.001,0.196,17,"raw"
"Int-UMAP","Ichino-Yaguchi",0.001,0.11,0.001,0.766,0.001,0.001,17,"raw"
"Int-UMAP","Wasserstein",0.001,0.362,0.001,0.915,0.001,0.001,17,"raw"
"Int-UMAP","Centers-Euclidean",0.001,0.463,0.001,0.204,0.001,0.001,17,"raw"
"C-PCA","Int-Euclidean",0.002,0.011,0.001,0.001,0.001,0.001,17,"minP"
"C-PCA","Hausdorff",0.002,0.002,0.001,0.001,0.001,0.001,17,"minP"
"C-PCA","Ichino-Yaguchi",0.002,0.002,0.001,0.001,0.001,0.001,17,"minP"
"C-PCA","Wasserstein",0.002,0.002,0.001,0.001,0.001,0.001,17,"minP"
"C-PCA","Centers-Euclidean",0.002,0.002,0.001,0.001,0.001,0.001,17,"minP"
"V-PCA","Int-Euclidean",0.001,0.001,0.002,0.016,0.001,0.001,17,"minP"
"V-PCA","Hausdorff",0.001,0.001,0.002,0.002,0.001,0.001,17,"minP"
"V-PCA","Ichino-Yaguchi",0.001,0.001,0.002,0.002,0.001,0.001,17,"minP"
"V-PCA","Wasserstein",0.001,0.001,0.002,0.002,0.001,0.001,17,"minP"
"V-PCA","Centers-Euclidean",0.001,0.001,0.002,0.002,0.001,0.001,17,"minP"
"MR-PCA","Int-Euclidean",0.001,0.001,0.001,0.001,0.001,0.001,17,"minP"
"MR-PCA","Hausdorff",0.001,0.001,0.001,0.001,0.001,0.001,17,"minP"
"MR-PCA","Ichino-Yaguchi",0.001,0.001,0.001,0.001,0.001,0.001,17,"minP"
"MR-PCA","Wasserstein",0.001,0.001,0.001,0.001,0.001,0.001,17,"minP"
"MR-PCA","Centers-Euclidean",0.001,0.001,0.001,0.001,0.001,0.001,17,"minP"
"SPCA","Int-Euclidean",0.002,0.023,0.002,0.017,0.001,0.001,17,"minP"
"SPCA","Hausdorff",0.002,0.002,0.002,0.002,0.001,0.001,17,"minP"
"SPCA","Ichino-Yaguchi",0.002,0.002,0.002,0.002,0.001,0.001,17,"minP"
"SPCA","Wasserstein",0.002,0.002,0.002,0.002,0.001,0.001,17,"minP"
"SPCA","Centers-Euclidean",0.002,0.002,0.002,0.002,0.001,0.001,17,"minP"
"IMDS","Int-Euclidean",0.878,1,0.391,0.913,0.005,0.443,17,"minP"
"IMDS","Hausdorff",0.007,0.013,0.005,0.005,0.005,0.842,17,"minP"
"IMDS","Ichino-Yaguchi",0.007,0.042,0.005,0.12,0.005,0.994,17,"minP"
"IMDS","Wasserstein",0.007,0.013,0.005,0.005,0.005,0.96,17,"minP"
"IMDS","Centers-Euclidean",0.007,0.066,0.005,0.013,0.005,1,17,"minP"
"Int-UMAP","Int-Euclidean",0.004,0.973,0.004,0.438,0.002,0.002,17,"minP"
"Int-UMAP","Hausdorff",0.004,0.981,0.004,0.998,0.002,0.636,17,"minP"
"Int-UMAP","Ichino-Yaguchi",0.004,0.345,0.004,0.998,0.002,0.002,17,"minP"
"Int-UMAP","Wasserstein",0.004,0.79,0.004,1,0.002,0.002,17,"minP"
"Int-UMAP","Centers-Euclidean",0.004,0.901,0.004,0.572,0.002,0.002,17,"minP"
"C-PCA","Int-Euclidean",0.001,0.001,0.001,0.001,0.001,0.001,18,"raw"
"C-PCA","Hausdorff",0.001,0.001,0.001,0.001,0.001,0.001,18,"raw"
"C-PCA","Ichino-Yaguchi",0.001,0.001,0.001,0.001,0.001,0.001,18,"raw"
"C-PCA","Wasserstein",0.001,0.001,0.001,0.001,0.001,0.001,18,"raw"
"C-PCA","Centers-Euclidean",0.001,0.001,0.001,0.001,0.001,0.001,18,"raw"
"V-PCA","Int-Euclidean",0.001,0.002,0.001,0.002,0.001,0.001,18,"raw"
"V-PCA","Hausdorff",0.001,0.001,0.001,0.001,0.001,0.001,18,"raw"
"V-PCA","Ichino-Yaguchi",0.001,0.001,0.001,0.001,0.001,0.001,18,"raw"
"V-PCA","Wasserstein",0.001,0.001,0.001,0.001,0.001,0.001,18,"raw"
"V-PCA","Centers-Euclidean",0.001,0.001,0.001,0.001,0.001,0.001,18,"raw"
"MR-PCA","Int-Euclidean",0.001,0.001,0.001,0.001,0.001,0.001,18,"raw"
"MR-PCA","Hausdorff",0.001,0.001,0.001,0.001,0.001,0.001,18,"raw"
"MR-PCA","Ichino-Yaguchi",0.001,0.001,0.001,0.001,0.001,0.001,18,"raw"
"MR-PCA","Wasserstein",0.001,0.001,0.001,0.001,0.001,0.001,18,"raw"
"MR-PCA","Centers-Euclidean",0.001,0.001,0.001,0.001,0.001,0.001,18,"raw"
"SPCA","Int-Euclidean",0.001,0.001,0.001,0.001,0.001,0.001,18,"raw"
"SPCA","Hausdorff",0.001,0.001,0.001,0.001,0.001,0.001,18,"raw"
"SPCA","Ichino-Yaguchi",0.001,0.001,0.001,0.001,0.001,0.001,18,"raw"
"SPCA","Wasserstein",0.001,0.001,0.001,0.001,0.001,0.001,18,"raw"
"SPCA","Centers-Euclidean",0.001,0.001,0.001,0.001,0.001,0.001,18,"raw"
"IMDS","Int-Euclidean",0.004,0.003,0.002,0.002,0.002,0.048,18,"raw"
"IMDS","Hausdorff",0.001,0.001,0.001,0.001,0.002,0.752,18,"raw"
"IMDS","Ichino-Yaguchi",0.001,0.001,0.001,0.001,0.001,0.415,18,"raw"
"IMDS","Wasserstein",0.001,0.001,0.001,0.001,0.001,0.131,18,"raw"
"IMDS","Centers-Euclidean",0.001,0.001,0.001,0.001,0.001,0.307,18,"raw"
"Int-UMAP","Int-Euclidean",0.001,0.008,0.001,0.001,0.001,0.001,18,"raw"
"Int-UMAP","Hausdorff",0.001,0.008,0.001,0.018,0.001,0.467,18,"raw"
"Int-UMAP","Ichino-Yaguchi",0.001,0.093,0.001,0.033,0.001,0.271,18,"raw"
"Int-UMAP","Wasserstein",0.001,0.027,0.001,0.012,0.001,0.001,18,"raw"
"Int-UMAP","Centers-Euclidean",0.001,0.002,0.001,0.002,0.001,0.001,18,"raw"
"C-PCA","Int-Euclidean",0.001,0.001,0.001,0.001,0.001,0.001,18,"minP"
"C-PCA","Hausdorff",0.001,0.001,0.001,0.001,0.001,0.001,18,"minP"
"C-PCA","Ichino-Yaguchi",0.001,0.001,0.001,0.001,0.001,0.001,18,"minP"
"C-PCA","Wasserstein",0.001,0.001,0.001,0.001,0.001,0.001,18,"minP"
"C-PCA","Centers-Euclidean",0.001,0.001,0.001,0.001,0.001,0.001,18,"minP"
"V-PCA","Int-Euclidean",0.002,0.008,0.002,0.005,0.001,0.001,18,"minP"
"V-PCA","Hausdorff",0.002,0.002,0.002,0.002,0.001,0.001,18,"minP"
"V-PCA","Ichino-Yaguchi",0.002,0.002,0.002,0.002,0.001,0.001,18,"minP"
"V-PCA","Wasserstein",0.002,0.002,0.002,0.002,0.001,0.001,18,"minP"
"V-PCA","Centers-Euclidean",0.002,0.002,0.002,0.002,0.001,0.001,18,"minP"
"MR-PCA","Int-Euclidean",0.001,0.001,0.001,0.001,0.001,0.001,18,"minP"
"MR-PCA","Hausdorff",0.001,0.001,0.001,0.001,0.001,0.001,18,"minP"
"MR-PCA","Ichino-Yaguchi",0.001,0.001,0.001,0.001,0.001,0.001,18,"minP"
"MR-PCA","Wasserstein",0.001,0.001,0.001,0.001,0.001,0.001,18,"minP"
"MR-PCA","Centers-Euclidean",0.001,0.001,0.001,0.001,0.001,0.001,18,"minP"
"SPCA","Int-Euclidean",0.001,0.001,0.001,0.001,0.001,0.001,18,"minP"
"SPCA","Hausdorff",0.001,0.001,0.001,0.001,0.001,0.001,18,"minP"
"SPCA","Ichino-Yaguchi",0.001,0.001,0.001,0.001,0.001,0.001,18,"minP"
"SPCA","Wasserstein",0.001,0.001,0.001,0.001,0.001,0.001,18,"minP"
"SPCA","Centers-Euclidean",0.001,0.001,0.001,0.001,0.001,0.001,18,"minP"
"IMDS","Int-Euclidean",0.019,0.014,0.008,0.008,0.015,0.284,18,"minP"
"IMDS","Hausdorff",0.003,0.003,0.003,0.003,0.015,1,18,"minP"
"IMDS","Ichino-Yaguchi",0.003,0.003,0.003,0.003,0.007,0.962,18,"minP"
"IMDS","Wasserstein",0.003,0.003,0.003,0.003,0.007,0.597,18,"minP"
"IMDS","Centers-Euclidean",0.003,0.003,0.003,0.003,0.007,0.885,18,"minP"
"Int-UMAP","Int-Euclidean",0.003,0.032,0.002,0.002,0.002,0.002,18,"minP"
"Int-UMAP","Hausdorff",0.003,0.032,0.002,0.075,0.002,0.96,18,"minP"
"Int-UMAP","Ichino-Yaguchi",0.003,0.313,0.002,0.123,0.002,0.785,18,"minP"
"Int-UMAP","Wasserstein",0.003,0.108,0.002,0.048,0.002,0.002,18,"minP"
"Int-UMAP","Centers-Euclidean",0.003,0.008,0.002,0.009,0.002,0.002,18,"minP"
"C-PCA","Int-Euclidean",0.001,0.001,0.001,0.001,0.001,0.001,19,"raw"
"C-PCA","Hausdorff",0.001,0.001,0.001,0.001,0.001,0.001,19,"raw"
"C-PCA","Ichino-Yaguchi",0.001,0.001,0.001,0.001,0.001,0.001,19,"raw"
"C-PCA","Wasserstein",0.001,0.001,0.001,0.001,0.001,0.001,19,"raw"
"C-PCA","Centers-Euclidean",0.001,0.001,0.001,0.001,0.001,0.001,19,"raw"
"V-PCA","Int-Euclidean",0.001,0.001,0.001,0.001,0.001,0.001,19,"raw"
"V-PCA","Hausdorff",0.001,0.001,0.001,0.001,0.001,0.001,19,"raw"
"V-PCA","Ichino-Yaguchi",0.001,0.001,0.001,0.001,0.001,0.001,19,"raw"
"V-PCA","Wasserstein",0.001,0.001,0.001,0.001,0.001,0.001,19,"raw"
"V-PCA","Centers-Euclidean",0.001,0.001,0.001,0.001,0.001,0.001,19,"raw"
"MR-PCA","Int-Euclidean",0.001,0.001,0.001,0.001,0.001,0.001,19,"raw"
"MR-PCA","Hausdorff",0.001,0.001,0.001,0.001,0.001,0.001,19,"raw"
"MR-PCA","Ichino-Yaguchi",0.001,0.001,0.001,0.001,0.001,0.001,19,"raw"
"MR-PCA","Wasserstein",0.001,0.001,0.001,0.001,0.001,0.001,19,"raw"
"MR-PCA","Centers-Euclidean",0.001,0.001,0.001,0.001,0.001,0.001,19,"raw"
"SPCA","Int-Euclidean",0.001,0.001,0.001,0.001,0.001,0.001,19,"raw"
"SPCA","Hausdorff",0.001,0.001,0.001,0.001,0.001,0.001,19,"raw"
"SPCA","Ichino-Yaguchi",0.001,0.001,0.001,0.001,0.001,0.001,19,"raw"
"SPCA","Wasserstein",0.001,0.001,0.001,0.001,0.001,0.001,19,"raw"
"SPCA","Centers-Euclidean",0.001,0.001,0.001,0.001,0.001,0.001,19,"raw"
"IMDS","Int-Euclidean",0.007,0.078,0.001,0.016,0.001,0.473,19,"raw"
"IMDS","Hausdorff",0.001,0.001,0.001,0.001,0.001,0.618,19,"raw"
"IMDS","Ichino-Yaguchi",0.001,0.001,0.001,0.001,0.001,0.184,19,"raw"
"IMDS","Wasserstein",0.001,0.001,0.001,0.001,0.001,0.001,19,"raw"
"IMDS","Centers-Euclidean",0.001,0.001,0.001,0.001,0.001,0.021,19,"raw"
"Int-UMAP","Int-Euclidean",0.001,0.001,0.001,0.001,0.001,0.001,19,"raw"
"Int-UMAP","Hausdorff",0.001,0.026,0.001,0.283,0.001,0.048,19,"raw"
"Int-UMAP","Ichino-Yaguchi",0.001,0.005,0.001,0.153,0.001,0.88,19,"raw"
"Int-UMAP","Wasserstein",0.001,0.001,0.001,0.082,0.001,0.529,19,"raw"
"Int-UMAP","Centers-Euclidean",0.001,0.001,0.001,0.001,0.001,0.001,19,"raw"
"C-PCA","Int-Euclidean",0.001,0.001,0.001,0.001,0.001,0.001,19,"minP"
"C-PCA","Hausdorff",0.001,0.001,0.001,0.001,0.001,0.001,19,"minP"
"C-PCA","Ichino-Yaguchi",0.001,0.001,0.001,0.001,0.001,0.001,19,"minP"
"C-PCA","Wasserstein",0.001,0.001,0.001,0.001,0.001,0.001,19,"minP"
"C-PCA","Centers-Euclidean",0.001,0.001,0.001,0.001,0.001,0.001,19,"minP"
"V-PCA","Int-Euclidean",0.001,0.001,0.001,0.001,0.001,0.001,19,"minP"
"V-PCA","Hausdorff",0.001,0.001,0.001,0.001,0.001,0.001,19,"minP"
"V-PCA","Ichino-Yaguchi",0.001,0.001,0.001,0.001,0.001,0.001,19,"minP"
"V-PCA","Wasserstein",0.001,0.001,0.001,0.001,0.001,0.001,19,"minP"
"V-PCA","Centers-Euclidean",0.001,0.001,0.001,0.001,0.001,0.001,19,"minP"
"MR-PCA","Int-Euclidean",0.001,0.001,0.001,0.001,0.001,0.001,19,"minP"
"MR-PCA","Hausdorff",0.001,0.001,0.001,0.001,0.001,0.001,19,"minP"
"MR-PCA","Ichino-Yaguchi",0.001,0.001,0.001,0.001,0.001,0.001,19,"minP"
"MR-PCA","Wasserstein",0.001,0.001,0.001,0.001,0.001,0.001,19,"minP"
"MR-PCA","Centers-Euclidean",0.001,0.001,0.001,0.001,0.001,0.001,19,"minP"
"SPCA","Int-Euclidean",0.001,0.001,0.001,0.001,0.001,0.001,19,"minP"
"SPCA","Hausdorff",0.001,0.001,0.001,0.001,0.001,0.001,19,"minP"
"SPCA","Ichino-Yaguchi",0.001,0.001,0.001,0.001,0.001,0.001,19,"minP"
"SPCA","Wasserstein",0.001,0.001,0.001,0.001,0.001,0.001,19,"minP"
"SPCA","Centers-Euclidean",0.001,0.001,0.001,0.001,0.001,0.001,19,"minP"
"IMDS","Int-Euclidean",0.04,0.337,0.002,0.095,0.005,0.978,19,"minP"
"IMDS","Hausdorff",0.003,0.003,0.002,0.002,0.005,0.998,19,"minP"
"IMDS","Ichino-Yaguchi",0.003,0.003,0.002,0.002,0.005,0.712,19,"minP"
"IMDS","Wasserstein",0.003,0.003,0.002,0.002,0.005,0.005,19,"minP"
"IMDS","Centers-Euclidean",0.003,0.003,0.002,0.002,0.005,0.135,19,"minP"
"Int-UMAP","Int-Euclidean",0.003,0.003,0.003,0.003,0.003,0.003,19,"minP"
"Int-UMAP","Hausdorff",0.003,0.118,0.003,0.733,0.003,0.254,19,"minP"
"Int-UMAP","Ichino-Yaguchi",0.003,0.029,0.003,0.514,0.003,1,19,"minP"
"Int-UMAP","Wasserstein",0.003,0.003,0.003,0.331,0.003,0.983,19,"minP"
"Int-UMAP","Centers-Euclidean",0.003,0.003,0.003,0.003,0.003,0.003,19,"minP"
"C-PCA","Int-Euclidean",0.001,0.014,0.001,0.01,0.001,0.001,20,"raw"
"C-PCA","Hausdorff",0.001,0.001,0.001,0.001,0.001,0.001,20,"raw"
"C-PCA","Ichino-Yaguchi",0.001,0.001,0.001,0.001,0.001,0.001,20,"raw"
"C-PCA","Wasserstein",0.001,0.001,0.001,0.001,0.001,0.001,20,"raw"
"C-PCA","Centers-Euclidean",0.001,0.001,0.001,0.001,0.001,0.001,20,"raw"
"V-PCA","Int-Euclidean",0.001,0.013,0.001,0.011,0.001,0.001,20,"raw"
"V-PCA","Hausdorff",0.001,0.001,0.001,0.001,0.001,0.001,20,"raw"
"V-PCA","Ichino-Yaguchi",0.001,0.001,0.001,0.001,0.001,0.001,20,"raw"
"V-PCA","Wasserstein",0.001,0.001,0.001,0.001,0.001,0.001,20,"raw"
"V-PCA","Centers-Euclidean",0.001,0.001,0.001,0.001,0.001,0.001,20,"raw"
"MR-PCA","Int-Euclidean",0.001,0.001,0.001,0.001,0.001,0.001,20,"raw"
"MR-PCA","Hausdorff",0.001,0.001,0.001,0.001,0.001,0.001,20,"raw"
"MR-PCA","Ichino-Yaguchi",0.001,0.001,0.001,0.001,0.001,0.001,20,"raw"
"MR-PCA","Wasserstein",0.001,0.001,0.001,0.001,0.001,0.001,20,"raw"
"MR-PCA","Centers-Euclidean",0.001,0.001,0.001,0.001,0.001,0.001,20,"raw"
"SPCA","Int-Euclidean",0.001,0.013,0.001,0.008,0.001,0.001,20,"raw"
"SPCA","Hausdorff",0.001,0.001,0.001,0.001,0.001,0.001,20,"raw"
"SPCA","Ichino-Yaguchi",0.001,0.001,0.001,0.001,0.001,0.001,20,"raw"
"SPCA","Wasserstein",0.001,0.001,0.001,0.001,0.001,0.001,20,"raw"
"SPCA","Centers-Euclidean",0.001,0.001,0.001,0.001,0.001,0.001,20,"raw"
"IMDS","Int-Euclidean",0.01,0.008,0.003,0.001,0.008,0.059,20,"raw"
"IMDS","Hausdorff",0.001,0.001,0.001,0.001,0.001,0.583,20,"raw"
"IMDS","Ichino-Yaguchi",0.001,0.001,0.001,0.001,0.001,0.7,20,"raw"
"IMDS","Wasserstein",0.001,0.001,0.001,0.001,0.001,0.874,20,"raw"
"IMDS","Centers-Euclidean",0.001,0.001,0.001,0.001,0.004,0.959,20,"raw"
"Int-UMAP","Int-Euclidean",0.001,0.001,0.001,0.001,0.001,0.057,20,"raw"
"Int-UMAP","Hausdorff",0.001,0.002,0.001,0.012,0.001,0.355,20,"raw"
"Int-UMAP","Ichino-Yaguchi",0.001,0.004,0.001,0.004,0.001,0.001,20,"raw"
"Int-UMAP","Wasserstein",0.001,0.002,0.001,0.002,0.001,0.001,20,"raw"
"Int-UMAP","Centers-Euclidean",0.001,0.001,0.001,0.001,0.001,0.001,20,"raw"
"C-PCA","Int-Euclidean",0.002,0.074,0.002,0.051,0.001,0.001,20,"minP"
"C-PCA","Hausdorff",0.002,0.002,0.002,0.002,0.001,0.001,20,"minP"
"C-PCA","Ichino-Yaguchi",0.002,0.002,0.002,0.002,0.001,0.001,20,"minP"
"C-PCA","Wasserstein",0.002,0.002,0.002,0.002,0.001,0.001,20,"minP"
"C-PCA","Centers-Euclidean",0.002,0.002,0.002,0.002,0.001,0.001,20,"minP"
"V-PCA","Int-Euclidean",0.002,0.061,0.002,0.051,0.001,0.001,20,"minP"
"V-PCA","Hausdorff",0.002,0.002,0.002,0.002,0.001,0.001,20,"minP"
"V-PCA","Ichino-Yaguchi",0.002,0.002,0.002,0.002,0.001,0.001,20,"minP"
"V-PCA","Wasserstein",0.002,0.002,0.002,0.002,0.001,0.001,20,"minP"
"V-PCA","Centers-Euclidean",0.002,0.002,0.002,0.002,0.001,0.001,20,"minP"
"MR-PCA","Int-Euclidean",0.001,0.001,0.001,0.001,0.001,0.001,20,"minP"
"MR-PCA","Hausdorff",0.001,0.001,0.001,0.001,0.001,0.001,20,"minP"
"MR-PCA","Ichino-Yaguchi",0.001,0.001,0.001,0.001,0.001,0.001,20,"minP"
"MR-PCA","Wasserstein",0.001,0.001,0.001,0.001,0.001,0.001,20,"minP"
"MR-PCA","Centers-Euclidean",0.001,0.001,0.001,0.001,0.001,0.001,20,"minP"
"SPCA","Int-Euclidean",0.002,0.068,0.002,0.042,0.001,0.001,20,"minP"
"SPCA","Hausdorff",0.002,0.002,0.002,0.002,0.001,0.001,20,"minP"
"SPCA","Ichino-Yaguchi",0.002,0.002,0.002,0.002,0.001,0.001,20,"minP"
"SPCA","Wasserstein",0.002,0.002,0.002,0.002,0.001,0.001,20,"minP"
"SPCA","Centers-Euclidean",0.002,0.002,0.002,0.002,0.001,0.001,20,"minP"
"IMDS","Int-Euclidean",0.053,0.043,0.016,0.002,0.058,0.326,20,"minP"
"IMDS","Hausdorff",0.003,0.003,0.002,0.002,0.006,0.995,20,"minP"
"IMDS","Ichino-Yaguchi",0.003,0.003,0.002,0.002,0.006,0.999,20,"minP"
"IMDS","Wasserstein",0.003,0.003,0.002,0.002,0.006,1,20,"minP"
"IMDS","Centers-Euclidean",0.003,0.003,0.002,0.002,0.031,1,20,"minP"
"Int-UMAP","Int-Euclidean",0.002,0.002,0.002,0.002,0.003,0.27,20,"minP"
"Int-UMAP","Hausdorff",0.002,0.007,0.002,0.052,0.003,0.866,20,"minP"
"Int-UMAP","Ichino-Yaguchi",0.002,0.018,0.002,0.018,0.003,0.003,20,"minP"
"Int-UMAP","Wasserstein",0.002,0.007,0.002,0.008,0.003,0.003,20,"minP"
"Int-UMAP","Centers-Euclidean",0.002,0.002,0.002,0.002,0.003,0.003,20,"minP"
"C-PCA","Int-Euclidean",0.001,0.051,0.001,0.042,0.001,0.001,21,"raw"
"C-PCA","Hausdorff",0.001,0.001,0.001,0.001,0.001,0.001,21,"raw"
"C-PCA","Ichino-Yaguchi",0.001,0.001,0.001,0.001,0.001,0.001,21,"raw"
"C-PCA","Wasserstein",0.001,0.001,0.001,0.001,0.001,0.001,21,"raw"
"C-PCA","Centers-Euclidean",0.001,0.001,0.001,0.001,0.001,0.001,21,"raw"
"V-PCA","Int-Euclidean",0.001,0.053,0.001,0.046,0.001,0.001,21,"raw"
"V-PCA","Hausdorff",0.001,0.001,0.001,0.001,0.001,0.001,21,"raw"
"V-PCA","Ichino-Yaguchi",0.001,0.001,0.001,0.001,0.001,0.001,21,"raw"
"V-PCA","Wasserstein",0.001,0.001,0.001,0.001,0.001,0.001,21,"raw"
"V-PCA","Centers-Euclidean",0.001,0.001,0.001,0.001,0.001,0.001,21,"raw"
"MR-PCA","Int-Euclidean",0.001,0.001,0.001,0.001,0.001,0.001,21,"raw"
"MR-PCA","Hausdorff",0.001,0.001,0.001,0.001,0.001,0.001,21,"raw"
"MR-PCA","Ichino-Yaguchi",0.001,0.001,0.001,0.001,0.001,0.001,21,"raw"
"MR-PCA","Wasserstein",0.001,0.001,0.001,0.001,0.001,0.001,21,"raw"
"MR-PCA","Centers-Euclidean",0.001,0.001,0.001,0.001,0.001,0.001,21,"raw"
"SPCA","Int-Euclidean",0.001,0.059,0.001,0.034,0.001,0.001,21,"raw"
"SPCA","Hausdorff",0.001,0.001,0.001,0.001,0.001,0.001,21,"raw"
"SPCA","Ichino-Yaguchi",0.001,0.001,0.001,0.001,0.001,0.001,21,"raw"
"SPCA","Wasserstein",0.001,0.001,0.001,0.001,0.001,0.001,21,"raw"
"SPCA","Centers-Euclidean",0.001,0.001,0.001,0.001,0.001,0.001,21,"raw"
"IMDS","Int-Euclidean",0.001,0.002,0.001,0.001,0.001,0.901,21,"raw"
"IMDS","Hausdorff",0.001,0.001,0.001,0.001,0.001,0.189,21,"raw"
"IMDS","Ichino-Yaguchi",0.001,0.001,0.001,0.001,0.001,0.266,21,"raw"
"IMDS","Wasserstein",0.001,0.001,0.001,0.001,0.001,0.355,21,"raw"
"IMDS","Centers-Euclidean",0.001,0.001,0.001,0.001,0.001,0.486,21,"raw"
"Int-UMAP","Int-Euclidean",0.001,0.014,0.001,0.015,0.001,0.036,21,"raw"
"Int-UMAP","Hausdorff",0.001,0.095,0.001,0.277,0.001,0.458,21,"raw"
"Int-UMAP","Ichino-Yaguchi",0.001,0.412,0.001,0.516,0.001,0.005,21,"raw"
"Int-UMAP","Wasserstein",0.001,0.104,0.001,0.361,0.001,0.017,21,"raw"
"Int-UMAP","Centers-Euclidean",0.001,0.004,0.001,0.008,0.001,0.001,21,"raw"
"C-PCA","Int-Euclidean",0.002,0.213,0.002,0.194,0.001,0.001,21,"minP"
"C-PCA","Hausdorff",0.002,0.002,0.002,0.002,0.001,0.001,21,"minP"
"C-PCA","Ichino-Yaguchi",0.002,0.002,0.002,0.002,0.001,0.001,21,"minP"
"C-PCA","Wasserstein",0.002,0.002,0.002,0.002,0.001,0.001,21,"minP"
"C-PCA","Centers-Euclidean",0.002,0.002,0.002,0.002,0.001,0.001,21,"minP"
"V-PCA","Int-Euclidean",0.002,0.227,0.002,0.202,0.001,0.001,21,"minP"
"V-PCA","Hausdorff",0.002,0.002,0.002,0.002,0.001,0.001,21,"minP"
"V-PCA","Ichino-Yaguchi",0.002,0.002,0.002,0.002,0.001,0.001,21,"minP"
"V-PCA","Wasserstein",0.002,0.002,0.002,0.002,0.001,0.001,21,"minP"
"V-PCA","Centers-Euclidean",0.002,0.002,0.002,0.002,0.001,0.001,21,"minP"
"MR-PCA","Int-Euclidean",0.001,0.001,0.001,0.001,0.001,0.001,21,"minP"
"MR-PCA","Hausdorff",0.001,0.001,0.001,0.001,0.001,0.001,21,"minP"
"MR-PCA","Ichino-Yaguchi",0.001,0.001,0.001,0.001,0.001,0.001,21,"minP"
"MR-PCA","Wasserstein",0.001,0.001,0.001,0.001,0.001,0.001,21,"minP"
"MR-PCA","Centers-Euclidean",0.001,0.001,0.001,0.001,0.001,0.001,21,"minP"
"SPCA","Int-Euclidean",0.002,0.251,0.002,0.151,0.001,0.001,21,"minP"
"SPCA","Hausdorff",0.002,0.002,0.002,0.002,0.001,0.001,21,"minP"
"SPCA","Ichino-Yaguchi",0.002,0.002,0.002,0.002,0.001,0.001,21,"minP"
"SPCA","Wasserstein",0.002,0.002,0.002,0.002,0.001,0.001,21,"minP"
"SPCA","Centers-Euclidean",0.002,0.002,0.002,0.002,0.001,0.001,21,"minP"
"IMDS","Int-Euclidean",0.002,0.009,0.001,0.001,0.006,1,21,"minP"
"IMDS","Hausdorff",0.002,0.002,0.001,0.001,0.006,0.739,21,"minP"
"IMDS","Ichino-Yaguchi",0.002,0.002,0.001,0.001,0.006,0.861,21,"minP"
"IMDS","Wasserstein",0.002,0.002,0.001,0.001,0.006,0.931,21,"minP"
"IMDS","Centers-Euclidean",0.002,0.002,0.001,0.001,0.006,0.982,21,"minP"
"Int-UMAP","Int-Euclidean",0.004,0.062,0.004,0.065,0.004,0.181,21,"minP"
"Int-UMAP","Hausdorff",0.004,0.327,0.004,0.72,0.004,0.953,21,"minP"
"Int-UMAP","Ichino-Yaguchi",0.004,0.865,0.004,0.944,0.004,0.031,21,"minP"
"Int-UMAP","Wasserstein",0.004,0.349,0.004,0.819,0.004,0.086,21,"minP"
"Int-UMAP","Centers-Euclidean",0.004,0.017,0.004,0.036,0.004,0.004,21,"minP"
"C-PCA","Int-Euclidean",0.001,0.001,0.001,0.002,0.001,0.001,22,"raw"
"C-PCA","Hausdorff",0.001,0.001,0.001,0.001,0.001,0.001,22,"raw"
"C-PCA","Ichino-Yaguchi",0.001,0.001,0.001,0.001,0.001,0.001,22,"raw"
"C-PCA","Wasserstein",0.001,0.001,0.001,0.001,0.001,0.001,22,"raw"
"C-PCA","Centers-Euclidean",0.001,0.001,0.001,0.001,0.001,0.001,22,"raw"
"V-PCA","Int-Euclidean",0.001,0.001,0.001,0.001,0.001,0.001,22,"raw"
"V-PCA","Hausdorff",0.001,0.001,0.001,0.001,0.001,0.001,22,"raw"
"V-PCA","Ichino-Yaguchi",0.001,0.001,0.001,0.001,0.001,0.001,22,"raw"
"V-PCA","Wasserstein",0.001,0.001,0.001,0.001,0.001,0.001,22,"raw"
"V-PCA","Centers-Euclidean",0.001,0.001,0.001,0.001,0.001,0.001,22,"raw"
"MR-PCA","Int-Euclidean",0.001,0.001,0.001,0.001,0.001,0.001,22,"raw"
"MR-PCA","Hausdorff",0.001,0.001,0.001,0.001,0.001,0.001,22,"raw"
"MR-PCA","Ichino-Yaguchi",0.001,0.001,0.001,0.001,0.001,0.001,22,"raw"
"MR-PCA","Wasserstein",0.001,0.001,0.001,0.001,0.001,0.001,22,"raw"
"MR-PCA","Centers-Euclidean",0.001,0.001,0.001,0.001,0.001,0.001,22,"raw"
"SPCA","Int-Euclidean",0.001,0.001,0.001,0.001,0.001,0.001,22,"raw"
"SPCA","Hausdorff",0.001,0.001,0.001,0.001,0.001,0.001,22,"raw"
"SPCA","Ichino-Yaguchi",0.001,0.001,0.001,0.001,0.001,0.001,22,"raw"
"SPCA","Wasserstein",0.001,0.001,0.001,0.001,0.001,0.001,22,"raw"
"SPCA","Centers-Euclidean",0.001,0.001,0.001,0.001,0.001,0.001,22,"raw"
"IMDS","Int-Euclidean",0.001,0.01,0.001,0.001,0.001,0.742,22,"raw"
"IMDS","Hausdorff",0.001,0.001,0.001,0.001,0.001,0.894,22,"raw"
"IMDS","Ichino-Yaguchi",0.001,0.001,0.001,0.001,0.001,0.786,22,"raw"
"IMDS","Wasserstein",0.001,0.001,0.001,0.001,0.001,0.237,22,"raw"
"IMDS","Centers-Euclidean",0.001,0.001,0.001,0.001,0.001,0.392,22,"raw"
"Int-UMAP","Int-Euclidean",0.001,0.001,0.001,0.001,0.001,0.001,22,"raw"
"Int-UMAP","Hausdorff",0.001,0.001,0.001,0.001,0.001,0.001,22,"raw"
"Int-UMAP","Ichino-Yaguchi",0.001,0.001,0.001,0.001,0.001,0.013,22,"raw"
"Int-UMAP","Wasserstein",0.001,0.001,0.001,0.001,0.001,0.001,22,"raw"
"Int-UMAP","Centers-Euclidean",0.001,0.001,0.001,0.001,0.001,0.071,22,"raw"
"C-PCA","Int-Euclidean",0.001,0.001,0.002,0.009,0.001,0.001,22,"minP"
"C-PCA","Hausdorff",0.001,0.001,0.002,0.002,0.001,0.001,22,"minP"
"C-PCA","Ichino-Yaguchi",0.001,0.001,0.002,0.002,0.001,0.001,22,"minP"
"C-PCA","Wasserstein",0.001,0.001,0.002,0.002,0.001,0.001,22,"minP"
"C-PCA","Centers-Euclidean",0.001,0.001,0.002,0.002,0.001,0.001,22,"minP"
"V-PCA","Int-Euclidean",0.001,0.001,0.001,0.001,0.001,0.001,22,"minP"
"V-PCA","Hausdorff",0.001,0.001,0.001,0.001,0.001,0.001,22,"minP"
"V-PCA","Ichino-Yaguchi",0.001,0.001,0.001,0.001,0.001,0.001,22,"minP"
"V-PCA","Wasserstein",0.001,0.001,0.001,0.001,0.001,0.001,22,"minP"
"V-PCA","Centers-Euclidean",0.001,0.001,0.001,0.001,0.001,0.001,22,"minP"
"MR-PCA","Int-Euclidean",0.001,0.001,0.001,0.001,0.001,0.001,22,"minP"
"MR-PCA","Hausdorff",0.001,0.001,0.001,0.001,0.001,0.001,22,"minP"
"MR-PCA","Ichino-Yaguchi",0.001,0.001,0.001,0.001,0.001,0.001,22,"minP"
"MR-PCA","Wasserstein",0.001,0.001,0.001,0.001,0.001,0.001,22,"minP"
"MR-PCA","Centers-Euclidean",0.001,0.001,0.001,0.001,0.001,0.001,22,"minP"
"SPCA","Int-Euclidean",0.001,0.001,0.001,0.001,0.001,0.001,22,"minP"
"SPCA","Hausdorff",0.001,0.001,0.001,0.001,0.001,0.001,22,"minP"
"SPCA","Ichino-Yaguchi",0.001,0.001,0.001,0.001,0.001,0.001,22,"minP"
"SPCA","Wasserstein",0.001,0.001,0.001,0.001,0.001,0.001,22,"minP"
"SPCA","Centers-Euclidean",0.001,0.001,0.001,0.001,0.001,0.001,22,"minP"
"IMDS","Int-Euclidean",0.002,0.061,0.001,0.001,0.005,1,22,"minP"
"IMDS","Hausdorff",0.002,0.002,0.001,0.001,0.005,1,22,"minP"
"IMDS","Ichino-Yaguchi",0.002,0.002,0.001,0.001,0.005,1,22,"minP"
"IMDS","Wasserstein",0.002,0.002,0.001,0.001,0.005,0.833,22,"minP"
"IMDS","Centers-Euclidean",0.002,0.002,0.001,0.001,0.005,0.951,22,"minP"
"Int-UMAP","Int-Euclidean",0.001,0.001,0.001,0.001,0.003,0.003,22,"minP"
"Int-UMAP","Hausdorff",0.001,0.001,0.001,0.001,0.003,0.003,22,"minP"
"Int-UMAP","Ichino-Yaguchi",0.001,0.001,0.001,0.001,0.003,0.083,22,"minP"
"Int-UMAP","Wasserstein",0.001,0.001,0.001,0.001,0.003,0.003,22,"minP"
"Int-UMAP","Centers-Euclidean",0.001,0.001,0.001,0.001,0.003,0.348,22,"minP"
"C-PCA","Int-Euclidean",0.001,0.002,0.001,0.001,0.001,0.001,23,"raw"
"C-PCA","Hausdorff",0.001,0.001,0.001,0.001,0.001,0.001,23,"raw"
"C-PCA","Ichino-Yaguchi",0.001,0.001,0.001,0.001,0.001,0.001,23,"raw"
"C-PCA","Wasserstein",0.001,0.001,0.001,0.001,0.001,0.001,23,"raw"
"C-PCA","Centers-Euclidean",0.001,0.001,0.001,0.001,0.001,0.001,23,"raw"
"V-PCA","Int-Euclidean",0.001,0.001,0.001,0.001,0.001,0.001,23,"raw"
"V-PCA","Hausdorff",0.001,0.001,0.001,0.001,0.001,0.001,23,"raw"
"V-PCA","Ichino-Yaguchi",0.001,0.001,0.001,0.001,0.001,0.001,23,"raw"
"V-PCA","Wasserstein",0.001,0.001,0.001,0.001,0.001,0.001,23,"raw"
"V-PCA","Centers-Euclidean",0.001,0.001,0.001,0.001,0.001,0.001,23,"raw"
"MR-PCA","Int-Euclidean",0.001,0.001,0.001,0.001,0.001,0.001,23,"raw"
"MR-PCA","Hausdorff",0.001,0.001,0.001,0.001,0.001,0.001,23,"raw"
"MR-PCA","Ichino-Yaguchi",0.001,0.001,0.001,0.001,0.001,0.001,23,"raw"
"MR-PCA","Wasserstein",0.001,0.001,0.001,0.001,0.001,0.001,23,"raw"
"MR-PCA","Centers-Euclidean",0.001,0.001,0.001,0.001,0.001,0.001,23,"raw"
"SPCA","Int-Euclidean",0.001,0.001,0.001,0.001,0.001,0.001,23,"raw"
"SPCA","Hausdorff",0.001,0.001,0.001,0.001,0.001,0.001,23,"raw"
"SPCA","Ichino-Yaguchi",0.001,0.001,0.001,0.001,0.001,0.001,23,"raw"
"SPCA","Wasserstein",0.001,0.001,0.001,0.001,0.001,0.001,23,"raw"
"SPCA","Centers-Euclidean",0.001,0.001,0.001,0.001,0.001,0.001,23,"raw"
"IMDS","Int-Euclidean",0.146,0.418,0.01,0.145,0.001,0.645,23,"raw"
"IMDS","Hausdorff",0.001,0.045,0.001,0.002,0.001,0.794,23,"raw"
"IMDS","Ichino-Yaguchi",0.001,0.003,0.001,0.003,0.001,0.104,23,"raw"
"IMDS","Wasserstein",0.001,0.013,0.001,0.001,0.001,0.507,23,"raw"
"IMDS","Centers-Euclidean",0.001,0.047,0.001,0.002,0.001,1,23,"raw"
"Int-UMAP","Int-Euclidean",0.001,0.383,0.001,0.018,0.001,0.001,23,"raw"
"Int-UMAP","Hausdorff",0.001,0.809,0.001,0.868,0.001,0.005,23,"raw"
"Int-UMAP","Ichino-Yaguchi",0.001,0.636,0.001,0.589,0.001,0.458,23,"raw"
"Int-UMAP","Wasserstein",0.001,0.786,0.001,0.273,0.001,0.127,23,"raw"
"Int-UMAP","Centers-Euclidean",0.001,0.038,0.001,0.001,0.001,0.001,23,"raw"
"C-PCA","Int-Euclidean",0.002,0.009,0.001,0.001,0.001,0.001,23,"minP"
"C-PCA","Hausdorff",0.002,0.002,0.001,0.001,0.001,0.001,23,"minP"
"C-PCA","Ichino-Yaguchi",0.002,0.002,0.001,0.001,0.001,0.001,23,"minP"
"C-PCA","Wasserstein",0.002,0.002,0.001,0.001,0.001,0.001,23,"minP"
"C-PCA","Centers-Euclidean",0.002,0.002,0.001,0.001,0.001,0.001,23,"minP"
"V-PCA","Int-Euclidean",0.001,0.001,0.001,0.001,0.001,0.001,23,"minP"
"V-PCA","Hausdorff",0.001,0.001,0.001,0.001,0.001,0.001,23,"minP"
"V-PCA","Ichino-Yaguchi",0.001,0.001,0.001,0.001,0.001,0.001,23,"minP"
"V-PCA","Wasserstein",0.001,0.001,0.001,0.001,0.001,0.001,23,"minP"
"V-PCA","Centers-Euclidean",0.001,0.001,0.001,0.001,0.001,0.001,23,"minP"
"MR-PCA","Int-Euclidean",0.001,0.001,0.001,0.001,0.001,0.001,23,"minP"
"MR-PCA","Hausdorff",0.001,0.001,0.001,0.001,0.001,0.001,23,"minP"
"MR-PCA","Ichino-Yaguchi",0.001,0.001,0.001,0.001,0.001,0.001,23,"minP"
"MR-PCA","Wasserstein",0.001,0.001,0.001,0.001,0.001,0.001,23,"minP"
"MR-PCA","Centers-Euclidean",0.001,0.001,0.001,0.001,0.001,0.001,23,"minP"
"SPCA","Int-Euclidean",0.001,0.001,0.001,0.001,0.001,0.001,23,"minP"
"SPCA","Hausdorff",0.001,0.001,0.001,0.001,0.001,0.001,23,"minP"
"SPCA","Ichino-Yaguchi",0.001,0.001,0.001,0.001,0.001,0.001,23,"minP"
"SPCA","Wasserstein",0.001,0.001,0.001,0.001,0.001,0.001,23,"minP"
"SPCA","Centers-Euclidean",0.001,0.001,0.001,0.001,0.001,0.001,23,"minP"
"IMDS","Int-Euclidean",0.569,0.939,0.061,0.56,0.006,0.998,23,"minP"
"IMDS","Hausdorff",0.005,0.227,0.006,0.01,0.006,0.999,23,"minP"
"IMDS","Ichino-Yaguchi",0.005,0.019,0.006,0.015,0.006,0.524,23,"minP"
"IMDS","Wasserstein",0.005,0.079,0.006,0.006,0.006,0.987,23,"minP"
"IMDS","Centers-Euclidean",0.005,0.239,0.006,0.01,0.006,1,23,"minP"
"Int-UMAP","Int-Euclidean",0.004,0.866,0.003,0.088,0.004,0.004,23,"minP"
"Int-UMAP","Hausdorff",0.004,1,0.003,1,0.004,0.032,23,"minP"
"Int-UMAP","Ichino-Yaguchi",0.004,0.985,0.003,0.977,0.004,0.959,23,"minP"
"Int-UMAP","Wasserstein",0.004,0.999,0.003,0.74,0.004,0.533,23,"minP"
"Int-UMAP","Centers-Euclidean",0.004,0.179,0.003,0.003,0.004,0.004,23,"minP"
"C-PCA","Int-Euclidean",0.001,0.002,0.001,0.006,0.001,0.001,24,"raw"
"C-PCA","Hausdorff",0.001,0.001,0.001,0.001,0.001,0.001,24,"raw"
"C-PCA","Ichino-Yaguchi",0.001,0.001,0.001,0.001,0.001,0.001,24,"raw"
"C-PCA","Wasserstein",0.001,0.001,0.001,0.001,0.001,0.001,24,"raw"
"C-PCA","Centers-Euclidean",0.001,0.001,0.001,0.001,0.001,0.001,24,"raw"
"V-PCA","Int-Euclidean",0.001,0.001,0.001,0.004,0.001,0.001,24,"raw"
"V-PCA","Hausdorff",0.001,0.001,0.001,0.001,0.001,0.001,24,"raw"
"V-PCA","Ichino-Yaguchi",0.001,0.001,0.001,0.001,0.001,0.001,24,"raw"
"V-PCA","Wasserstein",0.001,0.001,0.001,0.001,0.001,0.001,24,"raw"
"V-PCA","Centers-Euclidean",0.001,0.001,0.001,0.001,0.001,0.001,24,"raw"
"MR-PCA","Int-Euclidean",0.001,0.001,0.001,0.001,0.001,0.001,24,"raw"
"MR-PCA","Hausdorff",0.001,0.001,0.001,0.001,0.001,0.001,24,"raw"
"MR-PCA","Ichino-Yaguchi",0.001,0.001,0.001,0.001,0.001,0.001,24,"raw"
"MR-PCA","Wasserstein",0.001,0.001,0.001,0.001,0.001,0.001,24,"raw"
"MR-PCA","Centers-Euclidean",0.001,0.001,0.001,0.001,0.001,0.001,24,"raw"
"SPCA","Int-Euclidean",0.001,0.001,0.001,0.008,0.001,0.001,24,"raw"
"SPCA","Hausdorff",0.001,0.001,0.001,0.001,0.001,0.001,24,"raw"
"SPCA","Ichino-Yaguchi",0.001,0.001,0.001,0.001,0.001,0.001,24,"raw"
"SPCA","Wasserstein",0.001,0.001,0.001,0.001,0.001,0.001,24,"raw"
"SPCA","Centers-Euclidean",0.001,0.001,0.001,0.001,0.001,0.001,24,"raw"
"IMDS","Int-Euclidean",0.256,0.273,0.068,0.143,0.002,0.101,24,"raw"
"IMDS","Hausdorff",0.001,0.001,0.001,0.001,0.001,0.225,24,"raw"
"IMDS","Ichino-Yaguchi",0.001,0.001,0.001,0.001,0.001,0.163,24,"raw"
"IMDS","Wasserstein",0.001,0.001,0.001,0.001,0.001,0.33,24,"raw"
"IMDS","Centers-Euclidean",0.001,0.001,0.001,0.001,0.002,0.198,24,"raw"
"Int-UMAP","Int-Euclidean",0.001,0.002,0.001,0.001,0.001,0.001,24,"raw"
"Int-UMAP","Hausdorff",0.001,0.779,0.001,0.843,0.001,0.654,24,"raw"
"Int-UMAP","Ichino-Yaguchi",0.001,0.11,0.001,0.297,0.001,0.002,24,"raw"
"Int-UMAP","Wasserstein",0.001,0.232,0.001,0.422,0.001,0.147,24,"raw"
"Int-UMAP","Centers-Euclidean",0.001,0.001,0.001,0.003,0.001,0.001,24,"raw"
"C-PCA","Int-Euclidean",0.002,0.005,0.002,0.026,0.001,0.001,24,"minP"
"C-PCA","Hausdorff",0.002,0.002,0.002,0.002,0.001,0.001,24,"minP"
"C-PCA","Ichino-Yaguchi",0.002,0.002,0.002,0.002,0.001,0.001,24,"minP"
"C-PCA","Wasserstein",0.002,0.002,0.002,0.002,0.001,0.001,24,"minP"
"C-PCA","Centers-Euclidean",0.002,0.002,0.002,0.002,0.001,0.001,24,"minP"
"V-PCA","Int-Euclidean",0.001,0.001,0.002,0.021,0.001,0.001,24,"minP"
"V-PCA","Hausdorff",0.001,0.001,0.002,0.002,0.001,0.001,24,"minP"
"V-PCA","Ichino-Yaguchi",0.001,0.001,0.002,0.002,0.001,0.001,24,"minP"
"V-PCA","Wasserstein",0.001,0.001,0.002,0.002,0.001,0.001,24,"minP"
"V-PCA","Centers-Euclidean",0.001,0.001,0.002,0.002,0.001,0.001,24,"minP"
"MR-PCA","Int-Euclidean",0.001,0.001,0.001,0.001,0.001,0.001,24,"minP"
"MR-PCA","Hausdorff",0.001,0.001,0.001,0.001,0.001,0.001,24,"minP"
"MR-PCA","Ichino-Yaguchi",0.001,0.001,0.001,0.001,0.001,0.001,24,"minP"
"MR-PCA","Wasserstein",0.001,0.001,0.001,0.001,0.001,0.001,24,"minP"
"MR-PCA","Centers-Euclidean",0.001,0.001,0.001,0.001,0.001,0.001,24,"minP"
"SPCA","Int-Euclidean",0.001,0.001,0.002,0.039,0.001,0.001,24,"minP"
"SPCA","Hausdorff",0.001,0.001,0.002,0.002,0.001,0.001,24,"minP"
"SPCA","Ichino-Yaguchi",0.001,0.001,0.002,0.002,0.001,0.001,24,"minP"
"SPCA","Wasserstein",0.001,0.001,0.002,0.002,0.001,0.001,24,"minP"
"SPCA","Centers-Euclidean",0.001,0.001,0.002,0.002,0.001,0.001,24,"minP"
"IMDS","Int-Euclidean",0.747,0.777,0.319,0.543,0.015,0.513,24,"minP"
"IMDS","Hausdorff",0.003,0.003,0.003,0.003,0.007,0.793,24,"minP"
"IMDS","Ichino-Yaguchi",0.003,0.003,0.003,0.003,0.007,0.671,24,"minP"
"IMDS","Wasserstein",0.003,0.003,0.003,0.003,0.007,0.915,24,"minP"
"IMDS","Centers-Euclidean",0.003,0.003,0.003,0.003,0.015,0.744,24,"minP"
"Int-UMAP","Int-Euclidean",0.004,0.012,0.004,0.004,0.004,0.004,24,"minP"
"Int-UMAP","Hausdorff",0.004,1,0.004,1,0.004,1,24,"minP"
"Int-UMAP","Ichino-Yaguchi",0.004,0.426,0.004,0.811,0.004,0.011,24,"minP"
"Int-UMAP","Wasserstein",0.004,0.707,0.004,0.93,0.004,0.644,24,"minP"
"Int-UMAP","Centers-Euclidean",0.004,0.004,0.004,0.015,0.004,0.004,24,"minP"
"C-PCA","Int-Euclidean",0.001,0.002,0.001,0.001,0.001,0.001,25,"raw"
"C-PCA","Hausdorff",0.001,0.001,0.001,0.001,0.001,0.001,25,"raw"
"C-PCA","Ichino-Yaguchi",0.001,0.001,0.001,0.001,0.001,0.001,25,"raw"
"C-PCA","Wasserstein",0.001,0.001,0.001,0.001,0.001,0.001,25,"raw"
"C-PCA","Centers-Euclidean",0.001,0.001,0.001,0.001,0.001,0.001,25,"raw"
"V-PCA","Int-Euclidean",0.001,0.001,0.001,0.001,0.001,0.001,25,"raw"
"V-PCA","Hausdorff",0.001,0.001,0.001,0.001,0.001,0.001,25,"raw"
"V-PCA","Ichino-Yaguchi",0.001,0.001,0.001,0.001,0.001,0.001,25,"raw"
"V-PCA","Wasserstein",0.001,0.001,0.001,0.001,0.001,0.001,25,"raw"
"V-PCA","Centers-Euclidean",0.001,0.001,0.001,0.001,0.001,0.001,25,"raw"
"MR-PCA","Int-Euclidean",0.001,0.001,0.001,0.001,0.001,0.001,25,"raw"
"MR-PCA","Hausdorff",0.001,0.001,0.001,0.001,0.001,0.001,25,"raw"
"MR-PCA","Ichino-Yaguchi",0.001,0.001,0.001,0.001,0.001,0.001,25,"raw"
"MR-PCA","Wasserstein",0.001,0.001,0.001,0.001,0.001,0.001,25,"raw"
"MR-PCA","Centers-Euclidean",0.001,0.001,0.001,0.001,0.001,0.001,25,"raw"
"SPCA","Int-Euclidean",0.001,0.002,0.001,0.001,0.001,0.001,25,"raw"
"SPCA","Hausdorff",0.001,0.001,0.001,0.001,0.001,0.001,25,"raw"
"SPCA","Ichino-Yaguchi",0.001,0.001,0.001,0.001,0.001,0.001,25,"raw"
"SPCA","Wasserstein",0.001,0.001,0.001,0.001,0.001,0.001,25,"raw"
"SPCA","Centers-Euclidean",0.001,0.001,0.001,0.001,0.001,0.001,25,"raw"
"IMDS","Int-Euclidean",0.02,0.105,0.009,0.122,0.001,0.179,25,"raw"
"IMDS","Hausdorff",0.001,0.001,0.001,0.001,0.001,1,25,"raw"
"IMDS","Ichino-Yaguchi",0.001,0.001,0.001,0.001,0.001,0.603,25,"raw"
"IMDS","Wasserstein",0.001,0.001,0.001,0.001,0.001,0.891,25,"raw"
"IMDS","Centers-Euclidean",0.001,0.001,0.001,0.001,0.001,0.2,25,"raw"
"Int-UMAP","Int-Euclidean",0.001,0.001,0.001,0.001,0.001,0.001,25,"raw"
"Int-UMAP","Hausdorff",0.001,0.001,0.001,0.002,0.001,0.001,25,"raw"
"Int-UMAP","Ichino-Yaguchi",0.001,0.001,0.001,0.001,0.001,0.001,25,"raw"
"Int-UMAP","Wasserstein",0.001,0.001,0.001,0.002,0.001,0.004,25,"raw"
"Int-UMAP","Centers-Euclidean",0.001,0.001,0.001,0.001,0.001,0.001,25,"raw"
"C-PCA","Int-Euclidean",0.002,0.007,0.001,0.001,0.001,0.001,25,"minP"
"C-PCA","Hausdorff",0.002,0.002,0.001,0.001,0.001,0.001,25,"minP"
"C-PCA","Ichino-Yaguchi",0.002,0.002,0.001,0.001,0.001,0.001,25,"minP"
"C-PCA","Wasserstein",0.002,0.002,0.001,0.001,0.001,0.001,25,"minP"
"C-PCA","Centers-Euclidean",0.002,0.002,0.001,0.001,0.001,0.001,25,"minP"
"V-PCA","Int-Euclidean",0.001,0.001,0.001,0.001,0.001,0.001,25,"minP"
"V-PCA","Hausdorff",0.001,0.001,0.001,0.001,0.001,0.001,25,"minP"
"V-PCA","Ichino-Yaguchi",0.001,0.001,0.001,0.001,0.001,0.001,25,"minP"
"V-PCA","Wasserstein",0.001,0.001,0.001,0.001,0.001,0.001,25,"minP"
"V-PCA","Centers-Euclidean",0.001,0.001,0.001,0.001,0.001,0.001,25,"minP"
"MR-PCA","Int-Euclidean",0.001,0.001,0.001,0.001,0.001,0.001,25,"minP"
"MR-PCA","Hausdorff",0.001,0.001,0.001,0.001,0.001,0.001,25,"minP"
"MR-PCA","Ichino-Yaguchi",0.001,0.001,0.001,0.001,0.001,0.001,25,"minP"
"MR-PCA","Wasserstein",0.001,0.001,0.001,0.001,0.001,0.001,25,"minP"
"MR-PCA","Centers-Euclidean",0.001,0.001,0.001,0.001,0.001,0.001,25,"minP"
"SPCA","Int-Euclidean",0.002,0.004,0.001,0.001,0.001,0.001,25,"minP"
"SPCA","Hausdorff",0.002,0.002,0.001,0.001,0.001,0.001,25,"minP"
"SPCA","Ichino-Yaguchi",0.002,0.002,0.001,0.001,0.001,0.001,25,"minP"
"SPCA","Wasserstein",0.002,0.002,0.001,0.001,0.001,0.001,25,"minP"
"SPCA","Centers-Euclidean",0.002,0.002,0.001,0.001,0.001,0.001,25,"minP"
"IMDS","Int-Euclidean",0.1,0.431,0.053,0.492,0.006,0.698,25,"minP"
"IMDS","Hausdorff",0.003,0.003,0.003,0.003,0.006,1,25,"minP"
"IMDS","Ichino-Yaguchi",0.003,0.003,0.003,0.003,0.006,0.995,25,"minP"
"IMDS","Wasserstein",0.003,0.003,0.003,0.003,0.006,1,25,"minP"
"IMDS","Centers-Euclidean",0.003,0.003,0.003,0.003,0.006,0.755,25,"minP"
"Int-UMAP","Int-Euclidean",0.001,0.001,0.002,0.002,0.002,0.002,25,"minP"
"Int-UMAP","Hausdorff",0.001,0.001,0.002,0.006,0.002,0.002,25,"minP"
"Int-UMAP","Ichino-Yaguchi",0.001,0.001,0.002,0.002,0.002,0.002,25,"minP"
"Int-UMAP","Wasserstein",0.001,0.001,0.002,0.006,0.002,0.028,25,"minP"
"Int-UMAP","Centers-Euclidean",0.001,0.001,0.002,0.002,0.002,0.002,25,"minP"
