"IDR","Metric","Q_TC","B_TC","Q_RE","B_RE","Q_LC","B_LC","rep","kind"
"C-PCA","Int-Euclidean",0.001,0.034,0.001,0.018,0.001,0.001,1,"raw"
"C-PCA","Hausdorff",0.001,0.001,0.001,0.002,0.001,0.001,1,"raw"
"C-PCA","Ichino-Yaguchi",0.001,0.001,0.001,0.001,0.001,0.001,1,"raw"
"C-PCA","Wasserstein",0.001,0.001,0.001,0.001,0.001,0.001,1,"raw"
"C-PCA","Centers-Euclidean",0.001,0.001,0.001,0.001,0.001,0.001,1,"raw"
"V-PCA","Int-Euclidean",0.001,0.032,0.001,0.017,0.001,0.001,1,"raw"
"V-PCA","Hausdorff",0.001,0.001,0.001,0.003,0.001,0.001,1,"raw"
"V-PCA","Ichino-Yaguchi",0.001,0.001,0.001,0.001,0.001,0.001,1,"raw"
"V-PCA","Wasserstein",0.001,0.001,0.001,0.001,0.001,0.001,1,"raw"
"V-PCA","Centers-Euclidean",0.001,0.001,0.001,0.001,0.001,0.001,1,"raw"
"MR-PCA","Int-Euclidean",0.001,0.001,0.001,0.001,0.001,0.001,1,"raw"
"MR-PCA","Hausdorff",0.001,0.001,0.001,0.001,0.001,0.001,1,"raw"
"MR-PCA","Ichino-Yaguchi",0.001,0.001,0.001,0.001,0.001,0.001,1,"raw"
"MR-PCA","Wasserstein",0.001,0.001,0.001,0.001,0.001,0.001,1,"raw"
"MR-PCA","Centers-Euclidean",0.001,0.001,0.001,0.001,0.001,0.001,1,"raw"
"SPCA","Int-Euclidean",0.001,0.025,0.001,0.011,0.001,0.001,1,"raw"
"SPCA","Hausdorff",0.001,0.003,0.001,0.001,0.001,0.001,1,"raw"
"SPCA","Ichino-Yaguchi",0.001,0.001,0.001,0.001,0.001,0.001,1,"raw"
"SPCA","Wasserstein",0.001,0.001,0.001,0.001,0.001,0.001,1,"raw"
"SPCA","Centers-Euclidean",0.001,0.001,0.001,0.001,0.001,0.001,1,"raw"
"IMDS","Int-Euclidean",0.002,0.14,0.002,0.22,0.018,0.707,1,"raw"
"IMDS","Hausdorff",0.001,0.001,0.001,0.001,0.001,0.442,1,"raw"
"IMDS","Ichino-Yaguchi",0.001,0.001,0.001,0.001,0.001,0.013,1,"raw"
"IMDS","Wasserstein",0.001,0.001,0.001,0.001,0.001,0.413,1,"raw"
"IMDS","Centers-Euclidean",0.261,0.765,0.552,0.541,0.742,0.518,1,"raw"
"Int-UMAP","Int-Euclidean",0.001,0.002,0.001,0.014,0.001,0.346,1,"raw"
"Int-UMAP","Hausdorff",0.001,0.327,0.001,0.7,0.001,0.001,1,"raw"
"Int-UMAP","Ichino-Yaguchi",0.001,0.01,0.001,0.054,0.001,0.001,1,"raw"
"Int-UMAP","Wasserstein",0.001,0.344,0.001,0.168,0.001,0.001,1,"raw"
"Int-UMAP","Centers-Euclidean",0.001,0.001,0.001,0.001,0.001,0.322,1,"raw"
"C-PCA","Int-Euclidean",0.002,0.218,0.003,0.117,0.001,0.001,1,"minP"
"C-PCA","Hausdorff",0.002,0.002,0.003,0.01,0.001,0.001,1,"minP"
"C-PCA","Ichino-Yaguchi",0.002,0.002,0.003,0.003,0.001,0.001,1,"minP"
"C-PCA","Wasserstein",0.002,0.002,0.003,0.003,0.001,0.001,1,"minP"
"C-PCA","Centers-Euclidean",0.002,0.002,0.003,0.003,0.001,0.001,1,"minP"
"V-PCA","Int-Euclidean",0.002,0.201,0.003,0.111,0.001,0.001,1,"minP"
"V-PCA","Hausdorff",0.002,0.002,0.003,0.019,0.001,0.001,1,"minP"
"V-PCA","Ichino-Yaguchi",0.002,0.002,0.003,0.003,0.001,0.001,1,"minP"
"V-PCA","Wasserstein",0.002,0.002,0.003,0.003,0.001,0.001,1,"minP"
"V-PCA","Centers-Euclidean",0.002,0.002,0.003,0.003,0.001,0.001,1,"minP"
"MR-PCA","Int-Euclidean",0.001,0.001,0.001,0.001,0.001,0.001,1,"minP"
"MR-PCA","Hausdorff",0.001,0.001,0.001,0.001,0.001,0.001,1,"minP"
"MR-PCA","Ichino-Yaguchi",0.001,0.001,0.001,0.001,0.001,0.001,1,"minP"
"MR-PCA","Wasserstein",0.001,0.001,0.001,0.001,0.001,0.001,1,"minP"
"MR-PCA","Centers-Euclidean",0.001,0.001,0.001,0.001,0.001,0.001,1,"minP"
"SPCA","Int-Euclidean",0.003,0.172,0.002,0.075,0.001,0.001,1,"minP"
"SPCA","Hausdorff",0.003,0.019,0.002,0.002,0.001,0.001,1,"minP"
"SPCA","Ichino-Yaguchi",0.003,0.003,0.002,0.002,0.001,0.001,1,"minP"
"SPCA","Wasserstein",0.003,0.003,0.002,0.002,0.001,0.001,1,"minP"
"SPCA","Centers-Euclidean",0.003,0.003,0.002,0.002,0.001,0.001,1,"minP"
"IMDS","Int-Euclidean",0.012,0.609,0.012,0.791,0.119,0.999,1,"minP"
"IMDS","Hausdorff",0.005,0.005,0.005,0.005,0.008,0.984,1,"minP"
"IMDS","Ichino-Yaguchi",0.005,0.005,0.005,0.005,0.008,0.09,1,"minP"
"IMDS","Wasserstein",0.005,0.005,0.005,0.005,0.008,0.973,1,"minP"
"IMDS","Centers-Euclidean",0.841,1,0.994,0.992,1,0.996,1,"minP"
"Int-UMAP","Int-Euclidean",0.005,0.013,0.004,0.096,0.003,0.939,1,"minP"
"Int-UMAP","Hausdorff",0.005,0.917,0.004,1,0.003,0.003,1,"minP"
"Int-UMAP","Ichino-Yaguchi",0.005,0.074,0.004,0.316,0.003,0.003,1,"minP"
"Int-UMAP","Wasserstein",0.005,0.928,0.004,0.707,0.003,0.003,1,"minP"
"Int-UMAP","Centers-Euclidean",0.005,0.005,0.004,0.004,0.003,0.93,1,"minP"
"C-PCA","Int-Euclidean",0.001,0.051,0.001,0.023,0.001,0.001,2,"raw"
"C-PCA","Hausdorff",0.001,0.002,0.001,0.002,0.001,0.001,2,"raw"
"C-PCA","Ichino-Yaguchi",0.001,0.001,0.001,0.001,0.001,0.001,2,"raw"
"C-PCA","Wasserstein",0.001,0.001,0.001,0.001,0.001,0.001,2,"raw"
"C-PCA","Centers-Euclidean",0.001,0.001,0.001,0.001,0.001,0.001,2,"raw"
"V-PCA","Int-Euclidean",0.001,0.048,0.001,0.023,0.001,0.001,2,"raw"
"V-PCA","Hausdorff",0.001,0.002,0.001,0.002,0.001,0.001,2,"raw"
"V-PCA","Ichino-Yaguchi",0.001,0.001,0.001,0.001,0.001,0.001,2,"raw"
"V-PCA","Wasserstein",0.001,0.001,0.001,0.001,0.001,0.001,2,"raw"
"V-PCA","Centers-Euclidean",0.001,0.001,0.001,0.001,0.001,0.001,2,"raw"
"MR-PCA","Int-Euclidean",0.001,0.001,0.001,0.001,0.001,0.001,2,"raw"
"MR-PCA","Hausdorff",0.001,0.001,0.001,0.001,0.001,0.001,2,"raw"
"MR-PCA","Ichino-Yaguchi",0.001,0.001,0.001,0.001,0.001,0.001,2,"raw"
"MR-PCA","Wasserstein",0.001,0.001,0.001,0.001,0.001,0.001,2,"raw"
"MR-PCA","Centers-Euclidean",0.001,0.001,0.001,0.001,0.001,0.001,2,"raw"
"SPCA","Int-Euclidean",0.001,0.041,0.001,0.02,0.001,0.001,2,"raw"
"SPCA","Hausdorff",0.001,0.002,0.001,0.001,0.001,0.001,2,"raw"
"SPCA","Ichino-Yaguchi",0.001,0.001,0.001,0.001,0.001,0.001,2,"raw"
"SPCA","Wasserstein",0.001,0.001,0.001,0.001,0.001,0.001,2,"raw"
"SPCA","Centers-Euclidean",0.001,0.001,0.001,0.001,0.001,0.001,2,"raw"
"IMDS","Int-Euclidean",0.423,0.109,0.63,0.324,0.375,0.534,2,"raw"
"IMDS","Hausdorff",0.001,0.001,0.001,0.001,0.001,0.888,2,"raw"
"IMDS","Ichino-Yaguchi",0.001,0.001,0.001,0.001,0.001,0.296,2,"raw"
"IMDS","Wasserstein",0.001,0.001,0.001,0.001,0.001,0.862,2,"raw"
"IMDS","Centers-Euclidean",0.23,0.312,0.254,0.607,0.157,0.261,2,"raw"
"Int-UMAP","Int-Euclidean",0.001,0.004,0.001,0.018,0.001,0.52,2,"raw"
"Int-UMAP","Hausdorff",0.001,0.692,0.001,0.945,0.001,0.067,2,"raw"
"Int-UMAP","Ichino-Yaguchi",0.001,0.011,0.001,0.009,0.001,0.001,2,"raw"
"Int-UMAP","Wasserstein",0.001,0.226,0.001,0.116,0.001,0.017,2,"raw"
"Int-UMAP","Centers-Euclidean",0.001,0.001,0.001,0.001,0.001,0.001,2,"raw"
"C-PCA","Int-Euclidean",0.003,0.303,0.003,0.136,0.001,0.001,2,"minP"
"C-PCA","Hausdorff",0.003,0.011,0.003,0.009,0.001,0.001,2,"minP"
"C-PCA","Ichino-Yaguchi",0.003,0.003,0.003,0.003,0.001,0.001,2,"minP"
"C-PCA","Wasserstein",0.003,0.003,0.003,0.003,0.001,0.001,2,"minP"
"C-PCA","Centers-Euclidean",0.003,0.003,0.003,0.003,0.001,0.001,2,"minP"
"V-PCA","Int-Euclidean",0.003,0.288,0.003,0.156,0.001,0.001,2,"minP"
"V-PCA","Hausdorff",0.003,0.009,0.003,0.01,0.001,0.001,2,"minP"
"V-PCA","Ichino-Yaguchi",0.003,0.003,0.003,0.003,0.001,0.001,2,"minP"
"V-PCA","Wasserstein",0.003,0.003,0.003,0.003,0.001,0.001,2,"minP"
"V-PCA","Centers-Euclidean",0.003,0.003,0.003,0.003,0.001,0.001,2,"minP"
"MR-PCA","Int-Euclidean",0.001,0.001,0.001,0.001,0.001,0.001,2,"minP"
"MR-PCA","Hausdorff",0.001,0.001,0.001,0.001,0.001,0.001,2,"minP"
"MR-PCA","Ichino-Yaguchi",0.001,0.001,0.001,0.001,0.001,0.001,2,"minP"
"MR-PCA","Wasserstein",0.001,0.001,0.001,0.001,0.001,0.001,2,"minP"
"MR-PCA","Centers-Euclidean",0.001,0.001,0.001,0.001,0.001,0.001,2,"minP"
"SPCA","Int-Euclidean",0.003,0.266,0.002,0.138,0.001,0.001,2,"minP"
"SPCA","Hausdorff",0.003,0.011,0.002,0.002,0.001,0.001,2,"minP"
"SPCA","Ichino-Yaguchi",0.003,0.003,0.002,0.002,0.001,0.001,2,"minP"
"SPCA","Wasserstein",0.003,0.003,0.002,0.002,0.001,0.001,2,"minP"
"SPCA","Centers-Euclidean",0.003,0.003,0.002,0.002,0.001,0.001,2,"minP"
"IMDS","Int-Euclidean",0.965,0.515,0.996,0.913,0.971,0.997,2,"minP"
"IMDS","Hausdorff",0.005,0.005,0.005,0.005,0.007,1,2,"minP"
"IMDS","Ichino-Yaguchi",0.005,0.005,0.005,0.005,0.007,0.924,2,"minP"
"IMDS","Wasserstein",0.005,0.005,0.005,0.005,0.007,1,2,"minP"
"IMDS","Centers-Euclidean",0.814,0.891,0.833,0.994,0.712,0.892,2,"minP"
"Int-UMAP","Int-Euclidean",0.005,0.027,0.003,0.124,0.004,0.995,2,"minP"
"Int-UMAP","Hausdorff",0.005,0.999,0.003,1,0.004,0.392,2,"minP"
"Int-UMAP","Ichino-Yaguchi",0.005,0.07,0.003,0.064,0.004,0.004,2,"minP"
"Int-UMAP","Wasserstein",0.005,0.805,0.003,0.543,0.004,0.131,2,"minP"
"Int-UMAP","Centers-Euclidean",0.005,0.005,0.003,0.003,0.004,0.004,2,"minP"
"C-PCA","Int-Euclidean",0.001,0.045,0.001,0.012,0.001,0.001,3,"raw"
"C-PCA","Hausdorff",0.001,0.002,0.001,0.004,0.001,0.001,3,"raw"
"C-PCA","Ichino-Yaguchi",0.001,0.001,0.001,0.001,0.001,0.001,3,"raw"
"C-PCA","Wasserstein",0.001,0.001,0.001,0.001,0.001,0.001,3,"raw"
"C-PCA","Centers-Euclidean",0.001,0.001,0.001,0.001,0.001,0.001,3,"raw"
"V-PCA","Int-Euclidean",0.001,0.041,0.001,0.011,0.001,0.001,3,"raw"
"V-PCA","Hausdorff",0.001,0.003,0.001,0.002,0.001,0.001,3,"raw"
"V-PCA","Ichino-Yaguchi",0.001,0.001,0.001,0.001,0.001,0.001,3,"raw"
"V-PCA","Wasserstein",0.001,0.001,0.001,0.001,0.001,0.001,3,"raw"
"V-PCA","Centers-Euclidean",0.001,0.001,0.001,0.001,0.001,0.001,3,"raw"
"MR-PCA","Int-Euclidean",0.001,0.001,0.001,0.001,0.001,0.001,3,"raw"
"MR-PCA","Hausdorff",0.001,0.001,0.001,0.001,0.001,0.001,3,"raw"
"MR-PCA","Ichino-Yaguchi",0.001,0.001,0.001,0.001,0.001,0.001,3,"raw"
"MR-PCA","Wasserstein",0.001,0.001,0.001,0.001,0.001,0.001,3,"raw"
"MR-PCA","Centers-Euclidean",0.001,0.001,0.001,0.001,0.001,0.001,3,"raw"
"SPCA","Int-Euclidean",0.001,0.042,0.001,0.008,0.001,0.001,3,"raw"
"SPCA","Hausdorff",0.001,0.001,0.001,0.001,0.001,0.001,3,"raw"
"SPCA","Ichino-Yaguchi",0.001,0.001,0.001,0.001,0.001,0.001,3,"raw"
"SPCA","Wasserstein",0.001,0.001,0.001,0.001,0.001,0.001,3,"raw"
"SPCA","Centers-Euclidean",0.001,0.001,0.001,0.001,0.001,0.001,3,"raw"
"IMDS","Int-Euclidean",0.28,0.008,0.477,0.029,0.44,0.716,3,"raw"
"IMDS","Hausdorff",0.001,0.001,0.001,0.001,0.001,0.707,3,"raw"
"IMDS","Ichino-Yaguchi",0.001,0.001,0.001,0.001,0.001,0.807,3,"raw"
"IMDS","Wasserstein",0.001,0.001,0.001,0.001,0.001,0.35,3,"raw"
"IMDS","Centers-Euclidean",0.914,0.615,0.652,0.47,0.14,0.374,3,"raw"
"Int-UMAP","Int-Euclidean",0.001,0.002,0.001,0.01,0.001,0.787,3,"raw"
"Int-UMAP","Hausdorff",0.001,0.895,0.001,0.63,0.001,0.016,3,"raw"
"Int-UMAP","Ichino-Yaguchi",0.001,0.002,0.001,0.001,0.001,0.001,3,"raw"
"Int-UMAP","Wasserstein",0.001,0.212,0.001,0.074,0.001,0.001,3,"raw"
"Int-UMAP","Centers-Euclidean",0.001,0.001,0.001,0.001,0.001,0.773,3,"raw"
"C-PCA","Int-Euclidean",0.003,0.28,0.003,0.079,0.001,0.001,3,"minP"
"C-PCA","Hausdorff",0.003,0.011,0.003,0.024,0.001,0.001,3,"minP"
"C-PCA","Ichino-Yaguchi",0.003,0.003,0.003,0.003,0.001,0.001,3,"minP"
"C-PCA","Wasserstein",0.003,0.003,0.003,0.003,0.001,0.001,3,"minP"
"C-PCA","Centers-Euclidean",0.003,0.003,0.003,0.003,0.001,0.001,3,"minP"
"V-PCA","Int-Euclidean",0.003,0.248,0.003,0.077,0.001,0.001,3,"minP"
"V-PCA","Hausdorff",0.003,0.017,0.003,0.01,0.001,0.001,3,"minP"
"V-PCA","Ichino-Yaguchi",0.003,0.003,0.003,0.003,0.001,0.001,3,"minP"
"V-PCA","Wasserstein",0.003,0.003,0.003,0.003,0.001,0.001,3,"minP"
"V-PCA","Centers-Euclidean",0.003,0.003,0.003,0.003,0.001,0.001,3,"minP"
"MR-PCA","Int-Euclidean",0.001,0.001,0.001,0.001,0.001,0.001,3,"minP"
"MR-PCA","Hausdorff",0.001,0.001,0.001,0.001,0.001,0.001,3,"minP"
"MR-PCA","Ichino-Yaguchi",0.001,0.001,0.001,0.001,0.001,0.001,3,"minP"
"MR-PCA","Wasserstein",0.001,0.001,0.001,0.001,0.001,0.001,3,"minP"
"MR-PCA","Centers-Euclidean",0.001,0.001,0.001,0.001,0.001,0.001,3,"minP"
"SPCA","Int-Euclidean",0.002,0.261,0.002,0.054,0.001,0.001,3,"minP"
"SPCA","Hausdorff",0.002,0.002,0.002,0.002,0.001,0.001,3,"minP"
"SPCA","Ichino-Yaguchi",0.002,0.002,0.002,0.002,0.001,0.001,3,"minP"
"SPCA","Wasserstein",0.002,0.002,0.002,0.002,0.001,0.001,3,"minP"
"SPCA","Centers-Euclidean",0.002,0.002,0.002,0.002,0.001,0.001,3,"minP"
"IMDS","Int-Euclidean",0.872,0.057,0.98,0.188,0.989,1,3,"minP"
"IMDS","Hausdorff",0.005,0.005,0.005,0.005,0.008,1,3,"minP"
"IMDS","Ichino-Yaguchi",0.005,0.005,0.005,0.005,0.008,1,3,"minP"
"IMDS","Wasserstein",0.005,0.005,0.005,0.005,0.008,0.958,3,"minP"
"IMDS","Centers-Euclidean",1,0.999,0.999,0.979,0.672,0.963,3,"minP"
"Int-UMAP","Int-Euclidean",0.005,0.01,0.004,0.069,0.004,1,3,"minP"
"Int-UMAP","Hausdorff",0.005,1,0.004,0.999,0.004,0.119,3,"minP"
"Int-UMAP","Ichino-Yaguchi",0.005,0.01,0.004,0.004,0.004,0.004,3,"minP"
"Int-UMAP","Wasserstein",0.005,0.788,0.004,0.408,0.004,0.004,3,"minP"
"Int-UMAP","Centers-Euclidean",0.005,0.005,0.004,0.004,0.004,1,3,"minP"
"C-PCA","Int-Euclidean",0.001,0.013,0.001,0.005,0.001,0.001,4,"raw"
"C-PCA","Hausdorff",0.001,0.002,0.001,0.004,0.001,0.001,4,"raw"
"C-PCA","Ichino-Yaguchi",0.001,0.001,0.001,0.001,0.001,0.001,4,"raw"
"C-PCA","Wasserstein",0.001,0.001,0.001,0.001,0.001,0.001,4,"raw"
"C-PCA","Centers-Euclidean",0.001,0.001,0.001,0.001,0.001,0.001,4,"raw"
"V-PCA","Int-Euclidean",0.001,0.012,0.001,0.003,0.001,0.001,4,"raw"
"V-PCA","Hausdorff",0.001,0.001,0.001,0.001,0.001,0.001,4,"raw"
"V-PCA","Ichino-Yaguchi",0.001,0.001,0.001,0.001,0.001,0.001,4,"raw"
"V-PCA","Wasserstein",0.001,0.001,0.001,0.001,0.001,0.001,4,"raw"
"V-PCA","Centers-Euclidean",0.001,0.001,0.001,0.001,0.001,0.001,4,"raw"
"MR-PCA","Int-Euclidean",0.001,0.001,0.001,0.001,0.001,0.001,4,"raw"
"MR-PCA","Hausdorff",0.001,0.001,0.001,0.001,0.001,0.001,4,"raw"
"MR-PCA","Ichino-Yaguchi",0.001,0.001,0.001,0.001,0.001,0.001,4,"raw"
"MR-PCA","Wasserstein",0.001,0.001,0.001,0.001,0.001,0.001,4,"raw"
"MR-PCA","Centers-Euclidean",0.001,0.001,0.001,0.001,0.001,0.001,4,"raw"
"SPCA","Int-Euclidean",0.001,0.011,0.001,0.006,0.001,0.001,4,"raw"
"SPCA","Hausdorff",0.001,0.001,0.001,0.001,0.001,0.001,4,"raw"
"SPCA","Ichino-Yaguchi",0.001,0.001,0.001,0.001,0.001,0.001,4,"raw"
"SPCA","Wasserstein",0.001,0.001,0.001,0.001,0.001,0.001,4,"raw"
"SPCA","Centers-Euclidean",0.001,0.001,0.001,0.001,0.001,0.001,4,"raw"
"IMDS","Int-Euclidean",0.502,0.019,0.613,0.048,0.928,0.342,4,"raw"
"IMDS","Hausdorff",0.001,0.001,0.001,0.001,0.001,0.129,4,"raw"
"IMDS","Ichino-Yaguchi",0.001,0.001,0.001,0.001,0.001,0.157,4,"raw"
"IMDS","Wasserstein",0.001,0.001,0.001,0.001,0.001,0.044,4,"raw"
"IMDS","Centers-Euclidean",0.663,0.438,0.372,0.024,0.259,0.495,4,"raw"
"Int-UMAP","Int-Euclidean",0.001,0.024,0.001,0.151,0.001,0.002,4,"raw"
"Int-UMAP","Hausdorff",0.001,0.536,0.001,0.967,0.001,0.902,4,"raw"
"Int-UMAP","Ichino-Yaguchi",0.001,0.001,0.001,0.006,0.001,1,4,"raw"
"Int-UMAP","Wasserstein",0.001,0.371,0.001,0.27,0.001,0.001,4,"raw"
"Int-UMAP","Centers-Euclidean",0.001,0.001,0.001,0.001,0.001,0.011,4,"raw"
"C-PCA","Int-Euclidean",0.003,0.084,0.003,0.028,0.001,0.001,4,"minP"
"C-PCA","Hausdorff",0.003,0.009,0.003,0.021,0.001,0.001,4,"minP"
"C-PCA","Ichino-Yaguchi",0.003,0.003,0.003,0.003,0.001,0.001,4,"minP"
"C-PCA","Wasserstein",0.003,0.003,0.003,0.003,0.001,0.001,4,"minP"
"C-PCA","Centers-Euclidean",0.003,0.003,0.003,0.003,0.001,0.001,4,"minP"
"V-PCA","Int-Euclidean",0.002,0.082,0.002,0.017,0.001,0.001,4,"minP"
"V-PCA","Hausdorff",0.002,0.002,0.002,0.002,0.001,0.001,4,"minP"
"V-PCA","Ichino-Yaguchi",0.002,0.002,0.002,0.002,0.001,0.001,4,"minP"
"V-PCA","Wasserstein",0.002,0.002,0.002,0.002,0.001,0.001,4,"minP"
"V-PCA","Centers-Euclidean",0.002,0.002,0.002,0.002,0.001,0.001,4,"minP"
"MR-PCA","Int-Euclidean",0.001,0.001,0.001,0.001,0.001,0.001,4,"minP"
"MR-PCA","Hausdorff",0.001,0.001,0.001,0.001,0.001,0.001,4,"minP"
"MR-PCA","Ichino-Yaguchi",0.001,0.001,0.001,0.001,0.001,0.001,4,"minP"
"MR-PCA","Wasserstein",0.001,0.001,0.001,0.001,0.001,0.001,4,"minP"
"MR-PCA","Centers-Euclidean",0.001,0.001,0.001,0.001,0.001,0.001,4,"minP"
"SPCA","Int-Euclidean",0.002,0.078,0.002,0.037,0.001,0.001,4,"minP"
"SPCA","Hausdorff",0.002,0.002,0.002,0.002,0.001,0.001,4,"minP"
"SPCA","Ichino-Yaguchi",0.002,0.002,0.002,0.002,0.001,0.001,4,"minP"
"SPCA","Wasserstein",0.002,0.002,0.002,0.002,0.001,0.001,4,"minP"
"SPCA","Centers-Euclidean",0.002,0.002,0.002,0.002,0.001,0.001,4,"minP"
"IMDS","Int-Euclidean",0.991,0.132,1,0.3,1,0.942,4,"minP"
"IMDS","Hausdorff",0.005,0.005,0.005,0.005,0.008,0.634,4,"minP"
"IMDS","Ichino-Yaguchi",0.005,0.005,0.005,0.005,0.008,0.719,4,"minP"
"IMDS","Wasserstein",0.005,0.005,0.005,0.005,0.008,0.299,4,"minP"
"IMDS","Centers-Euclidean",1,0.975,0.957,0.167,0.87,0.992,4,"minP"
"Int-UMAP","Int-Euclidean",0.004,0.15,0.005,0.649,0.005,0.014,4,"minP"
"Int-UMAP","Hausdorff",0.004,0.995,0.005,1,0.005,1,4,"minP"
"Int-UMAP","Ichino-Yaguchi",0.004,0.004,0.005,0.043,0.005,1,4,"minP"
"Int-UMAP","Wasserstein",0.004,0.954,0.005,0.866,0.005,0.005,4,"minP"
"Int-UMAP","Centers-Euclidean",0.004,0.004,0.005,0.005,0.005,0.081,4,"minP"
"C-PCA","Int-Euclidean",0.001,0.032,0.001,0.009,0.001,0.001,5,"raw"
"C-PCA","Hausdorff",0.001,0.001,0.001,0.002,0.001,0.001,5,"raw"
"C-PCA","Ichino-Yaguchi",0.001,0.001,0.001,0.001,0.001,0.001,5,"raw"
"C-PCA","Wasserstein",0.001,0.001,0.001,0.001,0.001,0.001,5,"raw"
"C-PCA","Centers-Euclidean",0.001,0.001,0.001,0.001,0.001,0.001,5,"raw"
"V-PCA","Int-Euclidean",0.001,0.043,0.001,0.02,0.001,0.001,5,"raw"
"V-PCA","Hausdorff",0.001,0.001,0.001,0.002,0.001,0.001,5,"raw"
"V-PCA","Ichino-Yaguchi",0.001,0.001,0.001,0.001,0.001,0.001,5,"raw"
"V-PCA","Wasserstein",0.001,0.001,0.001,0.001,0.001,0.001,5,"raw"
"V-PCA","Centers-Euclidean",0.001,0.001,0.001,0.001,0.001,0.001,5,"raw"
"MR-PCA","Int-Euclidean",0.001,0.001,0.001,0.001,0.001,0.001,5,"raw"
"MR-PCA","Hausdorff",0.001,0.001,0.001,0.001,0.001,0.001,5,"raw"
"MR-PCA","Ichino-Yaguchi",0.001,0.001,0.001,0.001,0.001,0.001,5,"raw"
"MR-PCA","Wasserstein",0.001,0.001,0.001,0.001,0.001,0.001,5,"raw"
"MR-PCA","Centers-Euclidean",0.001,0.001,0.001,0.001,0.001,0.001,5,"raw"
"SPCA","Int-Euclidean",0.001,0.04,0.001,0.009,0.001,0.001,5,"raw"
"SPCA","Hausdorff",0.001,0.002,0.001,0.001,0.001,0.001,5,"raw"
"SPCA","Ichino-Yaguchi",0.001,0.001,0.001,0.001,0.001,0.001,5,"raw"
"SPCA","Wasserstein",0.001,0.001,0.001,0.001,0.001,0.001,5,"raw"
"SPCA","Centers-Euclidean",0.001,0.001,0.001,0.001,0.001,0.001,5,"raw"
"IMDS","Int-Euclidean",0.153,0.249,0.343,0.48,0.829,0.392,5,"raw"
"IMDS","Hausdorff",0.001,0.001,0.001,0.001,0.001,0.479,5,"raw"
"IMDS","Ichino-Yaguchi",0.001,0.001,0.001,0.001,0.001,0.576,5,"raw"
"IMDS","Wasserstein",0.001,0.001,0.001,0.001,0.005,0.039,5,"raw"
"IMDS","Centers-Euclidean",0.791,0.425,0.963,0.686,0.86,0.855,5,"raw"
"Int-UMAP","Int-Euclidean",0.001,0.009,0.001,0.076,0.001,0.018,5,"raw"
"Int-UMAP","Hausdorff",0.001,0.179,0.001,0.811,0.001,0.001,5,"raw"
"Int-UMAP","Ichino-Yaguchi",0.001,0.033,0.001,0.009,0.001,0.001,5,"raw"
"Int-UMAP","Wasserstein",0.001,0.269,0.001,0.066,0.001,0.001,5,"raw"
"Int-UMAP","Centers-Euclidean",0.001,0.001,0.001,0.001,0.001,0.878,5,"raw"
"C-PCA","Int-Euclidean",0.002,0.204,0.003,0.059,0.001,0.001,5,"minP"
"C-PCA","Hausdorff",0.002,0.002,0.003,0.009,0.001,0.001,5,"minP"
"C-PCA","Ichino-Yaguchi",0.002,0.002,0.003,0.003,0.001,0.001,5,"minP"
"C-PCA","Wasserstein",0.002,0.002,0.003,0.003,0.001,0.001,5,"minP"
"C-PCA","Centers-Euclidean",0.002,0.002,0.003,0.003,0.001,0.001,5,"minP"
"V-PCA","Int-Euclidean",0.002,0.27,0.003,0.133,0.001,0.001,5,"minP"
"V-PCA","Hausdorff",0.002,0.002,0.003,0.009,0.001,0.001,5,"minP"
"V-PCA","Ichino-Yaguchi",0.002,0.002,0.003,0.003,0.001,0.001,5,"minP"
"V-PCA","Wasserstein",0.002,0.002,0.003,0.003,0.001,0.001,5,"minP"
"V-PCA","Centers-Euclidean",0.002,0.002,0.003,0.003,0.001,0.001,5,"minP"
"MR-PCA","Int-Euclidean",0.001,0.001,0.001,0.001,0.001,0.001,5,"minP"
"MR-PCA","Hausdorff",0.001,0.001,0.001,0.001,0.001,0.001,5,"minP"
"MR-PCA","Ichino-Yaguchi",0.001,0.001,0.001,0.001,0.001,0.001,5,"minP"
"MR-PCA","Wasserstein",0.001,0.001,0.001,0.001,0.001,0.001,5,"minP"
"MR-PCA","Centers-Euclidean",0.001,0.001,0.001,0.001,0.001,0.001,5,"minP"
"SPCA","Int-Euclidean",0.003,0.252,0.002,0.058,0.001,0.001,5,"minP"
"SPCA","Hausdorff",0.003,0.009,0.002,0.002,0.001,0.001,5,"minP"
"SPCA","Ichino-Yaguchi",0.003,0.003,0.002,0.002,0.001,0.001,5,"minP"
"SPCA","Wasserstein",0.003,0.003,0.002,0.002,0.001,0.001,5,"minP"
"SPCA","Centers-Euclidean",0.003,0.003,0.002,0.002,0.001,0.001,5,"minP"
"IMDS","Int-Euclidean",0.639,0.832,0.935,0.982,1,0.969,5,"minP"
"IMDS","Hausdorff",0.005,0.005,0.005,0.005,0.008,0.984,5,"minP"
"IMDS","Ichino-Yaguchi",0.005,0.005,0.005,0.005,0.008,0.996,5,"minP"
"IMDS","Wasserstein",0.005,0.005,0.005,0.005,0.04,0.255,5,"minP"
"IMDS","Centers-Euclidean",1,0.972,1,1,1,1,5,"minP"
"Int-UMAP","Int-Euclidean",0.005,0.059,0.003,0.392,0.003,0.121,5,"minP"
"Int-UMAP","Hausdorff",0.005,0.704,0.003,1,0.003,0.003,5,"minP"
"Int-UMAP","Ichino-Yaguchi",0.005,0.2,0.003,0.058,0.003,0.003,5,"minP"
"Int-UMAP","Wasserstein",0.005,0.865,0.003,0.361,0.003,0.003,5,"minP"
"Int-UMAP","Centers-Euclidean",0.005,0.005,0.003,0.003,0.003,1,5,"minP"
"C-PCA","Int-Euclidean",0.001,0.062,0.001,0.031,0.001,0.001,6,"raw"
"C-PCA","Hausdorff",0.001,0.003,0.001,0.001,0.001,0.001,6,"raw"
"C-PCA","Ichino-Yaguchi",0.001,0.001,0.001,0.001,0.001,0.001,6,"raw"
"C-PCA","Wasserstein",0.001,0.001,0.001,0.001,0.001,0.001,6,"raw"
"C-PCA","Centers-Euclidean",0.001,0.001,0.001,0.001,0.001,0.001,6,"raw"
"V-PCA","Int-Euclidean",0.001,0.06,0.001,0.026,0.001,0.001,6,"raw"
"V-PCA","Hausdorff",0.001,0.002,0.001,0.002,0.001,0.001,6,"raw"
"V-PCA","Ichino-Yaguchi",0.001,0.001,0.001,0.001,0.001,0.001,6,"raw"
"V-PCA","Wasserstein",0.001,0.001,0.001,0.001,0.001,0.001,6,"raw"
"V-PCA","Centers-Euclidean",0.001,0.001,0.001,0.001,0.001,0.001,6,"raw"
"MR-PCA","Int-Euclidean",0.001,0.001,0.001,0.001,0.001,0.001,6,"raw"
"MR-PCA","Hausdorff",0.001,0.001,0.001,0.001,0.001,0.001,6,"raw"
"MR-PCA","Ichino-Yaguchi",0.001,0.001,0.001,0.001,0.001,0.001,6,"raw"
"MR-PCA","Wasserstein",0.001,0.001,0.001,0.001,0.001,0.001,6,"raw"
"MR-PCA","Centers-Euclidean",0.001,0.001,0.001,0.001,0.001,0.001,6,"raw"
"SPCA","Int-Euclidean",0.001,0.059,0.001,0.026,0.001,0.001,6,"raw"
"SPCA","Hausdorff",0.001,0.002,0.001,0.002,0.001,0.001,6,"raw"
"SPCA","Ichino-Yaguchi",0.001,0.001,0.001,0.001,0.001,0.001,6,"raw"
"SPCA","Wasserstein",0.001,0.001,0.001,0.001,0.001,0.001,6,"raw"
"SPCA","Centers-Euclidean",0.001,0.001,0.001,0.001,0.001,0.001,6,"raw"
"IMDS","Int-Euclidean",0.931,0.002,0.952,0.002,0.643,0.954,6,"raw"
"IMDS","Hausdorff",0.001,0.001,0.001,0.001,0.001,0.609,6,"raw"
"IMDS","Ichino-Yaguchi",0.001,0.001,0.001,0.001,0.001,0.002,6,"raw"
"IMDS","Wasserstein",0.001,0.001,0.001,0.001,0.001,0.497,6,"raw"
"IMDS","Centers-Euclidean",0.588,0.751,0.667,0.154,0.782,0.409,6,"raw"
"Int-UMAP","Int-Euclidean",0.001,0.041,0.001,0.116,0.001,0.513,6,"raw"
"Int-UMAP","Hausdorff",0.001,0.847,0.001,0.705,0.001,0.107,6,"raw"
"Int-UMAP","Ichino-Yaguchi",0.001,0.002,0.001,0.005,0.001,0.492,6,"raw"
"Int-UMAP","Wasserstein",0.001,0.265,0.001,0.124,0.001,0.001,6,"raw"
"Int-UMAP","Centers-Euclidean",0.001,0.001,0.001,0.001,0.001,0.73,6,"raw"
"C-PCA","Int-Euclidean",0.003,0.359,0.002,0.201,0.001,0.001,6,"minP"
"C-PCA","Hausdorff",0.003,0.017,0.002,0.002,0.001,0.001,6,"minP"
"C-PCA","Ichino-Yaguchi",0.003,0.003,0.002,0.002,0.001,0.001,6,"minP"
"C-PCA","Wasserstein",0.003,0.003,0.002,0.002,0.001,0.001,6,"minP"
"C-PCA","Centers-Euclidean",0.003,0.003,0.002,0.002,0.001,0.001,6,"minP"
"V-PCA","Int-Euclidean",0.003,0.34,0.003,0.167,0.001,0.001,6,"minP"
"V-PCA","Hausdorff",0.003,0.012,0.003,0.009,0.001,0.001,6,"minP"
"V-PCA","Ichino-Yaguchi",0.003,0.003,0.003,0.003,0.001,0.001,6,"minP"
"V-PCA","Wasserstein",0.003,0.003,0.003,0.003,0.001,0.001,6,"minP"
"V-PCA","Centers-Euclidean",0.003,0.003,0.003,0.003,0.001,0.001,6,"minP"
"MR-PCA","Int-Euclidean",0.001,0.001,0.001,0.001,0.001,0.001,6,"minP"
"MR-PCA","Hausdorff",0.001,0.001,0.001,0.001,0.001,0.001,6,"minP"
"MR-PCA","Ichino-Yaguchi",0.001,0.001,0.001,0.001,0.001,0.001,6,"minP"
"MR-PCA","Wasserstein",0.001,0.001,0.001,0.001,0.001,0.001,6,"minP"
"MR-PCA","Centers-Euclidean",0.001,0.001,0.001,0.001,0.001,0.001,6,"minP"
"SPCA","Int-Euclidean",0.003,0.346,0.003,0.168,0.001,0.001,6,"minP"
"SPCA","Hausdorff",0.003,0.01,0.003,0.01,0.001,0.001,6,"minP"
"SPCA","Ichino-Yaguchi",0.003,0.003,0.003,0.003,0.001,0.001,6,"minP"
"SPCA","Wasserstein",0.003,0.003,0.003,0.003,0.001,0.001,6,"minP"
"SPCA","Centers-Euclidean",0.003,0.003,0.003,0.003,0.001,0.001,6,"minP"
"IMDS","Int-Euclidean",1,0.012,1,0.012,1,1,6,"minP"
"IMDS","Hausdorff",0.005,0.005,0.005,0.005,0.007,1,6,"minP"
"IMDS","Ichino-Yaguchi",0.005,0.005,0.005,0.005,0.007,0.015,6,"minP"
"IMDS","Wasserstein",0.005,0.005,0.005,0.005,0.007,0.99,6,"minP"
"IMDS","Centers-Euclidean",0.998,1,0.998,0.654,1,0.971,6,"minP"
"Int-UMAP","Int-Euclidean",0.005,0.239,0.005,0.553,0.005,0.996,6,"minP"
"Int-UMAP","Hausdorff",0.005,1,0.005,1,0.005,0.562,6,"minP"
"Int-UMAP","Ichino-Yaguchi",0.005,0.011,0.005,0.033,0.005,0.994,6,"minP"
"Int-UMAP","Wasserstein",0.005,0.858,0.005,0.579,0.005,0.005,6,"minP"
"Int-UMAP","Centers-Euclidean",0.005,0.005,0.005,0.005,0.005,1,6,"minP"
"C-PCA","Int-Euclidean",0.001,0.01,0.001,0.002,0.001,0.001,7,"raw"
"C-PCA","Hausdorff",0.001,0.001,0.001,0.002,0.001,0.001,7,"raw"
"C-PCA","Ichino-Yaguchi",0.001,0.001,0.001,0.001,0.001,0.001,7,"raw"
"C-PCA","Wasserstein",0.001,0.001,0.001,0.001,0.001,0.001,7,"raw"
"C-PCA","Centers-Euclidean",0.001,0.001,0.001,0.001,0.001,0.001,7,"raw"
"V-PCA","Int-Euclidean",0.001,0.01,0.001,0.003,0.001,0.001,7,"raw"
"V-PCA","Hausdorff",0.001,0.001,0.001,0.001,0.001,0.001,7,"raw"
"V-PCA","Ichino-Yaguchi",0.001,0.001,0.001,0.001,0.001,0.001,7,"raw"
"V-PCA","Wasserstein",0.001,0.001,0.001,0.001,0.001,0.001,7,"raw"
"V-PCA","Centers-Euclidean",0.001,0.001,0.001,0.001,0.001,0.001,7,"raw"
"MR-PCA","Int-Euclidean",0.001,0.001,0.001,0.001,0.001,0.001,7,"raw"
"MR-PCA","Hausdorff",0.001,0.001,0.001,0.001,0.001,0.001,7,"raw"
"MR-PCA","Ichino-Yaguchi",0.001,0.001,0.001,0.001,0.001,0.001,7,"raw"
"MR-PCA","Wasserstein",0.001,0.001,0.001,0.001,0.001,0.001,7,"raw"
"MR-PCA","Centers-Euclidean",0.001,0.001,0.001,0.001,0.001,0.001,7,"raw"
"SPCA","Int-Euclidean",0.001,0.016,0.001,0.003,0.001,0.001,7,"raw"
"SPCA","Hausdorff",0.001,0.001,0.001,0.001,0.001,0.001,7,"raw"
"SPCA","Ichino-Yaguchi",0.001,0.001,0.001,0.001,0.001,0.001,7,"raw"
"SPCA","Wasserstein",0.001,0.001,0.001,0.001,0.001,0.001,7,"raw"
"SPCA","Centers-Euclidean",0.001,0.001,0.001,0.001,0.001,0.001,7,"raw"
"IMDS","Int-Euclidean",0.998,0.001,0.998,0.002,0.822,0.463,7,"raw"
"IMDS","Hausdorff",0.001,0.001,0.001,0.001,0.025,0.906,7,"raw"
"IMDS","Ichino-Yaguchi",0.001,0.001,0.001,0.001,0.001,0.244,7,"raw"
"IMDS","Wasserstein",0.001,0.014,0.001,0.001,0.032,0.019,7,"raw"
"IMDS","Centers-Euclidean",0.666,0.799,0.696,0.266,0.988,0.758,7,"raw"
"Int-UMAP","Int-Euclidean",0.001,0.002,0.001,0.018,0.001,0.864,7,"raw"
"Int-UMAP","Hausdorff",0.001,0.107,0.001,0.82,0.001,0.001,7,"raw"
"Int-UMAP","Ichino-Yaguchi",0.001,0.121,0.001,0.006,0.001,0.001,7,"raw"
"Int-UMAP","Wasserstein",0.001,0.937,0.001,0.05,0.001,0.001,7,"raw"
"Int-UMAP","Centers-Euclidean",0.001,0.001,0.001,0.001,0.001,0.002,7,"raw"
"C-PCA","Int-Euclidean",0.002,0.064,0.003,0.01,0.001,0.001,7,"minP"
"C-PCA","Hausdorff",0.002,0.002,0.003,0.01,0.001,0.001,7,"minP"
"C-PCA","Ichino-Yaguchi",0.002,0.002,0.003,0.003,0.001,0.001,7,"minP"
"C-PCA","Wasserstein",0.002,0.002,0.003,0.003,0.001,0.001,7,"minP"
"C-PCA","Centers-Euclidean",0.002,0.002,0.003,0.003,0.001,0.001,7,"minP"
"V-PCA","Int-Euclidean",0.002,0.065,0.002,0.021,0.001,0.001,7,"minP"
"V-PCA","Hausdorff",0.002,0.002,0.002,0.002,0.001,0.001,7,"minP"
"V-PCA","Ichino-Yaguchi",0.002,0.002,0.002,0.002,0.001,0.001,7,"minP"
"V-PCA","Wasserstein",0.002,0.002,0.002,0.002,0.001,0.001,7,"minP"
"V-PCA","Centers-Euclidean",0.002,0.002,0.002,0.002,0.001,0.001,7,"minP"
"MR-PCA","Int-Euclidean",0.001,0.001,0.001,0.001,0.001,0.001,7,"minP"
"MR-PCA","Hausdorff",0.001,0.001,0.001,0.001,0.001,0.001,7,"minP"
"MR-PCA","Ichino-Yaguchi",0.001,0.001,0.001,0.001,0.001,0.001,7,"minP"
"MR-PCA","Wasserstein",0.001,0.001,0.001,0.001,0.001,0.001,7,"minP"
"MR-PCA","Centers-Euclidean",0.001,0.001,0.001,0.001,0.001,0.001,7,"minP"
"SPCA","Int-Euclidean",0.002,0.11,0.002,0.018,0.001,0.001,7,"minP"
"SPCA","Hausdorff",0.002,0.002,0.002,0.002,0.001,0.001,7,"minP"
"SPCA","Ichino-Yaguchi",0.002,0.002,0.002,0.002,0.001,0.001,7,"minP"
"SPCA","Wasserstein",0.002,0.002,0.002,0.002,0.001,0.001,7,"minP"
"SPCA","Centers-Euclidean",0.002,0.002,0.002,0.002,0.001,0.001,7,"minP"
"IMDS","Int-Euclidean",1,0.005,1,0.012,1,0.987,7,"minP"
"IMDS","Hausdorff",0.005,0.005,0.005,0.005,0.183,1,7,"minP"
"IMDS","Ichino-Yaguchi",0.005,0.005,0.005,0.005,0.009,0.859,7,"minP"
"IMDS","Wasserstein",0.005,0.087,0.005,0.005,0.222,0.14,7,"minP"
"IMDS","Centers-Euclidean",0.999,1,1,0.865,1,1,7,"minP"
"Int-UMAP","Int-Euclidean",0.003,0.011,0.005,0.119,0.003,1,7,"minP"
"Int-UMAP","Hausdorff",0.003,0.538,0.005,1,0.003,0.003,7,"minP"
"Int-UMAP","Ichino-Yaguchi",0.003,0.574,0.005,0.036,0.003,0.003,7,"minP"
"Int-UMAP","Wasserstein",0.003,1,0.005,0.302,0.003,0.003,7,"minP"
"Int-UMAP","Centers-Euclidean",0.003,0.003,0.005,0.005,0.003,0.01,7,"minP"
"C-PCA","Int-Euclidean",0.001,0.024,0.001,0.013,0.001,0.001,8,"raw"
"C-PCA","Hausdorff",0.001,0.001,0.001,0.005,0.001,0.001,8,"raw"
"C-PCA","Ichino-Yaguchi",0.001,0.001,0.001,0.001,0.001,0.001,8,"raw"
"C-PCA","Wasserstein",0.001,0.001,0.001,0.001,0.001,0.001,8,"raw"
"C-PCA","Centers-Euclidean",0.001,0.001,0.001,0.001,0.001,0.001,8,"raw"
"V-PCA","Int-Euclidean",0.001,0.014,0.001,0.01,0.001,0.001,8,"raw"
"V-PCA","Hausdorff",0.001,0.002,0.001,0.003,0.001,0.001,8,"raw"
"V-PCA","Ichino-Yaguchi",0.001,0.001,0.001,0.001,0.001,0.001,8,"raw"
"V-PCA","Wasserstein",0.001,0.001,0.001,0.001,0.001,0.001,8,"raw"
"V-PCA","Centers-Euclidean",0.001,0.001,0.001,0.001,0.001,0.001,8,"raw"
"MR-PCA","Int-Euclidean",0.001,0.001,0.001,0.001,0.001,0.001,8,"raw"
"MR-PCA","Hausdorff",0.001,0.001,0.001,0.001,0.001,0.001,8,"raw"
"MR-PCA","Ichino-Yaguchi",0.001,0.001,0.001,0.001,0.001,0.001,8,"raw"
"MR-PCA","Wasserstein",0.001,0.001,0.001,0.001,0.001,0.001,8,"raw"
"MR-PCA","Centers-Euclidean",0.001,0.001,0.001,0.001,0.001,0.001,8,"raw"
"SPCA","Int-Euclidean",0.001,0.026,0.001,0.014,0.001,0.001,8,"raw"
"SPCA","Hausdorff",0.001,0.002,0.001,0.005,0.001,0.001,8,"raw"
"SPCA","Ichino-Yaguchi",0.001,0.001,0.001,0.001,0.001,0.001,8,"raw"
"SPCA","Wasserstein",0.001,0.001,0.001,0.001,0.001,0.001,8,"raw"
"SPCA","Centers-Euclidean",0.001,0.001,0.001,0.001,0.001,0.001,8,"raw"
"IMDS","Int-Euclidean",0.805,0.007,0.838,0.023,0.658,0.946,8,"raw"
"IMDS","Hausdorff",0.001,0.001,0.001,0.001,0.001,0.359,8,"raw"
"IMDS","Ichino-Yaguchi",0.001,0.001,0.001,0.001,0.001,0.669,8,"raw"
"IMDS","Wasserstein",0.001,0.001,0.001,0.001,0.001,0.063,8,"raw"
"IMDS","Centers-Euclidean",0.662,0.838,0.548,0.409,0.96,0.89,8,"raw"
"Int-UMAP","Int-Euclidean",0.001,0.001,0.001,0.003,0.001,0.093,8,"raw"
"Int-UMAP","Hausdorff",0.001,0.224,0.001,0.422,0.001,0.028,8,"raw"
"Int-UMAP","Ichino-Yaguchi",0.001,0.026,0.001,0.067,0.001,0.001,8,"raw"
"Int-UMAP","Wasserstein",0.001,0.946,0.001,0.692,0.001,0.002,8,"raw"
"Int-UMAP","Centers-Euclidean",0.001,0.001,0.001,0.001,0.001,0.495,8,"raw"
"C-PCA","Int-Euclidean",0.002,0.152,0.003,0.079,0.001,0.001,8,"minP"
"C-PCA","Hausdorff",0.002,0.002,0.003,0.028,0.001,0.001,8,"minP"
"C-PCA","Ichino-Yaguchi",0.002,0.002,0.003,0.003,0.001,0.001,8,"minP"
"C-PCA","Wasserstein",0.002,0.002,0.003,0.003,0.001,0.001,8,"minP"
"C-PCA","Centers-Euclidean",0.002,0.002,0.003,0.003,0.001,0.001,8,"minP"
"V-PCA","Int-Euclidean",0.003,0.097,0.003,0.064,0.001,0.001,8,"minP"
"V-PCA","Hausdorff",0.003,0.008,0.003,0.019,0.001,0.001,8,"minP"
"V-PCA","Ichino-Yaguchi",0.003,0.003,0.003,0.003,0.001,0.001,8,"minP"
"V-PCA","Wasserstein",0.003,0.003,0.003,0.003,0.001,0.001,8,"minP"
"V-PCA","Centers-Euclidean",0.003,0.003,0.003,0.003,0.001,0.001,8,"minP"
"MR-PCA","Int-Euclidean",0.001,0.001,0.001,0.001,0.001,0.001,8,"minP"
"MR-PCA","Hausdorff",0.001,0.001,0.001,0.001,0.001,0.001,8,"minP"
"MR-PCA","Ichino-Yaguchi",0.001,0.001,0.001,0.001,0.001,0.001,8,"minP"
"MR-PCA","Wasserstein",0.001,0.001,0.001,0.001,0.001,0.001,8,"minP"
"MR-PCA","Centers-Euclidean",0.001,0.001,0.001,0.001,0.001,0.001,8,"minP"
"SPCA","Int-Euclidean",0.003,0.162,0.003,0.092,0.001,0.001,8,"minP"
"SPCA","Hausdorff",0.003,0.01,0.003,0.032,0.001,0.001,8,"minP"
"SPCA","Ichino-Yaguchi",0.003,0.003,0.003,0.003,0.001,0.001,8,"minP"
"SPCA","Wasserstein",0.003,0.003,0.003,0.003,0.001,0.001,8,"minP"
"SPCA","Centers-Euclidean",0.003,0.003,0.003,0.003,0.001,0.001,8,"minP"
"IMDS","Int-Euclidean",1,0.044,1,0.148,0.999,1,8,"minP"
"IMDS","Hausdorff",0.005,0.005,0.005,0.005,0.007,0.956,8,"minP"
"IMDS","Ichino-Yaguchi",0.005,0.005,0.005,0.005,0.007,1,8,"minP"
"IMDS","Wasserstein",0.005,0.005,0.005,0.005,0.007,0.404,8,"minP"
"IMDS","Centers-Euclidean",1,1,0.998,0.969,1,1,8,"minP"
"Int-UMAP","Int-Euclidean",0.003,0.003,0.005,0.019,0.005,0.532,8,"minP"
"Int-UMAP","Hausdorff",0.003,0.8,0.005,0.96,0.005,0.189,8,"minP"
"Int-UMAP","Ichino-Yaguchi",0.003,0.173,0.005,0.38,0.005,0.005,8,"minP"
"Int-UMAP","Wasserstein",0.003,1,0.005,1,0.005,0.012,8,"minP"
"Int-UMAP","Centers-Euclidean",0.003,0.003,0.005,0.005,0.005,0.986,8,"minP"
"C-PCA","Int-Euclidean",0.001,0.025,0.001,0.009,0.001,0.001,9,"raw"
"C-PCA","Hausdorff",0.001,0.004,0.001,0.006,0.001,0.001,9,"raw"
"C-PCA","Ichino-Yaguchi",0.001,0.001,0.001,0.001,0.001,0.001,9,"raw"
"C-PCA","Wasserstein",0.001,0.001,0.001,0.001,0.001,0.001,9,"raw"
"C-PCA","Centers-Euclidean",0.001,0.001,0.001,0.001,0.001,0.001,9,"raw"
"V-PCA","Int-Euclidean",0.001,0.026,0.001,0.005,0.001,0.001,9,"raw"
"V-PCA","Hausdorff",0.001,0.005,0.001,0.003,0.001,0.001,9,"raw"
"V-PCA","Ichino-Yaguchi",0.001,0.001,0.001,0.001,0.001,0.001,9,"raw"
"V-PCA","Wasserstein",0.001,0.001,0.001,0.001,0.001,0.001,9,"raw"
"V-PCA","Centers-Euclidean",0.001,0.001,0.001,0.001,0.001,0.001,9,"raw"
"MR-PCA","Int-Euclidean",0.001,0.001,0.001,0.001,0.001,0.001,9,"raw"
"MR-PCA","Hausdorff",0.001,0.001,0.001,0.001,0.001,0.001,9,"raw"
"MR-PCA","Ichino-Yaguchi",0.001,0.001,0.001,0.001,0.001,0.001,9,"raw"
"MR-PCA","Wasserstein",0.001,0.001,0.001,0.001,0.001,0.001,9,"raw"
"MR-PCA","Centers-Euclidean",0.001,0.001,0.001,0.001,0.001,0.001,9,"raw"
"SPCA","Int-Euclidean",0.001,0.019,0.001,0.007,0.001,0.001,9,"raw"
"SPCA","Hausdorff",0.001,0.003,0.001,0.005,0.001,0.001,9,"raw"
"SPCA","Ichino-Yaguchi",0.001,0.001,0.001,0.001,0.001,0.001,9,"raw"
"SPCA","Wasserstein",0.001,0.001,0.001,0.001,0.001,0.001,9,"raw"
"SPCA","Centers-Euclidean",0.001,0.001,0.001,0.001,0.001,0.001,9,"raw"
"IMDS","Int-Euclidean",0.234,0.275,0.33,0.694,0.996,0.366,9,"raw"
"IMDS","Hausdorff",0.001,0.001,0.001,0.001,0.001,0.249,9,"raw"
"IMDS","Ichino-Yaguchi",0.001,0.001,0.001,0.001,0.001,0.018,9,"raw"
"IMDS","Wasserstein",0.001,0.001,0.001,0.001,0.001,0.094,9,"raw"
"IMDS","Centers-Euclidean",0.358,0.084,0.193,0.024,0.281,0.911,9,"raw"
"Int-UMAP","Int-Euclidean",0.001,0.01,0.001,0.145,0.001,0.001,9,"raw"
"Int-UMAP","Hausdorff",0.001,0.871,0.001,0.391,0.001,0.001,9,"raw"
"Int-UMAP","Ichino-Yaguchi",0.001,0.007,0.001,0.001,0.001,0.001,9,"raw"
"Int-UMAP","Wasserstein",0.001,0.332,0.001,0.052,0.001,0.001,9,"raw"
"Int-UMAP","Centers-Euclidean",0.001,0.001,0.001,0.001,0.001,0.055,9,"raw"
"C-PCA","Int-Euclidean",0.003,0.157,0.003,0.054,0.001,0.001,9,"minP"
"C-PCA","Hausdorff",0.003,0.027,0.003,0.038,0.001,0.001,9,"minP"
"C-PCA","Ichino-Yaguchi",0.003,0.003,0.003,0.003,0.001,0.001,9,"minP"
"C-PCA","Wasserstein",0.003,0.003,0.003,0.003,0.001,0.001,9,"minP"
"C-PCA","Centers-Euclidean",0.003,0.003,0.003,0.003,0.001,0.001,9,"minP"
"V-PCA","Int-Euclidean",0.003,0.165,0.003,0.03,0.001,0.001,9,"minP"
"V-PCA","Hausdorff",0.003,0.032,0.003,0.017,0.001,0.001,9,"minP"
"V-PCA","Ichino-Yaguchi",0.003,0.003,0.003,0.003,0.001,0.001,9,"minP"
"V-PCA","Wasserstein",0.003,0.003,0.003,0.003,0.001,0.001,9,"minP"
"V-PCA","Centers-Euclidean",0.003,0.003,0.003,0.003,0.001,0.001,9,"minP"
"MR-PCA","Int-Euclidean",0.001,0.001,0.001,0.001,0.001,0.001,9,"minP"
"MR-PCA","Hausdorff",0.001,0.001,0.001,0.001,0.001,0.001,9,"minP"
"MR-PCA","Ichino-Yaguchi",0.001,0.001,0.001,0.001,0.001,0.001,9,"minP"
"MR-PCA","Wasserstein",0.001,0.001,0.001,0.001,0.001,0.001,9,"minP"
"MR-PCA","Centers-Euclidean",0.001,0.001,0.001,0.001,0.001,0.001,9,"minP"
"SPCA","Int-Euclidean",0.003,0.135,0.003,0.051,0.001,0.001,9,"minP"
"SPCA","Hausdorff",0.003,0.019,0.003,0.034,0.001,0.001,9,"minP"
"SPCA","Ichino-Yaguchi",0.003,0.003,0.003,0.003,0.001,0.001,9,"minP"
"SPCA","Wasserstein",0.003,0.003,0.003,0.003,0.001,0.001,9,"minP"
"SPCA","Centers-Euclidean",0.003,0.003,0.003,0.003,0.001,0.001,9,"minP"
"IMDS","Int-Euclidean",0.804,0.855,0.905,1,1,0.955,9,"minP"
"IMDS","Hausdorff",0.005,0.005,0.005,0.005,0.008,0.864,9,"minP"
"IMDS","Ichino-Yaguchi",0.005,0.005,0.005,0.005,0.008,0.133,9,"minP"
"IMDS","Wasserstein",0.005,0.005,0.005,0.005,0.008,0.534,9,"minP"
"IMDS","Centers-Euclidean",0.931,0.454,0.745,0.157,0.896,1,9,"minP"
"Int-UMAP","Int-Euclidean",0.003,0.067,0.004,0.638,0.002,0.002,9,"minP"
"Int-UMAP","Hausdorff",0.003,1,0.004,0.956,0.002,0.002,9,"minP"
"Int-UMAP","Ichino-Yaguchi",0.003,0.049,0.004,0.004,0.002,0.002,9,"minP"
"Int-UMAP","Wasserstein",0.003,0.926,0.004,0.3,0.002,0.002,9,"minP"
"Int-UMAP","Centers-Euclidean",0.003,0.003,0.004,0.004,0.002,0.326,9,"minP"
"C-PCA","Int-Euclidean",0.001,0.038,0.001,0.016,0.001,0.001,10,"raw"
"C-PCA","Hausdorff",0.001,0.002,0.001,0.002,0.001,0.001,10,"raw"
"C-PCA","Ichino-Yaguchi",0.001,0.001,0.001,0.001,0.001,0.001,10,"raw"
"C-PCA","Wasserstein",0.001,0.001,0.001,0.001,0.001,0.001,10,"raw"
"C-PCA","Centers-Euclidean",0.001,0.001,0.001,0.001,0.001,0.001,10,"raw"
"V-PCA","Int-Euclidean",0.001,0.045,0.001,0.021,0.001,0.001,10,"raw"
"V-PCA","Hausdorff",0.001,0.002,0.001,0.005,0.001,0.001,10,"raw"
"V-PCA","Ichino-Yaguchi",0.001,0.001,0.001,0.001,0.001,0.001,10,"raw"
"V-PCA","Wasserstein",0.001,0.001,0.001,0.001,0.001,0.001,10,"raw"
"V-PCA","Centers-Euclidean",0.001,0.001,0.001,0.001,0.001,0.001,10,"raw"
"MR-PCA","Int-Euclidean",0.001,0.001,0.001,0.001,0.001,0.001,10,"raw"
"MR-PCA","Hausdorff",0.001,0.001,0.001,0.001,0.001,0.001,10,"raw"
"MR-PCA","Ichino-Yaguchi",0.001,0.001,0.001,0.001,0.001,0.001,10,"raw"
"MR-PCA","Wasserstein",0.001,0.001,0.001,0.001,0.001,0.001,10,"raw"
"MR-PCA","Centers-Euclidean",0.001,0.001,0.001,0.001,0.001,0.001,10,"raw"
"SPCA","Int-Euclidean",0.001,0.04,0.001,0.016,0.001,0.001,10,"raw"
"SPCA","Hausdorff",0.001,0.004,0.001,0.002,0.001,0.001,10,"raw"
"SPCA","Ichino-Yaguchi",0.001,0.001,0.001,0.001,0.001,0.001,10,"raw"
"SPCA","Wasserstein",0.001,0.001,0.001,0.001,0.001,0.001,10,"raw"
"SPCA","Centers-Euclidean",0.001,0.001,0.001,0.001,0.001,0.001,10,"raw"
"IMDS","Int-Euclidean",0.139,0.004,0.234,0.007,0.176,0.662,10,"raw"
"IMDS","Hausdorff",0.001,0.001,0.001,0.001,0.001,0.018,10,"raw"
"IMDS","Ichino-Yaguchi",0.001,0.001,0.001,0.001,0.001,0.006,10,"raw"
"IMDS","Wasserstein",0.001,0.001,0.001,0.001,0.001,0.004,10,"raw"
"IMDS","Centers-Euclidean",0.799,0.909,0.93,0.895,0.994,0.816,10,"raw"
"Int-UMAP","Int-Euclidean",0.001,0.015,0.001,0.096,0.001,0.638,10,"raw"
"Int-UMAP","Hausdorff",0.001,0.636,0.001,0.835,0.001,0.465,10,"raw"
"Int-UMAP","Ichino-Yaguchi",0.001,0.004,0.001,0.002,0.001,0.005,10,"raw"
"Int-UMAP","Wasserstein",0.001,0.387,0.001,0.073,0.001,0.184,10,"raw"
"Int-UMAP","Centers-Euclidean",0.001,0.001,0.001,0.001,0.001,0.002,10,"raw"
"C-PCA","Int-Euclidean",0.003,0.227,0.003,0.106,0.001,0.001,10,"minP"
"C-PCA","Hausdorff",0.003,0.008,0.003,0.01,0.001,0.001,10,"minP"
"C-PCA","Ichino-Yaguchi",0.003,0.003,0.003,0.003,0.001,0.001,10,"minP"
"C-PCA","Wasserstein",0.003,0.003,0.003,0.003,0.001,0.001,10,"minP"
"C-PCA","Centers-Euclidean",0.003,0.003,0.003,0.003,0.001,0.001,10,"minP"
"V-PCA","Int-Euclidean",0.003,0.266,0.003,0.134,0.001,0.001,10,"minP"
"V-PCA","Hausdorff",0.003,0.009,0.003,0.034,0.001,0.001,10,"minP"
"V-PCA","Ichino-Yaguchi",0.003,0.003,0.003,0.003,0.001,0.001,10,"minP"
"V-PCA","Wasserstein",0.003,0.003,0.003,0.003,0.001,0.001,10,"minP"
"V-PCA","Centers-Euclidean",0.003,0.003,0.003,0.003,0.001,0.001,10,"minP"
"MR-PCA","Int-Euclidean",0.001,0.001,0.001,0.001,0.001,0.001,10,"minP"
"MR-PCA","Hausdorff",0.001,0.001,0.001,0.001,0.001,0.001,10,"minP"
"MR-PCA","Ichino-Yaguchi",0.001,0.001,0.001,0.001,0.001,0.001,10,"minP"
"MR-PCA","Wasserstein",0.001,0.001,0.001,0.001,0.001,0.001,10,"minP"
"MR-PCA","Centers-Euclidean",0.001,0.001,0.001,0.001,0.001,0.001,10,"minP"
"SPCA","Int-Euclidean",0.003,0.253,0.003,0.105,0.001,0.001,10,"minP"
"SPCA","Hausdorff",0.003,0.025,0.003,0.009,0.001,0.001,10,"minP"
"SPCA","Ichino-Yaguchi",0.003,0.003,0.003,0.003,0.001,0.001,10,"minP"
"SPCA","Wasserstein",0.003,0.003,0.003,0.003,0.001,0.001,10,"minP"
"SPCA","Centers-Euclidean",0.003,0.003,0.003,0.003,0.001,0.001,10,"minP"
"IMDS","Int-Euclidean",0.614,0.029,0.822,0.045,0.759,1,10,"minP"
"IMDS","Hausdorff",0.005,0.005,0.005,0.005,0.008,0.131,10,"minP"
"IMDS","Ichino-Yaguchi",0.005,0.005,0.005,0.005,0.008,0.052,10,"minP"
"IMDS","Wasserstein",0.005,0.005,0.005,0.005,0.008,0.035,10,"minP"
"IMDS","Centers-Euclidean",1,1,1,1,1,1,10,"minP"
"Int-UMAP","Int-Euclidean",0.005,0.096,0.004,0.482,0.003,1,10,"minP"
"Int-UMAP","Hausdorff",0.005,0.999,0.004,1,0.003,0.986,10,"minP"
"Int-UMAP","Ichino-Yaguchi",0.005,0.027,0.004,0.011,0.003,0.039,10,"minP"
"Int-UMAP","Wasserstein",0.005,0.961,0.004,0.396,0.003,0.781,10,"minP"
"Int-UMAP","Centers-Euclidean",0.005,0.005,0.004,0.004,0.003,0.015,10,"minP"
"C-PCA","Int-Euclidean",0.001,0.013,0.001,0.007,0.001,0.001,11,"raw"
"C-PCA","Hausdorff",0.001,0.001,0.001,0.001,0.001,0.001,11,"raw"
"C-PCA","Ichino-Yaguchi",0.001,0.001,0.001,0.001,0.001,0.001,11,"raw"
"C-PCA","Wasserstein",0.001,0.001,0.001,0.001,0.001,0.001,11,"raw"
"C-PCA","Centers-Euclidean",0.001,0.001,0.001,0.001,0.001,0.001,11,"raw"
"V-PCA","Int-Euclidean",0.001,0.02,0.001,0.009,0.001,0.001,11,"raw"
"V-PCA","Hausdorff",0.001,0.001,0.001,0.001,0.001,0.001,11,"raw"
"V-PCA","Ichino-Yaguchi",0.001,0.001,0.001,0.001,0.001,0.001,11,"raw"
"V-PCA","Wasserstein",0.001,0.001,0.001,0.001,0.001,0.001,11,"raw"
"V-PCA","Centers-Euclidean",0.001,0.001,0.001,0.001,0.001,0.001,11,"raw"
"MR-PCA","Int-Euclidean",0.001,0.001,0.001,0.001,0.001,0.001,11,"raw"
"MR-PCA","Hausdorff",0.001,0.001,0.001,0.001,0.001,0.001,11,"raw"
"MR-PCA","Ichino-Yaguchi",0.001,0.001,0.001,0.001,0.001,0.001,11,"raw"
"MR-PCA","Wasserstein",0.001,0.001,0.001,0.001,0.001,0.001,11,"raw"
"MR-PCA","Centers-Euclidean",0.001,0.001,0.001,0.001,0.001,0.001,11,"raw"
"SPCA","Int-Euclidean",0.001,0.022,0.001,0.004,0.001,0.001,11,"raw"
"SPCA","Hausdorff",0.001,0.002,0.001,0.001,0.001,0.001,11,"raw"
"SPCA","Ichino-Yaguchi",0.001,0.001,0.001,0.001,0.001,0.001,11,"raw"
"SPCA","Wasserstein",0.001,0.001,0.001,0.001,0.001,0.001,11,"raw"
"SPCA","Centers-Euclidean",0.001,0.001,0.001,0.001,0.001,0.001,11,"raw"
"IMDS","Int-Euclidean",0.186,0.163,0.345,0.386,0.448,0.303,11,"raw"
"IMDS","Hausdorff",0.001,0.001,0.001,0.001,0.001,0.003,11,"raw"
"IMDS","Ichino-Yaguchi",0.001,0.001,0.001,0.001,0.001,0.087,11,"raw"
"IMDS","Wasserstein",0.001,0.001,0.001,0.001,0.001,0.052,11,"raw"
"IMDS","Centers-Euclidean",0.882,0.934,0.836,0.945,0.939,0.316,11,"raw"
"Int-UMAP","Int-Euclidean",0.001,0.004,0.001,0.025,0.001,0.333,11,"raw"
"Int-UMAP","Hausdorff",0.001,0.924,0.001,0.713,0.001,0.001,11,"raw"
"Int-UMAP","Ichino-Yaguchi",0.001,0.001,0.001,0.007,0.001,0.001,11,"raw"
"Int-UMAP","Wasserstein",0.001,0.503,0.001,0.268,0.001,0.001,11,"raw"
"Int-UMAP","Centers-Euclidean",0.001,0.001,0.001,0.001,0.001,1,11,"raw"
"C-PCA","Int-Euclidean",0.002,0.089,0.002,0.048,0.001,0.001,11,"minP"
"C-PCA","Hausdorff",0.002,0.002,0.002,0.002,0.001,0.001,11,"minP"
"C-PCA","Ichino-Yaguchi",0.002,0.002,0.002,0.002,0.001,0.001,11,"minP"
"C-PCA","Wasserstein",0.002,0.002,0.002,0.002,0.001,0.001,11,"minP"
"C-PCA","Centers-Euclidean",0.002,0.002,0.002,0.002,0.001,0.001,11,"minP"
"V-PCA","Int-Euclidean",0.002,0.137,0.002,0.059,0.001,0.001,11,"minP"
"V-PCA","Hausdorff",0.002,0.002,0.002,0.002,0.001,0.001,11,"minP"
"V-PCA","Ichino-Yaguchi",0.002,0.002,0.002,0.002,0.001,0.001,11,"minP"
"V-PCA","Wasserstein",0.002,0.002,0.002,0.002,0.001,0.001,11,"minP"
"V-PCA","Centers-Euclidean",0.002,0.002,0.002,0.002,0.001,0.001,11,"minP"
"MR-PCA","Int-Euclidean",0.001,0.001,0.001,0.001,0.001,0.001,11,"minP"
"MR-PCA","Hausdorff",0.001,0.001,0.001,0.001,0.001,0.001,11,"minP"
"MR-PCA","Ichino-Yaguchi",0.001,0.001,0.001,0.001,0.001,0.001,11,"minP"
"MR-PCA","Wasserstein",0.001,0.001,0.001,0.001,0.001,0.001,11,"minP"
"MR-PCA","Centers-Euclidean",0.001,0.001,0.001,0.001,0.001,0.001,11,"minP"
"SPCA","Int-Euclidean",0.003,0.149,0.002,0.026,0.001,0.001,11,"minP"
"SPCA","Hausdorff",0.003,0.009,0.002,0.002,0.001,0.001,11,"minP"
"SPCA","Ichino-Yaguchi",0.003,0.003,0.002,0.002,0.001,0.001,11,"minP"
"SPCA","Wasserstein",0.003,0.003,0.002,0.002,0.001,0.001,11,"minP"
"SPCA","Centers-Euclidean",0.003,0.003,0.002,0.002,0.001,0.001,11,"minP"
"IMDS","Int-Euclidean",0.724,0.688,0.93,0.948,0.988,0.926,11,"minP"
"IMDS","Hausdorff",0.005,0.005,0.005,0.005,0.007,0.024,11,"minP"
"IMDS","Ichino-Yaguchi",0.005,0.005,0.005,0.005,0.007,0.495,11,"minP"
"IMDS","Wasserstein",0.005,0.005,0.005,0.005,0.007,0.336,11,"minP"
"IMDS","Centers-Euclidean",1,1,1,1,1,0.94,11,"minP"
"Int-UMAP","Int-Euclidean",0.004,0.027,0.004,0.167,0.003,0.934,11,"minP"
"Int-UMAP","Hausdorff",0.004,1,0.004,1,0.003,0.003,11,"minP"
"Int-UMAP","Ichino-Yaguchi",0.004,0.004,0.004,0.051,0.003,0.003,11,"minP"
"Int-UMAP","Wasserstein",0.004,0.99,0.004,0.851,0.003,0.003,11,"minP"
"Int-UMAP","Centers-Euclidean",0.004,0.004,0.004,0.004,0.003,1,11,"minP"
"C-PCA","Int-Euclidean",0.001,0.027,0.001,0.012,0.001,0.001,12,"raw"
"C-PCA","Hausdorff",0.001,0.002,0.001,0.002,0.001,0.001,12,"raw"
"C-PCA","Ichino-Yaguchi",0.001,0.001,0.001,0.001,0.001,0.001,12,"raw"
"C-PCA","Wasserstein",0.001,0.001,0.001,0.001,0.001,0.001,12,"raw"
"C-PCA","Centers-Euclidean",0.001,0.001,0.001,0.001,0.001,0.001,12,"raw"
"V-PCA","Int-Euclidean",0.001,0.027,0.001,0.006,0.001,0.001,12,"raw"
"V-PCA","Hausdorff",0.001,0.001,0.001,0.001,0.001,0.001,12,"raw"
"V-PCA","Ichino-Yaguchi",0.001,0.001,0.001,0.001,0.001,0.001,12,"raw"
"V-PCA","Wasserstein",0.001,0.001,0.001,0.001,0.001,0.001,12,"raw"
"V-PCA","Centers-Euclidean",0.001,0.001,0.001,0.001,0.001,0.001,12,"raw"
"MR-PCA","Int-Euclidean",0.001,0.001,0.001,0.001,0.001,0.001,12,"raw"
"MR-PCA","Hausdorff",0.001,0.001,0.001,0.001,0.001,0.001,12,"raw"
"MR-PCA","Ichino-Yaguchi",0.001,0.001,0.001,0.001,0.001,0.001,12,"raw"
"MR-PCA","Wasserstein",0.001,0.001,0.001,0.001,0.001,0.001,12,"raw"
"MR-PCA","Centers-Euclidean",0.001,0.001,0.001,0.001,0.001,0.001,12,"raw"
"SPCA","Int-Euclidean",0.001,0.016,0.001,0.004,0.001,0.001,12,"raw"
"SPCA","Hausdorff",0.001,0.001,0.001,0.001,0.001,0.001,12,"raw"
"SPCA","Ichino-Yaguchi",0.001,0.001,0.001,0.001,0.001,0.001,12,"raw"
"SPCA","Wasserstein",0.001,0.001,0.001,0.001,0.001,0.001,12,"raw"
"SPCA","Centers-Euclidean",0.001,0.001,0.001,0.001,0.001,0.001,12,"raw"
"IMDS","Int-Euclidean",0.997,0.095,0.991,0.113,0.713,0.954,12,"raw"
"IMDS","Hausdorff",0.001,0.001,0.001,0.001,0.001,0.545,12,"raw"
"IMDS","Ichino-Yaguchi",0.001,0.001,0.001,0.001,0.001,0.376,12,"raw"
"IMDS","Wasserstein",0.001,0.001,0.001,0.001,0.003,0.004,12,"raw"
"IMDS","Centers-Euclidean",0.89,0.871,0.87,0.837,0.382,0.307,12,"raw"
"Int-UMAP","Int-Euclidean",0.001,0.003,0.001,0.075,0.001,0.001,12,"raw"
"Int-UMAP","Hausdorff",0.001,0.545,0.001,0.903,0.001,0.001,12,"raw"
"Int-UMAP","Ichino-Yaguchi",0.001,0.03,0.001,0.035,0.001,0.001,12,"raw"
"Int-UMAP","Wasserstein",0.001,0.39,0.001,0.167,0.001,0.001,12,"raw"
"Int-UMAP","Centers-Euclidean",0.001,0.001,0.001,0.001,0.001,0.883,12,"raw"
"C-PCA","Int-Euclidean",0.003,0.178,0.003,0.076,0.001,0.001,12,"minP"
"C-PCA","Hausdorff",0.003,0.01,0.003,0.011,0.001,0.001,12,"minP"
"C-PCA","Ichino-Yaguchi",0.003,0.003,0.003,0.003,0.001,0.001,12,"minP"
"C-PCA","Wasserstein",0.003,0.003,0.003,0.003,0.001,0.001,12,"minP"
"C-PCA","Centers-Euclidean",0.003,0.003,0.003,0.003,0.001,0.001,12,"minP"
"V-PCA","Int-Euclidean",0.002,0.163,0.002,0.038,0.001,0.001,12,"minP"
"V-PCA","Hausdorff",0.002,0.002,0.002,0.002,0.001,0.001,12,"minP"
"V-PCA","Ichino-Yaguchi",0.002,0.002,0.002,0.002,0.001,0.001,12,"minP"
"V-PCA","Wasserstein",0.002,0.002,0.002,0.002,0.001,0.001,12,"minP"
"V-PCA","Centers-Euclidean",0.002,0.002,0.002,0.002,0.001,0.001,12,"minP"
"MR-PCA","Int-Euclidean",0.001,0.001,0.001,0.001,0.001,0.001,12,"minP"
"MR-PCA","Hausdorff",0.001,0.001,0.001,0.001,0.001,0.001,12,"minP"
"MR-PCA","Ichino-Yaguchi",0.001,0.001,0.001,0.001,0.001,0.001,12,"minP"
"MR-PCA","Wasserstein",0.001,0.001,0.001,0.001,0.001,0.001,12,"minP"
"MR-PCA","Centers-Euclidean",0.001,0.001,0.001,0.001,0.001,0.001,12,"minP"
"SPCA","Int-Euclidean",0.002,0.108,0.002,0.023,0.001,0.001,12,"minP"
"SPCA","Hausdorff",0.002,0.002,0.002,0.002,0.001,0.001,12,"minP"
"SPCA","Ichino-Yaguchi",0.002,0.002,0.002,0.002,0.001,0.001,12,"minP"
"SPCA","Wasserstein",0.002,0.002,0.002,0.002,0.001,0.001,12,"minP"
"SPCA","Centers-Euclidean",0.002,0.002,0.002,0.002,0.001,0.001,12,"minP"
"IMDS","Int-Euclidean",1,0.47,1,0.566,1,1,12,"minP"
"IMDS","Hausdorff",0.005,0.005,0.005,0.005,0.009,0.993,12,"minP"
"IMDS","Ichino-Yaguchi",0.005,0.005,0.005,0.005,0.009,0.964,12,"minP"
"IMDS","Wasserstein",0.005,0.005,0.005,0.005,0.023,0.03,12,"minP"
"IMDS","Centers-Euclidean",1,1,1,1,0.967,0.931,12,"minP"
"Int-UMAP","Int-Euclidean",0.005,0.022,0.005,0.402,0.002,0.002,12,"minP"
"Int-UMAP","Hausdorff",0.005,0.992,0.005,1,0.002,0.002,12,"minP"
"Int-UMAP","Ichino-Yaguchi",0.005,0.197,0.005,0.218,0.002,0.002,12,"minP"
"Int-UMAP","Wasserstein",0.005,0.948,0.005,0.673,0.002,0.002,12,"minP"
"Int-UMAP","Centers-Euclidean",0.005,0.005,0.005,0.005,0.002,1,12,"minP"
"C-PCA","Int-Euclidean",0.001,0.049,0.001,0.016,0.001,0.001,13,"raw"
"C-PCA","Hausdorff",0.001,0.004,0.001,0.003,0.001,0.001,13,"raw"
"C-PCA","Ichino-Yaguchi",0.001,0.001,0.001,0.001,0.001,0.001,13,"raw"
"C-PCA","Wasserstein",0.001,0.001,0.001,0.001,0.001,0.001,13,"raw"
"C-PCA","Centers-Euclidean",0.001,0.001,0.001,0.001,0.001,0.001,13,"raw"
"V-PCA","Int-Euclidean",0.001,0.055,0.001,0.012,0.001,0.001,13,"raw"
"V-PCA","Hausdorff",0.001,0.004,0.001,0.002,0.001,0.001,13,"raw"
"V-PCA","Ichino-Yaguchi",0.001,0.001,0.001,0.001,0.001,0.001,13,"raw"
"V-PCA","Wasserstein",0.001,0.001,0.001,0.001,0.001,0.001,13,"raw"
"V-PCA","Centers-Euclidean",0.001,0.001,0.001,0.001,0.001,0.001,13,"raw"
"MR-PCA","Int-Euclidean",0.001,0.001,0.001,0.001,0.001,0.001,13,"raw"
"MR-PCA","Hausdorff",0.001,0.001,0.001,0.001,0.001,0.001,13,"raw"
"MR-PCA","Ichino-Yaguchi",0.001,0.001,0.001,0.001,0.001,0.001,13,"raw"
"MR-PCA","Wasserstein",0.001,0.001,0.001,0.001,0.001,0.001,13,"raw"
"MR-PCA","Centers-Euclidean",0.001,0.001,0.001,0.001,0.001,0.001,13,"raw"
"SPCA","Int-Euclidean",0.001,0.047,0.001,0.017,0.001,0.001,13,"raw"
"SPCA","Hausdorff",0.001,0.001,0.001,0.001,0.001,0.001,13,"raw"
"SPCA","Ichino-Yaguchi",0.001,0.001,0.001,0.001,0.001,0.001,13,"raw"
"SPCA","Wasserstein",0.001,0.001,0.001,0.001,0.001,0.001,13,"raw"
"SPCA","Centers-Euclidean",0.001,0.001,0.001,0.001,0.001,0.001,13,"raw"
"IMDS","Int-Euclidean",0.113,0.039,0.25,0.164,0.413,0.883,13,"raw"
"IMDS","Hausdorff",0.001,0.001,0.001,0.001,0.001,0.002,13,"raw"
"IMDS","Ichino-Yaguchi",0.001,0.001,0.001,0.001,0.001,0.004,13,"raw"
"IMDS","Wasserstein",0.001,0.001,0.001,0.001,0.001,0.013,13,"raw"
"IMDS","Centers-Euclidean",0.272,0.44,0.467,0.915,0.903,0.309,13,"raw"
"Int-UMAP","Int-Euclidean",0.001,0.001,0.001,0.006,0.001,0.142,13,"raw"
"Int-UMAP","Hausdorff",0.001,0.42,0.001,0.986,0.001,0.001,13,"raw"
"Int-UMAP","Ichino-Yaguchi",0.001,0.035,0.001,0.039,0.001,0.001,13,"raw"
"Int-UMAP","Wasserstein",0.001,0.279,0.001,0.088,0.001,0.001,13,"raw"
"Int-UMAP","Centers-Euclidean",0.001,0.001,0.001,0.001,0.001,0.009,13,"raw"
"C-PCA","Int-Euclidean",0.003,0.296,0.003,0.106,0.001,0.001,13,"minP"
"C-PCA","Hausdorff",0.003,0.026,0.003,0.017,0.001,0.001,13,"minP"
"C-PCA","Ichino-Yaguchi",0.003,0.003,0.003,0.003,0.001,0.001,13,"minP"
"C-PCA","Wasserstein",0.003,0.003,0.003,0.003,0.001,0.001,13,"minP"
"C-PCA","Centers-Euclidean",0.003,0.003,0.003,0.003,0.001,0.001,13,"minP"
"V-PCA","Int-Euclidean",0.003,0.312,0.003,0.083,0.001,0.001,13,"minP"
"V-PCA","Hausdorff",0.003,0.025,0.003,0.009,0.001,0.001,13,"minP"
"V-PCA","Ichino-Yaguchi",0.003,0.003,0.003,0.003,0.001,0.001,13,"minP"
"V-PCA","Wasserstein",0.003,0.003,0.003,0.003,0.001,0.001,13,"minP"
"V-PCA","Centers-Euclidean",0.003,0.003,0.003,0.003,0.001,0.001,13,"minP"
"MR-PCA","Int-Euclidean",0.001,0.001,0.001,0.001,0.001,0.001,13,"minP"
"MR-PCA","Hausdorff",0.001,0.001,0.001,0.001,0.001,0.001,13,"minP"
"MR-PCA","Ichino-Yaguchi",0.001,0.001,0.001,0.001,0.001,0.001,13,"minP"
"MR-PCA","Wasserstein",0.001,0.001,0.001,0.001,0.001,0.001,13,"minP"
"MR-PCA","Centers-Euclidean",0.001,0.001,0.001,0.001,0.001,0.001,13,"minP"
"SPCA","Int-Euclidean",0.002,0.286,0.002,0.117,0.001,0.001,13,"minP"
"SPCA","Hausdorff",0.002,0.002,0.002,0.002,0.001,0.001,13,"minP"
"SPCA","Ichino-Yaguchi",0.002,0.002,0.002,0.002,0.001,0.001,13,"minP"
"SPCA","Wasserstein",0.002,0.002,0.002,0.002,0.001,0.001,13,"minP"
"SPCA","Centers-Euclidean",0.002,0.002,0.002,0.002,0.001,0.001,13,"minP"
"IMDS","Int-Euclidean",0.532,0.237,0.838,0.686,0.978,1,13,"minP"
"IMDS","Hausdorff",0.005,0.005,0.005,0.005,0.008,0.015,13,"minP"
"IMDS","Ichino-Yaguchi",0.005,0.005,0.005,0.005,0.008,0.031,13,"minP"
"IMDS","Wasserstein",0.005,0.005,0.005,0.005,0.008,0.098,13,"minP"
"IMDS","Centers-Euclidean",0.863,0.977,0.98,1,1,0.931,13,"minP"
"Int-UMAP","Int-Euclidean",0.003,0.003,0.004,0.042,0.003,0.675,13,"minP"
"Int-UMAP","Hausdorff",0.003,0.969,0.004,1,0.003,0.003,13,"minP"
"Int-UMAP","Ichino-Yaguchi",0.003,0.219,0.004,0.229,0.003,0.003,13,"minP"
"Int-UMAP","Wasserstein",0.003,0.87,0.004,0.458,0.003,0.003,13,"minP"
"Int-UMAP","Centers-Euclidean",0.003,0.003,0.004,0.004,0.003,0.067,13,"minP"
"C-PCA","Int-Euclidean",0.001,0.093,0.001,0.029,0.001,0.001,14,"raw"
"C-PCA","Hausdorff",0.001,0.003,0.001,0.008,0.001,0.001,14,"raw"
"C-PCA","Ichino-Yaguchi",0.001,0.001,0.001,0.001,0.001,0.001,14,"raw"
"C-PCA","Wasserstein",0.001,0.001,0.001,0.001,0.001,0.001,14,"raw"
"C-PCA","Centers-Euclidean",0.001,0.001,0.001,0.001,0.001,0.001,14,"raw"
"V-PCA","Int-Euclidean",0.001,0.101,0.001,0.041,0.001,0.001,14,"raw"
"V-PCA","Hausdorff",0.001,0.005,0.001,0.008,0.001,0.001,14,"raw"
"V-PCA","Ichino-Yaguchi",0.001,0.001,0.001,0.001,0.001,0.001,14,"raw"
"V-PCA","Wasserstein",0.001,0.001,0.001,0.001,0.001,0.001,14,"raw"
"V-PCA","Centers-Euclidean",0.001,0.001,0.001,0.001,0.001,0.001,14,"raw"
"MR-PCA","Int-Euclidean",0.001,0.001,0.001,0.001,0.001,0.001,14,"raw"
"MR-PCA","Hausdorff",0.001,0.001,0.001,0.001,0.001,0.001,14,"raw"
"MR-PCA","Ichino-Yaguchi",0.001,0.001,0.001,0.001,0.001,0.001,14,"raw"
"MR-PCA","Wasserstein",0.001,0.001,0.001,0.001,0.001,0.001,14,"raw"
"MR-PCA","Centers-Euclidean",0.001,0.001,0.001,0.001,0.001,0.001,14,"raw"
"SPCA","Int-Euclidean",0.001,0.086,0.001,0.036,0.001,0.001,14,"raw"
"SPCA","Hausdorff",0.001,0.005,0.001,0.008,0.001,0.001,14,"raw"
"SPCA","Ichino-Yaguchi",0.001,0.001,0.001,0.001,0.001,0.001,14,"raw"
"SPCA","Wasserstein",0.001,0.001,0.001,0.001,0.001,0.001,14,"raw"
"SPCA","Centers-Euclidean",0.001,0.001,0.001,0.001,0.001,0.001,14,"raw"
"IMDS","Int-Euclidean",0.311,0.054,0.351,0.086,0.268,0.418,14,"raw"
"IMDS","Hausdorff",0.001,0.001,0.001,0.001,0.001,0.025,14,"raw"
"IMDS","Ichino-Yaguchi",0.001,0.001,0.001,0.001,0.001,0.459,14,"raw"
"IMDS","Wasserstein",0.001,0.001,0.001,0.001,0.001,0.332,14,"raw"
"IMDS","Centers-Euclidean",0.093,0.773,0.105,0.529,0.025,0.405,14,"raw"
"Int-UMAP","Int-Euclidean",0.001,0.002,0.001,0.005,0.001,0.051,14,"raw"
"Int-UMAP","Hausdorff",0.001,0.044,0.001,0.207,0.001,0.002,14,"raw"
"Int-UMAP","Ichino-Yaguchi",0.001,0.359,0.001,0.333,0.001,0.075,14,"raw"
"Int-UMAP","Wasserstein",0.001,0.357,0.001,0.77,0.001,0.366,14,"raw"
"Int-UMAP","Centers-Euclidean",0.001,0.001,0.001,0.001,0.001,0.56,14,"raw"
"C-PCA","Int-Euclidean",0.003,0.497,0.003,0.191,0.001,0.001,14,"minP"
"C-PCA","Hausdorff",0.003,0.019,0.003,0.052,0.001,0.001,14,"minP"
"C-PCA","Ichino-Yaguchi",0.003,0.003,0.003,0.003,0.001,0.001,14,"minP"
"C-PCA","Wasserstein",0.003,0.003,0.003,0.003,0.001,0.001,14,"minP"
"C-PCA","Centers-Euclidean",0.003,0.003,0.003,0.003,0.001,0.001,14,"minP"
"V-PCA","Int-Euclidean",0.003,0.515,0.003,0.257,0.001,0.001,14,"minP"
"V-PCA","Hausdorff",0.003,0.028,0.003,0.052,0.001,0.001,14,"minP"
"V-PCA","Ichino-Yaguchi",0.003,0.003,0.003,0.003,0.001,0.001,14,"minP"
"V-PCA","Wasserstein",0.003,0.003,0.003,0.003,0.001,0.001,14,"minP"
"V-PCA","Centers-Euclidean",0.003,0.003,0.003,0.003,0.001,0.001,14,"minP"
"MR-PCA","Int-Euclidean",0.001,0.001,0.001,0.001,0.001,0.001,14,"minP"
"MR-PCA","Hausdorff",0.001,0.001,0.001,0.001,0.001,0.001,14,"minP"
"MR-PCA","Ichino-Yaguchi",0.001,0.001,0.001,0.001,0.001,0.001,14,"minP"
"MR-PCA","Wasserstein",0.001,0.001,0.001,0.001,0.001,0.001,14,"minP"
"MR-PCA","Centers-Euclidean",0.001,0.001,0.001,0.001,0.001,0.001,14,"minP"
"SPCA","Int-Euclidean",0.003,0.458,0.003,0.224,0.001,0.001,14,"minP"
"SPCA","Hausdorff",0.003,0.032,0.003,0.056,0.001,0.001,14,"minP"
"SPCA","Ichino-Yaguchi",0.003,0.003,0.003,0.003,0.001,0.001,14,"minP"
"SPCA","Wasserstein",0.003,0.003,0.003,0.003,0.001,0.001,14,"minP"
"SPCA","Centers-Euclidean",0.003,0.003,0.003,0.003,0.001,0.001,14,"minP"
"IMDS","Int-Euclidean",0.897,0.305,0.93,0.441,0.89,0.976,14,"minP"
"IMDS","Hausdorff",0.005,0.005,0.005,0.005,0.007,0.172,14,"minP"
"IMDS","Ichino-Yaguchi",0.005,0.005,0.005,0.005,0.007,0.987,14,"minP"
"IMDS","Wasserstein",0.005,0.005,0.005,0.005,0.007,0.937,14,"minP"
"IMDS","Centers-Euclidean",0.463,1,0.504,0.992,0.172,0.974,14,"minP"
"Int-UMAP","Int-Euclidean",0.005,0.012,0.004,0.027,0.004,0.325,14,"minP"
"Int-UMAP","Hausdorff",0.005,0.258,0.004,0.782,0.004,0.01,14,"minP"
"Int-UMAP","Ichino-Yaguchi",0.005,0.944,0.004,0.907,0.004,0.44,14,"minP"
"Int-UMAP","Wasserstein",0.005,0.943,0.004,1,0.004,0.955,14,"minP"
"Int-UMAP","Centers-Euclidean",0.005,0.005,0.004,0.004,0.004,0.995,14,"minP"
"C-PCA","Int-Euclidean",0.001,0.013,0.001,0.004,0.001,0.001,15,"raw"
"C-PCA","Hausdorff",0.001,0.002,0.001,0.004,0.001,0.001,15,"raw"
"C-PCA","Ichino-Yaguchi",0.001,0.001,0.001,0.001,0.001,0.001,15,"raw"
"C-PCA","Wasserstein",0.001,0.001,0.001,0.001,0.001,0.001,15,"raw"
"C-PCA","Centers-Euclidean",0.001,0.001,0.001,0.001,0.001,0.001,15,"raw"
"V-PCA","Int-Euclidean",0.001,0.014,0.001,0.006,0.001,0.001,15,"raw"
"V-PCA","Hausdorff",0.001,0.002,0.001,0.001,0.001,0.001,15,"raw"
"V-PCA","Ichino-Yaguchi",0.001,0.001,0.001,0.001,0.001,0.001,15,"raw"
"V-PCA","Wasserstein",0.001,0.001,0.001,0.001,0.001,0.001,15,"raw"
"V-PCA","Centers-Euclidean",0.001,0.001,0.001,0.001,0.001,0.001,15,"raw"
"MR-PCA","Int-Euclidean",0.001,0.001,0.001,0.001,0.001,0.001,15,"raw"
"MR-PCA","Hausdorff",0.001,0.001,0.001,0.001,0.001,0.001,15,"raw"
"MR-PCA","Ichino-Yaguchi",0.001,0.001,0.001,0.001,0.001,0.001,15,"raw"
"MR-PCA","Wasserstein",0.001,0.001,0.001,0.001,0.001,0.001,15,"raw"
"MR-PCA","Centers-Euclidean",0.001,0.001,0.001,0.001,0.001,0.001,15,"raw"
"SPCA","Int-Euclidean",0.001,0.01,0.001,0.002,0.001,0.001,15,"raw"
"SPCA","Hausdorff",0.001,0.003,0.001,0.003,0.001,0.001,15,"raw"
"SPCA","Ichino-Yaguchi",0.001,0.001,0.001,0.001,0.001,0.001,15,"raw"
"SPCA","Wasserstein",0.001,0.001,0.001,0.001,0.001,0.001,15,"raw"
"SPCA","Centers-Euclidean",0.001,0.001,0.001,0.001,0.001,0.001,15,"raw"
"IMDS","Int-Euclidean",0.537,0.247,0.679,0.167,0.937,0.585,15,"raw"
"IMDS","Hausdorff",0.001,0.001,0.001,0.001,0.001,0.007,15,"raw"
"IMDS","Ichino-Yaguchi",0.001,0.001,0.001,0.001,0.001,0.232,15,"raw"
"IMDS","Wasserstein",0.001,0.001,0.001,0.001,0.001,0.223,15,"raw"
"IMDS","Centers-Euclidean",0.451,0.857,0.443,0.908,0.453,0.525,15,"raw"
"Int-UMAP","Int-Euclidean",0.001,0.002,0.001,0.012,0.001,0.051,15,"raw"
"Int-UMAP","Hausdorff",0.001,0.585,0.001,0.938,0.001,0.001,15,"raw"
"Int-UMAP","Ichino-Yaguchi",0.001,0.004,0.001,0.003,0.001,0.001,15,"raw"
"Int-UMAP","Wasserstein",0.001,0.199,0.001,0.058,0.001,0.001,15,"raw"
"Int-UMAP","Centers-Euclidean",0.001,0.001,0.001,0.001,0.001,0.813,15,"raw"
"C-PCA","Int-Euclidean",0.003,0.092,0.003,0.025,0.001,0.001,15,"minP"
"C-PCA","Hausdorff",0.003,0.01,0.003,0.025,0.001,0.001,15,"minP"
"C-PCA","Ichino-Yaguchi",0.003,0.003,0.003,0.003,0.001,0.001,15,"minP"
"C-PCA","Wasserstein",0.003,0.003,0.003,0.003,0.001,0.001,15,"minP"
"C-PCA","Centers-Euclidean",0.003,0.003,0.003,0.003,0.001,0.001,15,"minP"
"V-PCA","Int-Euclidean",0.003,0.092,0.002,0.039,0.001,0.001,15,"minP"
"V-PCA","Hausdorff",0.003,0.008,0.002,0.002,0.001,0.001,15,"minP"
"V-PCA","Ichino-Yaguchi",0.003,0.003,0.002,0.002,0.001,0.001,15,"minP"
"V-PCA","Wasserstein",0.003,0.003,0.002,0.002,0.001,0.001,15,"minP"
"V-PCA","Centers-Euclidean",0.003,0.003,0.002,0.002,0.001,0.001,15,"minP"
"MR-PCA","Int-Euclidean",0.001,0.001,0.001,0.001,0.001,0.001,15,"minP"
"MR-PCA","Hausdorff",0.001,0.001,0.001,0.001,0.001,0.001,15,"minP"
"MR-PCA","Ichino-Yaguchi",0.001,0.001,0.001,0.001,0.001,0.001,15,"minP"
"MR-PCA","Wasserstein",0.001,0.001,0.001,0.001,0.001,0.001,15,"minP"
"MR-PCA","Centers-Euclidean",0.001,0.001,0.001,0.001,0.001,0.001,15,"minP"
"SPCA","Int-Euclidean",0.003,0.07,0.003,0.01,0.001,0.001,15,"minP"
"SPCA","Hausdorff",0.003,0.018,0.003,0.016,0.001,0.001,15,"minP"
"SPCA","Ichino-Yaguchi",0.003,0.003,0.003,0.003,0.001,0.001,15,"minP"
"SPCA","Wasserstein",0.003,0.003,0.003,0.003,0.001,0.001,15,"minP"
"SPCA","Centers-Euclidean",0.003,0.003,0.003,0.003,0.001,0.001,15,"minP"
"IMDS","Int-Euclidean",0.99,0.831,1,0.703,1,1,15,"minP"
"IMDS","Hausdorff",0.005,0.005,0.005,0.005,0.008,0.06,15,"minP"
"IMDS","Ichino-Yaguchi",0.005,0.005,0.005,0.005,0.008,0.859,15,"minP"
"IMDS","Wasserstein",0.005,0.005,0.005,0.005,0.008,0.849,15,"minP"
"IMDS","Centers-Euclidean",0.973,1,0.978,1,0.986,0.997,15,"minP"
"Int-UMAP","Int-Euclidean",0.004,0.011,0.004,0.071,0.003,0.334,15,"minP"
"Int-UMAP","Hausdorff",0.004,0.997,0.004,1,0.003,0.003,15,"minP"
"Int-UMAP","Ichino-Yaguchi",0.004,0.028,0.004,0.017,0.003,0.003,15,"minP"
"Int-UMAP","Wasserstein",0.004,0.763,0.004,0.323,0.003,0.003,15,"minP"
"Int-UMAP","Centers-Euclidean",0.004,0.004,0.004,0.004,0.003,1,15,"minP"
"C-PCA","Int-Euclidean",0.001,0.024,0.001,0.017,0.001,0.001,16,"raw"
"C-PCA","Hausdorff",0.001,0.001,0.001,0.001,0.001,0.001,16,"raw"
"C-PCA","Ichino-Yaguchi",0.001,0.001,0.001,0.001,0.001,0.001,16,"raw"
"C-PCA","Wasserstein",0.001,0.001,0.001,0.001,0.001,0.001,16,"raw"
"C-PCA","Centers-Euclidean",0.001,0.001,0.001,0.001,0.001,0.001,16,"raw"
"V-PCA","Int-Euclidean",0.001,0.025,0.001,0.017,0.001,0.001,16,"raw"
"V-PCA","Hausdorff",0.001,0.001,0.001,0.001,0.001,0.001,16,"raw"
"V-PCA","Ichino-Yaguchi",0.001,0.001,0.001,0.001,0.001,0.001,16,"raw"
"V-PCA","Wasserstein",0.001,0.001,0.001,0.001,0.001,0.001,16,"raw"
"V-PCA","Centers-Euclidean",0.001,0.001,0.001,0.001,0.001,0.001,16,"raw"
"MR-PCA","Int-Euclidean",0.001,0.001,0.001,0.001,0.001,0.001,16,"raw"
"MR-PCA","Hausdorff",0.001,0.001,0.001,0.001,0.001,0.001,16,"raw"
"MR-PCA","Ichino-Yaguchi",0.001,0.001,0.001,0.001,0.001,0.001,16,"raw"
"MR-PCA","Wasserstein",0.001,0.001,0.001,0.001,0.001,0.001,16,"raw"
"MR-PCA","Centers-Euclidean",0.001,0.001,0.001,0.001,0.001,0.001,16,"raw"
"SPCA","Int-Euclidean",0.001,0.019,0.001,0.009,0.001,0.001,16,"raw"
"SPCA","Hausdorff",0.001,0.001,0.001,0.001,0.001,0.001,16,"raw"
"SPCA","Ichino-Yaguchi",0.001,0.001,0.001,0.001,0.001,0.001,16,"raw"
"SPCA","Wasserstein",0.001,0.001,0.001,0.001,0.001,0.001,16,"raw"
"SPCA","Centers-Euclidean",0.001,0.001,0.001,0.001,0.001,0.001,16,"raw"
"IMDS","Int-Euclidean",1,0.004,1,0.02,0.946,0.882,16,"raw"
"IMDS","Hausdorff",0.001,0.001,0.001,0.001,0.001,0.961,16,"raw"
"IMDS","Ichino-Yaguchi",0.001,0.001,0.001,0.001,0.001,0.91,16,"raw"
"IMDS","Wasserstein",0.001,0.001,0.001,0.001,0.001,0.794,16,"raw"
"IMDS","Centers-Euclidean",0.936,0.93,0.634,0.74,0.15,0.145,16,"raw"
"Int-UMAP","Int-Euclidean",0.001,0.029,0.001,0.064,0.001,0.567,16,"raw"
"Int-UMAP","Hausdorff",0.001,0.762,0.001,0.914,0.001,0.001,16,"raw"
"Int-UMAP","Ichino-Yaguchi",0.001,0.003,0.001,0.007,0.001,0.001,16,"raw"
"Int-UMAP","Wasserstein",0.001,0.369,0.001,0.168,0.001,0.001,16,"raw"
"Int-UMAP","Centers-Euclidean",0.001,0.001,0.001,0.001,0.001,0.883,16,"raw"
"C-PCA","Int-Euclidean",0.002,0.17,0.002,0.113,0.001,0.001,16,"minP"
"C-PCA","Hausdorff",0.002,0.002,0.002,0.002,0.001,0.001,16,"minP"
"C-PCA","Ichino-Yaguchi",0.002,0.002,0.002,0.002,0.001,0.001,16,"minP"
"C-PCA","Wasserstein",0.002,0.002,0.002,0.002,0.001,0.001,16,"minP"
"C-PCA","Centers-Euclidean",0.002,0.002,0.002,0.002,0.001,0.001,16,"minP"
"V-PCA","Int-Euclidean",0.002,0.166,0.002,0.117,0.001,0.001,16,"minP"
"V-PCA","Hausdorff",0.002,0.002,0.002,0.002,0.001,0.001,16,"minP"
"V-PCA","Ichino-Yaguchi",0.002,0.002,0.002,0.002,0.001,0.001,16,"minP"
"V-PCA","Wasserstein",0.002,0.002,0.002,0.002,0.001,0.001,16,"minP"
"V-PCA","Centers-Euclidean",0.002,0.002,0.002,0.002,0.001,0.001,16,"minP"
"MR-PCA","Int-Euclidean",0.001,0.001,0.001,0.001,0.001,0.001,16,"minP"
"MR-PCA","Hausdorff",0.001,0.001,0.001,0.001,0.001,0.001,16,"minP"
"MR-PCA","Ichino-Yaguchi",0.001,0.001,0.001,0.001,0.001,0.001,16,"minP"
"MR-PCA","Wasserstein",0.001,0.001,0.001,0.001,0.001,0.001,16,"minP"
"MR-PCA","Centers-Euclidean",0.001,0.001,0.001,0.001,0.001,0.001,16,"minP"
"SPCA","Int-Euclidean",0.002,0.124,0.002,0.058,0.001,0.001,16,"minP"
"SPCA","Hausdorff",0.002,0.002,0.002,0.002,0.001,0.001,16,"minP"
"SPCA","Ichino-Yaguchi",0.002,0.002,0.002,0.002,0.001,0.001,16,"minP"
"SPCA","Wasserstein",0.002,0.002,0.002,0.002,0.001,0.001,16,"minP"
"SPCA","Centers-Euclidean",0.002,0.002,0.002,0.002,0.001,0.001,16,"minP"
"IMDS","Int-Euclidean",1,0.028,1,0.135,1,1,16,"minP"
"IMDS","Hausdorff",0.005,0.005,0.005,0.005,0.007,1,16,"minP"
"IMDS","Ichino-Yaguchi",0.005,0.005,0.005,0.005,0.007,1,16,"minP"
"IMDS","Wasserstein",0.005,0.005,0.005,0.005,0.007,1,16,"minP"
"IMDS","Centers-Euclidean",1,1,0.999,1,0.693,0.675,16,"minP"
"Int-UMAP","Int-Euclidean",0.004,0.19,0.004,0.364,0.003,0.997,16,"minP"
"Int-UMAP","Hausdorff",0.004,1,0.004,1,0.003,0.003,16,"minP"
"Int-UMAP","Ichino-Yaguchi",0.004,0.019,0.004,0.048,0.003,0.003,16,"minP"
"Int-UMAP","Wasserstein",0.004,0.945,0.004,0.693,0.003,0.003,16,"minP"
"Int-UMAP","Centers-Euclidean",0.004,0.004,0.004,0.004,0.003,1,16,"minP"
"C-PCA","Int-Euclidean",0.001,0.02,0.001,0.007,0.001,0.001,17,"raw"
"C-PCA","Hausdorff",0.001,0.001,0.001,0.004,0.001,0.001,17,"raw"
"C-PCA","Ichino-Yaguchi",0.001,0.001,0.001,0.001,0.001,0.001,17,"raw"
"C-PCA","Wasserstein",0.001,0.001,0.001,0.001,0.001,0.001,17,"raw"
"C-PCA","Centers-Euclidean",0.001,0.001,0.001,0.001,0.001,0.001,17,"raw"
"V-PCA","Int-Euclidean",0.001,0.02,0.001,0.01,0.001,0.001,17,"raw"
"V-PCA","Hausdorff",0.001,0.001,0.001,0.003,0.001,0.001,17,"raw"
"V-PCA","Ichino-Yaguchi",0.001,0.001,0.001,0.001,0.001,0.001,17,"raw"
"V-PCA","Wasserstein",0.001,0.001,0.001,0.001,0.001,0.001,17,"raw"
"V-PCA","Centers-Euclidean",0.001,0.001,0.001,0.001,0.001,0.001,17,"raw"
"MR-PCA","Int-Euclidean",0.001,0.001,0.001,0.001,0.001,0.001,17,"raw"
"MR-PCA","Hausdorff",0.001,0.001,0.001,0.001,0.001,0.001,17,"raw"
"MR-PCA","Ichino-Yaguchi",0.001,0.001,0.001,0.001,0.001,0.001,17,"raw"
"MR-PCA","Wasserstein",0.001,0.001,0.001,0.001,0.001,0.001,17,"raw"
"MR-PCA","Centers-Euclidean",0.001,0.001,0.001,0.001,0.001,0.001,17,"raw"
"SPCA","Int-Euclidean",0.001,0.017,0.001,0.012,0.001,0.001,17,"raw"
"SPCA","Hausdorff",0.001,0.002,0.001,0.004,0.001,0.001,17,"raw"
"SPCA","Ichino-Yaguchi",0.001,0.001,0.001,0.001,0.001,0.001,17,"raw"
"SPCA","Wasserstein",0.001,0.001,0.001,0.001,0.001,0.001,17,"raw"
"SPCA","Centers-Euclidean",0.001,0.001,0.001,0.001,0.001,0.001,17,"raw"
"IMDS","Int-Euclidean",0.553,0.002,0.602,0.008,0.027,0.76,17,"raw"
"IMDS","Hausdorff",0.001,0.001,0.001,0.001,0.003,0.15,17,"raw"
"IMDS","Ichino-Yaguchi",0.001,0.005,0.001,0.001,0.003,0.218,17,"raw"
"IMDS","Wasserstein",0.001,0.001,0.001,0.001,0.002,0.05,17,"raw"
"IMDS","Centers-Euclidean",0.025,0.003,0.091,0.005,0.434,0.121,17,"raw"
"Int-UMAP","Int-Euclidean",0.001,0.009,0.001,0.053,0.001,0.836,17,"raw"
"Int-UMAP","Hausdorff",0.001,0.909,0.001,0.501,0.001,0.001,17,"raw"
"Int-UMAP","Ichino-Yaguchi",0.001,0.012,0.001,0.009,0.001,0.004,17,"raw"
"Int-UMAP","Wasserstein",0.001,0.173,0.001,0.039,0.001,0.005,17,"raw"
"Int-UMAP","Centers-Euclidean",0.001,0.001,0.001,0.001,0.001,0.001,17,"raw"
"C-PCA","Int-Euclidean",0.002,0.131,0.003,0.043,0.001,0.001,17,"minP"
"C-PCA","Hausdorff",0.002,0.002,0.003,0.021,0.001,0.001,17,"minP"
"C-PCA","Ichino-Yaguchi",0.002,0.002,0.003,0.003,0.001,0.001,17,"minP"
"C-PCA","Wasserstein",0.002,0.002,0.003,0.003,0.001,0.001,17,"minP"
"C-PCA","Centers-Euclidean",0.002,0.002,0.003,0.003,0.001,0.001,17,"minP"
"V-PCA","Int-Euclidean",0.002,0.138,0.003,0.066,0.001,0.001,17,"minP"
"V-PCA","Hausdorff",0.002,0.002,0.003,0.015,0.001,0.001,17,"minP"
"V-PCA","Ichino-Yaguchi",0.002,0.002,0.003,0.003,0.001,0.001,17,"minP"
"V-PCA","Wasserstein",0.002,0.002,0.003,0.003,0.001,0.001,17,"minP"
"V-PCA","Centers-Euclidean",0.002,0.002,0.003,0.003,0.001,0.001,17,"minP"
"MR-PCA","Int-Euclidean",0.001,0.001,0.001,0.001,0.001,0.001,17,"minP"
"MR-PCA","Hausdorff",0.001,0.001,0.001,0.001,0.001,0.001,17,"minP"
"MR-PCA","Ichino-Yaguchi",0.001,0.001,0.001,0.001,0.001,0.001,17,"minP"
"MR-PCA","Wasserstein",0.001,0.001,0.001,0.001,0.001,0.001,17,"minP"
"MR-PCA","Centers-Euclidean",0.001,0.001,0.001,0.001,0.001,0.001,17,"minP"
"SPCA","Int-Euclidean",0.003,0.112,0.003,0.074,0.001,0.001,17,"minP"
"SPCA","Hausdorff",0.003,0.011,0.003,0.02,0.001,0.001,17,"minP"
"SPCA","Ichino-Yaguchi",0.003,0.003,0.003,0.003,0.001,0.001,17,"minP"
"SPCA","Wasserstein",0.003,0.003,0.003,0.003,0.001,0.001,17,"minP"
"SPCA","Centers-Euclidean",0.003,0.003,0.003,0.003,0.001,0.001,17,"minP"
"IMDS","Int-Euclidean",0.991,0.012,1,0.06,0.196,1,17,"minP"
"IMDS","Hausdorff",0.006,0.006,0.005,0.005,0.024,0.708,17,"minP"
"IMDS","Ichino-Yaguchi",0.006,0.034,0.005,0.005,0.024,0.839,17,"minP"
"IMDS","Wasserstein",0.006,0.006,0.005,0.005,0.016,0.318,17,"minP"
"IMDS","Centers-Euclidean",0.15,0.019,0.478,0.038,0.977,0.628,17,"minP"
"Int-UMAP","Int-Euclidean",0.004,0.059,0.005,0.296,0.004,1,17,"minP"
"Int-UMAP","Hausdorff",0.004,1,0.005,0.986,0.004,0.004,17,"minP"
"Int-UMAP","Ichino-Yaguchi",0.004,0.078,0.005,0.055,0.004,0.027,17,"minP"
"Int-UMAP","Wasserstein",0.004,0.707,0.005,0.227,0.004,0.034,17,"minP"
"Int-UMAP","Centers-Euclidean",0.004,0.004,0.005,0.005,0.004,0.004,17,"minP"
"C-PCA","Int-Euclidean",0.001,0.035,0.001,0.012,0.001,0.001,18,"raw"
"C-PCA","Hausdorff",0.001,0.003,0.001,0.005,0.001,0.001,18,"raw"
"C-PCA","Ichino-Yaguchi",0.001,0.001,0.001,0.001,0.001,0.001,18,"raw"
"C-PCA","Wasserstein",0.001,0.001,0.001,0.001,0.001,0.001,18,"raw"
"C-PCA","Centers-Euclidean",0.001,0.001,0.001,0.001,0.001,0.001,18,"raw"
"V-PCA","Int-Euclidean",0.001,0.022,0.001,0.008,0.001,0.001,18,"raw"
"V-PCA","Hausdorff",0.001,0.001,0.001,0.001,0.001,0.001,18,"raw"
"V-PCA","Ichino-Yaguchi",0.001,0.001,0.001,0.001,0.001,0.001,18,"raw"
"V-PCA","Wasserstein",0.001,0.001,0.001,0.001,0.001,0.001,18,"raw"
"V-PCA","Centers-Euclidean",0.001,0.001,0.001,0.001,0.001,0.001,18,"raw"
"MR-PCA","Int-Euclidean",0.001,0.001,0.001,0.001,0.001,0.001,18,"raw"
"MR-PCA","Hausdorff",0.001,0.001,0.001,0.001,0.001,0.001,18,"raw"
"MR-PCA","Ichino-Yaguchi",0.001,0.001,0.001,0.001,0.001,0.001,18,"raw"
"MR-PCA","Wasserstein",0.001,0.001,0.001,0.001,0.001,0.001,18,"raw"
"MR-PCA","Centers-Euclidean",0.001,0.001,0.001,0.001,0.001,0.001,18,"raw"
"SPCA","Int-Euclidean",0.001,0.029,0.001,0.011,0.001,0.001,18,"raw"
"SPCA","Hausdorff",0.001,0.001,0.001,0.002,0.001,0.001,18,"raw"
"SPCA","Ichino-Yaguchi",0.001,0.001,0.001,0.001,0.001,0.001,18,"raw"
"SPCA","Wasserstein",0.001,0.001,0.001,0.001,0.001,0.001,18,"raw"
"SPCA","Centers-Euclidean",0.001,0.001,0.001,0.001,0.001,0.001,18,"raw"
"IMDS","Int-Euclidean",0.059,0.318,0.086,0.251,0.525,0.468,18,"raw"
"IMDS","Hausdorff",0.001,0.001,0.001,0.001,0.001,0.129,18,"raw"
"IMDS","Ichino-Yaguchi",0.001,0.001,0.001,0.001,0.001,0.38,18,"raw"
"IMDS","Wasserstein",0.001,0.001,0.001,0.001,0.001,0.321,18,"raw"
"IMDS","Centers-Euclidean",0.074,0.518,0.093,0.572,0.181,0.228,18,"raw"
"Int-UMAP","Int-Euclidean",0.001,0.116,0.001,0.455,0.001,0.001,18,"raw"
"Int-UMAP","Hausdorff",0.001,0.691,0.001,0.314,0.001,0.001,18,"raw"
"Int-UMAP","Ichino-Yaguchi",0.001,0.001,0.001,0.001,0.001,0.001,18,"raw"
"Int-UMAP","Wasserstein",0.001,0.115,0.001,0.003,0.001,0.001,18,"raw"
"Int-UMAP","Centers-Euclidean",0.001,0.001,0.001,0.001,0.001,0.001,18,"raw"
"C-PCA","Int-Euclidean",0.003,0.223,0.003,0.078,0.001,0.001,18,"minP"
"C-PCA","Hausdorff",0.003,0.017,0.003,0.032,0.001,0.001,18,"minP"
"C-PCA","Ichino-Yaguchi",0.003,0.003,0.003,0.003,0.001,0.001,18,"minP"
"C-PCA","Wasserstein",0.003,0.003,0.003,0.003,0.001,0.001,18,"minP"
"C-PCA","Centers-Euclidean",0.003,0.003,0.003,0.003,0.001,0.001,18,"minP"
"V-PCA","Int-Euclidean",0.002,0.145,0.002,0.052,0.001,0.001,18,"minP"
"V-PCA","Hausdorff",0.002,0.002,0.002,0.002,0.001,0.001,18,"minP"
"V-PCA","Ichino-Yaguchi",0.002,0.002,0.002,0.002,0.001,0.001,18,"minP"
"V-PCA","Wasserstein",0.002,0.002,0.002,0.002,0.001,0.001,18,"minP"
"V-PCA","Centers-Euclidean",0.002,0.002,0.002,0.002,0.001,0.001,18,"minP"
"MR-PCA","Int-Euclidean",0.001,0.001,0.001,0.001,0.001,0.001,18,"minP"
"MR-PCA","Hausdorff",0.001,0.001,0.001,0.001,0.001,0.001,18,"minP"
"MR-PCA","Ichino-Yaguchi",0.001,0.001,0.001,0.001,0.001,0.001,18,"minP"
"MR-PCA","Wasserstein",0.001,0.001,0.001,0.001,0.001,0.001,18,"minP"
"MR-PCA","Centers-Euclidean",0.001,0.001,0.001,0.001,0.001,0.001,18,"minP"
"SPCA","Int-Euclidean",0.002,0.181,0.003,0.073,0.001,0.001,18,"minP"
"SPCA","Hausdorff",0.002,0.002,0.003,0.01,0.001,0.001,18,"minP"
"SPCA","Ichino-Yaguchi",0.002,0.002,0.003,0.003,0.001,0.001,18,"minP"
"SPCA","Wasserstein",0.002,0.002,0.003,0.003,0.001,0.001,18,"minP"
"SPCA","Centers-Euclidean",0.002,0.002,0.003,0.003,0.001,0.001,18,"minP"
"IMDS","Int-Euclidean",0.346,0.92,0.446,0.837,0.994,0.988,18,"minP"
"IMDS","Hausdorff",0.005,0.005,0.005,0.005,0.006,0.647,18,"minP"
"IMDS","Ichino-Yaguchi",0.005,0.005,0.005,0.005,0.006,0.97,18,"minP"
"IMDS","Wasserstein",0.005,0.005,0.005,0.005,0.006,0.947,18,"minP"
"IMDS","Centers-Euclidean",0.409,0.993,0.472,0.996,0.773,0.858,18,"minP"
"Int-UMAP","Int-Euclidean",0.004,0.564,0.004,0.981,0.001,0.001,18,"minP"
"Int-UMAP","Hausdorff",0.004,1,0.004,0.903,0.001,0.001,18,"minP"
"Int-UMAP","Ichino-Yaguchi",0.004,0.004,0.004,0.004,0.001,0.001,18,"minP"
"Int-UMAP","Wasserstein",0.004,0.56,0.004,0.019,0.001,0.001,18,"minP"
"Int-UMAP","Centers-Euclidean",0.004,0.004,0.004,0.004,0.001,0.001,18,"minP"
"C-PCA","Int-Euclidean",0.001,0.03,0.001,0.007,0.001,0.001,19,"raw"
"C-PCA","Hausdorff",0.001,0.001,0.001,0.001,0.001,0.001,19,"raw"
"C-PCA","Ichino-Yaguchi",0.001,0.001,0.001,0.001,0.001,0.001,19,"raw"
"C-PCA","Wasserstein",0.001,0.001,0.001,0.001,0.001,0.001,19,"raw"
"C-PCA","Centers-Euclidean",0.001,0.001,0.001,0.001,0.001,0.001,19,"raw"
"V-PCA","Int-Euclidean",0.001,0.022,0.001,0.009,0.001,0.001,19,"raw"
"V-PCA","Hausdorff",0.001,0.003,0.001,0.002,0.001,0.001,19,"raw"
"V-PCA","Ichino-Yaguchi",0.001,0.001,0.001,0.001,0.001,0.001,19,"raw"
"V-PCA","Wasserstein",0.001,0.001,0.001,0.001,0.001,0.001,19,"raw"
"V-PCA","Centers-Euclidean",0.001,0.001,0.001,0.001,0.001,0.001,19,"raw"
"MR-PCA","Int-Euclidean",0.001,0.001,0.001,0.001,0.001,0.001,19,"raw"
"MR-PCA","Hausdorff",0.001,0.001,0.001,0.001,0.001,0.001,19,"raw"
"MR-PCA","Ichino-Yaguchi",0.001,0.001,0.001,0.001,0.001,0.001,19,"raw"
"MR-PCA","Wasserstein",0.001,0.001,0.001,0.001,0.001,0.001,19,"raw"
"MR-PCA","Centers-Euclidean",0.001,0.001,0.001,0.001,0.001,0.001,19,"raw"
"SPCA","Int-Euclidean",0.001,0.015,0.001,0.005,0.001,0.001,19,"raw"
"SPCA","Hausdorff",0.001,0.001,0.001,0.001,0.001,0.001,19,"raw"
"SPCA","Ichino-Yaguchi",0.001,0.001,0.001,0.001,0.001,0.001,19,"raw"
"SPCA","Wasserstein",0.001,0.001,0.001,0.001,0.001,0.001,19,"raw"
"SPCA","Centers-Euclidean",0.001,0.001,0.001,0.001,0.001,0.001,19,"raw"
"IMDS","Int-Euclidean",0.019,0.099,0.035,0.242,0.088,0.056,19,"raw"
"IMDS","Hausdorff",0.001,0.001,0.001,0.001,0.001,0.004,19,"raw"
"IMDS","Ichino-Yaguchi",0.001,0.001,0.001,0.001,0.001,0.018,19,"raw"
"IMDS","Wasserstein",0.001,0.001,0.001,0.001,0.001,0.11,19,"raw"
"IMDS","Centers-Euclidean",0.513,0.503,0.368,0.77,0.087,0.745,19,"raw"
"Int-UMAP","Int-Euclidean",0.001,0.079,0.001,0.403,0.001,0.002,19,"raw"
"Int-UMAP","Hausdorff",0.001,0.866,0.001,0.706,0.001,0.001,19,"raw"
"Int-UMAP","Ichino-Yaguchi",0.001,0.004,0.001,0.002,0.001,0.001,19,"raw"
"Int-UMAP","Wasserstein",0.001,0.433,0.001,0.053,0.001,0.001,19,"raw"
"Int-UMAP","Centers-Euclidean",0.001,0.001,0.001,0.001,0.001,0.035,19,"raw"
"C-PCA","Int-Euclidean",0.002,0.202,0.002,0.048,0.001,0.001,19,"minP"
"C-PCA","Hausdorff",0.002,0.002,0.002,0.002,0.001,0.001,19,"minP"
"C-PCA","Ichino-Yaguchi",0.002,0.002,0.002,0.002,0.001,0.001,19,"minP"
"C-PCA","Wasserstein",0.002,0.002,0.002,0.002,0.001,0.001,19,"minP"
"C-PCA","Centers-Euclidean",0.002,0.002,0.002,0.002,0.001,0.001,19,"minP"
"V-PCA","Int-Euclidean",0.003,0.14,0.003,0.058,0.001,0.001,19,"minP"
"V-PCA","Hausdorff",0.003,0.019,0.003,0.008,0.001,0.001,19,"minP"
"V-PCA","Ichino-Yaguchi",0.003,0.003,0.003,0.003,0.001,0.001,19,"minP"
"V-PCA","Wasserstein",0.003,0.003,0.003,0.003,0.001,0.001,19,"minP"
"V-PCA","Centers-Euclidean",0.003,0.003,0.003,0.003,0.001,0.001,19,"minP"
"MR-PCA","Int-Euclidean",0.001,0.001,0.001,0.001,0.001,0.001,19,"minP"
"MR-PCA","Hausdorff",0.001,0.001,0.001,0.001,0.001,0.001,19,"minP"
"MR-PCA","Ichino-Yaguchi",0.001,0.001,0.001,0.001,0.001,0.001,19,"minP"
"MR-PCA","Wasserstein",0.001,0.001,0.001,0.001,0.001,0.001,19,"minP"
"MR-PCA","Centers-Euclidean",0.001,0.001,0.001,0.001,0.001,0.001,19,"minP"
"SPCA","Int-Euclidean",0.002,0.11,0.002,0.033,0.001,0.001,19,"minP"
"SPCA","Hausdorff",0.002,0.002,0.002,0.002,0.001,0.001,19,"minP"
"SPCA","Ichino-Yaguchi",0.002,0.002,0.002,0.002,0.001,0.001,19,"minP"
"SPCA","Wasserstein",0.002,0.002,0.002,0.002,0.001,0.001,19,"minP"
"SPCA","Centers-Euclidean",0.002,0.002,0.002,0.002,0.001,0.001,19,"minP"
"IMDS","Int-Euclidean",0.13,0.481,0.222,0.835,0.482,0.354,19,"minP"
"IMDS","Hausdorff",0.005,0.005,0.005,0.005,0.007,0.032,19,"minP"
"IMDS","Ichino-Yaguchi",0.005,0.005,0.005,0.005,0.007,0.125,19,"minP"
"IMDS","Wasserstein",0.005,0.005,0.005,0.005,0.007,0.565,19,"minP"
"IMDS","Centers-Euclidean",0.984,0.982,0.95,1,0.48,1,19,"minP"
"Int-UMAP","Int-Euclidean",0.004,0.424,0.004,0.972,0.003,0.011,19,"minP"
"Int-UMAP","Hausdorff",0.004,1,0.004,1,0.003,0.003,19,"minP"
"Int-UMAP","Ichino-Yaguchi",0.004,0.026,0.004,0.011,0.003,0.003,19,"minP"
"Int-UMAP","Wasserstein",0.004,0.975,0.004,0.299,0.003,0.003,19,"minP"
"Int-UMAP","Centers-Euclidean",0.004,0.004,0.004,0.004,0.003,0.227,19,"minP"
"C-PCA","Int-Euclidean",0.001,0.046,0.001,0.002,0.001,0.001,20,"raw"
"C-PCA","Hausdorff",0.001,0.002,0.001,0.004,0.001,0.001,20,"raw"
"C-PCA","Ichino-Yaguchi",0.001,0.001,0.001,0.001,0.001,0.001,20,"raw"
"C-PCA","Wasserstein",0.001,0.001,0.001,0.001,0.001,0.001,20,"raw"
"C-PCA","Centers-Euclidean",0.001,0.001,0.001,0.001,0.001,0.001,20,"raw"
"V-PCA","Int-Euclidean",0.001,0.046,0.001,0.006,0.001,0.001,20,"raw"
"V-PCA","Hausdorff",0.001,0.001,0.001,0.001,0.001,0.001,20,"raw"
"V-PCA","Ichino-Yaguchi",0.001,0.001,0.001,0.001,0.001,0.001,20,"raw"
"V-PCA","Wasserstein",0.001,0.001,0.001,0.001,0.001,0.001,20,"raw"
"V-PCA","Centers-Euclidean",0.001,0.001,0.001,0.001,0.001,0.001,20,"raw"
"MR-PCA","Int-Euclidean",0.001,0.001,0.001,0.001,0.001,0.001,20,"raw"
"MR-PCA","Hausdorff",0.001,0.001,0.001,0.001,0.001,0.001,20,"raw"
"MR-PCA","Ichino-Yaguchi",0.001,0.001,0.001,0.001,0.001,0.001,20,"raw"
"MR-PCA","Wasserstein",0.001,0.001,0.001,0.001,0.001,0.001,20,"raw"
"MR-PCA","Centers-Euclidean",0.001,0.001,0.001,0.001,0.001,0.001,20,"raw"
"SPCA","Int-Euclidean",0.001,0.032,0.001,0.001,0.001,0.001,20,"raw"
"SPCA","Hausdorff",0.001,0.001,0.001,0.001,0.001,0.001,20,"raw"
"SPCA","Ichino-Yaguchi",0.001,0.001,0.001,0.001,0.001,0.001,20,"raw"
"SPCA","Wasserstein",0.001,0.001,0.001,0.001,0.001,0.001,20,"raw"
"SPCA","Centers-Euclidean",0.001,0.001,0.001,0.001,0.001,0.001,20,"raw"
"IMDS","Int-Euclidean",0.001,0.486,0.004,0.494,0.603,0.093,20,"raw"
"IMDS","Hausdorff",0.001,0.001,0.001,0.001,0.001,0.564,20,"raw"
"IMDS","Ichino-Yaguchi",0.001,0.001,0.001,0.001,0.001,0.565,20,"raw"
"IMDS","Wasserstein",0.001,0.001,0.001,0.001,0.001,0.718,20,"raw"
"IMDS","Centers-Euclidean",0.602,0.913,0.745,0.711,0.53,0.952,20,"raw"
"Int-UMAP","Int-Euclidean",0.001,0.166,0.001,0.595,0.001,0.008,20,"raw"
"Int-UMAP","Hausdorff",0.001,0.326,0.001,0.261,0.001,0.027,20,"raw"
"Int-UMAP","Ichino-Yaguchi",0.001,0.001,0.001,0.001,0.001,0.001,20,"raw"
"Int-UMAP","Wasserstein",0.001,0.008,0.001,0.008,0.001,0.045,20,"raw"
"Int-UMAP","Centers-Euclidean",0.001,0.001,0.001,0.001,0.001,0.066,20,"raw"
"C-PCA","Int-Euclidean",0.003,0.276,0.003,0.009,0.001,0.001,20,"minP"
"C-PCA","Hausdorff",0.003,0.01,0.003,0.021,0.001,0.001,20,"minP"
"C-PCA","Ichino-Yaguchi",0.003,0.003,0.003,0.003,0.001,0.001,20,"minP"
"C-PCA","Wasserstein",0.003,0.003,0.003,0.003,0.001,0.001,20,"minP"
"C-PCA","Centers-Euclidean",0.003,0.003,0.003,0.003,0.001,0.001,20,"minP"
"V-PCA","Int-Euclidean",0.002,0.27,0.002,0.038,0.001,0.001,20,"minP"
"V-PCA","Hausdorff",0.002,0.002,0.002,0.002,0.001,0.001,20,"minP"
"V-PCA","Ichino-Yaguchi",0.002,0.002,0.002,0.002,0.001,0.001,20,"minP"
"V-PCA","Wasserstein",0.002,0.002,0.002,0.002,0.001,0.001,20,"minP"
"V-PCA","Centers-Euclidean",0.002,0.002,0.002,0.002,0.001,0.001,20,"minP"
"MR-PCA","Int-Euclidean",0.001,0.001,0.001,0.001,0.001,0.001,20,"minP"
"MR-PCA","Hausdorff",0.001,0.001,0.001,0.001,0.001,0.001,20,"minP"
"MR-PCA","Ichino-Yaguchi",0.001,0.001,0.001,0.001,0.001,0.001,20,"minP"
"MR-PCA","Wasserstein",0.001,0.001,0.001,0.001,0.001,0.001,20,"minP"
"MR-PCA","Centers-Euclidean",0.001,0.001,0.001,0.001,0.001,0.001,20,"minP"
"SPCA","Int-Euclidean",0.002,0.212,0.001,0.001,0.001,0.001,20,"minP"
"SPCA","Hausdorff",0.002,0.002,0.001,0.001,0.001,0.001,20,"minP"
"SPCA","Ichino-Yaguchi",0.002,0.002,0.001,0.001,0.001,0.001,20,"minP"
"SPCA","Wasserstein",0.002,0.002,0.001,0.001,0.001,0.001,20,"minP"
"SPCA","Centers-Euclidean",0.002,0.002,0.001,0.001,0.001,0.001,20,"minP"
"IMDS","Int-Euclidean",0.004,0.99,0.029,0.991,1,0.524,20,"minP"
"IMDS","Hausdorff",0.004,0.004,0.005,0.005,0.007,0.999,20,"minP"
"IMDS","Ichino-Yaguchi",0.004,0.004,0.005,0.005,0.007,0.999,20,"minP"
"IMDS","Wasserstein",0.004,0.004,0.005,0.005,0.007,1,20,"minP"
"IMDS","Centers-Euclidean",1,1,1,1,0.997,1,20,"minP"
"Int-UMAP","Int-Euclidean",0.003,0.698,0.004,1,0.005,0.054,20,"minP"
"Int-UMAP","Hausdorff",0.003,0.92,0.004,0.842,0.005,0.192,20,"minP"
"Int-UMAP","Ichino-Yaguchi",0.003,0.003,0.004,0.004,0.005,0.005,20,"minP"
"Int-UMAP","Wasserstein",0.003,0.056,0.004,0.054,0.005,0.297,20,"minP"
"Int-UMAP","Centers-Euclidean",0.003,0.003,0.004,0.004,0.005,0.407,20,"minP"
"C-PCA","Int-Euclidean",0.001,0.008,0.001,0.004,0.001,0.001,21,"raw"
"C-PCA","Hausdorff",0.001,0.004,0.001,0.001,0.001,0.001,21,"raw"
"C-PCA","Ichino-Yaguchi",0.001,0.001,0.001,0.001,0.001,0.001,21,"raw"
"C-PCA","Wasserstein",0.001,0.001,0.001,0.001,0.001,0.001,21,"raw"
"C-PCA","Centers-Euclidean",0.001,0.001,0.001,0.001,0.001,0.001,21,"raw"
"V-PCA","Int-Euclidean",0.001,0.009,0.001,0.006,0.001,0.001,21,"raw"
"V-PCA","Hausdorff",0.001,0.001,0.001,0.001,0.001,0.001,21,"raw"
"V-PCA","Ichino-Yaguchi",0.001,0.001,0.001,0.001,0.001,0.001,21,"raw"
"V-PCA","Wasserstein",0.001,0.001,0.001,0.001,0.001,0.001,21,"raw"
"V-PCA","Centers-Euclidean",0.001,0.001,0.001,0.001,0.001,0.001,21,"raw"
"MR-PCA","Int-Euclidean",0.001,0.001,0.001,0.001,0.001,0.001,21,"raw"
"MR-PCA","Hausdorff",0.001,0.001,0.001,0.001,0.001,0.001,21,"raw"
"MR-PCA","Ichino-Yaguchi",0.001,0.001,0.001,0.001,0.001,0.001,21,"raw"
"MR-PCA","Wasserstein",0.001,0.001,0.001,0.001,0.001,0.001,21,"raw"
"MR-PCA","Centers-Euclidean",0.001,0.001,0.001,0.001,0.001,0.001,21,"raw"
"SPCA","Int-Euclidean",0.001,0.018,0.001,0.009,0.001,0.001,21,"raw"
"SPCA","Hausdorff",0.001,0.002,0.001,0.003,0.001,0.001,21,"raw"
"SPCA","Ichino-Yaguchi",0.001,0.001,0.001,0.001,0.001,0.001,21,"raw"
"SPCA","Wasserstein",0.001,0.001,0.001,0.001,0.001,0.001,21,"raw"
"SPCA","Centers-Euclidean",0.001,0.001,0.001,0.001,0.001,0.001,21,"raw"
"IMDS","Int-Euclidean",0.022,0.082,0.047,0.078,0.462,0.405,21,"raw"
"IMDS","Hausdorff",0.001,0.001,0.001,0.001,0.001,0.504,21,"raw"
"IMDS","Ichino-Yaguchi",0.001,0.001,0.001,0.001,0.002,0.601,21,"raw"
"IMDS","Wasserstein",0.001,0.001,0.001,0.001,0.001,0.877,21,"raw"
"IMDS","Centers-Euclidean",0.388,0.755,0.404,0.519,0.665,0.73,21,"raw"
"Int-UMAP","Int-Euclidean",0.001,0.183,0.001,0.583,0.001,0.016,21,"raw"
"Int-UMAP","Hausdorff",0.001,0.945,0.001,0.761,0.001,0.001,21,"raw"
"Int-UMAP","Ichino-Yaguchi",0.001,0.004,0.001,0.004,0.001,0.001,21,"raw"
"Int-UMAP","Wasserstein",0.001,0.389,0.001,0.074,0.001,0.001,21,"raw"
"Int-UMAP","Centers-Euclidean",0.001,0.001,0.001,0.001,0.001,0.004,21,"raw"
"C-PCA","Int-Euclidean",0.003,0.054,0.002,0.022,0.001,0.001,21,"minP"
"C-PCA","Hausdorff",0.003,0.023,0.002,0.002,0.001,0.001,21,"minP"
"C-PCA","Ichino-Yaguchi",0.003,0.003,0.002,0.002,0.001,0.001,21,"minP"
"C-PCA","Wasserstein",0.003,0.003,0.002,0.002,0.001,0.001,21,"minP"
"C-PCA","Centers-Euclidean",0.003,0.003,0.002,0.002,0.001,0.001,21,"minP"
"V-PCA","Int-Euclidean",0.002,0.057,0.002,0.038,0.001,0.001,21,"minP"
"V-PCA","Hausdorff",0.002,0.002,0.002,0.002,0.001,0.001,21,"minP"
"V-PCA","Ichino-Yaguchi",0.002,0.002,0.002,0.002,0.001,0.001,21,"minP"
"V-PCA","Wasserstein",0.002,0.002,0.002,0.002,0.001,0.001,21,"minP"
"V-PCA","Centers-Euclidean",0.002,0.002,0.002,0.002,0.001,0.001,21,"minP"
"MR-PCA","Int-Euclidean",0.001,0.001,0.001,0.001,0.001,0.001,21,"minP"
"MR-PCA","Hausdorff",0.001,0.001,0.001,0.001,0.001,0.001,21,"minP"
"MR-PCA","Ichino-Yaguchi",0.001,0.001,0.001,0.001,0.001,0.001,21,"minP"
"MR-PCA","Wasserstein",0.001,0.001,0.001,0.001,0.001,0.001,21,"minP"
"MR-PCA","Centers-Euclidean",0.001,0.001,0.001,0.001,0.001,0.001,21,"minP"
"SPCA","Int-Euclidean",0.003,0.113,0.003,0.059,0.001,0.001,21,"minP"
"SPCA","Hausdorff",0.003,0.009,0.003,0.02,0.001,0.001,21,"minP"
"SPCA","Ichino-Yaguchi",0.003,0.003,0.003,0.003,0.001,0.001,21,"minP"
"SPCA","Wasserstein",0.003,0.003,0.003,0.003,0.001,0.001,21,"minP"
"SPCA","Centers-Euclidean",0.003,0.003,0.003,0.003,0.001,0.001,21,"minP"
"IMDS","Int-Euclidean",0.153,0.427,0.281,0.427,0.99,0.973,21,"minP"
"IMDS","Hausdorff",0.005,0.005,0.005,0.005,0.009,0.996,21,"minP"
"IMDS","Ichino-Yaguchi",0.005,0.005,0.005,0.005,0.013,0.999,21,"minP"
"IMDS","Wasserstein",0.005,0.005,0.005,0.005,0.009,1,21,"minP"
"IMDS","Centers-Euclidean",0.961,1,0.97,0.994,1,1,21,"minP"
"Int-UMAP","Int-Euclidean",0.005,0.719,0.005,0.995,0.003,0.117,21,"minP"
"Int-UMAP","Hausdorff",0.005,1,0.005,1,0.003,0.003,21,"minP"
"Int-UMAP","Ichino-Yaguchi",0.005,0.029,0.005,0.029,0.003,0.003,21,"minP"
"Int-UMAP","Wasserstein",0.005,0.956,0.005,0.391,0.003,0.003,21,"minP"
"Int-UMAP","Centers-Euclidean",0.005,0.005,0.005,0.005,0.003,0.027,21,"minP"
"C-PCA","Int-Euclidean",0.001,0.018,0.001,0.009,0.001,0.001,22,"raw"
"C-PCA","Hausdorff",0.001,0.001,0.001,0.001,0.001,0.001,22,"raw"
"C-PCA","Ichino-Yaguchi",0.001,0.001,0.001,0.001,0.001,0.001,22,"raw"
"C-PCA","Wasserstein",0.001,0.001,0.001,0.001,0.001,0.001,22,"raw"
"C-PCA","Centers-Euclidean",0.001,0.001,0.001,0.001,0.001,0.001,22,"raw"
"V-PCA","Int-Euclidean",0.001,0.031,0.001,0.011,0.001,0.001,22,"raw"
"V-PCA","Hausdorff",0.001,0.002,0.001,0.002,0.001,0.001,22,"raw"
"V-PCA","Ichino-Yaguchi",0.001,0.001,0.001,0.001,0.001,0.001,22,"raw"
"V-PCA","Wasserstein",0.001,0.001,0.001,0.001,0.001,0.001,22,"raw"
"V-PCA","Centers-Euclidean",0.001,0.001,0.001,0.001,0.001,0.001,22,"raw"
"MR-PCA","Int-Euclidean",0.001,0.001,0.001,0.001,0.001,0.001,22,"raw"
"MR-PCA","Hausdorff",0.001,0.001,0.001,0.001,0.001,0.001,22,"raw"
"MR-PCA","Ichino-Yaguchi",0.001,0.001,0.001,0.001,0.001,0.001,22,"raw"
"MR-PCA","Wasserstein",0.001,0.001,0.001,0.001,0.001,0.001,22,"raw"
"MR-PCA","Centers-Euclidean",0.001,0.001,0.001,0.001,0.001,0.001,22,"raw"
"SPCA","Int-Euclidean",0.001,0.02,0.001,0.009,0.001,0.001,22,"raw"
"SPCA","Hausdorff",0.001,0.002,0.001,0.002,0.001,0.001,22,"raw"
"SPCA","Ichino-Yaguchi",0.001,0.001,0.001,0.001,0.001,0.001,22,"raw"
"SPCA","Wasserstein",0.001,0.001,0.001,0.001,0.001,0.001,22,"raw"
"SPCA","Centers-Euclidean",0.001,0.001,0.001,0.001,0.001,0.001,22,"raw"
"IMDS","Int-Euclidean",0.96,0.112,0.983,0.307,0.969,0.564,22,"raw"
"IMDS","Hausdorff",0.001,0.001,0.001,0.001,0.001,0.001,22,"raw"
"IMDS","Ichino-Yaguchi",0.001,0.001,0.001,0.001,0.001,0.001,22,"raw"
"IMDS","Wasserstein",0.001,0.001,0.001,0.001,0.001,0.173,22,"raw"
"IMDS","Centers-Euclidean",0.623,0.421,0.518,0.692,0.463,0.687,22,"raw"
"Int-UMAP","Int-Euclidean",0.001,0.001,0.001,0.003,0.001,0.736,22,"raw"
"Int-UMAP","Hausdorff",0.001,0.01,0.001,0.214,0.001,0.738,22,"raw"
"Int-UMAP","Ichino-Yaguchi",0.001,0.558,0.001,0.201,0.001,0.001,22,"raw"
"Int-UMAP","Wasserstein",0.001,0.526,0.001,0.709,0.001,0.02,22,"raw"
"Int-UMAP","Centers-Euclidean",0.001,0.001,0.001,0.001,0.001,0.201,22,"raw"
"C-PCA","Int-Euclidean",0.002,0.123,0.002,0.061,0.001,0.001,22,"minP"
"C-PCA","Hausdorff",0.002,0.002,0.002,0.002,0.001,0.001,22,"minP"
"C-PCA","Ichino-Yaguchi",0.002,0.002,0.002,0.002,0.001,0.001,22,"minP"
"C-PCA","Wasserstein",0.002,0.002,0.002,0.002,0.001,0.001,22,"minP"
"C-PCA","Centers-Euclidean",0.002,0.002,0.002,0.002,0.001,0.001,22,"minP"
"V-PCA","Int-Euclidean",0.003,0.202,0.003,0.073,0.001,0.001,22,"minP"
"V-PCA","Hausdorff",0.003,0.011,0.003,0.012,0.001,0.001,22,"minP"
"V-PCA","Ichino-Yaguchi",0.003,0.003,0.003,0.003,0.001,0.001,22,"minP"
"V-PCA","Wasserstein",0.003,0.003,0.003,0.003,0.001,0.001,22,"minP"
"V-PCA","Centers-Euclidean",0.003,0.003,0.003,0.003,0.001,0.001,22,"minP"
"MR-PCA","Int-Euclidean",0.001,0.001,0.001,0.001,0.001,0.001,22,"minP"
"MR-PCA","Hausdorff",0.001,0.001,0.001,0.001,0.001,0.001,22,"minP"
"MR-PCA","Ichino-Yaguchi",0.001,0.001,0.001,0.001,0.001,0.001,22,"minP"
"MR-PCA","Wasserstein",0.001,0.001,0.001,0.001,0.001,0.001,22,"minP"
"MR-PCA","Centers-Euclidean",0.001,0.001,0.001,0.001,0.001,0.001,22,"minP"
"SPCA","Int-Euclidean",0.003,0.136,0.003,0.061,0.001,0.001,22,"minP"
"SPCA","Hausdorff",0.003,0.011,0.003,0.01,0.001,0.001,22,"minP"
"SPCA","Ichino-Yaguchi",0.003,0.003,0.003,0.003,0.001,0.001,22,"minP"
"SPCA","Wasserstein",0.003,0.003,0.003,0.003,0.001,0.001,22,"minP"
"SPCA","Centers-Euclidean",0.003,0.003,0.003,0.003,0.001,0.001,22,"minP"
"IMDS","Int-Euclidean",1,0.525,1,0.915,1,0.996,22,"minP"
"IMDS","Hausdorff",0.005,0.005,0.005,0.005,0.006,0.006,22,"minP"
"IMDS","Ichino-Yaguchi",0.005,0.005,0.005,0.005,0.006,0.006,22,"minP"
"IMDS","Wasserstein",0.005,0.005,0.005,0.005,0.006,0.764,22,"minP"
"IMDS","Centers-Euclidean",1,0.971,0.99,1,0.98,1,22,"minP"
"Int-UMAP","Int-Euclidean",0.003,0.003,0.004,0.019,0.005,0.999,22,"minP"
"Int-UMAP","Hausdorff",0.003,0.067,0.004,0.763,0.005,0.999,22,"minP"
"Int-UMAP","Ichino-Yaguchi",0.003,0.992,0.004,0.74,0.005,0.005,22,"minP"
"Int-UMAP","Wasserstein",0.003,0.986,0.004,1,0.005,0.142,22,"minP"
"Int-UMAP","Centers-Euclidean",0.003,0.003,0.004,0.004,0.005,0.791,22,"minP"
"C-PCA","Int-Euclidean",0.001,0.025,0.001,0.007,0.001,0.001,23,"raw"
"C-PCA","Hausdorff",0.001,0.002,0.001,0.002,0.001,0.001,23,"raw"
"C-PCA","Ichino-Yaguchi",0.001,0.001,0.001,0.001,0.001,0.001,23,"raw"
"C-PCA","Wasserstein",0.001,0.001,0.001,0.001,0.001,0.001,23,"raw"
"C-PCA","Centers-Euclidean",0.001,0.001,0.001,0.001,0.001,0.001,23,"raw"
"V-PCA","Int-Euclidean",0.001,0.029,0.001,0.006,0.001,0.001,23,"raw"
"V-PCA","Hausdorff",0.001,0.001,0.001,0.001,0.001,0.001,23,"raw"
"V-PCA","Ichino-Yaguchi",0.001,0.001,0.001,0.001,0.001,0.001,23,"raw"
"V-PCA","Wasserstein",0.001,0.001,0.001,0.001,0.001,0.001,23,"raw"
"V-PCA","Centers-Euclidean",0.001,0.001,0.001,0.001,0.001,0.001,23,"raw"
"MR-PCA","Int-Euclidean",0.001,0.001,0.001,0.001,0.001,0.001,23,"raw"
"MR-PCA","Hausdorff",0.001,0.001,0.001,0.001,0.001,0.001,23,"raw"
"MR-PCA","Ichino-Yaguchi",0.001,0.001,0.001,0.001,0.001,0.001,23,"raw"
"MR-PCA","Wasserstein",0.001,0.001,0.001,0.001,0.001,0.001,23,"raw"
"MR-PCA","Centers-Euclidean",0.001,0.001,0.001,0.001,0.001,0.001,23,"raw"
"SPCA","Int-Euclidean",0.001,0.032,0.001,0.01,0.001,0.001,23,"raw"
"SPCA","Hausdorff",0.001,0.005,0.001,0.004,0.001,0.001,23,"raw"
"SPCA","Ichino-Yaguchi",0.001,0.001,0.001,0.001,0.001,0.001,23,"raw"
"SPCA","Wasserstein",0.001,0.001,0.001,0.001,0.001,0.001,23,"raw"
"SPCA","Centers-Euclidean",0.001,0.001,0.001,0.001,0.001,0.001,23,"raw"
"IMDS","Int-Euclidean",0.059,0.008,0.153,0.023,0.645,0.169,23,"raw"
"IMDS","Hausdorff",0.001,0.001,0.001,0.001,0.028,0.598,23,"raw"
"IMDS","Ichino-Yaguchi",0.001,0.001,0.001,0.001,0.113,0.16,23,"raw"
"IMDS","Wasserstein",0.001,0.001,0.001,0.001,0.032,1,23,"raw"
"IMDS","Centers-Euclidean",1,0.125,1,0.94,0.812,0.37,23,"raw"
"Int-UMAP","Int-Euclidean",0.001,0.091,0.001,0.289,0.001,0.243,23,"raw"
"Int-UMAP","Hausdorff",0.001,0.41,0.001,0.238,0.001,0.018,23,"raw"
"Int-UMAP","Ichino-Yaguchi",0.001,0.001,0.001,0.001,0.001,0.001,23,"raw"
"Int-UMAP","Wasserstein",0.001,0.005,0.001,0.001,0.001,0.001,23,"raw"
"Int-UMAP","Centers-Euclidean",0.001,0.001,0.001,0.001,0.001,0.515,23,"raw"
"C-PCA","Int-Euclidean",0.003,0.169,0.003,0.044,0.001,0.001,23,"minP"
"C-PCA","Hausdorff",0.003,0.008,0.003,0.009,0.001,0.001,23,"minP"
"C-PCA","Ichino-Yaguchi",0.003,0.003,0.003,0.003,0.001,0.001,23,"minP"
"C-PCA","Wasserstein",0.003,0.003,0.003,0.003,0.001,0.001,23,"minP"
"C-PCA","Centers-Euclidean",0.003,0.003,0.003,0.003,0.001,0.001,23,"minP"
"V-PCA","Int-Euclidean",0.002,0.201,0.002,0.041,0.001,0.001,23,"minP"
"V-PCA","Hausdorff",0.002,0.002,0.002,0.002,0.001,0.001,23,"minP"
"V-PCA","Ichino-Yaguchi",0.002,0.002,0.002,0.002,0.001,0.001,23,"minP"
"V-PCA","Wasserstein",0.002,0.002,0.002,0.002,0.001,0.001,23,"minP"
"V-PCA","Centers-Euclidean",0.002,0.002,0.002,0.002,0.001,0.001,23,"minP"
"MR-PCA","Int-Euclidean",0.001,0.001,0.001,0.001,0.001,0.001,23,"minP"
"MR-PCA","Hausdorff",0.001,0.001,0.001,0.001,0.001,0.001,23,"minP"
"MR-PCA","Ichino-Yaguchi",0.001,0.001,0.001,0.001,0.001,0.001,23,"minP"
"MR-PCA","Wasserstein",0.001,0.001,0.001,0.001,0.001,0.001,23,"minP"
"MR-PCA","Centers-Euclidean",0.001,0.001,0.001,0.001,0.001,0.001,23,"minP"
"SPCA","Int-Euclidean",0.003,0.2,0.003,0.063,0.001,0.001,23,"minP"
"SPCA","Hausdorff",0.003,0.033,0.003,0.023,0.001,0.001,23,"minP"
"SPCA","Ichino-Yaguchi",0.003,0.003,0.003,0.003,0.001,0.001,23,"minP"
"SPCA","Wasserstein",0.003,0.003,0.003,0.003,0.001,0.001,23,"minP"
"SPCA","Centers-Euclidean",0.003,0.003,0.003,0.003,0.001,0.001,23,"minP"
"IMDS","Int-Euclidean",0.328,0.053,0.655,0.15,0.999,0.756,23,"minP"
"IMDS","Hausdorff",0.005,0.005,0.005,0.005,0.209,0.998,23,"minP"
"IMDS","Ichino-Yaguchi",0.005,0.005,0.005,0.005,0.602,0.743,23,"minP"
"IMDS","Wasserstein",0.005,0.005,0.005,0.005,0.229,1,23,"minP"
"IMDS","Centers-Euclidean",1,0.557,1,1,1,0.956,23,"minP"
"Int-UMAP","Int-Euclidean",0.003,0.473,0.003,0.866,0.004,0.875,23,"minP"
"Int-UMAP","Hausdorff",0.003,0.957,0.003,0.796,0.004,0.137,23,"minP"
"Int-UMAP","Ichino-Yaguchi",0.003,0.003,0.003,0.003,0.004,0.004,23,"minP"
"Int-UMAP","Wasserstein",0.003,0.03,0.003,0.003,0.004,0.004,23,"minP"
"Int-UMAP","Centers-Euclidean",0.003,0.003,0.003,0.003,0.004,0.992,23,"minP"
"C-PCA","Int-Euclidean",0.001,0.035,0.001,0.012,0.001,0.001,24,"raw"
"C-PCA","Hausdorff",0.001,0.002,0.001,0.001,0.001,0.001,24,"raw"
"C-PCA","Ichino-Yaguchi",0.001,0.001,0.001,0.001,0.001,0.001,24,"raw"
"C-PCA","Wasserstein",0.001,0.001,0.001,0.001,0.001,0.001,24,"raw"
"C-PCA","Centers-Euclidean",0.001,0.001,0.001,0.001,0.001,0.001,24,"raw"
"V-PCA","Int-Euclidean",0.001,0.034,0.001,0.008,0.001,0.001,24,"raw"
"V-PCA","Hausdorff",0.001,0.003,0.001,0.003,0.001,0.001,24,"raw"
"V-PCA","Ichino-Yaguchi",0.001,0.001,0.001,0.001,0.001,0.001,24,"raw"
"V-PCA","Wasserstein",0.001,0.001,0.001,0.001,0.001,0.001,24,"raw"
"V-PCA","Centers-Euclidean",0.001,0.001,0.001,0.001,0.001,0.001,24,"raw"
"MR-PCA","Int-Euclidean",0.001,0.001,0.001,0.001,0.001,0.001,24,"raw"
"MR-PCA","Hausdorff",0.001,0.001,0.001,0.001,0.001,0.001,24,"raw"
"MR-PCA","Ichino-Yaguchi",0.001,0.001,0.001,0.001,0.001,0.001,24,"raw"
"MR-PCA","Wasserstein",0.001,0.001,0.001,0.001,0.001,0.001,24,"raw"
"MR-PCA","Centers-Euclidean",0.001,0.001,0.001,0.001,0.001,0.001,24,"raw"
"SPCA","Int-Euclidean",0.001,0.033,0.001,0.008,0.001,0.001,24,"raw"
"SPCA","Hausdorff",0.001,0.001,0.001,0.001,0.001,0.001,24,"raw"
"SPCA","Ichino-Yaguchi",0.001,0.001,0.001,0.001,0.001,0.001,24,"raw"
"SPCA","Wasserstein",0.001,0.001,0.001,0.001,0.001,0.001,24,"raw"
"SPCA","Centers-Euclidean",0.001,0.001,0.001,0.001,0.001,0.001,24,"raw"
"IMDS","Int-Euclidean",0.471,0.03,0.586,0.077,0.684,0.535,24,"raw"
"IMDS","Hausdorff",0.001,0.001,0.001,0.001,0.001,0.05,24,"raw"
"IMDS","Ichino-Yaguchi",0.001,0.001,0.001,0.001,0.001,0.118,24,"raw"
"IMDS","Wasserstein",0.001,0.001,0.001,0.001,0.001,0.004,24,"raw"
"IMDS","Centers-Euclidean",0.331,0.407,0.053,0.441,0.378,0.037,24,"raw"
"Int-UMAP","Int-Euclidean",0.001,0.02,0.001,0.103,0.001,0.042,24,"raw"
"Int-UMAP","Hausdorff",0.001,0.436,0.001,0.38,0.001,0.001,24,"raw"
"Int-UMAP","Ichino-Yaguchi",0.001,0.005,0.001,0.003,0.001,0.001,24,"raw"
"Int-UMAP","Wasserstein",0.001,0.077,0.001,0.017,0.001,0.001,24,"raw"
"Int-UMAP","Centers-Euclidean",0.001,0.001,0.001,0.001,0.001,0.086,24,"raw"
"C-PCA","Int-Euclidean",0.003,0.22,0.002,0.078,0.001,0.001,24,"minP"
"C-PCA","Hausdorff",0.003,0.01,0.002,0.002,0.001,0.001,24,"minP"
"C-PCA","Ichino-Yaguchi",0.003,0.003,0.002,0.002,0.001,0.001,24,"minP"
"C-PCA","Wasserstein",0.003,0.003,0.002,0.002,0.001,0.001,24,"minP"
"C-PCA","Centers-Euclidean",0.003,0.003,0.002,0.002,0.001,0.001,24,"minP"
"V-PCA","Int-Euclidean",0.003,0.219,0.003,0.054,0.001,0.001,24,"minP"
"V-PCA","Hausdorff",0.003,0.018,0.003,0.016,0.001,0.001,24,"minP"
"V-PCA","Ichino-Yaguchi",0.003,0.003,0.003,0.003,0.001,0.001,24,"minP"
"V-PCA","Wasserstein",0.003,0.003,0.003,0.003,0.001,0.001,24,"minP"
"V-PCA","Centers-Euclidean",0.003,0.003,0.003,0.003,0.001,0.001,24,"minP"
"MR-PCA","Int-Euclidean",0.001,0.001,0.001,0.001,0.001,0.001,24,"minP"
"MR-PCA","Hausdorff",0.001,0.001,0.001,0.001,0.001,0.001,24,"minP"
"MR-PCA","Ichino-Yaguchi",0.001,0.001,0.001,0.001,0.001,0.001,24,"minP"
"MR-PCA","Wasserstein",0.001,0.001,0.001,0.001,0.001,0.001,24,"minP"
"MR-PCA","Centers-Euclidean",0.001,0.001,0.001,0.001,0.001,0.001,24,"minP"
"SPCA","Int-Euclidean",0.002,0.21,0.002,0.053,0.001,0.001,24,"minP"
"SPCA","Hausdorff",0.002,0.002,0.002,0.002,0.001,0.001,24,"minP"
"SPCA","Ichino-Yaguchi",0.002,0.002,0.002,0.002,0.001,0.001,24,"minP"
"SPCA","Wasserstein",0.002,0.002,0.002,0.002,0.001,0.001,24,"minP"
"SPCA","Centers-Euclidean",0.002,0.002,0.002,0.002,0.001,0.001,24,"minP"
"IMDS","Int-Euclidean",0.984,0.185,0.996,0.421,1,0.996,24,"minP"
"IMDS","Hausdorff",0.005,0.005,0.005,0.005,0.008,0.342,24,"minP"
"IMDS","Ichino-Yaguchi",0.005,0.005,0.005,0.005,0.008,0.605,24,"minP"
"IMDS","Wasserstein",0.005,0.005,0.005,0.005,0.008,0.031,24,"minP"
"IMDS","Centers-Euclidean",0.923,0.975,0.314,0.976,0.965,0.272,24,"minP"
"Int-UMAP","Int-Euclidean",0.005,0.124,0.004,0.487,0.003,0.284,24,"minP"
"Int-UMAP","Hausdorff",0.005,0.97,0.004,0.949,0.003,0.003,24,"minP"
"Int-UMAP","Ichino-Yaguchi",0.005,0.033,0.004,0.017,0.003,0.003,24,"minP"
"Int-UMAP","Wasserstein",0.005,0.406,0.004,0.106,0.003,0.003,24,"minP"
"Int-UMAP","Centers-Euclidean",0.005,0.005,0.004,0.004,0.003,0.5,24,"minP"
"C-PCA","Int-Euclidean",0.001,0.057,0.001,0.022,0.001,0.001,25,"raw"
"C-PCA","Hausdorff",0.001,0.001,0.001,0.003,0.001,0.001,25,"raw"
"C-PCA","Ichino-Yaguchi",0.001,0.001,0.001,0.001,0.001,0.001,25,"raw"
"C-PCA","Wasserstein",0.001,0.001,0.001,0.001,0.001,0.001,25,"raw"
"C-PCA","Centers-Euclidean",0.001,0.001,0.001,0.001,0.001,0.001,25,"raw"
"V-PCA","Int-Euclidean",0.001,0.036,0.001,0.012,0.001,0.001,25,"raw"
"V-PCA","Hausdorff",0.001,0.001,0.001,0.002,0.001,0.001,25,"raw"
"V-PCA","Ichino-Yaguchi",0.001,0.001,0.001,0.001,0.001,0.001,25,"raw"
"V-PCA","Wasserstein",0.001,0.001,0.001,0.001,0.001,0.001,25,"raw"
"V-PCA","Centers-Euclidean",0.001,0.001,0.001,0.001,0.001,0.001,25,"raw"
"MR-PCA","Int-Euclidean",0.001,0.001,0.001,0.001,0.001,0.001,25,"raw"
"MR-PCA","Hausdorff",0.001,0.001,0.001,0.001,0.001,0.001,25,"raw"
"MR-PCA","Ichino-Yaguchi",0.001,0.001,0.001,0.001,0.001,0.001,25,"raw"
"MR-PCA","Wasserstein",0.001,0.001,0.001,0.001,0.001,0.001,25,"raw"
"MR-PCA","Centers-Euclidean",0.001,0.001,0.001,0.001,0.001,0.001,25,"raw"
"SPCA","Int-Euclidean",0.001,0.047,0.001,0.015,0.001,0.001,25,"raw"
"SPCA","Hausdorff",0.001,0.003,0.001,0.001,0.001,0.001,25,"raw"
"SPCA","Ichino-Yaguchi",0.001,0.001,0.001,0.001,0.001,0.001,25,"raw"
"SPCA","Wasserstein",0.001,0.001,0.001,0.001,0.001,0.001,25,"raw"
"SPCA","Centers-Euclidean",0.001,0.001,0.001,0.001,0.001,0.001,25,"raw"
"IMDS","Int-Euclidean",0.001,0.028,0.009,0.046,0.062,0.258,25,"raw"
"IMDS","Hausdorff",0.001,0.001,0.001,0.001,0.001,0.624,25,"raw"
"IMDS","Ichino-Yaguchi",0.001,0.001,0.001,0.001,0.001,0.892,25,"raw"
"IMDS","Wasserstein",0.001,0.001,0.001,0.001,0.001,0.319,25,"raw"
"IMDS","Centers-Euclidean",0.781,0.676,0.886,0.525,0.927,0.36,25,"raw"
"Int-UMAP","Int-Euclidean",0.001,0.056,0.001,0.532,0.001,0.001,25,"raw"
"Int-UMAP","Hausdorff",0.001,0.286,0.001,0.815,0.001,0.001,25,"raw"
"Int-UMAP","Ichino-Yaguchi",0.001,0.003,0.001,0.006,0.001,0.001,25,"raw"
"Int-UMAP","Wasserstein",0.001,0.131,0.001,0.045,0.001,0.001,25,"raw"
"Int-UMAP","Centers-Euclidean",0.001,0.001,0.001,0.001,0.001,0.089,25,"raw"
"C-PCA","Int-Euclidean",0.002,0.347,0.003,0.148,0.001,0.001,25,"minP"
"C-PCA","Hausdorff",0.002,0.002,0.003,0.017,0.001,0.001,25,"minP"
"C-PCA","Ichino-Yaguchi",0.002,0.002,0.003,0.003,0.001,0.001,25,"minP"
"C-PCA","Wasserstein",0.002,0.002,0.003,0.003,0.001,0.001,25,"minP"
"C-PCA","Centers-Euclidean",0.002,0.002,0.003,0.003,0.001,0.001,25,"minP"
"V-PCA","Int-Euclidean",0.002,0.226,0.003,0.077,0.001,0.001,25,"minP"
"V-PCA","Hausdorff",0.002,0.002,0.003,0.01,0.001,0.001,25,"minP"
"V-PCA","Ichino-Yaguchi",0.002,0.002,0.003,0.003,0.001,0.001,25,"minP"
"V-PCA","Wasserstein",0.002,0.002,0.003,0.003,0.001,0.001,25,"minP"
"V-PCA","Centers-Euclidean",0.002,0.002,0.003,0.003,0.001,0.001,25,"minP"
"MR-PCA","Int-Euclidean",0.001,0.001,0.001,0.001,0.001,0.001,25,"minP"
"MR-PCA","Hausdorff",0.001,0.001,0.001,0.001,0.001,0.001,25,"minP"
"MR-PCA","Ichino-Yaguchi",0.001,0.001,0.001,0.001,0.001,0.001,25,"minP"
"MR-PCA","Wasserstein",0.001,0.001,0.001,0.001,0.001,0.001,25,"minP"
"MR-PCA","Centers-Euclidean",0.001,0.001,0.001,0.001,0.001,0.001,25,"minP"
"SPCA","Int-Euclidean",0.003,0.286,0.002,0.101,0.001,0.001,25,"minP"
"SPCA","Hausdorff",0.003,0.02,0.002,0.002,0.001,0.001,25,"minP"
"SPCA","Ichino-Yaguchi",0.003,0.003,0.002,0.002,0.001,0.001,25,"minP"
"SPCA","Wasserstein",0.003,0.003,0.002,0.002,0.001,0.001,25,"minP"
"SPCA","Centers-Euclidean",0.003,0.003,0.002,0.002,0.001,0.001,25,"minP"
"IMDS","Int-Euclidean",0.004,0.177,0.062,0.267,0.391,0.883,25,"minP"
"IMDS","Hausdorff",0.004,0.004,0.005,0.005,0.007,1,25,"minP"
"IMDS","Ichino-Yaguchi",0.004,0.004,0.005,0.005,0.007,1,25,"minP"
"IMDS","Wasserstein",0.004,0.004,0.005,0.005,0.007,0.928,25,"minP"
"IMDS","Centers-Euclidean",1,0.999,1,0.984,1,0.957,25,"minP"
"Int-UMAP","Int-Euclidean",0.004,0.323,0.005,0.99,0.002,0.002,25,"minP"
"Int-UMAP","Hausdorff",0.004,0.875,0.005,1,0.002,0.002,25,"minP"
"Int-UMAP","Ichino-Yaguchi",0.004,0.021,0.005,0.037,0.002,0.002,25,"minP"
"Int-UMAP","Wasserstein",0.004,0.59,0.005,0.256,0.002,0.002,25,"minP"
"Int-UMAP","Centers-Euclidean",0.004,0.004,0.005,0.005,0.002,0.495,25,"minP"
