"Method","Metric","Q_TC","B_TC","Q_RE","B_RE","Q_LC","B_LC","tie_affected","tie_spread","rep","dr_input","eval_geom"
"C-PCA","Int-Euclidean",0.917808078393881,0.118429732313575,0.918305032527657,0.129113382306504,0.349,0.10075,FALSE,0,1,"raw","std"
"C-PCA","Hausdorff",0.917617351816444,0.11689850223072,0.917595370865101,0.12887944359402,0.349,0.09175,FALSE,0,1,"raw","std"
"C-PCA","Ichino-Yaguchi",0.917763463989802,0.117623804971319,0.918343210450885,0.128216372293677,0.349375,0.09525,FALSE,0,1,"raw","std"
"C-PCA","Wasserstein",0.917726019757808,0.117695825366475,0.918389829921145,0.12810409605033,0.349375,0.094125,FALSE,0,1,"raw","std"
"C-PCA","Centers-Euclidean",0.917750876354366,0.117644518801785,0.918259731236121,0.128356462609231,0.34925,0.0945,FALSE,0,1,"raw","std"
"V-PCA","Int-Euclidean",0.917834289356278,0.118380815806246,0.918255736076629,0.129214907764381,0.349125,0.10125,FALSE,0,1,"raw","std"
"V-PCA","Hausdorff",0.917608986615679,0.11691586998088,0.917628615454074,0.128814825434454,0.349,0.09175,FALSE,0,1,"raw","std"
"V-PCA","Ichino-Yaguchi",0.91772522307202,0.117701561504143,0.918273391866738,0.128353151115676,0.34925,0.095125,FALSE,0,1,"raw","std"
"V-PCA","Wasserstein",0.917688973868706,0.117770235818993,0.918353611619916,0.128172587179562,0.34925,0.094,FALSE,0,1,"raw","std"
"V-PCA","Centers-Euclidean",0.917712635436584,0.117722275334608,0.918145530876196,0.12858319489418,0.349125,0.094375,FALSE,0,1,"raw","std"
"MR-PCA","Int-Euclidean",0.916902326322498,0.121301784576163,0.91773923840297,0.131206498716005,0.3595,0.104125,FALSE,0,1,"raw","std"
"MR-PCA","Hausdorff",0.915974665391969,0.121074569789675,0.91707634836153,0.130660949504937,0.354,0.092625,FALSE,0,1,"raw","std"
"MR-PCA","Ichino-Yaguchi",0.916502310388783,0.120710484384959,0.917363651294717,0.130664854674714,0.35525,0.095125,FALSE,0,1,"raw","std"
"MR-PCA","Wasserstein",0.916626673040153,0.120474824729127,0.917482954092792,0.130430656442129,0.356375,0.094875,FALSE,0,1,"raw","std"
"MR-PCA","Centers-Euclidean",0.916532106437221,0.12066459528362,0.917356568656352,0.130659596673775,0.355875,0.09425,FALSE,0,1,"raw","std"
"SPCA","Int-Euclidean",0.917651290630975,0.119429094964946,0.919292142503277,0.127685103938547,0.355,0.098125,FALSE,0,1,"raw","std"
"SPCA","Hausdorff",0.91697522307202,0.118840503505417,0.918502520287776,0.127616571866127,0.3525,0.089,FALSE,0,1,"raw","std"
"SPCA","Ichino-Yaguchi",0.917223948374761,0.119340503505417,0.918916057892644,0.127545486602109,0.3535,0.092,FALSE,0,1,"raw","std"
"SPCA","Wasserstein",0.917275414276609,0.11924012109624,0.918905202829993,0.127546242771608,0.354,0.090875,FALSE,0,1,"raw","std"
"SPCA","Centers-Euclidean",0.91722833014659,0.11932919056724,0.918960738105876,0.127428756934113,0.353625,0.091625,FALSE,0,1,"raw","std"
"IMDS","Int-Euclidean",0.595993865519439,-0.0869361057998725,0.604570206776746,-0.101437569059642,0.04175,-0.005,TRUE,0,1,"raw","std"
"IMDS","Hausdorff",0.62647402804334,-0.0328499043977055,0.639418371523945,-0.0495530095716643,0.053,-0.005,TRUE,0,1,"raw","std"
"IMDS","Ichino-Yaguchi",0.637609623964309,-0.0304987253027406,0.646807857223769,-0.0434188472326073,0.054875,-0.005125,TRUE,0,1,"raw","std"
"IMDS","Wasserstein",0.628220841300191,-0.0545796685787125,0.637857406413682,-0.0703971713119272,0.054375,-0.0035,TRUE,0,1,"raw","std"
"IMDS","Centers-Euclidean",0.621484464627151,-0.0800492351816444,0.630254755444634,-0.0971764044494327,0.05525,-0.010125,TRUE,0,1,"raw","std"
"Int-UMAP","Int-Euclidean",0.788229126832377,-0.00784512428298278,0.864817392636299,-0.000789430081062387,0.448,-0.0275,FALSE,0,1,"raw","std"
"Int-UMAP","Hausdorff",0.784873645634162,-0.0116567877629064,0.862684285714529,-0.00765344141993707,0.444125,-0.029625,FALSE,0,1,"raw","std"
"Int-UMAP","Ichino-Yaguchi",0.788606596558317,-0.00849872530274065,0.866447572525313,-0.00471077369659495,0.448875,-0.031,FALSE,0,1,"raw","std"
"Int-UMAP","Wasserstein",0.788097514340344,-0.0100997450605481,0.865531983368195,-0.00542225733100571,0.447375,-0.03075,FALSE,0,1,"raw","std"
"Int-UMAP","Centers-Euclidean",0.787280114722753,-0.00776959847036329,0.864520160873462,-0.00276418058777697,0.446375,-0.02625,FALSE,0,1,"raw","std"
"C-PCA","Int-Euclidean",0.923666108986616,0.11083413001912,0.927531120874355,0.113475931205891,0.385625,0.101375,FALSE,0,2,"raw","std"
"C-PCA","Hausdorff",0.922929572976418,0.109525175270873,0.926489232005597,0.113148228541803,0.3815,0.075375,FALSE,0,2,"raw","std"
"C-PCA","Ichino-Yaguchi",0.923345044614404,0.109720681963034,0.927125615278019,0.112881085970288,0.384,0.08475,FALSE,0,2,"raw","std"
"C-PCA","Wasserstein",0.923324330783939,0.109801625239006,0.927141760328474,0.112819730897487,0.384,0.08275,FALSE,0,2,"raw","std"
"C-PCA","Centers-Euclidean",0.923345681963034,0.109723868706182,0.927128939779565,0.112854141514328,0.383875,0.084,FALSE,0,2,"raw","std"
"V-PCA","Int-Euclidean",0.923802501593372,0.110561344805609,0.927566655509648,0.113404483637311,0.38575,0.10175,FALSE,0,2,"raw","std"
"V-PCA","Hausdorff",0.923011472275335,0.109367112810708,0.926592871262164,0.112942488810141,0.3815,0.07525,FALSE,0,2,"raw","std"
"V-PCA","Ichino-Yaguchi",0.923354525175271,0.109708413001912,0.927222355074337,0.112698227296448,0.384125,0.085,FALSE,0,2,"raw","std"
"V-PCA","Wasserstein",0.923362412364563,0.109729286169535,0.927182195778041,0.112745619036262,0.384125,0.082875,FALSE,0,2,"raw","std"
"V-PCA","Centers-Euclidean",0.923354923518164,0.109711121733588,0.927218627111794,0.112685247026458,0.384,0.08425,FALSE,0,2,"raw","std"
"MR-PCA","Int-Euclidean",0.918995458891013,0.116969566602932,0.924196417436953,0.118315172044128,0.3715,0.0975,FALSE,0,2,"raw","std"
"MR-PCA","Hausdorff",0.918368706182282,0.115728489483748,0.923153304324232,0.118181700024276,0.367,0.08625,FALSE,0,2,"raw","std"
"MR-PCA","Ichino-Yaguchi",0.918661089866157,0.115662842574888,0.923678067190671,0.117657693327335,0.366875,0.08525,FALSE,0,2,"raw","std"
"MR-PCA","Wasserstein",0.91867017208413,0.11570108349267,0.923504187869694,0.118026970599891,0.366875,0.084375,FALSE,0,2,"raw","std"
"MR-PCA","Centers-Euclidean",0.91864292543021,0.115721159974506,0.923690011725958,0.117655513529079,0.366875,0.08375,FALSE,0,2,"raw","std"
"SPCA","Int-Euclidean",0.919002868068834,0.116332695984704,0.923845001523428,0.118520531345337,0.36675,0.093375,FALSE,0,2,"raw","std"
"SPCA","Hausdorff",0.917711679413639,0.116544136392607,0.923357931979206,0.117425102328115,0.362,0.076625,FALSE,0,2,"raw","std"
"SPCA","Ichino-Yaguchi",0.918347992351816,0.11621223709369,0.923403957240129,0.118225405597719,0.36475,0.08375,FALSE,0,2,"raw","std"
"SPCA","Wasserstein",0.918395634161887,0.11614913957935,0.923489688543465,0.118037898805841,0.365125,0.082375,FALSE,0,2,"raw","std"
"SPCA","Centers-Euclidean",0.918352374123646,0.116204110898662,0.923343244463585,0.118328215648111,0.365125,0.083625,FALSE,0,2,"raw","std"
"IMDS","Int-Euclidean",0.570651688973869,-0.0426698534098151,0.572425357476678,-0.04496589325838,0.039,0.000749999999999997,TRUE,0,2,"raw","std"
"IMDS","Hausdorff",0.609709528362014,-0.0154305289993627,0.620012085064249,-0.0352434285757179,0.05225,-0.0065,TRUE,0,2,"raw","std"
"IMDS","Ichino-Yaguchi",0.613502868068834,-0.00922657743785849,0.623221677635176,-0.02199591856127,0.05375,-0.00425,TRUE,0,2,"raw","std"
"IMDS","Wasserstein",0.605968769917145,-0.026004142766093,0.61403942089017,-0.0422737332305659,0.053875,-0.00525,TRUE,0,2,"raw","std"
"IMDS","Centers-Euclidean",0.598139340344168,-0.0532232313575525,0.60026691322569,-0.0621551374488402,0.049,-0.006125,TRUE,0,2,"raw","std"
"Int-UMAP","Int-Euclidean",0.819012189292543,0.0185348948374761,0.885886806202757,0.0151762049793399,0.512625,-0.017125,FALSE,0,2,"raw","std"
"Int-UMAP","Hausdorff",0.818295968769917,0.0145479604843849,0.885016076385317,0.0101760160435881,0.50625,-0.025875,FALSE,0,2,"raw","std"
"Int-UMAP","Ichino-Yaguchi",0.818478648820905,0.017289356277884,0.887107961300499,0.0111350296096016,0.5115,-0.025875,FALSE,0,2,"raw","std"
"Int-UMAP","Wasserstein",0.817971956660293,0.0167657743785851,0.88638751324043,0.0110036501704857,0.510625,-0.0215,FALSE,0,2,"raw","std"
"Int-UMAP","Centers-Euclidean",0.817781628425749,0.0175160930528999,0.885621389642499,0.0129045020617454,0.510625,-0.021125,FALSE,0,2,"raw","std"
"C-PCA","Int-Euclidean",0.910711998087954,0.13216459528362,0.911771484745848,0.141834276348775,0.349375,0.119375,FALSE,0,3,"raw","std"
"C-PCA","Hausdorff",0.909837396430848,0.131003027405991,0.911020997287343,0.140537724370801,0.344375,0.09725,FALSE,0,3,"raw","std"
"C-PCA","Ichino-Yaguchi",0.910320905035054,0.131625239005736,0.911214774144582,0.141445667707477,0.347875,0.109625,FALSE,0,3,"raw","std"
"C-PCA","Wasserstein",0.910313256851498,0.131629063097514,0.911172978187005,0.141506304142035,0.348,0.10875,FALSE,0,3,"raw","std"
"C-PCA","Centers-Euclidean",0.910323773103888,0.13160707456979,0.911183273053019,0.141478855999567,0.347875,0.109,FALSE,0,3,"raw","std"
"V-PCA","Int-Euclidean",0.910712635436584,0.13216586998088,0.91176640086008,0.141845639576095,0.349375,0.119375,FALSE,0,3,"raw","std"
"V-PCA","Hausdorff",0.909837157425112,0.131002549394519,0.911018264436184,0.140542313633007,0.344375,0.09725,FALSE,0,3,"raw","std"
"V-PCA","Ichino-Yaguchi",0.910295092415551,0.131676864244742,0.911213284622882,0.141448993914989,0.34775,0.1095,FALSE,0,3,"raw","std"
"V-PCA","Wasserstein",0.910314690885915,0.13162746972594,0.911144884549593,0.14156334823836,0.348,0.108875,FALSE,0,3,"raw","std"
"V-PCA","Centers-Euclidean",0.910297880815806,0.131658540471638,0.911181738749708,0.141482092643857,0.34775,0.108875,FALSE,0,3,"raw","std"
"MR-PCA","Int-Euclidean",0.914129222434672,0.126608986615679,0.91837840218698,0.129759520186783,0.36725,0.10325,FALSE,0,3,"raw","std"
"MR-PCA","Hausdorff",0.913695108349267,0.125278043339707,0.917332786955023,0.129498266397192,0.36275,0.0895,FALSE,0,3,"raw","std"
"MR-PCA","Ichino-Yaguchi",0.913631851497769,0.126308317399618,0.917640174014519,0.129723681463023,0.364625,0.09275,FALSE,0,3,"raw","std"
"MR-PCA","Wasserstein",0.913606835564054,0.126360579987253,0.917641656072617,0.129707357925859,0.3645,0.0915,FALSE,0,3,"raw","std"
"MR-PCA","Centers-Euclidean",0.913626195028681,0.126318992989165,0.917730378680985,0.129531144416688,0.364375,0.091625,FALSE,0,3,"raw","std"
"SPCA","Int-Euclidean",0.913959687699171,0.126751752708732,0.91767548239605,0.130922174719595,0.364375,0.10025,FALSE,0,3,"raw","std"
"SPCA","Hausdorff",0.913522386870618,0.125588750796686,0.916904164557666,0.130303420368315,0.36125,0.08725,FALSE,0,3,"raw","std"
"SPCA","Ichino-Yaguchi",0.913953871892925,0.125816284257489,0.917193277840813,0.130691068763913,0.36275,0.09225,FALSE,0,3,"raw","std"
"SPCA","Wasserstein",0.914000956022945,0.125710962396431,0.917174285319598,0.130708530606995,0.36275,0.092,FALSE,0,3,"raw","std"
"SPCA","Centers-Euclidean",0.913950924155513,0.125811026131294,0.917256987360155,0.13053816600279,0.362625,0.0915,FALSE,0,3,"raw","std"
"IMDS","Int-Euclidean",0.59060460484385,-0.072119980879541,0.597188396112035,-0.0847253701562716,0.042875,-0.000875000000000001,TRUE,0,3,"raw","std"
"IMDS","Hausdorff",0.623198852772467,-0.03082982791587,0.635870209924253,-0.0477530412685155,0.052375,-0.0045,TRUE,0,3,"raw","std"
"IMDS","Ichino-Yaguchi",0.636735420650096,-0.0291951880178457,0.645497795166691,-0.0383035104859769,0.053875,-0.000875000000000001,TRUE,0,3,"raw","std"
"IMDS","Wasserstein",0.627933397068196,-0.0531096239643085,0.637078042385923,-0.062133496415168,0.0535,-0.003125,TRUE,0,3,"raw","std"
"IMDS","Centers-Euclidean",0.621075207138305,-0.07538304652645,0.631764895025078,-0.0895282852174109,0.0565,-0.005625,TRUE,0,3,"raw","std"
"Int-UMAP","Int-Euclidean",0.885932281708094,0.0299094964945825,0.931619103690499,0.0206689144476738,0.55525,-0.024625,FALSE,0,3,"raw","std"
"Int-UMAP","Hausdorff",0.885439929891651,0.029668260038241,0.930944307391388,0.0191256592919456,0.548375,-0.032625,FALSE,0,3,"raw","std"
"Int-UMAP","Ichino-Yaguchi",0.885686105799873,0.0299193753983429,0.93167117788092,0.0190019684290491,0.554125,-0.038,FALSE,0,3,"raw","std"
"Int-UMAP","Wasserstein",0.885663718929254,0.0298252071383047,0.931386066261261,0.0192469479412486,0.552625,-0.0375,FALSE,0,3,"raw","std"
"Int-UMAP","Centers-Euclidean",0.885636472275335,0.0298503824091778,0.931268286251226,0.0195677205443192,0.553625,-0.036125,FALSE,0,3,"raw","std"
"C-PCA","Int-Euclidean",0.919202039515615,0.118237093690249,0.918678552751288,0.13007556683711,0.360875,0.10075,FALSE,0,4,"raw","std"
"C-PCA","Hausdorff",0.918609066284257,0.117409337157425,0.918121087366621,0.129370656930035,0.35825,0.083125,FALSE,0,4,"raw","std"
"C-PCA","Ichino-Yaguchi",0.919143483110261,0.117306086679414,0.918568552906531,0.129339452676584,0.360625,0.091625,FALSE,0,4,"raw","std"
"C-PCA","Wasserstein",0.919132488846399,0.117364722753346,0.918416061070006,0.129634612117034,0.360625,0.091625,FALSE,0,4,"raw","std"
"C-PCA","Centers-Euclidean",0.919140854047164,0.117302103250478,0.918485523853587,0.129481166218936,0.360625,0.0915,FALSE,0,4,"raw","std"
"V-PCA","Int-Euclidean",0.919183954748247,0.1182821861058,0.918684762041605,0.130067304416525,0.360875,0.101,FALSE,0,4,"raw","std"
"V-PCA","Hausdorff",0.918582138304653,0.117472434671765,0.918119482372337,0.129375435554484,0.358125,0.082875,FALSE,0,4,"raw","std"
"V-PCA","Ichino-Yaguchi",0.919043499043977,0.117508604206501,0.91849538956249,0.1294852535006,0.360375,0.091875,FALSE,0,4,"raw","std"
"V-PCA","Wasserstein",0.919050669216061,0.117531230082855,0.918398913444566,0.12967039710286,0.3605,0.091625,FALSE,0,4,"raw","std"
"V-PCA","Centers-Euclidean",0.919041268323773,0.117505417463353,0.918413214665475,0.129626444377571,0.360375,0.09175,FALSE,0,4,"raw","std"
"MR-PCA","Int-Euclidean",0.914523820905035,0.125184990439771,0.916448934952534,0.132966363593249,0.34875,0.10625,FALSE,0,4,"raw","std"
"MR-PCA","Hausdorff",0.913307998725303,0.125742511153601,0.915707608745533,0.132508906422809,0.3425,0.089125,FALSE,0,4,"raw","std"
"MR-PCA","Ichino-Yaguchi",0.914179572976418,0.124325366475462,0.915830919071354,0.1326463686975,0.34375,0.09575,FALSE,0,4,"raw","std"
"MR-PCA","Wasserstein",0.914163081580625,0.124458731676227,0.915631501330398,0.133149593527974,0.344375,0.094125,FALSE,0,4,"raw","std"
"MR-PCA","Centers-Euclidean",0.914080226258764,0.124574410452518,0.915748357346513,0.132929973629175,0.344125,0.092875,FALSE,0,4,"raw","std"
"SPCA","Int-Euclidean",0.914876752708732,0.124107871255577,0.917531080144413,0.130411085385141,0.3455,0.09675,FALSE,0,4,"raw","std"
"SPCA","Hausdorff",0.914376115360102,0.123293021032505,0.917091455544825,0.129599566027799,0.343125,0.087,FALSE,0,4,"raw","std"
"SPCA","Ichino-Yaguchi",0.914464228808158,0.123902644996813,0.917053861488514,0.13038035496379,0.343875,0.0875,FALSE,0,4,"raw","std"
"SPCA","Wasserstein",0.914497848948375,0.123872689611217,0.91710078835255,0.130287210064654,0.34425,0.087,FALSE,0,4,"raw","std"
"SPCA","Centers-Euclidean",0.91446104206501,0.123895952836201,0.917123650005007,0.13021879868934,0.343875,0.08675,FALSE,0,4,"raw","std"
"IMDS","Int-Euclidean",0.588379222434672,-0.0780857233906946,0.595512478630641,-0.0929817942703762,0.0405,0.000249999999999997,TRUE,0,4,"raw","std"
"IMDS","Hausdorff",0.635786567877629,-0.0354147546207776,0.64327834396662,-0.0461865487212846,0.05275,-0.00125,TRUE,0,4,"raw","std"
"IMDS","Ichino-Yaguchi",0.637345044614404,-0.0307184512428298,0.644963895358766,-0.0411759305746837,0.05375,-0.001375,TRUE,0,4,"raw","std"
"IMDS","Wasserstein",0.628648103887827,-0.0539083811344806,0.635208631770788,-0.0669835758961312,0.05325,-0.00125,TRUE,0,4,"raw","std"
"IMDS","Centers-Euclidean",0.616686982154238,-0.0707637029955385,0.6219963971914,-0.0848144405684894,0.050375,-0.004625,TRUE,0,4,"raw","std"
"Int-UMAP","Int-Euclidean",0.907247689611217,0.0246257170172085,0.943808600577197,0.0172043599035856,0.55875,-0.024625,FALSE,0,4,"raw","std"
"Int-UMAP","Hausdorff",0.907085962396431,0.0241464308476736,0.94327865775777,0.0167481568315159,0.55475,-0.028625,FALSE,0,4,"raw","std"
"Int-UMAP","Ichino-Yaguchi",0.906884400892288,0.0242114404079031,0.943862660725469,0.0161311438451897,0.556,-0.031625,FALSE,0,4,"raw","std"
"Int-UMAP","Wasserstein",0.906911647546208,0.0239370618228171,0.943790193522242,0.0161423172837743,0.556,-0.031375,FALSE,0,4,"raw","std"
"Int-UMAP","Centers-Euclidean",0.906830783938815,0.0241271510516252,0.94387664527641,0.0160059636738391,0.555625,-0.0305,FALSE,0,4,"raw","std"
"C-PCA","Int-Euclidean",0.916756134480561,0.119685309114085,0.919271141206913,0.126731309349496,0.3545,0.0975,FALSE,0,5,"raw","std"
"C-PCA","Hausdorff",0.915716539196941,0.119805289993626,0.917579723956763,0.128159394943277,0.3515,0.08525,FALSE,0,5,"raw","std"
"C-PCA","Ichino-Yaguchi",0.916607233906947,0.118817399617591,0.918807117985984,0.126537611819684,0.352125,0.090375,FALSE,0,5,"raw","std"
"C-PCA","Wasserstein",0.916571462715105,0.118871414913958,0.918747209359237,0.126610830181134,0.352125,0.090125,FALSE,0,5,"raw","std"
"C-PCA","Centers-Euclidean",0.916606915232632,0.11881867431485,0.91872841632944,0.12664968846499,0.352125,0.089875,FALSE,0,5,"raw","std"
"V-PCA","Int-Euclidean",0.916734703632887,0.119732632249841,0.919192751102438,0.126892708035322,0.354375,0.097625,FALSE,0,5,"raw","std"
"V-PCA","Hausdorff",0.915716937539834,0.119810866794136,0.91759212643734,0.128136413233452,0.3515,0.085,FALSE,0,5,"raw","std"
"V-PCA","Ichino-Yaguchi",0.916580146590185,0.118874123645634,0.918808831309119,0.126537469158264,0.35225,0.090375,FALSE,0,5,"raw","std"
"V-PCA","Wasserstein",0.916544136392607,0.118933715742511,0.918773879794383,0.126566616656269,0.352125,0.090125,FALSE,0,5,"raw","std"
"V-PCA","Centers-Euclidean",0.916580385595921,0.118875239005736,0.918739403071353,0.126630277768821,0.35225,0.09,FALSE,0,5,"raw","std"
"MR-PCA","Int-Euclidean",0.916991236456342,0.119244741873805,0.919571291024861,0.126431585596596,0.3505,0.1065,FALSE,0,5,"raw","std"
"MR-PCA","Hausdorff",0.916187061822817,0.118429891650733,0.918333225217728,0.126489673104471,0.348125,0.086375,FALSE,0,5,"raw","std"
"MR-PCA","Ichino-Yaguchi",0.916403123008286,0.118811344805609,0.918880431241802,0.1262550961474,0.3465,0.09125,FALSE,0,5,"raw","std"
"MR-PCA","Wasserstein",0.9164554652645,0.118697100063735,0.918948395867229,0.126089188806269,0.34675,0.09125,FALSE,0,5,"raw","std"
"MR-PCA","Centers-Euclidean",0.916403760356915,0.118814850223072,0.918795719146621,0.126387764443946,0.346625,0.090875,FALSE,0,5,"raw","std"
"SPCA","Int-Euclidean",0.916870697896749,0.118945028680688,0.91939167155426,0.126262244572085,0.3495,0.101875,FALSE,0,5,"raw","std"
"SPCA","Hausdorff",0.915927023581899,0.118913001912046,0.91835181438457,0.126415178040599,0.3475,0.088375,FALSE,0,5,"raw","std"
"SPCA","Ichino-Yaguchi",0.91661201402167,0.118338113448056,0.918910792534726,0.126101624873055,0.3485,0.093125,FALSE,0,5,"raw","std"
"SPCA","Wasserstein",0.916527963671128,0.11849442319949,0.918887833748821,0.126119309557965,0.3485,0.093125,FALSE,0,5,"raw","std"
"SPCA","Centers-Euclidean",0.916569391332059,0.118423996175908,0.918846436667456,0.12619060465582,0.3485,0.092625,FALSE,0,5,"raw","std"
"IMDS","Int-Euclidean",0.572038639260676,-0.064692638623327,0.579285928734799,-0.0779011244620023,0.03975,-0.00225,TRUE,0,5,"raw","std"
"IMDS","Hausdorff",0.602681246016571,-0.00959066284257493,0.609717487206533,-0.0205155751724604,0.052,-0.002875,TRUE,0,5,"raw","std"
"IMDS","Ichino-Yaguchi",0.605178696622052,-0.00756453154875714,0.611884713024932,-0.0140787407444938,0.0515,0,TRUE,0,5,"raw","std"
"IMDS","Wasserstein",0.597501752708732,-0.0289840662842575,0.603775595996336,-0.0371920780134912,0.052125,-0.001125,TRUE,0,5,"raw","std"
"IMDS","Centers-Euclidean",0.593061504142766,-0.0578355640535373,0.597982753449847,-0.0634584488912159,0.047875,-0.000874999999999997,TRUE,0,5,"raw","std"
"Int-UMAP","Int-Euclidean",0.83232361376673,0.00707042702358185,0.895211205327357,0.00542445184321966,0.46925,-0.036875,FALSE,0,5,"raw","std"
"Int-UMAP","Hausdorff",0.830084369024857,0.00401481835564055,0.893840537862981,0.00190817624370478,0.46525,-0.04,FALSE,0,5,"raw","std"
"Int-UMAP","Ichino-Yaguchi",0.832646829190567,0.00748996175908223,0.89662530722318,0.00400094058444013,0.469625,-0.0455,FALSE,0,5,"raw","std"
"Int-UMAP","Wasserstein",0.831679413639261,0.00557520713830462,0.895626470969318,0.00290105451738987,0.46925,-0.04575,FALSE,0,5,"raw","std"
"Int-UMAP","Centers-Euclidean",0.831267208413002,0.00707807520713832,0.895344734177207,0.00352644614324554,0.46775,-0.046625,FALSE,0,5,"raw","std"
"C-PCA","Int-Euclidean",0.92327166985341,0.110432759719567,0.92507392836324,0.11719479348512,0.360875,0.08825,FALSE,0,6,"raw","std"
"C-PCA","Hausdorff",0.922200286806883,0.110192160611855,0.924690139929315,0.115964448134449,0.35825,0.074625,FALSE,0,6,"raw","std"
"C-PCA","Ichino-Yaguchi",0.922786010197578,0.109923836838751,0.925171447786091,0.115841943131277,0.36,0.079875,FALSE,0,6,"raw","std"
"C-PCA","Wasserstein",0.922691124920331,0.110097673677502,0.925143737351327,0.115875446600615,0.35975,0.0785,FALSE,0,6,"raw","std"
"C-PCA","Centers-Euclidean",0.922780991077119,0.109924952198853,0.925135730292551,0.11589138394969,0.359875,0.079875,FALSE,0,6,"raw","std"
"V-PCA","Int-Euclidean",0.923273342893563,0.110436105799873,0.925088621316627,0.117173283171104,0.360875,0.088,FALSE,0,6,"raw","std"
"V-PCA","Hausdorff",0.922212555768005,0.110173677501593,0.924636414576901,0.116079925836533,0.358375,0.074875,FALSE,0,6,"raw","std"
"V-PCA","Ichino-Yaguchi",0.922849665391969,0.109810866794136,0.925097965213132,0.115996700277612,0.36025,0.08025,FALSE,0,6,"raw","std"
"V-PCA","Wasserstein",0.922809034416826,0.109871414913958,0.925099067160646,0.115970731421048,0.36025,0.079,FALSE,0,6,"raw","std"
"V-PCA","Centers-Euclidean",0.922844805608668,0.109812300828553,0.925057038871804,0.11605519743061,0.360125,0.08025,FALSE,0,6,"raw","std"
"MR-PCA","Int-Euclidean",0.920830226258764,0.113568355640535,0.923412089580795,0.119534329455502,0.354,0.09825,FALSE,0,6,"raw","std"
"MR-PCA","Hausdorff",0.920700764818356,0.111224984066284,0.922655166364967,0.118688847297434,0.348125,0.08275,FALSE,0,6,"raw","std"
"MR-PCA","Ichino-Yaguchi",0.92010149776928,0.112942957297642,0.922256047905918,0.120081012494326,0.349625,0.085875,FALSE,0,6,"raw","std"
"MR-PCA","Wasserstein",0.920031708094328,0.113104206500956,0.922375721218517,0.119912997432009,0.35025,0.08775,FALSE,0,6,"raw","std"
"MR-PCA","Centers-Euclidean",0.920159337157425,0.112862332695985,0.922522025835663,0.119621446323225,0.35,0.085625,FALSE,0,6,"raw","std"
"SPCA","Int-Euclidean",0.921073534098152,0.112365997450605,0.92483822194995,0.116110716179946,0.352875,0.093125,FALSE,0,6,"raw","std"
"SPCA","Hausdorff",0.920025095602294,0.112006532823454,0.923822905210038,0.116126487197321,0.34925,0.079625,FALSE,0,6,"raw","std"
"SPCA","Ichino-Yaguchi",0.92060954429573,0.111780911408541,0.92440230334859,0.115810855736507,0.351875,0.0875,FALSE,0,6,"raw","std"
"SPCA","Wasserstein",0.920588910133843,0.111801784576163,0.924396594332849,0.115800300070917,0.3515,0.087125,FALSE,0,6,"raw","std"
"SPCA","Centers-Euclidean",0.920603728489484,0.111780433397068,0.924417500734845,0.115758128161049,0.3515,0.08675,FALSE,0,6,"raw","std"
"IMDS","Int-Euclidean",0.563188973868706,-0.0478033779477375,0.568112032524757,-0.0549466329004786,0.039625,5e-04,TRUE,0,6,"raw","std"
"IMDS","Hausdorff",0.596072100063735,-0.00128537284894836,0.607399753910117,-0.0235759172425583,0.053,-0.00275,TRUE,0,6,"raw","std"
"IMDS","Ichino-Yaguchi",0.610354445506692,0.00817543021032496,0.619975811638988,-0.0109816877754389,0.054875,-0.002875,TRUE,0,6,"raw","std"
"IMDS","Wasserstein",0.59821845124283,-0.0146647546207775,0.609757899092443,-0.0349760960022218,0.055375,-0.00375,TRUE,0,6,"raw","std"
"IMDS","Centers-Euclidean",0.59933540471638,-0.0584056724028044,0.611926958184722,-0.0818827381558608,0.055875,-0.002,TRUE,0,6,"raw","std"
"Int-UMAP","Int-Euclidean",0.756862970044614,0.0280666029318037,0.845997419982084,0.0177580367639118,0.435,-0.024125,FALSE,0,6,"raw","std"
"Int-UMAP","Hausdorff",0.754421765455704,0.0286653919694073,0.844278846522925,0.0134943744060039,0.429625,-0.0345,FALSE,0,6,"raw","std"
"Int-UMAP","Ichino-Yaguchi",0.7577660930529,0.0262485659655832,0.847511496505925,0.0136613808158305,0.435375,-0.036375,FALSE,0,6,"raw","std"
"Int-UMAP","Wasserstein",0.756543817718292,0.0274388145315488,0.84598122801756,0.015064424958899,0.433625,-0.036375,FALSE,0,6,"raw","std"
"Int-UMAP","Centers-Euclidean",0.755542383683875,0.0294098151688974,0.845559672585004,0.0162152528813342,0.433125,-0.036125,FALSE,0,6,"raw","std"
"C-PCA","Int-Euclidean",0.919220124282983,0.120274219247929,0.921542640581421,0.12570723940386,0.375,0.09375,FALSE,0,7,"raw","std"
"C-PCA","Hausdorff",0.918355959209688,0.120218610579987,0.920879250691897,0.125249506933132,0.37275,0.07925,FALSE,0,7,"raw","std"
"C-PCA","Ichino-Yaguchi",0.918870458891013,0.120073295092415,0.922131737990553,0.123630121118479,0.373375,0.08125,FALSE,0,7,"raw","std"
"C-PCA","Wasserstein",0.918886392606756,0.120054811982154,0.922239469859928,0.123403061074783,0.373125,0.0805,FALSE,0,7,"raw","std"
"C-PCA","Centers-Euclidean",0.918861057998725,0.120093690248566,0.922205162667285,0.123466650110265,0.373375,0.0815,FALSE,0,7,"raw","std"
"V-PCA","Int-Euclidean",0.919188814531549,0.120352772466539,0.921601969286297,0.125604984432206,0.374875,0.0935,FALSE,0,7,"raw","std"
"V-PCA","Hausdorff",0.918320347355003,0.120294295729764,0.920935042289195,0.125141141190706,0.37275,0.079375,FALSE,0,7,"raw","std"
"V-PCA","Ichino-Yaguchi",0.91886759082218,0.120082855321861,0.922166388828754,0.123567067543124,0.37325,0.081375,FALSE,0,7,"raw","std"
"V-PCA","Wasserstein",0.918891252390057,0.120050828553219,0.922273985287066,0.123339226166928,0.373125,0.0805,FALSE,0,7,"raw","std"
"V-PCA","Centers-Euclidean",0.918861217335883,0.12009592096877,0.92225373461581,0.1233756766928,0.37325,0.081625,FALSE,0,7,"raw","std"
"MR-PCA","Int-Euclidean",0.911111297004461,0.13317574888464,0.914593863622677,0.137272831414207,0.354125,0.11025,FALSE,0,7,"raw","std"
"MR-PCA","Hausdorff",0.910263782664117,0.133107552581262,0.912472351299886,0.139618977363706,0.348625,0.099625,FALSE,0,7,"raw","std"
"MR-PCA","Ichino-Yaguchi",0.910420889101338,0.133019598470363,0.913877694338973,0.137154616489425,0.350375,0.103,FALSE,0,7,"raw","std"
"MR-PCA","Wasserstein",0.910332138304653,0.133325844486934,0.913704222317415,0.137690031408543,0.35,0.099875,FALSE,0,7,"raw","std"
"MR-PCA","Centers-Euclidean",0.910416507329509,0.133135117909497,0.913857323183858,0.137367620011734,0.349875,0.099,FALSE,0,7,"raw","std"
"SPCA","Int-Euclidean",0.911848948374761,0.131315487571702,0.914160801341776,0.137758290526378,0.351875,0.10875,FALSE,0,7,"raw","std"
"SPCA","Hausdorff",0.911126752708732,0.130932919056724,0.913304030059294,0.137632045405654,0.34775,0.093625,FALSE,0,7,"raw","std"
"SPCA","Ichino-Yaguchi",0.911413001912046,0.131238368387508,0.914120108504565,0.136903020174244,0.350625,0.102,FALSE,0,7,"raw","std"
"SPCA","Wasserstein",0.911354764181007,0.13137810707457,0.914124931057643,0.136884477175111,0.350375,0.101375,FALSE,0,7,"raw","std"
"SPCA","Centers-Euclidean",0.911364563416189,0.131337157425111,0.914257146100306,0.136608907557277,0.35075,0.10125,FALSE,0,7,"raw","std"
"IMDS","Int-Euclidean",0.589414913957935,-0.0673954748247292,0.595817271981843,-0.0805003238350256,0.04425,-0.006625,TRUE,0,7,"raw","std"
"IMDS","Hausdorff",0.620296207775653,-0.0234665391969407,0.632032476243142,-0.0400485285530115,0.05275,-0.001,TRUE,0,7,"raw","std"
"IMDS","Ichino-Yaguchi",0.630765137029955,-0.0175162523900574,0.643365270299249,-0.0340465875473683,0.05425,-0.0015,TRUE,0,7,"raw","std"
"IMDS","Wasserstein",0.621873247291268,-0.0379341937539834,0.633142095060358,-0.0541505045565503,0.052875,-0.002375,TRUE,0,7,"raw","std"
"IMDS","Centers-Euclidean",0.618943594646272,-0.0674034416826004,0.628328136640553,-0.0840627846297909,0.0575,-0.002875,TRUE,0,7,"raw","std"
"Int-UMAP","Int-Euclidean",0.776530991077119,0.027917941363926,0.861841829513931,0.0142405047203231,0.448875,-0.01675,FALSE,0,7,"raw","std"
"Int-UMAP","Hausdorff",0.776021191841938,0.0257348629700447,0.860385839644982,0.00910634668883056,0.449375,-0.030125,FALSE,0,7,"raw","std"
"Int-UMAP","Ichino-Yaguchi",0.777051864244742,0.0265626195028681,0.862937247975487,0.0098991272874234,0.45125,-0.027875,FALSE,0,7,"raw","std"
"Int-UMAP","Wasserstein",0.776248884639898,0.0271838750796686,0.861896619602472,0.0108465946612472,0.44975,-0.02575,FALSE,0,7,"raw","std"
"Int-UMAP","Centers-Euclidean",0.776308875079669,0.0273376354365839,0.861809451982256,0.0113583465503062,0.450125,-0.0255,FALSE,0,7,"raw","std"
"C-PCA","Int-Euclidean",0.915880258126195,0.1242821861058,0.92032198266619,0.127095574066994,0.36825,0.110875,FALSE,0,8,"raw","std"
"C-PCA","Hausdorff",0.91475183237731,0.123763702995539,0.919837349987998,0.12549237040756,0.362875,0.092375,FALSE,0,8,"raw","std"
"C-PCA","Ichino-Yaguchi",0.915427342256214,0.12370299553856,0.919678475065855,0.126926607288809,0.365375,0.1005,FALSE,0,8,"raw","std"
"C-PCA","Wasserstein",0.915385117909497,0.123758444869344,0.919720275501592,0.126823221474838,0.36525,0.1,FALSE,0,8,"raw","std"
"C-PCA","Centers-Euclidean",0.915421924792862,0.123694710006374,0.919728168900373,0.126813407264789,0.36525,0.10025,FALSE,0,8,"raw","std"
"V-PCA","Int-Euclidean",0.915899378585086,0.124255736137667,0.920301200053363,0.127136665034057,0.368375,0.111,FALSE,0,8,"raw","std"
"V-PCA","Hausdorff",0.914772227533461,0.123738209050351,0.919744628594961,0.125693317867044,0.362875,0.09225,FALSE,0,8,"raw","std"
"V-PCA","Ichino-Yaguchi",0.915476179094965,0.123613926067559,0.919681465091412,0.12692323651293,0.365625,0.1,FALSE,0,8,"raw","std"
"V-PCA","Wasserstein",0.915433875079669,0.123668897386871,0.919702127327002,0.126854232740868,0.365375,0.099375,FALSE,0,8,"raw","std"
"V-PCA","Centers-Euclidean",0.915470761631612,0.123605640535373,0.919708145655732,0.126857845337449,0.3655,0.099625,FALSE,0,8,"raw","std"
"MR-PCA","Int-Euclidean",0.913532265774379,0.125974984066284,0.918057349912083,0.129560736105631,0.355625,0.11575,FALSE,0,8,"raw","std"
"MR-PCA","Hausdorff",0.912882568514978,0.125297960484385,0.91561026812926,0.132326627564216,0.349625,0.1015,FALSE,0,8,"raw","std"
"MR-PCA","Ichino-Yaguchi",0.913566602931804,0.124353728489484,0.916411583676531,0.131126487197321,0.35125,0.097,FALSE,0,8,"raw","std"
"MR-PCA","Wasserstein",0.913276051625239,0.125091300191205,0.916290741883738,0.131659511418117,0.352875,0.099875,FALSE,0,8,"raw","std"
"MR-PCA","Centers-Euclidean",0.913443833652008,0.124777405991077,0.916488619883616,0.131314231971478,0.35225,0.09775,FALSE,0,8,"raw","std"
"SPCA","Int-Euclidean",0.913666905672403,0.125192001274697,0.917241970593067,0.130695012531174,0.35275,0.11075,FALSE,0,8,"raw","std"
"SPCA","Hausdorff",0.913208253664755,0.124193435309114,0.916187998472649,0.130977120477548,0.352375,0.099,FALSE,0,8,"raw","std"
"SPCA","Ichino-Yaguchi",0.913474984066284,0.124732632249841,0.916444244185342,0.131382120254919,0.352875,0.104875,FALSE,0,8,"raw","std"
"SPCA","Wasserstein",0.913557441045252,0.124539993626514,0.91643720675508,0.131371031261659,0.353,0.105125,FALSE,0,8,"raw","std"
"SPCA","Centers-Euclidean",0.913468929254302,0.12472275334608,0.916407006569334,0.131437262625472,0.35275,0.104875,FALSE,0,8,"raw","std"
"IMDS","Int-Euclidean",0.58834839069471,-0.0700689929891651,0.596110653698936,-0.0921479623684338,0.038375,-0.0025,TRUE,0,8,"raw","std"
"IMDS","Hausdorff",0.630974904397706,-0.0343449649458254,0.642594506366751,-0.0513736816933283,0.05875,-0.0015,TRUE,0,8,"raw","std"
"IMDS","Ichino-Yaguchi",0.640031389420013,-0.0329359464627151,0.647714080946559,-0.0448410451106925,0.060875,-0.000750000000000001,TRUE,0,8,"raw","std"
"IMDS","Wasserstein",0.629931086679414,-0.0543914913957936,0.636714922798208,-0.0677468198231903,0.060875,-0.000750000000000001,TRUE,0,8,"raw","std"
"IMDS","Centers-Euclidean",0.618827517527087,-0.0697901529636711,0.625431979951998,-0.0871394916067318,0.056875,-0.008375,TRUE,0,8,"raw","std"
"Int-UMAP","Int-Euclidean",0.893805528999363,0.0293363607393243,0.934678004965556,0.0246281004442165,0.567,-0.02075,FALSE,0,8,"raw","std"
"Int-UMAP","Hausdorff",0.893737412364563,0.0289330783938815,0.933867883220987,0.0244682381941598,0.558625,-0.027125,FALSE,0,8,"raw","std"
"Int-UMAP","Ichino-Yaguchi",0.893603409815169,0.0289984066284258,0.93517290734676,0.0227138048999101,0.566125,-0.03175,FALSE,0,8,"raw","std"
"Int-UMAP","Wasserstein",0.893611456341619,0.0289137985978329,0.934760719374368,0.0235355728489345,0.563875,-0.031875,FALSE,0,8,"raw","std"
"Int-UMAP","Centers-Euclidean",0.893576959847036,0.028961759082218,0.9347493233072,0.023544965472098,0.563875,-0.028875,FALSE,0,8,"raw","std"
"C-PCA","Int-Euclidean",0.916364244741874,0.120306564690886,0.91975066536945,0.125912584417603,0.340375,0.104125,FALSE,0,9,"raw","std"
"C-PCA","Hausdorff",0.914738368387508,0.120954748247291,0.918642391706548,0.125740377796441,0.334625,0.086625,FALSE,0,9,"raw","std"
"C-PCA","Ichino-Yaguchi",0.915585325047801,0.120522785213512,0.919084989698523,0.125974400101266,0.33775,0.089625,FALSE,0,9,"raw","std"
"C-PCA","Wasserstein",0.915580943275972,0.120501274697259,0.919241371777622,0.125608246452742,0.33775,0.089,FALSE,0,9,"raw","std"
"C-PCA","Centers-Euclidean",0.915576322498407,0.120506373486297,0.919260029076487,0.125570310456839,0.33775,0.088625,FALSE,0,9,"raw","std"
"V-PCA","Int-Euclidean",0.916352931803697,0.120328234544296,0.919776811539872,0.125857837617953,0.340375,0.104375,FALSE,0,9,"raw","std"
"V-PCA","Hausdorff",0.914758126195029,0.120915551306565,0.918620993879676,0.125783428065634,0.334625,0.086375,FALSE,0,9,"raw","std"
"V-PCA","Ichino-Yaguchi",0.915623884639898,0.120450446144041,0.919117224355533,0.125907730517397,0.337875,0.08975,FALSE,0,9,"raw","std"
"V-PCA","Wasserstein",0.915559910771192,0.120548438495857,0.919218929579594,0.125658547291344,0.337875,0.088875,FALSE,0,9,"raw","std"
"V-PCA","Centers-Euclidean",0.91561512109624,0.120434512428298,0.919317511286246,0.125457067357174,0.337875,0.08875,FALSE,0,9,"raw","std"
"MR-PCA","Int-Euclidean",0.915725701083493,0.121853569152326,0.919184546897948,0.127477473569893,0.348625,0.1035,FALSE,0,9,"raw","std"
"MR-PCA","Hausdorff",0.915606198215424,0.120067718291906,0.918340267979135,0.127133081865392,0.347375,0.100875,FALSE,0,9,"raw","std"
"MR-PCA","Ichino-Yaguchi",0.915229206500956,0.121154397705545,0.918031639616014,0.12811869890738,0.3455,0.094875,FALSE,0,9,"raw","std"
"MR-PCA","Wasserstein",0.915375318674315,0.120928457616316,0.918408946658021,0.1274793433088,0.346125,0.09575,FALSE,0,9,"raw","std"
"MR-PCA","Centers-Euclidean",0.915218769917145,0.12124378585086,0.918033604569157,0.128232571508557,0.345625,0.094125,FALSE,0,9,"raw","std"
"SPCA","Int-Euclidean",0.915769439133206,0.121336520076482,0.918870654882876,0.127697157229177,0.344875,0.10025,FALSE,0,9,"raw","std"
"SPCA","Hausdorff",0.914967734225621,0.120679254302103,0.918450548455324,0.12656686913926,0.340625,0.08875,FALSE,0,9,"raw","std"
"SPCA","Ichino-Yaguchi",0.915613527724665,0.120468929254302,0.918894467504842,0.126565978198435,0.34475,0.090875,FALSE,0,9,"raw","std"
"SPCA","Wasserstein",0.915609783301466,0.120445506692161,0.918768582342977,0.126773682563371,0.3445,0.090375,FALSE,0,9,"raw","std"
"SPCA","Centers-Euclidean",0.915637746972594,0.12038798597833,0.918898873055817,0.126509924628709,0.34475,0.09025,FALSE,0,9,"raw","std"
"IMDS","Int-Euclidean",0.560212794773741,-0.0419992033142128,0.564138692340263,-0.0539406075986121,0.033375,0.00025,TRUE,0,9,"raw","std"
"IMDS","Hausdorff",0.582421048438496,0.00354859783301475,0.588127003124136,-0.00590172423705349,0.048875,-0.000374999999999997,TRUE,0,9,"raw","std"
"IMDS","Ichino-Yaguchi",0.584985340981517,0.0136845124282983,0.591449821628444,0.00683901466977355,0.048625,0.00275,TRUE,0,9,"raw","std"
"IMDS","Wasserstein",0.57802039515615,-0.00567080943275977,0.585193535996142,-0.0158045620008663,0.048375,0.000499999999999997,TRUE,0,9,"raw","std"
"IMDS","Centers-Euclidean",0.574321701720841,-0.0290905035054174,0.57870688255839,-0.0333676010755093,0.045375,0,TRUE,0,9,"raw","std"
"Int-UMAP","Int-Euclidean",0.819423199490121,0.0387485659655833,0.885826493048785,0.0221467767219553,0.493125,-0.03275,FALSE,0,9,"raw","std"
"Int-UMAP","Hausdorff",0.817305608667941,0.0352724665391969,0.8841530249083,0.0144751134510143,0.4925,-0.035375,FALSE,0,9,"raw","std"
"Int-UMAP","Ichino-Yaguchi",0.821460962396431,0.0384483747609943,0.888818848209273,0.0188126652548091,0.494875,-0.038875,FALSE,0,9,"raw","std"
"Int-UMAP","Wasserstein",0.819551465901848,0.0365895474824729,0.886943447200603,0.0165843693665799,0.4935,-0.039875,FALSE,0,9,"raw","std"
"Int-UMAP","Centers-Euclidean",0.819072020395156,0.0384764181007011,0.885866461170248,0.0196096371990015,0.493625,-0.03675,FALSE,0,9,"raw","std"
"C-PCA","Int-Euclidean",0.915884560229445,0.125554652644997,0.917742320977191,0.132816793650258,0.37925,0.11725,FALSE,0,10,"raw","std"
"C-PCA","Hausdorff",0.914906070745698,0.124898183556405,0.917396170528206,0.131399041733221,0.37375,0.099125,FALSE,0,10,"raw","std"
"C-PCA","Ichino-Yaguchi",0.915136551943913,0.125792543021032,0.917519944023839,0.132142412434037,0.37675,0.106,FALSE,0,10,"raw","std"
"C-PCA","Wasserstein",0.91510460484385,0.125814053537285,0.917599709243658,0.131950220845849,0.37675,0.1055,FALSE,0,10,"raw","std"
"C-PCA","Centers-Euclidean",0.915120299553856,0.125811663479924,0.917510280578548,0.13211786869895,0.376625,0.105875,FALSE,0,10,"raw","std"
"V-PCA","Int-Euclidean",0.915929891650733,0.12546717654557,0.91775326283087,0.132796265759502,0.379125,0.11725,FALSE,0,10,"raw","std"
"V-PCA","Hausdorff",0.914845442957298,0.12502039515615,0.917413355898148,0.131366396151613,0.373625,0.098875,FALSE,0,10,"raw","std"
"V-PCA","Ichino-Yaguchi",0.915123247291268,0.125830624601657,0.917460817262706,0.132268500605874,0.376625,0.1055,FALSE,0,10,"raw","std"
"V-PCA","Wasserstein",0.91513368387508,0.125767686424474,0.917617249347937,0.13192336254118,0.376375,0.10475,FALSE,0,10,"raw","std"
"V-PCA","Centers-Euclidean",0.915132329509242,0.125798438495857,0.917469742237897,0.132205006678005,0.3765,0.1055,FALSE,0,10,"raw","std"
"MR-PCA","Int-Euclidean",0.914527724665392,0.124938177182919,0.918952164772959,0.128227570468771,0.3585,0.101375,FALSE,0,10,"raw","std"
"MR-PCA","Hausdorff",0.913566602931804,0.124215423836839,0.917255345474353,0.129415717253852,0.35175,0.096375,FALSE,0,10,"raw","std"
"MR-PCA","Ichino-Yaguchi",0.913749601657107,0.124577278521351,0.918092134135513,0.128219581429262,0.353875,0.087375,FALSE,0,10,"raw","std"
"MR-PCA","Wasserstein",0.913985181644359,0.124204588910134,0.918378361457038,0.127778413676662,0.355625,0.085875,FALSE,0,10,"raw","std"
"MR-PCA","Centers-Euclidean",0.913603091140854,0.124998406628426,0.9187335132232,0.127069883496159,0.354375,0.082375,FALSE,0,10,"raw","std"
"SPCA","Int-Euclidean",0.914159098151689,0.125184990439771,0.91856367586916,0.128561950284393,0.35325,0.09775,FALSE,0,10,"raw","std"
"SPCA","Hausdorff",0.913507807520714,0.123792224346718,0.917559973879952,0.128471518724429,0.349125,0.082375,FALSE,0,10,"raw","std"
"SPCA","Ichino-Yaguchi",0.913901688973869,0.124442638623327,0.917695115934048,0.129215046374131,0.351375,0.086125,FALSE,0,10,"raw","std"
"SPCA","Wasserstein",0.913832377310389,0.124544614404079,0.917803564629078,0.128965984271674,0.35125,0.08575,FALSE,0,10,"raw","std"
"SPCA","Centers-Euclidean",0.913964149139579,0.124311663479924,0.917852406013633,0.128860118409405,0.3515,0.085625,FALSE,0,10,"raw","std"
"IMDS","Int-Euclidean",0.562822896749522,-0.0483471956660294,0.564128540029046,-0.0432656981726203,0.03925,-0.001625,TRUE,0,10,"raw","std"
"IMDS","Hausdorff",0.60473143722116,-0.018583970681963,0.620894672092833,-0.0330123764859179,0.045625,-0.000625000000000001,TRUE,0,10,"raw","std"
"IMDS","Ichino-Yaguchi",0.61158604206501,-0.0185347355003187,0.627181514244561,-0.0302104821043298,0.0445,-0.003,TRUE,0,10,"raw","std"
"IMDS","Wasserstein",0.605063256851498,-0.0444037603569152,0.620148595623071,-0.0553950932319034,0.049625,-0.001125,TRUE,0,10,"raw","std"
"IMDS","Centers-Euclidean",0.602956899298916,-0.0808150095602294,0.617268773773705,-0.0892180307486752,0.054,-0.00925,TRUE,0,10,"raw","std"
"Int-UMAP","Int-Euclidean",0.880269996813257,0.0398079987253027,0.92777926591338,0.0266249850088224,0.539125,-0.0265,FALSE,0,10,"raw","std"
"Int-UMAP","Hausdorff",0.878807998725303,0.0393814531548757,0.926713491279357,0.0255305936455149,0.533,-0.0335,FALSE,0,10,"raw","std"
"Int-UMAP","Ichino-Yaguchi",0.879981596558317,0.0393389101338432,0.928014530907927,0.0255991741247242,0.53875,-0.032875,FALSE,0,10,"raw","std"
"Int-UMAP","Wasserstein",0.879839069471001,0.0393183556405354,0.927771060322793,0.0257082182019424,0.537375,-0.0325,FALSE,0,10,"raw","std"
"Int-UMAP","Centers-Euclidean",0.879603250478011,0.0397036328871894,0.92752637636923,0.0261568378279571,0.537,-0.027375,FALSE,0,10,"raw","std"
"C-PCA","Int-Euclidean",0.917994582536648,0.118566602931804,0.921474263218807,0.123994421021529,0.374875,0.099875,FALSE,0,11,"raw","std"
"C-PCA","Hausdorff",0.91692080943276,0.118260356915233,0.921300110836621,0.122516645964767,0.37075,0.088,FALSE,0,11,"raw","std"
"C-PCA","Ichino-Yaguchi",0.917804891650733,0.117794295729764,0.921491379070627,0.123041654916825,0.374,0.095375,FALSE,0,11,"raw","std"
"C-PCA","Wasserstein",0.917720442957298,0.117821701720841,0.921242930902741,0.123472345691523,0.373875,0.09525,FALSE,0,11,"raw","std"
"C-PCA","Centers-Euclidean",0.917791268323773,0.117768323773104,0.921256090832291,0.123466533678075,0.374,0.09525,FALSE,0,11,"raw","std"
"V-PCA","Int-Euclidean",0.91811384639898,0.118328712555768,0.921573297219736,0.12379392798878,0.37525,0.100125,FALSE,0,11,"raw","std"
"V-PCA","Hausdorff",0.916918738049713,0.118274378585086,0.921295187311672,0.122534133184095,0.370625,0.08825,FALSE,0,11,"raw","std"
"V-PCA","Ichino-Yaguchi",0.917723629700446,0.117966379859783,0.921515288932664,0.123001941517433,0.373875,0.095125,FALSE,0,11,"raw","std"
"V-PCA","Wasserstein",0.917694710006373,0.117879541108987,0.921318298248433,0.123325388862191,0.373875,0.095125,FALSE,0,11,"raw","std"
"V-PCA","Centers-Euclidean",0.917710086042065,0.11794056724028,0.921290704459106,0.123406039691691,0.373875,0.094875,FALSE,0,11,"raw","std"
"MR-PCA","Int-Euclidean",0.917978011472275,0.11780879541109,0.922299790690747,0.121893432431201,0.368125,0.111875,FALSE,0,11,"raw","std"
"MR-PCA","Hausdorff",0.917032504780115,0.117379541108987,0.9212657571564,0.122048438435349,0.36075,0.095375,FALSE,0,11,"raw","std"
"MR-PCA","Ichino-Yaguchi",0.91738057680051,0.117272944550669,0.921043178365927,0.122890903165778,0.3635,0.095375,FALSE,0,11,"raw","std"
"MR-PCA","Wasserstein",0.91725063734863,0.117482154238368,0.92138506571211,0.122286600906789,0.363875,0.096125,FALSE,0,11,"raw","std"
"MR-PCA","Centers-Euclidean",0.917289913957935,0.117480082855322,0.921448587042061,0.12216394855079,0.3645,0.09775,FALSE,0,11,"raw","std"
"SPCA","Int-Euclidean",0.918727135117909,0.115720363288719,0.923194872002212,0.119568135520587,0.3645,0.103125,FALSE,0,11,"raw","std"
"SPCA","Hausdorff",0.917777326322498,0.115216857871256,0.922110328115295,0.119937939936685,0.3615,0.0935,FALSE,0,11,"raw","std"
"SPCA","Ichino-Yaguchi",0.918636711281071,0.114752071383047,0.922337363209236,0.120352507625242,0.3625,0.097,FALSE,0,11,"raw","std"
"SPCA","Wasserstein",0.918609384958572,0.114693913320586,0.922410459487483,0.120155443584467,0.362375,0.09675,FALSE,0,11,"raw","std"
"SPCA","Centers-Euclidean",0.9186571861058,0.114664913957935,0.922364042280836,0.120254795641461,0.362625,0.097625,FALSE,0,11,"raw","std"
"IMDS","Int-Euclidean",0.572097673677502,-0.0541061185468451,0.578795877055113,-0.0693948259923051,0.04175,-0.006,TRUE,0,11,"raw","std"
"IMDS","Hausdorff",0.599422721478649,-0.0069117272147865,0.611856012490061,-0.0146402957565286,0.05125,0.000750000000000001,TRUE,0,11,"raw","std"
"IMDS","Ichino-Yaguchi",0.60426792543021,-0.00281309751434033,0.61537899147034,-0.0094839780776525,0.051125,-0.002125,TRUE,0,11,"raw","std"
"IMDS","Wasserstein",0.599097275334608,-0.021505258126195,0.607735288984696,-0.0253270895825006,0.05275,-0.00025,TRUE,0,11,"raw","std"
"IMDS","Centers-Euclidean",0.598217973231358,-0.056210643722116,0.603630251944759,-0.0598132553485025,0.05575,-0.002375,TRUE,0,11,"raw","std"
"Int-UMAP","Int-Euclidean",0.801772625876354,0.0346408540471639,0.871094336985636,0.0318194193027682,0.475625,-0.025875,FALSE,0,11,"raw","std"
"Int-UMAP","Hausdorff",0.799544694072658,0.0313637667304015,0.86957175078274,0.0249573032922929,0.471875,-0.024,FALSE,0,11,"raw","std"
"Int-UMAP","Ichino-Yaguchi",0.80306126513703,0.0332120777565329,0.873406606392323,0.0279921565220536,0.477,-0.029625,FALSE,0,11,"raw","std"
"Int-UMAP","Wasserstein",0.800838193116635,0.034135277246654,0.871567136762701,0.0276541933245203,0.473375,-0.029125,FALSE,0,11,"raw","std"
"Int-UMAP","Centers-Euclidean",0.799665710643722,0.0372396430847673,0.870784917480711,0.0300050473141184,0.473125,-0.02575,FALSE,0,11,"raw","std"
"C-PCA","Int-Euclidean",0.910072976418101,0.133332695984704,0.913799896098131,0.137897890163416,0.339625,0.0995,FALSE,0,12,"raw","std"
"C-PCA","Hausdorff",0.90891706500956,0.133236934353091,0.91248513250495,0.138575178345967,0.33575,0.09425,FALSE,0,12,"raw","std"
"C-PCA","Ichino-Yaguchi",0.910059353091141,0.132140376035692,0.913245279676945,0.137985973887458,0.339375,0.096,FALSE,0,12,"raw","std"
"C-PCA","Wasserstein",0.909963352453792,0.132319630337795,0.913284187753688,0.13788397267827,0.33875,0.095375,FALSE,0,12,"raw","std"
"C-PCA","Centers-Euclidean",0.91005632568515,0.13216395793499,0.913254662490803,0.13794068432444,0.339375,0.0955,FALSE,0,12,"raw","std"
"V-PCA","Int-Euclidean",0.910074410452518,0.13332919056724,0.913798538362317,0.13790118609003,0.339625,0.0995,FALSE,0,12,"raw","std"
"V-PCA","Hausdorff",0.908917144678139,0.133237093690249,0.912485321653948,0.138575914896855,0.33575,0.09425,FALSE,0,12,"raw","std"
"V-PCA","Ichino-Yaguchi",0.910031787762906,0.132195825366475,0.913200427480999,0.138076569220174,0.339125,0.09575,FALSE,0,12,"raw","std"
"V-PCA","Wasserstein",0.910005019120459,0.132237253027406,0.913306154840142,0.137840575884701,0.33875,0.09525,FALSE,0,12,"raw","std"
"V-PCA","Centers-Euclidean",0.910028680688336,0.132219247928617,0.913209765513246,0.138031190093932,0.339125,0.09525,FALSE,0,12,"raw","std"
"MR-PCA","Int-Euclidean",0.912445666029318,0.129933715742511,0.915943654326219,0.1347154184027,0.349375,0.092,FALSE,0,12,"raw","std"
"MR-PCA","Hausdorff",0.911808556405354,0.128459687699171,0.91555449273864,0.133161328016178,0.343625,0.083625,FALSE,0,12,"raw","std"
"MR-PCA","Ichino-Yaguchi",0.911791666666667,0.129496016571064,0.91570085994342,0.133708764452306,0.34475,0.082125,FALSE,0,12,"raw","std"
"MR-PCA","Wasserstein",0.911977613129382,0.129122848948375,0.915650074503807,0.13378829552827,0.3455,0.081625,FALSE,0,12,"raw","std"
"MR-PCA","Centers-Euclidean",0.911818514977693,0.129464308476737,0.91540651734089,0.134284646381364,0.344875,0.082125,FALSE,0,12,"raw","std"
"SPCA","Int-Euclidean",0.912786169534735,0.128930847673678,0.917128796371785,0.1319795726333,0.347125,0.089375,FALSE,0,12,"raw","std"
"SPCA","Hausdorff",0.912328553218611,0.127390694710006,0.916460545864815,0.131365784136255,0.344625,0.083875,FALSE,0,12,"raw","std"
"SPCA","Ichino-Yaguchi",0.912648422562142,0.127872370936903,0.916841294586918,0.131475437456636,0.346125,0.08625,TRUE,0,12,"raw","std"
"SPCA","Wasserstein",0.912633444869344,0.127895315487572,0.916890962405453,0.131360453845,0.346,0.08575,FALSE,0,12,"raw","std"
"SPCA","Centers-Euclidean",0.91265160930529,0.127881931166348,0.916862970912765,0.131412363409687,0.346125,0.0855,TRUE,0,12,"raw","std"
"IMDS","Int-Euclidean",0.602759002549395,-0.0888449649458254,0.609933969193834,-0.103482754430778,0.0455,-0.005875,TRUE,0,12,"raw","std"
"IMDS","Hausdorff",0.648118307839388,-0.0507582855321861,0.657495044808054,-0.060612675993866,0.061625,-0.003125,TRUE,0,12,"raw","std"
"IMDS","Ichino-Yaguchi",0.655647625876354,-0.0496480242192479,0.662364449580256,-0.0600800782646093,0.061,-0.002875,TRUE,0,12,"raw","std"
"IMDS","Wasserstein",0.646949490121096,-0.0700446144040791,0.653315367697121,-0.0795340837963752,0.064,-0.004125,TRUE,0,12,"raw","std"
"IMDS","Centers-Euclidean",0.639208811344806,-0.093905194391332,0.64458261949312,-0.105035175955908,0.058875,-0.007375,TRUE,0,12,"raw","std"
"Int-UMAP","Int-Euclidean",0.876133444869344,0.0573347673677502,0.92381912308307,0.0405753176807527,0.53975,-0.019375,FALSE,0,12,"raw","std"
"Int-UMAP","Hausdorff",0.875168578712556,0.0582864882090504,0.922553392795637,0.0412794867720237,0.535375,-0.02375,FALSE,0,12,"raw","std"
"Int-UMAP","Ichino-Yaguchi",0.875798916507329,0.0566590184831103,0.923561944100266,0.040361580806243,0.539,-0.023625,FALSE,0,12,"raw","std"
"Int-UMAP","Wasserstein",0.875545968769917,0.0569826322498407,0.923137569985129,0.0410854710795234,0.537875,-0.02275,FALSE,0,12,"raw","std"
"Int-UMAP","Centers-Euclidean",0.875612412364563,0.0568726896112173,0.923101759089942,0.041150544945299,0.538125,-0.022125,FALSE,0,12,"raw","std"
"C-PCA","Int-Euclidean",0.920480003186743,0.112703792224347,0.924173062333786,0.117361002569014,0.363125,0.0915,FALSE,0,13,"raw","std"
"C-PCA","Hausdorff",0.91881684193754,0.113513543658381,0.922181446325784,0.11877990985163,0.3575,0.06925,FALSE,0,13,"raw","std"
"C-PCA","Ichino-Yaguchi",0.919871813256852,0.112583014659018,0.923127300921853,0.118082522402321,0.36075,0.08125,FALSE,0,13,"raw","std"
"C-PCA","Wasserstein",0.919894598470363,0.112499521988528,0.923116788651777,0.118041223733879,0.3605,0.080625,FALSE,0,13,"raw","std"
"C-PCA","Centers-Euclidean",0.919873008285532,0.112561185468451,0.923148020520555,0.118023237945942,0.360625,0.080375,FALSE,0,13,"raw","std"
"V-PCA","Int-Euclidean",0.920548757170172,0.11257488846399,0.924248938057392,0.117215652759801,0.3635,0.0915,FALSE,0,13,"raw","std"
"V-PCA","Hausdorff",0.918820347355003,0.1135160930529,0.92217611976633,0.11879831189531,0.357375,0.06875,FALSE,0,13,"raw","std"
"V-PCA","Ichino-Yaguchi",0.920035054174633,0.112257488846399,0.923105183817,0.118129679785035,0.361,0.0815,FALSE,0,13,"raw","std"
"V-PCA","Wasserstein",0.919994741873805,0.112302421924793,0.923078694747381,0.118122647152802,0.360625,0.080375,FALSE,0,13,"raw","std"
"V-PCA","Centers-Euclidean",0.92002971637986,0.112249043977055,0.923095475909967,0.118127898969613,0.360875,0.08075,FALSE,0,13,"raw","std"
"MR-PCA","Int-Euclidean",0.918408859145953,0.11635086042065,0.920977086038356,0.123540918493884,0.360375,0.105625,FALSE,0,13,"raw","std"
"MR-PCA","Hausdorff",0.917122291268324,0.11702597195666,0.919894046706965,0.123578835084422,0.357875,0.088375,FALSE,0,13,"raw","std"
"MR-PCA","Ichino-Yaguchi",0.918023661567878,0.115807680050988,0.919837187068231,0.124327388297175,0.356,0.090625,FALSE,0,13,"raw","std"
"MR-PCA","Wasserstein",0.917958652007648,0.115921128107075,0.920068772826893,0.123875754655454,0.356625,0.090875,FALSE,0,13,"raw","std"
"MR-PCA","Centers-Euclidean",0.918026210962396,0.115805768005099,0.920345099680455,0.123375925763859,0.356625,0.091125,FALSE,0,13,"raw","std"
"SPCA","Int-Euclidean",0.918834369024857,0.114996653919694,0.921332016455408,0.122287984232096,0.36,0.099375,FALSE,0,13,"raw","std"
"SPCA","Hausdorff",0.918155353728489,0.114686424474187,0.920120553484513,0.122903026614266,0.358375,0.084375,FALSE,0,13,"raw","std"
"SPCA","Ichino-Yaguchi",0.918393722115997,0.115029318036966,0.920732510307021,0.122562564176314,0.3575,0.08825,FALSE,0,13,"raw","std"
"SPCA","Wasserstein",0.918374282982792,0.115036010197578,0.920828964140762,0.122325399055338,0.357375,0.08725,FALSE,0,13,"raw","std"
"SPCA","Centers-Euclidean",0.918387507966858,0.11502166985341,0.920726182985171,0.122559547388413,0.3575,0.088625,FALSE,0,13,"raw","std"
"IMDS","Int-Euclidean",0.55139850223072,-0.0310321861057998,0.560327127966739,-0.0464798032372755,0.035375,0.00025,TRUE,0,13,"raw","std"
"IMDS","Hausdorff",0.577043977055449,0.00281867431485028,0.581055048585063,-0.00450300215924132,0.043375,-0.000375,TRUE,0,13,"raw","std"
"IMDS","Ichino-Yaguchi",0.578140694710006,0.00711886551943919,0.5844750146116,0.00205234147266847,0.044125,-0.000375,TRUE,0,13,"raw","std"
"IMDS","Wasserstein",0.57237189292543,-0.00761759082217983,0.578550066737396,-0.0169419955300275,0.045125,0.000875000000000001,TRUE,0,13,"raw","std"
"IMDS","Centers-Euclidean",0.562372609942639,-0.0211990121096239,0.568960483810296,-0.0276533002512376,0.04075,0.000375,TRUE,0,13,"raw","std"
"Int-UMAP","Int-Euclidean",0.78612069789675,0.029566762268961,0.864533216419208,0.0197916642143403,0.437625,-0.025625,FALSE,0,13,"raw","std"
"Int-UMAP","Hausdorff",0.784325605481198,0.0278790630975143,0.863893959446796,0.0114911321320261,0.435875,-0.039375,FALSE,0,13,"raw","std"
"Int-UMAP","Ichino-Yaguchi",0.78764786488209,0.0279751434034416,0.867506596011519,0.0133051198517993,0.44025,-0.033375,FALSE,0,13,"raw","std"
"Int-UMAP","Wasserstein",0.786230082855322,0.02845729764181,0.866199161142322,0.013313391015461,0.43875,-0.030375,FALSE,0,13,"raw","std"
"Int-UMAP","Centers-Euclidean",0.785256054811982,0.0306051625239006,0.864636691263287,0.0167772729823922,0.437375,-0.02425,FALSE,0,13,"raw","std"
"C-PCA","Int-Euclidean",0.91553154875717,0.121597195666029,0.917034277530157,0.131412223733708,0.352625,0.10175,FALSE,0,14,"raw","std"
"C-PCA","Hausdorff",0.914457855321861,0.121486775015934,0.916145755658562,0.131212831902113,0.349625,0.091125,FALSE,0,14,"raw","std"
"C-PCA","Ichino-Yaguchi",0.91519431166348,0.121028202676864,0.917094927612444,0.130188155912,0.35175,0.091875,FALSE,0,14,"raw","std"
"C-PCA","Wasserstein",0.915190168897387,0.121014499681326,0.917096875399303,0.130169413741319,0.35175,0.091875,FALSE,0,14,"raw","std"
"C-PCA","Centers-Euclidean",0.915178776290631,0.121037284894837,0.917137854412336,0.130075301985864,0.35175,0.092,FALSE,0,14,"raw","std"
"V-PCA","Int-Euclidean",0.915531708094328,0.121599745060548,0.917058766354458,0.131366111681757,0.3525,0.1015,FALSE,0,14,"raw","std"
"V-PCA","Hausdorff",0.914529397705545,0.121347195666029,0.916165595298596,0.131177256323633,0.34975,0.09125,FALSE,0,14,"raw","std"
"V-PCA","Ichino-Yaguchi",0.91519431166348,0.121028202676864,0.917063268505766,0.130251977385371,0.35175,0.092,FALSE,0,14,"raw","std"
"V-PCA","Wasserstein",0.91516523263225,0.1210643722116,0.917080685887105,0.130201807692918,0.35175,0.091875,FALSE,0,14,"raw","std"
"V-PCA","Centers-Euclidean",0.915212157425112,0.120971159974506,0.917117290483046,0.130117125025653,0.35175,0.092125,FALSE,0,14,"raw","std"
"MR-PCA","Int-Euclidean",0.914960723390695,0.123447578075207,0.916794212373338,0.132396748530865,0.356125,0.09925,FALSE,0,14,"raw","std"
"MR-PCA","Hausdorff",0.913779397705545,0.123826481835564,0.917383327695115,0.129393238590797,0.352875,0.092,FALSE,0,14,"raw","std"
"MR-PCA","Ichino-Yaguchi",0.913908062460166,0.123652007648184,0.917440057573799,0.129306892180039,0.35275,0.091625,FALSE,0,14,"raw","std"
"MR-PCA","Wasserstein",0.913974984066284,0.123735181644359,0.917680538239999,0.129210907700237,0.353625,0.08975,FALSE,0,14,"raw","std"
"MR-PCA","Centers-Euclidean",0.914135595920969,0.123436583811345,0.917481649775043,0.129640746984577,0.353125,0.087,FALSE,0,14,"raw","std"
"SPCA","Int-Euclidean",0.91556803696622,0.121826003824092,0.918577935720389,0.128595425392044,0.356125,0.09325,FALSE,0,14,"raw","std"
"SPCA","Hausdorff",0.914378505417463,0.122034257488846,0.917677344138241,0.12850237112236,0.35275,0.080875,FALSE,0,14,"raw","std"
"SPCA","Ichino-Yaguchi",0.91502907903123,0.121781230082855,0.918172219970347,0.128371761500472,0.35525,0.0875,FALSE,0,14,"raw","std"
"SPCA","Wasserstein",0.915061663479924,0.121700446144041,0.918327626023558,0.128056223867797,0.355125,0.087,FALSE,0,14,"raw","std"
"SPCA","Centers-Euclidean",0.915021271510516,0.121775812619503,0.918294925637788,0.128103995611573,0.355125,0.086875,FALSE,0,14,"raw","std"
"IMDS","Int-Euclidean",0.546657982791587,-0.0194893244104525,0.555172488745315,-0.0292509196437056,0.033125,-0.00275,TRUE,0,14,"raw","std"
"IMDS","Hausdorff",0.575118387507967,-0.00428202676864231,0.581746468671382,-0.00427584615494842,0.04375,5e-04,TRUE,0,14,"raw","std"
"IMDS","Ichino-Yaguchi",0.581017766093053,0.00587492033142123,0.589275443760181,0.00519691412899936,0.044,0.0015,TRUE,0,14,"raw","std"
"IMDS","Wasserstein",0.574187221159975,-0.01032982791587,0.581009967896276,-0.00926448527333251,0.044,0.00175,TRUE,0,14,"raw","std"
"IMDS","Centers-Euclidean",0.559551625239006,-0.0179968132568515,0.56927594787318,-0.02422359390431,0.041375,-0.002125,TRUE,0,14,"raw","std"
"Int-UMAP","Int-Euclidean",0.921551545570427,-0.00681532823454434,0.953133180001095,-0.00187435354544975,0.559125,-0.039125,FALSE,0,14,"raw","std"
"Int-UMAP","Hausdorff",0.920733827278521,-0.00613495857233903,0.952298078220595,-0.00197210753864738,0.549875,-0.04275,FALSE,0,14,"raw","std"
"Int-UMAP","Ichino-Yaguchi",0.92152230720204,-0.00687029955385599,0.953375459182116,-0.00272240211635338,0.558125,-0.044125,FALSE,0,14,"raw","std"
"Int-UMAP","Wasserstein",0.921448295092416,-0.0067656150414277,0.953050563472091,-0.00223266913247015,0.55675,-0.04425,FALSE,0,14,"raw","std"
"Int-UMAP","Centers-Euclidean",0.921436105799873,-0.00673932441045244,0.953068508210218,-0.00223807128754896,0.555625,-0.044,FALSE,0,14,"raw","std"
"C-PCA","Int-Euclidean",0.922534576163161,0.114471956660293,0.924231279495089,0.121611608314947,0.384125,0.116375,FALSE,0,15,"raw","std"
"C-PCA","Hausdorff",0.921436583811345,0.114468769917145,0.922947166569341,0.12234492554396,0.378375,0.103125,FALSE,0,15,"raw","std"
"C-PCA","Ichino-Yaguchi",0.9221089069471,0.114201242829828,0.923687941536028,0.121704299640331,0.3805,0.108875,FALSE,0,15,"raw","std"
"C-PCA","Wasserstein",0.922038639260676,0.114357393244105,0.923677076450826,0.121699899527123,0.380375,0.108,FALSE,0,15,"raw","std"
"C-PCA","Centers-Euclidean",0.922088352453792,0.114226099426386,0.923687107851692,0.121680578394177,0.380375,0.108375,FALSE,0,15,"raw","std"
"V-PCA","Int-Euclidean",0.92253401848311,0.114481357552581,0.924265414705019,0.121552401693274,0.384,0.116,FALSE,0,15,"raw","std"
"V-PCA","Hausdorff",0.921423916507329,0.114499840662842,0.922973951517465,0.122296789149919,0.3785,0.102625,FALSE,0,15,"raw","std"
"V-PCA","Ichino-Yaguchi",0.922143881453155,0.114140216698534,0.92373208543615,0.121620277608461,0.3805,0.10875,FALSE,0,15,"raw","std"
"V-PCA","Wasserstein",0.922126513702995,0.11419247928617,0.923725741161261,0.121609789328533,0.3805,0.108125,FALSE,0,15,"raw","std"
"V-PCA","Centers-Euclidean",0.922123008285532,0.114164435946463,0.923731302184438,0.121595576071505,0.380375,0.108125,FALSE,0,15,"raw","std"
"MR-PCA","Int-Euclidean",0.918401290630975,0.118400732950924,0.921615367731241,0.124039134394478,0.359375,0.114375,FALSE,0,15,"raw","std"
"MR-PCA","Hausdorff",0.916717654557043,0.119588910133843,0.919979250120399,0.12523675611559,0.352,0.102875,FALSE,0,15,"raw","std"
"MR-PCA","Ichino-Yaguchi",0.917341379859783,0.118822657743786,0.920844971007958,0.12403153196955,0.354625,0.108,FALSE,0,15,"raw","std"
"MR-PCA","Wasserstein",0.917767686424474,0.118121414913958,0.920983278375634,0.123940469628599,0.356125,0.1065,FALSE,0,15,"raw","std"
"MR-PCA","Centers-Euclidean",0.917442319949012,0.118709687699171,0.921633461208291,0.12263402006148,0.355125,0.105125,FALSE,0,15,"raw","std"
"SPCA","Int-Euclidean",0.918122609942639,0.118425908221797,0.921656330750842,0.123487157102935,0.357375,0.11775,FALSE,0,15,"raw","std"
"SPCA","Hausdorff",0.916558397068196,0.119338591459528,0.920938997891596,0.12314329083601,0.3535,0.101625,FALSE,0,15,"raw","std"
"SPCA","Ichino-Yaguchi",0.917709209687699,0.118212555768005,0.92122111212872,0.12351611204001,0.3555,0.109125,FALSE,0,15,"raw","std"
"SPCA","Wasserstein",0.917737253027406,0.118178457616316,0.921188752189821,0.123554419723289,0.355625,0.108,FALSE,0,15,"raw","std"
"SPCA","Centers-Euclidean",0.917706739961759,0.11820793499044,0.921413109556635,0.123105131785033,0.3555,0.108875,FALSE,0,15,"raw","std"
"IMDS","Int-Euclidean",0.592653999362651,-0.0801652326322499,0.594139293373464,-0.0825836776399527,0.040375,-0.003125,TRUE,0,15,"raw","std"
"IMDS","Hausdorff",0.632985420650096,-0.0362047482472913,0.639972132722973,-0.0456781490557222,0.050875,0.001,TRUE,0,15,"raw","std"
"IMDS","Ichino-Yaguchi",0.640015376035691,-0.0295109942638624,0.644522405498431,-0.0397653961739615,0.054,-5e-04,TRUE,0,15,"raw","std"
"IMDS","Wasserstein",0.629080305927342,-0.052191523263225,0.634471799505133,-0.0596420740130005,0.05325,0.001875,TRUE,0,15,"raw","std"
"IMDS","Centers-Euclidean",0.61841029318037,-0.071050987890376,0.622874466288488,-0.0748896745289529,0.048375,-0.000750000000000001,TRUE,0,15,"raw","std"
"Int-UMAP","Int-Euclidean",0.905861137667304,0.0272165391969408,0.943690176564938,0.0215321173291872,0.5765,-0.029,FALSE,0,15,"raw","std"
"Int-UMAP","Hausdorff",0.904884958572339,0.0259212874442321,0.943163377627892,0.019894629507653,0.5695,-0.037,FALSE,0,15,"raw","std"
"Int-UMAP","Ichino-Yaguchi",0.905522386870618,0.0259934671765456,0.94406867245211,0.0192476111355917,0.57475,-0.040375,FALSE,0,15,"raw","std"
"Int-UMAP","Wasserstein",0.905367909496495,0.0263715742511154,0.943488612505312,0.0203331427769137,0.574125,-0.037,FALSE,0,15,"raw","std"
"Int-UMAP","Centers-Euclidean",0.905409974506055,0.0262087316762268,0.943476959263746,0.0203786033630393,0.574,-0.03575,FALSE,0,15,"raw","std"
"C-PCA","Int-Euclidean",0.923175191204589,0.112674792861695,0.925131446185042,0.119247798578623,0.379,0.097125,FALSE,0,16,"raw","std"
"C-PCA","Hausdorff",0.922106038878266,0.112732791586998,0.924369409548907,0.1187998624053,0.374,0.08875,FALSE,0,16,"raw","std"
"C-PCA","Ichino-Yaguchi",0.923246494582537,0.111537603569152,0.925257218539894,0.11796536752226,0.377625,0.093125,FALSE,0,16,"raw","std"
"C-PCA","Wasserstein",0.923111217335883,0.111752708731676,0.925183222897614,0.118055767095359,0.377125,0.09225,FALSE,0,16,"raw","std"
"C-PCA","Centers-Euclidean",0.923226736775016,0.111532504780115,0.92518475549496,0.1180677971422,0.3775,0.0925,FALSE,0,16,"raw","std"
"V-PCA","Int-Euclidean",0.92321351179095,0.112603569152326,0.925086571278422,0.119339391261803,0.37925,0.097625,FALSE,0,16,"raw","std"
"V-PCA","Hausdorff",0.922132329509242,0.112681803696622,0.924519074706134,0.118503998614073,0.374125,0.0885,FALSE,0,16,"raw","std"
"V-PCA","Ichino-Yaguchi",0.923193833652008,0.11164420012747,0.92529398040459,0.117891131551998,0.37775,0.093125,FALSE,0,16,"raw","std"
"V-PCA","Wasserstein",0.923131453154876,0.111713193116635,0.925235368631991,0.117952135835508,0.3775,0.092625,FALSE,0,16,"raw","std"
"V-PCA","Centers-Euclidean",0.923145554493308,0.111695825366475,0.925187888181937,0.118058624801916,0.377625,0.092625,FALSE,0,16,"raw","std"
"MR-PCA","Int-Euclidean",0.917473550031867,0.121035372848948,0.918880564093916,0.129630799709167,0.369375,0.113625,FALSE,0,16,"raw","std"
"MR-PCA","Hausdorff",0.916675987890376,0.1202821861058,0.918603559118807,0.128017496943335,0.365125,0.10125,FALSE,0,16,"raw","std"
"MR-PCA","Ichino-Yaguchi",0.916892686424474,0.120638145315488,0.918277031865401,0.129318906446693,0.364625,0.100875,FALSE,0,16,"raw","std"
"MR-PCA","Wasserstein",0.91689356277884,0.120579668578713,0.918432866329363,0.128961459622937,0.364125,0.098875,FALSE,0,16,"raw","std"
"MR-PCA","Centers-Euclidean",0.916882010834927,0.12061201402167,0.91832840298452,0.129190478755518,0.364625,0.099875,FALSE,0,16,"raw","std"
"SPCA","Int-Euclidean",0.917248884639898,0.121058636073932,0.919271915928794,0.128398896384904,0.364875,0.108625,FALSE,0,16,"raw","std"
"SPCA","Hausdorff",0.916671048438496,0.120092256214149,0.918010547690199,0.129015929629578,0.35925,0.097125,FALSE,0,16,"raw","std"
"SPCA","Ichino-Yaguchi",0.917021112173359,0.120439929891651,0.918476371131914,0.128951860791115,0.3625,0.100125,FALSE,0,16,"raw","std"
"SPCA","Wasserstein",0.916960006373486,0.120494263862333,0.918499591143886,0.12884050235756,0.36225,0.09975,FALSE,0,16,"raw","std"
"SPCA","Centers-Euclidean",0.917006134480561,0.120413798597833,0.91849646218871,0.128859790437411,0.3625,0.099375,FALSE,0,16,"raw","std"
"IMDS","Int-Euclidean",0.583817957297642,-0.078784098151689,0.590079518067973,-0.0852099707409745,0.04025,-0.0015,TRUE,0,16,"raw","std"
"IMDS","Hausdorff",0.614431564690886,-0.0180587954110899,0.62682754780501,-0.034449195560189,0.0505,-0.000625000000000001,TRUE,0,16,"raw","std"
"IMDS","Ichino-Yaguchi",0.628137268961122,-0.0233236137667303,0.637266954680668,-0.0294907100333499,0.05325,0.00125,TRUE,0,16,"raw","std"
"IMDS","Wasserstein",0.618490200764818,-0.0477665710643722,0.625386231484083,-0.0551499704185468,0.05275,-0.000625000000000001,TRUE,0,16,"raw","std"
"IMDS","Centers-Euclidean",0.610645952836201,-0.0732288081580625,0.619822841172333,-0.0851259096851281,0.052875,-0.003625,TRUE,0,16,"raw","std"
"Int-UMAP","Int-Euclidean",0.919793180369662,0.0171210962396431,0.951908502509732,0.00918937478216945,0.574625,-0.022625,FALSE,0,16,"raw","std"
"Int-UMAP","Hausdorff",0.919694391332059,0.0173550031867431,0.951615455055383,0.00856090751258022,0.5705,-0.034125,FALSE,0,16,"raw","std"
"Int-UMAP","Ichino-Yaguchi",0.919706182281708,0.01695729764181,0.952187443649805,0.00809893081130121,0.574875,-0.034125,FALSE,0,16,"raw","std"
"Int-UMAP","Wasserstein",0.919580305927342,0.0170219885277246,0.951805182162213,0.00873871993853063,0.573625,-0.031375,FALSE,0,16,"raw","std"
"Int-UMAP","Centers-Euclidean",0.919637906309752,0.0168768323773104,0.951738476113318,0.00884846772678816,0.5735,-0.0315,FALSE,0,16,"raw","std"
"C-PCA","Int-Euclidean",0.917358349267049,0.116464627151052,0.920718657435343,0.122805856701231,0.3495,0.095125,FALSE,0,17,"raw","std"
"C-PCA","Hausdorff",0.91646845124283,0.116119821542384,0.920004448200129,0.122140417519863,0.347625,0.078375,FALSE,0,17,"raw","std"
"C-PCA","Ichino-Yaguchi",0.917106277884003,0.115776927979605,0.919948550619684,0.123148426647123,0.3485,0.08375,FALSE,0,17,"raw","std"
"C-PCA","Wasserstein",0.917109145952836,0.115748247291268,0.919963286648717,0.123073708528176,0.34875,0.0825,FALSE,0,17,"raw","std"
"C-PCA","Centers-Euclidean",0.917103409815169,0.115773103887827,0.920054428743585,0.122904569234163,0.3485,0.08275,FALSE,0,17,"raw","std"
"V-PCA","Int-Euclidean",0.91727477692798,0.116634958572339,0.920632407624918,0.122981827110225,0.3495,0.0955,FALSE,0,17,"raw","std"
"V-PCA","Hausdorff",0.916513702995539,0.11603282345443,0.920003602040916,0.122142164002715,0.347625,0.078625,FALSE,0,17,"raw","std"
"V-PCA","Ichino-Yaguchi",0.917085882727852,0.115820267686425,0.919988882431807,0.123071601446728,0.3485,0.083625,FALSE,0,17,"raw","std"
"V-PCA","Wasserstein",0.917105242192479,0.115757966857871,0.919994317746603,0.1230119892316,0.348625,0.082375,FALSE,0,17,"raw","std"
"V-PCA","Centers-Euclidean",0.917083094327597,0.115816602931804,0.920051220994097,0.122913246844261,0.3485,0.082625,FALSE,0,17,"raw","std"
"MR-PCA","Int-Euclidean",0.915476657106437,0.120345602294455,0.917038312566607,0.130160352075589,0.3465,0.108125,FALSE,0,17,"raw","std"
"MR-PCA","Hausdorff",0.91499753027406,0.11974012109624,0.915641504262954,0.131183712339304,0.34275,0.095625,FALSE,0,17,"raw","std"
"MR-PCA","Ichino-Yaguchi",0.915162842574888,0.119274378585086,0.916248878114007,0.129894403253892,0.34425,0.09,FALSE,0,17,"raw","std"
"MR-PCA","Wasserstein",0.915091379859783,0.119543499043977,0.91631452774336,0.130027639637168,0.345,0.095,FALSE,0,17,"raw","std"
"MR-PCA","Centers-Euclidean",0.915060149776928,0.119630815806246,0.916632402762915,0.129432289435583,0.34425,0.092875,FALSE,0,17,"raw","std"
"SPCA","Int-Euclidean",0.913983667941364,0.122474984066284,0.917950487658955,0.127723841525298,0.34225,0.09575,FALSE,0,17,"raw","std"
"SPCA","Hausdorff",0.913368546845124,0.12197833014659,0.916870713440164,0.128059697214891,0.340375,0.081375,FALSE,0,17,"raw","std"
"SPCA","Ichino-Yaguchi",0.91365782345443,0.122124442319949,0.917203183426675,0.128097759452289,0.34075,0.08525,FALSE,0,17,"raw","std"
"SPCA","Wasserstein",0.913640376035691,0.12213798597833,0.91715239308241,0.128167169884034,0.341125,0.085,FALSE,0,17,"raw","std"
"SPCA","Centers-Euclidean",0.913655831739962,0.122120140216699,0.917207587378307,0.128057510166279,0.340875,0.0845,FALSE,0,17,"raw","std"
"IMDS","Int-Euclidean",0.577639818355641,-0.0671365519439133,0.585019618930663,-0.0779904799838139,0.042625,-0.00325,TRUE,0,17,"raw","std"
"IMDS","Hausdorff",0.615743068833652,-0.030405194391332,0.626745371735143,-0.0437087211634143,0.052875,-0.003,TRUE,0,17,"raw","std"
"IMDS","Ichino-Yaguchi",0.628297801147228,-0.0310981516889739,0.638796827704754,-0.0410162210085979,0.055875,-0.00275,TRUE,0,17,"raw","std"
"IMDS","Wasserstein",0.619703553218611,-0.0563465583173995,0.630367225635007,-0.0697412953503381,0.058125,-0.003,TRUE,0,17,"raw","std"
"IMDS","Centers-Euclidean",0.613890057361377,-0.0790713830465265,0.624712252022892,-0.0958337967163905,0.05875,-0.01025,TRUE,0,17,"raw","std"
"Int-UMAP","Int-Euclidean",0.79370482791587,0.0103220203951561,0.871554648344078,0.0122552669999101,0.45675,-0.02725,FALSE,0,17,"raw","std"
"Int-UMAP","Hausdorff",0.791257807520714,0.00816284257488842,0.871379678804104,0.00333828191466043,0.454125,-0.04,FALSE,0,17,"raw","std"
"Int-UMAP","Ichino-Yaguchi",0.795205305927342,0.0060772785213512,0.874558718480783,0.00360120349941426,0.46,-0.032125,FALSE,0,17,"raw","std"
"Int-UMAP","Wasserstein",0.793817718291906,0.00788591459528354,0.873482949444034,0.0044558469089855,0.457625,-0.03275,FALSE,0,17,"raw","std"
"Int-UMAP","Centers-Euclidean",0.791935229445507,0.0119424792861694,0.871831617493898,0.00816977190891301,0.454875,-0.032,FALSE,0,17,"raw","std"
"C-PCA","Int-Euclidean",0.915620458891013,0.123601975780752,0.918764728672054,0.129625216295184,0.347375,0.109375,FALSE,0,18,"raw","std"
"C-PCA","Hausdorff",0.914684592096877,0.123219725940089,0.917406882183077,0.130423862645159,0.344875,0.097375,FALSE,0,18,"raw","std"
"C-PCA","Ichino-Yaguchi",0.915179652644997,0.123503664754621,0.918067644458229,0.130139008946257,0.346125,0.099125,FALSE,0,18,"raw","std"
"C-PCA","Wasserstein",0.915100063734863,0.123631612492033,0.918087194190639,0.130060377127702,0.345875,0.099625,FALSE,0,18,"raw","std"
"C-PCA","Centers-Euclidean",0.915178059273423,0.123480082855322,0.918145733992792,0.129958184637058,0.346125,0.09925,FALSE,0,18,"raw","std"
"V-PCA","Int-Euclidean",0.915748565965583,0.123347673677502,0.918739073606639,0.129680630127601,0.347625,0.109875,FALSE,0,18,"raw","std"
"V-PCA","Hausdorff",0.914673358827279,0.123246972594009,0.917376463100549,0.130492565314194,0.34475,0.097375,FALSE,0,18,"raw","std"
"V-PCA","Ichino-Yaguchi",0.915106038878266,0.123652166985341,0.918092315181171,0.130089689251441,0.346,0.099125,FALSE,0,18,"raw","std"
"V-PCA","Wasserstein",0.915109464627151,0.123619502868069,0.918164163651798,0.129910567069974,0.346125,0.099375,FALSE,0,18,"raw","std"
"V-PCA","Centers-Euclidean",0.915101577437859,0.123635277246654,0.918125741348918,0.129997831717016,0.346,0.0995,FALSE,0,18,"raw","std"
"MR-PCA","Int-Euclidean",0.91119494901211,0.130788559592097,0.914069616277886,0.137933810773552,0.337625,0.1085,FALSE,0,18,"raw","std"
"MR-PCA","Hausdorff",0.910339547482473,0.129920012746973,0.912429327686415,0.139058522699842,0.331625,0.1005,FALSE,0,18,"raw","std"
"MR-PCA","Ichino-Yaguchi",0.910770156150414,0.129982950924156,0.9129644871371,0.138583686212433,0.333875,0.097625,FALSE,0,18,"raw","std"
"MR-PCA","Wasserstein",0.910821383046526,0.129943594646271,0.913442974818575,0.137760226158227,0.334125,0.0975,FALSE,0,18,"raw","std"
"MR-PCA","Centers-Euclidean",0.910846956660293,0.129892128744423,0.914075562742791,0.136533359912286,0.33475,0.09675,FALSE,0,18,"raw","std"
"SPCA","Int-Euclidean",0.912639818355641,0.127470522625876,0.915599254838248,0.13445115081065,0.335125,0.104625,FALSE,0,18,"raw","std"
"SPCA","Hausdorff",0.911296287444232,0.127922721478649,0.914391818587218,0.135074558824357,0.332875,0.0975,FALSE,0,18,"raw","std"
"SPCA","Ichino-Yaguchi",0.911930289993627,0.127881931166348,0.915236614946891,0.134318086516709,0.333875,0.096625,FALSE,0,18,"raw","std"
"SPCA","Wasserstein",0.912009639898024,0.127707616316125,0.915164493308433,0.134428912475577,0.334,0.097,FALSE,0,18,"raw","std"
"SPCA","Centers-Euclidean",0.911974745060548,0.127777405991077,0.915210091224834,0.134351833939207,0.334125,0.097375,FALSE,0,18,"raw","std"
"IMDS","Int-Euclidean",0.574597673677502,-0.0605834926704909,0.583746096856058,-0.0645744823544244,0.03725,0.0015,TRUE,0,18,"raw","std"
"IMDS","Hausdorff",0.609964228808158,-0.0101362332695986,0.6281675811285,-0.0288086255269516,0.047125,0.000125,TRUE,0,18,"raw","std"
"IMDS","Ichino-Yaguchi",0.621495458891013,-0.0147433078393882,0.638649868103227,-0.0296034660796778,0.047125,0.002125,TRUE,0,18,"raw","std"
"IMDS","Wasserstein",0.614538001912046,-0.0353261631612493,0.633160757583745,-0.0515299795403478,0.0495,-0.000125,TRUE,0,18,"raw","std"
"IMDS","Centers-Euclidean",0.616358428935628,-0.0808624920331422,0.635219527670003,-0.0960357843887378,0.0545,-0.00825,TRUE,0,18,"raw","std"
"Int-UMAP","Int-Euclidean",0.812229764181007,0.0371711281070746,0.882923779585931,0.0298024382435986,0.46975,-0.031,FALSE,0,18,"raw","std"
"Int-UMAP","Hausdorff",0.809610261312938,0.0331982154238368,0.882160352907248,0.0235004312255951,0.467,-0.028,FALSE,0,18,"raw","std"
"Int-UMAP","Ichino-Yaguchi",0.813924792861695,0.0326695347355003,0.885937622669629,0.0240905920913797,0.471375,-0.0345,FALSE,0,18,"raw","std"
"Int-UMAP","Wasserstein",0.81278529318037,0.033296845124283,0.885094105464704,0.0239389826658485,0.470375,-0.035125,FALSE,0,18,"raw","std"
"Int-UMAP","Centers-Euclidean",0.813434990439771,0.0319225621414915,0.884961155363873,0.0243895746019853,0.469375,-0.030625,FALSE,0,18,"raw","std"
"C-PCA","Int-Euclidean",0.91910826959847,0.113923996175908,0.92241124071336,0.119703082134935,0.3375,0.099125,FALSE,0,19,"raw","std"
"C-PCA","Hausdorff",0.917548996175908,0.11481373486297,0.921139675701805,0.120067529604057,0.33225,0.079375,FALSE,0,19,"raw","std"
"C-PCA","Ichino-Yaguchi",0.918545490758445,0.113989643084767,0.92225363257771,0.118863512002581,0.3355,0.08825,FALSE,0,19,"raw","std"
"C-PCA","Wasserstein",0.918540551306565,0.113961281070746,0.922268599445288,0.11880027823455,0.3355,0.0875,FALSE,0,19,"raw","std"
"C-PCA","Centers-Euclidean",0.918538639260676,0.113977214786488,0.922401121241991,0.118549892728848,0.335375,0.087875,FALSE,0,19,"raw","std"
"V-PCA","Int-Euclidean",0.91912683237731,0.113887826641173,0.922411845904854,0.119702883816369,0.3375,0.099125,FALSE,0,19,"raw","std"
"V-PCA","Hausdorff",0.917542543021032,0.114826641172722,0.921150595377924,0.120045987516422,0.332125,0.0795,FALSE,0,19,"raw","std"
"V-PCA","Ichino-Yaguchi",0.918543977055449,0.113991077119184,0.922257901971261,0.118853483907024,0.3355,0.088125,FALSE,0,19,"raw","std"
"V-PCA","Wasserstein",0.918605959209688,0.1138304652645,0.922188718752884,0.118963210157459,0.33575,0.088,FALSE,0,19,"raw","std"
"V-PCA","Centers-Euclidean",0.918537205226259,0.113978808158062,0.922414686018635,0.118521972460247,0.335375,0.08775,FALSE,0,19,"raw","std"
"MR-PCA","Int-Euclidean",0.917431246016571,0.117837635436584,0.921617000980589,0.122026734067684,0.352625,0.096875,FALSE,0,19,"raw","std"
"MR-PCA","Hausdorff",0.91636137667304,0.117618228170809,0.92024125090992,0.122457811456962,0.34575,0.08375,FALSE,0,19,"raw","std"
"MR-PCA","Ichino-Yaguchi",0.916753505417463,0.117647546207776,0.920674246764763,0.122300745925172,0.349375,0.084875,FALSE,0,19,"raw","std"
"MR-PCA","Wasserstein",0.91674689292543,0.117637507966858,0.920901899418453,0.121833324846152,0.349125,0.084375,FALSE,0,19,"raw","std"
"MR-PCA","Centers-Euclidean",0.916805927342256,0.117529955385596,0.920794375143834,0.122057486240103,0.3495,0.085375,FALSE,0,19,"raw","std"
"SPCA","Int-Euclidean",0.915785133843212,0.120642288081581,0.920925657556125,0.122832234989673,0.346375,0.09475,FALSE,0,19,"raw","std"
"SPCA","Hausdorff",0.915310229445507,0.119482154238368,0.920155206881663,0.122389459363971,0.343125,0.081375,FALSE,0,19,"raw","std"
"SPCA","Ichino-Yaguchi",0.915363766730402,0.120389101338432,0.920331053821356,0.122852598041448,0.3455,0.08575,FALSE,0,19,"raw","std"
"SPCA","Wasserstein",0.915365439770555,0.12035579987253,0.920384854342904,0.122725122066143,0.34575,0.085625,FALSE,0,19,"raw","std"
"SPCA","Centers-Euclidean",0.915357393244104,0.120378266411727,0.92045171712744,0.122590389550548,0.345375,0.0855,FALSE,0,19,"raw","std"
"IMDS","Int-Euclidean",0.545349665391969,-0.0321757488846398,0.55276235595035,-0.0449509792757526,0.024125,-0.001375,TRUE,0,19,"raw","std"
"IMDS","Hausdorff",0.576688973868706,0.00368929254302097,0.582385753472366,-0.00696424623335468,0.034625,0.00025,TRUE,0,19,"raw","std"
"IMDS","Ichino-Yaguchi",0.582049394518802,0.0113948374760995,0.588669001153404,0.00299485386779208,0.037875,-5e-04,TRUE,0,19,"raw","std"
"IMDS","Wasserstein",0.574099506054812,-0.00699601657106441,0.580398728325913,-0.0184407364843551,0.03425,-0.00125,TRUE,0,19,"raw","std"
"IMDS","Centers-Euclidean",0.56437683237731,-0.0293228170809434,0.574190370000176,-0.0465722704413557,0.0315,-0.00225,TRUE,0,19,"raw","std"
"Int-UMAP","Int-Euclidean",0.872563973868706,0.021247769279796,0.920810510171738,0.0173960544158849,0.5315,-0.025,FALSE,0,19,"raw","std"
"Int-UMAP","Hausdorff",0.87106803696622,0.0221131293817719,0.920081854601869,0.0167458840581045,0.52875,-0.034,FALSE,0,19,"raw","std"
"Int-UMAP","Ichino-Yaguchi",0.872421128107075,0.0200691523263224,0.921461071835505,0.0148866643516706,0.531125,-0.031625,FALSE,0,19,"raw","std"
"Int-UMAP","Wasserstein",0.871846797323136,0.020967017208413,0.920979525569959,0.0157113872473229,0.5295,-0.03325,FALSE,0,19,"raw","std"
"Int-UMAP","Centers-Euclidean",0.872162603569152,0.0206056405353729,0.921096594192106,0.0155135845232021,0.530375,-0.031125,FALSE,0,19,"raw","std"
"C-PCA","Int-Euclidean",0.915763304652645,0.123327119184194,0.917586598787126,0.130954470791386,0.350375,0.105375,FALSE,0,20,"raw","std"
"C-PCA","Hausdorff",0.914727931803697,0.122881931166348,0.9165815544158,0.130749869578887,0.345375,0.092875,FALSE,0,20,"raw","std"
"C-PCA","Ichino-Yaguchi",0.915343769917145,0.123023741236456,0.916830170941221,0.131331594015539,0.348625,0.097625,FALSE,0,20,"raw","std"
"C-PCA","Wasserstein",0.915287045889101,0.12305752071383,0.916789159834699,0.131369885065648,0.3485,0.098,FALSE,0,20,"raw","std"
"C-PCA","Centers-Euclidean",0.915334448693435,0.123008922880816,0.916960147223173,0.131048659102072,0.348625,0.097625,FALSE,0,20,"raw","std"
"V-PCA","Int-Euclidean",0.915691682600382,0.123479286169535,0.91747572335524,0.131180632430655,0.350375,0.105625,FALSE,0,20,"raw","std"
"V-PCA","Hausdorff",0.914733667941364,0.122873008285532,0.916617389301136,0.130677891028341,0.345375,0.092875,FALSE,0,20,"raw","std"
"V-PCA","Ichino-Yaguchi",0.915326959847036,0.123065328234544,0.916778870832943,0.131442865231574,0.348375,0.09725,FALSE,0,20,"raw","std"
"V-PCA","Wasserstein",0.915311185468451,0.123018801784576,0.916908721939629,0.13113517333725,0.348375,0.09775,FALSE,0,20,"raw","std"
"V-PCA","Centers-Euclidean",0.915317558954748,0.123050350541746,0.916967012777345,0.131041308733643,0.348375,0.09725,FALSE,0,20,"raw","std"
"MR-PCA","Int-Euclidean",0.915904397705545,0.122942319949012,0.916708515935686,0.132643233344951,0.353,0.1065,FALSE,0,20,"raw","std"
"MR-PCA","Hausdorff",0.915570825366475,0.121631771829191,0.917433483206725,0.129288881015855,0.347125,0.09675,FALSE,0,20,"raw","std"
"MR-PCA","Ichino-Yaguchi",0.915550350541746,0.121890057361377,0.917297524421332,0.129631269063106,0.34825,0.091,FALSE,0,20,"raw","std"
"MR-PCA","Wasserstein",0.915612890376036,0.122046685787126,0.916459156035512,0.13181939350003,0.349625,0.093375,FALSE,0,20,"raw","std"
"MR-PCA","Centers-Euclidean",0.915652804333971,0.122047482472913,0.916453269066176,0.131900370382312,0.350375,0.09125,FALSE,0,20,"raw","std"
"SPCA","Int-Euclidean",0.916633922880816,0.120892447418738,0.917082395371816,0.131488007015274,0.349,0.097875,FALSE,0,20,"raw","std"
"SPCA","Hausdorff",0.915885755258126,0.120285213511791,0.916521541618494,0.130726400815725,0.34475,0.09,FALSE,0,20,"raw","std"
"SPCA","Ichino-Yaguchi",0.916536727214787,0.120131134480561,0.916925108704163,0.130839905354704,0.3485,0.091125,FALSE,0,20,"raw","std"
"SPCA","Wasserstein",0.916527087316762,0.12006373486297,0.917094649433338,0.130450328577612,0.348,0.090125,FALSE,0,20,"raw","std"
"SPCA","Centers-Euclidean",0.916511472275335,0.12014977692798,0.916937790856567,0.130787740748076,0.34825,0.09075,FALSE,0,20,"raw","std"
"IMDS","Int-Euclidean",0.541204349904398,-0.0116958253664755,0.546716284052577,-0.0231274018937249,0.03,0.00125,FALSE,0,20,"raw","std"
"IMDS","Hausdorff",0.591221797323136,-0.00295697896749525,0.604931597367762,-0.0255887041839332,0.042125,-0.00425,TRUE,0,20,"raw","std"
"IMDS","Ichino-Yaguchi",0.599773581899299,0.00796972594008927,0.613146631011121,-0.0135860903452381,0.04125,-0.00675,FALSE,0,20,"raw","std"
"IMDS","Wasserstein",0.587840503505417,-0.0138951561504143,0.603086762474579,-0.039744550973501,0.042375,-0.00325,FALSE,0,20,"raw","std"
"IMDS","Centers-Euclidean",0.583537523900574,-0.0541279477374124,0.601219679756886,-0.0891937921682847,0.04475,-0.0045,FALSE,0,20,"raw","std"
"Int-UMAP","Int-Euclidean",0.898918817718292,0.0267146271510516,0.939934522459983,0.0150576258307842,0.5455,-0.03975,FALSE,0,20,"raw","std"
"Int-UMAP","Hausdorff",0.898302660930529,0.0274386551943914,0.938790092870239,0.015554671651841,0.53725,-0.04975,FALSE,0,20,"raw","std"
"Int-UMAP","Ichino-Yaguchi",0.898680608667941,0.026119980879541,0.93998444020256,0.0138288331225612,0.544,-0.0445,FALSE,0,20,"raw","std"
"Int-UMAP","Wasserstein",0.898469566602932,0.0261905672402805,0.93958542666043,0.0144269866530326,0.543,-0.044,FALSE,0,20,"raw","std"
"Int-UMAP","Centers-Euclidean",0.898572578075207,0.0262429891650733,0.939501002127169,0.0146542697518041,0.543125,-0.04325,FALSE,0,20,"raw","std"
"C-PCA","Int-Euclidean",0.920166826003824,0.116803377947737,0.921772408526521,0.124437633587812,0.365875,0.1075,FALSE,0,21,"raw","std"
"C-PCA","Hausdorff",0.919478569152326,0.116288878266412,0.921080051118423,0.124043995118548,0.36175,0.091625,FALSE,0,21,"raw","std"
"C-PCA","Ichino-Yaguchi",0.919869582536648,0.116227055449331,0.92187654347288,0.123220216475163,0.361875,0.09425,FALSE,0,21,"raw","std"
"C-PCA","Wasserstein",0.919876752708732,0.116241714467814,0.921865725301747,0.123226721750608,0.362,0.094,FALSE,0,21,"raw","std"
"C-PCA","Centers-Euclidean",0.919868945188018,0.11622769279796,0.921894816183,0.123164652944216,0.361875,0.093875,FALSE,0,21,"raw","std"
"V-PCA","Int-Euclidean",0.92014730720204,0.116843690248566,0.921827650376225,0.124331862193419,0.365625,0.107375,FALSE,0,21,"raw","std"
"V-PCA","Hausdorff",0.919493865519439,0.11625987890376,0.921105713007702,0.123998667811029,0.36175,0.09175,FALSE,0,21,"raw","std"
"V-PCA","Ichino-Yaguchi",0.919831022944551,0.116308317399618,0.921864072860279,0.123248245072615,0.361875,0.094125,FALSE,0,21,"raw","std"
"V-PCA","Wasserstein",0.919884241555131,0.116229286169535,0.921812457254885,0.123332846279996,0.362125,0.094,FALSE,0,21,"raw","std"
"V-PCA","Centers-Euclidean",0.919830146590185,0.116308476736775,0.921823270094874,0.123309589269882,0.361875,0.09375,FALSE,0,21,"raw","std"
"MR-PCA","Int-Euclidean",0.911846000637349,0.130398183556405,0.913594331867738,0.138592544654944,0.342,0.106,FALSE,0,21,"raw","std"
"MR-PCA","Hausdorff",0.910412603569152,0.130742033142129,0.912407668313606,0.138601128010412,0.3355,0.083875,FALSE,0,21,"raw","std"
"MR-PCA","Ichino-Yaguchi",0.911286010197578,0.129780752071383,0.912884370168384,0.138469183256761,0.338,0.09575,FALSE,0,21,"raw","std"
"MR-PCA","Wasserstein",0.911399936265137,0.129586360739324,0.912990500348785,0.138242334326376,0.338375,0.095125,FALSE,0,21,"raw","std"
"MR-PCA","Centers-Euclidean",0.911293021032505,0.129769917144678,0.912912019508235,0.138395124067242,0.338,0.09525,FALSE,0,21,"raw","std"
"SPCA","Int-Euclidean",0.911487412364563,0.130603887826641,0.913873677535036,0.137522300602837,0.340875,0.101125,FALSE,0,21,"raw","std"
"SPCA","Hausdorff",0.910477374123646,0.130519120458891,0.912972309738286,0.137339545779687,0.337625,0.085375,FALSE,0,21,"raw","std"
"SPCA","Ichino-Yaguchi",0.911298996175908,0.129692957297642,0.913612156655119,0.136956507331134,0.339125,0.092625,FALSE,0,21,"raw","std"
"SPCA","Wasserstein",0.911350462077757,0.12962316762269,0.913630477985274,0.136902648486868,0.339625,0.092375,FALSE,0,21,"raw","std"
"SPCA","Centers-Euclidean",0.911298597833015,0.129693116634799,0.913698282463129,0.136761931868488,0.339125,0.0925,FALSE,0,21,"raw","std"
"IMDS","Int-Euclidean",0.555152963671128,-0.0364397705544932,0.562444323448795,-0.0496883199832953,0.035,-0.005,TRUE,0,21,"raw","std"
"IMDS","Hausdorff",0.588689133205864,-0.0158961121733588,0.594592751759235,-0.0280380335771671,0.04325,-0.00375,TRUE,0,21,"raw","std"
"IMDS","Ichino-Yaguchi",0.591634321223709,-0.00437635436583816,0.599917897926415,-0.00932916271522255,0.04675,-0.00325,TRUE,0,21,"raw","std"
"IMDS","Wasserstein",0.58672649776928,-0.022309592096877,0.593310907448606,-0.0305327866650085,0.045,-0.0015,TRUE,0,21,"raw","std"
"IMDS","Centers-Euclidean",0.580547402804334,-0.0542809114085404,0.587187941365431,-0.0616147159455463,0.04075,-0.00225,TRUE,0,21,"raw","std"
"Int-UMAP","Int-Euclidean",0.789605082855322,0.029124442319949,0.868605763546949,0.0118344373493312,0.452,-0.0395,FALSE,0,21,"raw","std"
"Int-UMAP","Hausdorff",0.786023024219248,0.0254211281070745,0.864190079452815,0.00797302922951232,0.448875,-0.04325,FALSE,0,21,"raw","std"
"Int-UMAP","Ichino-Yaguchi",0.78861759082218,0.0310525812619503,0.867787473849671,0.0121444352834062,0.453125,-0.047625,FALSE,0,21,"raw","std"
"Int-UMAP","Wasserstein",0.789367351816444,0.0267802740599108,0.867778306307417,0.00943151044878682,0.452375,-0.04675,FALSE,0,21,"raw","std"
"Int-UMAP","Centers-Euclidean",0.790787922243467,0.024468132568515,0.868644701371477,0.00863161341237417,0.453,-0.0445,FALSE,0,21,"raw","std"
"C-PCA","Int-Euclidean",0.915041586998088,0.124371255576801,0.914562597954444,0.137215084886317,0.36175,0.114875,FALSE,0,22,"raw","std"
"C-PCA","Hausdorff",0.91333723709369,0.125589069471001,0.913672903017871,0.136844853765434,0.35675,0.096625,FALSE,0,22,"raw","std"
"C-PCA","Ichino-Yaguchi",0.914291826003824,0.124594805608668,0.914399181323901,0.136321510049591,0.358125,0.102125,FALSE,0,22,"raw","std"
"C-PCA","Wasserstein",0.914321064372212,0.124488527724665,0.914436953547053,0.136224791151358,0.358125,0.10225,FALSE,0,22,"raw","std"
"C-PCA","Centers-Euclidean",0.914285611854684,0.124585882727852,0.914415782933549,0.136276571062617,0.35825,0.102625,FALSE,0,22,"raw","std"
"V-PCA","Int-Euclidean",0.915011631612492,0.124434353091141,0.914539366960315,0.137261087543189,0.361625,0.115125,FALSE,0,22,"raw","std"
"V-PCA","Hausdorff",0.913263702995539,0.125739324410452,0.913590785164099,0.137006184212614,0.356875,0.097,FALSE,0,22,"raw","std"
"V-PCA","Ichino-Yaguchi",0.914306963033779,0.124570267686424,0.914427196913361,0.136269072061887,0.35825,0.101625,FALSE,0,22,"raw","std"
"V-PCA","Wasserstein",0.914262029955386,0.124609145952836,0.914504857397436,0.136093795554628,0.35825,0.10225,FALSE,0,22,"raw","std"
"V-PCA","Centers-Euclidean",0.914305528999363,0.124551465901848,0.914452937596952,0.136205515439761,0.358375,0.102125,FALSE,0,22,"raw","std"
"MR-PCA","Int-Euclidean",0.909008604206501,0.134643722115998,0.911357302818887,0.142325176213509,0.342125,0.113875,FALSE,0,22,"raw","std"
"MR-PCA","Hausdorff",0.908426147227533,0.133283460803059,0.909903363947749,0.142794117308374,0.336375,0.101375,FALSE,0,22,"raw","std"
"MR-PCA","Ichino-Yaguchi",0.908515296367113,0.133938814531549,0.910678180829342,0.142068706166266,0.337125,0.10325,FALSE,0,22,"raw","std"
"MR-PCA","Wasserstein",0.908686105799873,0.133570108349267,0.910784099256693,0.141872704942406,0.33825,0.104625,FALSE,0,22,"raw","std"
"MR-PCA","Centers-Euclidean",0.908618068833652,0.133726896112173,0.910862761569393,0.141733695143166,0.338,0.1035,FALSE,0,22,"raw","std"
"SPCA","Int-Euclidean",0.910023342893563,0.132416347992352,0.91299480354179,0.138855485645062,0.339875,0.1115,FALSE,0,22,"raw","std"
"SPCA","Hausdorff",0.909169375398343,0.131815806246017,0.911862162604676,0.13888798707253,0.33575,0.09575,FALSE,0,22,"raw","std"
"SPCA","Ichino-Yaguchi",0.909634639898024,0.131883365200765,0.912486445992268,0.138633166907805,0.33775,0.102625,FALSE,0,22,"raw","std"
"SPCA","Wasserstein",0.909585564053537,0.131934990439771,0.912473977618748,0.138634987813431,0.337625,0.1025,FALSE,0,22,"raw","std"
"SPCA","Centers-Euclidean",0.909628903760357,0.131870936902486,0.912467216021888,0.138651018350907,0.337875,0.102375,FALSE,0,22,"raw","std"
"IMDS","Int-Euclidean",0.580927979604844,-0.0684365838113448,0.585448220003443,-0.0771244554342784,0.0385,-0.005,TRUE,0,22,"raw","std"
"IMDS","Hausdorff",0.619040471637986,-0.0304827915869981,0.631021902195766,-0.048935488847161,0.05025,-0.001375,TRUE,0,22,"raw","std"
"IMDS","Ichino-Yaguchi",0.631199012109624,-0.0370407903123009,0.641532729451168,-0.0474907496117647,0.05225,0.001375,TRUE,0,22,"raw","std"
"IMDS","Wasserstein",0.620353489483748,-0.0548102294455066,0.631076954256735,-0.0664820043601082,0.051125,0.00025,TRUE,0,22,"raw","std"
"IMDS","Centers-Euclidean",0.61306747928617,-0.0796763862332697,0.625294887018979,-0.095628867105407,0.053625,-0.00575,TRUE,0,22,"raw","std"
"Int-UMAP","Int-Euclidean",0.908317319949012,0.0213790630975144,0.943432568105154,0.0156402495248458,0.552375,-0.03375,FALSE,0,22,"raw","std"
"Int-UMAP","Hausdorff",0.90805632568515,0.0203959528362013,0.942440715543621,0.0153242854006317,0.54875,-0.038875,FALSE,0,22,"raw","std"
"Int-UMAP","Ichino-Yaguchi",0.908353091140854,0.0211835564053537,0.943271611371186,0.015308497323595,0.551,-0.0435,FALSE,0,22,"raw","std"
"Int-UMAP","Wasserstein",0.908176784576163,0.0213742829827915,0.942961018907905,0.0156206285683481,0.550625,-0.041375,FALSE,0,22,"raw","std"
"Int-UMAP","Centers-Euclidean",0.908028043339707,0.0216583811344805,0.942754608838167,0.0160728390398754,0.54975,-0.04175,FALSE,0,22,"raw","std"
"C-PCA","Int-Euclidean",0.913624442319949,0.124989165073295,0.915073239899273,0.135257833753939,0.358625,0.113375,FALSE,0,23,"raw","std"
"C-PCA","Hausdorff",0.912436822817081,0.125182441045252,0.914691891103574,0.134220309279722,0.354625,0.099,FALSE,0,23,"raw","std"
"C-PCA","Ichino-Yaguchi",0.913250478011472,0.124742511153601,0.91511295351191,0.134350508829996,0.35825,0.10475,FALSE,0,23,"raw","std"
"C-PCA","Wasserstein",0.913274458253665,0.124631134480561,0.915095255392516,0.134339477199848,0.358125,0.1055,FALSE,0,23,"raw","std"
"C-PCA","Centers-Euclidean",0.913226019757807,0.124709209687699,0.915172227945739,0.134186576571182,0.357875,0.105125,FALSE,0,23,"raw","std"
"V-PCA","Int-Euclidean",0.913609066284258,0.125026927979605,0.915125366548153,0.135158036013287,0.3585,0.113375,FALSE,0,23,"raw","std"
"V-PCA","Hausdorff",0.912503266411727,0.125056564690886,0.914662705861068,0.134280748248698,0.354875,0.0995,FALSE,0,23,"raw","std"
"V-PCA","Ichino-Yaguchi",0.913208253664755,0.124827278521351,0.91510320210274,0.134369720781107,0.358125,0.104625,FALSE,0,23,"raw","std"
"V-PCA","Wasserstein",0.913173836838751,0.124835882727852,0.915046161951461,0.134439600780036,0.358,0.1055,FALSE,0,23,"raw","std"
"V-PCA","Centers-Euclidean",0.913222673677502,0.124718132568515,0.915180582808365,0.134171117745614,0.358,0.10525,FALSE,0,23,"raw","std"
"MR-PCA","Int-Euclidean",0.913497928616953,0.124356915232632,0.917170949622649,0.13069248535556,0.353125,0.10525,FALSE,0,23,"raw","std"
"MR-PCA","Hausdorff",0.912375398342893,0.124208731676227,0.915355685307076,0.132175319454957,0.346625,0.092875,FALSE,0,23,"raw","std"
"MR-PCA","Ichino-Yaguchi",0.912972912683238,0.123684831102613,0.916436950860157,0.130621398598822,0.34925,0.09475,FALSE,0,23,"raw","std"
"MR-PCA","Wasserstein",0.912910054174634,0.123805449330784,0.91630521178205,0.130957062153977,0.3495,0.094875,FALSE,0,23,"raw","std"
"MR-PCA","Centers-Euclidean",0.912987492033142,0.123651210962396,0.916363323173452,0.130856405885856,0.349875,0.096125,FALSE,0,23,"raw","std"
"SPCA","Int-Euclidean",0.91405011153601,0.123008763543658,0.918245924532152,0.128248124588756,0.354625,0.099,FALSE,0,23,"raw","std"
"SPCA","Hausdorff",0.913390216698534,0.122066602931804,0.917330720710139,0.128181747791328,0.351375,0.086875,FALSE,0,23,"raw","std"
"SPCA","Ichino-Yaguchi",0.914101736775016,0.121839547482473,0.91756261503543,0.128691374046557,0.35425,0.094,FALSE,0,23,"raw","std"
"SPCA","Wasserstein",0.914102533460803,0.121769757807521,0.91751290893928,0.128748452688697,0.354375,0.09375,FALSE,0,23,"raw","std"
"SPCA","Centers-Euclidean",0.914081819630338,0.121801306564691,0.917509558848241,0.128757006829494,0.354125,0.094,FALSE,0,23,"raw","std"
"IMDS","Int-Euclidean",0.598889021669853,-0.085656309751434,0.602506807764568,-0.0974109065572392,0.04925,-0.0025,TRUE,0,23,"raw","std"
"IMDS","Hausdorff",0.635951402166985,-0.0391826003824092,0.649395104278034,-0.0582076083190416,0.0595,-0.005,TRUE,0,23,"raw","std"
"IMDS","Ichino-Yaguchi",0.649818833652008,-0.0424372211599744,0.658940687992267,-0.0604072755362235,0.063375,-0.002875,TRUE,0,23,"raw","std"
"IMDS","Wasserstein",0.642194710006374,-0.0699015296367114,0.651029232732338,-0.0857505178460266,0.06325,-0.00525,TRUE,0,23,"raw","std"
"IMDS","Centers-Euclidean",0.635413081580625,-0.0918462396430848,0.643251762241715,-0.109447283385374,0.05925,-0.010375,TRUE,0,23,"raw","std"
"Int-UMAP","Int-Euclidean",0.881651768642447,0.0438226577437859,0.930134090539206,0.0271552624108611,0.53,-0.019625,FALSE,0,23,"raw","std"
"Int-UMAP","Hausdorff",0.879717017208413,0.0450003186743149,0.928594021595143,0.0270122122440262,0.520875,-0.031625,FALSE,0,23,"raw","std"
"Int-UMAP","Ichino-Yaguchi",0.881609623964309,0.0438435309114086,0.930143357347366,0.0265333140644456,0.531,-0.026875,FALSE,0,23,"raw","std"
"Int-UMAP","Wasserstein",0.8813465583174,0.0442393244104524,0.930059595475334,0.0265801402764791,0.528875,-0.026375,FALSE,0,23,"raw","std"
"Int-UMAP","Centers-Euclidean",0.881600940089229,0.0437123964308477,0.93008623818853,0.026516004052352,0.5295,-0.025125,FALSE,0,23,"raw","std"
"C-PCA","Int-Euclidean",0.918291586998088,0.121244104525175,0.918854598009547,0.130968624339599,0.372375,0.11,FALSE,0,24,"raw","std"
"C-PCA","Hausdorff",0.917655433397068,0.119795889101338,0.918911212202401,0.128468829908521,0.371,0.09175,FALSE,0,24,"raw","std"
"C-PCA","Ichino-Yaguchi",0.918307998725303,0.120075207138305,0.919413726284725,0.128726037572881,0.371875,0.099,FALSE,0,24,"raw","std"
"C-PCA","Wasserstein",0.91829023263225,0.120085245379222,0.919492010192807,0.128512602227889,0.371875,0.09775,FALSE,0,24,"raw","std"
"C-PCA","Centers-Euclidean",0.918308556405354,0.120076641172722,0.919462166020873,0.128593385696259,0.372,0.099375,FALSE,0,24,"raw","std"
"V-PCA","Int-Euclidean",0.918235500318674,0.121368387507967,0.918945764521056,0.130792585905205,0.372125,0.11,FALSE,0,24,"raw","std"
"V-PCA","Hausdorff",0.917600143403442,0.119914117272148,0.918898358493775,0.128497219957552,0.37075,0.091625,FALSE,0,24,"raw","std"
"V-PCA","Ichino-Yaguchi",0.918304015296367,0.120088910133843,0.919399454278486,0.128757110680184,0.372,0.0995,FALSE,0,24,"raw","std"
"V-PCA","Wasserstein",0.918246335245379,0.120181963033779,0.919527773001073,0.128449847409857,0.37175,0.09775,FALSE,0,24,"raw","std"
"V-PCA","Centers-Euclidean",0.918303776290631,0.120091618865519,0.919512179190932,0.128497176455415,0.372,0.099625,FALSE,0,24,"raw","std"
"MR-PCA","Int-Euclidean",0.914327836201402,0.125194550669216,0.917706501019059,0.130780766545185,0.362125,0.110125,FALSE,0,24,"raw","std"
"MR-PCA","Hausdorff",0.913900414276609,0.123522625876354,0.916265428651292,0.13117186291163,0.35475,0.08675,FALSE,0,24,"raw","std"
"MR-PCA","Ichino-Yaguchi",0.914033221797323,0.12424936265137,0.916724842245045,0.131091301858599,0.359625,0.08925,FALSE,0,24,"raw","std"
"MR-PCA","Wasserstein",0.914012746972594,0.124390376035691,0.917124204870499,0.130467166463571,0.360625,0.090125,FALSE,0,24,"raw","std"
"MR-PCA","Centers-Euclidean",0.914075366475462,0.124297960484385,0.917281133498505,0.130184249036257,0.36025,0.091625,FALSE,0,24,"raw","std"
"SPCA","Int-Euclidean",0.915161249203314,0.122831739961759,0.917163415862858,0.131204749034466,0.357875,0.10475,FALSE,0,24,"raw","std"
"SPCA","Hausdorff",0.914633285532186,0.121508763543658,0.916462506126551,0.130467256666532,0.35525,0.08975,FALSE,0,24,"raw","std"
"SPCA","Ichino-Yaguchi",0.914738448056087,0.12277166985341,0.917350420034457,0.129890790444065,0.3575,0.09325,FALSE,0,24,"raw","std"
"SPCA","Wasserstein",0.914755178457616,0.122711759082218,0.917335561389107,0.129866139872848,0.35775,0.09225,FALSE,0,24,"raw","std"
"SPCA","Centers-Euclidean",0.914740439770555,0.122773741236456,0.917359721068563,0.129840413476723,0.357625,0.09275,FALSE,0,24,"raw","std"
"IMDS","Int-Euclidean",0.582374840662843,-0.0733851179094964,0.583784601898297,-0.0827190008463298,0.033,-0.00125,TRUE,0,24,"raw","std"
"IMDS","Hausdorff",0.621166666666667,-0.0216341618865519,0.629233883652426,-0.0336204269657976,0.048125,0.00325,TRUE,0,24,"raw","std"
"IMDS","Ichino-Yaguchi",0.624313814531549,-0.0139322817080942,0.630650126322529,-0.0297456973827579,0.046875,0.000750000000000001,TRUE,0,24,"raw","std"
"IMDS","Wasserstein",0.617036169534736,-0.0367944550669215,0.624022194257172,-0.0484085137691087,0.048375,0.002625,TRUE,0,24,"raw","std"
"IMDS","Centers-Euclidean",0.607819471000637,-0.0524843849585724,0.612823320356902,-0.06314744891527,0.046125,-0.0035,TRUE,0,24,"raw","std"
"Int-UMAP","Int-Euclidean",0.887553776290631,0.0351620458891013,0.92979027779697,0.0232889362038602,0.519375,-0.022875,FALSE,0,24,"raw","std"
"Int-UMAP","Hausdorff",0.886928616953474,0.0357893562778839,0.92880804923026,0.0232322691260557,0.513,-0.028125,FALSE,0,24,"raw","std"
"Int-UMAP","Ichino-Yaguchi",0.88762930210325,0.0330422243467177,0.930492327012046,0.0200171835573523,0.518375,-0.028625,FALSE,0,24,"raw","std"
"Int-UMAP","Wasserstein",0.886924314850223,0.0343690248565967,0.929598848135916,0.0216494993159929,0.515375,-0.026,FALSE,0,24,"raw","std"
"Int-UMAP","Centers-Euclidean",0.88701051625239,0.0342294455066922,0.929355084231226,0.0221546032681876,0.516125,-0.025875,FALSE,0,24,"raw","std"
"C-PCA","Int-Euclidean",0.918142367750159,0.117986456341619,0.920184470385366,0.126271349100214,0.356125,0.10325,FALSE,0,25,"raw","std"
"C-PCA","Hausdorff",0.917352692797961,0.117038400254939,0.919513659436441,0.12544196060037,0.3555,0.093125,FALSE,0,25,"raw","std"
"C-PCA","Ichino-Yaguchi",0.917712396430848,0.117628425748885,0.919739790901434,0.126017335430989,0.357375,0.096375,FALSE,0,25,"raw","std"
"C-PCA","Wasserstein",0.91769494901211,0.117651210962397,0.91968651240553,0.126118839777535,0.35725,0.096625,FALSE,0,25,"raw","std"
"C-PCA","Centers-Euclidean",0.917726099426386,0.117599745060548,0.919725985796808,0.126040666224139,0.357375,0.0965,FALSE,0,25,"raw","std"
"V-PCA","Int-Euclidean",0.918096239643085,0.118073932441045,0.920003205083916,0.126628964388127,0.355875,0.103,FALSE,0,25,"raw","std"
"V-PCA","Hausdorff",0.917283142128744,0.117176226896112,0.919529565331765,0.125411469227527,0.3555,0.09325,FALSE,0,25,"raw","std"
"V-PCA","Ichino-Yaguchi",0.917717893562779,0.117626673040153,0.919681329573725,0.126134664959336,0.35725,0.096375,FALSE,0,25,"raw","std"
"V-PCA","Wasserstein",0.917730003186743,0.117590025493945,0.91959471457992,0.126303899574208,0.35725,0.096625,FALSE,0,25,"raw","std"
"V-PCA","Centers-Euclidean",0.917716937539834,0.117626991714468,0.919630879996199,0.126230739642099,0.35725,0.096375,FALSE,0,25,"raw","std"
"MR-PCA","Int-Euclidean",0.913950446144041,0.125229445506692,0.918365248015066,0.12929181698361,0.349375,0.110875,FALSE,0,25,"raw","std"
"MR-PCA","Hausdorff",0.913694471000637,0.123552421924793,0.917447163455953,0.129218680295289,0.348375,0.095625,FALSE,0,25,"raw","std"
"MR-PCA","Ichino-Yaguchi",0.913629222434672,0.124234862970045,0.917905203320458,0.128645082654913,0.34775,0.09975,FALSE,0,25,"raw","std"
"MR-PCA","Wasserstein",0.913780831739962,0.123977852135118,0.918004878018302,0.12855115130538,0.3475,0.100125,FALSE,0,25,"raw","std"
"MR-PCA","Centers-Euclidean",0.913815726577438,0.123907425111536,0.918223718610436,0.128102086635444,0.348125,0.09925,FALSE,0,25,"raw","std"
"SPCA","Int-Euclidean",0.914053696622052,0.124676545570427,0.917385347559044,0.130877079423472,0.3475,0.1055,FALSE,0,25,"raw","std"
"SPCA","Hausdorff",0.913325047801147,0.123911727214786,0.916509693683541,0.130687817832157,0.346125,0.09275,FALSE,0,25,"raw","std"
"SPCA","Ichino-Yaguchi",0.913614244741874,0.124394518801785,0.916887689509383,0.130802321854058,0.34725,0.097375,FALSE,0,25,"raw","std"
"SPCA","Wasserstein",0.913581182281708,0.124458731676227,0.916886618162637,0.130815222370129,0.347,0.097625,FALSE,0,25,"raw","std"
"SPCA","Centers-Euclidean",0.913602055449331,0.124417941363926,0.916955421910167,0.13066467341581,0.347125,0.09725,FALSE,0,25,"raw","std"
"IMDS","Int-Euclidean",0.582113687061823,-0.0776916826003824,0.590484185181944,-0.087317337512268,0.04075,-0.000499999999999997,TRUE,0,25,"raw","std"
"IMDS","Hausdorff",0.631617192479286,-0.0253032186105799,0.644168077500678,-0.0349035280403686,0.05975,-0.0025,TRUE,0,25,"raw","std"
"IMDS","Ichino-Yaguchi",0.638574410452518,-0.022270235818993,0.651142839949155,-0.0298331518185344,0.0565,-0.003125,TRUE,0,25,"raw","std"
"IMDS","Wasserstein",0.629781070745698,-0.0442380497131931,0.641409575008005,-0.0522012059986547,0.05875,0.001,TRUE,0,25,"raw","std"
"IMDS","Centers-Euclidean",0.622363926067559,-0.0766523263224983,0.635286609244699,-0.0893481906352352,0.055125,-0.004375,TRUE,0,25,"raw","std"
"Int-UMAP","Int-Euclidean",0.92556556724028,0.00119136392606756,0.956164875274255,0.00101394098483038,0.5915,-0.0395,FALSE,0,25,"raw","std"
"Int-UMAP","Hausdorff",0.924652884002549,0.00241985340981521,0.95507234053524,0.0015829917989089,0.583875,-0.04525,FALSE,0,25,"raw","std"
"Int-UMAP","Ichino-Yaguchi",0.92548573932441,0.00173151688973872,0.95621252685404,0.000559013762199585,0.589,-0.049125,FALSE,0,25,"raw","std"
"Int-UMAP","Wasserstein",0.925440328234544,0.00182520713830459,0.95604707713833,0.000960491572441893,0.58875,-0.04675,FALSE,0,25,"raw","std"
"Int-UMAP","Centers-Euclidean",0.925435468451243,0.00183301465901853,0.956040971058967,0.000942630533279906,0.58925,-0.04725,FALSE,0,25,"raw","std"
"C-PCA","Int-Euclidean",0.920567797960484,0.11964292543021,0.922765157679893,0.125000935295945,0.37375,0.11225,FALSE,0,26,"raw","std"
"C-PCA","Hausdorff",0.919409974506055,0.119688336520076,0.921784047054129,0.124998237523715,0.368,0.098875,FALSE,0,26,"raw","std"
"C-PCA","Ichino-Yaguchi",0.919994741873805,0.119767686424474,0.922254267836857,0.125043610252584,0.37125,0.098875,FALSE,0,26,"raw","std"
"C-PCA","Wasserstein",0.919915551306565,0.119921924792862,0.922356058572471,0.124808351548787,0.371125,0.098375,FALSE,0,26,"raw","std"
"C-PCA","Centers-Euclidean",0.919984066284258,0.11978840025494,0.922233448652381,0.125057045162554,0.371125,0.0985,FALSE,0,26,"raw","std"
"V-PCA","Int-Euclidean",0.920565885914595,0.119660452517527,0.92277316217972,0.124994384599152,0.37375,0.112375,FALSE,0,26,"raw","std"
"V-PCA","Hausdorff",0.919435468451243,0.119642766093053,0.921762764166727,0.125047780273606,0.368375,0.099125,FALSE,0,26,"raw","std"
"V-PCA","Ichino-Yaguchi",0.920033221797323,0.119700286806883,0.922325698985513,0.124906847210771,0.3715,0.099375,FALSE,0,26,"raw","std"
"V-PCA","Wasserstein",0.920010834926705,0.119739961759082,0.922411832576993,0.124702975298804,0.371375,0.098625,FALSE,0,26,"raw","std"
"V-PCA","Centers-Euclidean",0.919977214786488,0.119811982154238,0.922278382521456,0.124972951266859,0.37125,0.099,FALSE,0,26,"raw","std"
"MR-PCA","Int-Euclidean",0.912085643722116,0.128841459528362,0.915899791697267,0.133931282787603,0.345625,0.103125,FALSE,0,26,"raw","std"
"MR-PCA","Hausdorff",0.910841300191205,0.12871223709369,0.915891355161512,0.131657480465408,0.34125,0.0855,FALSE,0,26,"raw","std"
"MR-PCA","Ichino-Yaguchi",0.911566443594646,0.128347992351816,0.91529858683308,0.133598207396353,0.342375,0.089625,FALSE,0,26,"raw","std"
"MR-PCA","Wasserstein",0.911557042702358,0.128400254939452,0.915542378353098,0.133144116736876,0.342625,0.089375,FALSE,0,26,"raw","std"
"MR-PCA","Centers-Euclidean",0.911483588272785,0.12853154875717,0.915474359136754,0.133259319351917,0.342,0.089875,FALSE,0,26,"raw","std"
"SPCA","Int-Euclidean",0.911831580624602,0.128942957297642,0.915918324673849,0.133497221023781,0.34525,0.0995,FALSE,0,26,"raw","std"
"SPCA","Hausdorff",0.911186982154238,0.12793196303378,0.915344269834543,0.13269843990248,0.344,0.091,FALSE,0,26,"raw","std"
"SPCA","Ichino-Yaguchi",0.911098629700446,0.129376991714468,0.916077433633225,0.132201208131112,0.3435,0.0915,FALSE,0,26,"raw","std"
"SPCA","Wasserstein",0.911164674952199,0.129251274697259,0.916090877392895,0.132153616580012,0.34375,0.09075,FALSE,0,26,"raw","std"
"SPCA","Centers-Euclidean",0.911105162523901,0.129365838113448,0.916065933608744,0.132190704710736,0.3435,0.091125,FALSE,0,26,"raw","std"
"IMDS","Int-Euclidean",0.586249521988528,-0.0750732950924156,0.589554246823619,-0.0814383090224627,0.036,-0.000125,TRUE,0,26,"raw","std"
"IMDS","Hausdorff",0.638466618865519,-0.0426808476736774,0.646995769928969,-0.0512974810897917,0.057375,-0.002375,TRUE,0,26,"raw","std"
"IMDS","Ichino-Yaguchi",0.643756771829191,-0.0415954429572976,0.65111333686383,-0.0515319488650293,0.056875,-0.002125,TRUE,0,26,"raw","std"
"IMDS","Wasserstein",0.634057839388145,-0.0610946462715105,0.641349751253075,-0.0670839992998715,0.05675,-0.000875000000000001,TRUE,0,26,"raw","std"
"IMDS","Centers-Euclidean",0.617827278521351,-0.0762609942638623,0.626139633585765,-0.0908261810702242,0.0475,-0.003375,TRUE,0,26,"raw","std"
"Int-UMAP","Int-Euclidean",0.87557735818993,0.0080039834289356,0.922052358319084,0.0118214059003569,0.52475,-0.022625,FALSE,0,26,"raw","std"
"Int-UMAP","Hausdorff",0.875686663479924,0.0056419694072658,0.922353876108643,0.00871662938277631,0.519125,-0.030375,FALSE,0,26,"raw","std"
"Int-UMAP","Ichino-Yaguchi",0.875486297004461,0.00665105162523894,0.923108355634576,0.00846784791175241,0.524125,-0.03025,FALSE,0,26,"raw","std"
"Int-UMAP","Wasserstein",0.875054732313576,0.00726434034416823,0.922490486253239,0.00947765363462061,0.523875,-0.02875,FALSE,0,26,"raw","std"
"Int-UMAP","Centers-Euclidean",0.874627390057361,0.00826593371574258,0.922083830942336,0.0103621218107602,0.52375,-0.02825,FALSE,0,26,"raw","std"
"C-PCA","Int-Euclidean",0.911967256214149,0.129113926067559,0.915548243358119,0.134364917420149,0.343375,0.099875,FALSE,0,27,"raw","std"
"C-PCA","Hausdorff",0.911078712555768,0.12805321861058,0.914274513902003,0.134439141661894,0.342,0.08225,FALSE,0,27,"raw","std"
"C-PCA","Ichino-Yaguchi",0.911383604206501,0.128993467176546,0.915014748930402,0.134189219965741,0.34175,0.09075,FALSE,0,27,"raw","std"
"C-PCA","Wasserstein",0.9114195347355,0.128901529636711,0.915075409674978,0.134037873472243,0.3415,0.090375,FALSE,0,27,"raw","std"
"C-PCA","Centers-Euclidean",0.911380258126195,0.128995379222435,0.915022739995745,0.134134151164979,0.341625,0.08975,FALSE,0,27,"raw","std"
"V-PCA","Int-Euclidean",0.911957775653282,0.1291373486297,0.915611046582941,0.134242792420938,0.343125,0.099375,FALSE,0,27,"raw","std"
"V-PCA","Hausdorff",0.911098072020395,0.128015137029955,0.914251043113006,0.13448609176972,0.341875,0.082,FALSE,0,27,"raw","std"
"V-PCA","Ichino-Yaguchi",0.911457058636074,0.128849107711918,0.915021962714915,0.134174886651344,0.341875,0.09075,FALSE,0,27,"raw","std"
"V-PCA","Wasserstein",0.911452198852772,0.128843530911409,0.915038397033257,0.134116584191733,0.341375,0.090125,FALSE,0,27,"raw","std"
"V-PCA","Centers-Euclidean",0.911414834289356,0.128928457616316,0.914952899873776,0.134272900377889,0.341625,0.08975,FALSE,0,27,"raw","std"
"MR-PCA","Int-Euclidean",0.911623884639898,0.129142606755896,0.917303503299594,0.130529955614173,0.346375,0.09875,FALSE,0,27,"raw","std"
"MR-PCA","Hausdorff",0.91205258126195,0.125931166347992,0.916931357658193,0.129092828399765,0.34925,0.093625,FALSE,0,27,"raw","std"
"MR-PCA","Ichino-Yaguchi",0.911173518164436,0.128550669216061,0.917256449127833,0.129091333120429,0.342,0.0855,FALSE,0,27,"raw","std"
"MR-PCA","Wasserstein",0.91146534416826,0.128013224984066,0.917106015859344,0.129497755460329,0.342625,0.089875,FALSE,0,27,"raw","std"
"MR-PCA","Centers-Euclidean",0.911321462715105,0.128307042702358,0.917079706022794,0.129532675734559,0.3425,0.088125,FALSE,0,27,"raw","std"
"SPCA","Int-Euclidean",0.912528840025494,0.127162842574889,0.916428677457414,0.132152735448493,0.347375,0.10025,FALSE,0,27,"raw","std"
"SPCA","Hausdorff",0.911815248565966,0.1263873486297,0.916055983134648,0.130839492510894,0.344375,0.089125,FALSE,0,27,"raw","std"
"SPCA","Ichino-Yaguchi",0.911867750159337,0.127462715105162,0.916386741077498,0.131173546060489,0.34475,0.0915,FALSE,0,27,"raw","std"
"SPCA","Wasserstein",0.911817001274697,0.12754700446144,0.916419419392331,0.131078160161562,0.34475,0.0925,FALSE,0,27,"raw","std"
"SPCA","Centers-Euclidean",0.911865041427661,0.127458253664755,0.916370823240411,0.131158593480377,0.34475,0.091375,FALSE,0,27,"raw","std"
"IMDS","Int-Euclidean",0.576222195666029,-0.0643857552581262,0.579547397369502,-0.0801507749948351,0.036,-0.003,TRUE,0,27,"raw","std"
"IMDS","Hausdorff",0.614437619502868,-0.0232021988527724,0.623881468362602,-0.0431531308487983,0.048625,-0.003875,TRUE,0,27,"raw","std"
"IMDS","Ichino-Yaguchi",0.624846000637349,-0.0245954429572977,0.633441450644437,-0.0453157508784446,0.05275,0.0015,TRUE,0,27,"raw","std"
"IMDS","Wasserstein",0.615973231357553,-0.0443661567877629,0.622674763971052,-0.0662870412166541,0.052375,0.001375,TRUE,0,27,"raw","std"
"IMDS","Centers-Euclidean",0.613730879541109,-0.0812488846398981,0.618818889365706,-0.104971157869937,0.05,-0.002,TRUE,0,27,"raw","std"
"Int-UMAP","Int-Euclidean",0.804632648183556,0.00705019120458894,0.880025777468486,0.00879317757691732,0.470875,-0.0135,FALSE,0,27,"raw","std"
"Int-UMAP","Hausdorff",0.803602294455067,0.00681931166348004,0.877749181413465,0.00770651466678811,0.46875,-0.027625,FALSE,0,27,"raw","std"
"Int-UMAP","Ichino-Yaguchi",0.804720363288719,0.00620140216698528,0.880219895518956,0.00692899073677437,0.47075,-0.024125,FALSE,0,27,"raw","std"
"Int-UMAP","Wasserstein",0.804352533460803,0.00640774378585096,0.879437578037289,0.00771870507444751,0.47,-0.020375,FALSE,0,27,"raw","std"
"Int-UMAP","Centers-Euclidean",0.80495976736775,0.00529142766093049,0.879812314934659,0.00718510338410801,0.4695,-0.019375,FALSE,0,27,"raw","std"
"C-PCA","Int-Euclidean",0.920544455066922,0.112644359464627,0.924542707455294,0.116936591029245,0.354375,0.089125,FALSE,0,28,"raw","std"
"C-PCA","Hausdorff",0.920281230082855,0.110694391332059,0.923575277398627,0.116734717443385,0.353375,0.073375,FALSE,0,28,"raw","std"
"C-PCA","Ichino-Yaguchi",0.920356755895475,0.111689611217336,0.923998805247927,0.116940751667454,0.35475,0.07825,FALSE,0,28,"raw","std"
"C-PCA","Wasserstein",0.920346876991714,0.111695028680688,0.923962980065274,0.116988768004127,0.354625,0.078125,FALSE,0,28,"raw","std"
"C-PCA","Centers-Euclidean",0.920350541746335,0.111698215423837,0.924037683896754,0.11685601099734,0.354625,0.077875,FALSE,0,28,"raw","std"
"V-PCA","Int-Euclidean",0.920552182919057,0.112628585086042,0.924558975548558,0.11690448517268,0.354375,0.089,FALSE,0,28,"raw","std"
"V-PCA","Hausdorff",0.920264420012747,0.110728648820905,0.923565842979292,0.116757112940589,0.35325,0.073375,FALSE,0,28,"raw","std"
"V-PCA","Ichino-Yaguchi",0.920353808158062,0.111700924155513,0.923971261891224,0.116998239101734,0.35475,0.078375,FALSE,0,28,"raw","std"
"V-PCA","Wasserstein",0.920363129381772,0.111669853409815,0.923937260386391,0.117042413602624,0.354625,0.0785,FALSE,0,28,"raw","std"
"V-PCA","Centers-Euclidean",0.920347833014659,0.111708731676227,0.924009389275205,0.11691683231598,0.354625,0.078,FALSE,0,28,"raw","std"
"MR-PCA","Int-Euclidean",0.920499203314213,0.113248565965583,0.921703690503791,0.122722690211388,0.35025,0.102375,FALSE,0,28,"raw","std"
"MR-PCA","Hausdorff",0.918636392606756,0.115188017845762,0.9206587763173,0.123084852112353,0.344875,0.09425,FALSE,0,28,"raw","std"
"MR-PCA","Ichino-Yaguchi",0.919733827278521,0.112713033779477,0.921374227922367,0.121544166568147,0.347375,0.091125,FALSE,0,28,"raw","std"
"MR-PCA","Wasserstein",0.919528521351179,0.11342447418738,0.920987295819308,0.122783173108992,0.348625,0.094875,FALSE,0,28,"raw","std"
"MR-PCA","Centers-Euclidean",0.919603648820905,0.113310229445507,0.921841394385938,0.121203704343441,0.347625,0.091125,FALSE,0,28,"raw","std"
"SPCA","Int-Euclidean",0.920397147864882,0.113010675589548,0.922552716060187,0.120829633519232,0.352375,0.100125,FALSE,0,28,"raw","std"
"SPCA","Hausdorff",0.919478091140854,0.112766252390057,0.921753915426898,0.120593803103528,0.348,0.087375,FALSE,0,28,"raw","std"
"SPCA","Ichino-Yaguchi",0.919716300191205,0.113171287444232,0.92226443550177,0.120411002645783,0.350125,0.091625,FALSE,0,28,"raw","std"
"SPCA","Wasserstein",0.919661089866157,0.113256532823454,0.922248505509674,0.120418266009938,0.35,0.090875,FALSE,0,28,"raw","std"
"SPCA","Centers-Euclidean",0.919711998087954,0.113171924792862,0.922289494438636,0.120355823596958,0.35,0.09125,FALSE,0,28,"raw","std"
"IMDS","Int-Euclidean",0.593223789037604,-0.0767716698534099,0.601454919908301,-0.0833755229426006,0.0385,0.00275,TRUE,0,28,"raw","std"
"IMDS","Hausdorff",0.637317797960484,-0.0379249521988527,0.647528289503651,-0.0443023393828599,0.053875,0.00225,TRUE,0,28,"raw","std"
"IMDS","Ichino-Yaguchi",0.644744662205226,-0.0395900254939452,0.6551855058002,-0.046120455327485,0.055125,0.003375,TRUE,0,28,"raw","std"
"IMDS","Wasserstein",0.635081819630338,-0.0571295411089866,0.646289615519584,-0.0627863024906594,0.054875,0.00275,TRUE,0,28,"raw","std"
"IMDS","Centers-Euclidean",0.625204907584449,-0.0832065009560229,0.636793017450669,-0.0894599092408946,0.052125,-0.002875,TRUE,0,28,"raw","std"
"Int-UMAP","Int-Euclidean",0.884078473550032,0.0254230401529637,0.931378258800525,0.014279615700416,0.52825,-0.033625,FALSE,0,28,"raw","std"
"Int-UMAP","Hausdorff",0.882878346080306,0.0260877947737412,0.930566979024805,0.0135040299612012,0.523,-0.0375,FALSE,0,28,"raw","std"
"Int-UMAP","Ichino-Yaguchi",0.883747291268324,0.0246873804971319,0.93149019385064,0.0127010429935885,0.526875,-0.038375,FALSE,0,28,"raw","std"
"Int-UMAP","Wasserstein",0.88355011153601,0.0250285213511791,0.931149502386732,0.0132220527344846,0.525875,-0.038125,FALSE,0,28,"raw","std"
"Int-UMAP","Centers-Euclidean",0.883742670490758,0.0246274697259401,0.93131144005124,0.0129278646285148,0.52575,-0.038,FALSE,0,28,"raw","std"
"C-PCA","Int-Euclidean",0.919713113448056,0.113269120458891,0.921632204337726,0.121923590500907,0.34825,0.091125,FALSE,0,29,"raw","std"
"C-PCA","Hausdorff",0.918603409815169,0.112653601019758,0.920570021402198,0.121729105241223,0.34325,0.0765,FALSE,0,29,"raw","std"
"C-PCA","Ichino-Yaguchi",0.919625398342893,0.112148820905035,0.921239409895218,0.121514783860059,0.346125,0.081625,FALSE,0,29,"raw","std"
"C-PCA","Wasserstein",0.919572100063735,0.112204429572976,0.921231243221983,0.121487981425782,0.34625,0.080875,FALSE,0,29,"raw","std"
"C-PCA","Centers-Euclidean",0.919612412364563,0.112135595920969,0.921273529218338,0.121408491932742,0.345875,0.08125,FALSE,0,29,"raw","std"
"V-PCA","Int-Euclidean",0.91970482791587,0.113297163798598,0.921691667280815,0.121812250619735,0.34825,0.09125,FALSE,0,29,"raw","std"
"V-PCA","Hausdorff",0.918558954748247,0.112745697896749,0.920622984400987,0.121624338447649,0.343125,0.07625,FALSE,0,29,"raw","std"
"V-PCA","Ichino-Yaguchi",0.919616395793499,0.11217447418738,0.921267582433564,0.121464245892161,0.34625,0.0815,FALSE,0,29,"raw","std"
"V-PCA","Wasserstein",0.919595761631612,0.112162523900574,0.92122302558301,0.121510591021739,0.346375,0.081125,FALSE,0,29,"raw","std"
"V-PCA","Centers-Euclidean",0.919606596558317,0.112154557042702,0.921264189586748,0.121432440498886,0.346,0.081125,FALSE,0,29,"raw","std"
"MR-PCA","Int-Euclidean",0.915935309114085,0.119347355003187,0.919588795517096,0.125259846154266,0.344,0.097875,FALSE,0,29,"raw","std"
"MR-PCA","Hausdorff",0.915665710643722,0.116746016571064,0.918628166721002,0.124541344175089,0.341875,0.08625,FALSE,0,29,"raw","std"
"MR-PCA","Ichino-Yaguchi",0.91525493945188,0.118817718291906,0.919018985334833,0.124708386623451,0.3395,0.087125,FALSE,0,29,"raw","std"
"MR-PCA","Wasserstein",0.9152017208413,0.118875079668579,0.9192081283615,0.124318059008005,0.33975,0.086625,FALSE,0,29,"raw","std"
"MR-PCA","Centers-Euclidean",0.915193514977693,0.11891029318037,0.919123485144703,0.124499111063685,0.339625,0.087125,FALSE,0,29,"raw","std"
"SPCA","Int-Euclidean",0.916312221159975,0.118152485659656,0.918704520115132,0.126589141806901,0.342625,0.09625,FALSE,0,29,"raw","std"
"SPCA","Hausdorff",0.915243706182282,0.117411567877629,0.917485939533565,0.126708225494948,0.339625,0.085125,FALSE,0,29,"raw","std"
"SPCA","Ichino-Yaguchi",0.915917463352454,0.117545570427024,0.918354000047085,0.126055229630721,0.34125,0.08825,FALSE,0,29,"raw","std"
"SPCA","Wasserstein",0.915917861695347,0.117480082855322,0.918355078857433,0.126010273157595,0.341125,0.087,FALSE,0,29,"raw","std"
"SPCA","Centers-Euclidean",0.915905752071383,0.117524378585086,0.918308942921955,0.12611165403484,0.341125,0.08775,FALSE,0,29,"raw","std"
"IMDS","Int-Euclidean",0.58236201402167,-0.0640732950924154,0.590585264636294,-0.0751793066390573,0.0355,0.000750000000000001,TRUE,0,29,"raw","std"
"IMDS","Hausdorff",0.623313017845762,-0.0113000318674314,0.635922843671573,-0.0254459301703697,0.054125,-0.00325,TRUE,0,29,"raw","std"
"IMDS","Ichino-Yaguchi",0.630164037603569,0.000630178457616259,0.641997375243122,-0.0115405684722783,0.055125,-0.00775,TRUE,0,29,"raw","std"
"IMDS","Wasserstein",0.621055449330784,-0.0276328871892926,0.632910332307707,-0.0410954467166208,0.053875,-0.00425,TRUE,0,29,"raw","std"
"IMDS","Centers-Euclidean",0.612215583173996,-0.053353091140854,0.622574892020872,-0.0579303459562887,0.048875,-0.0025,TRUE,0,29,"raw","std"
"Int-UMAP","Int-Euclidean",0.877425589547483,0.0292635436583811,0.926404779110649,0.0190695690439476,0.538625,-0.029125,FALSE,0,29,"raw","std"
"Int-UMAP","Hausdorff",0.877388463989802,0.0273209050350541,0.925499863544032,0.0175829997316515,0.5335,-0.037125,FALSE,0,29,"raw","std"
"Int-UMAP","Ichino-Yaguchi",0.877271829190567,0.0290254939451879,0.926348846557898,0.0180098503765323,0.537375,-0.039375,FALSE,0,29,"raw","std"
"Int-UMAP","Wasserstein",0.877151848311026,0.0289031230082856,0.926257152476355,0.0178961765204125,0.536625,-0.039,FALSE,0,29,"raw","std"
"Int-UMAP","Centers-Euclidean",0.877169614404079,0.0289813575525812,0.926192740738694,0.0180530929934093,0.53625,-0.037375,FALSE,0,29,"raw","std"
"C-PCA","Int-Euclidean",0.918799792861695,0.117557202039516,0.924211544025613,0.11880008823257,0.36175,0.091125,FALSE,0,30,"raw","std"
"C-PCA","Hausdorff",0.917965184831103,0.11698454429573,0.92376398636353,0.117774549236828,0.355625,0.077375,FALSE,0,30,"raw","std"
"C-PCA","Ichino-Yaguchi",0.919212077756533,0.116153919694073,0.924725675737459,0.117059580953297,0.362,0.082625,FALSE,0,30,"raw","std"
"C-PCA","Wasserstein",0.919182600382409,0.116224346717655,0.924647988597663,0.117205854329938,0.362125,0.082,FALSE,0,30,"raw","std"
"C-PCA","Centers-Euclidean",0.91921351179095,0.11614913957935,0.924719222493983,0.11705000707123,0.362,0.082125,FALSE,0,30,"raw","std"
"V-PCA","Int-Euclidean",0.918844725940089,0.117471797323136,0.924288435225574,0.118644859173347,0.36175,0.091125,FALSE,0,30,"raw","std"
"V-PCA","Hausdorff",0.917863607393244,0.117189611217336,0.92366335525841,0.117973308794716,0.355375,0.07725,FALSE,0,30,"raw","std"
"V-PCA","Ichino-Yaguchi",0.919219885277247,0.116144678138942,0.924741449100538,0.117034879842833,0.362125,0.082375,FALSE,0,30,"raw","std"
"V-PCA","Wasserstein",0.91919988846399,0.116196462715105,0.924664922550842,0.117175093414442,0.362125,0.081875,FALSE,0,30,"raw","std"
"V-PCA","Centers-Euclidean",0.91921908859146,0.116144040790312,0.924744652158619,0.117005984401328,0.362125,0.081875,FALSE,0,30,"raw","std"
"MR-PCA","Int-Euclidean",0.917721478648821,0.117568196303378,0.921282738236894,0.123229310980741,0.354,0.097875,FALSE,0,30,"raw","std"
"MR-PCA","Hausdorff",0.916295012746973,0.117661089866157,0.919854511367791,0.123701337955137,0.344875,0.081625,FALSE,0,30,"raw","std"
"MR-PCA","Ichino-Yaguchi",0.917347514340344,0.11723454429573,0.920910559115907,0.122781947372309,0.3505,0.086625,FALSE,0,30,"raw","std"
"MR-PCA","Wasserstein",0.917355321861058,0.117235818992989,0.920869133992723,0.122846779630628,0.350875,0.087,FALSE,0,30,"raw","std"
"MR-PCA","Centers-Euclidean",0.917351816443595,0.117226577437858,0.920804881976143,0.12296436846583,0.35075,0.087125,FALSE,0,30,"raw","std"
"SPCA","Int-Euclidean",0.918127310388783,0.11608413001912,0.920764935499126,0.123746725824455,0.35225,0.096875,FALSE,0,30,"raw","std"
"SPCA","Hausdorff",0.917557998725303,0.114942001274697,0.919775027525764,0.123739063050974,0.348875,0.086125,FALSE,0,30,"raw","std"
"SPCA","Ichino-Yaguchi",0.917859862970045,0.116060070108349,0.920523454283775,0.123483119934027,0.35175,0.08675,FALSE,0,30,"raw","std"
"SPCA","Wasserstein",0.917860579987253,0.11607361376673,0.920341741272832,0.123829605711984,0.351875,0.086625,FALSE,0,30,"raw","std"
"SPCA","Centers-Euclidean",0.917830385595921,0.116116794136393,0.920453909080704,0.123593148353717,0.351625,0.086,FALSE,0,30,"raw","std"
"IMDS","Int-Euclidean",0.55823079987253,-0.0342174952198853,0.571174327712857,-0.0540389215752005,0.034875,-0.000750000000000001,TRUE,0,30,"raw","std"
"IMDS","Hausdorff",0.593546287444232,0.00251577437858508,0.610677872689205,-0.0207943571245667,0.044625,0.002,TRUE,0,30,"raw","std"
"IMDS","Ichino-Yaguchi",0.601697817080943,0.0131311344805609,0.61672672819063,-0.00419812596205832,0.047375,-0.000125,TRUE,0,30,"raw","std"
"IMDS","Wasserstein",0.595484783301466,-0.0121607711918419,0.612720023039926,-0.0374763431540688,0.046625,-0.001875,TRUE,0,30,"raw","std"
"IMDS","Centers-Euclidean",0.593164117272148,-0.0521513702995539,0.613591911101762,-0.0849897130240793,0.043625,-0.00775,TRUE,0,30,"raw","std"
"Int-UMAP","Int-Euclidean",0.78552477692798,0.00747594008922881,0.864667085715928,0.00713497804677451,0.450875,-0.01625,FALSE,0,30,"raw","std"
"Int-UMAP","Hausdorff",0.783343610579987,0.00321749521988535,0.861340431986456,0.000270971399306819,0.447,-0.030125,FALSE,0,30,"raw","std"
"Int-UMAP","Ichino-Yaguchi",0.785502947737412,0.00808014659018474,0.864904424418961,0.00598556970142691,0.4515,-0.029875,FALSE,0,30,"raw","std"
"Int-UMAP","Wasserstein",0.784586360739324,0.00651370299553866,0.863830051395642,0.00422692906814498,0.450375,-0.02825,FALSE,0,30,"raw","std"
"Int-UMAP","Centers-Euclidean",0.785128027405991,0.006273263224984,0.864136783790626,0.00445530569122254,0.449625,-0.026375,FALSE,0,30,"raw","std"
"C-PCA","Int-Euclidean",0.918439292543021,0.121923199490121,0.921486548200965,0.127006276334786,0.3905,0.117625,FALSE,0,31,"raw","std"
"C-PCA","Hausdorff",0.91741642766093,0.121293658381134,0.920910633965172,0.125909067355126,0.38625,0.094625,FALSE,0,31,"raw","std"
"C-PCA","Ichino-Yaguchi",0.918216539196941,0.12102230720204,0.921506693208941,0.125818730049792,0.388375,0.1035,TRUE,0,31,"raw","std"
"C-PCA","Wasserstein",0.918151370299554,0.121098789037604,0.921441220253708,0.125896199465657,0.388375,0.104625,FALSE,0,31,"raw","std"
"C-PCA","Centers-Euclidean",0.918180289993627,0.121036169534736,0.921526278446772,0.125730349700884,0.388,0.103875,TRUE,0,31,"raw","std"
"V-PCA","Int-Euclidean",0.918326242829828,0.122162683237731,0.921424462761403,0.127139464524519,0.390625,0.117375,FALSE,0,31,"raw","std"
"V-PCA","Hausdorff",0.917508922880816,0.12111759082218,0.921036381583515,0.125667153250864,0.386625,0.09475,FALSE,0,31,"raw","std"
"V-PCA","Ichino-Yaguchi",0.918261631612492,0.120943275971957,0.921529313787055,0.12578034943646,0.388625,0.10425,FALSE,0,31,"raw","std"
"V-PCA","Wasserstein",0.918192877629063,0.121028521351179,0.921394495226792,0.125997966957483,0.3885,0.104875,FALSE,0,31,"raw","std"
"V-PCA","Centers-Euclidean",0.918232950924156,0.120942638623327,0.921518823907785,0.125753855142319,0.38825,0.104625,FALSE,0,31,"raw","std"
"MR-PCA","Int-Euclidean",0.909381134480561,0.133373486297005,0.914449481949257,0.136480920645108,0.355375,0.11425,FALSE,0,31,"raw","std"
"MR-PCA","Hausdorff",0.908394757807521,0.132882249840663,0.91273108484435,0.137529882982663,0.34575,0.098875,FALSE,0,31,"raw","std"
"MR-PCA","Ichino-Yaguchi",0.908508285532186,0.133325685149777,0.914042575434838,0.135614982246863,0.349,0.10125,FALSE,0,31,"raw","std"
"MR-PCA","Wasserstein",0.908606038878266,0.133189770554493,0.914295426488127,0.135250204886535,0.350625,0.1035,FALSE,0,31,"raw","std"
"MR-PCA","Centers-Euclidean",0.908578792224347,0.133226736775016,0.914818778947047,0.134200491923871,0.350375,0.1,FALSE,0,31,"raw","std"
"SPCA","Int-Euclidean",0.909973151688974,0.131941523263225,0.914524550111135,0.13602266337654,0.35525,0.113875,FALSE,0,31,"raw","std"
"SPCA","Hausdorff",0.909228808158063,0.130926067558955,0.913896668201183,0.135130600878811,0.350125,0.102125,FALSE,0,31,"raw","std"
"SPCA","Ichino-Yaguchi",0.909832138304653,0.130964467813894,0.914340485425846,0.135276166066252,0.3525,0.1035,FALSE,0,31,"raw","std"
"SPCA","Wasserstein",0.90983166029318,0.130898820905035,0.914272789063597,0.13536487502689,0.35275,0.104125,FALSE,0,31,"raw","std"
"SPCA","Centers-Euclidean",0.909834369024857,0.130883524537922,0.914240102965293,0.135420756933772,0.3525,0.1035,FALSE,0,31,"raw","std"
"IMDS","Int-Euclidean",0.598483827278521,-0.0956241236456341,0.60023509695688,-0.102210989501314,0.04075,-0.001625,TRUE,0,31,"raw","std"
"IMDS","Hausdorff",0.63930321861058,-0.0455137029955386,0.647041880808068,-0.0497646690058874,0.055125,0.003375,TRUE,0,31,"raw","std"
"IMDS","Ichino-Yaguchi",0.647576959847036,-0.0427208413001912,0.65432213562738,-0.0418598634954121,0.053,0.003875,TRUE,0,31,"raw","std"
"IMDS","Wasserstein",0.636970602294455,-0.0672987571701721,0.643969352381981,-0.0687339191365218,0.054125,0.001625,TRUE,0,31,"raw","std"
"IMDS","Centers-Euclidean",0.626604047163799,-0.0845121096239643,0.63572036862602,-0.0952040879299312,0.05375,-0.0015,TRUE,0,31,"raw","std"
"Int-UMAP","Int-Euclidean",0.829923597833015,0.0315062141491396,0.893842802639676,0.0253298617775041,0.488875,-0.013125,FALSE,0,31,"raw","std"
"Int-UMAP","Hausdorff",0.82868315806246,0.0316320905035055,0.892580772806081,0.0234566311842766,0.48525,-0.023375,FALSE,0,31,"raw","std"
"Int-UMAP","Ichino-Yaguchi",0.831341140854047,0.0311864244741874,0.895718943824411,0.0229840073349721,0.4905,-0.019875,FALSE,0,31,"raw","std"
"Int-UMAP","Wasserstein",0.830014659018483,0.0313390694710006,0.894457981605761,0.0236837065816686,0.4895,-0.021,FALSE,0,31,"raw","std"
"Int-UMAP","Centers-Euclidean",0.830229286169535,0.031491395793499,0.894438009220235,0.024132312559954,0.489625,-0.019,FALSE,0,31,"raw","std"
"C-PCA","Int-Euclidean",0.920244821542384,0.116407106437221,0.923413591470749,0.121725294965813,0.364875,0.101125,FALSE,0,32,"raw","std"
"C-PCA","Hausdorff",0.919102533460803,0.116292383683875,0.922522332696326,0.121536827928235,0.36125,0.0835,FALSE,0,32,"raw","std"
"C-PCA","Ichino-Yaguchi",0.920113129381772,0.115426704907584,0.923447234722689,0.120594637960715,0.365,0.08975,FALSE,0,32,"raw","std"
"C-PCA","Wasserstein",0.920092574888464,0.115414276609305,0.923489734604551,0.120483037919704,0.365125,0.0895,FALSE,0,32,"raw","std"
"C-PCA","Centers-Euclidean",0.920085325047801,0.115426545570427,0.923457328924434,0.120537733753615,0.364875,0.089375,FALSE,0,32,"raw","std"
"V-PCA","Int-Euclidean",0.920155991077119,0.116582536647546,0.923331332128409,0.121888006605842,0.364625,0.101,FALSE,0,32,"raw","std"
"V-PCA","Hausdorff",0.919173757170172,0.116163320586361,0.922498651753622,0.121590365411127,0.36125,0.08375,FALSE,0,32,"raw","std"
"V-PCA","Ichino-Yaguchi",0.920205305927342,0.115250318674315,0.923469046033108,0.120557123125207,0.36475,0.089125,FALSE,0,32,"raw","std"
"V-PCA","Wasserstein",0.920100621414914,0.115409974506055,0.923486587630108,0.120495845673866,0.365125,0.08925,FALSE,0,32,"raw","std"
"V-PCA","Centers-Euclidean",0.920205066921606,0.115194710006373,0.923496568491726,0.12046570573005,0.364875,0.089,FALSE,0,32,"raw","std"
"MR-PCA","Int-Euclidean",0.914466300191205,0.124184353091141,0.918181208172908,0.129549295470097,0.34375,0.1025,FALSE,0,32,"raw","std"
"MR-PCA","Hausdorff",0.912783142128744,0.125223072020395,0.917546489177095,0.12892903432421,0.33525,0.09175,FALSE,0,32,"raw","std"
"MR-PCA","Ichino-Yaguchi",0.913571303377948,0.124301943913321,0.917450470684592,0.129470596479125,0.33875,0.092,FALSE,0,32,"raw","std"
"MR-PCA","Wasserstein",0.913546685787126,0.124332377310389,0.917562561190874,0.129323903008318,0.339375,0.092375,FALSE,0,32,"raw","std"
"MR-PCA","Centers-Euclidean",0.913497291268324,0.124434671765456,0.917344433266101,0.129742932438111,0.3395,0.093,FALSE,0,32,"raw","std"
"SPCA","Int-Euclidean",0.913359703632887,0.126065168897387,0.918088418861094,0.129424799391175,0.34125,0.096625,FALSE,0,32,"raw","std"
"SPCA","Hausdorff",0.912097434671765,0.126316602931804,0.917443399881367,0.128864813441512,0.3385,0.0915,FALSE,0,32,"raw","std"
"SPCA","Ichino-Yaguchi",0.912681724028043,0.126242989165073,0.917553262715717,0.129451465134914,0.338625,0.091,FALSE,0,32,"raw","std"
"SPCA","Wasserstein",0.912585006373486,0.126363129381772,0.917552956068301,0.129412466748587,0.3385,0.0905,FALSE,0,32,"raw","std"
"SPCA","Centers-Euclidean",0.912663559592097,0.126209209687699,0.917529149950331,0.12945792946717,0.3385,0.091,FALSE,0,32,"raw","std"
"IMDS","Int-Euclidean",0.594133922880816,-0.0829695666029319,0.599949722725056,-0.102675272882081,0.04325,-0.003625,TRUE,0,32,"raw","std"
"IMDS","Hausdorff",0.626947179732314,-0.0267187699171446,0.631620060844136,-0.0445171930254644,0.056,-0.004875,TRUE,0,32,"raw","std"
"IMDS","Ichino-Yaguchi",0.63039786488209,-0.0237319949012109,0.634167676598631,-0.0396919707508691,0.05725,-0.000875000000000001,TRUE,0,32,"raw","std"
"IMDS","Wasserstein",0.621944710006374,-0.0463514977692797,0.625550819367015,-0.0612430991536531,0.056625,-0.007375,TRUE,0,32,"raw","std"
"IMDS","Centers-Euclidean",0.61915224665392,-0.0749106118546845,0.624514371144197,-0.0963001978408951,0.05175,-0.00725,TRUE,0,32,"raw","std"
"Int-UMAP","Int-Euclidean",0.878375,0.0125109942638624,0.926209585981632,0.0145184490430468,0.555875,-0.01825,FALSE,0,32,"raw","std"
"Int-UMAP","Hausdorff",0.878733428935628,0.0106542383683875,0.926296969833059,0.0126808113012069,0.551375,-0.0225,FALSE,0,32,"raw","std"
"Int-UMAP","Ichino-Yaguchi",0.87805138623327,0.0125836520076482,0.926373241980552,0.0136632479957883,0.553875,-0.025875,FALSE,0,32,"raw","std"
"Int-UMAP","Wasserstein",0.878270873167623,0.0121341618865519,0.926403156097097,0.0136042863935039,0.552875,-0.024125,FALSE,0,32,"raw","std"
"Int-UMAP","Centers-Euclidean",0.878268483110261,0.0121389420012747,0.926365090980881,0.0135869949337923,0.552875,-0.02375,FALSE,0,32,"raw","std"
"C-PCA","Int-Euclidean",0.919138862332696,0.117564850223072,0.921624659489155,0.123422444688739,0.350125,0.0975,FALSE,0,33,"raw","std"
"C-PCA","Hausdorff",0.918284974506055,0.116709209687699,0.92073446587735,0.123150146047763,0.347625,0.085875,FALSE,0,33,"raw","std"
"C-PCA","Ichino-Yaguchi",0.918467335882728,0.117687699171447,0.920944840292566,0.123747471758157,0.3465,0.087375,FALSE,0,33,"raw","std"
"C-PCA","Wasserstein",0.918433636073932,0.117735022307202,0.920930931976988,0.123740665379686,0.346625,0.086375,FALSE,0,33,"raw","std"
"C-PCA","Centers-Euclidean",0.918457695984704,0.117670968769917,0.920944199382406,0.123717248221999,0.346375,0.087,FALSE,0,33,"raw","std"
"V-PCA","Int-Euclidean",0.919190646908859,0.11746287444232,0.921672050056118,0.123330811488863,0.3505,0.097625,FALSE,0,33,"raw","std"
"V-PCA","Hausdorff",0.918277804333971,0.116733110261313,0.920731491525357,0.123160770804982,0.347625,0.086375,FALSE,0,33,"raw","std"
"V-PCA","Ichino-Yaguchi",0.918487890376036,0.117647227533461,0.920983994988042,0.123674433376136,0.3465,0.08725,FALSE,0,33,"raw","std"
"V-PCA","Wasserstein",0.91850183237731,0.11760149776928,0.920935768924155,0.1237369018051,0.3465,0.0865,FALSE,0,33,"raw","std"
"V-PCA","Centers-Euclidean",0.918478250478011,0.117630497131931,0.921014776588378,0.123580827439647,0.346375,0.08675,FALSE,0,33,"raw","std"
"MR-PCA","Int-Euclidean",0.911734942638623,0.131395315487572,0.915242699701678,0.135756751233115,0.355125,0.091375,FALSE,0,33,"raw","std"
"MR-PCA","Hausdorff",0.910861057998725,0.130554174633525,0.913926397646893,0.136107969361189,0.3475,0.076125,FALSE,0,33,"raw","std"
"MR-PCA","Ichino-Yaguchi",0.911299872530274,0.130658699808795,0.914890740544555,0.134983293046943,0.350875,0.0785,FALSE,0,33,"raw","std"
"MR-PCA","Wasserstein",0.911247769279796,0.13074378585086,0.914753647718159,0.135245768948038,0.350875,0.077625,FALSE,0,33,"raw","std"
"MR-PCA","Centers-Euclidean",0.911208253664755,0.130809114085405,0.914860728228332,0.135036099736582,0.35075,0.078,FALSE,0,33,"raw","std"
"SPCA","Int-Euclidean",0.911799394518802,0.130903760356915,0.91531909457211,0.135239113760818,0.350625,0.087125,FALSE,0,33,"raw","std"
"SPCA","Hausdorff",0.910622291268324,0.131013543658381,0.914051848960239,0.135828544686333,0.347125,0.077125,FALSE,0,33,"raw","std"
"SPCA","Ichino-Yaguchi",0.911545012746973,0.130225143403442,0.91499659777037,0.134799206290716,0.35,0.082625,FALSE,0,33,"raw","std"
"SPCA","Wasserstein",0.911554971319312,0.130182919056724,0.914871915954383,0.13502901869756,0.349875,0.081875,FALSE,0,33,"raw","std"
"SPCA","Centers-Euclidean",0.911536328871893,0.1302017208413,0.914994099596181,0.13478541781926,0.350125,0.082625,FALSE,0,33,"raw","std"
"IMDS","Int-Euclidean",0.562472275334608,-0.0596679413639261,0.570710293403148,-0.0695396418341115,0.035125,-5e-04,TRUE,0,33,"raw","std"
"IMDS","Hausdorff",0.601296367112811,-0.0138177182919057,0.618361294331876,-0.0349544251141419,0.051125,-0.002125,TRUE,0,33,"raw","std"
"IMDS","Ichino-Yaguchi",0.61580943275972,-0.0176593371574251,0.632536501171743,-0.0308161130977087,0.05375,-0.001875,TRUE,0,33,"raw","std"
"IMDS","Wasserstein",0.603471876991714,-0.0389657425111536,0.620317802622616,-0.0564162775357865,0.052375,-0.005,TRUE,0,33,"raw","std"
"IMDS","Centers-Euclidean",0.600020634161887,-0.0792235500318674,0.61636553485195,-0.100410602170228,0.053875,-0.005125,TRUE,0,33,"raw","std"
"Int-UMAP","Int-Euclidean",0.807768722115997,0.00536854684512422,0.878216066712489,0.0071602572665202,0.477875,-0.018625,FALSE,0,33,"raw","std"
"Int-UMAP","Hausdorff",0.807010277246654,0.00258428935627786,0.877122501783161,0.00222405421662801,0.475375,-0.0265,FALSE,0,33,"raw","std"
"Int-UMAP","Ichino-Yaguchi",0.808025334608031,0.00447737412364568,0.879915599776757,0.00247371639267997,0.477125,-0.025125,FALSE,0,33,"raw","std"
"Int-UMAP","Wasserstein",0.807824330783939,0.00321558317399617,0.878761575086991,0.00289290724952025,0.475625,-0.024375,FALSE,0,33,"raw","std"
"Int-UMAP","Centers-Euclidean",0.807933397068196,0.00355608667941365,0.878440554692337,0.00417696707707094,0.475375,-0.022625,FALSE,0,33,"raw","std"
"C-PCA","Int-Euclidean",0.919838989802422,0.117628903760357,0.920202573458476,0.127681734015652,0.363,0.10425,FALSE,0,34,"raw","std"
"C-PCA","Hausdorff",0.919053059273423,0.117064053537285,0.919186169485008,0.127730044418241,0.361125,0.09675,FALSE,0,34,"raw","std"
"C-PCA","Ichino-Yaguchi",0.919438256851498,0.117267845761632,0.919529973804037,0.127954031163907,0.360625,0.098125,FALSE,0,34,"raw","std"
"C-PCA","Wasserstein",0.919434831102613,0.117273422562141,0.91951582494723,0.127967576108695,0.360625,0.098625,FALSE,0,34,"raw","std"
"C-PCA","Centers-Euclidean",0.919436663479924,0.117267527087317,0.919542833696789,0.12790810037086,0.360625,0.09725,FALSE,0,34,"raw","std"
"V-PCA","Int-Euclidean",0.919815726577438,0.117684034416826,0.920131784286209,0.127828773584342,0.363125,0.104125,FALSE,0,34,"raw","std"
"V-PCA","Hausdorff",0.919010356915233,0.117153919694073,0.919075224961492,0.127953119111751,0.361,0.09675,FALSE,0,34,"raw","std"
"V-PCA","Ichino-Yaguchi",0.919279477374124,0.117590822179732,0.919500573609795,0.128021930322883,0.360625,0.09825,FALSE,0,34,"raw","std"
"V-PCA","Wasserstein",0.919379859783301,0.117391332058636,0.919568487269483,0.127869857940786,0.360875,0.098875,FALSE,0,34,"raw","std"
"V-PCA","Centers-Euclidean",0.919317319949012,0.117513224984066,0.919538064028663,0.127924895181174,0.36075,0.09775,FALSE,0,34,"raw","std"
"MR-PCA","Int-Euclidean",0.915774537922244,0.120620458891013,0.918778249306823,0.127380310693968,0.353375,0.1035,FALSE,0,34,"raw","std"
"MR-PCA","Hausdorff",0.915182441045252,0.119200127469726,0.917783942073237,0.127086056695056,0.349,0.09125,FALSE,0,34,"raw","std"
"MR-PCA","Ichino-Yaguchi",0.915148661567878,0.120208731676227,0.918273721651321,0.126982882207643,0.349,0.094625,FALSE,0,34,"raw","std"
"MR-PCA","Wasserstein",0.915189292543021,0.120136711281071,0.918295801224918,0.126941682485238,0.34875,0.094375,FALSE,0,34,"raw","std"
"MR-PCA","Centers-Euclidean",0.91515591140854,0.120201880178458,0.918449499925876,0.126620553335241,0.349,0.09425,FALSE,0,34,"raw","std"
"SPCA","Int-Euclidean",0.914538400254939,0.122579031230083,0.917738687269279,0.128958656933789,0.346125,0.10025,FALSE,0,34,"raw","std"
"SPCA","Hausdorff",0.914028521351179,0.121300191204589,0.917028346738815,0.128371539938118,0.34375,0.083,FALSE,0,34,"raw","std"
"SPCA","Ichino-Yaguchi",0.914247052262588,0.122030114722753,0.917626152252191,0.128240207413071,0.34475,0.0935,FALSE,0,34,"raw","std"
"SPCA","Wasserstein",0.914206102613129,0.122113607393244,0.917533462952642,0.128417214836242,0.344875,0.093125,FALSE,0,34,"raw","std"
"SPCA","Centers-Euclidean",0.914248406628426,0.122027724665392,0.917595641473982,0.128280515981406,0.344875,0.0935,FALSE,0,34,"raw","std"
"IMDS","Int-Euclidean",0.587973470363289,-0.0694125239005736,0.599485873299429,-0.0891490195130115,0.04225,-0.001625,TRUE,0,34,"raw","std"
"IMDS","Hausdorff",0.629623406628426,-0.0256043658381133,0.640464272291988,-0.0413686023923446,0.053125,5e-04,TRUE,0,34,"raw","std"
"IMDS","Ichino-Yaguchi",0.636072339069471,-0.0268381134480562,0.646536761822047,-0.0430842976733521,0.056,-0.003,TRUE,0,34,"raw","std"
"IMDS","Wasserstein",0.628098151688974,-0.0417839388145316,0.637170791820779,-0.0560385700182248,0.05475,-0.00475,TRUE,0,34,"raw","std"
"IMDS","Centers-Euclidean",0.620128505417463,-0.0686429254302103,0.627716413535408,-0.0813444953845938,0.051375,-0.006375,TRUE,0,34,"raw","std"
"Int-UMAP","Int-Euclidean",0.91092391650733,0.0197783620140217,0.947757149128396,0.00775940089709937,0.57125,-0.04225,FALSE,0,34,"raw","std"
"Int-UMAP","Hausdorff",0.910364085404716,0.0194614404079032,0.946886346914018,0.00749481258341108,0.56975,-0.044875,FALSE,0,34,"raw","std"
"Int-UMAP","Ichino-Yaguchi",0.910733588272785,0.0194780114722753,0.947680770251396,0.00724960361876365,0.56825,-0.048125,FALSE,0,34,"raw","std"
"Int-UMAP","Wasserstein",0.910716937539834,0.0195103569152326,0.94765694355521,0.00734356887437453,0.568,-0.04675,FALSE,0,34,"raw","std"
"Int-UMAP","Centers-Euclidean",0.910743626513703,0.0194620777565329,0.947632305885362,0.00732751551960061,0.5685,-0.046625,FALSE,0,34,"raw","std"
"C-PCA","Int-Euclidean",0.919651370299554,0.117966539196941,0.923109789712376,0.122001213027235,0.371625,0.104125,FALSE,0,35,"raw","std"
"C-PCA","Hausdorff",0.918663798597833,0.117334608030593,0.922214380748786,0.121672611532229,0.37,0.089625,FALSE,0,35,"raw","std"
"C-PCA","Ichino-Yaguchi",0.919479525175271,0.117142288081581,0.923034103457635,0.121184046282179,0.372375,0.094375,FALSE,0,35,"raw","std"
"C-PCA","Wasserstein",0.919504700446144,0.117083014659018,0.923055126398444,0.121124677593721,0.37225,0.09425,FALSE,0,35,"raw","std"
"C-PCA","Centers-Euclidean",0.919479764181007,0.117136392606756,0.923067898114071,0.121102254374566,0.372375,0.09375,FALSE,0,35,"raw","std"
"V-PCA","Int-Euclidean",0.919651210962396,0.117978648820905,0.923157969182063,0.121911271932541,0.3715,0.103875,FALSE,0,35,"raw","std"
"V-PCA","Hausdorff",0.918720044614404,0.117228170809433,0.922262082121458,0.121581999139852,0.37,0.0895,FALSE,0,35,"raw","std"
"V-PCA","Ichino-Yaguchi",0.91951051625239,0.117089228808158,0.92309093835986,0.121074034495659,0.37225,0.094375,FALSE,0,35,"raw","std"
"V-PCA","Wasserstein",0.91956620458891,0.116969885277247,0.923113868570832,0.121014160841219,0.372125,0.093875,FALSE,0,35,"raw","std"
"V-PCA","Centers-Euclidean",0.919536806883365,0.11703154875717,0.923130704964071,0.120981535944451,0.372375,0.093625,FALSE,0,35,"raw","std"
"MR-PCA","Int-Euclidean",0.914761233269598,0.122662364563416,0.916345401146,0.132198977793609,0.352125,0.108875,FALSE,0,35,"raw","std"
"MR-PCA","Hausdorff",0.913719008922881,0.12211201402167,0.916372621435362,0.129916425571,0.346125,0.0915,FALSE,0,35,"raw","std"
"MR-PCA","Ichino-Yaguchi",0.914288718929254,0.121887189292543,0.916022614649882,0.131394726918321,0.348,0.096875,FALSE,0,35,"raw","std"
"MR-PCA","Wasserstein",0.914282345442957,0.121912683237731,0.915973143124078,0.131501705497015,0.348,0.09575,FALSE,0,35,"raw","std"
"MR-PCA","Centers-Euclidean",0.914296685787126,0.121882090503505,0.915853890865251,0.131734393523061,0.348,0.096625,FALSE,0,35,"raw","std"
"SPCA","Int-Euclidean",0.913959209687699,0.123523263224984,0.919060046020996,0.126109659120667,0.3475,0.0995,FALSE,0,35,"raw","std"
"SPCA","Hausdorff",0.913050350541746,0.122958253664755,0.918396280072558,0.125524767131355,0.3455,0.09,FALSE,0,35,"raw","std"
"SPCA","Ichino-Yaguchi",0.913696383046526,0.122887667304015,0.918901722872281,0.125492312831203,0.345875,0.0925,FALSE,0,35,"raw","std"
"SPCA","Wasserstein",0.913663639260676,0.122944231994901,0.91891351483022,0.125444386484244,0.345875,0.09175,FALSE,0,35,"raw","std"
"SPCA","Centers-Euclidean",0.913693913320586,0.122885277246654,0.918911469163553,0.125450781724872,0.345875,0.092625,FALSE,0,35,"raw","std"
"IMDS","Int-Euclidean",0.593014977692798,-0.0701622052262588,0.597887754058877,-0.0803780981838114,0.043,-0.000625000000000001,TRUE,0,35,"raw","std"
"IMDS","Hausdorff",0.627640535372849,-0.0265774378585086,0.636108032375314,-0.0390457036436537,0.051125,-0.001875,TRUE,0,35,"raw","std"
"IMDS","Ichino-Yaguchi",0.632760117909496,-0.0254173040152963,0.638795547163908,-0.0371268723618299,0.052375,-0.001625,TRUE,0,35,"raw","std"
"IMDS","Wasserstein",0.623995140216699,-0.0416795729764181,0.631362076005569,-0.0517521841911187,0.051625,-0.001125,TRUE,0,35,"raw","std"
"IMDS","Centers-Euclidean",0.617296446781389,-0.0624016889738688,0.624107814992577,-0.0720655354149191,0.0485,-0.00025,TRUE,0,35,"raw","std"
"Int-UMAP","Int-Euclidean",0.821047960484385,0.0203129381771828,0.888695893150904,0.0140102009952265,0.478125,-0.0425,FALSE,0,35,"raw","std"
"Int-UMAP","Hausdorff",0.818705943275972,0.0160058954748247,0.887268202808157,0.00775085997753926,0.474,-0.0525,FALSE,0,35,"raw","std"
"Int-UMAP","Ichino-Yaguchi",0.822507010834927,0.0198632887189293,0.891100003138978,0.0111954553573393,0.480375,-0.048,FALSE,0,35,"raw","std"
"Int-UMAP","Wasserstein",0.821175191204589,0.0190986297004462,0.889796883511172,0.0104764722957067,0.47875,-0.04925,FALSE,0,35,"raw","std"
"Int-UMAP","Centers-Euclidean",0.820702517527087,0.0208486297004462,0.889583898221377,0.0116953985486664,0.477875,-0.044875,FALSE,0,35,"raw","std"
"C-PCA","Int-Euclidean",0.920490439770554,0.112536328871893,0.923367331746102,0.118744069848396,0.352,0.108,FALSE,0,36,"raw","std"
"C-PCA","Hausdorff",0.91960579987253,0.111449330783939,0.921973874706339,0.119170640714827,0.348625,0.095375,FALSE,0,36,"raw","std"
"C-PCA","Ichino-Yaguchi",0.920135197578075,0.111966698534098,0.923012221456243,0.118266192902806,0.35225,0.099625,FALSE,0,36,"raw","std"
"C-PCA","Wasserstein",0.920131931166348,0.11192511153601,0.922891473278343,0.118484326905082,0.352,0.099625,FALSE,0,36,"raw","std"
"C-PCA","Centers-Euclidean",0.920124840662843,0.111947578075207,0.922961778382713,0.118336572110081,0.352375,0.099375,FALSE,0,36,"raw","std"
"V-PCA","Int-Euclidean",0.9204554652645,0.112605321861058,0.92332856302547,0.118819260306722,0.351875,0.107875,FALSE,0,36,"raw","std"
"V-PCA","Hausdorff",0.919612890376036,0.111437380497132,0.921954371461506,0.119210344944651,0.348625,0.095375,FALSE,0,36,"raw","std"
"V-PCA","Ichino-Yaguchi",0.920187938177183,0.111865360101976,0.923000485048827,0.118294073934185,0.35225,0.0995,FALSE,0,36,"raw","std"
"V-PCA","Wasserstein",0.92014850223072,0.111897705544933,0.922864913304506,0.118539868898207,0.352125,0.09975,FALSE,0,36,"raw","std"
"V-PCA","Centers-Euclidean",0.920179891650733,0.111841300191205,0.923001833828319,0.118261273749395,0.352375,0.099,FALSE,0,36,"raw","std"
"MR-PCA","Int-Euclidean",0.921457855321861,0.11036759082218,0.923914009880274,0.117696491049393,0.359,0.106875,FALSE,0,36,"raw","std"
"MR-PCA","Hausdorff",0.920382727852135,0.109801465901848,0.922453232963668,0.118172964198082,0.354125,0.094375,FALSE,0,36,"raw","std"
"MR-PCA","Ichino-Yaguchi",0.920936822817081,0.109758922880816,0.923160287056954,0.117616939501834,0.355875,0.0965,FALSE,0,36,"raw","std"
"MR-PCA","Wasserstein",0.920957217973231,0.10969741873805,0.923303840697051,0.11734965170995,0.356125,0.0955,FALSE,0,36,"raw","std"
"MR-PCA","Centers-Euclidean",0.921038878266412,0.109534416826004,0.923348738314345,0.117241293857618,0.3565,0.0965,FALSE,0,36,"raw","std"
"SPCA","Int-Euclidean",0.921276529636711,0.110180528999363,0.922288704576305,0.120391091888284,0.35375,0.100875,FALSE,0,36,"raw","std"
"SPCA","Hausdorff",0.920016332058636,0.110151848311026,0.921459635198756,0.119910422489342,0.352375,0.0875,FALSE,0,36,"raw","std"
"SPCA","Ichino-Yaguchi",0.921143084767368,0.109251434034417,0.922311926827358,0.119236545172875,0.35425,0.092125,FALSE,0,36,"raw","std"
"SPCA","Wasserstein",0.92115901848311,0.109173996175908,0.922259438940145,0.119314712968635,0.35425,0.0915,FALSE,0,36,"raw","std"
"SPCA","Centers-Euclidean",0.921136472275335,0.109227374123646,0.922200816718502,0.11943190751241,0.354375,0.092,FALSE,0,36,"raw","std"
"IMDS","Int-Euclidean",0.544225541746335,-0.0180584767367751,0.548284325297209,-0.0315541857073815,0.031875,-0.001875,TRUE,0,36,"raw","std"
"IMDS","Hausdorff",0.573085325047801,0.0160460484384958,0.576785394767392,0.0124448463274217,0.044875,-0.00025,TRUE,0,36,"raw","std"
"IMDS","Ichino-Yaguchi",0.577906867431485,0.0183475143403442,0.580487566406865,0.0179844466212573,0.044375,-0.002125,TRUE,0,36,"raw","std"
"IMDS","Wasserstein",0.57154206500956,0.00463830465264503,0.574886564339405,-0.00341415220050012,0.0435,-0.00225,TRUE,0,36,"raw","std"
"IMDS","Centers-Euclidean",0.556930289993627,-0.0041174314850223,0.559988468735014,-0.0140989398102727,0.0425,0.0025,TRUE,0,36,"raw","std"
"Int-UMAP","Int-Euclidean",0.917894678138942,0.0153527724665392,0.952434348877926,0.00725819678353729,0.588375,-0.036375,FALSE,0,36,"raw","std"
"Int-UMAP","Hausdorff",0.916471159974506,0.0143113448056086,0.951627180800511,0.00528106346859427,0.582,-0.044125,FALSE,0,36,"raw","std"
"Int-UMAP","Ichino-Yaguchi",0.917878983428936,0.0136986934353091,0.952712066413774,0.00553077575740207,0.5875,-0.0445,FALSE,0,36,"raw","std"
"Int-UMAP","Wasserstein",0.917331819630338,0.0142815487571701,0.952256191526944,0.00591477039998594,0.5865,-0.044,FALSE,0,36,"raw","std"
"Int-UMAP","Centers-Euclidean",0.917726736775016,0.0133632887189292,0.95240571839429,0.00553999948991612,0.587375,-0.04275,FALSE,0,36,"raw","std"
"C-PCA","Int-Euclidean",0.916391252390057,0.124755736137667,0.917374363802571,0.133561021599067,0.36775,0.1095,FALSE,0,37,"raw","std"
"C-PCA","Hausdorff",0.915325366475462,0.125116634799235,0.916338787435082,0.133882090187266,0.364375,0.089375,FALSE,0,37,"raw","std"
"C-PCA","Ichino-Yaguchi",0.916064850223072,0.124813894200127,0.916820316321098,0.13393536388514,0.36725,0.101125,FALSE,0,37,"raw","std"
"C-PCA","Wasserstein",0.916064531548757,0.124771510516252,0.916783095231637,0.13397636827442,0.367125,0.1005,FALSE,0,37,"raw","std"
"C-PCA","Centers-Euclidean",0.916084289356278,0.124764499681326,0.916785826056961,0.13398180262961,0.36725,0.10075,FALSE,0,37,"raw","std"
"V-PCA","Int-Euclidean",0.916462396430848,0.124618865519439,0.917428894051142,0.13345717794643,0.367875,0.109125,FALSE,0,37,"raw","std"
"V-PCA","Hausdorff",0.915323056086679,0.125133365200765,0.916300188351458,0.133969510503719,0.36425,0.089375,FALSE,0,37,"raw","std"
"V-PCA","Ichino-Yaguchi",0.916077278521351,0.124794773741236,0.916851408300651,0.133873545429282,0.36725,0.100625,FALSE,0,37,"raw","std"
"V-PCA","Wasserstein",0.916049314850223,0.124806405353728,0.916779789389095,0.133983220500732,0.367125,0.100125,FALSE,0,37,"raw","std"
"V-PCA","Centers-Euclidean",0.916074410452518,0.124790312300829,0.9168129996455,0.133928071732806,0.36725,0.10025,FALSE,0,37,"raw","std"
"MR-PCA","Int-Euclidean",0.913402644996813,0.127634799235182,0.914921541976747,0.136437849264584,0.349875,0.111125,FALSE,0,37,"raw","std"
"MR-PCA","Hausdorff",0.913085564053537,0.126666666666667,0.914276905986423,0.136008881089212,0.34925,0.092,FALSE,0,37,"raw","std"
"MR-PCA","Ichino-Yaguchi",0.912905194391332,0.127551943913321,0.914424278858251,0.136189301937415,0.34725,0.096375,FALSE,0,37,"raw","std"
"MR-PCA","Wasserstein",0.91310086042065,0.127162205226259,0.914398287824127,0.136262115558394,0.3475,0.09675,FALSE,0,37,"raw","std"
"MR-PCA","Centers-Euclidean",0.912947259400892,0.127497769279796,0.914153288586694,0.136773616457183,0.347375,0.09825,FALSE,0,37,"raw","std"
"SPCA","Int-Euclidean",0.912612173358827,0.128718610579987,0.915005859567254,0.135845290023629,0.34775,0.10225,FALSE,0,37,"raw","std"
"SPCA","Hausdorff",0.91211384639898,0.128125398342893,0.913894221952338,0.136398495610805,0.346875,0.088875,FALSE,0,37,"raw","std"
"SPCA","Ichino-Yaguchi",0.912052979604844,0.129314690885915,0.914660222400837,0.135782025761454,0.347375,0.093,FALSE,0,37,"raw","std"
"SPCA","Wasserstein",0.912056007010835,0.129265933715743,0.914601617132233,0.135851010767888,0.34725,0.093125,FALSE,0,37,"raw","std"
"SPCA","Centers-Euclidean",0.912082217973231,0.129245379222435,0.914638619538157,0.135802120763297,0.34725,0.09325,FALSE,0,37,"raw","std"
"IMDS","Int-Euclidean",0.574808078393881,-0.0589118865519439,0.580238828544601,-0.0666105943313133,0.039875,-0.00425,TRUE,0,37,"raw","std"
"IMDS","Hausdorff",0.624741475462078,-0.0142213193116635,0.633573704284585,-0.0221952383157952,0.052625,-0.000125,TRUE,0,37,"raw","std"
"IMDS","Ichino-Yaguchi",0.628584369024857,-0.0243730082855322,0.636406423981892,-0.0280849598014665,0.053625,0.001375,TRUE,0,37,"raw","std"
"IMDS","Wasserstein",0.616195984703633,-0.0363524537922243,0.625222984810418,-0.0451271650629732,0.04975,0.000875000000000001,TRUE,0,37,"raw","std"
"IMDS","Centers-Euclidean",0.604594566602932,-0.0550406309751433,0.613765403701537,-0.067456019979252,0.04925,-0.000875000000000001,TRUE,0,37,"raw","std"
"Int-UMAP","Int-Euclidean",0.82338551625239,0.0512171765455703,0.891388083246372,0.0348382001988815,0.473875,-0.021,FALSE,0,37,"raw","std"
"Int-UMAP","Hausdorff",0.820861456341619,0.04982425111536,0.889856186306687,0.0302159802200048,0.467125,-0.0285,FALSE,0,37,"raw","std"
"Int-UMAP","Ichino-Yaguchi",0.823637029955386,0.0493008285532186,0.893174899723309,0.0296718900364923,0.474375,-0.026625,FALSE,0,37,"raw","std"
"Int-UMAP","Wasserstein",0.822328712555768,0.0498706182281707,0.891700109041092,0.0305866538258594,0.47175,-0.025375,FALSE,0,37,"raw","std"
"Int-UMAP","Centers-Euclidean",0.822798757170172,0.0490579987253027,0.891513127366921,0.0312113404612011,0.4725,-0.021875,FALSE,0,37,"raw","std"
"C-PCA","Int-Euclidean",0.919620538559592,0.118344327597196,0.922941012509679,0.122330789055408,0.35825,0.100875,FALSE,0,38,"raw","std"
"C-PCA","Hausdorff",0.918740519439133,0.117996335245379,0.921685423124815,0.122840086912152,0.354375,0.0865,FALSE,0,38,"raw","std"
"C-PCA","Ichino-Yaguchi",0.919242112810708,0.118072179732314,0.922288189694395,0.122640752656914,0.356375,0.091875,FALSE,0,38,"raw","std"
"C-PCA","Wasserstein",0.919256771829191,0.11802660930529,0.922288584732183,0.122589246766469,0.35625,0.09025,FALSE,0,38,"raw","std"
"C-PCA","Centers-Euclidean",0.919214069471001,0.11811073932441,0.922286835370513,0.122614283739021,0.35625,0.091125,FALSE,0,38,"raw","std"
"V-PCA","Int-Euclidean",0.919558636073933,0.118470363288719,0.922827589537207,0.122561568531817,0.358,0.10025,FALSE,0,38,"raw","std"
"V-PCA","Hausdorff",0.918781947100064,0.117922402804334,0.921725741289209,0.122762354137761,0.35425,0.08675,FALSE,0,38,"raw","std"
"V-PCA","Ichino-Yaguchi",0.919300031867431,0.117969725940089,0.922353306102702,0.12252232768505,0.356625,0.091625,FALSE,0,38,"raw","std"
"V-PCA","Wasserstein",0.919276688973869,0.117996016571064,0.922327426169623,0.122515140876126,0.356875,0.090625,FALSE,0,38,"raw","std"
"V-PCA","Centers-Euclidean",0.919286886551944,0.117976577437858,0.922367473298644,0.122464825110321,0.3565,0.090875,FALSE,0,38,"raw","std"
"MR-PCA","Int-Euclidean",0.91334217654557,0.128640376035691,0.916633507695869,0.133506649898725,0.35075,0.112,FALSE,0,38,"raw","std"
"MR-PCA","Hausdorff",0.913178377947737,0.126530433397068,0.91649793787076,0.131500287625894,0.346125,0.0955,FALSE,0,38,"raw","std"
"MR-PCA","Ichino-Yaguchi",0.912964308476737,0.12788240917782,0.91614736598399,0.132974861863655,0.347375,0.099,FALSE,0,38,"raw","std"
"MR-PCA","Wasserstein",0.913009321223709,0.127771988527725,0.916405746500082,0.132434236923897,0.3475,0.097125,FALSE,0,38,"raw","std"
"MR-PCA","Centers-Euclidean",0.913013942001275,0.127772625876354,0.91633501479755,0.132590980667821,0.3475,0.097875,FALSE,0,38,"raw","std"
"SPCA","Int-Euclidean",0.913569152326323,0.127922562141491,0.91767982898457,0.131146314362478,0.351875,0.110125,FALSE,0,38,"raw","std"
"SPCA","Hausdorff",0.912620140216698,0.127728489483748,0.917379878231548,0.129732336042578,0.346375,0.093625,FALSE,0,38,"raw","std"
"SPCA","Ichino-Yaguchi",0.913480720203952,0.126994582536648,0.917844509629411,0.129724819129203,0.34975,0.099375,FALSE,0,38,"raw","std"
"SPCA","Wasserstein",0.913471797323136,0.126989802421925,0.917841236626718,0.129683757163565,0.34975,0.09875,FALSE,0,38,"raw","std"
"SPCA","Centers-Euclidean",0.913476179094965,0.126986456341619,0.917837931210668,0.12971392738828,0.34975,0.098625,FALSE,0,38,"raw","std"
"IMDS","Int-Euclidean",0.582776290630975,-0.0619987253027406,0.584219150928702,-0.0749903109652169,0.042875,-0.00175,TRUE,0,38,"raw","std"
"IMDS","Hausdorff",0.621434114085405,-0.031400732950924,0.634081321338174,-0.0592223948233481,0.0565,-0.00125,TRUE,0,38,"raw","std"
"IMDS","Ichino-Yaguchi",0.634175191204589,-0.0339004142766093,0.643900704730354,-0.0524595342695334,0.05825,-0.002,TRUE,0,38,"raw","std"
"IMDS","Wasserstein",0.625003266411727,-0.0540782345442958,0.634043311239366,-0.0750862097202198,0.059125,-0.002625,TRUE,0,38,"raw","std"
"IMDS","Centers-Euclidean",0.617392208413002,-0.0691002230720204,0.627388977748401,-0.0931667655700545,0.058625,-0.00275,TRUE,0,38,"raw","std"
"Int-UMAP","Int-Euclidean",0.873104365838113,-0.00047801147227533,0.924966541312274,0.00257495503499702,0.52425,-0.039125,FALSE,0,38,"raw","std"
"Int-UMAP","Hausdorff",0.872289754620778,-0.000957456978967541,0.92390149480593,0.00114338095367263,0.520875,-0.053625,FALSE,0,38,"raw","std"
"Int-UMAP","Ichino-Yaguchi",0.872886551943913,-0.00110962396430847,0.924693192009391,0.0015876437553706,0.523,-0.0515,FALSE,0,38,"raw","std"
"Int-UMAP","Wasserstein",0.872742511153601,-0.000526768642447495,0.924560896573072,0.00179190057595123,0.5225,-0.049875,FALSE,0,38,"raw","std"
"Int-UMAP","Centers-Euclidean",0.872620379222435,-0.000231835564053484,0.924256314655051,0.00248847299992955,0.522375,-0.047625,FALSE,0,38,"raw","std"
"C-PCA","Int-Euclidean",0.915916746335245,0.122469885277247,0.916654178887782,0.132874562995445,0.352875,0.116875,FALSE,0,39,"raw","std"
"C-PCA","Hausdorff",0.914760436583811,0.122446940726577,0.915858233295478,0.132382451041757,0.349625,0.1055,FALSE,0,39,"raw","std"
"C-PCA","Ichino-Yaguchi",0.915415391969407,0.122318355640535,0.916541706884819,0.132084649912714,0.350375,0.1065,FALSE,0,39,"raw","std"
"C-PCA","Wasserstein",0.91536448374761,0.122360261312938,0.916421696750527,0.132306481170143,0.350125,0.10675,FALSE,0,39,"raw","std"
"C-PCA","Centers-Euclidean",0.915415471637986,0.122322657743786,0.916439671023192,0.132280719801712,0.350375,0.10675,FALSE,0,39,"raw","std"
"V-PCA","Int-Euclidean",0.915908620140217,0.122490599107712,0.916644983623578,0.132892608065706,0.353,0.117,FALSE,0,39,"raw","std"
"V-PCA","Hausdorff",0.914787523900574,0.122397227533461,0.915822749306056,0.132453273586987,0.34975,0.105875,FALSE,0,39,"raw","std"
"V-PCA","Ichino-Yaguchi",0.915376991714468,0.12239292543021,0.916525471524781,0.132116088523266,0.350125,0.106375,FALSE,0,39,"raw","std"
"V-PCA","Wasserstein",0.915347355003187,0.122396112173359,0.916408231133166,0.132331683834657,0.350125,0.10675,FALSE,0,39,"raw","std"
"V-PCA","Centers-Euclidean",0.915381931166348,0.122387507966858,0.916417121562542,0.13232511970338,0.35025,0.10675,FALSE,0,39,"raw","std"
"MR-PCA","Int-Euclidean",0.916612492033142,0.120880815806246,0.918714032049304,0.128853728499922,0.355625,0.106125,FALSE,0,39,"raw","std"
"MR-PCA","Hausdorff",0.915573773103888,0.120221797323136,0.917845079741976,0.128134307431479,0.351375,0.09175,FALSE,0,39,"raw","std"
"MR-PCA","Ichino-Yaguchi",0.915943594646272,0.120505417463352,0.917980066979643,0.128812217225447,0.351625,0.096125,FALSE,0,39,"raw","std"
"MR-PCA","Wasserstein",0.915927023581899,0.120483110261313,0.917981899080672,0.12879093636388,0.3515,0.0965,FALSE,0,39,"raw","std"
"MR-PCA","Centers-Euclidean",0.915951641172722,0.120494741873805,0.918006424263377,0.128760398716704,0.351625,0.096125,FALSE,0,39,"raw","std"
"SPCA","Int-Euclidean",0.916249521988528,0.121020076481836,0.917497310117864,0.13076000877549,0.352875,0.103375,FALSE,0,39,"raw","std"
"SPCA","Hausdorff",0.91516029318037,0.120991395793499,0.916888477345878,0.129995818890197,0.34975,0.091,FALSE,0,39,"raw","std"
"SPCA","Ichino-Yaguchi",0.915933237731039,0.120489165073295,0.917284353509624,0.130155837875895,0.352125,0.096375,FALSE,0,39,"raw","std"
"SPCA","Wasserstein",0.915810309114085,0.120681485022307,0.917088378621617,0.130527806949799,0.351625,0.096375,FALSE,0,39,"raw","std"
"SPCA","Centers-Euclidean",0.915957536647546,0.120445666029318,0.917209766750071,0.130307334920905,0.352125,0.096625,FALSE,0,39,"raw","std"
"IMDS","Int-Euclidean",0.596360261312938,-0.0962667304015297,0.600591811068172,-0.106589668097461,0.036875,-0.0025,TRUE,0,39,"raw","std"
"IMDS","Hausdorff",0.629603569152326,-0.0392823454429574,0.640600082231834,-0.0538436963526955,0.055625,-0.003375,TRUE,0,39,"raw","std"
"IMDS","Ichino-Yaguchi",0.640086121733588,-0.0363334926704907,0.649167387010876,-0.0448007985968769,0.056375,-0.0045,TRUE,0,39,"raw","std"
"IMDS","Wasserstein",0.628938336520076,-0.0582546207775653,0.636270375206784,-0.0687688733168298,0.05475,-0.002,TRUE,0,39,"raw","std"
"IMDS","Centers-Euclidean",0.623414117272148,-0.0750079668578713,0.633689956282058,-0.0917148740715493,0.053375,-0.002,TRUE,0,39,"raw","std"
"Int-UMAP","Int-Euclidean",0.887370936902486,0.0472664117272148,0.930455006550057,0.0362971804132566,0.549625,-0.03925,FALSE,0,39,"raw","std"
"Int-UMAP","Hausdorff",0.8865804652645,0.0468801784576164,0.929194744310646,0.0361979268758079,0.546875,-0.042875,FALSE,0,39,"raw","std"
"Int-UMAP","Ichino-Yaguchi",0.886952517527087,0.0463473550031867,0.930142825192548,0.0354873117914163,0.5475,-0.045,FALSE,0,39,"raw","std"
"Int-UMAP","Wasserstein",0.887025573613767,0.0462576481835565,0.930245295222561,0.0352477555456268,0.5475,-0.04475,FALSE,0,39,"raw","std"
"Int-UMAP","Centers-Euclidean",0.887038001912046,0.0462560548119821,0.930365365918652,0.035022453500054,0.547625,-0.043875,FALSE,0,39,"raw","std"
"C-PCA","Int-Euclidean",0.918044216061185,0.121957138304653,0.918970921124484,0.130417517730533,0.361875,0.107875,FALSE,0,40,"raw","std"
"C-PCA","Hausdorff",0.91706684193754,0.121918578712556,0.918311124426177,0.129790250181643,0.354875,0.090875,FALSE,0,40,"raw","std"
"C-PCA","Ichino-Yaguchi",0.917886711281071,0.121353409815169,0.918634913603903,0.130084917877348,0.3585,0.096875,FALSE,0,40,"raw","std"
"C-PCA","Wasserstein",0.917985898661568,0.121154397705545,0.918592898323052,0.130161496352388,0.358625,0.097,FALSE,0,40,"raw","std"
"C-PCA","Centers-Euclidean",0.91786695347355,0.121380815806246,0.918558263798153,0.130221896084142,0.3585,0.097625,FALSE,0,40,"raw","std"
"V-PCA","Int-Euclidean",0.918045729764181,0.121964945825366,0.918973778831041,0.130418059374787,0.361875,0.10775,FALSE,0,40,"raw","std"
"V-PCA","Hausdorff",0.917043419375398,0.12197402804334,0.918225097244336,0.129964393500883,0.354875,0.09125,FALSE,0,40,"raw","std"
"V-PCA","Ichino-Yaguchi",0.917894598470363,0.121340822179732,0.918656248310027,0.130046444715352,0.358625,0.097,FALSE,0,40,"raw","std"
"V-PCA","Wasserstein",0.917893244104525,0.12133970681963,0.918581404802568,0.130185753485161,0.358625,0.09675,FALSE,0,40,"raw","std"
"V-PCA","Centers-Euclidean",0.917890694710006,0.121335564053537,0.918584148422638,0.130174013026075,0.358625,0.09775,FALSE,0,40,"raw","std"
"MR-PCA","Int-Euclidean",0.914710086042065,0.125772307202039,0.915815703559208,0.13492305303627,0.3465,0.1055,FALSE,0,40,"raw","std"
"MR-PCA","Hausdorff",0.913948374760994,0.125086998087954,0.914220887389003,0.135698192665335,0.337625,0.086,FALSE,0,40,"raw","std"
"MR-PCA","Ichino-Yaguchi",0.914185707456979,0.125177023581899,0.915368687648003,0.134110493466064,0.343,0.08925,FALSE,0,40,"raw","std"
"MR-PCA","Wasserstein",0.914136711281071,0.125342256214149,0.91530227737099,0.134347697824262,0.342625,0.0875,FALSE,0,40,"raw","std"
"MR-PCA","Centers-Euclidean",0.914280433397068,0.125029955385596,0.915423414829043,0.134109695073903,0.3435,0.089,FALSE,0,40,"raw","std"
"SPCA","Int-Euclidean",0.914876752708732,0.124996335245379,0.916590893834144,0.133031026321181,0.343125,0.098125,FALSE,0,40,"raw","std"
"SPCA","Hausdorff",0.914375398342893,0.123928616953474,0.914979447479358,0.134152599909481,0.34075,0.08425,FALSE,0,40,"raw","std"
"SPCA","Ichino-Yaguchi",0.914905752071383,0.123836679413639,0.916111989683681,0.13289689643813,0.341875,0.087,FALSE,0,40,"raw","std"
"SPCA","Wasserstein",0.914895474824729,0.123860420650096,0.916192309555748,0.132722962952727,0.341875,0.087125,FALSE,0,40,"raw","std"
"SPCA","Centers-Euclidean",0.914900732950924,0.123827278521351,0.916121887059581,0.132858499831365,0.341875,0.08675,FALSE,0,40,"raw","std"
"IMDS","Int-Euclidean",0.581320108349267,-0.054423199490121,0.586694684921699,-0.0672182816536476,0.0405,-0.004375,TRUE,0,40,"raw","std"
"IMDS","Hausdorff",0.641190885914595,-0.0164209687699171,0.648634278664624,-0.0306031048839934,0.058375,-0.003,TRUE,0,40,"raw","std"
"IMDS","Ichino-Yaguchi",0.642703712555768,-0.0199080624601656,0.651074144956968,-0.0343123455141023,0.06125,-0.001375,TRUE,0,40,"raw","std"
"IMDS","Wasserstein",0.633320028680688,-0.0365989483747611,0.641260888542237,-0.0532048024312066,0.059625,-0.00425,TRUE,0,40,"raw","std"
"IMDS","Centers-Euclidean",0.622081421287444,-0.0636536010197577,0.626717486971963,-0.0734706124299083,0.053625,-0.004125,TRUE,0,40,"raw","std"
"Int-UMAP","Int-Euclidean",0.877059193753983,0.036841459528362,0.922400105765637,0.0237310705995328,0.518625,-0.043875,FALSE,0,40,"raw","std"
"Int-UMAP","Hausdorff",0.875992033142129,0.0365573613766731,0.921111594965762,0.0219595883060115,0.5155,-0.04925,FALSE,0,40,"raw","std"
"Int-UMAP","Ichino-Yaguchi",0.876671845124283,0.0366180688336519,0.922073809670644,0.0229862470552892,0.518375,-0.048625,FALSE,0,40,"raw","std"
"Int-UMAP","Wasserstein",0.876725462077756,0.0360242192479286,0.921955579818659,0.0226136870773576,0.518625,-0.047375,FALSE,0,40,"raw","std"
"Int-UMAP","Centers-Euclidean",0.876639579349904,0.036174633524538,0.922015805648488,0.0225592716616332,0.518375,-0.047125,FALSE,0,40,"raw","std"
"C-PCA","Int-Euclidean",0.919204031230083,0.119624442319949,0.920519951188896,0.127057036931267,0.359625,0.098375,FALSE,0,41,"raw","std"
"C-PCA","Hausdorff",0.918370379222435,0.118697100063735,0.920244657830956,0.125430635544044,0.35575,0.08125,FALSE,0,41,"raw","std"
"C-PCA","Ichino-Yaguchi",0.918949490121096,0.118856277884003,0.920537580643153,0.125870792938187,0.35875,0.088875,FALSE,0,41,"raw","std"
"C-PCA","Wasserstein",0.918975701083493,0.118736615678776,0.920656662198741,0.125617080371989,0.35875,0.088625,FALSE,0,41,"raw","std"
"C-PCA","Centers-Euclidean",0.918936424474187,0.1188304652645,0.92047510709629,0.125966803433973,0.35875,0.088875,FALSE,0,41,"raw","std"
"V-PCA","Int-Euclidean",0.919217734225621,0.11960086042065,0.920510166833254,0.127080713609055,0.35975,0.0985,FALSE,0,41,"raw","std"
"V-PCA","Hausdorff",0.91838368387508,0.118672402804334,0.920255199102457,0.125412344388165,0.35575,0.0815,FALSE,0,41,"raw","std"
"V-PCA","Ichino-Yaguchi",0.918914276609305,0.118927342256214,0.920581398064001,0.125786376828135,0.35825,0.088375,FALSE,0,41,"raw","std"
"V-PCA","Wasserstein",0.918931405353729,0.118829349904398,0.92068324403027,0.125571010969192,0.3585,0.0885,FALSE,0,41,"raw","std"
"V-PCA","Centers-Euclidean",0.918901529636711,0.118902166985341,0.920520830721073,0.125880015177981,0.35825,0.088375,FALSE,0,41,"raw","std"
"MR-PCA","Int-Euclidean",0.914466300191205,0.127531389420013,0.915446190436831,0.136142394052251,0.35825,0.104875,FALSE,0,41,"raw","std"
"MR-PCA","Hausdorff",0.912961599745061,0.128261631612492,0.914591858259461,0.135774346568048,0.349,0.092625,FALSE,0,41,"raw","std"
"MR-PCA","Ichino-Yaguchi",0.913955783938814,0.126868546845124,0.915887183754391,0.133643456016183,0.354125,0.089875,FALSE,0,41,"raw","std"
"MR-PCA","Wasserstein",0.913945905035054,0.126907106437221,0.915456508440012,0.134662790626262,0.35425,0.0905,FALSE,0,41,"raw","std"
"MR-PCA","Centers-Euclidean",0.913835643722116,0.127137507966858,0.915504318248157,0.134558053900342,0.354125,0.0895,FALSE,0,41,"raw","std"
"SPCA","Int-Euclidean",0.916235261312938,0.123576959847036,0.919111075200523,0.128459115071,0.357125,0.099,FALSE,0,41,"raw","std"
"SPCA","Hausdorff",0.914651927979605,0.124510994263862,0.917990899758111,0.128792369375451,0.352625,0.08525,FALSE,0,41,"raw","std"
"SPCA","Ichino-Yaguchi",0.91576115360102,0.123417463352454,0.918986882783577,0.12769756836702,0.356,0.089625,FALSE,0,41,"raw","std"
"SPCA","Wasserstein",0.915746016571064,0.123385914595284,0.919025429941856,0.127611695148625,0.356,0.089375,FALSE,0,41,"raw","std"
"SPCA","Centers-Euclidean",0.915737731038878,0.123412364563416,0.919009752859242,0.12762527144054,0.356,0.089625,FALSE,0,41,"raw","std"
"IMDS","Int-Euclidean",0.593502868068834,-0.0878342893562779,0.600898044041563,-0.0974828358480127,0.040625,-0.000125,TRUE,0,41,"raw","std"
"IMDS","Hausdorff",0.629534416826004,-0.0338040152963671,0.640042375346332,-0.052452374969314,0.054,-0.00025,TRUE,0,41,"raw","std"
"IMDS","Ichino-Yaguchi",0.638005497131931,-0.0371129700446144,0.647149407215145,-0.048099338110721,0.054875,0.0015,TRUE,0,41,"raw","std"
"IMDS","Wasserstein",0.630695745697897,-0.058124442319949,0.638101335477221,-0.0692126384029018,0.05575,0.000624999999999997,TRUE,0,41,"raw","std"
"IMDS","Centers-Euclidean",0.624795490758445,-0.0853073613766731,0.631050631518817,-0.0935070341676019,0.054,-0.00425,TRUE,0,41,"raw","std"
"Int-UMAP","Int-Euclidean",0.763278362014022,0.0192144678138942,0.849892029295363,0.0109196899798884,0.44025,-0.02425,FALSE,0,41,"raw","std"
"Int-UMAP","Hausdorff",0.76106190248566,0.0171065965583174,0.848463624472665,0.005848563559437,0.43575,-0.02525,FALSE,0,41,"raw","std"
"Int-UMAP","Ichino-Yaguchi",0.763796048438496,0.0177157425111536,0.852428632611829,0.00662305108293876,0.44075,-0.029375,FALSE,0,41,"raw","std"
"Int-UMAP","Wasserstein",0.762763942001275,0.0174275015933716,0.851060200496231,0.00691795825364339,0.4395,-0.02725,FALSE,0,41,"raw","std"
"Int-UMAP","Centers-Euclidean",0.763056963033779,0.0175119502868069,0.851145012923547,0.00704582788063901,0.43975,-0.025625,FALSE,0,41,"raw","std"
"C-PCA","Int-Euclidean",0.914710245379222,0.123953314212874,0.917241672368859,0.130954427928986,0.343625,0.1065,FALSE,0,42,"raw","std"
"C-PCA","Hausdorff",0.91390224665392,0.123410930528999,0.916342235725797,0.13088275837156,0.342,0.08975,FALSE,0,42,"raw","std"
"C-PCA","Ichino-Yaguchi",0.91450987890376,0.123334608030593,0.916909055242767,0.130680671113438,0.34225,0.095125,FALSE,0,42,"raw","std"
"C-PCA","Wasserstein",0.914538878266412,0.123190248565966,0.916916589322426,0.130614502443882,0.341875,0.0955,FALSE,0,42,"raw","std"
"C-PCA","Centers-Euclidean",0.91448701402167,0.123341459528362,0.916810240245243,0.130838625453595,0.342125,0.095,FALSE,0,42,"raw","std"
"V-PCA","Int-Euclidean",0.914710484384958,0.123953792224347,0.917239209913335,0.130960767938959,0.343625,0.1065,FALSE,0,42,"raw","std"
"V-PCA","Hausdorff",0.913889499681326,0.123436424474187,0.916342887085,0.130881428784187,0.342,0.08975,FALSE,0,42,"raw","std"
"V-PCA","Ichino-Yaguchi",0.914510117909497,0.123333492670491,0.916912468454553,0.130674324066355,0.342375,0.095375,FALSE,0,42,"raw","std"
"V-PCA","Wasserstein",0.914516172721479,0.123235659655832,0.916910299531832,0.130627183530057,0.342,0.095625,FALSE,0,42,"raw","std"
"V-PCA","Centers-Euclidean",0.914487332695985,0.123340503505417,0.916817175530781,0.130824902875082,0.34225,0.095125,FALSE,0,42,"raw","std"
"MR-PCA","Int-Euclidean",0.918010994263862,0.118802103250478,0.920534843527078,0.125625902989211,0.360625,0.112125,FALSE,0,42,"raw","std"
"MR-PCA","Hausdorff",0.9168267208413,0.118790790312301,0.919042739420835,0.126452103251554,0.35625,0.093875,FALSE,0,42,"raw","std"
"MR-PCA","Ichino-Yaguchi",0.917410771191842,0.118442001274697,0.919995192267504,0.125241324906202,0.35675,0.09975,FALSE,0,42,"raw","std"
"MR-PCA","Wasserstein",0.917387109623964,0.118432919056724,0.920084229839873,0.125073714584356,0.3565,0.0975,FALSE,0,42,"raw","std"
"MR-PCA","Centers-Euclidean",0.917440089228808,0.118369343530911,0.919940918233724,0.125359251096211,0.356875,0.09875,FALSE,0,42,"raw","std"
"SPCA","Int-Euclidean",0.917381771829191,0.119650414276609,0.918585346224125,0.12911135263327,0.35625,0.11175,FALSE,0,42,"raw","std"
"SPCA","Hausdorff",0.916634161886552,0.119004780114723,0.918686394331347,0.127014354084535,0.35225,0.094625,FALSE,0,42,"raw","std"
"SPCA","Ichino-Yaguchi",0.916802421924793,0.119698534098152,0.918532306989975,0.128194279178973,0.35425,0.099,FALSE,0,42,"raw","std"
"SPCA","Wasserstein",0.916776768642447,0.119673677501593,0.918364350250376,0.128494573790798,0.354125,0.09825,FALSE,0,42,"raw","std"
"SPCA","Centers-Euclidean",0.916793260038241,0.119680847673677,0.918438253237369,0.128346357531951,0.35425,0.09825,FALSE,0,42,"raw","std"
"IMDS","Int-Euclidean",0.571805768005099,-0.0616026131293818,0.577353065348228,-0.078481746844517,0.042375,-0.003,TRUE,0,42,"raw","std"
"IMDS","Hausdorff",0.610886631612492,-0.0329345124282983,0.62493600153264,-0.0548170500569707,0.05075,-0.0025,TRUE,0,42,"raw","std"
"IMDS","Ichino-Yaguchi",0.624258285532186,-0.0249397705544934,0.636358883609777,-0.0484204644885232,0.05325,-0.003375,TRUE,0,42,"raw","std"
"IMDS","Wasserstein",0.614216539196941,-0.0518929254302103,0.627828723045095,-0.075556987287652,0.054375,-0.000625000000000001,TRUE,0,42,"raw","std"
"IMDS","Centers-Euclidean",0.608720363288719,-0.0775525812619502,0.624820278491298,-0.109764343592843,0.05725,-0.008,TRUE,0,42,"raw","std"
"Int-UMAP","Int-Euclidean",0.883782106437221,0.0598596239643084,0.927299899979204,0.0415535922444049,0.518625,-0.00862500000000002,FALSE,0,42,"raw","std"
"Int-UMAP","Hausdorff",0.883075286806883,0.0611594964945826,0.925996671702679,0.042031082788661,0.51075,-0.02175,FALSE,0,42,"raw","std"
"Int-UMAP","Ichino-Yaguchi",0.883688814531549,0.0593766730401529,0.927808636573082,0.0399737767412328,0.518625,-0.019625,FALSE,0,42,"raw","std"
"Int-UMAP","Wasserstein",0.883219486934353,0.0604418419375398,0.926922510730954,0.0416311294724249,0.515625,-0.018875,FALSE,0,42,"raw","std"
"Int-UMAP","Centers-Euclidean",0.883187300828553,0.0603730082855323,0.926734248302692,0.0418463432871341,0.5165,-0.016625,FALSE,0,42,"raw","std"
"C-PCA","Int-Euclidean",0.914028680688336,0.12408540471638,0.914466699306064,0.135604186466536,0.338375,0.106,FALSE,0,43,"raw","std"
"C-PCA","Hausdorff",0.913463750796686,0.122871096239643,0.914491850578348,0.133595199351528,0.337875,0.094375,FALSE,0,43,"raw","std"
"C-PCA","Ichino-Yaguchi",0.913834687699171,0.123482632249841,0.914434687171015,0.134710581988648,0.339875,0.10025,FALSE,0,43,"raw","std"
"C-PCA","Wasserstein",0.913916188655194,0.123293817718292,0.914582069212412,0.134398915619673,0.339875,0.099,FALSE,0,43,"raw","std"
"C-PCA","Centers-Euclidean",0.913832058636074,0.123472275334608,0.914410698621289,0.134739965336474,0.34,0.099625,FALSE,0,43,"raw","std"
"V-PCA","Int-Euclidean",0.913934114085405,0.124277724665392,0.91440846657782,0.135721423446219,0.33825,0.10575,FALSE,0,43,"raw","std"
"V-PCA","Hausdorff",0.913463671128107,0.122870936902486,0.914493094547544,0.133594564092381,0.337875,0.0945,FALSE,0,43,"raw","std"
"V-PCA","Ichino-Yaguchi",0.913834528362014,0.123482313575526,0.914437238976516,0.134704951234104,0.339875,0.100375,FALSE,0,43,"raw","std"
"V-PCA","Wasserstein",0.91388926067559,0.123343212237094,0.914579392338267,0.134401400359379,0.339875,0.099125,FALSE,0,43,"raw","std"
"V-PCA","Centers-Euclidean",0.913855003186743,0.123425430210325,0.914441982735281,0.134676465650969,0.339875,0.09975,FALSE,0,43,"raw","std"
"MR-PCA","Int-Euclidean",0.913879302103251,0.12589913957935,0.916510048524501,0.132862721244618,0.353,0.1065,FALSE,0,43,"raw","std"
"MR-PCA","Hausdorff",0.912343610579987,0.126296526449968,0.91509805381675,0.133339890214254,0.3435,0.090875,FALSE,0,43,"raw","std"
"MR-PCA","Ichino-Yaguchi",0.913468769917145,0.125222434671765,0.916055487977971,0.132325545555182,0.350375,0.0935,FALSE,0,43,"raw","std"
"MR-PCA","Wasserstein",0.913527884002549,0.125083492670491,0.916194376227123,0.132025853362655,0.34975,0.093,FALSE,0,43,"raw","std"
"MR-PCA","Centers-Euclidean",0.913493945188018,0.125172721478649,0.916006632625818,0.132413932301463,0.350375,0.0935,FALSE,0,43,"raw","std"
"SPCA","Int-Euclidean",0.914467256214149,0.124277724665392,0.91651678016033,0.132386343630033,0.3535,0.108125,FALSE,0,43,"raw","std"
"SPCA","Hausdorff",0.913527166985341,0.123774219247929,0.915377290302214,0.132675097594059,0.3485,0.0955,FALSE,0,43,"raw","std"
"SPCA","Ichino-Yaguchi",0.9143304652645,0.123492670490758,0.916281233254876,0.131807097535715,0.352375,0.098625,FALSE,0,43,"raw","std"
"SPCA","Wasserstein",0.91434902804334,0.123424633524538,0.916381466656636,0.13157311958601,0.352125,0.097875,FALSE,0,43,"raw","std"
"SPCA","Centers-Euclidean",0.914326880178458,0.123487093690249,0.916342026211829,0.131665298055318,0.352375,0.098125,FALSE,0,43,"raw","std"
"IMDS","Int-Euclidean",0.606179333970682,-0.102828712555768,0.616252411383162,-0.117836367052949,0.046375,-0.0035,TRUE,0,43,"raw","std"
"IMDS","Hausdorff",0.651378585086042,-0.055804333970682,0.661529085933951,-0.0639582515535808,0.06575,-0.0015,TRUE,0,43,"raw","std"
"IMDS","Ichino-Yaguchi",0.659221637985978,-0.0551787762906311,0.66780128385895,-0.0592169474601661,0.06575,-0.000375,TRUE,0,43,"raw","std"
"IMDS","Wasserstein",0.650604126832377,-0.0782503186743149,0.658477440879316,-0.0803441362360688,0.068,0.003625,TRUE,0,43,"raw","std"
"IMDS","Centers-Euclidean",0.641845522625876,-0.100737253027406,0.648909699117043,-0.103518886154225,0.066125,-0.003,TRUE,0,43,"raw","std"
"Int-UMAP","Int-Euclidean",0.819241873804971,0.0275876354365838,0.890438699965932,0.0147045183451924,0.483125,-0.03625,FALSE,0,43,"raw","std"
"Int-UMAP","Hausdorff",0.817066602931804,0.023299872530274,0.887707218804319,0.0108955627137895,0.47475,-0.034,FALSE,0,43,"raw","std"
"Int-UMAP","Ichino-Yaguchi",0.819861775015934,0.0267675270873167,0.890768701952529,0.0140767285574128,0.480875,-0.039625,FALSE,0,43,"raw","std"
"Int-UMAP","Wasserstein",0.818632010834927,0.0267021988527725,0.889741722268369,0.0134703799920195,0.479125,-0.040125,FALSE,0,43,"raw","std"
"Int-UMAP","Centers-Euclidean",0.819231277884003,0.0260364882090504,0.890007881457018,0.013708788122586,0.4795,-0.037375,FALSE,0,43,"raw","std"
"C-PCA","Int-Euclidean",0.919794136392607,0.116136073932441,0.92271909030293,0.121741116522436,0.367625,0.112875,FALSE,0,44,"raw","std"
"C-PCA","Hausdorff",0.919050270873168,0.115287603569152,0.921784087677448,0.121667614757358,0.366,0.09425,FALSE,0,44,"raw","std"
"C-PCA","Ichino-Yaguchi",0.919262029955386,0.115752868068834,0.921874538749401,0.122286054571128,0.36575,0.1015,FALSE,0,44,"raw","std"
"C-PCA","Wasserstein",0.919286647546208,0.115644359464627,0.921968563927073,0.122067634179783,0.366,0.102125,FALSE,0,44,"raw","std"
"C-PCA","Centers-Euclidean",0.919264420012747,0.115730560866794,0.921937992587065,0.122133996689743,0.365875,0.102,FALSE,0,44,"raw","std"
"V-PCA","Int-Euclidean",0.919789356277884,0.116148183556405,0.922752333932298,0.121676430337469,0.367625,0.112375,FALSE,0,44,"raw","std"
"V-PCA","Hausdorff",0.919061982154238,0.115273741236456,0.921783269133562,0.121668933255951,0.36625,0.094625,FALSE,0,44,"raw","std"
"V-PCA","Ichino-Yaguchi",0.91922275334608,0.115836201402167,0.921935435237174,0.122170667498496,0.365875,0.10175,FALSE,0,44,"raw","std"
"V-PCA","Wasserstein",0.919263702995539,0.115700127469726,0.921964614828667,0.122078389869905,0.36625,0.102,FALSE,0,44,"raw","std"
"V-PCA","Centers-Euclidean",0.919219247928617,0.115826641172721,0.92200386772382,0.122007675653526,0.366,0.102125,FALSE,0,44,"raw","std"
"MR-PCA","Int-Euclidean",0.912903043339707,0.126734066284258,0.916128660065089,0.132880833274051,0.3655,0.106875,FALSE,0,44,"raw","std"
"MR-PCA","Hausdorff",0.912611615678776,0.125304174633525,0.915363317053298,0.132660930611362,0.356625,0.09475,FALSE,0,44,"raw","std"
"MR-PCA","Ichino-Yaguchi",0.912773422562142,0.124876991714468,0.915940802164052,0.131407151683081,0.35925,0.091625,FALSE,0,44,"raw","std"
"MR-PCA","Wasserstein",0.912792782026769,0.124964149139579,0.915995291362813,0.131575646121887,0.361125,0.093375,FALSE,0,44,"raw","std"
"MR-PCA","Centers-Euclidean",0.912447976418101,0.125677342256214,0.916021476237342,0.131526745455008,0.360375,0.089875,FALSE,0,44,"raw","std"
"SPCA","Int-Euclidean",0.914624920331421,0.123033460803059,0.918051044874416,0.128880672316144,0.366375,0.10575,FALSE,0,44,"raw","std"
"SPCA","Hausdorff",0.913751991714468,0.122400732950924,0.91775357331671,0.127434927200453,0.360875,0.085125,FALSE,0,44,"raw","std"
"SPCA","Ichino-Yaguchi",0.914220203951561,0.122271191841938,0.917833651474697,0.128028729450998,0.362625,0.09275,FALSE,0,44,"raw","std"
"SPCA","Wasserstein",0.914198773103888,0.122252549394519,0.917722112421975,0.128218199170184,0.3625,0.092625,FALSE,0,44,"raw","std"
"SPCA","Centers-Euclidean",0.914214786488209,0.122262906309751,0.917750523369092,0.128172980404761,0.362625,0.0925,FALSE,0,44,"raw","std"
"IMDS","Int-Euclidean",0.552580385595921,-0.0358436902485659,0.557083115822648,-0.0508722762757599,0.033625,-0.00275,TRUE,0,44,"raw","std"
"IMDS","Hausdorff",0.576349187380497,0.0219437539834288,0.580822807522151,0.00833496850189391,0.038375,-0.0055,TRUE,0,44,"raw","std"
"IMDS","Ichino-Yaguchi",0.579337555768005,0.0246610898661568,0.582272339562839,0.0133346970400293,0.0405,-0.00325,TRUE,0,44,"raw","std"
"IMDS","Wasserstein",0.572564611217336,0.00631755895474828,0.57554031082874,-0.00599979724592237,0.0385,-0.00475,TRUE,0,44,"raw","std"
"IMDS","Centers-Euclidean",0.566046685787126,-0.0153237731038879,0.570261300383791,-0.0285043242403631,0.04075,-0.005375,TRUE,0,44,"raw","std"
"Int-UMAP","Int-Euclidean",0.834427103250478,0.0456187061822817,0.896033991951422,0.033304078359461,0.498,-0.024875,FALSE,0,44,"raw","std"
"Int-UMAP","Hausdorff",0.831176784576163,0.0406926386233269,0.895531557196524,0.0248055030117979,0.4965,-0.036875,FALSE,0,44,"raw","std"
"Int-UMAP","Ichino-Yaguchi",0.835222115997451,0.0461835564053538,0.89929667994676,0.0310685082315426,0.501375,-0.032375,FALSE,0,44,"raw","std"
"Int-UMAP","Wasserstein",0.83371845124283,0.0430723390694709,0.897955815497884,0.0282901167324402,0.5005,-0.032625,FALSE,0,44,"raw","std"
"Int-UMAP","Centers-Euclidean",0.833831182281708,0.0438478330146591,0.897318819037252,0.0305087619701248,0.500125,-0.030375,FALSE,0,44,"raw","std"
"C-PCA","Int-Euclidean",0.920066921606119,0.112746335245379,0.923789188601553,0.117412470288467,0.3535,0.093375,FALSE,0,45,"raw","std"
"C-PCA","Hausdorff",0.918928059273423,0.112400095602294,0.922075017068191,0.118744899587685,0.34725,0.08225,FALSE,0,45,"raw","std"
"C-PCA","Ichino-Yaguchi",0.919414276609305,0.112789993626514,0.922601450715235,0.118606006220635,0.351,0.083375,FALSE,0,45,"raw","std"
"C-PCA","Wasserstein",0.919392367750159,0.112841140854047,0.922675577503663,0.118450765432895,0.350875,0.08275,FALSE,0,45,"raw","std"
"C-PCA","Centers-Euclidean",0.91941276290631,0.112788559592097,0.922627061852021,0.11854145352752,0.351,0.083125,FALSE,0,45,"raw","std"
"V-PCA","Int-Euclidean",0.920076800509879,0.112726258763544,0.923689133473257,0.117612756686065,0.3535,0.093375,FALSE,0,45,"raw","std"
"V-PCA","Hausdorff",0.918884002549395,0.112491395793499,0.922069912071092,0.118755296385177,0.34725,0.082125,FALSE,0,45,"raw","std"
"V-PCA","Ichino-Yaguchi",0.919420650095602,0.112778202676864,0.922587122198868,0.118635011270465,0.351,0.0835,FALSE,0,45,"raw","std"
"V-PCA","Wasserstein",0.91934902804334,0.112929094964946,0.922663368330376,0.118476322511878,0.35075,0.08275,FALSE,0,45,"raw","std"
"V-PCA","Centers-Euclidean",0.919419295729764,0.112777087316762,0.922623795140078,0.118548349895706,0.351,0.083375,FALSE,0,45,"raw","std"
"MR-PCA","Int-Euclidean",0.920745299553856,0.112146430847674,0.92266718393693,0.120438205342369,0.36025,0.10275,FALSE,0,45,"raw","std"
"MR-PCA","Hausdorff",0.919415391969407,0.112046207775653,0.92060940363091,0.122296352635829,0.353,0.091875,FALSE,0,45,"raw","std"
"MR-PCA","Ichino-Yaguchi",0.920138304652645,0.111617272147865,0.921731053667819,0.120695408102077,0.35625,0.088125,FALSE,0,45,"raw","std"
"MR-PCA","Wasserstein",0.920044933078394,0.111857871255577,0.921360760279171,0.121505836707308,0.356,0.088625,FALSE,0,45,"raw","std"
"MR-PCA","Centers-Euclidean",0.920148980242192,0.111625876354366,0.921801098932219,0.120602951986777,0.35625,0.0865,FALSE,0,45,"raw","std"
"SPCA","Int-Euclidean",0.920489244741874,0.112075366475462,0.921782552734399,0.121611330242464,0.356875,0.100875,FALSE,0,45,"raw","std"
"SPCA","Hausdorff",0.919385197578075,0.111671924792862,0.921639986528838,0.119845570185921,0.3515,0.08725,FALSE,0,45,"raw","std"
"SPCA","Ichino-Yaguchi",0.919936105799873,0.111961440407903,0.921726705160087,0.1206382305139,0.354625,0.088,FALSE,0,45,"raw","std"
"SPCA","Wasserstein",0.919952198852772,0.111938177182919,0.921765611424241,0.12055586433543,0.35475,0.087875,FALSE,0,45,"raw","std"
"SPCA","Centers-Euclidean",0.919936344805609,0.111959687699171,0.921835229663988,0.120414248459641,0.35475,0.087375,FALSE,0,45,"raw","std"
"IMDS","Int-Euclidean",0.579344725940089,-0.0713255258126195,0.587038177155544,-0.0815434253258523,0.0365,-0.001375,TRUE,0,45,"raw","std"
"IMDS","Hausdorff",0.599086440407903,-0.0147324729126833,0.616572976604721,-0.03540059731846,0.04875,-0.003375,TRUE,0,45,"raw","std"
"IMDS","Ichino-Yaguchi",0.613277087316762,-0.0187539834289356,0.626848693788628,-0.0327589906122389,0.05075,-0.004875,TRUE,0,45,"raw","std"
"IMDS","Wasserstein",0.606570745697897,-0.0407772466539197,0.620393719396033,-0.0560731949470648,0.049375,-0.00325,TRUE,0,45,"raw","std"
"IMDS","Centers-Euclidean",0.604549553855959,-0.0742622689611216,0.61872351125025,-0.0955303908487881,0.04725,-0.003875,TRUE,0,45,"raw","std"
"Int-UMAP","Int-Euclidean",0.825324569789675,0.0542692797960485,0.892591543316784,0.034458017750919,0.483125,-0.024875,FALSE,0,45,"raw","std"
"Int-UMAP","Hausdorff",0.822580943275972,0.0537976418100701,0.890066133910496,0.0330052188916645,0.475625,-0.03025,FALSE,0,45,"raw","std"
"Int-UMAP","Ichino-Yaguchi",0.825369184193754,0.0528413001912046,0.892249794473727,0.0341920049554905,0.48175,-0.031375,FALSE,0,45,"raw","std"
"Int-UMAP","Wasserstein",0.82477286488209,0.0525680369662206,0.89182437620068,0.0330756893681289,0.480625,-0.0305,FALSE,0,45,"raw","std"
"Int-UMAP","Centers-Euclidean",0.824922562141491,0.0526239643084767,0.891590507326186,0.0339609346118526,0.480625,-0.025,FALSE,0,45,"raw","std"
"C-PCA","Int-Euclidean",0.920296606118547,0.117908699808795,0.92266520469632,0.123559335464767,0.360125,0.11325,FALSE,0,46,"raw","std"
"C-PCA","Hausdorff",0.919111536010198,0.117894518801785,0.921803969860014,0.123322786197574,0.353625,0.095375,FALSE,0,46,"raw","std"
"C-PCA","Ichino-Yaguchi",0.919813416188655,0.117748565965583,0.922122538781302,0.123595923747407,0.358125,0.1035,FALSE,0,46,"raw","std"
"C-PCA","Wasserstein",0.919781230082855,0.117720841300191,0.922147446740163,0.123488946874679,0.357875,0.103,FALSE,0,46,"raw","std"
"C-PCA","Centers-Euclidean",0.919792543021033,0.117709369024857,0.922145085043266,0.123509928552431,0.358125,0.10275,FALSE,0,46,"raw","std"
"V-PCA","Int-Euclidean",0.920299713193117,0.117907903123008,0.922760508922118,0.123371688570419,0.360125,0.113125,FALSE,0,46,"raw","std"
"V-PCA","Hausdorff",0.918986057998725,0.118145156150414,0.92172748883829,0.123473127024022,0.35325,0.094875,FALSE,0,46,"raw","std"
"V-PCA","Ichino-Yaguchi",0.919822259400892,0.117736934353091,0.922066237313369,0.123710776426141,0.358125,0.1035,FALSE,0,46,"raw","std"
"V-PCA","Wasserstein",0.919760834926705,0.117769279796048,0.922129165073721,0.123528799736804,0.357875,0.103,FALSE,0,46,"raw","std"
"V-PCA","Centers-Euclidean",0.919801545570427,0.117698056086679,0.922088491215383,0.123626172020074,0.358125,0.10275,FALSE,0,46,"raw","std"
"MR-PCA","Int-Euclidean",0.914378664754621,0.126598311026131,0.917644708152693,0.131611641581287,0.351125,0.114375,FALSE,0,46,"raw","std"
"MR-PCA","Hausdorff",0.913272386870618,0.126469247928617,0.915068639228419,0.134795911643577,0.343375,0.108375,FALSE,0,46,"raw","std"
"MR-PCA","Ichino-Yaguchi",0.914009241555131,0.125559910771192,0.915216302540985,0.134811052946195,0.347375,0.10725,FALSE,0,46,"raw","std"
"MR-PCA","Wasserstein",0.913891332058636,0.125840662842575,0.916169627776097,0.133096176955434,0.34775,0.105375,FALSE,0,46,"raw","std"
"MR-PCA","Centers-Euclidean",0.914022147864882,0.125592415551307,0.916381320370038,0.132683124378069,0.349125,0.105,FALSE,0,46,"raw","std"
"SPCA","Int-Euclidean",0.913739404079031,0.127340822179732,0.915611965458962,0.135193496225806,0.346,0.108375,FALSE,0,46,"raw","std"
"SPCA","Hausdorff",0.912493228170809,0.12739913957935,0.914899003071763,0.134666129841767,0.342875,0.098875,FALSE,0,46,"raw","std"
"SPCA","Ichino-Yaguchi",0.913466220522626,0.126705226258764,0.915590180910887,0.134249118569936,0.345125,0.10275,FALSE,0,46,"raw","std"
"SPCA","Wasserstein",0.913394439133206,0.126769439133206,0.915529259153489,0.134309278613445,0.345,0.102375,FALSE,0,46,"raw","std"
"SPCA","Centers-Euclidean",0.913447737412365,0.126671765455704,0.915580587303586,0.134218311166862,0.345125,0.102125,FALSE,0,46,"raw","std"
"IMDS","Int-Euclidean",0.596053696622052,-0.0853709369024857,0.602056157079222,-0.101018500605874,0.04025,-0.002375,TRUE,0,46,"raw","std"
"IMDS","Hausdorff",0.624748087954111,-0.0279971319311664,0.631897637637776,-0.0425828894835886,0.0505,-0.000625000000000001,TRUE,0,46,"raw","std"
"IMDS","Ichino-Yaguchi",0.639233189929892,-0.0155170490758445,0.646619623477063,-0.0260938541972141,0.050125,-0.000125,FALSE,0,46,"raw","std"
"IMDS","Wasserstein",0.627792543021032,-0.0437998725302742,0.635934822432807,-0.0554786252249956,0.051125,0.000375,TRUE,0,46,"raw","std"
"IMDS","Centers-Euclidean",0.626982711918419,-0.0824208094327596,0.635455332176347,-0.0976468474342526,0.052125,-0.00775,TRUE,0,46,"raw","std"
"Int-UMAP","Int-Euclidean",0.890023342893563,0.0477194072657745,0.934748650196928,0.0306221573272696,0.54075,-0.02525,FALSE,0,46,"raw","std"
"Int-UMAP","Hausdorff",0.889680927342256,0.0495916188655194,0.933918433024025,0.0312358986970001,0.537125,-0.031625,FALSE,0,46,"raw","std"
"Int-UMAP","Ichino-Yaguchi",0.889910850860421,0.0484080624601657,0.934846595151712,0.0305409283884881,0.5415,-0.02725,FALSE,0,46,"raw","std"
"Int-UMAP","Wasserstein",0.889749282982792,0.0487423518164435,0.934426192312541,0.031170723539484,0.540375,-0.027125,FALSE,0,46,"raw","std"
"Int-UMAP","Centers-Euclidean",0.889890854047164,0.0484598470363289,0.934450596584895,0.0312859415082208,0.540875,-0.025875,FALSE,0,46,"raw","std"
"C-PCA","Int-Euclidean",0.917556564690886,0.115716061185469,0.919772259275807,0.124028145200239,0.3375,0.102,FALSE,0,47,"raw","std"
"C-PCA","Hausdorff",0.917064690885915,0.11431931166348,0.919809758224506,0.121936932435722,0.3375,0.090375,FALSE,0,47,"raw","std"
"C-PCA","Ichino-Yaguchi",0.917005178457616,0.115577278521351,0.920075990343208,0.122369704702376,0.337375,0.090875,FALSE,0,47,"raw","std"
"C-PCA","Wasserstein",0.916972195666029,0.115645474824729,0.92008293757051,0.122333392573008,0.337125,0.0905,FALSE,0,47,"raw","std"
"C-PCA","Centers-Euclidean",0.917003505417463,0.115577119184194,0.920099501329033,0.122311119692121,0.3375,0.09075,FALSE,0,47,"raw","std"
"V-PCA","Int-Euclidean",0.917553537284895,0.115720841300191,0.919771899850063,0.124026299984595,0.3375,0.101875,FALSE,0,47,"raw","std"
"V-PCA","Hausdorff",0.917068594646272,0.114314053537285,0.919870067113562,0.121815798176356,0.337375,0.09025,FALSE,0,47,"raw","std"
"V-PCA","Ichino-Yaguchi",0.916969247928617,0.115651051625239,0.920068478760977,0.122385313866212,0.33725,0.09075,FALSE,0,47,"raw","std"
"V-PCA","Wasserstein",0.916973709369025,0.115644040790312,0.920086758934699,0.122327894670579,0.337125,0.090625,FALSE,0,47,"raw","std"
"V-PCA","Centers-Euclidean",0.916967495219885,0.115650732950924,0.920110653443041,0.122290046318687,0.337375,0.0905,FALSE,0,47,"raw","std"
"MR-PCA","Int-Euclidean",0.915795012746973,0.118461281070746,0.91641312565669,0.130422778290421,0.340875,0.103625,FALSE,0,47,"raw","std"
"MR-PCA","Hausdorff",0.915074729126832,0.117492989165073,0.916408310460592,0.128196746006035,0.33525,0.0895,FALSE,0,47,"raw","std"
"MR-PCA","Ichino-Yaguchi",0.914981516889739,0.118247928616953,0.91626601475729,0.129079155720761,0.33675,0.092,FALSE,0,47,"raw","std"
"MR-PCA","Wasserstein",0.915003346080306,0.11824569789675,0.916193913270557,0.129260100940311,0.3375,0.091125,FALSE,0,47,"raw","std"
"MR-PCA","Centers-Euclidean",0.914912603569152,0.118422721478649,0.915813646910384,0.130039990832138,0.33775,0.092625,FALSE,0,47,"raw","std"
"SPCA","Int-Euclidean",0.915279397705545,0.118831899298916,0.915635968402777,0.131327901878286,0.33525,0.10125,FALSE,0,47,"raw","std"
"SPCA","Hausdorff",0.914422562141491,0.118246653919694,0.914975691048506,0.130694570046203,0.33425,0.091625,FALSE,0,47,"raw","std"
"SPCA","Ichino-Yaguchi",0.914776449968133,0.118576163161249,0.915235126598043,0.131071112815371,0.33475,0.094,FALSE,0,47,"raw","std"
"SPCA","Wasserstein",0.914776688973869,0.118584926704908,0.915280486852034,0.130965606698715,0.334875,0.09375,FALSE,0,47,"raw","std"
"SPCA","Centers-Euclidean",0.914776370299554,0.118577278521351,0.915271025350487,0.130988765615774,0.334875,0.094,FALSE,0,47,"raw","std"
"IMDS","Int-Euclidean",0.599290790312301,-0.105337476099426,0.604038623031123,-0.113712159324956,0.04125,-0.003125,TRUE,0,47,"raw","std"
"IMDS","Hausdorff",0.626484783301466,-0.0474784894837477,0.636411603081896,-0.0613422872246507,0.0515,-0.000625000000000001,TRUE,0,47,"raw","std"
"IMDS","Ichino-Yaguchi",0.636146908859146,-0.0477641810070109,0.644697672622877,-0.0561910465010549,0.05275,-0.004625,TRUE,0,47,"raw","std"
"IMDS","Wasserstein",0.628079668578713,-0.0670560866794137,0.636001748764582,-0.0791011884869121,0.05275,-0.00225,TRUE,0,47,"raw","std"
"IMDS","Centers-Euclidean",0.624080385595921,-0.100489643084767,0.631691531123391,-0.114176435881859,0.051875,-0.00375,TRUE,0,47,"raw","std"
"Int-UMAP","Int-Euclidean",0.82424012109624,0.019772147864882,0.890292662652358,0.0114114577549042,0.477375,-0.024875,FALSE,0,47,"raw","std"
"Int-UMAP","Hausdorff",0.821344725940089,0.0198768323773104,0.887269134372301,0.010383547679451,0.47275,-0.033875,FALSE,0,47,"raw","std"
"Int-UMAP","Ichino-Yaguchi",0.824221239643085,0.0191027724665392,0.890254196527472,0.0105776271324364,0.477625,-0.03225,FALSE,0,47,"raw","std"
"Int-UMAP","Wasserstein",0.823784576163161,0.0187033142128744,0.889837142606488,0.00996669890089719,0.476625,-0.0325,FALSE,0,47,"raw","std"
"Int-UMAP","Centers-Euclidean",0.823513304652645,0.0197210006373486,0.889371238024757,0.0113086786251482,0.476375,-0.02975,FALSE,0,47,"raw","std"
"C-PCA","Int-Euclidean",0.913889818355641,0.128627629063097,0.914954653500361,0.137483104537682,0.359625,0.109125,FALSE,0,48,"raw","std"
"C-PCA","Hausdorff",0.912722275334608,0.129178776290631,0.914638161379622,0.136484443038728,0.3575,0.0935,FALSE,0,48,"raw","std"
"C-PCA","Ichino-Yaguchi",0.913317399617591,0.128956022944551,0.914822073700809,0.136896012065275,0.358875,0.09875,FALSE,0,48,"raw","std"
"C-PCA","Wasserstein",0.91329270235819,0.128992670490758,0.914932749961147,0.136633406297506,0.359125,0.098375,FALSE,0,48,"raw","std"
"C-PCA","Centers-Euclidean",0.913305927342256,0.128952836201402,0.914812943476565,0.136864122653166,0.35875,0.098,FALSE,0,48,"raw","std"
"V-PCA","Int-Euclidean",0.913873884639898,0.12866459528362,0.914857522824548,0.137684053703132,0.359625,0.109,FALSE,0,48,"raw","std"
"V-PCA","Hausdorff",0.912722833014659,0.129180847673677,0.914649974129023,0.136461994230081,0.3575,0.093375,FALSE,0,48,"raw","std"
"V-PCA","Ichino-Yaguchi",0.913391650732951,0.128811344805609,0.914821070912578,0.136897768570678,0.359,0.099375,FALSE,0,48,"raw","std"
"V-PCA","Wasserstein",0.913368626513703,0.128842415551307,0.914977399040496,0.136541966724789,0.358875,0.09825,FALSE,0,48,"raw","std"
"V-PCA","Centers-Euclidean",0.913380417463352,0.128808636073932,0.914955565019403,0.136581825771041,0.358875,0.09825,FALSE,0,48,"raw","std"
"MR-PCA","Int-Euclidean",0.910335484384958,0.133976896112173,0.91364603501052,0.139113823085509,0.355,0.11525,FALSE,0,48,"raw","std"
"MR-PCA","Hausdorff",0.909780433397068,0.133136711281071,0.912608307099839,0.139360029400621,0.35,0.102875,FALSE,0,48,"raw","std"
"MR-PCA","Ichino-Yaguchi",0.910193753983429,0.132893244104525,0.913013363600585,0.139043077522002,0.352,0.104375,FALSE,0,48,"raw","std"
"MR-PCA","Wasserstein",0.910075685149777,0.133165710643722,0.912979414340966,0.13917105846329,0.352875,0.105,FALSE,0,48,"raw","std"
"MR-PCA","Centers-Euclidean",0.910059751434035,0.133195984703633,0.913269093258516,0.138583495357469,0.352,0.102875,FALSE,0,48,"raw","std"
"SPCA","Int-Euclidean",0.912283699808795,0.129455226258764,0.914546651115932,0.136821902123263,0.3535,0.113375,FALSE,0,48,"raw","std"
"SPCA","Hausdorff",0.911164037603569,0.129871096239643,0.914110914733082,0.136073729340963,0.350625,0.0965,FALSE,0,48,"raw","std"
"SPCA","Ichino-Yaguchi",0.912463193116635,0.128333970681963,0.914588268906668,0.135968560152623,0.353125,0.105125,FALSE,0,48,"raw","std"
"SPCA","Wasserstein",0.912375717017208,0.128488209050351,0.914674361981452,0.135747391876292,0.353125,0.105,FALSE,0,48,"raw","std"
"SPCA","Centers-Euclidean",0.912455226258764,0.12831994901211,0.914673447157101,0.135740452858952,0.353125,0.104625,FALSE,0,48,"raw","std"
"IMDS","Int-Euclidean",0.584625796685787,-0.0733236137667304,0.589526093903883,-0.0841561336051279,0.04125,-0.004625,TRUE,0,48,"raw","std"
"IMDS","Hausdorff",0.632400334608031,-0.0210524219247927,0.641068959352968,-0.0405799544967647,0.05975,-0.003875,TRUE,0,48,"raw","std"
"IMDS","Ichino-Yaguchi",0.638651131293818,-0.0252719885277246,0.645924090946079,-0.0381190925590704,0.060625,-0.00525,TRUE,0,48,"raw","std"
"IMDS","Wasserstein",0.628338033779477,-0.0482104843849587,0.635966640407583,-0.0603980042499029,0.059875,-0.003125,TRUE,0,48,"raw","std"
"IMDS","Centers-Euclidean",0.619241156787763,-0.0747713511790949,0.627193735572857,-0.0887555804285421,0.0565,-0.005875,TRUE,0,48,"raw","std"
"Int-UMAP","Int-Euclidean",0.883638145315488,0.0233530911408542,0.932034015770975,0.0139742968050154,0.543875,-0.02125,FALSE,0,48,"raw","std"
"Int-UMAP","Hausdorff",0.882674872530274,0.0209590503505418,0.931580606325108,0.0109218847053481,0.53625,-0.030625,FALSE,0,48,"raw","std"
"Int-UMAP","Ichino-Yaguchi",0.883490041427661,0.0230336201402167,0.932730795683087,0.0121968664472453,0.54175,-0.028625,FALSE,0,48,"raw","std"
"Int-UMAP","Wasserstein",0.882827039515615,0.0233236137667303,0.932018629875459,0.0124315246509551,0.5405,-0.026875,FALSE,0,48,"raw","std"
"Int-UMAP","Centers-Euclidean",0.882281867431485,0.0245095602294455,0.931530004809972,0.013474876705561,0.541125,-0.024,FALSE,0,48,"raw","std"
"C-PCA","Int-Euclidean",0.919438495857234,0.116177501593372,0.923597961843849,0.119876747143914,0.359375,0.0975,FALSE,0,49,"raw","std"
"C-PCA","Hausdorff",0.919130975143403,0.114682281708094,0.922852745394275,0.119512352986234,0.359,0.083375,FALSE,0,49,"raw","std"
"C-PCA","Ichino-Yaguchi",0.919328314212874,0.115384480560867,0.922874566620623,0.120401888948086,0.359375,0.087125,FALSE,0,49,"raw","std"
"C-PCA","Wasserstein",0.919375717017208,0.115296367112811,0.922872290968393,0.120394839256192,0.359125,0.087375,FALSE,0,49,"raw","std"
"C-PCA","Centers-Euclidean",0.919374920331421,0.115290630975143,0.923006406670601,0.120128456692599,0.3595,0.087,FALSE,0,49,"raw","std"
"V-PCA","Int-Euclidean",0.919388304652645,0.116281389420013,0.923485820691698,0.1201030062365,0.3595,0.0975,FALSE,0,49,"raw","std"
"V-PCA","Hausdorff",0.919074490121096,0.114796845124283,0.922816320671141,0.11958442024702,0.358875,0.083375,FALSE,0,49,"raw","std"
"V-PCA","Ichino-Yaguchi",0.919398103887827,0.115246494582537,0.922898512094703,0.120356345835848,0.3595,0.08725,FALSE,0,49,"raw","std"
"V-PCA","Wasserstein",0.919455544933078,0.115136711281071,0.92298799460437,0.120161528978991,0.359125,0.087,FALSE,0,49,"raw","std"
"V-PCA","Centers-Euclidean",0.919444550669216,0.115152326322498,0.923012864178993,0.120119591212978,0.359625,0.08725,FALSE,0,49,"raw","std"
"MR-PCA","Int-Euclidean",0.916896988527725,0.120396908859146,0.919610682423141,0.127344670715266,0.36,0.11725,FALSE,0,49,"raw","std"
"MR-PCA","Hausdorff",0.916058715742511,0.119638782664117,0.918601084828144,0.127190601926275,0.3555,0.099,FALSE,0,49,"raw","std"
"MR-PCA","Ichino-Yaguchi",0.916317558954748,0.119989802421925,0.918933685427688,0.127284259681486,0.357375,0.103,FALSE,0,49,"raw","std"
"MR-PCA","Wasserstein",0.91633604206501,0.119956978967495,0.91905739569595,0.127026880567527,0.357125,0.103375,FALSE,0,49,"raw","std"
"MR-PCA","Centers-Euclidean",0.916317001274697,0.119992829827916,0.919033860400107,0.127080580970186,0.357375,0.103,FALSE,0,49,"raw","std"
"SPCA","Int-Euclidean",0.916548836838751,0.120733110261313,0.920855821805693,0.12457752814375,0.358,0.103875,FALSE,0,49,"raw","std"
"SPCA","Hausdorff",0.915765933715742,0.120349267049076,0.920038070447361,0.124458868175048,0.35475,0.09175,FALSE,0,49,"raw","std"
"SPCA","Ichino-Yaguchi",0.91603840025494,0.12068005098789,0.920494716217648,0.124333808914048,0.35725,0.093375,FALSE,0,49,"raw","std"
"SPCA","Wasserstein",0.916058954748247,0.120639579349904,0.920483967671259,0.124340630006478,0.357,0.09325,FALSE,0,49,"raw","std"
"SPCA","Centers-Euclidean",0.916057839388145,0.120642766093053,0.920458755197439,0.124389686342769,0.35725,0.093625,FALSE,0,49,"raw","std"
"IMDS","Int-Euclidean",0.598183397068196,-0.0848180369662205,0.600849490965289,-0.0960777850622533,0.04425,-0.00475,TRUE,0,49,"raw","std"
"IMDS","Hausdorff",0.641434512428298,-0.0437609942638623,0.64761110509758,-0.056940038360355,0.055625,-0.000375,TRUE,0,49,"raw","std"
"IMDS","Ichino-Yaguchi",0.651757568514978,-0.0462748565965584,0.655732801067628,-0.0560490077589047,0.0555,-0.002375,TRUE,0,49,"raw","std"
"IMDS","Wasserstein",0.641052899936265,-0.068472594008923,0.646027592019388,-0.0787007022694979,0.0575,-0.001375,TRUE,0,49,"raw","std"
"IMDS","Centers-Euclidean",0.632523900573614,-0.0910783938814531,0.63849823927233,-0.104419498527837,0.058,-0.003375,TRUE,0,49,"raw","std"
"Int-UMAP","Int-Euclidean",0.905787603569152,0.0411115360101976,0.944314758389984,0.0241566790878062,0.549375,-0.031,FALSE,0,49,"raw","std"
"Int-UMAP","Hausdorff",0.906431564690886,0.0419784894837476,0.943766178316795,0.0248876258768453,0.54625,-0.035875,FALSE,0,49,"raw","std"
"Int-UMAP","Ichino-Yaguchi",0.90600868387508,0.0413548438495858,0.944518262559621,0.0235656494587566,0.549875,-0.040375,FALSE,0,49,"raw","std"
"Int-UMAP","Wasserstein",0.905909815168897,0.041431803696622,0.944260764454523,0.0239776701398432,0.54875,-0.03925,FALSE,0,49,"raw","std"
"Int-UMAP","Centers-Euclidean",0.905851179094965,0.0416418100701084,0.944158295384116,0.0242359478714746,0.548875,-0.036625,FALSE,0,49,"raw","std"
"C-PCA","Int-Euclidean",0.923833173996176,0.107050669216061,0.925503756025686,0.115830127396435,0.364,0.108875,FALSE,0,50,"raw","std"
"C-PCA","Hausdorff",0.923031150414277,0.106721637985978,0.92431975239266,0.116330885613093,0.361875,0.09625,FALSE,0,50,"raw","std"
"C-PCA","Ichino-Yaguchi",0.92343068833652,0.106838750796686,0.924776478983094,0.11622771517735,0.36275,0.102375,FALSE,0,50,"raw","std"
"C-PCA","Wasserstein",0.923429493307839,0.106818833652008,0.924753434259144,0.116268489261199,0.36275,0.102875,FALSE,0,50,"raw","std"
"C-PCA","Centers-Euclidean",0.923427979604844,0.106836520076482,0.924724550439534,0.116314348830159,0.36275,0.10175,FALSE,0,50,"raw","std"
"V-PCA","Int-Euclidean",0.923897864882091,0.106924792861695,0.925481593819353,0.115875503537236,0.364375,0.109125,FALSE,0,50,"raw","std"
"V-PCA","Hausdorff",0.923010356915233,0.106770554493308,0.924384501698375,0.116207464932586,0.362125,0.096,FALSE,0,50,"raw","std"
"V-PCA","Ichino-Yaguchi",0.923367511153601,0.106967335882728,0.924765273451021,0.116252847257514,0.362625,0.102375,FALSE,0,50,"raw","std"
"V-PCA","Wasserstein",0.923360022307202,0.106959687699171,0.924709318400841,0.116360967554059,0.3625,0.102875,FALSE,0,50,"raw","std"
"V-PCA","Centers-Euclidean",0.923355003186743,0.106983747609943,0.924710776682036,0.116341904022003,0.362625,0.10175,FALSE,0,50,"raw","std"
"MR-PCA","Int-Euclidean",0.917621653919694,0.117361536010198,0.921475224850604,0.122578130264505,0.3525,0.10925,FALSE,0,50,"raw","std"
"MR-PCA","Hausdorff",0.917555608667941,0.115366156787763,0.921668229225043,0.120133086045009,0.34925,0.0885,FALSE,0,50,"raw","std"
"MR-PCA","Ichino-Yaguchi",0.917486456341619,0.115985978330147,0.921157508805771,0.121616902141175,0.351375,0.098375,FALSE,0,50,"raw","std"
"MR-PCA","Wasserstein",0.917563336520076,0.115884161886552,0.921116146909958,0.121805222678909,0.350625,0.0985,FALSE,0,50,"raw","std"
"MR-PCA","Centers-Euclidean",0.917578393881453,0.115861057998725,0.921114220447676,0.121808643567544,0.351375,0.0975,FALSE,0,50,"raw","std"
"SPCA","Int-Euclidean",0.917521510516252,0.117129700446144,0.920501795017589,0.124178291546545,0.351875,0.10825,FALSE,0,50,"raw","std"
"SPCA","Hausdorff",0.916791746335245,0.116593690248566,0.920429445312781,0.122429174469329,0.349125,0.089875,FALSE,0,50,"raw","std"
"SPCA","Ichino-Yaguchi",0.917390774378585,0.116293658381134,0.920795794827545,0.12252024086195,0.35075,0.098375,FALSE,0,50,"raw","std"
"SPCA","Wasserstein",0.917305210325048,0.116437699171447,0.920731161420906,0.122632879623104,0.350625,0.0985,FALSE,0,50,"raw","std"
"SPCA","Centers-Euclidean",0.917340423836839,0.116381612492033,0.920773274368319,0.122542194087428,0.350625,0.09725,FALSE,0,50,"raw","std"
"IMDS","Int-Euclidean",0.594541826003824,-0.085350063734863,0.606373798125519,-0.111018719822525,0.043625,-0.00325,TRUE,0,50,"raw","std"
"IMDS","Hausdorff",0.626991475462078,-0.01630321861058,0.635934046964566,-0.0328105527995673,0.053625,-0.007875,TRUE,0,50,"raw","std"
"IMDS","Ichino-Yaguchi",0.631258604206501,-0.0160535372848948,0.638346629953422,-0.0287306517848415,0.056625,-0.003375,TRUE,0,50,"raw","std"
"IMDS","Wasserstein",0.621900812619503,-0.034169056724028,0.629239351273956,-0.0495571972920858,0.052875,-0.00625,TRUE,0,50,"raw","std"
"IMDS","Centers-Euclidean",0.613727772466539,-0.0623535691523263,0.618182581795533,-0.0725546216243835,0.052625,-0.003625,TRUE,0,50,"raw","std"
"Int-UMAP","Int-Euclidean",0.8909393722116,0.0171757488846399,0.934831017228382,0.0118504798285709,0.553,-0.025625,FALSE,0,50,"raw","std"
"Int-UMAP","Hausdorff",0.890557361376673,0.0180602294455067,0.934396728464438,0.0105975225362394,0.5485,-0.034875,FALSE,0,50,"raw","std"
"Int-UMAP","Ichino-Yaguchi",0.891261073932441,0.0166438814531549,0.935400857798168,0.0102604347125899,0.55125,-0.03475,FALSE,0,50,"raw","std"
"Int-UMAP","Wasserstein",0.890890933715742,0.0167955704270236,0.935047016640506,0.0104661979012863,0.550875,-0.034375,FALSE,0,50,"raw","std"
"Int-UMAP","Centers-Euclidean",0.890856915232632,0.0170487571701721,0.935005232304823,0.010743681613148,0.55125,-0.033625,FALSE,0,50,"raw","std"
"C-PCA","Int-Euclidean",0.915686583811345,0.125315806246017,0.917939637181089,0.131805321411701,0.36625,0.109125,FALSE,0,51,"raw","std"
"C-PCA","Hausdorff",0.914935787125558,0.124813575525813,0.917168936156093,0.131477174769921,0.363625,0.095375,FALSE,0,51,"raw","std"
"C-PCA","Ichino-Yaguchi",0.915173040152964,0.125323773103888,0.917371850701178,0.131946948589516,0.365125,0.101125,FALSE,0,51,"raw","std"
"C-PCA","Wasserstein",0.915110181644359,0.125363448056087,0.917326638759619,0.131998722103402,0.365,0.1,FALSE,0,51,"raw","std"
"C-PCA","Centers-Euclidean",0.915150414276609,0.125282026768642,0.917378577219108,0.13187842739263,0.365,0.100625,FALSE,0,51,"raw","std"
"V-PCA","Int-Euclidean",0.915626035691523,0.125453792224347,0.917845796141139,0.132003800124911,0.366125,0.10925,FALSE,0,51,"raw","std"
"V-PCA","Hausdorff",0.914930768005099,0.124837954110899,0.917220823223351,0.13138664874208,0.363625,0.096,FALSE,0,51,"raw","std"
"V-PCA","Ichino-Yaguchi",0.915173438495857,0.125319789674952,0.917388900979924,0.131921053302742,0.365,0.100875,FALSE,0,51,"raw","std"
"V-PCA","Wasserstein",0.915160850860421,0.125265615041428,0.917318170876735,0.132023887449906,0.364875,0.099875,FALSE,0,51,"raw","std"
"V-PCA","Centers-Euclidean",0.91511878585086,0.125343371574251,0.917369815163685,0.131903927321747,0.36475,0.1005,FALSE,0,51,"raw","std"
"MR-PCA","Int-Euclidean",0.912944391332059,0.127395793499044,0.915158590665533,0.135070832141289,0.35,0.113125,FALSE,0,51,"raw","std"
"MR-PCA","Hausdorff",0.911924553855959,0.127414754620778,0.914522582705666,0.134454360585972,0.345,0.106625,FALSE,0,51,"raw","std"
"MR-PCA","Ichino-Yaguchi",0.912180210325048,0.127321542383684,0.91512681235447,0.133554032468971,0.347375,0.105875,FALSE,0,51,"raw","std"
"MR-PCA","Wasserstein",0.912416108986616,0.126884480560867,0.915523451938071,0.1329210655004,0.34825,0.102125,FALSE,0,51,"raw","std"
"MR-PCA","Centers-Euclidean",0.91230879541109,0.127079987253027,0.915154813016727,0.133616190198849,0.347875,0.101,FALSE,0,51,"raw","std"
"SPCA","Int-Euclidean",0.913173597833015,0.1265160930529,0.915967999955986,0.133168020521408,0.35025,0.10825,FALSE,0,51,"raw","std"
"SPCA","Hausdorff",0.912635994263862,0.125497609942639,0.915161966132819,0.132868378228392,0.347875,0.099375,FALSE,0,51,"raw","std"
"SPCA","Ichino-Yaguchi",0.913020793499044,0.125789196940727,0.915737724379331,0.132627533764909,0.35075,0.101875,FALSE,0,51,"raw","std"
"SPCA","Wasserstein",0.913003266411727,0.125748725302741,0.915747708759505,0.132577732774391,0.350875,0.1015,FALSE,0,51,"raw","std"
"SPCA","Centers-Euclidean",0.91300493945188,0.125732632249841,0.915742175564901,0.132558853060188,0.35075,0.1015,FALSE,0,51,"raw","std"
"IMDS","Int-Euclidean",0.553378664754621,-0.0229647864882091,0.562412347458904,-0.0372890470490112,0.033625,-0.003625,TRUE,0,51,"raw","std"
"IMDS","Hausdorff",0.579449729126832,0.0040600701083493,0.589183050552383,-0.0046578872530379,0.042375,-0.003,TRUE,0,51,"raw","std"
"IMDS","Ichino-Yaguchi",0.581529796048438,0.012968132568515,0.591934064280122,0.00268603262387312,0.04225,-0.00625,TRUE,0,51,"raw","std"
"IMDS","Wasserstein",0.575129780114723,-0.00466140854047159,0.586231269237967,-0.0126790174777939,0.04325,-0.003875,TRUE,0,51,"raw","std"
"IMDS","Centers-Euclidean",0.570297801147228,-0.0214206500956022,0.579865016814002,-0.0266187125977583,0.04475,-0.002875,TRUE,0,51,"raw","std"
"Int-UMAP","Int-Euclidean",0.809532903123008,0.0079580943275972,0.881172089272015,0.00739744691075971,0.474875,-0.018875,FALSE,0,51,"raw","std"
"Int-UMAP","Hausdorff",0.808979206500956,0.00388288718929264,0.881402141793595,0.00399965620517041,0.4695,-0.026125,FALSE,0,51,"raw","std"
"Int-UMAP","Ichino-Yaguchi",0.810776290630975,0.00571446781389418,0.883297292879075,0.00406473518884448,0.474875,-0.02525,FALSE,0,51,"raw","std"
"Int-UMAP","Wasserstein",0.809869821542384,0.00662237093690254,0.882621164327019,0.00454246456836241,0.47475,-0.026875,FALSE,0,51,"raw","std"
"Int-UMAP","Centers-Euclidean",0.808205226258764,0.0107243467176545,0.881717578454398,0.00679450878495803,0.472875,-0.02575,FALSE,0,51,"raw","std"
"C-PCA","Int-Euclidean",0.913397307202039,0.126033938814532,0.913460029148991,0.138241324820903,0.3475,0.10275,FALSE,0,52,"raw","std"
"C-PCA","Hausdorff",0.912633365200765,0.124992670490758,0.912611188370053,0.137716146125213,0.344625,0.08975,FALSE,0,52,"raw","std"
"C-PCA","Ichino-Yaguchi",0.913589866156788,0.124413320586361,0.913169124388134,0.13763813271939,0.3465,0.093375,FALSE,0,52,"raw","std"
"C-PCA","Wasserstein",0.913563894200127,0.124447737412365,0.91327103827318,0.137404676582083,0.346375,0.0935,FALSE,0,52,"raw","std"
"C-PCA","Centers-Euclidean",0.913541188655194,0.124475940089229,0.913159548693477,0.137618091242235,0.346375,0.093,FALSE,0,52,"raw","std"
"V-PCA","Int-Euclidean",0.913373884639898,0.126088750796686,0.91346943787221,0.138232807145132,0.3475,0.10275,FALSE,0,52,"raw","std"
"V-PCA","Hausdorff",0.912632648183556,0.125003027405991,0.912574654251839,0.137792642074141,0.34475,0.089375,FALSE,0,52,"raw","std"
"V-PCA","Ichino-Yaguchi",0.913457695984704,0.124682122370937,0.913299742006738,0.137377059975458,0.346375,0.093375,FALSE,0,52,"raw","std"
"V-PCA","Wasserstein",0.91344494901211,0.124687221159974,0.913220155060382,0.137504265768373,0.3465,0.093875,FALSE,0,52,"raw","std"
"V-PCA","Centers-Euclidean",0.913451959847036,0.124660133843212,0.913298599649151,0.137338671045541,0.34625,0.093,FALSE,0,52,"raw","std"
"MR-PCA","Int-Euclidean",0.912796207775653,0.126215742511154,0.913291486836509,0.138004875992467,0.34475,0.10825,FALSE,0,52,"raw","std"
"MR-PCA","Hausdorff",0.912234145952836,0.125369184193754,0.913197051587222,0.136202775231623,0.340125,0.102,FALSE,0,52,"raw","std"
"MR-PCA","Ichino-Yaguchi",0.912243467176546,0.125743148502231,0.913059788910572,0.136850870921312,0.340375,0.094375,FALSE,0,52,"raw","std"
"MR-PCA","Wasserstein",0.912263224984066,0.125726896112173,0.91269950474523,0.137625231776827,0.34075,0.095,FALSE,0,52,"raw","std"
"MR-PCA","Centers-Euclidean",0.912203632887189,0.125837157425112,0.912525034306979,0.137966543146187,0.34075,0.0945,FALSE,0,52,"raw","std"
"SPCA","Int-Euclidean",0.911617829827916,0.128088113448056,0.911921406757605,0.140178784186922,0.340875,0.109625,FALSE,0,52,"raw","std"
"SPCA","Hausdorff",0.91059775334608,0.128125398342894,0.911327503748434,0.13959931546402,0.33825,0.10275,FALSE,0,52,"raw","std"
"SPCA","Ichino-Yaguchi",0.91141459528362,0.127523900573614,0.911449866090187,0.140143992073399,0.340375,0.104875,FALSE,0,52,"raw","std"
"SPCA","Wasserstein",0.911444072657744,0.127433715742511,0.911410791468497,0.140190803997966,0.34025,0.105125,FALSE,0,52,"raw","std"
"SPCA","Centers-Euclidean",0.911429971319312,0.127451402166985,0.911365122221386,0.140274720686426,0.340125,0.104875,FALSE,0,52,"raw","std"
"IMDS","Int-Euclidean",0.588024856596558,-0.0888463989802422,0.586449662440477,-0.0947084776793948,0.04025,-0.002875,TRUE,0,52,"raw","std"
"IMDS","Hausdorff",0.632184193753983,-0.0464356277884003,0.642228005980606,-0.0670391974299278,0.05575,-0.00325,TRUE,0,52,"raw","std"
"IMDS","Ichino-Yaguchi",0.641338671128107,-0.0451696940726577,0.64871097783677,-0.0567199224518964,0.05575,-0.001,TRUE,0,52,"raw","std"
"IMDS","Wasserstein",0.631046287444232,-0.0652499999999999,0.637934035214724,-0.0851426880755183,0.056,-0.001875,TRUE,0,52,"raw","std"
"IMDS","Centers-Euclidean",0.621201242829828,-0.0832361376673041,0.624082456765273,-0.0957966925922343,0.05525,-0.0045,TRUE,0,52,"raw","std"
"Int-UMAP","Int-Euclidean",0.80322092096877,-0.0109663798597833,0.874105729342328,-0.01042986551357,0.4985,-0.0235,FALSE,0,52,"raw","std"
"Int-UMAP","Hausdorff",0.800464228808158,-0.0163733269598469,0.871034382724295,-0.0152366149468907,0.494625,-0.028125,FALSE,0,52,"raw","std"
"Int-UMAP","Ichino-Yaguchi",0.803895793499044,-0.0131516889738686,0.875540640613322,-0.0135361294203929,0.499625,-0.0295,FALSE,0,52,"raw","std"
"Int-UMAP","Wasserstein",0.802865280433397,-0.01400557680051,0.873885616312687,-0.0135954411722308,0.49825,-0.030125,FALSE,0,52,"raw","std"
"Int-UMAP","Centers-Euclidean",0.802871096239643,-0.0132071383046527,0.873965137259478,-0.0130103018178264,0.496875,-0.029625,FALSE,0,52,"raw","std"
"C-PCA","Int-Euclidean",0.917392527087317,0.122625398342894,0.919662484831828,0.128737082211021,0.378375,0.102375,FALSE,0,53,"raw","std"
"C-PCA","Hausdorff",0.915802421924793,0.123117909496495,0.918435070650882,0.12898946646932,0.37,0.087875,FALSE,0,53,"raw","std"
"C-PCA","Ichino-Yaguchi",0.917170968769917,0.121805608667941,0.918973399040326,0.129054652075879,0.374875,0.095875,FALSE,0,53,"raw","std"
"C-PCA","Wasserstein",0.917132090503505,0.12184098151689,0.918911215720956,0.129133473256677,0.374875,0.093875,FALSE,0,53,"raw","std"
"C-PCA","Centers-Euclidean",0.917162205226259,0.121772785213512,0.918932855368531,0.129105803125364,0.375,0.0955,FALSE,0,53,"raw","std"
"V-PCA","Int-Euclidean",0.917382966857871,0.122651210962396,0.919647720441108,0.128772491457801,0.3785,0.10275,FALSE,0,53,"raw","std"
"V-PCA","Hausdorff",0.915840025493945,0.123047801147227,0.918377394707342,0.129108754873306,0.37,0.08775,FALSE,0,53,"raw","std"
"V-PCA","Ichino-Yaguchi",0.917041746335245,0.122078075207138,0.91909121082398,0.128824018459577,0.374625,0.0955,FALSE,0,53,"raw","std"
"V-PCA","Wasserstein",0.916999043977055,0.122123645634162,0.918963189152751,0.129036468395868,0.374625,0.0935,FALSE,0,53,"raw","std"
"V-PCA","Centers-Euclidean",0.917033062460166,0.122045411089866,0.91898322561863,0.12901141564313,0.37475,0.09525,FALSE,0,53,"raw","std"
"MR-PCA","Int-Euclidean",0.913788639260676,0.125198056086679,0.915668809957247,0.133540497759981,0.3525,0.099125,FALSE,0,53,"raw","std"
"MR-PCA","Hausdorff",0.912989404079031,0.124039037603569,0.915305140408691,0.131866991448503,0.346625,0.09325,FALSE,0,53,"raw","std"
"MR-PCA","Ichino-Yaguchi",0.912853011472275,0.125215901848311,0.914814781655098,0.133669225487953,0.348125,0.082625,FALSE,0,53,"raw","std"
"MR-PCA","Wasserstein",0.912799633524538,0.125384480560867,0.915436182493,0.132511426561313,0.34725,0.083875,FALSE,0,53,"raw","std"
"MR-PCA","Centers-Euclidean",0.912914196940727,0.125117112810707,0.914834831128969,0.13370347808968,0.348,0.08475,FALSE,0,53,"raw","std"
"SPCA","Int-Euclidean",0.912654636711281,0.126891172721479,0.915586368716266,0.133228459063892,0.35,0.090875,FALSE,0,53,"raw","std"
"SPCA","Hausdorff",0.911614722753346,0.126088272785214,0.914189556254319,0.133686305834353,0.345125,0.083375,FALSE,0,53,"raw","std"
"SPCA","Ichino-Yaguchi",0.912297163798598,0.126374442319949,0.914976096855205,0.133479770482725,0.34825,0.085625,FALSE,0,53,"raw","std"
"SPCA","Wasserstein",0.912303457616316,0.126320427023582,0.914879758813917,0.133616935279568,0.348,0.085125,FALSE,0,53,"raw","std"
"SPCA","Centers-Euclidean",0.912283460803059,0.126348311026131,0.915019892205116,0.133359754057683,0.34825,0.08525,FALSE,0,53,"raw","std"
"IMDS","Int-Euclidean",0.558038479923518,-0.0332608349267048,0.570952663959981,-0.0535031874271659,0.035375,0.00025,TRUE,0,53,"raw","std"
"IMDS","Hausdorff",0.581594725940089,0.0161681007010835,0.59040253998742,-0.00119918076093251,0.046125,-0.003375,TRUE,0,53,"raw","std"
"IMDS","Ichino-Yaguchi",0.58402413957935,0.0235750478011472,0.592927905998194,0.0122739795294297,0.0455,-0.00325,TRUE,0,53,"raw","std"
"IMDS","Wasserstein",0.576731357552581,0.00531931166347988,0.586833120556705,-0.00657966495165896,0.044875,-0.002625,TRUE,0,53,"raw","std"
"IMDS","Centers-Euclidean",0.574453632887189,-0.0225442957297642,0.584148669683327,-0.0316187394667252,0.042875,0.001625,TRUE,0,53,"raw","std"
"Int-UMAP","Int-Euclidean",0.793362731038878,0.0246518483110262,0.869948071349817,0.0175618862680131,0.45225,-0.025,FALSE,0,53,"raw","std"
"Int-UMAP","Hausdorff",0.789706261950287,0.021754142766093,0.867538411640592,0.0113792137150808,0.44875,-0.0375,FALSE,0,53,"raw","std"
"Int-UMAP","Ichino-Yaguchi",0.79385149776928,0.0236223709369024,0.871515124946667,0.0145878264216968,0.45375,-0.034375,FALSE,0,53,"raw","std"
"Int-UMAP","Wasserstein",0.792942399617591,0.0225447737412364,0.870636495439697,0.0133322809654608,0.452,-0.03475,FALSE,0,53,"raw","std"
"Int-UMAP","Centers-Euclidean",0.794044375398343,0.0212789993626513,0.87059046783307,0.0144038405307192,0.451875,-0.030375,FALSE,0,53,"raw","std"
"C-PCA","Int-Euclidean",0.919668021032505,0.117976577437858,0.921430279253012,0.125190982058183,0.3715,0.104875,FALSE,0,54,"raw","std"
"C-PCA","Hausdorff",0.918910611854685,0.117118865519439,0.920493164961298,0.125070672206962,0.366125,0.09275,FALSE,0,54,"raw","std"
"C-PCA","Ichino-Yaguchi",0.919255497131931,0.117851019757807,0.921142552813727,0.124851316306426,0.368625,0.095875,FALSE,0,54,"raw","std"
"C-PCA","Wasserstein",0.91921717654557,0.117929891650733,0.921057324450538,0.124996239837346,0.3685,0.095375,FALSE,0,54,"raw","std"
"C-PCA","Centers-Euclidean",0.919254700446144,0.117851338432122,0.921151828471586,0.124825370480405,0.368625,0.0955,FALSE,0,54,"raw","std"
"V-PCA","Int-Euclidean",0.919735101975781,0.117846239643085,0.921492390495312,0.125061607129301,0.371375,0.10475,FALSE,0,54,"raw","std"
"V-PCA","Hausdorff",0.918998486297004,0.116942797960484,0.92047228660112,0.125116462684293,0.36625,0.093375,FALSE,0,54,"raw","std"
"V-PCA","Ichino-Yaguchi",0.919182441045252,0.118006373486297,0.921173101549683,0.124800339478735,0.368625,0.09575,FALSE,0,54,"raw","std"
"V-PCA","Wasserstein",0.91918690248566,0.118000318674315,0.92109617964233,0.124926129532987,0.368375,0.095125,FALSE,0,54,"raw","std"
"V-PCA","Centers-Euclidean",0.919181644359465,0.118006692160612,0.921155456208616,0.124828232238632,0.368625,0.095375,FALSE,0,54,"raw","std"
"MR-PCA","Int-Euclidean",0.914228170809433,0.125970363288719,0.916883527485077,0.13238236872889,0.352625,0.1055,FALSE,0,54,"raw","std"
"MR-PCA","Hausdorff",0.913459528362014,0.124951242829828,0.915729818079181,0.132461161548001,0.346,0.09725,FALSE,0,54,"raw","std"
"MR-PCA","Ichino-Yaguchi",0.913920012746973,0.125096239643085,0.916187242623018,0.132352548227237,0.34725,0.098875,FALSE,0,54,"raw","std"
"MR-PCA","Wasserstein",0.914006293817718,0.124959687699171,0.91616212962835,0.132427857036965,0.347375,0.098375,FALSE,0,54,"raw","std"
"MR-PCA","Centers-Euclidean",0.91390782345443,0.125148661567878,0.916258483876317,0.13225906064215,0.3475,0.09775,FALSE,0,54,"raw","std"
"SPCA","Int-Euclidean",0.913639021669853,0.126706978967495,0.916973627554492,0.131820925244392,0.34975,0.103625,FALSE,0,54,"raw","std"
"SPCA","Hausdorff",0.912953154875717,0.125676864244742,0.915900806640507,0.13195738206528,0.346,0.094875,FALSE,0,54,"raw","std"
"SPCA","Ichino-Yaguchi",0.913400334608031,0.126200605481198,0.916702752648896,0.131432852702958,0.348,0.098125,FALSE,0,54,"raw","std"
"SPCA","Wasserstein",0.913384958572339,0.126232632249841,0.916703727501932,0.131396404949281,0.348,0.097875,FALSE,0,54,"raw","std"
"SPCA","Centers-Euclidean",0.91339850223072,0.126203951561504,0.91663712029245,0.131553770731114,0.348,0.098,FALSE,0,54,"raw","std"
"IMDS","Int-Euclidean",0.584349665391969,-0.0716814850223073,0.590937679073135,-0.0872621655005535,0.037625,-0.00525,TRUE,0,54,"raw","std"
"IMDS","Hausdorff",0.638023422562142,-0.0330930528999362,0.645738003091552,-0.0530801368218977,0.0495,-0.004375,TRUE,0,54,"raw","std"
"IMDS","Ichino-Yaguchi",0.643508205863607,-0.0324666985340982,0.649856064010238,-0.0495825927307758,0.051375,-0.002875,TRUE,0,54,"raw","std"
"IMDS","Wasserstein",0.636795570427024,-0.0546083492670491,0.642562804077805,-0.0735629794084767,0.04975,-0.003875,TRUE,0,54,"raw","std"
"IMDS","Centers-Euclidean",0.626855003186743,-0.0775857233906947,0.634231407975665,-0.10018949978684,0.050375,-0.004875,TRUE,0,54,"raw","std"
"Int-UMAP","Int-Euclidean",0.814324569789675,0.0214318036966221,0.881612261913231,0.0195735455657589,0.483375,-0.02,FALSE,0,54,"raw","std"
"Int-UMAP","Hausdorff",0.812836121733588,0.0166432441045251,0.879828416909468,0.0143334329617568,0.48,-0.02675,FALSE,0,54,"raw","std"
"Int-UMAP","Ichino-Yaguchi",0.814646351179095,0.0204740280433396,0.883183834827674,0.0163149164903977,0.482875,-0.031125,FALSE,0,54,"raw","std"
"Int-UMAP","Wasserstein",0.813479684512428,0.0199211281070746,0.88161010301306,0.0165615736070658,0.482375,-0.031875,FALSE,0,54,"raw","std"
"Int-UMAP","Centers-Euclidean",0.813342574888464,0.0207992351816443,0.881472858995414,0.0174224631984716,0.481125,-0.02875,FALSE,0,54,"raw","std"
"C-PCA","Int-Euclidean",0.914459847036329,0.123689929891651,0.91570725529067,0.133107645312918,0.3485,0.1095,FALSE,0,55,"raw","std"
"C-PCA","Hausdorff",0.913047562141491,0.124358667941364,0.914288474889287,0.13408501507477,0.34575,0.09375,FALSE,0,55,"raw","std"
"C-PCA","Ichino-Yaguchi",0.913885914595284,0.123783620140217,0.915051394576154,0.133487041736974,0.347,0.10325,FALSE,0,55,"raw","std"
"C-PCA","Wasserstein",0.91382361376673,0.123886551943913,0.914995223081517,0.133563425945118,0.347125,0.103375,FALSE,0,55,"raw","std"
"C-PCA","Centers-Euclidean",0.91380696303378,0.123960006373486,0.915072975794387,0.133425994804309,0.346875,0.103125,FALSE,0,55,"raw","std"
"V-PCA","Int-Euclidean",0.914459847036329,0.123689929891651,0.915707263820501,0.133107662372579,0.3485,0.1095,FALSE,0,55,"raw","std"
"V-PCA","Hausdorff",0.913047402804334,0.124358349267049,0.914288580126074,0.134084523969763,0.34575,0.09375,FALSE,0,55,"raw","std"
"V-PCA","Ichino-Yaguchi",0.913885834926705,0.123783460803059,0.91505132420505,0.133487073723839,0.347,0.10325,FALSE,0,55,"raw","std"
"V-PCA","Wasserstein",0.913823454429573,0.123886233269599,0.914995449975016,0.133562733322859,0.347125,0.103375,FALSE,0,55,"raw","std"
"V-PCA","Centers-Euclidean",0.913806883365201,0.123959847036329,0.915072905423283,0.133426026791175,0.346875,0.103125,FALSE,0,55,"raw","std"
"MR-PCA","Int-Euclidean",0.915109942638623,0.12313862332696,0.917461846706658,0.13041204115268,0.355375,0.1115,FALSE,0,55,"raw","std"
"MR-PCA","Hausdorff",0.913294136392607,0.124451561504143,0.916486634672124,0.130255594033622,0.3505,0.095625,FALSE,0,55,"raw","std"
"MR-PCA","Ichino-Yaguchi",0.914521510516252,0.122637667304015,0.917078305851072,0.129637866887214,0.349875,0.096625,FALSE,0,55,"raw","std"
"MR-PCA","Wasserstein",0.914462157425111,0.122762109623964,0.917276636358472,0.129293049757403,0.350125,0.094375,FALSE,0,55,"raw","std"
"MR-PCA","Centers-Euclidean",0.914591857871256,0.122554015296367,0.917135502204876,0.129602031362141,0.35025,0.09525,FALSE,0,55,"raw","std"
"SPCA","Int-Euclidean",0.914889499681326,0.123204748247291,0.918000706078067,0.128922653157803,0.353625,0.104625,FALSE,0,55,"raw","std"
"SPCA","Hausdorff",0.914037045889101,0.122777087316762,0.917431685225019,0.128222626365605,0.352,0.09075,FALSE,0,55,"raw","std"
"SPCA","Ichino-Yaguchi",0.914693514977693,0.122458731676227,0.917881805248268,0.128160749693651,0.352,0.09475,FALSE,0,55,"raw","std"
"SPCA","Wasserstein",0.914691921606119,0.122438017845762,0.91787551012653,0.12813938481325,0.352125,0.094625,FALSE,0,55,"raw","std"
"SPCA","Centers-Euclidean",0.914684751434034,0.122500159337157,0.917935300295251,0.128046858113601,0.351875,0.094875,FALSE,0,55,"raw","std"
"IMDS","Int-Euclidean",0.590393801784576,-0.0869485340981517,0.597470884062369,-0.103114532511535,0.044125,-0.0025,TRUE,0,55,"raw","std"
"IMDS","Hausdorff",0.642987571701721,-0.0419241555130657,0.650037521339504,-0.0589713465497943,0.0525,-0.0035,TRUE,0,55,"raw","std"
"IMDS","Ichino-Yaguchi",0.646317399617591,-0.0474827915869982,0.654933087422577,-0.0609155163336877,0.056375,-5e-04,TRUE,0,55,"raw","std"
"IMDS","Wasserstein",0.638700844486934,-0.0677114404079031,0.64443588785132,-0.0844630290265023,0.055125,-0.00125,TRUE,0,55,"raw","std"
"IMDS","Centers-Euclidean",0.627085006373486,-0.0903714149139581,0.632006153185354,-0.101103422961383,0.054,-0.0075,TRUE,0,55,"raw","std"
"Int-UMAP","Int-Euclidean",0.833122291268324,-0.0180275653282346,0.896497989049744,-0.00749696764515767,0.510875,-0.031625,FALSE,0,55,"raw","std"
"Int-UMAP","Hausdorff",0.832250796685787,-0.0194378585086042,0.894902335783271,-0.0109919105643831,0.50675,-0.04025,FALSE,0,55,"raw","std"
"Int-UMAP","Ichino-Yaguchi",0.833861057998725,-0.0194885277246654,0.897018027776029,-0.0101806867656775,0.5095,-0.04,FALSE,0,55,"raw","std"
"Int-UMAP","Wasserstein",0.832913639260676,-0.0186500956022945,0.896080332496216,-0.0100460269668894,0.508875,-0.04025,FALSE,0,55,"raw","std"
"Int-UMAP","Centers-Euclidean",0.832280114722753,-0.0173406628425748,0.895479906725447,-0.00854411419498613,0.50825,-0.038875,FALSE,0,55,"raw","std"
"C-PCA","Int-Euclidean",0.916017049075844,0.120888463989802,0.917694161552607,0.129829989383773,0.3425,0.1045,FALSE,0,56,"raw","std"
"C-PCA","Hausdorff",0.915091220522626,0.120416347992352,0.916376357394621,0.130341484311679,0.340625,0.092875,FALSE,0,56,"raw","std"
"C-PCA","Ichino-Yaguchi",0.915409576163161,0.12100621414914,0.917163493804187,0.129776522911723,0.33975,0.09275,FALSE,0,56,"raw","std"
"C-PCA","Wasserstein",0.915380178457616,0.121011472275335,0.917077354668317,0.12991245045661,0.33975,0.092625,FALSE,0,56,"raw","std"
"C-PCA","Centers-Euclidean",0.915395474824729,0.12097896749522,0.917082702765593,0.129914013334855,0.339625,0.09275,FALSE,0,56,"raw","std"
"V-PCA","Int-Euclidean",0.91601920012747,0.120883843212237,0.917703194323534,0.129810733930524,0.3425,0.104375,FALSE,0,56,"raw","std"
"V-PCA","Hausdorff",0.915091220522626,0.120416347992352,0.916377251107641,0.130339966854784,0.340625,0.092875,FALSE,0,56,"raw","std"
"V-PCA","Ichino-Yaguchi",0.91540965583174,0.121006373486297,0.917166801885809,0.129770030857516,0.33975,0.09275,FALSE,0,56,"raw","std"
"V-PCA","Wasserstein",0.915380019120459,0.12101115360102,0.917107521054608,0.129850644582252,0.33975,0.092375,FALSE,0,56,"raw","std"
"V-PCA","Centers-Euclidean",0.915395554493308,0.120979126832377,0.917086001890893,0.129907503368004,0.339625,0.09275,FALSE,0,56,"raw","std"
"MR-PCA","Int-Euclidean",0.916269279796048,0.121003505417463,0.91719096508382,0.131367140379349,0.344125,0.109375,FALSE,0,56,"raw","std"
"MR-PCA","Hausdorff",0.915116794136393,0.120539515615041,0.916345499558922,0.130501599257973,0.339625,0.09175,FALSE,0,56,"raw","std"
"MR-PCA","Ichino-Yaguchi",0.915584687699171,0.120754461440408,0.916520056041841,0.131111648703696,0.340625,0.096125,FALSE,0,56,"raw","std"
"MR-PCA","Wasserstein",0.915536647546208,0.120790312300828,0.916488148077351,0.131140045363346,0.340625,0.096,FALSE,0,56,"raw","std"
"MR-PCA","Centers-Euclidean",0.915569789674952,0.120725302740599,0.91650710082823,0.131108560691708,0.3405,0.096125,FALSE,0,56,"raw","std"
"SPCA","Int-Euclidean",0.91597028362014,0.121131134480561,0.916980168548603,0.131357420850421,0.342375,0.103875,FALSE,0,56,"raw","std"
"SPCA","Hausdorff",0.915292941363926,0.120248087954111,0.916514083667575,0.130190275148457,0.340375,0.0915,FALSE,0,56,"raw","std"
"SPCA","Ichino-Yaguchi",0.91560086042065,0.120747291268324,0.917050524831958,0.130058402471877,0.33925,0.09475,FALSE,0,56,"raw","std"
"SPCA","Wasserstein",0.915601816443595,0.120687699171447,0.917068696890075,0.129980830698042,0.339375,0.094,FALSE,0,56,"raw","std"
"SPCA","Centers-Euclidean",0.915603011472275,0.120687539834289,0.91704968922841,0.130033706266065,0.339125,0.095,FALSE,0,56,"raw","std"
"IMDS","Int-Euclidean",0.606120379222435,-0.103474665391969,0.614426023848383,-0.113157458031953,0.045375,-0.003625,TRUE,0,56,"raw","std"
"IMDS","Hausdorff",0.642922323135755,-0.0488975462077756,0.652737782467479,-0.061469673210241,0.056875,-0.000625000000000001,TRUE,0,56,"raw","std"
"IMDS","Ichino-Yaguchi",0.652000079668579,-0.0543513384321224,0.661326668464755,-0.0647308505725478,0.0585,-0.003625,TRUE,0,56,"raw","std"
"IMDS","Wasserstein",0.640830943275972,-0.0755994263862333,0.648790711496216,-0.0842650115638916,0.05875,-0.004,TRUE,0,56,"raw","std"
"IMDS","Centers-Euclidean",0.634699410452517,-0.100038400254939,0.641238419368618,-0.107357218522835,0.060625,-0.003,TRUE,0,56,"raw","std"
"Int-UMAP","Int-Euclidean",0.888148581899299,0.0147958891013384,0.929993167712168,0.016172667274673,0.5585,-0.00962499999999999,FALSE,0,56,"raw","std"
"Int-UMAP","Hausdorff",0.886921685787126,0.014166826003824,0.930050640752358,0.0130824057568851,0.551,-0.015,FALSE,0,56,"raw","std"
"Int-UMAP","Ichino-Yaguchi",0.887806485022307,0.0133019439133206,0.930787611094648,0.0131614960538444,0.556,-0.018125,FALSE,0,56,"raw","std"
"Int-UMAP","Wasserstein",0.887524219247929,0.0138288718929255,0.930421780833334,0.0136857853014297,0.555,-0.01525,FALSE,0,56,"raw","std"
"Int-UMAP","Centers-Euclidean",0.88744741873805,0.0138489483747609,0.930216594900935,0.0140818138292782,0.554875,-0.016125,FALSE,0,56,"raw","std"
"C-PCA","Int-Euclidean",0.918278123008285,0.121827119184194,0.921364914093515,0.126451853540758,0.378375,0.104,FALSE,0,57,"raw","std"
"C-PCA","Hausdorff",0.917221239643085,0.121749681325685,0.920500335030428,0.12628955623726,0.37225,0.089125,FALSE,0,57,"raw","std"
"C-PCA","Ichino-Yaguchi",0.918167861695347,0.12085579987253,0.921033274592654,0.126082718929622,0.376,0.09575,FALSE,0,57,"raw","std"
"C-PCA","Wasserstein",0.918098151688974,0.120956341618866,0.921051931998142,0.126008014884896,0.375625,0.095125,FALSE,0,57,"raw","std"
"C-PCA","Centers-Euclidean",0.91815160930529,0.12083604206501,0.921128907110313,0.125855261395811,0.376,0.0955,FALSE,0,57,"raw","std"
"V-PCA","Int-Euclidean",0.918316682600382,0.121758922880816,0.921385942898583,0.126415065233587,0.378625,0.10475,FALSE,0,57,"raw","std"
"V-PCA","Hausdorff",0.917293897386871,0.121609464627151,0.920549317050569,0.126192455842346,0.3725,0.08925,FALSE,0,57,"raw","std"
"V-PCA","Ichino-Yaguchi",0.91814786488209,0.120896749521988,0.921037941263073,0.126077722581243,0.376,0.09525,FALSE,0,57,"raw","std"
"V-PCA","Wasserstein",0.918096876991714,0.120965264499681,0.921134789921357,0.125848319393031,0.375875,0.095,FALSE,0,57,"raw","std"
"V-PCA","Centers-Euclidean",0.918134321223709,0.1208712555768,0.921144829318939,0.125828507581569,0.376,0.09525,FALSE,0,57,"raw","std"
"MR-PCA","Int-Euclidean",0.915997211599745,0.124153760356915,0.917512567746049,0.132622212643222,0.357,0.110375,FALSE,0,57,"raw","std"
"MR-PCA","Hausdorff",0.916037364563416,0.12177103250478,0.917596196659343,0.130430342757602,0.355625,0.098,FALSE,0,57,"raw","std"
"MR-PCA","Ichino-Yaguchi",0.915475541746335,0.123469247928617,0.917050996744846,0.132074491950484,0.353,0.096625,FALSE,0,57,"raw","std"
"MR-PCA","Wasserstein",0.915394996813257,0.123623326959847,0.917109099073302,0.131946051677809,0.353125,0.097,FALSE,0,57,"raw","std"
"MR-PCA","Centers-Euclidean",0.915478170809433,0.123450605481198,0.9168036315456,0.13256628894017,0.353375,0.09625,FALSE,0,57,"raw","std"
"SPCA","Int-Euclidean",0.915963830465265,0.123827278521351,0.917833489194666,0.131681621379236,0.356625,0.105625,FALSE,0,57,"raw","std"
"SPCA","Hausdorff",0.91531867431485,0.122918419375398,0.91731656694868,0.130887251459923,0.3545,0.0925,FALSE,0,57,"raw","std"
"SPCA","Ichino-Yaguchi",0.915455704270236,0.123626513702995,0.917195408379296,0.131944140142731,0.354875,0.096875,FALSE,0,57,"raw","std"
"SPCA","Wasserstein",0.915463352453792,0.123582217973231,0.917058782987628,0.132176645630398,0.35475,0.09625,FALSE,0,57,"raw","std"
"SPCA","Centers-Euclidean",0.915444072657744,0.123602931803697,0.917097207103097,0.132096775706905,0.354875,0.0965,FALSE,0,57,"raw","std"
"IMDS","Int-Euclidean",0.56987563734863,-0.053424633524538,0.579055264837598,-0.0622719061408128,0.0405,-0.002875,TRUE,0,57,"raw","std"
"IMDS","Hausdorff",0.606078234544296,-0.0166274697259401,0.621755099367411,-0.0281678117537997,0.047625,-0.00025,TRUE,0,57,"raw","std"
"IMDS","Ichino-Yaguchi",0.615258205863607,-0.0149188973868707,0.628912288453799,-0.026593806771355,0.04825,-0.001,TRUE,0,57,"raw","std"
"IMDS","Wasserstein",0.607808078393882,-0.039120299553856,0.620377682247938,-0.0501411957816234,0.050625,0.000375,TRUE,0,57,"raw","std"
"IMDS","Centers-Euclidean",0.604768244104525,-0.0729491714467814,0.616903354223742,-0.0845722590540315,0.054375,-0.00325,TRUE,0,57,"raw","std"
"Int-UMAP","Int-Euclidean",0.884393881453155,0.0287689611217337,0.932844772881314,0.0193631724300174,0.53475,-0.0215,FALSE,0,57,"raw","std"
"Int-UMAP","Hausdorff",0.883057839388145,0.0290232632249841,0.931891791078513,0.0181099852587464,0.529125,-0.030625,FALSE,0,57,"raw","std"
"Int-UMAP","Ichino-Yaguchi",0.883965184831103,0.0277117590822179,0.93295161327675,0.017855399877614,0.53325,-0.029625,FALSE,0,57,"raw","std"
"Int-UMAP","Wasserstein",0.88389173040153,0.0277831421287443,0.932680050440301,0.0181639244966675,0.533,-0.03,FALSE,0,57,"raw","std"
"Int-UMAP","Centers-Euclidean",0.883889499681326,0.0277936583811345,0.932692351522515,0.0181274965748464,0.533125,-0.0295,FALSE,0,57,"raw","std"
"C-PCA","Int-Euclidean",0.914834687699171,0.121895315487572,0.915683053388552,0.132823105938281,0.344,0.09725,FALSE,0,58,"raw","std"
"C-PCA","Hausdorff",0.914015535372849,0.121514181007011,0.915367675476958,0.13172292196689,0.341125,0.082875,FALSE,0,58,"raw","std"
"C-PCA","Ichino-Yaguchi",0.914152007648183,0.122253983428936,0.91575788538074,0.131812058698542,0.34225,0.090125,FALSE,0,58,"raw","std"
"C-PCA","Wasserstein",0.914124521988528,0.122239802421925,0.915541793313329,0.132199449706497,0.342125,0.089625,FALSE,0,58,"raw","std"
"C-PCA","Centers-Euclidean",0.914141491395793,0.1222339069471,0.915495715913815,0.132294623639129,0.342125,0.090625,FALSE,0,58,"raw","std"
"V-PCA","Int-Euclidean",0.914827756532823,0.121907903123008,0.915680391441611,0.132825605178699,0.344,0.097375,FALSE,0,58,"raw","std"
"V-PCA","Hausdorff",0.913965822179732,0.1216126513703,0.915352853616503,0.131752511096883,0.341125,0.08275,FALSE,0,58,"raw","std"
"V-PCA","Ichino-Yaguchi",0.914148980242192,0.122260994263862,0.915753788503016,0.13182113102656,0.34225,0.09025,FALSE,0,58,"raw","std"
"V-PCA","Wasserstein",0.914096876991714,0.122296048438496,0.915521473550445,0.132241912483595,0.342,0.089625,FALSE,0,58,"raw","std"
"V-PCA","Centers-Euclidean",0.914138463989802,0.122240917782027,0.915494485272479,0.132298220242278,0.342125,0.09075,FALSE,0,58,"raw","std"
"MR-PCA","Int-Euclidean",0.914500956022945,0.123818355640535,0.916717083404344,0.131783049597042,0.36075,0.104125,FALSE,0,58,"raw","std"
"MR-PCA","Hausdorff",0.913425828553219,0.124157903123008,0.91614029091585,0.131061499269591,0.353125,0.0905,FALSE,0,58,"raw","std"
"MR-PCA","Ichino-Yaguchi",0.91406126513703,0.123022147864882,0.916474720950851,0.130713641041861,0.357,0.094,FALSE,0,58,"raw","std"
"MR-PCA","Wasserstein",0.913950207138305,0.123293658381134,0.916167367370941,0.131512166481484,0.3575,0.093625,FALSE,0,58,"raw","std"
"MR-PCA","Centers-Euclidean",0.914159177820268,0.122891650732951,0.916082421984888,0.131654003066645,0.358625,0.096625,FALSE,0,58,"raw","std"
"SPCA","Int-Euclidean",0.914153521351179,0.123935149776928,0.915613638905138,0.133457862252104,0.355125,0.100625,FALSE,0,58,"raw","std"
"SPCA","Hausdorff",0.913724267049076,0.122761472275335,0.915007471918518,0.132875166694218,0.352625,0.085875,FALSE,0,58,"raw","std"
"SPCA","Ichino-Yaguchi",0.914057202039516,0.12304333970682,0.915165444811057,0.133400168822411,0.35425,0.091125,FALSE,0,58,"raw","std"
"SPCA","Wasserstein",0.914018642447419,0.123056405353729,0.91511858042803,0.133456607727242,0.354125,0.091,FALSE,0,58,"raw","std"
"SPCA","Centers-Euclidean",0.914041427660931,0.123035054174633,0.915202150272247,0.133294188447163,0.354,0.090875,FALSE,0,58,"raw","std"
"IMDS","Int-Euclidean",0.590043260038241,-0.0804335564053538,0.597279584374612,-0.0914443044272721,0.040625,0.001875,TRUE,0,58,"raw","std"
"IMDS","Hausdorff",0.635926545570427,-0.0484404079031231,0.642010873167217,-0.0521834825030141,0.057125,-0.001375,TRUE,0,58,"raw","std"
"IMDS","Ichino-Yaguchi",0.64003465583174,-0.0404631931166348,0.647489739253309,-0.0456493261177789,0.056,-0.000749999999999997,TRUE,0,58,"raw","std"
"IMDS","Wasserstein",0.631714467813894,-0.0631115360101976,0.637608818889686,-0.0685748038863957,0.0575,0.0025,TRUE,0,58,"raw","std"
"IMDS","Centers-Euclidean",0.615809193753983,-0.0778452836201402,0.625763575737476,-0.0907541547526255,0.0485,0.001125,TRUE,0,58,"raw","std"
"Int-UMAP","Int-Euclidean",0.816155513065647,0.0157049075844486,0.890196289105649,0.0123240334294304,0.493375,-0.016125,FALSE,0,58,"raw","std"
"Int-UMAP","Hausdorff",0.815216778202677,0.0141757488846399,0.890272779830055,0.00727194111311903,0.49025,-0.028875,FALSE,0,58,"raw","std"
"Int-UMAP","Ichino-Yaguchi",0.816840105162524,0.0154587316762269,0.891612010816337,0.00940854686485217,0.4935,-0.029375,FALSE,0,58,"raw","std"
"Int-UMAP","Wasserstein",0.815978409815169,0.0159886870618229,0.891145146202153,0.00877869072556618,0.492625,-0.030125,FALSE,0,58,"raw","std"
"Int-UMAP","Centers-Euclidean",0.815336281070746,0.0173828871892926,0.890662770730432,0.0100405514552659,0.491375,-0.02675,FALSE,0,58,"raw","std"
"C-PCA","Int-Euclidean",0.919936822817081,0.114382249840663,0.92194407542264,0.12232611321542,0.352,0.103375,FALSE,0,59,"raw","std"
"C-PCA","Hausdorff",0.918754541108987,0.114747769279796,0.921176481281883,0.121936912817111,0.350125,0.089875,FALSE,0,59,"raw","std"
"C-PCA","Ichino-Yaguchi",0.919411567877629,0.114623326959847,0.921664539433493,0.121999639486702,0.352375,0.09425,FALSE,0,59,"raw","std"
"C-PCA","Wasserstein",0.919443594646272,0.114529318036966,0.921658292078807,0.121989393667215,0.3525,0.09475,FALSE,0,59,"raw","std"
"C-PCA","Centers-Euclidean",0.919401290630975,0.114605003186743,0.921675482993138,0.121953455144435,0.35225,0.09425,FALSE,0,59,"raw","std"
"V-PCA","Int-Euclidean",0.919936743148502,0.114382090503505,0.921944021684706,0.122326005739553,0.352,0.103375,FALSE,0,59,"raw","std"
"V-PCA","Hausdorff",0.918754541108987,0.114747769279796,0.921176478296443,0.12193690684623,0.350125,0.089875,FALSE,0,59,"raw","std"
"V-PCA","Ichino-Yaguchi",0.919411886551944,0.114623964308477,0.921664714081778,0.121999988783273,0.352375,0.09425,FALSE,0,59,"raw","std"
"V-PCA","Wasserstein",0.919443594646272,0.114529318036966,0.921658285681434,0.121989380872469,0.3525,0.09475,FALSE,0,59,"raw","std"
"V-PCA","Centers-Euclidean",0.91940160930529,0.114605640535373,0.921675657641423,0.121953804441005,0.35225,0.09425,FALSE,0,59,"raw","std"
"MR-PCA","Int-Euclidean",0.918698056086679,0.117920012746973,0.922471425066887,0.122067841667916,0.3555,0.10475,FALSE,0,59,"raw","std"
"MR-PCA","Hausdorff",0.917764659018483,0.117665710643722,0.920898223061387,0.123109198168611,0.35125,0.094125,FALSE,0,59,"raw","std"
"MR-PCA","Ichino-Yaguchi",0.918209289356278,0.117589388145315,0.921930619401339,0.12175614608427,0.353,0.09025,FALSE,0,59,"raw","std"
"MR-PCA","Wasserstein",0.918132966857871,0.117730560866794,0.921934847211965,0.121762254296092,0.353125,0.09125,FALSE,0,59,"raw","std"
"MR-PCA","Centers-Euclidean",0.918218132568515,0.117551943913321,0.921781855847225,0.122052537872022,0.353375,0.091125,FALSE,0,59,"raw","std"
"SPCA","Int-Euclidean",0.920197817080943,0.114395634161887,0.922966111643372,0.120564566255546,0.354875,0.1,FALSE,0,59,"raw","std"
"SPCA","Hausdorff",0.919109066284257,0.114756373486297,0.922568571522887,0.119555696041869,0.351875,0.0885,FALSE,0,59,"raw","std"
"SPCA","Ichino-Yaguchi",0.919704429572976,0.114596876991715,0.922793702865221,0.119990757715104,0.35475,0.09225,FALSE,0,59,"raw","std"
"SPCA","Wasserstein",0.919746175908222,0.114485978330147,0.922889661009171,0.119799869698305,0.354625,0.092,FALSE,0,59,"raw","std"
"SPCA","Centers-Euclidean",0.919711440407903,0.114546526449968,0.922862958054045,0.119840930384468,0.354625,0.092125,FALSE,0,59,"raw","std"
"IMDS","Int-Euclidean",0.567253425748885,-0.0455498725302741,0.5760963034315,-0.0607941278853646,0.0405,-0.003,TRUE,0,59,"raw","std"
"IMDS","Hausdorff",0.599350063734863,-0.00496590184831103,0.608913881719566,-0.0182373057778856,0.055,5e-04,TRUE,0,59,"raw","std"
"IMDS","Ichino-Yaguchi",0.598756134480561,0.00294471000637353,0.609584262338528,-0.00853452794466397,0.053625,-0.000750000000000001,TRUE,0,59,"raw","std"
"IMDS","Wasserstein",0.591200047801147,-0.0172809114085406,0.60072927803427,-0.0301184266778305,0.053625,0.000375,TRUE,0,59,"raw","std"
"IMDS","Centers-Euclidean",0.593402724665392,-0.0469504461440409,0.598631934986995,-0.056408096788331,0.055125,-0.00275,TRUE,0,59,"raw","std"
"Int-UMAP","Int-Euclidean",0.838913639260676,0.037327597195666,0.897297970318236,0.0309688672265306,0.502,-0.019,FALSE,0,59,"raw","std"
"Int-UMAP","Hausdorff",0.838334369024857,0.0357815487571702,0.897019546405777,0.0274230276600235,0.494875,-0.026,FALSE,0,59,"raw","std"
"Int-UMAP","Ichino-Yaguchi",0.839416826003824,0.0366873804971319,0.898966439018278,0.0272843144856487,0.50075,-0.027375,FALSE,0,59,"raw","std"
"Int-UMAP","Wasserstein",0.838708811344806,0.0373054493307839,0.898150770857867,0.0281543770570753,0.50025,-0.0275,FALSE,0,59,"raw","std"
"Int-UMAP","Centers-Euclidean",0.838484145952836,0.0376703314212874,0.897952874838722,0.0286810388770921,0.49975,-0.027875,FALSE,0,59,"raw","std"
"C-PCA","Int-Euclidean",0.92010707456979,0.121517208413002,0.923023654734798,0.125224489579191,0.380625,0.116375,FALSE,0,60,"raw","std"
"C-PCA","Hausdorff",0.919197100063735,0.120285532186106,0.921879118842038,0.125135185236364,0.37475,0.102125,FALSE,0,60,"raw","std"
"C-PCA","Ichino-Yaguchi",0.919881851497769,0.12038862332696,0.922687496449458,0.124642584949864,0.376625,0.109625,FALSE,0,60,"raw","std"
"C-PCA","Wasserstein",0.919867909496495,0.120376035691523,0.922709649166354,0.124563009092288,0.37625,0.108875,FALSE,0,60,"raw","std"
"C-PCA","Centers-Euclidean",0.919919694072658,0.120307839388145,0.922809577200172,0.124369166128861,0.37675,0.1085,FALSE,0,60,"raw","std"
"V-PCA","Int-Euclidean",0.920089627151052,0.121558476736775,0.923011510708094,0.12525352746887,0.3805,0.11625,FALSE,0,60,"raw","std"
"V-PCA","Hausdorff",0.919186663479924,0.120321383046526,0.921836494637893,0.125230542773604,0.37475,0.102375,FALSE,0,60,"raw","std"
"V-PCA","Ichino-Yaguchi",0.9198910930529,0.12037810707457,0.922652663819238,0.124714058534428,0.377,0.109875,FALSE,0,60,"raw","std"
"V-PCA","Wasserstein",0.919913081580625,0.120298438495857,0.922731153402865,0.124523877000864,0.376375,0.108875,FALSE,0,60,"raw","std"
"V-PCA","Centers-Euclidean",0.919900573613767,0.120354365838113,0.922687830179087,0.124615335552454,0.377125,0.109125,FALSE,0,60,"raw","std"
"MR-PCA","Int-Euclidean",0.911126035691523,0.130211281070746,0.915080305904468,0.135489381341609,0.35175,0.106375,FALSE,0,60,"raw","std"
"MR-PCA","Hausdorff",0.909802262587635,0.129780433397068,0.9142574097787,0.134652432852746,0.344875,0.089875,FALSE,0,60,"raw","std"
"MR-PCA","Ichino-Yaguchi",0.91059902804334,0.129474665391969,0.914520204268976,0.135094234585018,0.34825,0.093625,FALSE,0,60,"raw","std"
"MR-PCA","Wasserstein",0.910633205863607,0.129356915232632,0.914715497090389,0.134675535899414,0.34825,0.0935,FALSE,0,60,"raw","std"
"MR-PCA","Centers-Euclidean",0.910599187380497,0.129470203951562,0.914576815049897,0.134959649209003,0.348375,0.09375,FALSE,0,60,"raw","std"
"SPCA","Int-Euclidean",0.910444391332059,0.130760038240918,0.912779940836241,0.139345485399403,0.3475,0.105,FALSE,0,60,"raw","std"
"SPCA","Hausdorff",0.909490917782027,0.130107711918419,0.911430687618661,0.13999981149074,0.341375,0.09475,FALSE,0,60,"raw","std"
"SPCA","Ichino-Yaguchi",0.910306485022307,0.129793021032505,0.912057435807479,0.139751425590618,0.345375,0.10125,FALSE,0,60,"raw","std"
"SPCA","Wasserstein",0.910235261312938,0.129884799235182,0.911994205984495,0.139841692311603,0.345125,0.10125,FALSE,0,60,"raw","std"
"SPCA","Centers-Euclidean",0.910268642447419,0.129861057998725,0.91199069340018,0.13985899763229,0.3455,0.101125,FALSE,0,60,"raw","std"
"IMDS","Int-Euclidean",0.557413639260676,-0.04414913957935,0.563054338135457,-0.0506097272313653,0.02925,0.000625000000000001,TRUE,0,60,"raw","std"
"IMDS","Hausdorff",0.60130696303378,0.000582058636073857,0.617194855752885,-0.0188650249813154,0.04725,-0.00425,TRUE,0,60,"raw","std"
"IMDS","Ichino-Yaguchi",0.610190487571702,0.00476242829827911,0.624010945969322,-0.0176453067335679,0.046875,-0.00525,TRUE,0,60,"raw","std"
"IMDS","Wasserstein",0.597595363288719,-0.0111598151688974,0.614947674179571,-0.0375194625148909,0.046375,-0.00475,TRUE,0,60,"raw","std"
"IMDS","Centers-Euclidean",0.58742511153601,-0.052904397705545,0.606007117333452,-0.0854974123905345,0.044,-0.00325,TRUE,0,60,"raw","std"
"Int-UMAP","Int-Euclidean",0.823607472912683,0.017505258126195,0.893239012703648,0.00729697659295017,0.464625,-0.03925,FALSE,0,60,"raw","std"
"Int-UMAP","Hausdorff",0.820844327597196,0.0172036328871893,0.890939180216729,0.00491688191694641,0.45925,-0.046,FALSE,0,60,"raw","std"
"Int-UMAP","Ichino-Yaguchi",0.822860579987253,0.0175589547482473,0.893634249236708,0.00593778430992219,0.463,-0.04675,FALSE,0,60,"raw","std"
"Int-UMAP","Wasserstein",0.822971319311663,0.0161548757170172,0.893405860245376,0.0052048283192429,0.462875,-0.047,FALSE,0,60,"raw","std"
"Int-UMAP","Centers-Euclidean",0.823017527087317,0.0167718291905672,0.893552622701189,0.00549564842152922,0.461875,-0.0455,FALSE,0,60,"raw","std"
"C-PCA","Int-Euclidean",0.920559034416826,0.116132090503505,0.922347291719019,0.123269305011566,0.358,0.10275,FALSE,0,61,"raw","std"
"C-PCA","Hausdorff",0.919857393244105,0.115679094964946,0.921646409491416,0.122901083945306,0.3535,0.086375,FALSE,0,61,"raw","std"
"C-PCA","Ichino-Yaguchi",0.920189531548757,0.115790152963671,0.922268041807601,0.12230517930472,0.355625,0.09025,FALSE,0,61,"raw","std"
"C-PCA","Wasserstein",0.920223550031867,0.115769598470363,0.922205750266003,0.122437829048885,0.356,0.09,FALSE,0,61,"raw","std"
"C-PCA","Centers-Euclidean",0.920200605481198,0.115768323773104,0.922329234280503,0.122162988944828,0.35575,0.090375,FALSE,0,61,"raw","std"
"V-PCA","Int-Euclidean",0.92053712555768,0.116187061822817,0.922316467682774,0.123337358133987,0.358,0.10275,FALSE,0,61,"raw","std"
"V-PCA","Hausdorff",0.919950685149777,0.115500159337157,0.921662211002936,0.122876725307547,0.35375,0.086375,FALSE,0,61,"raw","std"
"V-PCA","Ichino-Yaguchi",0.920226736775016,0.11572275334608,0.922390905703403,0.122067031547238,0.35575,0.09025,FALSE,0,61,"raw","std"
"V-PCA","Wasserstein",0.920302501593372,0.11562189292543,0.922282408281715,0.122292505468901,0.35625,0.09025,FALSE,0,61,"raw","std"
"V-PCA","Centers-Euclidean",0.920226577437859,0.11572402804334,0.922372077274808,0.122084685951249,0.35575,0.09025,FALSE,0,61,"raw","std"
"MR-PCA","Int-Euclidean",0.915128983428936,0.121406787762906,0.917265910842626,0.129768361143141,0.346875,0.100875,FALSE,0,61,"raw","std"
"MR-PCA","Hausdorff",0.914477055449331,0.120487571701721,0.91658610838583,0.129012426428077,0.342125,0.09,FALSE,0,61,"raw","std"
"MR-PCA","Ichino-Yaguchi",0.914597673677502,0.120706819630338,0.916431673133984,0.129753395555037,0.343125,0.089875,FALSE,0,61,"raw","std"
"MR-PCA","Wasserstein",0.91464292543021,0.120703951561504,0.916515659660434,0.129642281927626,0.343625,0.09025,FALSE,0,61,"raw","std"
"MR-PCA","Centers-Euclidean",0.914657504780115,0.120611695347355,0.916557559575324,0.129540655178008,0.343375,0.090375,FALSE,0,61,"raw","std"
"SPCA","Int-Euclidean",0.915329907584449,0.120464149139579,0.919278731050341,0.12529398594898,0.34325,0.093625,FALSE,0,61,"raw","std"
"SPCA","Hausdorff",0.914761392606756,0.119630497131931,0.918534582642204,0.124939832919381,0.341375,0.0835,FALSE,0,61,"raw","std"
"SPCA","Ichino-Yaguchi",0.915077676864245,0.119755417463352,0.918786013052176,0.12513273717493,0.3415,0.08675,FALSE,0,61,"raw","std"
"SPCA","Wasserstein",0.915099187380497,0.119766889738687,0.918765163800046,0.125171547478488,0.341625,0.085875,FALSE,0,61,"raw","std"
"SPCA","Centers-Euclidean",0.91505321861058,0.119806564690886,0.918710402819553,0.125265052123237,0.341375,0.0865,FALSE,0,61,"raw","std"
"IMDS","Int-Euclidean",0.56147402804334,-0.0418170809432761,0.56563781692373,-0.0432244250936704,0.035125,0.000750000000000001,TRUE,0,61,"raw","std"
"IMDS","Hausdorff",0.593663798597833,-0.0124993626513703,0.603758896826749,-0.0184595999918796,0.047875,0.000375,TRUE,0,61,"raw","std"
"IMDS","Ichino-Yaguchi",0.597864404079031,-0.00124506054811979,0.606526682760751,-0.0137608190241157,0.045625,-5e-04,TRUE,0,61,"raw","std"
"IMDS","Wasserstein",0.59080385595921,-0.022057361376673,0.601141759219596,-0.0299534032404145,0.047,0.000375,TRUE,0,61,"raw","std"
"IMDS","Centers-Euclidean",0.586630736137667,-0.048624442319949,0.593041826899538,-0.0548785251871403,0.04475,-0.00125,TRUE,0,61,"raw","std"
"Int-UMAP","Int-Euclidean",0.769379063097514,0.0057731038878267,0.853824422880179,0.00891188467293472,0.437125,-0.033125,FALSE,0,61,"raw","std"
"Int-UMAP","Hausdorff",0.767586201402167,0.00238559592096876,0.85342483869237,0.00245553719082989,0.433125,-0.045625,FALSE,0,61,"raw","std"
"Int-UMAP","Ichino-Yaguchi",0.771991794136393,0.00353107074569792,0.857737325268549,0.00338455454067629,0.43875,-0.042,FALSE,0,61,"raw","std"
"Int-UMAP","Wasserstein",0.770161567877629,0.00274952198852774,0.855769050715985,0.00396840972905674,0.435625,-0.041625,FALSE,0,61,"raw","std"
"Int-UMAP","Centers-Euclidean",0.768638463989802,0.00674665391969409,0.854264864530934,0.00743545157180045,0.4345,-0.0375,FALSE,0,61,"raw","std"
"C-PCA","Int-Euclidean",0.915690089228808,0.129896749521989,0.918349241574361,0.13453676770763,0.39375,0.13025,FALSE,0,62,"raw","std"
"C-PCA","Hausdorff",0.914724506054812,0.129106118546845,0.916785680303478,0.135074576950248,0.385,0.102625,FALSE,0,62,"raw","std"
"C-PCA","Ichino-Yaguchi",0.914689690885915,0.130363766730402,0.917374034977595,0.134967615004723,0.38725,0.112875,FALSE,0,62,"raw","std"
"C-PCA","Wasserstein",0.91473701402167,0.130254780114723,0.917205756983244,0.135250041113784,0.38725,0.112625,FALSE,0,62,"raw","std"
"C-PCA","Centers-Euclidean",0.914688575525813,0.130361536010198,0.917350961465466,0.134968064313559,0.38725,0.112,FALSE,0,62,"raw","std"
"V-PCA","Int-Euclidean",0.915713033779477,0.129860101975781,0.918316868094356,0.134608581205951,0.394125,0.13075,FALSE,0,62,"raw","std"
"V-PCA","Hausdorff",0.914589945825366,0.129391172721479,0.916778224058524,0.135103175980133,0.385375,0.102125,FALSE,0,62,"raw","std"
"V-PCA","Ichino-Yaguchi",0.914782026768642,0.130194072657744,0.917447025166072,0.134832051257118,0.388,0.11375,FALSE,0,62,"raw","std"
"V-PCA","Wasserstein",0.914768961121734,0.130204588910134,0.917319712003911,0.135039073448838,0.38775,0.112875,FALSE,0,62,"raw","std"
"V-PCA","Centers-Euclidean",0.914780672402804,0.130191363926068,0.917395734440608,0.134891410349517,0.388,0.113,FALSE,0,62,"raw","std"
"MR-PCA","Int-Euclidean",0.906335086042065,0.139906309751434,0.907894298251675,0.149568196935368,0.356,0.1035,FALSE,0,62,"raw","std"
"MR-PCA","Hausdorff",0.905089627151052,0.139663001912046,0.90712747776657,0.148556555592916,0.351625,0.0875,FALSE,0,62,"raw","std"
"MR-PCA","Ichino-Yaguchi",0.90592511153601,0.139137029955386,0.907558962135399,0.148726276408143,0.352125,0.091,FALSE,0,62,"raw","std"
"MR-PCA","Wasserstein",0.905896590184831,0.139195347355003,0.907547684846124,0.148704400377633,0.35175,0.08925,FALSE,0,62,"raw","std"
"MR-PCA","Centers-Euclidean",0.905924553855959,0.139137507966858,0.907507561481741,0.148784651797807,0.352125,0.089,FALSE,0,62,"raw","std"
"SPCA","Int-Euclidean",0.905861297004461,0.140660452517527,0.906154952522109,0.152845275181724,0.35175,0.104125,FALSE,0,62,"raw","std"
"SPCA","Hausdorff",0.904999920331421,0.139854206500956,0.905872496345394,0.151070505704666,0.347875,0.081875,FALSE,0,62,"raw","std"
"SPCA","Ichino-Yaguchi",0.905545092415551,0.140000318674315,0.905798212181588,0.152289702566507,0.34975,0.093875,FALSE,0,62,"raw","std"
"SPCA","Wasserstein",0.905584847036329,0.139917941363926,0.905822000386913,0.152180643135593,0.3495,0.09325,FALSE,0,62,"raw","std"
"SPCA","Centers-Euclidean",0.905520873167623,0.140044614404079,0.905788292308259,0.15225536125454,0.349875,0.093,FALSE,0,62,"raw","std"
"IMDS","Int-Euclidean",0.587706421287444,-0.0981088272785213,0.592908858459571,-0.119597418003163,0.0415,-0.003,TRUE,0,62,"raw","std"
"IMDS","Hausdorff",0.617756293817718,-0.0230336201402167,0.62766004201624,-0.0514640627140455,0.0555,-0.006375,TRUE,0,62,"raw","std"
"IMDS","Ichino-Yaguchi",0.630285452517527,-0.0288293499043977,0.638269368878674,-0.0493269645778305,0.0585,-0.00475,TRUE,0,62,"raw","std"
"IMDS","Wasserstein",0.619826402166985,-0.0509348311026131,0.629547226453018,-0.0782488937662462,0.057625,-0.009625,TRUE,0,62,"raw","std"
"IMDS","Centers-Euclidean",0.618106277884003,-0.096399936265137,0.624363117732478,-0.120701982682396,0.05575,-0.00875,TRUE,0,62,"raw","std"
"Int-UMAP","Int-Euclidean",0.839707217973231,0.0581193435309114,0.90052345854869,0.0364174192536364,0.48775,-0.03375,FALSE,0,62,"raw","std"
"Int-UMAP","Hausdorff",0.84040901848311,0.0535968769917144,0.901848770450483,0.0295993845556496,0.4885,-0.03625,FALSE,0,62,"raw","std"
"Int-UMAP","Ichino-Yaguchi",0.842851657106437,0.052772466539197,0.904610656193911,0.0291127238035676,0.491875,-0.040875,FALSE,0,62,"raw","std"
"Int-UMAP","Wasserstein",0.841130815806246,0.0547705544933078,0.90287616543078,0.0310994604284943,0.490125,-0.04325,FALSE,0,62,"raw","std"
"Int-UMAP","Centers-Euclidean",0.841716061185468,0.0537938177182918,0.902668131707752,0.031661973980263,0.48725,-0.03925,FALSE,0,62,"raw","std"
"C-PCA","Int-Euclidean",0.920672323135755,0.115646112173359,0.920916692703975,0.125953328220553,0.361875,0.1085,FALSE,0,63,"raw","std"
"C-PCA","Hausdorff",0.919007807520714,0.116401529636711,0.919884688096502,0.125843643553043,0.357875,0.090125,FALSE,0,63,"raw","std"
"C-PCA","Ichino-Yaguchi",0.920295331421287,0.115236615678776,0.920857494185641,0.125023405215923,0.359625,0.094125,FALSE,0,63,"raw","std"
"C-PCA","Wasserstein",0.920268323773104,0.115262906309751,0.920843959370028,0.125007631213107,0.359625,0.093875,FALSE,0,63,"raw","std"
"C-PCA","Centers-Euclidean",0.92025804652645,0.115264340344168,0.920871279031919,0.124952190938215,0.3595,0.094,FALSE,0,63,"raw","std"
"V-PCA","Int-Euclidean",0.920637029955386,0.115721159974506,0.921006013040235,0.125779774312619,0.361875,0.108375,FALSE,0,63,"raw","std"
"V-PCA","Hausdorff",0.919049155513066,0.116323932441045,0.91984847267409,0.125917452818521,0.357875,0.09025,FALSE,0,63,"raw","std"
"V-PCA","Ichino-Yaguchi",0.92028895793499,0.115258285532186,0.92097474619915,0.124799354923017,0.359625,0.09425,FALSE,0,63,"raw","std"
"V-PCA","Wasserstein",0.920244821542384,0.115317240280433,0.920910634604909,0.124882074023236,0.3595,0.09375,FALSE,0,63,"raw","std"
"V-PCA","Centers-Euclidean",0.920251354365838,0.115285372848948,0.920950786970718,0.124801673331023,0.3595,0.09425,FALSE,0,63,"raw","std"
"MR-PCA","Int-Euclidean",0.915453871892925,0.123854843849586,0.918858529408554,0.128658290244893,0.355375,0.107,FALSE,0,63,"raw","std"
"MR-PCA","Hausdorff",0.914190487571702,0.123635277246654,0.917999885828215,0.127951883139271,0.349625,0.091875,FALSE,0,63,"raw","std"
"MR-PCA","Ichino-Yaguchi",0.91498454429573,0.123224665391969,0.918533926058479,0.127756007730415,0.352125,0.094125,FALSE,0,63,"raw","std"
"MR-PCA","Wasserstein",0.914917543021033,0.12333540471638,0.91837810428264,0.128031148724253,0.352,0.0945,FALSE,0,63,"raw","std"
"MR-PCA","Centers-Euclidean",0.914955624601657,0.123237253027406,0.918394341348645,0.127987457864768,0.352125,0.0945,FALSE,0,63,"raw","std"
"SPCA","Int-Euclidean",0.91565965583174,0.123076800509879,0.91911101335925,0.127775946423109,0.353125,0.10125,FALSE,0,63,"raw","std"
"SPCA","Hausdorff",0.914362412364564,0.123422721478649,0.918296954884531,0.127453871101633,0.351125,0.08825,FALSE,0,63,"raw","std"
"SPCA","Ichino-Yaguchi",0.914961918419375,0.123371574251115,0.918547298594062,0.12781273728923,0.35275,0.090375,FALSE,0,63,"raw","std"
"SPCA","Wasserstein",0.915002230720204,0.123268961121734,0.918718494643522,0.127427597943355,0.352625,0.09025,FALSE,0,63,"raw","std"
"SPCA","Centers-Euclidean",0.91497769279796,0.123292861695347,0.918575885468939,0.127712999257393,0.352625,0.090125,FALSE,0,63,"raw","std"
"IMDS","Int-Euclidean",0.586846797323136,-0.0778051306564691,0.59135933131927,-0.08686846199133,0.039125,-0.00225,TRUE,0,63,"raw","std"
"IMDS","Hausdorff",0.621865519439133,-0.0301258763543658,0.632666623207179,-0.0416697310083743,0.053,0.001875,TRUE,0,63,"raw","std"
"IMDS","Ichino-Yaguchi",0.629574569789675,-0.0350752071383046,0.636690390258524,-0.0401448032603061,0.05575,0.001125,TRUE,0,63,"raw","std"
"IMDS","Wasserstein",0.619986297004461,-0.0543390694710006,0.628439894376811,-0.0631721562098618,0.05225,-0.00025,TRUE,0,63,"raw","std"
"IMDS","Centers-Euclidean",0.616440726577438,-0.0720436583811344,0.621210754781695,-0.0783539023805222,0.053125,-0.002375,TRUE,0,63,"raw","std"
"Int-UMAP","Int-Euclidean",0.845917224346718,0.0360297960484385,0.905248223300222,0.0245433088083639,0.50175,-0.03375,FALSE,0,63,"raw","std"
"Int-UMAP","Hausdorff",0.844245140216699,0.0330269279796048,0.905101520873093,0.0164088889963648,0.50075,-0.04675,FALSE,0,63,"raw","std"
"Int-UMAP","Ichino-Yaguchi",0.848149617590822,0.0354958572339069,0.909005410962129,0.0207035462003784,0.506875,-0.044125,FALSE,0,63,"raw","std"
"Int-UMAP","Wasserstein",0.847163240917782,0.0344071064372211,0.907845789210651,0.0191649280739079,0.50425,-0.0445,FALSE,0,63,"raw","std"
"Int-UMAP","Centers-Euclidean",0.845937619502868,0.0378092734225621,0.906686654086019,0.0224662907484943,0.502375,-0.043375,FALSE,0,63,"raw","std"
"C-PCA","Int-Euclidean",0.920707855321861,0.109982632249841,0.924949019866999,0.114969228422215,0.341625,0.095375,FALSE,0,64,"raw","std"
"C-PCA","Hausdorff",0.919368307839388,0.110413161249203,0.924239100070439,0.114547135077206,0.3385,0.0795,FALSE,0,64,"raw","std"
"C-PCA","Ichino-Yaguchi",0.920310229445507,0.109556405353729,0.925008674944526,0.113804197265302,0.341875,0.083875,FALSE,0,64,"raw","std"
"C-PCA","Wasserstein",0.920292782026769,0.1095160930529,0.924999615198009,0.113765679961432,0.341625,0.084125,FALSE,0,64,"raw","std"
"C-PCA","Centers-Euclidean",0.920294694072658,0.109522785213512,0.924962876577102,0.113833920313638,0.341625,0.08425,FALSE,0,64,"raw","std"
"V-PCA","Int-Euclidean",0.920707855321861,0.109982632249841,0.924949184066242,0.114968944805342,0.341625,0.095375,FALSE,0,64,"raw","std"
"V-PCA","Hausdorff",0.919368068833652,0.110412683237731,0.924242294918558,0.114540197765833,0.3385,0.0795,FALSE,0,64,"raw","std"
"V-PCA","Ichino-Yaguchi",0.920310229445507,0.109556405353729,0.925008679742556,0.113804206861362,0.341875,0.083875,FALSE,0,64,"raw","std"
"V-PCA","Wasserstein",0.920292782026769,0.1095160930529,0.924999615198009,0.113765679961432,0.341625,0.084125,FALSE,0,64,"raw","std"
"V-PCA","Centers-Euclidean",0.920294694072658,0.109522785213512,0.924962881375132,0.113833929909698,0.341625,0.08425,FALSE,0,64,"raw","std"
"MR-PCA","Int-Euclidean",0.92055074888464,0.111500159337157,0.923843807240496,0.117908395503005,0.3425,0.104375,FALSE,0,64,"raw","std"
"MR-PCA","Hausdorff",0.918673677501593,0.113100382409178,0.924043016746958,0.115702223863362,0.337625,0.094,FALSE,0,64,"raw","std"
"MR-PCA","Ichino-Yaguchi",0.920016411727215,0.110747291268324,0.924204472476027,0.115566319988754,0.34,0.093375,FALSE,0,64,"raw","std"
"MR-PCA","Wasserstein",0.919984862970045,0.110821542383684,0.924143478748182,0.115793674311613,0.340375,0.094125,FALSE,0,64,"raw","std"
"MR-PCA","Centers-Euclidean",0.920060548119822,0.110687699171447,0.924152603854528,0.115794649058025,0.33975,0.09275,FALSE,0,64,"raw","std"
"SPCA","Int-Euclidean",0.920539276609305,0.110863129381772,0.923483113536654,0.118175787785316,0.340375,0.09825,FALSE,0,64,"raw","std"
"SPCA","Hausdorff",0.919467734225621,0.110719725940089,0.923029492337738,0.117236129471572,0.338375,0.085,FALSE,0,64,"raw","std"
"SPCA","Ichino-Yaguchi",0.920527405991077,0.109707138304653,0.92322874545296,0.117653526291753,0.3425,0.092625,FALSE,0,64,"raw","std"
"SPCA","Wasserstein",0.920541507329509,0.109602453792224,0.923351812358735,0.117359775979348,0.342375,0.092375,FALSE,0,64,"raw","std"
"SPCA","Centers-Euclidean",0.920510197578075,0.109674633524538,0.923146993422306,0.117762788732639,0.34225,0.093,FALSE,0,64,"raw","std"
"IMDS","Int-Euclidean",0.577788400254939,-0.0688240917782027,0.582749300831096,-0.0823746202306091,0.0415,-0.003875,TRUE,0,64,"raw","std"
"IMDS","Hausdorff",0.613619741873805,-0.01636695347355,0.627926232125526,-0.0399137516822958,0.050375,-0.001,TRUE,0,64,"raw","std"
"IMDS","Ichino-Yaguchi",0.629011711281071,-0.019771351179095,0.640947170109221,-0.0372424183025603,0.053875,0.000625000000000001,TRUE,0,64,"raw","std"
"IMDS","Wasserstein",0.620325207138305,-0.0467262587635437,0.630698637602633,-0.063660540414253,0.05475,5e-04,TRUE,0,64,"raw","std"
"IMDS","Centers-Euclidean",0.618646351179095,-0.084617750159337,0.626165702454595,-0.0905841437099066,0.056,-0.003625,TRUE,0,64,"raw","std"
"Int-UMAP","Int-Euclidean",0.864456500956023,0.0416746335245379,0.91651427974706,0.030308669412931,0.508125,-0.02325,FALSE,0,64,"raw","std"
"Int-UMAP","Hausdorff",0.863006771829191,0.0415833333333333,0.915203258510511,0.0304031238543371,0.49875,-0.0355,FALSE,0,64,"raw","std"
"Int-UMAP","Ichino-Yaguchi",0.864070108349267,0.0404592096876991,0.916586287618899,0.029248740485187,0.50625,-0.030125,FALSE,0,64,"raw","std"
"Int-UMAP","Wasserstein",0.863843849585723,0.0409318036966221,0.916226417683465,0.0298413483461767,0.505375,-0.029125,FALSE,0,64,"raw","std"
"Int-UMAP","Centers-Euclidean",0.863878027405991,0.0409262268961121,0.915907012199023,0.0305047448463189,0.505875,-0.029,FALSE,0,64,"raw","std"
"C-PCA","Int-Euclidean",0.919471797323136,0.116517208413002,0.920019067796972,0.126621766490423,0.348375,0.105125,FALSE,0,65,"raw","std"
"C-PCA","Hausdorff",0.918699091778203,0.115656628425749,0.919297062936162,0.125930615413643,0.34675,0.091375,FALSE,0,65,"raw","std"
"C-PCA","Ichino-Yaguchi",0.919100541746335,0.116242192479286,0.919744668898412,0.126152362225747,0.34825,0.0945,FALSE,0,65,"raw","std"
"C-PCA","Wasserstein",0.919171606118547,0.116087954110899,0.919818992512685,0.125999407432656,0.348625,0.095625,FALSE,0,65,"raw","std"
"C-PCA","Centers-Euclidean",0.919128744423199,0.116167941363926,0.919688628230055,0.126249405897286,0.348375,0.0945,FALSE,0,65,"raw","std"
"V-PCA","Int-Euclidean",0.919472355003187,0.116518323773104,0.919994003528962,0.126673899110185,0.348375,0.105125,FALSE,0,65,"raw","std"
"V-PCA","Hausdorff",0.918670331421287,0.115714786488209,0.919269281490557,0.125985248553298,0.34675,0.091375,FALSE,0,65,"raw","std"
"V-PCA","Ichino-Yaguchi",0.919108189929892,0.116229445506692,0.919760044664753,0.12612470787462,0.34825,0.0945,FALSE,0,65,"raw","std"
"V-PCA","Wasserstein",0.919179094964946,0.11607488846399,0.919823761967566,0.125990675444886,0.348625,0.095625,FALSE,0,65,"raw","std"
"V-PCA","Centers-Euclidean",0.919136392606756,0.116155194391332,0.919696980746978,0.126233738090864,0.348375,0.0945,FALSE,0,65,"raw","std"
"MR-PCA","Int-Euclidean",0.918199091778203,0.11936631612492,0.918620162007929,0.129878504715546,0.357625,0.106125,FALSE,0,65,"raw","std"
"MR-PCA","Hausdorff",0.917565965583174,0.118517527087317,0.91798568270036,0.129151969554987,0.353,0.09475,FALSE,0,65,"raw","std"
"MR-PCA","Ichino-Yaguchi",0.917837954110899,0.11877660930529,0.918267763777767,0.129228297466248,0.355,0.091625,FALSE,0,65,"raw","std"
"MR-PCA","Wasserstein",0.917723550031867,0.119012109623964,0.918210069708336,0.12938804754903,0.355,0.0925,FALSE,0,65,"raw","std"
"MR-PCA","Centers-Euclidean",0.917809592096877,0.118830146590185,0.918176616245131,0.129433629045507,0.355,0.09175,FALSE,0,65,"raw","std"
"SPCA","Int-Euclidean",0.917932042702358,0.119510038240918,0.918362799207272,0.129988502641092,0.353875,0.10175,FALSE,0,65,"raw","std"
"SPCA","Hausdorff",0.917189212874442,0.119061026131294,0.917576749284902,0.129788892232583,0.35225,0.091375,FALSE,0,65,"raw","std"
"SPCA","Ichino-Yaguchi",0.917355082855322,0.119852294455067,0.917696517171999,0.130437956271311,0.35225,0.09325,FALSE,0,65,"raw","std"
"SPCA","Wasserstein",0.917381612492033,0.119784576163161,0.91779603801302,0.130248026154508,0.3525,0.09375,FALSE,0,65,"raw","std"
"SPCA","Centers-Euclidean",0.917333094327597,0.119877788400255,0.917741945664637,0.130339796897905,0.35225,0.092625,FALSE,0,65,"raw","std"
"IMDS","Int-Euclidean",0.567305210325048,-0.0347210006373486,0.573862054361123,-0.0431557701916875,0.032625,-0.003,TRUE,0,65,"raw","std"
"IMDS","Hausdorff",0.607300430210325,0.0112789993626513,0.62044152888431,-0.0156792929060297,0.039875,-0.007125,TRUE,0,65,"raw","std"
"IMDS","Ichino-Yaguchi",0.612955943275972,0.0155852453792225,0.62481851590839,-0.00541615253111644,0.038625,-0.0065,FALSE,0,65,"raw","std"
"IMDS","Wasserstein",0.603175828553219,-0.000195506692160619,0.615605942865317,-0.0242299705925554,0.04075,-0.005375,TRUE,0,65,"raw","std"
"IMDS","Centers-Euclidean",0.600538878266412,-0.0395235818992989,0.618550591428612,-0.0717047112046663,0.046625,-0.011375,TRUE,0,65,"raw","std"
"Int-UMAP","Int-Euclidean",0.917810468451243,-0.000621574251115309,0.949611662927189,-0.000208663331161645,0.56775,-0.02125,FALSE,0,65,"raw","std"
"Int-UMAP","Hausdorff",0.917501434034417,0.000873486297004455,0.948770284364087,0.000621928301313197,0.561,-0.032125,FALSE,0,65,"raw","std"
"Int-UMAP","Ichino-Yaguchi",0.917768642447419,-0.00011312938177177,0.949441089448753,-0.000323334324499672,0.568,-0.02825,FALSE,0,65,"raw","std"
"Int-UMAP","Wasserstein",0.917798358827279,-0.000134639898024203,0.949400965977746,-0.000307556270014185,0.567375,-0.029875,FALSE,0,65,"raw","std"
"Int-UMAP","Centers-Euclidean",0.917759321223709,-8.90694710006246e-05,0.94939031029989,-0.000286674817772961,0.567375,-0.02825,FALSE,0,65,"raw","std"
"C-PCA","Int-Euclidean",0.911554811982154,0.127664754620778,0.911646864557888,0.141197442168174,0.3505,0.119875,FALSE,0,66,"raw","std"
"C-PCA","Hausdorff",0.910695028680688,0.126920968769917,0.910838038174746,0.140634008247664,0.347375,0.098,FALSE,0,66,"raw","std"
"C-PCA","Ichino-Yaguchi",0.911365758444869,0.127091300191205,0.911523541224075,0.14042921426099,0.350125,0.106875,FALSE,0,66,"raw","std"
"C-PCA","Wasserstein",0.911431883365201,0.126916029318037,0.911554655167943,0.140321834140511,0.350125,0.107,FALSE,0,66,"raw","std"
"C-PCA","Centers-Euclidean",0.911361615678776,0.127085882727852,0.911394716042786,0.140657471679682,0.350125,0.10775,FALSE,0,66,"raw","std"
"V-PCA","Int-Euclidean",0.911525015933716,0.127729126832377,0.911736607973754,0.141020704500902,0.3505,0.119625,FALSE,0,66,"raw","std"
"V-PCA","Hausdorff",0.910752390057361,0.126804652644997,0.91076006976378,0.140788836618086,0.3475,0.09825,FALSE,0,66,"raw","std"
"V-PCA","Ichino-Yaguchi",0.911393084767368,0.127037603569152,0.911421050189354,0.140633705865163,0.350125,0.107,FALSE,0,66,"raw","std"
"V-PCA","Wasserstein",0.911392208413002,0.126991555130656,0.911479039177683,0.140471259502871,0.350125,0.107,FALSE,0,66,"raw","std"
"V-PCA","Centers-Euclidean",0.911389021669853,0.127032345442957,0.911342210242928,0.140762542135232,0.350125,0.107875,FALSE,0,66,"raw","std"
"MR-PCA","Int-Euclidean",0.912098072020395,0.126489324410453,0.913339388980073,0.137613385974331,0.349,0.1135,FALSE,0,66,"raw","std"
"MR-PCA","Hausdorff",0.911173199490121,0.126017845761632,0.912076957924562,0.137951263447065,0.345125,0.096,FALSE,0,66,"raw","std"
"MR-PCA","Ichino-Yaguchi",0.911654477374124,0.126096080305927,0.912925605289587,0.137054250662043,0.346,0.099625,FALSE,0,66,"raw","std"
"MR-PCA","Wasserstein",0.911594327597196,0.126202676864245,0.912806356016201,0.137282024652576,0.34625,0.099375,FALSE,0,66,"raw","std"
"MR-PCA","Centers-Euclidean",0.91169925111536,0.126013862332696,0.912980762267475,0.1369349172632,0.346125,0.099375,FALSE,0,66,"raw","std"
"SPCA","Int-Euclidean",0.912118865519439,0.126333970681963,0.915546586331867,0.133051826100293,0.34825,0.100375,FALSE,0,66,"raw","std"
"SPCA","Hausdorff",0.911699410452518,0.125045411089866,0.91451503988293,0.133137463682113,0.34725,0.08525,FALSE,0,66,"raw","std"
"SPCA","Ichino-Yaguchi",0.911923518164436,0.125880178457616,0.915504635557862,0.132148813005808,0.34725,0.090625,FALSE,0,66,"raw","std"
"SPCA","Wasserstein",0.911972673677502,0.125750318674315,0.915403756021421,0.132319874923679,0.347375,0.0905,FALSE,0,66,"raw","std"
"SPCA","Centers-Euclidean",0.911922402804334,0.125880178457616,0.915520823897208,0.13210445191487,0.34725,0.09125,FALSE,0,66,"raw","std"
"IMDS","Int-Euclidean",0.584466698534098,-0.0750984703632886,0.587881310624706,-0.0848582630006136,0.041875,0.000750000000000001,TRUE,0,66,"raw","std"
"IMDS","Hausdorff",0.605187619502868,-0.0223382727852135,0.612390230247428,-0.0375511853820537,0.052,-0.0075,TRUE,0,66,"raw","std"
"IMDS","Ichino-Yaguchi",0.61271223709369,-0.0160790312300828,0.618787940580687,-0.0287140382334311,0.054375,-0.00175,TRUE,0,66,"raw","std"
"IMDS","Wasserstein",0.604874920331421,-0.038597833014659,0.612558425822288,-0.0515661428241689,0.052375,-0.005375,TRUE,0,66,"raw","std"
"IMDS","Centers-Euclidean",0.605468610579987,-0.0683604206500956,0.610285904360808,-0.0742996706120546,0.05075,-0.001625,TRUE,0,66,"raw","std"
"Int-UMAP","Int-Euclidean",0.775856596558317,0.0113913320586361,0.854993079748288,0.00964552880771216,0.445625,-0.02875,FALSE,0,66,"raw","std"
"Int-UMAP","Hausdorff",0.775052660930529,0.0073704588910134,0.854725405661692,0.00235025775442652,0.445375,-0.031875,FALSE,0,66,"raw","std"
"Int-UMAP","Ichino-Yaguchi",0.779150334608031,0.00640360101975779,0.859355632805968,0.00228773238884225,0.450375,-0.034375,FALSE,0,66,"raw","std"
"Int-UMAP","Wasserstein",0.776398741236456,0.00865726577437853,0.856586358736364,0.00462593024202029,0.44825,-0.02975,FALSE,0,66,"raw","std"
"Int-UMAP","Centers-Euclidean",0.776495458891013,0.00884942638623321,0.856376840502912,0.00546071449956934,0.446125,-0.024375,FALSE,0,66,"raw","std"
"C-PCA","Int-Euclidean",0.919169455066922,0.116187858508604,0.92326181358106,0.119325014232023,0.34625,0.102625,FALSE,0,67,"raw","std"
"C-PCA","Hausdorff",0.918343849585723,0.115703314212874,0.922847548275004,0.118162020851683,0.341125,0.09175,FALSE,0,67,"raw","std"
"C-PCA","Ichino-Yaguchi",0.919096478648821,0.115364722753346,0.922915576021179,0.118886283665323,0.3435,0.09525,FALSE,0,67,"raw","std"
"C-PCA","Wasserstein",0.919102055449331,0.115347514340344,0.922943839935337,0.118838017831099,0.34375,0.094875,FALSE,0,67,"raw","std"
"C-PCA","Centers-Euclidean",0.91908970681963,0.115354365838113,0.922903626154747,0.118901901785481,0.3435,0.094625,FALSE,0,67,"raw","std"
"V-PCA","Int-Euclidean",0.919197896749522,0.116134480560867,0.923240021889252,0.119369342269866,0.34625,0.1025,FALSE,0,67,"raw","std"
"V-PCA","Hausdorff",0.918354206500956,0.115687061822817,0.922834103555728,0.118192558925351,0.34125,0.091875,FALSE,0,67,"raw","std"
"V-PCA","Ichino-Yaguchi",0.919031708094328,0.115504780114723,0.922882369496575,0.11895956919919,0.3435,0.095125,FALSE,0,67,"raw","std"
"V-PCA","Wasserstein",0.919070347355003,0.115421446781389,0.922922991003076,0.118888306941184,0.34375,0.094875,FALSE,0,67,"raw","std"
"V-PCA","Centers-Euclidean",0.919024219247929,0.115492989165073,0.922882523140151,0.118948868313231,0.3435,0.0945,FALSE,0,67,"raw","std"
"MR-PCA","Int-Euclidean",0.918548438495857,0.116839388145315,0.922129269244279,0.121197395893842,0.350125,0.111375,FALSE,0,67,"raw","std"
"MR-PCA","Hausdorff",0.917618228170809,0.116081580624602,0.921466069569982,0.120110756014256,0.344875,0.0995,FALSE,0,67,"raw","std"
"MR-PCA","Ichino-Yaguchi",0.918058556405354,0.116377151051625,0.92165054816531,0.120647982882677,0.347125,0.10075,FALSE,0,67,"raw","std"
"MR-PCA","Wasserstein",0.918152087316762,0.116184990439771,0.921779286875439,0.120388116256817,0.34725,0.10025,FALSE,0,67,"raw","std"
"MR-PCA","Centers-Euclidean",0.918058397068196,0.116352613129382,0.921633415147205,0.120666784335682,0.34725,0.100375,FALSE,0,67,"raw","std"
"SPCA","Int-Euclidean",0.918846956660293,0.115628266411727,0.92134498755583,0.122211458855252,0.349125,0.109875,FALSE,0,67,"raw","std"
"SPCA","Hausdorff",0.917917383683875,0.115388942001275,0.920628550861931,0.121711603094691,0.3445,0.10125,FALSE,0,67,"raw","std"
"SPCA","Ichino-Yaguchi",0.918544295729764,0.11530943275972,0.920800132886234,0.122275664171009,0.3475,0.10225,FALSE,0,67,"raw","std"
"SPCA","Wasserstein",0.918523741236456,0.115341300191205,0.920842713801488,0.122177447860983,0.34725,0.101875,FALSE,0,67,"raw","std"
"SPCA","Centers-Euclidean",0.918543419375398,0.115283460803059,0.920817630447982,0.122228313587628,0.3475,0.102,FALSE,0,67,"raw","std"
"IMDS","Int-Euclidean",0.589178377947737,-0.0730377629063097,0.593613166267215,-0.0868483569669355,0.039625,-0.002875,TRUE,0,67,"raw","std"
"IMDS","Hausdorff",0.631385595920969,-0.0310178457616315,0.636325662691083,-0.034680727367672,0.047875,0.002,TRUE,0,67,"raw","std"
"IMDS","Ichino-Yaguchi",0.635563017845762,-0.0306139260675589,0.638746658652038,-0.0316104439930458,0.05125,0.001875,TRUE,0,67,"raw","std"
"IMDS","Wasserstein",0.627319630337795,-0.0473282345442958,0.629060677335097,-0.0508537439389155,0.048625,0.0025,TRUE,0,67,"raw","std"
"IMDS","Centers-Euclidean",0.615520873167623,-0.0647272147864881,0.618416229001049,-0.0750419177209111,0.04425,0.000750000000000001,TRUE,0,67,"raw","std"
"Int-UMAP","Int-Euclidean",0.825882090503505,0.0525041427660931,0.893635883872154,0.0288963580352115,0.453875,-0.039875,FALSE,0,67,"raw","std"
"Int-UMAP","Hausdorff",0.823972355003187,0.0502535054174634,0.892753003417391,0.0238539790637009,0.4525,-0.050625,FALSE,0,67,"raw","std"
"Int-UMAP","Ichino-Yaguchi",0.827683875079669,0.0488725302740599,0.896042744410786,0.024287436915504,0.455375,-0.05125,FALSE,0,67,"raw","std"
"Int-UMAP","Wasserstein",0.825584369024857,0.0509956978967495,0.89433007594023,0.0255965151632243,0.454375,-0.0505,FALSE,0,67,"raw","std"
"Int-UMAP","Centers-Euclidean",0.823778202676864,0.0551166347992352,0.892963865952174,0.028714141017892,0.449125,-0.04575,FALSE,0,67,"raw","std"
"C-PCA","Int-Euclidean",0.92240471637986,0.112944231994901,0.922628979144734,0.122845594197395,0.372,0.109625,FALSE,0,68,"raw","std"
"C-PCA","Hausdorff",0.92150557680051,0.112619502868069,0.921534011058243,0.12308663463374,0.3685,0.09625,FALSE,0,68,"raw","std"
"C-PCA","Ichino-Yaguchi",0.921934990439771,0.112752390057361,0.922194125386124,0.122622047804242,0.370125,0.100625,FALSE,0,68,"raw","std"
"C-PCA","Wasserstein",0.92197649776928,0.11267638623327,0.922200050739698,0.122580614790965,0.37025,0.1,FALSE,0,68,"raw","std"
"C-PCA","Centers-Euclidean",0.921937221159974,0.112757807520714,0.922273464754142,0.122441174022025,0.370125,0.099125,FALSE,0,68,"raw","std"
"V-PCA","Int-Euclidean",0.922518164435946,0.112725621414914,0.92267474723126,0.122757079716898,0.372375,0.109875,FALSE,0,68,"raw","std"
"V-PCA","Hausdorff",0.921568992989165,0.112494582536648,0.921648221227473,0.122859564567492,0.368625,0.09625,FALSE,0,68,"raw","std"
"V-PCA","Ichino-Yaguchi",0.921932839388145,0.112766252390057,0.922153634705903,0.122705867892369,0.37,0.100625,FALSE,0,68,"raw","std"
"V-PCA","Wasserstein",0.921965105162524,0.112707775653282,0.922139706558467,0.122708757799038,0.370125,0.09975,FALSE,0,68,"raw","std"
"V-PCA","Centers-Euclidean",0.921934910771192,0.112771351179095,0.922235458813627,0.122519924405228,0.37,0.099,FALSE,0,68,"raw","std"
"MR-PCA","Int-Euclidean",0.92032799553856,0.112851975780752,0.923527832240747,0.11853952749173,0.35975,0.100375,FALSE,0,68,"raw","std"
"MR-PCA","Hausdorff",0.919716698534098,0.111444869343531,0.923027140663392,0.117179286679253,0.354,0.08975,FALSE,0,68,"raw","std"
"MR-PCA","Ichino-Yaguchi",0.919679652644997,0.112459369024857,0.923143866599588,0.117772031657273,0.355375,0.086875,FALSE,0,68,"raw","std"
"MR-PCA","Wasserstein",0.91972466539197,0.112392606755895,0.923238719597337,0.117565196908585,0.35575,0.087625,FALSE,0,68,"raw","std"
"MR-PCA","Centers-Euclidean",0.919772227533461,0.112296207775653,0.923136181861792,0.117765256839176,0.356,0.08625,FALSE,0,68,"raw","std"
"SPCA","Int-Euclidean",0.918910133843212,0.115219247928617,0.923086473419938,0.11889669581651,0.3505,0.091375,FALSE,0,68,"raw","std"
"SPCA","Hausdorff",0.918062539834289,0.114591300191205,0.922014068015335,0.118968015650875,0.34925,0.078125,FALSE,0,68,"raw","std"
"SPCA","Ichino-Yaguchi",0.918462476099426,0.114937699171447,0.9229185817203,0.118186016545142,0.34925,0.080125,FALSE,0,68,"raw","std"
"SPCA","Wasserstein",0.918510436583811,0.11485707456979,0.922926957267766,0.118133058024515,0.349125,0.078,FALSE,0,68,"raw","std"
"SPCA","Centers-Euclidean",0.918466778202677,0.114946940726578,0.922846529066848,0.118293741697276,0.349375,0.078625,FALSE,0,68,"raw","std"
"IMDS","Int-Euclidean",0.558854923518164,-0.0394600063734863,0.562929998152439,-0.0555838737407624,0.035125,-0.00375,TRUE,0,68,"raw","std"
"IMDS","Hausdorff",0.601385834926705,-0.0182480879541109,0.610005011915321,-0.0303873750145221,0.0515,0.003125,TRUE,0,68,"raw","std"
"IMDS","Ichino-Yaguchi",0.604282504780115,-0.00750573613766725,0.613367842363097,-0.0222725509960198,0.051375,0.000125,TRUE,0,68,"raw","std"
"IMDS","Wasserstein",0.596585165710644,-0.0234195347355003,0.60633569707739,-0.040978745623557,0.0505,0.0025,TRUE,0,68,"raw","std"
"IMDS","Centers-Euclidean",0.5873304652645,-0.046442319949012,0.593438206216677,-0.0598326283001702,0.049125,-0.004875,TRUE,0,68,"raw","std"
"Int-UMAP","Int-Euclidean",0.85962069789675,0.0187936583811344,0.91511859151681,0.00786368682146264,0.527625,-0.014625,FALSE,0,68,"raw","std"
"Int-UMAP","Hausdorff",0.85861631612492,0.0170439770554492,0.913647125656008,0.00619408440028722,0.521,-0.02825,FALSE,0,68,"raw","std"
"Int-UMAP","Ichino-Yaguchi",0.859509958572339,0.0169447100063734,0.914859518485082,0.00622596464282785,0.52525,-0.024625,FALSE,0,68,"raw","std"
"Int-UMAP","Wasserstein",0.85914292543021,0.0174079031230083,0.914656554253733,0.00629122445891445,0.5235,-0.02475,FALSE,0,68,"raw","std"
"Int-UMAP","Centers-Euclidean",0.858977453792224,0.0176155194391332,0.914531240483908,0.00648903485988303,0.5235,-0.021625,FALSE,0,68,"raw","std"
"C-PCA","Int-Euclidean",0.912214388145316,0.126944072657744,0.915694091522696,0.133412193324862,0.343375,0.10975,FALSE,0,69,"raw","std"
"C-PCA","Hausdorff",0.911191124920331,0.126019917144678,0.914740807977132,0.132732913213578,0.340125,0.09475,FALSE,0,69,"raw","std"
"C-PCA","Ichino-Yaguchi",0.911803537284895,0.12627660930529,0.915073053948962,0.133317093815003,0.342125,0.100375,FALSE,0,69,"raw","std"
"C-PCA","Wasserstein",0.911849506054812,0.126188177182919,0.91515863267495,0.133118303549723,0.342,0.09975,FALSE,0,69,"raw","std"
"C-PCA","Centers-Euclidean",0.911809353091141,0.126260834926705,0.915097394780699,0.133240594667389,0.342125,0.10025,FALSE,0,69,"raw","std"
"V-PCA","Int-Euclidean",0.912256851497769,0.12686201402167,0.915670551748692,0.13345902380181,0.3435,0.109875,FALSE,0,69,"raw","std"
"V-PCA","Hausdorff",0.91124259082218,0.125918578712556,0.914754271675281,0.132705187425119,0.34025,0.09475,FALSE,0,69,"raw","std"
"V-PCA","Ichino-Yaguchi",0.911816523263225,0.126254461440408,0.915167010674742,0.133130593329911,0.342125,0.100375,FALSE,0,69,"raw","std"
"V-PCA","Wasserstein",0.911865360101976,0.126159337157425,0.915185761375254,0.133068134923498,0.342,0.099875,FALSE,0,69,"raw","std"
"V-PCA","Centers-Euclidean",0.911815487571702,0.126253027405991,0.915187405393514,0.133062132268333,0.342125,0.100125,FALSE,0,69,"raw","std"
"MR-PCA","Int-Euclidean",0.912130975143403,0.126455704270236,0.914212044939925,0.136001634571472,0.342625,0.104875,FALSE,0,69,"raw","std"
"MR-PCA","Hausdorff",0.911252549394519,0.125876035691523,0.9137167743899,0.134837485825554,0.33675,0.092125,FALSE,0,69,"raw","std"
"MR-PCA","Ichino-Yaguchi",0.911461440407903,0.126063416188655,0.913652019646418,0.135442608441018,0.339125,0.09425,FALSE,0,69,"raw","std"
"MR-PCA","Wasserstein",0.911612890376036,0.125851975780752,0.913699316491865,0.135485985189484,0.339125,0.093625,FALSE,0,69,"raw","std"
"MR-PCA","Centers-Euclidean",0.911573135755258,0.12592638623327,0.914033849737819,0.134801119745006,0.33975,0.091,FALSE,0,69,"raw","std"
"SPCA","Int-Euclidean",0.912652644996813,0.124867431485022,0.915094792542574,0.133820616336571,0.341875,0.1005,FALSE,0,69,"raw","std"
"SPCA","Hausdorff",0.911167622689611,0.125446462715105,0.914073168419291,0.133675672973794,0.3385,0.0875,FALSE,0,69,"raw","std"
"SPCA","Ichino-Yaguchi",0.911807361376673,0.125400892288082,0.914398288570487,0.134086267253928,0.3405,0.09175,FALSE,0,69,"raw","std"
"SPCA","Wasserstein",0.911798996175908,0.125426226896112,0.914398550223047,0.134071699582431,0.34025,0.09075,FALSE,0,69,"raw","std"
"SPCA","Centers-Euclidean",0.911806803696622,0.125402007648184,0.914455144050929,0.133957647428316,0.3405,0.09075,FALSE,0,69,"raw","std"
"IMDS","Int-Euclidean",0.561792304015296,-0.0432165391969407,0.565877150540936,-0.056364142783567,0.038875,0,TRUE,0,69,"raw","std"
"IMDS","Hausdorff",0.598794216061185,-0.00546096239643079,0.611202054674168,-0.0274763770601461,0.05075,-0.006125,TRUE,0,69,"raw","std"
"IMDS","Ichino-Yaguchi",0.609772705544933,0.000552103250477942,0.620744662223819,-0.0203193097370918,0.052875,-0.00575,TRUE,0,69,"raw","std"
"IMDS","Wasserstein",0.601234942638623,-0.0245058954748247,0.612998720013593,-0.046269887087218,0.052375,-0.006875,TRUE,0,69,"raw","std"
"IMDS","Centers-Euclidean",0.597853648820905,-0.0604864563416189,0.610792767483978,-0.0831162032921394,0.053125,-0.007625,TRUE,0,69,"raw","std"
"Int-UMAP","Int-Euclidean",0.912534815168897,0.0126324091778203,0.947332802202095,0.00659564239093886,0.56975,-0.0315,FALSE,0,69,"raw","std"
"Int-UMAP","Hausdorff",0.911207536647546,0.013003346080306,0.946649560730774,0.00603683718310186,0.565,-0.038375,FALSE,0,69,"raw","std"
"Int-UMAP","Ichino-Yaguchi",0.911934751434034,0.0116451561504143,0.947201309102984,0.00579441235522105,0.5685,-0.036125,FALSE,0,69,"raw","std"
"Int-UMAP","Wasserstein",0.912023581899299,0.0118559592096877,0.947196203146279,0.00584362436092375,0.5685,-0.035875,FALSE,0,69,"raw","std"
"Int-UMAP","Centers-Euclidean",0.911988049713193,0.0115395156150414,0.9472214836455,0.0056934217177339,0.568875,-0.0355,FALSE,0,69,"raw","std"
"C-PCA","Int-Euclidean",0.919834847036329,0.114883843212237,0.92112460029213,0.123490883786003,0.346,0.103375,FALSE,0,70,"raw","std"
"C-PCA","Hausdorff",0.91893626513703,0.114453154875717,0.919540577556548,0.124709253893996,0.343125,0.095,FALSE,0,70,"raw","std"
"C-PCA","Ichino-Yaguchi",0.919462157425112,0.114439611217336,0.92020535898134,0.124259774674284,0.34675,0.099375,FALSE,0,70,"raw","std"
"C-PCA","Wasserstein",0.919480082855322,0.11441523263225,0.920371137415403,0.123931256131882,0.346875,0.0985,FALSE,0,70,"raw","std"
"C-PCA","Centers-Euclidean",0.919461998087954,0.114441523263225,0.920249682541023,0.124168899989611,0.34675,0.098625,FALSE,0,70,"raw","std"
"V-PCA","Int-Euclidean",0.919857233906947,0.114837476099426,0.921053906227476,0.123630337349689,0.346,0.1035,FALSE,0,70,"raw","std"
"V-PCA","Hausdorff",0.918906389420013,0.114511631612492,0.919511191116659,0.124767232646528,0.343,0.095,FALSE,0,70,"raw","std"
"V-PCA","Ichino-Yaguchi",0.919456261950287,0.114447896749522,0.920193544099481,0.12428030555048,0.346625,0.09925,FALSE,0,70,"raw","std"
"V-PCA","Wasserstein",0.919487253027406,0.114400573613767,0.920342339107346,0.123987395852899,0.346875,0.098625,FALSE,0,70,"raw","std"
"V-PCA","Centers-Euclidean",0.919456421287444,0.114450446144041,0.920262695330992,0.12414161583314,0.346625,0.098625,FALSE,0,70,"raw","std"
"MR-PCA","Int-Euclidean",0.917111695347355,0.120864563416189,0.919155567224364,0.127905477874387,0.3495,0.1085,FALSE,0,70,"raw","std"
"MR-PCA","Hausdorff",0.916697817080943,0.119662045889101,0.917524414081659,0.129082495576003,0.344375,0.10075,FALSE,0,70,"raw","std"
"MR-PCA","Ichino-Yaguchi",0.916836599745061,0.119510038240918,0.918640745342584,0.127083089806665,0.34425,0.0945,FALSE,0,70,"raw","std"
"MR-PCA","Wasserstein",0.917030672402804,0.119405513065647,0.918283773310535,0.128243628514951,0.345875,0.097375,FALSE,0,70,"raw","std"
"MR-PCA","Centers-Euclidean",0.917003027405991,0.119468132568515,0.918883395464621,0.127079838021925,0.345875,0.09725,FALSE,0,70,"raw","std"
"SPCA","Int-Euclidean",0.917641172721479,0.119419056724028,0.919663591577372,0.126569663725069,0.34875,0.104375,FALSE,0,70,"raw","std"
"SPCA","Hausdorff",0.91631867431485,0.119836838750797,0.918694132273962,0.126556565530169,0.3455,0.094125,FALSE,0,70,"raw","std"
"SPCA","Ichino-Yaguchi",0.917064611217336,0.119393722115997,0.919691688626716,0.125500103125654,0.34775,0.096,FALSE,0,70,"raw","std"
"SPCA","Wasserstein",0.917085086042065,0.11936137667304,0.919755049062734,0.125362534441324,0.34775,0.096625,FALSE,0,70,"raw","std"
"SPCA","Centers-Euclidean",0.917062938177183,0.119399617590822,0.919830250289972,0.125209038643716,0.34775,0.096,FALSE,0,70,"raw","std"
"IMDS","Int-Euclidean",0.556110500318674,-0.0348067240280433,0.562781947159063,-0.0409676649468821,0.038625,0.002875,TRUE,0,70,"raw","std"
"IMDS","Hausdorff",0.599849904397705,-0.00726704907584452,0.615880364261306,-0.0177466259827858,0.0485,0.000624999999999997,TRUE,0,70,"raw","std"
"IMDS","Ichino-Yaguchi",0.610005417463352,0.00370936902485663,0.62555128157722,-0.00735453802351194,0.049875,0.0015,TRUE,0,70,"raw","std"
"IMDS","Wasserstein",0.600798358827279,-0.0213022625876355,0.6173765714294,-0.0311782549535713,0.049375,0.0015,TRUE,0,70,"raw","std"
"IMDS","Centers-Euclidean",0.597152884002549,-0.0706763862332697,0.618832457767528,-0.0960732439935917,0.0475,-0.005,TRUE,0,70,"raw","std"
"Int-UMAP","Int-Euclidean",0.8688465583174,0.0345650095602295,0.920048454130238,0.0236419741713312,0.521125,-0.01975,FALSE,0,70,"raw","std"
"Int-UMAP","Hausdorff",0.867901131293818,0.0362850541746336,0.919153187828068,0.0242699812565498,0.516125,-0.0295,FALSE,0,70,"raw","std"
"Int-UMAP","Ichino-Yaguchi",0.868893642447419,0.0346187061822817,0.920376027247521,0.0229394259611541,0.522125,-0.025125,FALSE,0,70,"raw","std"
"Int-UMAP","Wasserstein",0.868587476099426,0.0351437221159975,0.920106293420037,0.0233813720608122,0.5205,-0.026375,FALSE,0,70,"raw","std"
"Int-UMAP","Centers-Euclidean",0.868703632887189,0.0349525175270874,0.9202011092064,0.0232298961271327,0.52075,-0.02375,FALSE,0,70,"raw","std"
"C-PCA","Int-Euclidean",0.91858166029318,0.119201242829828,0.920957530441687,0.125636921611367,0.367625,0.105875,FALSE,0,71,"raw","std"
"C-PCA","Hausdorff",0.917218530911408,0.118580146590185,0.919528022925114,0.125746410092769,0.361125,0.08475,FALSE,0,71,"raw","std"
"C-PCA","Ichino-Yaguchi",0.917781787762906,0.119062300828553,0.920487846185315,0.12503706211474,0.365,0.094375,FALSE,0,71,"raw","std"
"C-PCA","Wasserstein",0.917832536647546,0.118961440407903,0.92053667797381,0.124922443366615,0.364875,0.094,FALSE,0,71,"raw","std"
"C-PCA","Centers-Euclidean",0.917792861695347,0.119024219247929,0.920450482327811,0.125080094684534,0.365,0.094375,FALSE,0,71,"raw","std"
"V-PCA","Int-Euclidean",0.918571940726577,0.11922833014659,0.921068270142641,0.125416716139685,0.367625,0.106,FALSE,0,71,"raw","std"
"V-PCA","Hausdorff",0.917185309114085,0.118657106437221,0.91946188464308,0.125881233664308,0.361,0.084875,FALSE,0,71,"raw","std"
"V-PCA","Ichino-Yaguchi",0.917660452517527,0.119312619502868,0.920415426322648,0.125190020106517,0.365,0.094,FALSE,0,71,"raw","std"
"V-PCA","Wasserstein",0.917651688973869,0.119327915869981,0.920363715822887,0.12526778252207,0.364625,0.093875,FALSE,0,71,"raw","std"
"V-PCA","Centers-Euclidean",0.91765591140854,0.119304811982154,0.920367227980711,0.125253976564461,0.365,0.094,FALSE,0,71,"raw","std"
"MR-PCA","Int-Euclidean",0.915712555768005,0.121334289356278,0.917094191274802,0.130950503993581,0.360125,0.11075,FALSE,0,71,"raw","std"
"MR-PCA","Hausdorff",0.914605481198215,0.120487571701721,0.915074596568858,0.132426853289128,0.353125,0.094,FALSE,0,71,"raw","std"
"MR-PCA","Ichino-Yaguchi",0.915198215423837,0.120595602294455,0.916530787635191,0.130454409035411,0.356625,0.097875,FALSE,0,71,"raw","std"
"MR-PCA","Wasserstein",0.915260834926705,0.120473231357553,0.916428829714894,0.130638660630617,0.3565,0.098,FALSE,0,71,"raw","std"
"MR-PCA","Centers-Euclidean",0.915194710006374,0.120590184831103,0.9164994946715,0.130497352894965,0.356625,0.097625,FALSE,0,71,"raw","std"
"SPCA","Int-Euclidean",0.915509958572339,0.121307680050988,0.917080619674294,0.130625227000122,0.35825,0.10675,FALSE,0,71,"raw","std"
"SPCA","Hausdorff",0.914813973868706,0.120119024856597,0.916091157171344,0.130461535282536,0.353,0.094625,FALSE,0,71,"raw","std"
"SPCA","Ichino-Yaguchi",0.915285691523263,0.120485340981517,0.916599229504651,0.130421596055875,0.35625,0.09625,FALSE,0,71,"raw","std"
"SPCA","Wasserstein",0.915291427660931,0.120475143403442,0.916553241348491,0.13049386248821,0.356125,0.096375,FALSE,0,71,"raw","std"
"SPCA","Centers-Euclidean",0.915284337157425,0.120475302740599,0.916517739872916,0.130554874875059,0.35625,0.096,FALSE,0,71,"raw","std"
"IMDS","Int-Euclidean",0.598025573613767,-0.091062938177183,0.602652484906038,-0.109902368196628,0.043125,-0.006875,TRUE,0,71,"raw","std"
"IMDS","Hausdorff",0.610065885914595,-0.0193232950924155,0.620547802152622,-0.0448929664038967,0.049125,-0.003875,TRUE,0,71,"raw","std"
"IMDS","Ichino-Yaguchi",0.625694550669216,-0.022206182281708,0.633761858703865,-0.0448970771425954,0.052125,-0.003,TRUE,0,71,"raw","std"
"IMDS","Wasserstein",0.616363607393244,-0.0410031867431485,0.624966525851955,-0.065464989011019,0.0515,-0.0025,TRUE,0,71,"raw","std"
"IMDS","Centers-Euclidean",0.617541427660931,-0.0767071383046526,0.622982966695617,-0.100972435254746,0.055125,-0.007625,TRUE,0,71,"raw","std"
"Int-UMAP","Int-Euclidean",0.888496175908222,0.024217017208413,0.931468918533463,0.0209620139339904,0.53525,-0.019875,FALSE,0,71,"raw","std"
"Int-UMAP","Hausdorff",0.88752907903123,0.0218981835564053,0.931950237372396,0.0155492018978532,0.529125,-0.023,FALSE,0,71,"raw","std"
"Int-UMAP","Ichino-Yaguchi",0.888978569152326,0.0217971637985979,0.933919980868443,0.0139808244712656,0.53425,-0.026875,FALSE,0,71,"raw","std"
"Int-UMAP","Wasserstein",0.888117989165073,0.0235782345442958,0.933073371813106,0.0154810538810645,0.532625,-0.0265,FALSE,0,71,"raw","std"
"Int-UMAP","Centers-Euclidean",0.887953075207138,0.0237678457616316,0.932406055429229,0.0167128808633417,0.53225,-0.023875,FALSE,0,71,"raw","std"
"C-PCA","Int-Euclidean",0.918364882090503,0.117668260038241,0.92162557740557,0.122405701867743,0.3525,0.08875,FALSE,0,72,"raw","std"
"C-PCA","Hausdorff",0.917290073295092,0.117829668578712,0.920838815455576,0.122242597002515,0.34675,0.0775,FALSE,0,72,"raw","std"
"C-PCA","Ichino-Yaguchi",0.918502071383047,0.116567877629063,0.921776267315343,0.121273497764587,0.35175,0.082625,FALSE,0,72,"raw","std"
"C-PCA","Wasserstein",0.91849378585086,0.116541746335245,0.921638079258676,0.121525750663493,0.352,0.083875,FALSE,0,72,"raw","std"
"C-PCA","Centers-Euclidean",0.918505417463352,0.116508604206501,0.921804172763363,0.121185058559847,0.352,0.08225,FALSE,0,72,"raw","std"
"V-PCA","Int-Euclidean",0.918355720203952,0.117691682600382,0.921639421320926,0.122388119327556,0.352625,0.088875,FALSE,0,72,"raw","std"
"V-PCA","Hausdorff",0.917320267686424,0.117768961121734,0.920782059667531,0.122353686106663,0.34675,0.077625,FALSE,0,72,"raw","std"
"V-PCA","Ichino-Yaguchi",0.918494980879541,0.116586201402167,0.921781157040838,0.121265890435006,0.35175,0.082625,FALSE,0,72,"raw","std"
"V-PCA","Wasserstein",0.918477852135118,0.116573295092416,0.921669833046475,0.121460685114302,0.352,0.083875,FALSE,0,72,"raw","std"
"V-PCA","Centers-Euclidean",0.918496574251115,0.116530114722753,0.921810728364809,0.121173008894396,0.352,0.08225,FALSE,0,72,"raw","std"
"MR-PCA","Int-Euclidean",0.918336360739324,0.118390376035692,0.920115889692911,0.125935918622685,0.35175,0.094,FALSE,0,72,"raw","std"
"MR-PCA","Hausdorff",0.917519518801785,0.117887029955386,0.918815237318658,0.126621964595743,0.345,0.07825,FALSE,0,72,"raw","std"
"MR-PCA","Ichino-Yaguchi",0.917860101975781,0.11814913957935,0.919569049598578,0.125828802500469,0.348875,0.084125,FALSE,0,72,"raw","std"
"MR-PCA","Wasserstein",0.917881692160612,0.118070267686424,0.919593300547223,0.125781240164039,0.349125,0.08475,FALSE,0,72,"raw","std"
"MR-PCA","Centers-Euclidean",0.917865200764818,0.118094008922881,0.919685683625847,0.125585844558164,0.348875,0.084,FALSE,0,72,"raw","std"
"SPCA","Int-Euclidean",0.91839539515615,0.11762253027406,0.921141851874882,0.123391387574868,0.351625,0.090125,FALSE,0,72,"raw","std"
"SPCA","Hausdorff",0.91766212555768,0.11744184193754,0.919757383570795,0.124702411903481,0.3485,0.08225,FALSE,0,72,"raw","std"
"SPCA","Ichino-Yaguchi",0.917813256851498,0.118160930528999,0.92039261819488,0.124222727060257,0.350375,0.083125,FALSE,0,72,"raw","std"
"SPCA","Wasserstein",0.917868148502231,0.118007488846399,0.920437986872079,0.124106290178702,0.35025,0.083,FALSE,0,72,"raw","std"
"SPCA","Centers-Euclidean",0.917772386870618,0.118191045251753,0.920378855952653,0.124214819907124,0.350375,0.083125,FALSE,0,72,"raw","std"
"IMDS","Int-Euclidean",0.563714786488209,-0.0387466539196941,0.56788290453021,-0.0505764242130506,0.032875,-0.00525,TRUE,0,72,"raw","std"
"IMDS","Hausdorff",0.599114244741874,0.00270108349267062,0.614964727230512,-0.0265346969632608,0.03925,0.000874999999999997,TRUE,0,72,"raw","std"
"IMDS","Ichino-Yaguchi",0.60753154875717,0.0147667304015298,0.621411124451766,-0.01168621021495,0.041,0.00025,TRUE,0,72,"raw","std"
"IMDS","Wasserstein",0.598830704270236,-0.00772036328871895,0.613323328481566,-0.0368415866269995,0.042,-0.000875000000000001,TRUE,0,72,"raw","std"
"IMDS","Centers-Euclidean",0.592661806883365,-0.0467305608667942,0.610865480879446,-0.0853329813498663,0.04325,-0.007625,TRUE,0,72,"raw","std"
"Int-UMAP","Int-Euclidean",0.861983030592734,0.0461164754620776,0.916469625229943,0.031645402651515,0.5395,-0.027,FALSE,0,72,"raw","std"
"Int-UMAP","Hausdorff",0.861433078393882,0.046593690248566,0.915190688205513,0.0323357909481777,0.536375,-0.0335,FALSE,0,72,"raw","std"
"Int-UMAP","Ichino-Yaguchi",0.861691443594646,0.0457461759082218,0.916170195542959,0.0315194733477761,0.53825,-0.035,FALSE,0,72,"raw","std"
"Int-UMAP","Wasserstein",0.861569789674952,0.0459649458253665,0.916061696308682,0.0316647001141803,0.537625,-0.035125,FALSE,0,72,"raw","std"
"Int-UMAP","Centers-Euclidean",0.861735340981517,0.0458537284894837,0.916209361753706,0.0314626343938813,0.537875,-0.034,FALSE,0,72,"raw","std"
"C-PCA","Int-Euclidean",0.919210643722116,0.122228489483748,0.922394173268329,0.125879418942809,0.37925,0.1135,FALSE,0,73,"raw","std"
"C-PCA","Hausdorff",0.918264499681326,0.121263543658381,0.921409133802508,0.125284443840532,0.374375,0.092875,FALSE,0,73,"raw","std"
"C-PCA","Ichino-Yaguchi",0.918591698534098,0.122050509878904,0.922127824717437,0.125037015627162,0.374625,0.09925,FALSE,0,73,"raw","std"
"C-PCA","Wasserstein",0.918610579987253,0.121998406628426,0.922098761238265,0.12506987338831,0.375,0.097875,FALSE,0,73,"raw","std"
"C-PCA","Centers-Euclidean",0.918589388145316,0.122048438495857,0.92215256645122,0.124967400479479,0.374625,0.098125,FALSE,0,73,"raw","std"
"V-PCA","Int-Euclidean",0.919107233906947,0.122442319949012,0.922191038440365,0.12628911716422,0.379,0.114125,FALSE,0,73,"raw","std"
"V-PCA","Hausdorff",0.918296606118547,0.121216857871256,0.921429034857324,0.12525821780957,0.374375,0.092625,FALSE,0,73,"raw","std"
"V-PCA","Ichino-Yaguchi",0.918570108349267,0.122101975780752,0.922125146990309,0.125046946482647,0.375,0.0995,FALSE,0,73,"raw","std"
"V-PCA","Wasserstein",0.918568116634799,0.122092574888464,0.922115996081225,0.125037996344456,0.375,0.097625,FALSE,0,73,"raw","std"
"V-PCA","Centers-Euclidean",0.918567718291906,0.122099745060548,0.922157857078762,0.124962100042632,0.375,0.09825,FALSE,0,73,"raw","std"
"MR-PCA","Int-Euclidean",0.912438575525813,0.129365997450606,0.91390289081936,0.138562510694275,0.35475,0.115875,FALSE,0,73,"raw","std"
"MR-PCA","Hausdorff",0.910655991077119,0.130369024856597,0.912875929794204,0.138325337683206,0.34675,0.0955,FALSE,0,73,"raw","std"
"MR-PCA","Ichino-Yaguchi",0.911856118546845,0.129018801784576,0.912700607439104,0.139470735302121,0.351375,0.103,FALSE,0,73,"raw","std"
"MR-PCA","Wasserstein",0.911710086042065,0.129365360101976,0.912944325389331,0.139059516851619,0.351125,0.10225,FALSE,0,73,"raw","std"
"MR-PCA","Centers-Euclidean",0.911870299553856,0.129053537284895,0.913069988349104,0.138809236262835,0.351375,0.1035,FALSE,0,73,"raw","std"
"SPCA","Int-Euclidean",0.911066602931804,0.131120140216698,0.913295841634991,0.139050580574402,0.347625,0.11425,FALSE,0,73,"raw","std"
"SPCA","Hausdorff",0.910309910771192,0.130485659655832,0.91225068605429,0.139171940234546,0.345875,0.102375,FALSE,0,73,"raw","std"
"SPCA","Ichino-Yaguchi",0.910669056724028,0.131030274059911,0.912788344638771,0.139142145748877,0.346875,0.10575,FALSE,0,73,"raw","std"
"SPCA","Wasserstein",0.910703871892925,0.130946940726577,0.912856072134902,0.13898262426556,0.34725,0.10525,FALSE,0,73,"raw","std"
"SPCA","Centers-Euclidean",0.910667224346718,0.131028840025494,0.912767725692072,0.139157716101983,0.346875,0.10575,FALSE,0,73,"raw","std"
"IMDS","Int-Euclidean",0.585291507329509,-0.0739772147864882,0.588978948654854,-0.0821784793307699,0.039,-0.005,TRUE,0,73,"raw","std"
"IMDS","Hausdorff",0.611443992989165,-0.0209851816443596,0.623815032922588,-0.0400276404901514,0.048125,-0.000624999999999997,TRUE,0,73,"raw","std"
"IMDS","Ichino-Yaguchi",0.623680130656469,-0.0257477692797961,0.632704982176066,-0.0438108236643436,0.05225,0.001,TRUE,0,73,"raw","std"
"IMDS","Wasserstein",0.616326322498407,-0.0486711281070745,0.625873354019879,-0.0644380347031048,0.052,-0.0015,TRUE,0,73,"raw","std"
"IMDS","Centers-Euclidean",0.615871574251115,-0.0877587635436584,0.62473384262394,-0.105500374374273,0.056375,-0.00375,TRUE,0,73,"raw","std"
"Int-UMAP","Int-Euclidean",0.90282114404079,0.0265103569152326,0.942431303834961,0.015473533769003,0.560625,-0.037,FALSE,0,73,"raw","std"
"Int-UMAP","Hausdorff",0.901615439770554,0.0261661886551944,0.941328308644591,0.015421005365093,0.55425,-0.048125,FALSE,0,73,"raw","std"
"Int-UMAP","Ichino-Yaguchi",0.902587555768005,0.0260619821542384,0.942272467616924,0.015091536599542,0.559375,-0.047875,FALSE,0,73,"raw","std"
"Int-UMAP","Wasserstein",0.902424314850223,0.0264104525175272,0.942140568177999,0.0153492878273685,0.55925,-0.0475,FALSE,0,73,"raw","std"
"Int-UMAP","Centers-Euclidean",0.902453712555768,0.0263185149776928,0.942072951996159,0.0154322114302803,0.558625,-0.043625,FALSE,0,73,"raw","std"
"C-PCA","Int-Euclidean",0.910361456341619,0.131404557042702,0.91297019167468,0.139142267298966,0.34825,0.1105,FALSE,0,74,"raw","std"
"C-PCA","Hausdorff",0.909092415551306,0.130521351179095,0.911833082812203,0.138407770607602,0.34275,0.088625,FALSE,0,74,"raw","std"
"C-PCA","Ichino-Yaguchi",0.91003282345443,0.130201402166985,0.912301256222298,0.138800581256789,0.346625,0.094125,FALSE,0,74,"raw","std"
"C-PCA","Wasserstein",0.909943355640535,0.130287284894837,0.912253155333678,0.138836725774982,0.3465,0.094125,FALSE,0,74,"raw","std"
"C-PCA","Centers-Euclidean",0.910010755258126,0.130160133843212,0.912239387547061,0.138875548873286,0.3465,0.094625,FALSE,0,74,"raw","std"
"V-PCA","Int-Euclidean",0.910276688973869,0.131574091778203,0.912970589804532,0.139142322742866,0.348375,0.1105,FALSE,0,74,"raw","std"
"V-PCA","Hausdorff",0.909107950924156,0.130496016571064,0.911792008904802,0.138498104927496,0.342875,0.088875,FALSE,0,74,"raw","std"
"V-PCA","Ichino-Yaguchi",0.910007887189292,0.130264340344168,0.912314526293289,0.138782303108902,0.3465,0.09375,FALSE,0,74,"raw","std"
"V-PCA","Wasserstein",0.909983986615679,0.130220363288719,0.912315462868708,0.138717242251118,0.346375,0.093375,FALSE,0,74,"raw","std"
"V-PCA","Centers-Euclidean",0.909985579987253,0.130222594008923,0.912301170604122,0.138762199790473,0.346375,0.094125,FALSE,0,74,"raw","std"
"MR-PCA","Int-Euclidean",0.908672323135755,0.134657265774379,0.911445183852826,0.141802516590094,0.349125,0.106,FALSE,0,74,"raw","std"
"MR-PCA","Hausdorff",0.907420411089866,0.134421765455704,0.910075008346439,0.142087622771987,0.3455,0.09075,FALSE,0,74,"raw","std"
"MR-PCA","Ichino-Yaguchi",0.9081571861058,0.133977533460803,0.911165122106234,0.140764684615478,0.345125,0.090875,FALSE,0,74,"raw","std"
"MR-PCA","Wasserstein",0.908037364563416,0.134170012746973,0.910767507349729,0.141535908625723,0.345375,0.090875,FALSE,0,74,"raw","std"
"MR-PCA","Centers-Euclidean",0.908062061822817,0.134127310388783,0.910910364315896,0.141282329977868,0.345,0.08975,FALSE,0,74,"raw","std"
"SPCA","Int-Euclidean",0.906212794773741,0.139160452517527,0.909502333633754,0.145274599989321,0.34325,0.104625,FALSE,0,74,"raw","std"
"SPCA","Hausdorff",0.905217654557043,0.138732313575526,0.907880543153182,0.146341118211342,0.339125,0.0875,FALSE,0,74,"raw","std"
"SPCA","Ichino-Yaguchi",0.905868068833652,0.138665073295092,0.908853123734919,0.145440020703605,0.34,0.0905,FALSE,0,74,"raw","std"
"SPCA","Wasserstein",0.905922801147228,0.138484225621415,0.908845773899605,0.145408884049063,0.340125,0.090875,FALSE,0,74,"raw","std"
"SPCA","Centers-Euclidean",0.905859783301466,0.138608349267049,0.908758696055857,0.145599193103598,0.34,0.090625,FALSE,0,74,"raw","std"
"IMDS","Int-Euclidean",0.595416666666667,-0.0837823454429573,0.600502503739904,-0.0904505974805268,0.041375,0,TRUE,0,74,"raw","std"
"IMDS","Hausdorff",0.631042622689611,-0.0452321542383685,0.645002164018069,-0.0591665161151534,0.0545,0,TRUE,0,74,"raw","std"
"IMDS","Ichino-Yaguchi",0.643106676226896,-0.0365651688973869,0.652453442157767,-0.0440088018897329,0.055875,0.00125,TRUE,0,74,"raw","std"
"IMDS","Wasserstein",0.633286647546208,-0.06294678138942,0.642631702079965,-0.0719973549847734,0.055375,-5e-04,TRUE,0,74,"raw","std"
"IMDS","Centers-Euclidean",0.623489563416189,-0.0825078075207137,0.628903534608338,-0.0928549126110306,0.050125,-0.00675,TRUE,0,74,"raw","std"
"Int-UMAP","Int-Euclidean",0.892217574888464,0.0452047482472913,0.933674207762112,0.0298390075473649,0.55525,-0.0225,FALSE,0,74,"raw","std"
"Int-UMAP","Hausdorff",0.892023183556405,0.0455546526449968,0.933220401039377,0.0301414192631898,0.545625,-0.035125,FALSE,0,74,"raw","std"
"Int-UMAP","Ichino-Yaguchi",0.892125876354366,0.044601975780752,0.934184784133867,0.0284533619133844,0.553875,-0.034875,FALSE,0,74,"raw","std"
"Int-UMAP","Wasserstein",0.892010197578075,0.0449840662842576,0.933833071595476,0.0291188074921257,0.55275,-0.035375,FALSE,0,74,"raw","std"
"Int-UMAP","Centers-Euclidean",0.891894359464627,0.045042383683875,0.93363278711709,0.0294781705423659,0.552875,-0.033375,FALSE,0,74,"raw","std"
"C-PCA","Int-Euclidean",0.917541905672403,0.122132249840663,0.919706046571,0.128522720526407,0.36375,0.104875,FALSE,0,75,"raw","std"
"C-PCA","Hausdorff",0.91671908859146,0.121876673040153,0.918800267039147,0.128672298785983,0.358375,0.089,FALSE,0,75,"raw","std"
"C-PCA","Ichino-Yaguchi",0.916944710006373,0.122406309751434,0.919286577641676,0.128555556109995,0.36025,0.094625,FALSE,0,75,"raw","std"
"C-PCA","Wasserstein",0.916844407265774,0.122606596558317,0.919222465407698,0.128670134128177,0.36025,0.094875,FALSE,0,75,"raw","std"
"C-PCA","Centers-Euclidean",0.916889420012747,0.122514340344168,0.919240860094398,0.128634514194577,0.360125,0.095,FALSE,0,75,"raw","std"
"V-PCA","Int-Euclidean",0.917618307839388,0.121975940089229,0.919747635573557,0.12843409110644,0.363875,0.104875,FALSE,0,75,"raw","std"
"V-PCA","Hausdorff",0.916803776290631,0.121712396430848,0.918749098823378,0.128773191970154,0.358625,0.089625,FALSE,0,75,"raw","std"
"V-PCA","Ichino-Yaguchi",0.916963193116635,0.122367750159337,0.919278965833933,0.128568088563868,0.36025,0.09475,FALSE,0,75,"raw","std"
"V-PCA","Wasserstein",0.916893722115997,0.122507329509241,0.919169409220508,0.128770878680046,0.36025,0.095125,FALSE,0,75,"raw","std"
"V-PCA","Centers-Euclidean",0.916907903123008,0.122475780752071,0.919210536439352,0.128690679078594,0.360125,0.095125,FALSE,0,75,"raw","std"
"MR-PCA","Int-Euclidean",0.91739977692798,0.121210962396431,0.919555134459135,0.128083474757928,0.358375,0.11275,FALSE,0,75,"raw","std"
"MR-PCA","Hausdorff",0.915863607393244,0.122282345442957,0.918459811531683,0.128358940311827,0.348125,0.09925,FALSE,0,75,"raw","std"
"MR-PCA","Ichino-Yaguchi",0.916545012746973,0.12137683237731,0.919449871869147,0.126846510258572,0.354375,0.098875,FALSE,0,75,"raw","std"
"MR-PCA","Wasserstein",0.916731118546845,0.121104047163799,0.919990657596215,0.125950953089172,0.355625,0.100125,FALSE,0,75,"raw","std"
"MR-PCA","Centers-Euclidean",0.916602931803697,0.121355321861058,0.919612145502365,0.126710711087637,0.35525,0.098375,FALSE,0,75,"raw","std"
"SPCA","Int-Euclidean",0.916828871892925,0.12165901848311,0.919192183015708,0.128245533652656,0.353375,0.105375,FALSE,0,75,"raw","std"
"SPCA","Hausdorff",0.915744980879541,0.121976896112173,0.918481797703633,0.127992825687278,0.349125,0.095,FALSE,0,75,"raw","std"
"SPCA","Ichino-Yaguchi",0.916329668578713,0.121742829827916,0.9191348519972,0.127546909164638,0.351875,0.096375,FALSE,0,75,"raw","std"
"SPCA","Wasserstein",0.916339228808158,0.121729445506692,0.91917700844675,0.127455697338403,0.35225,0.096125,FALSE,0,75,"raw","std"
"SPCA","Centers-Euclidean",0.916299235181644,0.121802103250478,0.9191154416209,0.127572968010917,0.351875,0.095875,FALSE,0,75,"raw","std"
"IMDS","Int-Euclidean",0.571475541746335,-0.0523105481198215,0.578979807288945,-0.0712657322066451,0.036875,-0.003375,TRUE,0,75,"raw","std"
"IMDS","Hausdorff",0.587012826641173,-0.0108459209687699,0.59722415998653,-0.0276316852335493,0.04575,-0.00225,TRUE,0,75,"raw","std"
"IMDS","Ichino-Yaguchi",0.591423438495857,-0.00279684512428302,0.601648465500502,-0.0178738053332255,0.044,0.000625000000000001,TRUE,0,75,"raw","std"
"IMDS","Wasserstein",0.584665312300829,-0.0164717973231358,0.594003498040954,-0.0348261415771077,0.045875,0.001375,TRUE,0,75,"raw","std"
"IMDS","Centers-Euclidean",0.585556405353729,-0.0437944550669216,0.588810584509213,-0.0535566052791805,0.047375,-0.003625,TRUE,0,75,"raw","std"
"Int-UMAP","Int-Euclidean",0.868833572339069,0.0414979286169535,0.921994607739525,0.0288615034406779,0.5325,-0.027125,FALSE,0,75,"raw","std"
"Int-UMAP","Hausdorff",0.867288320586361,0.041664913957935,0.920241269568924,0.0287952908424931,0.525875,-0.027125,FALSE,0,75,"raw","std"
"Int-UMAP","Ichino-Yaguchi",0.868051226896112,0.0402614722753346,0.921773604302174,0.0276672678491401,0.531125,-0.033375,FALSE,0,75,"raw","std"
"Int-UMAP","Wasserstein",0.868134958572339,0.0401908859145953,0.921516323494515,0.0281100121277134,0.530625,-0.035,FALSE,0,75,"raw","std"
"Int-UMAP","Centers-Euclidean",0.868077915869981,0.0401759082217973,0.92163129633724,0.0278449823952823,0.531,-0.0315,FALSE,0,75,"raw","std"
"C-PCA","Int-Euclidean",0.917902724665392,0.128292383683875,0.920870173992341,0.131463000963359,0.391625,0.128125,FALSE,0,76,"raw","std"
"C-PCA","Hausdorff",0.91677724665392,0.12753091140854,0.919967133709021,0.130897340757016,0.384875,0.110125,FALSE,0,76,"raw","std"
"C-PCA","Ichino-Yaguchi",0.917380417463352,0.127814053537285,0.920821051549862,0.130291840270048,0.387,0.118625,FALSE,0,76,"raw","std"
"C-PCA","Wasserstein",0.91741212555768,0.127706341618866,0.920905905773348,0.130082139284972,0.38725,0.118125,FALSE,0,76,"raw","std"
"C-PCA","Centers-Euclidean",0.917377390057361,0.127809273422562,0.92082922536683,0.130250932267855,0.387,0.1185,FALSE,0,76,"raw","std"
"V-PCA","Int-Euclidean",0.917981755895475,0.128141650732951,0.920866554252027,0.131472418109786,0.392,0.128625,FALSE,0,76,"raw","std"
"V-PCA","Hausdorff",0.916736057998725,0.127620299553856,0.919943949202469,0.13094746204268,0.384875,0.110125,FALSE,0,76,"raw","std"
"V-PCA","Ichino-Yaguchi",0.917401210962396,0.127780752071383,0.920899468203435,0.130138923861195,0.387,0.118375,FALSE,0,76,"raw","std"
"V-PCA","Wasserstein",0.917329668578713,0.127878903760357,0.920876005731023,0.13014549716204,0.387125,0.118,FALSE,0,76,"raw","std"
"V-PCA","Centers-Euclidean",0.9174071861058,0.127758285532186,0.920909181974727,0.130093323812336,0.387125,0.118375,FALSE,0,76,"raw","std"
"MR-PCA","Int-Euclidean",0.910056803696622,0.133190726577438,0.909512332834509,0.146709538662396,0.366125,0.123125,FALSE,0,76,"raw","std"
"MR-PCA","Hausdorff",0.908813655194391,0.132918260038241,0.908972343900258,0.145639498473246,0.357375,0.10725,FALSE,0,76,"raw","std"
"MR-PCA","Ichino-Yaguchi",0.909646510516252,0.132448852772467,0.908514966483736,0.147306295646323,0.362,0.114,FALSE,0,76,"raw","std"
"MR-PCA","Wasserstein",0.90949131612492,0.132716539196941,0.908813742785682,0.146712809639255,0.36125,0.1125,FALSE,0,76,"raw","std"
"MR-PCA","Centers-Euclidean",0.909644120458891,0.132456819630338,0.908889350139488,0.146586276423497,0.362,0.11275,FALSE,0,76,"raw","std"
"SPCA","Int-Euclidean",0.910243148502231,0.13273454429573,0.909776661734718,0.146054474740697,0.36275,0.120375,FALSE,0,76,"raw","std"
"SPCA","Hausdorff",0.909603887826641,0.131312619502868,0.909387962783836,0.144725158403223,0.359,0.10975,FALSE,0,76,"raw","std"
"SPCA","Ichino-Yaguchi",0.91000804652645,0.131955544933078,0.910037524538191,0.14444768130198,0.36025,0.113,FALSE,0,76,"raw","std"
"SPCA","Wasserstein",0.909937778840025,0.132034894837476,0.909986422748479,0.144497951433191,0.36,0.112375,FALSE,0,76,"raw","std"
"SPCA","Centers-Euclidean",0.910016491395794,0.131921128107075,0.9100868269601,0.144311846732247,0.360375,0.1125,FALSE,0,76,"raw","std"
"IMDS","Int-Euclidean",0.552944550669216,-0.0334502868068833,0.559065103784157,-0.050996083997338,0.032125,-0.002375,TRUE,0,76,"raw","std"
"IMDS","Hausdorff",0.589091379859783,-0.0168201083492671,0.598980963400884,-0.0321084698916592,0.0455,-5e-04,TRUE,0,76,"raw","std"
"IMDS","Ichino-Yaguchi",0.594611217335883,-0.00939770554493313,0.605521165730177,-0.0250103383681512,0.04725,0,TRUE,0,76,"raw","std"
"IMDS","Wasserstein",0.585658620140217,-0.0261744741873805,0.595537606872382,-0.0371869364447427,0.044875,-0.000625000000000001,TRUE,0,76,"raw","std"
"IMDS","Centers-Euclidean",0.576652087316762,-0.0452509560229445,0.585029206247214,-0.0612368713109548,0.038125,-0.002125,TRUE,0,76,"raw","std"
"Int-UMAP","Int-Euclidean",0.804814770554493,0.0161716061185468,0.880975861794393,0.0121412052497355,0.47575,-0.027625,FALSE,0,76,"raw","std"
"Int-UMAP","Hausdorff",0.803760038240918,0.0132476099426386,0.879511256369864,0.00912116065919215,0.471375,-0.035625,FALSE,0,76,"raw","std"
"Int-UMAP","Ichino-Yaguchi",0.805716539196941,0.0137370936902486,0.882107273689515,0.00836088660596497,0.47625,-0.03825,FALSE,0,76,"raw","std"
"Int-UMAP","Wasserstein",0.804415949649458,0.0156273103887826,0.880627608955367,0.0106733768286465,0.474625,-0.036,FALSE,0,76,"raw","std"
"Int-UMAP","Centers-Euclidean",0.804086998087954,0.0167240280433397,0.880312864170463,0.0115566902789442,0.473375,-0.035625,FALSE,0,76,"raw","std"
"C-PCA","Int-Euclidean",0.916929094964946,0.118740599107712,0.919283709379453,0.126208053917402,0.344375,0.097,FALSE,0,77,"raw","std"
"C-PCA","Hausdorff",0.915035213511791,0.119330783938814,0.917585392988923,0.126844847154815,0.3375,0.081,FALSE,0,77,"raw","std"
"C-PCA","Ichino-Yaguchi",0.916396510516252,0.11799506054812,0.918383238920901,0.126423340662164,0.340375,0.086875,FALSE,0,77,"raw","std"
"C-PCA","Wasserstein",0.916435946462715,0.117863607393244,0.918465477471779,0.126193966048885,0.34025,0.0855,FALSE,0,77,"raw","std"
"C-PCA","Centers-Euclidean",0.916382648183556,0.117999203314213,0.918394806437668,0.126341740036006,0.340125,0.08575,FALSE,0,77,"raw","std"
"V-PCA","Int-Euclidean",0.916913001912046,0.118774059910771,0.919218774549919,0.12633897402513,0.344125,0.096875,FALSE,0,77,"raw","std"
"V-PCA","Hausdorff",0.915050430210325,0.119306405353728,0.917611595989342,0.12679574816937,0.3375,0.081125,FALSE,0,77,"raw","std"
"V-PCA","Ichino-Yaguchi",0.916435229445507,0.117914754620778,0.918392479713077,0.126400409491586,0.34025,0.086625,FALSE,0,77,"raw","std"
"V-PCA","Wasserstein",0.916406867431485,0.11792080943276,0.918442971833134,0.126240667085652,0.340125,0.085375,FALSE,0,77,"raw","std"
"V-PCA","Centers-Euclidean",0.916421367112811,0.117918897386871,0.918403756042745,0.126320895901775,0.34,0.0855,FALSE,0,77,"raw","std"
"MR-PCA","Int-Euclidean",0.911715583173996,0.128683556405354,0.917074450687428,0.130271895819718,0.338125,0.097875,FALSE,0,77,"raw","std"
"MR-PCA","Hausdorff",0.910700605481198,0.127916188655194,0.916068352775377,0.129824493613801,0.333375,0.08475,FALSE,0,77,"raw","std"
"MR-PCA","Ichino-Yaguchi",0.911233747609943,0.127865200764818,0.916541451309764,0.129712481581963,0.333875,0.086625,FALSE,0,77,"raw","std"
"MR-PCA","Wasserstein",0.911256612492033,0.12777103250478,0.916487582123078,0.129773734510041,0.33375,0.086,FALSE,0,77,"raw","std"
"MR-PCA","Centers-Euclidean",0.911223072020395,0.127863288718929,0.916529597510552,0.129692816270345,0.3335,0.085875,FALSE,0,77,"raw","std"
"SPCA","Int-Euclidean",0.914376673040153,0.123045570427024,0.919484023712247,0.125169588816095,0.33925,0.097,FALSE,0,77,"raw","std"
"SPCA","Hausdorff",0.91337316762269,0.122702039515615,0.918164155335213,0.125687158689484,0.335875,0.08575,FALSE,0,77,"raw","std"
"SPCA","Ichino-Yaguchi",0.913816682600382,0.122817558954748,0.918344654657859,0.126181726381453,0.336375,0.08925,FALSE,0,77,"raw","std"
"SPCA","Wasserstein",0.913793021032505,0.122814531548757,0.918410844438747,0.126003249908176,0.336375,0.0885,FALSE,0,77,"raw","std"
"SPCA","Centers-Euclidean",0.913808397068196,0.122808636073932,0.918414995907387,0.126005279581411,0.33625,0.0885,FALSE,0,77,"raw","std"
"IMDS","Int-Euclidean",0.552818435309114,-0.0376942319949012,0.559682439731201,-0.0507077307221133,0.03325,-0.000999999999999999,TRUE,0,77,"raw","std"
"IMDS","Hausdorff",0.588584847036329,0.00624426386233268,0.60161068218857,-0.0140318983257819,0.041125,-0.005,TRUE,0,77,"raw","std"
"IMDS","Ichino-Yaguchi",0.59789356277884,0.011725621414914,0.610597622974997,-0.00867831594186136,0.04225,-0.004625,TRUE,0,77,"raw","std"
"IMDS","Wasserstein",0.589688973868706,-0.00957138304652649,0.601111790512133,-0.030282673474154,0.043,-0.00225,TRUE,0,77,"raw","std"
"IMDS","Centers-Euclidean",0.587030991077119,-0.0534756214149139,0.601220973305724,-0.086304770043439,0.046875,-0.001125,TRUE,0,77,"raw","std"
"Int-UMAP","Int-Euclidean",0.778776131293818,-0.0208706182281708,0.855093570644314,-0.00569876352425994,0.4565,-0.020625,FALSE,0,77,"raw","std"
"Int-UMAP","Hausdorff",0.77543252071383,-0.0266359145952836,0.854103215281328,-0.0184691629984129,0.459625,-0.033,FALSE,0,77,"raw","std"
"Int-UMAP","Ichino-Yaguchi",0.779462555768005,-0.0213263224984067,0.859062642074994,-0.013091514976421,0.463625,-0.033125,FALSE,0,77,"raw","std"
"Int-UMAP","Wasserstein",0.779287045889101,-0.0239373804971319,0.858341419719536,-0.0153334091208798,0.462,-0.033375,FALSE,0,77,"raw","std"
"Int-UMAP","Centers-Euclidean",0.779757249840663,-0.0238573932441045,0.858161579326317,-0.0137954332906671,0.461,-0.0315,FALSE,0,77,"raw","std"
"C-PCA","Int-Euclidean",0.918560149776928,0.117923996175908,0.91966850507977,0.127302573441417,0.359,0.111875,FALSE,0,78,"raw","std"
"C-PCA","Hausdorff",0.916958811344806,0.1179517208413,0.918887101782718,0.126004667566052,0.352125,0.08875,FALSE,0,78,"raw","std"
"C-PCA","Ichino-Yaguchi",0.918041905672403,0.117290949649458,0.919499577005692,0.126082192425817,0.356375,0.09625,FALSE,0,78,"raw","std"
"C-PCA","Wasserstein",0.917991873804971,0.117367431485022,0.919539853800406,0.125980918597948,0.35625,0.096125,FALSE,0,78,"raw","std"
"C-PCA","Centers-Euclidean",0.918034177820268,0.117277405991077,0.91947447979121,0.12611435735146,0.356375,0.09575,FALSE,0,78,"raw","std"
"V-PCA","Int-Euclidean",0.918574012109624,0.117901051625239,0.919695951622894,0.127256520671789,0.359,0.112,FALSE,0,78,"raw","std"
"V-PCA","Hausdorff",0.916895076481836,0.118078234544296,0.918879957622948,0.126016966729054,0.352125,0.088625,FALSE,0,78,"raw","std"
"V-PCA","Ichino-Yaguchi",0.917979843849586,0.11742017208413,0.919559791853363,0.125965638259089,0.356375,0.096375,FALSE,0,78,"raw","std"
"V-PCA","Wasserstein",0.918020952836201,0.117309910771192,0.919650091947311,0.125762749196874,0.3565,0.096125,FALSE,0,78,"raw","std"
"V-PCA","Centers-Euclidean",0.918014181007011,0.117322498406628,0.91954967184888,0.125968102527201,0.3565,0.096,FALSE,0,78,"raw","std"
"MR-PCA","Int-Euclidean",0.914249521988528,0.125337794773741,0.914993041257427,0.135757850941548,0.351375,0.113625,FALSE,0,78,"raw","std"
"MR-PCA","Hausdorff",0.913185149776928,0.124780752071383,0.914115640685826,0.13499345570058,0.345875,0.09625,FALSE,0,78,"raw","std"
"MR-PCA","Ichino-Yaguchi",0.913446940726578,0.125182919056724,0.914836575052872,0.134387279224522,0.34775,0.098,FALSE,0,78,"raw","std"
"MR-PCA","Wasserstein",0.913379620777565,0.125325844486934,0.914693602400874,0.134702521085315,0.347375,0.099125,FALSE,0,78,"raw","std"
"MR-PCA","Centers-Euclidean",0.91347649776928,0.125114244741874,0.914637802700237,0.134785679045328,0.34775,0.098625,FALSE,0,78,"raw","std"
"SPCA","Int-Euclidean",0.912842096876992,0.127471000637349,0.915314720155018,0.134564626134958,0.34775,0.105375,FALSE,0,78,"raw","std"
"SPCA","Hausdorff",0.9119071861058,0.126953314212874,0.914406607287956,0.134189084981169,0.3435,0.0875,FALSE,0,78,"raw","std"
"SPCA","Ichino-Yaguchi",0.912617909496495,0.126646590184831,0.915423081206036,0.133164820768637,0.347,0.093625,FALSE,0,78,"raw","std"
"SPCA","Wasserstein",0.912608030592734,0.12664850223072,0.915301198240774,0.133398712140559,0.346625,0.093875,FALSE,0,78,"raw","std"
"SPCA","Centers-Euclidean",0.912610500318674,0.126634002549394,0.915385324549825,0.133221746726805,0.346875,0.093125,FALSE,0,78,"raw","std"
"IMDS","Int-Euclidean",0.574245777565328,-0.0576359145952836,0.585517309606927,-0.0728999507572868,0.039375,-0.00375,TRUE,0,78,"raw","std"
"IMDS","Hausdorff",0.615695188017846,-0.0275952836201403,0.632715121585914,-0.0456221566875324,0.053875,0.001125,TRUE,0,78,"raw","std"
"IMDS","Ichino-Yaguchi",0.627758763543658,-0.0211507329509242,0.64482612206512,-0.0342803618473635,0.054875,0.001375,TRUE,0,78,"raw","std"
"IMDS","Wasserstein",0.618313655194391,-0.044496653919694,0.635148034040337,-0.0605781214361301,0.056125,-0.001375,TRUE,0,78,"raw","std"
"IMDS","Centers-Euclidean",0.617036089866157,-0.0847449012109623,0.632773112386833,-0.101976535373805,0.059375,-0.00925,TRUE,0,78,"raw","std"
"Int-UMAP","Int-Euclidean",0.848394996813257,0.078474506054812,0.908906427287202,0.0470479769715041,0.525875,-0.033875,FALSE,0,78,"raw","std"
"Int-UMAP","Hausdorff",0.848085484384959,0.0771088272785214,0.908403233803856,0.0457611372721021,0.516875,-0.04025,FALSE,0,78,"raw","std"
"Int-UMAP","Ichino-Yaguchi",0.848214388145315,0.0788229764181008,0.909476892560469,0.0454472284106145,0.5235,-0.041125,FALSE,0,78,"raw","std"
"Int-UMAP","Wasserstein",0.8482376513703,0.0785858827278522,0.908857494100343,0.0463289794091591,0.5225,-0.039,FALSE,0,78,"raw","std"
"Int-UMAP","Centers-Euclidean",0.848206819630338,0.078451242829828,0.908584826330939,0.0468927786196721,0.522875,-0.036125,FALSE,0,78,"raw","std"
"C-PCA","Int-Euclidean",0.918213671128107,0.117107711918419,0.921672871372199,0.12224148023442,0.350875,0.096625,FALSE,0,79,"raw","std"
"C-PCA","Hausdorff",0.917790790312301,0.1160321861058,0.92113703689203,0.121485867520469,0.35025,0.085125,FALSE,0,79,"raw","std"
"C-PCA","Ichino-Yaguchi",0.917781867431485,0.117242829827916,0.921562165897191,0.121612179173872,0.3495,0.0845,FALSE,0,79,"raw","std"
"C-PCA","Wasserstein",0.917774059910771,0.117227852135118,0.921452017206886,0.121813153075831,0.34925,0.085375,FALSE,0,79,"raw","std"
"C-PCA","Centers-Euclidean",0.917800669216061,0.117172402804334,0.921507976521982,0.121703745627822,0.349625,0.085125,FALSE,0,79,"raw","std"
"V-PCA","Int-Euclidean",0.918225143403442,0.117088591459528,0.921671961239255,0.122246736316147,0.350875,0.096625,FALSE,0,79,"raw","std"
"V-PCA","Hausdorff",0.917858667941364,0.115900573613767,0.921160283346478,0.121440741943447,0.35025,0.085125,FALSE,0,79,"raw","std"
"V-PCA","Ichino-Yaguchi",0.917755019120459,0.117296526449968,0.921559188879626,0.121619773921953,0.3495,0.0845,FALSE,0,79,"raw","std"
"V-PCA","Wasserstein",0.917688416188655,0.11739850223072,0.92141529671187,0.121885941960302,0.349125,0.08525,FALSE,0,79,"raw","std"
"V-PCA","Centers-Euclidean",0.917735420650096,0.117302899936265,0.921418729222398,0.12188388093994,0.3495,0.085,FALSE,0,79,"raw","std"
"MR-PCA","Int-Euclidean",0.918063894200128,0.118008285532186,0.919965077806557,0.12622718590135,0.356875,0.102875,FALSE,0,79,"raw","std"
"MR-PCA","Hausdorff",0.916881612492033,0.118358508604206,0.918912896524111,0.126328710932735,0.354,0.093,FALSE,0,79,"raw","std"
"MR-PCA","Ichino-Yaguchi",0.917464945825367,0.117985659655832,0.919907750306605,0.125023080869108,0.3535,0.0885,FALSE,0,79,"raw","std"
"MR-PCA","Wasserstein",0.917463591459528,0.117970203951562,0.919884635318174,0.125069774015781,0.354,0.0915,FALSE,0,79,"raw","std"
"MR-PCA","Centers-Euclidean",0.917446383046526,0.118000796685787,0.919737903249883,0.125368148775944,0.353625,0.089875,FALSE,0,79,"raw","std"
"SPCA","Int-Euclidean",0.916825685149777,0.119891969407266,0.919314011176808,0.126952967024868,0.3515,0.096125,FALSE,0,79,"raw","std"
"SPCA","Hausdorff",0.916472912683238,0.118879222434672,0.918637046807958,0.126654440646964,0.352375,0.089625,FALSE,0,79,"raw","std"
"SPCA","Ichino-Yaguchi",0.916524458253665,0.119822657743786,0.919257862712715,0.126270748600127,0.35125,0.088875,FALSE,0,79,"raw","std"
"SPCA","Wasserstein",0.916528202676864,0.119780752071383,0.919153894311302,0.1264640196384,0.351125,0.0905,FALSE,0,79,"raw","std"
"SPCA","Centers-Euclidean",0.91652230720204,0.119790949649458,0.919129239261924,0.126512884053498,0.35125,0.089125,FALSE,0,79,"raw","std"
"IMDS","Int-Euclidean",0.593035213511791,-0.0790592734225621,0.597855809096246,-0.0915173063442664,0.040375,0.000625000000000001,TRUE,0,79,"raw","std"
"IMDS","Hausdorff",0.638330066921606,-0.0418608986615679,0.648000317117784,-0.0623345381292819,0.058375,-0.009125,TRUE,0,79,"raw","std"
"IMDS","Ichino-Yaguchi",0.643516172721479,-0.0368841618865519,0.650085475834904,-0.0550993441669008,0.059,-0.00475,TRUE,0,79,"raw","std"
"IMDS","Wasserstein",0.63425310707457,-0.0597009241555131,0.641956442930911,-0.0777955394444112,0.05925,-0.003625,TRUE,0,79,"raw","std"
"IMDS","Centers-Euclidean",0.627519040790312,-0.0806681007010834,0.633120200050974,-0.0999439468567659,0.055625,-0.011,TRUE,0,79,"raw","std"
"Int-UMAP","Int-Euclidean",0.844876752708732,0.0146668260038242,0.904164304969769,0.00857652989765396,0.489875,-0.00425,FALSE,0,79,"raw","std"
"Int-UMAP","Hausdorff",0.844600382409178,0.0131099426386233,0.903726758023713,0.00764673718618966,0.487625,-0.00700000000000001,FALSE,0,79,"raw","std"
"Int-UMAP","Ichino-Yaguchi",0.845014420012747,0.0141253983428936,0.904939769052273,0.00728320134273183,0.491875,-0.011125,FALSE,0,79,"raw","std"
"Int-UMAP","Wasserstein",0.844798358827278,0.0141419694072658,0.904557079047307,0.00758350128570139,0.489625,-0.012125,FALSE,0,79,"raw","std"
"Int-UMAP","Centers-Euclidean",0.844940965583174,0.014028521351179,0.904668061635192,0.00749724358518342,0.489,-0.00975000000000001,FALSE,0,79,"raw","std"
"C-PCA","Int-Euclidean",0.921553537284895,0.112322498406628,0.92353984426832,0.120028587088122,0.355625,0.098625,FALSE,0,80,"raw","std"
"C-PCA","Hausdorff",0.920613129381772,0.11191586998088,0.922946071552315,0.119221342881967,0.351875,0.083625,FALSE,0,80,"raw","std"
"C-PCA","Ichino-Yaguchi",0.920807759719567,0.112618387507967,0.923441872124701,0.119199908056954,0.35325,0.08925,FALSE,0,80,"raw","std"
"C-PCA","Wasserstein",0.920760356915233,0.11268005098789,0.923405989685558,0.119245274814941,0.352875,0.088375,FALSE,0,80,"raw","std"
"C-PCA","Centers-Euclidean",0.920799075844487,0.112603250478011,0.923411612443385,0.119231354344354,0.353125,0.088625,FALSE,0,80,"raw","std"
"V-PCA","Int-Euclidean",0.92158413001912,0.112265774378585,0.923586346026916,0.119938688002844,0.35575,0.098875,FALSE,0,80,"raw","std"
"V-PCA","Hausdorff",0.920539276609305,0.112065487571702,0.922847259220363,0.119417733279357,0.35175,0.083625,FALSE,0,80,"raw","std"
"V-PCA","Ichino-Yaguchi",0.920850940089229,0.112538718929254,0.923498279362535,0.119089231156879,0.353375,0.08925,FALSE,0,80,"raw","std"
"V-PCA","Wasserstein",0.920872689611217,0.112459528362014,0.92350437254053,0.119049836773158,0.353125,0.0885,FALSE,0,80,"raw","std"
"V-PCA","Centers-Euclidean",0.920842495219885,0.112524059910771,0.923469417293993,0.119117193861388,0.35325,0.088625,FALSE,0,80,"raw","std"
"MR-PCA","Int-Euclidean",0.91983229764181,0.114136870618228,0.922664399906786,0.120933326833602,0.35575,0.11375,FALSE,0,80,"raw","std"
"MR-PCA","Hausdorff",0.918374601657106,0.11454206500956,0.920700981067017,0.122590110411836,0.345625,0.092875,FALSE,0,80,"raw","std"
"MR-PCA","Ichino-Yaguchi",0.918643881453155,0.114615997450605,0.920990192656464,0.122524928430455,0.34875,0.096,FALSE,0,80,"raw","std"
"MR-PCA","Wasserstein",0.918838352453792,0.114303537284895,0.921390139362081,0.121924744800258,0.34975,0.098875,FALSE,0,80,"raw","std"
"MR-PCA","Centers-Euclidean",0.91871287444232,0.114570427023582,0.921952500123256,0.120809421445462,0.349625,0.09775,FALSE,0,80,"raw","std"
"SPCA","Int-Euclidean",0.919242431485022,0.114823932441045,0.923024757002181,0.119781868556672,0.3535,0.106375,FALSE,0,80,"raw","std"
"SPCA","Hausdorff",0.918366156787763,0.114260675589547,0.921812885239145,0.120205685353991,0.34925,0.096125,FALSE,0,80,"raw","std"
"SPCA","Ichino-Yaguchi",0.918969327597196,0.1141212555768,0.922689320020656,0.119417694042135,0.35325,0.099,FALSE,0,80,"raw","std"
"SPCA","Wasserstein",0.91897649776928,0.114082058636074,0.92269591400634,0.119381313460875,0.353,0.098875,FALSE,0,80,"raw","std"
"SPCA","Centers-Euclidean",0.918921287444232,0.114193116634799,0.922691692486464,0.119376479392526,0.353,0.09825,FALSE,0,80,"raw","std"
"IMDS","Int-Euclidean",0.591517208413002,-0.0817307202039517,0.598649016079755,-0.0959685983236154,0.045,0.002625,TRUE,0,80,"raw","std"
"IMDS","Hausdorff",0.62680879541109,-0.0319292543021032,0.635779999500152,-0.0466349996698956,0.05775,-0.004375,TRUE,0,80,"raw","std"
"IMDS","Ichino-Yaguchi",0.631186822817081,-0.0304619184193755,0.638255055076264,-0.0439262461357734,0.06025,-0.002875,TRUE,0,80,"raw","std"
"IMDS","Wasserstein",0.624163878266412,-0.0498516571064374,0.631531197600183,-0.0594477173405148,0.061375,5e-04,TRUE,0,80,"raw","std"
"IMDS","Centers-Euclidean",0.61154023263225,-0.0675205544933078,0.619684848555413,-0.0735643974928439,0.05225,-0.00125,TRUE,0,80,"raw","std"
"Int-UMAP","Int-Euclidean",0.785672243467177,0.0104031230082855,0.862587016535589,0.0155100405917587,0.4605,-0.01625,FALSE,0,80,"raw","std"
"Int-UMAP","Hausdorff",0.783881771829191,0.00406246016571066,0.861174808262199,0.0070090515152306,0.458,-0.028375,FALSE,0,80,"raw","std"
"Int-UMAP","Ichino-Yaguchi",0.787151529636711,0.00740216698534102,0.865764690373114,0.00969937037907079,0.46125,-0.0265,FALSE,0,80,"raw","std"
"Int-UMAP","Wasserstein",0.784578871892925,0.00919662205226257,0.862870391161833,0.012027548666523,0.46,-0.02525,FALSE,0,80,"raw","std"
"Int-UMAP","Centers-Euclidean",0.784434751434034,0.0101381453154876,0.862286828120157,0.0138018037947852,0.46025,-0.022,FALSE,0,80,"raw","std"
"C-PCA","Int-Euclidean",0.913694072657744,0.127090184831103,0.915060569155518,0.136295815427086,0.35,0.111625,FALSE,0,81,"raw","std"
"C-PCA","Hausdorff",0.912250159337157,0.127438177182919,0.914432911793361,0.135769622108025,0.344125,0.10125,FALSE,0,81,"raw","std"
"C-PCA","Ichino-Yaguchi",0.913171367112811,0.12686759082218,0.914910208283967,0.135755603331138,0.347625,0.108,FALSE,0,81,"raw","std"
"C-PCA","Wasserstein",0.91313551625239,0.126881931166348,0.914862513202046,0.135819729106222,0.3475,0.108,FALSE,0,81,"raw","std"
"C-PCA","Centers-Euclidean",0.913153362014022,0.126832855321861,0.914962521949387,0.13561337394727,0.3475,0.10775,FALSE,0,81,"raw","std"
"V-PCA","Int-Euclidean",0.913622370936902,0.1272339069471,0.915080886039584,0.136253890242573,0.349875,0.11125,FALSE,0,81,"raw","std"
"V-PCA","Hausdorff",0.912254302103251,0.127437858508604,0.914430029776786,0.135780746286837,0.3445,0.101625,FALSE,0,81,"raw","std"
"V-PCA","Ichino-Yaguchi",0.913142606755895,0.12692511153601,0.915135294204952,0.135305005850611,0.34775,0.1075,FALSE,0,81,"raw","std"
"V-PCA","Wasserstein",0.913132807520714,0.126891491395793,0.915202346884846,0.135141604787009,0.347625,0.10725,FALSE,0,81,"raw","std"
"V-PCA","Centers-Euclidean",0.9131126513703,0.12691395793499,0.915142040981231,0.135252662757275,0.347625,0.1075,FALSE,0,81,"raw","std"
"MR-PCA","Int-Euclidean",0.912634560229445,0.127249043977055,0.914775225631084,0.135942018517921,0.34825,0.1075,FALSE,0,81,"raw","std"
"MR-PCA","Hausdorff",0.911745936902486,0.126440248565966,0.914434490665038,0.134713478079444,0.343,0.103125,FALSE,0,81,"raw","std"
"MR-PCA","Ichino-Yaguchi",0.912120379222435,0.126523103887827,0.914095804244478,0.135949600044765,0.344625,0.1,FALSE,0,81,"raw","std"
"MR-PCA","Wasserstein",0.912022147864882,0.126690885914595,0.914156346424406,0.135838635902638,0.344,0.0985,FALSE,0,81,"raw","std"
"MR-PCA","Centers-Euclidean",0.91206309751434,0.126582217973231,0.914323540703755,0.135497551426776,0.344375,0.099125,FALSE,0,81,"raw","std"
"SPCA","Int-Euclidean",0.913226816443595,0.125632090503505,0.914026802391628,0.136997973397505,0.347625,0.1065,FALSE,0,81,"raw","std"
"SPCA","Hausdorff",0.911831739961759,0.126069471000637,0.91327564544803,0.136875296944734,0.34275,0.09875,FALSE,0,81,"raw","std"
"SPCA","Ichino-Yaguchi",0.912949490121096,0.12496845124283,0.913813697151088,0.136621545141315,0.346,0.10325,FALSE,0,81,"raw","std"
"SPCA","Wasserstein",0.912908142128744,0.12499506054812,0.913863676734938,0.136501696114201,0.345875,0.10325,FALSE,0,81,"raw","std"
"SPCA","Centers-Euclidean",0.912929572976418,0.124928935627788,0.913979561629819,0.136251448578512,0.345875,0.1035,FALSE,0,81,"raw","std"
"IMDS","Int-Euclidean",0.575768961121734,-0.0599719566602932,0.583939596920288,-0.0803079002354404,0.03975,-0.001375,TRUE,0,81,"raw","std"
"IMDS","Hausdorff",0.605520474824729,-0.0213057680050989,0.615481872744819,-0.0413815822358427,0.052,-0.002375,TRUE,0,81,"raw","std"
"IMDS","Ichino-Yaguchi",0.607925669216061,-0.0215740917782028,0.617818061396357,-0.0360893438359434,0.052,-0.003375,TRUE,0,81,"raw","std"
"IMDS","Wasserstein",0.600378983428936,-0.03789913957935,0.609853258548895,-0.0537454819618816,0.0515,-0.002625,TRUE,0,81,"raw","std"
"IMDS","Centers-Euclidean",0.602788718929254,-0.0710401529636712,0.606047465991991,-0.0772210711215585,0.053875,0.00175,TRUE,0,81,"raw","std"
"Int-UMAP","Int-Euclidean",0.879890057361377,0.0207205226258763,0.928188906451811,0.0149625890151816,0.538875,-0.02525,FALSE,0,81,"raw","std"
"Int-UMAP","Hausdorff",0.878935787125558,0.0199725940089229,0.928346137995432,0.0126492957089321,0.533625,-0.03,FALSE,0,81,"raw","std"
"Int-UMAP","Ichino-Yaguchi",0.879631054811982,0.0204829509241554,0.928499309766093,0.0137379795492189,0.536875,-0.034625,FALSE,0,81,"raw","std"
"Int-UMAP","Wasserstein",0.879666586998088,0.0203988209050351,0.928396488733544,0.0139357639342036,0.537,-0.032625,FALSE,0,81,"raw","std"
"Int-UMAP","Centers-Euclidean",0.879594008922881,0.0205643722115997,0.928041295917572,0.0146330537169505,0.537,-0.033375,FALSE,0,81,"raw","std"
"C-PCA","Int-Euclidean",0.914731038878266,0.126084130019121,0.916120421847899,0.135704259507477,0.362375,0.12975,FALSE,0,82,"raw","std"
"C-PCA","Hausdorff",0.913474824729127,0.125913639260676,0.915075513419044,0.13530237972896,0.3545,0.108,FALSE,0,82,"raw","std"
"C-PCA","Ichino-Yaguchi",0.914397864882091,0.125232313575526,0.915576229519663,0.135396997090134,0.357375,0.119125,FALSE,0,82,"raw","std"
"C-PCA","Wasserstein",0.914359623964309,0.125284576163161,0.91556426963068,0.135403504924527,0.35725,0.118875,FALSE,0,82,"raw","std"
"C-PCA","Centers-Euclidean",0.914388702995539,0.125214308476737,0.915498616269526,0.135517153191155,0.3575,0.11875,FALSE,0,82,"raw","std"
"V-PCA","Int-Euclidean",0.914716539196941,0.126133524537922,0.916031296205027,0.135894700347898,0.362,0.1295,FALSE,0,82,"raw","std"
"V-PCA","Hausdorff",0.913601338432122,0.125679732313576,0.915007062699886,0.135444763716011,0.354875,0.10875,FALSE,0,82,"raw","std"
"V-PCA","Ichino-Yaguchi",0.914305847673678,0.125423996175908,0.915469293270254,0.135607761745108,0.3565,0.118625,FALSE,0,82,"raw","std"
"V-PCA","Wasserstein",0.91428895793499,0.125433556405354,0.915533766209451,0.135460100138507,0.356625,0.118375,FALSE,0,82,"raw","std"
"V-PCA","Centers-Euclidean",0.914296367112811,0.12540535372849,0.915538631838173,0.135434146422393,0.356625,0.118,FALSE,0,82,"raw","std"
"MR-PCA","Int-Euclidean",0.912804333970682,0.126948693435309,0.914545735971712,0.136978173954298,0.348625,0.124875,FALSE,0,82,"raw","std"
"MR-PCA","Hausdorff",0.911369980879541,0.127559910771192,0.913351206847373,0.137211239851847,0.343125,0.10975,FALSE,0,82,"raw","std"
"MR-PCA","Ichino-Yaguchi",0.91231994901211,0.126540471637986,0.913992767513832,0.136805358303219,0.344375,0.116375,FALSE,0,82,"raw","std"
"MR-PCA","Wasserstein",0.912296128107074,0.126561982154238,0.913973007840962,0.136830707467577,0.3445,0.11575,FALSE,0,82,"raw","std"
"MR-PCA","Centers-Euclidean",0.912337715105163,0.126468291905672,0.914033603972069,0.136692588609162,0.344625,0.1155,FALSE,0,82,"raw","std"
"SPCA","Int-Euclidean",0.913605959209688,0.124910133843212,0.915795552686973,0.134051669407301,0.3485,0.1205,FALSE,0,82,"raw","std"
"SPCA","Hausdorff",0.913196462715105,0.123991395793499,0.915535102620688,0.132818298952144,0.345125,0.10775,FALSE,0,82,"raw","std"
"SPCA","Ichino-Yaguchi",0.913495697896749,0.124272147864882,0.915557260881974,0.133711518308173,0.34675,0.11625,FALSE,0,82,"raw","std"
"SPCA","Wasserstein",0.913469407265774,0.124299872530274,0.915599699775546,0.133617162173067,0.346875,0.116125,FALSE,0,82,"raw","std"
"SPCA","Centers-Euclidean",0.913476099426386,0.12427660930529,0.915596598009206,0.133610046374984,0.346875,0.115875,FALSE,0,82,"raw","std"
"IMDS","Int-Euclidean",0.590789037603569,-0.0732249840662842,0.595628828721169,-0.090592589948345,0.042375,-0.00475,TRUE,0,82,"raw","std"
"IMDS","Hausdorff",0.621138145315488,-0.0342332695984703,0.630728631046605,-0.0530508852599577,0.05125,-0.003625,TRUE,0,82,"raw","std"
"IMDS","Ichino-Yaguchi",0.625509480560867,-0.0352815487571702,0.63562337741294,-0.0557570717415066,0.0555,-0.003125,TRUE,0,82,"raw","std"
"IMDS","Wasserstein",0.620855959209688,-0.0516746335245378,0.629516864307111,-0.0729074872892727,0.05425,-0.00475,TRUE,0,82,"raw","std"
"IMDS","Centers-Euclidean",0.615150892288082,-0.0709805608667942,0.623840205626072,-0.0921548090503552,0.053,-0.000625000000000001,TRUE,0,82,"raw","std"
"Int-UMAP","Int-Euclidean",0.879883843212237,0.0381332058636074,0.926352131182485,0.0334847145858912,0.5285,-0.015,FALSE,0,82,"raw","std"
"Int-UMAP","Hausdorff",0.879014420012747,0.0374759400892288,0.926341326552459,0.0299853777375852,0.522875,-0.03,FALSE,0,82,"raw","std"
"Int-UMAP","Ichino-Yaguchi",0.880321622052263,0.0372891969407265,0.928105974212445,0.0295163221297418,0.5315,-0.026125,FALSE,0,82,"raw","std"
"Int-UMAP","Wasserstein",0.879667622689611,0.0379894837476099,0.927531962768653,0.0299956310206744,0.528,-0.02675,FALSE,0,82,"raw","std"
"Int-UMAP","Centers-Euclidean",0.879646749521989,0.0379263862332696,0.927661263061517,0.0297175977744648,0.5285,-0.02375,FALSE,0,82,"raw","std"
"C-PCA","Int-Euclidean",0.917903282345443,0.118173996175908,0.921120018386903,0.124033699826043,0.3615,0.094125,FALSE,0,83,"raw","std"
"C-PCA","Hausdorff",0.916638782664117,0.118403123008285,0.919883662277728,0.124624571439977,0.353875,0.08675,FALSE,0,83,"raw","std"
"C-PCA","Ichino-Yaguchi",0.917660532186106,0.117475302740599,0.920877296827534,0.123585678780903,0.36075,0.08775,FALSE,0,83,"raw","std"
"C-PCA","Wasserstein",0.917728489483748,0.117352772466539,0.920936775764055,0.123421584881796,0.360875,0.08725,FALSE,0,83,"raw","std"
"C-PCA","Centers-Euclidean",0.91765965583174,0.117475143403442,0.920842681814623,0.123611128597264,0.36075,0.08675,FALSE,0,83,"raw","std"
"V-PCA","Int-Euclidean",0.917958173996176,0.118071223709369,0.921116516891368,0.124046846001241,0.361625,0.094,FALSE,0,83,"raw","std"
"V-PCA","Hausdorff",0.91658166029318,0.118525653282345,0.919858586707692,0.124678752072109,0.353875,0.087125,FALSE,0,83,"raw","std"
"V-PCA","Ichino-Yaguchi",0.917677740599108,0.117450446144041,0.920888498094692,0.123568268330052,0.360625,0.0875,FALSE,0,83,"raw","std"
"V-PCA","Wasserstein",0.917731676226896,0.117358508604207,0.920961296788467,0.123384083267526,0.360875,0.087125,FALSE,0,83,"raw","std"
"V-PCA","Centers-Euclidean",0.917676625239006,0.117449808795411,0.920867994300708,0.123563920248812,0.360625,0.0865,FALSE,0,83,"raw","std"
"MR-PCA","Int-Euclidean",0.915350462077757,0.119859623964308,0.919316126254973,0.12557348504661,0.35175,0.096125,FALSE,0,83,"raw","std"
"MR-PCA","Hausdorff",0.914313256851498,0.119225940089229,0.918642561343557,0.124714758407044,0.344875,0.0845,FALSE,0,83,"raw","std"
"MR-PCA","Ichino-Yaguchi",0.914689929891651,0.119376991714468,0.918948997113676,0.124845816484785,0.348125,0.086125,FALSE,0,83,"raw","std"
"MR-PCA","Wasserstein",0.914706819630338,0.119387189292543,0.919074693446412,0.124591441363981,0.348625,0.087,FALSE,0,83,"raw","std"
"MR-PCA","Centers-Euclidean",0.914760834926705,0.119259400892288,0.918915421247399,0.124898104987204,0.348125,0.0855,FALSE,0,83,"raw","std"
"SPCA","Int-Euclidean",0.914569231994901,0.120780592734226,0.917510100705741,0.12861800428061,0.346875,0.09125,FALSE,0,83,"raw","std"
"SPCA","Hausdorff",0.913880417463352,0.119789834289356,0.917226992423463,0.127282302298568,0.343875,0.085,FALSE,0,83,"raw","std"
"SPCA","Ichino-Yaguchi",0.914329987253027,0.120040152963671,0.917641669933592,0.127407437048569,0.34625,0.085375,FALSE,0,83,"raw","std"
"SPCA","Wasserstein",0.914370299553856,0.119983747609943,0.917693009172468,0.12727371638415,0.34625,0.084375,FALSE,0,83,"raw","std"
"SPCA","Centers-Euclidean",0.914336121733588,0.120034576163161,0.91767334386085,0.127304711230256,0.34625,0.084,FALSE,0,83,"raw","std"
"IMDS","Int-Euclidean",0.572276131293818,-0.0513355640535373,0.575859328845619,-0.0618902036770054,0.04225,-0.002125,TRUE,0,83,"raw","std"
"IMDS","Hausdorff",0.590110420650096,-0.0139525175270873,0.599254157140978,-0.034462573320293,0.05225,-0.000625000000000001,TRUE,0,83,"raw","std"
"IMDS","Ichino-Yaguchi",0.596415630975143,-0.00243578712555781,0.607671270045742,-0.0183017145301061,0.05025,-0.00025,TRUE,0,83,"raw","std"
"IMDS","Wasserstein",0.589177342256214,-0.0210978330146591,0.599884615806186,-0.0395702114681528,0.050875,0.000625000000000001,TRUE,0,83,"raw","std"
"IMDS","Centers-Euclidean",0.591511392606756,-0.0514029636711282,0.5968153473748,-0.062677851663172,0.0505,-0.008875,TRUE,0,83,"raw","std"
"Int-UMAP","Int-Euclidean",0.846544136392607,-0.00303377947737404,0.904812447786773,0.00399858891009405,0.504125,-0.043375,FALSE,0,83,"raw","std"
"Int-UMAP","Hausdorff",0.845772227533461,-0.00704381771829188,0.905030691290753,-0.00324514362614367,0.4995,-0.058,FALSE,0,83,"raw","std"
"Int-UMAP","Ichino-Yaguchi",0.847408699808795,-0.00452740599107715,0.907042196625053,-0.00107770808053048,0.505875,-0.049375,FALSE,0,83,"raw","std"
"Int-UMAP","Wasserstein",0.846521510516252,-0.0043722115997451,0.90624387078347,-0.00117140485971755,0.504,-0.050375,FALSE,0,83,"raw","std"
"Int-UMAP","Centers-Euclidean",0.84572028362014,-0.00240551306564696,0.905004043566281,0.00160053915354395,0.502625,-0.040375,FALSE,0,83,"raw","std"
"C-PCA","Int-Euclidean",0.91781684193754,0.11706994901211,0.921828723748806,0.122374045746506,0.358375,0.108,FALSE,0,84,"raw","std"
"C-PCA","Hausdorff",0.916711918419375,0.116406628425749,0.921090078680865,0.121185466925496,0.35325,0.088125,FALSE,0,84,"raw","std"
"C-PCA","Ichino-Yaguchi",0.917368706182282,0.116398342893563,0.921680294777304,0.121210905439831,0.35575,0.0955,FALSE,0,84,"raw","std"
"C-PCA","Wasserstein",0.917365360101976,0.116335564053537,0.921598367138759,0.121345763557185,0.355875,0.0955,FALSE,0,84,"raw","std"
"C-PCA","Centers-Euclidean",0.917352931803697,0.116369343530911,0.921734907765234,0.121064948306667,0.355625,0.095,FALSE,0,84,"raw","std"
"V-PCA","Int-Euclidean",0.917846080305927,0.117013065646909,0.921846448204053,0.12234092675929,0.3585,0.108,FALSE,0,84,"raw","std"
"V-PCA","Hausdorff",0.916712476099426,0.116407743785851,0.921091532483899,0.121184160795158,0.35325,0.088125,FALSE,0,84,"raw","std"
"V-PCA","Ichino-Yaguchi",0.917368068833652,0.116397386870618,0.921675665851385,0.121219130329161,0.355875,0.095375,FALSE,0,84,"raw","std"
"V-PCA","Wasserstein",0.917365360101976,0.116335564053537,0.921587328151632,0.121366335589815,0.355875,0.0955,FALSE,0,84,"raw","std"
"V-PCA","Centers-Euclidean",0.917352214786488,0.116368228170809,0.921733816586631,0.121065918574918,0.35575,0.094875,FALSE,0,84,"raw","std"
"MR-PCA","Int-Euclidean",0.91493873486297,0.123063256851498,0.918311102035371,0.129457175643375,0.35875,0.1035,FALSE,0,84,"raw","std"
"MR-PCA","Hausdorff",0.913700366475462,0.123106277884003,0.917134201618928,0.12939233059031,0.350875,0.085625,FALSE,0,84,"raw","std"
"MR-PCA","Ichino-Yaguchi",0.914384958572339,0.122520713830465,0.917924272290282,0.12863886718047,0.35475,0.09025,FALSE,0,84,"raw","std"
"MR-PCA","Wasserstein",0.914388862332696,0.122459687699171,0.917841651496363,0.128792868583797,0.354875,0.089625,FALSE,0,84,"raw","std"
"MR-PCA","Centers-Euclidean",0.914362412364564,0.122524059910771,0.917700813434518,0.12908032622679,0.35475,0.0895,FALSE,0,84,"raw","std"
"SPCA","Int-Euclidean",0.914918897386871,0.122618546845124,0.917888880529655,0.129832961176816,0.352875,0.09825,FALSE,0,84,"raw","std"
"SPCA","Hausdorff",0.91388240917782,0.122521988527725,0.916876725051652,0.129730604060438,0.3515,0.08125,FALSE,0,84,"raw","std"
"SPCA","Ichino-Yaguchi",0.914449729126832,0.122364722753346,0.917585386058435,0.129283560107414,0.352,0.089,FALSE,0,84,"raw","std"
"SPCA","Wasserstein",0.91448701402167,0.122223231357553,0.917469156771636,0.129494775990437,0.352,0.089125,FALSE,0,84,"raw","std"
"SPCA","Centers-Euclidean",0.914434193753983,0.122335882727852,0.91748665230755,0.129453352999711,0.351875,0.088625,FALSE,0,84,"raw","std"
"IMDS","Int-Euclidean",0.583490360101976,-0.0719679732313575,0.590801756219654,-0.08493931729111,0.038,-0.000750000000000001,TRUE,0,84,"raw","std"
"IMDS","Hausdorff",0.603934193753983,-0.0126268323773104,0.621193004417088,-0.032480101824002,0.04525,-0.00425,TRUE,0,84,"raw","std"
"IMDS","Ichino-Yaguchi",0.616426306564691,-0.0191069152326322,0.629702102697115,-0.0285994798338594,0.051,0.002125,TRUE,0,84,"raw","std"
"IMDS","Wasserstein",0.608824569789675,-0.037761631612492,0.622952039128551,-0.0514700768844827,0.048375,-0.00225,TRUE,0,84,"raw","std"
"IMDS","Centers-Euclidean",0.612407265774379,-0.0754432759719567,0.62823509900404,-0.0898747102203238,0.0525,-0.00475,TRUE,0,84,"raw","std"
"Int-UMAP","Int-Euclidean",0.896110420650096,0.0205748884639898,0.938699595950446,0.0165259282972189,0.558625,-0.022,FALSE,0,84,"raw","std"
"Int-UMAP","Hausdorff",0.893588352453792,0.0206674633524537,0.936526908694644,0.0147830934403725,0.55375,-0.032875,FALSE,0,84,"raw","std"
"Int-UMAP","Ichino-Yaguchi",0.895256851497769,0.0213269598470364,0.938349234110759,0.0160031739926824,0.5575,-0.0275,FALSE,0,84,"raw","std"
"Int-UMAP","Wasserstein",0.895608428935628,0.0205278840025495,0.938473243989327,0.0152646471695207,0.557125,-0.026875,FALSE,0,84,"raw","std"
"Int-UMAP","Centers-Euclidean",0.896132090503505,0.0197746972594008,0.93875191420065,0.0150196324717692,0.556625,-0.025875,FALSE,0,84,"raw","std"
"C-PCA","Int-Euclidean",0.91763057680051,0.118339866156788,0.920187479603042,0.125448952502661,0.351375,0.101125,FALSE,0,85,"raw","std"
"C-PCA","Hausdorff",0.917465184831103,0.11666523263225,0.919746698251777,0.12452542217971,0.350125,0.090875,FALSE,0,85,"raw","std"
"C-PCA","Ichino-Yaguchi",0.917518722115997,0.117523103887827,0.920137667097253,0.124631719224925,0.35,0.0935,FALSE,0,85,"raw","std"
"C-PCA","Wasserstein",0.917566363926068,0.117395952836202,0.920065666262523,0.124762244614734,0.35,0.09375,FALSE,0,85,"raw","std"
"C-PCA","Centers-Euclidean",0.917517766093053,0.117515774378585,0.920131313972665,0.124619943580287,0.35,0.09325,FALSE,0,85,"raw","std"
"V-PCA","Int-Euclidean",0.917559512428298,0.11848326959847,0.920175126595484,0.12547261702544,0.35125,0.101,FALSE,0,85,"raw","std"
"V-PCA","Hausdorff",0.91746598151689,0.116666826003824,0.919707146386056,0.124605843770008,0.350125,0.090875,FALSE,0,85,"raw","std"
"V-PCA","Ichino-Yaguchi",0.917517766093053,0.117526290630975,0.92012938889648,0.124647811603675,0.35025,0.0935,FALSE,0,85,"raw","std"
"V-PCA","Wasserstein",0.917474904397706,0.117576641172721,0.920022878925364,0.124845035578777,0.35,0.093625,FALSE,0,85,"raw","std"
"V-PCA","Centers-Euclidean",0.917515137029955,0.117522625876354,0.920127313801897,0.124627796355749,0.350125,0.09325,FALSE,0,85,"raw","std"
"MR-PCA","Int-Euclidean",0.916494502868069,0.120890854047164,0.920862110103567,0.12440841891739,0.35275,0.096375,FALSE,0,85,"raw","std"
"MR-PCA","Hausdorff",0.916175908221797,0.11937316762269,0.920439665116285,0.123194498182378,0.34925,0.084375,FALSE,0,85,"raw","std"
"MR-PCA","Ichino-Yaguchi",0.916248087954111,0.119639260675589,0.920172071103475,0.124181072058134,0.347875,0.08775,FALSE,0,85,"raw","std"
"MR-PCA","Wasserstein",0.916209926704908,0.119747450605481,0.920055291322723,0.124505612500706,0.348125,0.0885,FALSE,0,85,"raw","std"
"MR-PCA","Centers-Euclidean",0.916317080943276,0.119555449330784,0.920082971476587,0.12444939665095,0.34825,0.08825,FALSE,0,85,"raw","std"
"SPCA","Int-Euclidean",0.91720235818993,0.119048438495857,0.92118009334535,0.123330276241982,0.35175,0.09525,FALSE,0,85,"raw","std"
"SPCA","Hausdorff",0.917013702995539,0.117385914595284,0.920219972713924,0.123371952355436,0.350875,0.084375,FALSE,0,85,"raw","std"
"SPCA","Ichino-Yaguchi",0.917152565328235,0.117996335245379,0.920976412608216,0.122707070811755,0.351125,0.086125,FALSE,0,85,"raw","std"
"SPCA","Wasserstein",0.91718379541109,0.117895952836201,0.920887774871664,0.122862845993393,0.351125,0.08625,FALSE,0,85,"raw","std"
"SPCA","Centers-Euclidean",0.917150493945188,0.117994104525175,0.920926649468822,0.122780739335025,0.351,0.086125,FALSE,0,85,"raw","std"
"IMDS","Int-Euclidean",0.585567160611855,-0.0707120777565328,0.594488187549142,-0.0759204595838705,0.038625,0,TRUE,0,85,"raw","std"
"IMDS","Hausdorff",0.629172084130019,-0.0443973868706182,0.643371557530894,-0.0574478552252293,0.052,-0.0025,TRUE,0,85,"raw","std"
"IMDS","Ichino-Yaguchi",0.635290630975143,-0.0395111536010198,0.649767728869434,-0.0521688220696065,0.051375,-0.004,TRUE,0,85,"raw","std"
"IMDS","Wasserstein",0.624981038878266,-0.0602868068833651,0.637550839710661,-0.0741337982432302,0.051875,-0.001,TRUE,0,85,"raw","std"
"IMDS","Centers-Euclidean",0.620461998087954,-0.0807907903123009,0.633284341077396,-0.097944267493105,0.04975,-0.004125,TRUE,0,85,"raw","std"
"Int-UMAP","Int-Euclidean",0.817448693435309,0.00929254302103244,0.888843438751806,0.00653819931177914,0.474375,-0.030375,FALSE,0,85,"raw","std"
"Int-UMAP","Hausdorff",0.815082138304653,0.0101454748247291,0.886583735173661,0.0057783914138041,0.468625,-0.037,FALSE,0,85,"raw","std"
"Int-UMAP","Ichino-Yaguchi",0.817492431485022,0.00881022944550669,0.889145826690728,0.00624214359935998,0.473125,-0.03425,FALSE,0,85,"raw","std"
"Int-UMAP","Wasserstein",0.816958652007648,0.00775732950924146,0.888616767455147,0.00513581367164689,0.47225,-0.033875,FALSE,0,85,"raw","std"
"Int-UMAP","Centers-Euclidean",0.816446064372212,0.00937555768005094,0.8882156250805,0.0065878484713093,0.4715,-0.034,FALSE,0,85,"raw","std"
"C-PCA","Int-Euclidean",0.91454023263225,0.125215583173996,0.915843535757306,0.135119799554095,0.3565,0.109125,FALSE,0,86,"raw","std"
"C-PCA","Hausdorff",0.914040391969407,0.124428457616316,0.915407706825792,0.134190020277114,0.353,0.0945,FALSE,0,86,"raw","std"
"C-PCA","Ichino-Yaguchi",0.914292941363926,0.12476115360102,0.916078213899496,0.133718790415404,0.35525,0.101125,FALSE,0,86,"raw","std"
"C-PCA","Wasserstein",0.91434408859146,0.124675430210325,0.915800650646962,0.134238769326251,0.355125,0.100625,FALSE,0,86,"raw","std"
"C-PCA","Centers-Euclidean",0.914287364563416,0.124773900573614,0.915742484451398,0.134362131577416,0.35525,0.1,FALSE,0,86,"raw","std"
"V-PCA","Int-Euclidean",0.914571462715105,0.125154397705545,0.915817322947582,0.135176151881143,0.35675,0.10925,FALSE,0,86,"raw","std"
"V-PCA","Hausdorff",0.914067558954748,0.124381771829191,0.915471227196137,0.134065834897278,0.35275,0.093875,FALSE,0,86,"raw","std"
"V-PCA","Ichino-Yaguchi",0.914310707456979,0.124730720203952,0.916092251442011,0.133690494834249,0.355125,0.101,FALSE,0,86,"raw","std"
"V-PCA","Wasserstein",0.914318913320586,0.124731835564054,0.91585042722084,0.134144164759823,0.355125,0.100125,FALSE,0,86,"raw","std"
"V-PCA","Centers-Euclidean",0.914281309751434,0.124789515615041,0.91574189280101,0.134361854571162,0.35525,0.1,FALSE,0,86,"raw","std"
"MR-PCA","Int-Euclidean",0.909767288081581,0.133357393244105,0.912504069049151,0.140863406744469,0.3445,0.121625,FALSE,0,86,"raw","std"
"MR-PCA","Hausdorff",0.908768323773104,0.133412364563416,0.911368893579443,0.141076723311567,0.34,0.104875,FALSE,0,86,"raw","std"
"MR-PCA","Ichino-Yaguchi",0.90935149776928,0.132662205226259,0.912046113203479,0.140326631104096,0.341625,0.110625,FALSE,0,86,"raw","std"
"MR-PCA","Wasserstein",0.909403999362651,0.132579509241555,0.912286735251624,0.139830180025491,0.341625,0.10975,FALSE,0,86,"raw","std"
"MR-PCA","Centers-Euclidean",0.909316523263225,0.132747131931166,0.912338545976897,0.139753054361806,0.341875,0.1075,FALSE,0,86,"raw","std"
"SPCA","Int-Euclidean",0.910065328234544,0.132374760994264,0.911407068837099,0.142800818343435,0.34325,0.118875,FALSE,0,86,"raw","std"
"SPCA","Hausdorff",0.909197578075207,0.132336520076482,0.910674991312367,0.142415780289301,0.343,0.104625,FALSE,0,86,"raw","std"
"SPCA","Ichino-Yaguchi",0.909631453154876,0.13224378585086,0.91104474636207,0.142501355603357,0.34275,0.110625,FALSE,0,86,"raw","std"
"SPCA","Wasserstein",0.909591379859783,0.132332217973231,0.911060931396106,0.142434595390036,0.34275,0.110125,FALSE,0,86,"raw","std"
"SPCA","Centers-Euclidean",0.909654955385596,0.132199330783939,0.911049660824074,0.142470644800616,0.34275,0.109625,FALSE,0,86,"raw","std"
"IMDS","Int-Euclidean",0.552693355640535,-0.0284679732313576,0.559836878714848,-0.0395855858483966,0.03775,-0.00475,TRUE,0,86,"raw","std"
"IMDS","Hausdorff",0.577672801147228,0.00676848311026135,0.588110725861304,-0.00854802149722073,0.044375,-0.007625,TRUE,0,86,"raw","std"
"IMDS","Ichino-Yaguchi",0.58234217654557,0.0146980560866794,0.593473734454597,-0.00219311353494778,0.04775,-0.00675,TRUE,0,86,"raw","std"
"IMDS","Wasserstein",0.576196223709369,-0.00218403441682602,0.585096000366612,-0.016298132129126,0.04675,-0.00575,TRUE,0,86,"raw","std"
"IMDS","Centers-Euclidean",0.567103250478011,-0.0180337794773742,0.572779699335407,-0.0287403329295312,0.04425,-0.00225,TRUE,0,86,"raw","std"
"Int-UMAP","Int-Euclidean",0.887616475462078,0.0353272785213512,0.930874377386327,0.0291113805684655,0.56625,-0.0125,FALSE,0,86,"raw","std"
"Int-UMAP","Hausdorff",0.88583970681963,0.0391940726577438,0.929769187044006,0.0302697900177438,0.558,-0.028375,FALSE,0,86,"raw","std"
"Int-UMAP","Ichino-Yaguchi",0.888302103250478,0.0348824091778203,0.93202485483934,0.026604232357026,0.56775,-0.0265,FALSE,0,86,"raw","std"
"Int-UMAP","Wasserstein",0.88778465583174,0.0358076800509879,0.930793006105994,0.0289365537965339,0.56625,-0.025,FALSE,0,86,"raw","std"
"Int-UMAP","Centers-Euclidean",0.887702119184194,0.0360460484384959,0.930242622186841,0.0300584896893965,0.5665,-0.0205,FALSE,0,86,"raw","std"
"C-PCA","Int-Euclidean",0.919829748247291,0.119881612492033,0.922875769326763,0.124473467193674,0.377,0.10275,FALSE,0,87,"raw","std"
"C-PCA","Hausdorff",0.918608667941364,0.11961695347355,0.92148805787439,0.124695893833291,0.366375,0.075625,FALSE,0,87,"raw","std"
"C-PCA","Ichino-Yaguchi",0.919121494582537,0.119829987253027,0.9222367669698,0.124368919829997,0.370625,0.086375,FALSE,0,87,"raw","std"
"C-PCA","Wasserstein",0.919125159337157,0.119828393881453,0.922084504905591,0.124640855739919,0.370625,0.0865,FALSE,0,87,"raw","std"
"C-PCA","Centers-Euclidean",0.9191212555768,0.119831102613129,0.922163057183474,0.124476207828303,0.3705,0.085375,FALSE,0,87,"raw","std"
"V-PCA","Int-Euclidean",0.919734703632887,0.120089228808158,0.922916575077609,0.124404062732811,0.3765,0.10225,FALSE,0,87,"raw","std"
"V-PCA","Hausdorff",0.918551465901848,0.119752390057361,0.921419042587057,0.124836464591564,0.3665,0.075125,FALSE,0,87,"raw","std"
"V-PCA","Ichino-Yaguchi",0.919052342256214,0.119982313575526,0.922219973545583,0.124412585526481,0.370625,0.08575,FALSE,0,87,"raw","std"
"V-PCA","Wasserstein",0.919086918419375,0.119917941363926,0.922184438057307,0.124452476133107,0.37075,0.08625,FALSE,0,87,"raw","std"
"V-PCA","Centers-Euclidean",0.919051943913321,0.119983110261313,0.922269941294293,0.124275766187785,0.3705,0.084375,FALSE,0,87,"raw","std"
"MR-PCA","Int-Euclidean",0.911934353091141,0.129014659018483,0.915863714351491,0.134044734228386,0.35625,0.099875,FALSE,0,87,"raw","std"
"MR-PCA","Hausdorff",0.911452198852772,0.127773103887827,0.915325155549994,0.13287733305799,0.35025,0.082875,FALSE,0,87,"raw","std"
"MR-PCA","Ichino-Yaguchi",0.911479923518164,0.12846717654557,0.915472727486748,0.133355044738109,0.3525,0.0905,FALSE,0,87,"raw","std"
"MR-PCA","Wasserstein",0.911364961759082,0.128712715105163,0.915508909749443,0.13326877147065,0.3525,0.09,FALSE,0,87,"raw","std"
"MR-PCA","Centers-Euclidean",0.911509002549394,0.128416666666667,0.915569988668973,0.133136859343602,0.352875,0.090875,FALSE,0,87,"raw","std"
"SPCA","Int-Euclidean",0.913199171446781,0.126384321223709,0.917282924336477,0.13104370369688,0.35225,0.09575,FALSE,0,87,"raw","std"
"SPCA","Hausdorff",0.912168578712556,0.126378585086042,0.916472250391988,0.130606887437453,0.34675,0.080875,FALSE,0,87,"raw","std"
"SPCA","Ichino-Yaguchi",0.91285460484385,0.125997291268324,0.917064928517459,0.130375260948848,0.35225,0.089375,FALSE,0,87,"raw","std"
"SPCA","Wasserstein",0.91281931166348,0.126065009560229,0.917030307640289,0.130407847887869,0.35175,0.0895,FALSE,0,87,"raw","std"
"SPCA","Centers-Euclidean",0.912863209050351,0.125974984066284,0.917080138805083,0.130314754807455,0.352375,0.08925,FALSE,0,87,"raw","std"
"IMDS","Int-Euclidean",0.59733970681963,-0.103416507329509,0.604537555224257,-0.114047373144783,0.03975,0.00025,TRUE,0,87,"raw","std"
"IMDS","Hausdorff",0.625347833014659,-0.056693435309114,0.637724987081571,-0.0705653597430542,0.054625,-0.000625000000000001,TRUE,0,87,"raw","std"
"IMDS","Ichino-Yaguchi",0.63790160930529,-0.0512066602931803,0.648612604364612,-0.0639025867308929,0.053875,-0.003125,TRUE,0,87,"raw","std"
"IMDS","Wasserstein",0.629462555768005,-0.0774898024219248,0.640556456199063,-0.0881990437292011,0.05625,-0.002125,TRUE,0,87,"raw","std"
"IMDS","Centers-Euclidean",0.622972833014659,-0.102153760356915,0.634286622423287,-0.11746976750752,0.05575,-0.004125,TRUE,0,87,"raw","std"
"Int-UMAP","Int-Euclidean",0.90233540471638,0.0137858508604207,0.942911097220282,0.0114678510251407,0.571375,-0.032375,FALSE,0,87,"raw","std"
"Int-UMAP","Hausdorff",0.90154206500956,0.0131759082217973,0.942254955980955,0.0103444859591309,0.563875,-0.039375,FALSE,0,87,"raw","std"
"Int-UMAP","Ichino-Yaguchi",0.902098470363289,0.0133103887826642,0.942812036670254,0.0103721929819623,0.56975,-0.042875,FALSE,0,87,"raw","std"
"Int-UMAP","Wasserstein",0.902009321223709,0.0136661886551944,0.94273055002396,0.010509215117385,0.568625,-0.0425,FALSE,0,87,"raw","std"
"Int-UMAP","Centers-Euclidean",0.902107871255577,0.013476418100701,0.942731607616354,0.0105250010619639,0.56925,-0.039875,FALSE,0,87,"raw","std"
"C-PCA","Int-Euclidean",0.917747291268324,0.11815901848311,0.92147079051145,0.122898185935299,0.34575,0.096875,FALSE,0,88,"raw","std"
"C-PCA","Hausdorff",0.916596478648821,0.117787922243467,0.920584372202749,0.12256247013493,0.34275,0.083375,FALSE,0,88,"raw","std"
"C-PCA","Ichino-Yaguchi",0.917410133843212,0.117651370299554,0.921215039742188,0.122355846499554,0.3445,0.087125,FALSE,0,88,"raw","std"
"C-PCA","Wasserstein",0.917406230082855,0.117629541108987,0.921115500242162,0.122493141802807,0.3445,0.087,FALSE,0,88,"raw","std"
"C-PCA","Centers-Euclidean",0.917407664117272,0.117648024219248,0.921153510767461,0.122433497174323,0.34425,0.08675,FALSE,0,88,"raw","std"
"V-PCA","Int-Euclidean",0.917787444231995,0.118085086042065,0.92153917917609,0.122765410802621,0.345875,0.09675,FALSE,0,88,"raw","std"
"V-PCA","Hausdorff",0.916569869343531,0.117844008922881,0.920610876092949,0.122516158698184,0.34275,0.08325,FALSE,0,88,"raw","std"
"V-PCA","Ichino-Yaguchi",0.917413559592097,0.117645474824729,0.921176846785132,0.122433758826882,0.3445,0.087125,FALSE,0,88,"raw","std"
"V-PCA","Wasserstein",0.917413240917782,0.117615838113448,0.92111612185358,0.122493263779387,0.3445,0.086875,FALSE,0,88,"raw","std"
"V-PCA","Centers-Euclidean",0.91741706500956,0.117628903760357,0.921118795422415,0.122501929874214,0.34425,0.086625,FALSE,0,88,"raw","std"
"MR-PCA","Int-Euclidean",0.915352374123646,0.122715901848311,0.91948703207694,0.126912999436519,0.354875,0.098625,FALSE,0,88,"raw","std"
"MR-PCA","Hausdorff",0.914567877629063,0.121388782664117,0.919728351865244,0.124074558781708,0.346,0.078625,FALSE,0,88,"raw","std"
"MR-PCA","Ichino-Yaguchi",0.914579349904398,0.122488527724665,0.919169007465478,0.125879164114115,0.351,0.084375,FALSE,0,88,"raw","std"
"MR-PCA","Wasserstein",0.914696303377948,0.122257488846399,0.919358014867836,0.125558844231813,0.3515,0.084,FALSE,0,88,"raw","std"
"MR-PCA","Centers-Euclidean",0.91478648820905,0.122113129381772,0.919293628506421,0.125694510337387,0.351625,0.083875,FALSE,0,88,"raw","std"
"SPCA","Int-Euclidean",0.91455505098789,0.123851657106437,0.918672175849797,0.128099563298254,0.351,0.096875,FALSE,0,88,"raw","std"
"SPCA","Hausdorff",0.91402597195666,0.122148820905035,0.918214473659968,0.126902497935354,0.347875,0.085625,FALSE,0,88,"raw","std"
"SPCA","Ichino-Yaguchi",0.914446303377948,0.122804971319312,0.918440977878566,0.127454508706484,0.35025,0.090875,FALSE,0,88,"raw","std"
"SPCA","Wasserstein",0.914427501593372,0.122800509878904,0.91832432732475,0.127637915848443,0.35025,0.090375,FALSE,0,88,"raw","std"
"SPCA","Centers-Euclidean",0.914442001274697,0.1227982791587,0.91833998948016,0.127613645281187,0.35,0.090625,FALSE,0,88,"raw","std"
"IMDS","Int-Euclidean",0.585935468451243,-0.0740809432759719,0.587536912842701,-0.0827111154442651,0.037,-0.004875,TRUE,0,88,"raw","std"
"IMDS","Hausdorff",0.626286249203314,-0.029343371574251,0.636657123598613,-0.0481547440530447,0.056625,-0.005875,TRUE,0,88,"raw","std"
"IMDS","Ichino-Yaguchi",0.640114802421925,-0.0351929572976418,0.647477835874455,-0.0508984112507786,0.058875,-0.004625,TRUE,0,88,"raw","std"
"IMDS","Wasserstein",0.628735022307202,-0.0551688973868706,0.63586753752827,-0.0714335924525328,0.057375,-0.004625,TRUE,0,88,"raw","std"
"IMDS","Centers-Euclidean",0.617783699808795,-0.0734345124282983,0.625404390427585,-0.0921670113997776,0.05275,-0.0095,TRUE,0,88,"raw","std"
"Int-UMAP","Int-Euclidean",0.885011870618228,0.00985548119821544,0.929866331260926,0.00942305184209373,0.530375,-0.020125,FALSE,0,88,"raw","std"
"Int-UMAP","Hausdorff",0.883784735500319,0.0119225621414913,0.929875273935516,0.00813112836354686,0.5265,-0.026375,FALSE,0,88,"raw","std"
"Int-UMAP","Ichino-Yaguchi",0.88498143722116,0.00900270873167619,0.930530953924242,0.00697676674546524,0.52725,-0.024625,FALSE,0,88,"raw","std"
"Int-UMAP","Wasserstein",0.884784098151689,0.00933110261312942,0.930346208878326,0.00727047270275023,0.526625,-0.027,FALSE,0,88,"raw","std"
"Int-UMAP","Centers-Euclidean",0.884925828553219,0.00914898024219246,0.930312892425527,0.0073426286737768,0.526375,-0.02375,FALSE,0,88,"raw","std"
"C-PCA","Int-Euclidean",0.919025015933716,0.119076481835564,0.922802849082898,0.123133165500383,0.368125,0.1105,FALSE,0,89,"raw","std"
"C-PCA","Hausdorff",0.917633524537922,0.119949649458254,0.922183954522525,0.122354629292701,0.3655,0.08775,FALSE,0,89,"raw","std"
"C-PCA","Ichino-Yaguchi",0.918630417463352,0.118963193116635,0.922554260279427,0.122650750471572,0.367,0.09475,FALSE,0,89,"raw","std"
"C-PCA","Wasserstein",0.918630337794774,0.118941045251753,0.922751597274787,0.122233419117841,0.367125,0.09325,FALSE,0,89,"raw","std"
"C-PCA","Centers-Euclidean",0.918621335245379,0.118946622052263,0.922676247628494,0.122375464897102,0.367,0.093375,FALSE,0,89,"raw","std"
"V-PCA","Int-Euclidean",0.919069152326322,0.118999043977055,0.92287209456904,0.12300463139957,0.368125,0.110375,FALSE,0,89,"raw","std"
"V-PCA","Hausdorff",0.917652724665392,0.119918578712556,0.922216556921864,0.122293690262396,0.365625,0.087875,FALSE,0,89,"raw","std"
"V-PCA","Ichino-Yaguchi",0.918692877629063,0.11884528362014,0.922521924543923,0.122718371131572,0.367,0.095,FALSE,0,89,"raw","std"
"V-PCA","Wasserstein",0.918689212874442,0.118828393881453,0.922756487959888,0.122226050836768,0.367375,0.093125,FALSE,0,89,"raw","std"
"V-PCA","Centers-Euclidean",0.918716937539834,0.118762109623964,0.922655303695242,0.122418062872018,0.367,0.0935,FALSE,0,89,"raw","std"
"MR-PCA","Int-Euclidean",0.91504206500956,0.122673358827279,0.919067245304797,0.127823028103575,0.353875,0.114875,FALSE,0,89,"raw","std"
"MR-PCA","Hausdorff",0.914064053537285,0.122724984066284,0.917775649478375,0.128272178924801,0.350125,0.0985,FALSE,0,89,"raw","std"
"MR-PCA","Ichino-Yaguchi",0.914689770554493,0.122046207775653,0.918284769701393,0.127949984185694,0.350625,0.102,FALSE,0,89,"raw","std"
"MR-PCA","Wasserstein",0.914661408540472,0.12211695347355,0.918247331847607,0.128043016491063,0.351375,0.102375,FALSE,0,89,"raw","std"
"MR-PCA","Centers-Euclidean",0.914669216061185,0.122067240280433,0.918212769293155,0.12809489684108,0.350875,0.102375,FALSE,0,89,"raw","std"
"SPCA","Int-Euclidean",0.913813973868706,0.124475302740599,0.916389464332598,0.132551806993472,0.351375,0.112625,FALSE,0,89,"raw","std"
"SPCA","Hausdorff",0.91286878585086,0.124683078393881,0.915425703809132,0.132636686273336,0.35125,0.098875,FALSE,0,89,"raw","std"
"SPCA","Ichino-Yaguchi",0.913833253664755,0.123656628425749,0.91631216263453,0.131799764440193,0.351625,0.10375,FALSE,0,89,"raw","std"
"SPCA","Wasserstein",0.913802262587635,0.123703951561504,0.916480967559177,0.131441807106066,0.351625,0.1025,FALSE,0,89,"raw","std"
"SPCA","Centers-Euclidean",0.913825047801147,0.123641172721479,0.916417640176254,0.131555037197739,0.351625,0.102625,FALSE,0,89,"raw","std"
"IMDS","Int-Euclidean",0.588072578075207,-0.0885536966220523,0.593602163105377,-0.105849312691825,0.041,-0.0025,TRUE,0,89,"raw","std"
"IMDS","Hausdorff",0.635517049075844,-0.0284862970044614,0.642240558479582,-0.0493260258699532,0.055125,-0.0035,TRUE,0,89,"raw","std"
"IMDS","Ichino-Yaguchi",0.644776210962396,-0.0275266093052901,0.649191344639965,-0.0417702075103112,0.053875,-0.004125,TRUE,0,89,"raw","std"
"IMDS","Wasserstein",0.634670411089866,-0.0535211918419376,0.63982113200749,-0.0727237080334459,0.058875,-0.0035,TRUE,0,89,"raw","std"
"IMDS","Centers-Euclidean",0.626680130656469,-0.0892831421287443,0.631908488435511,-0.111128601102634,0.058875,-0.00675,TRUE,0,89,"raw","std"
"Int-UMAP","Int-Euclidean",0.891939133205864,0.0321532823454429,0.935564581395996,0.0253029045267983,0.591,-0.00837499999999999,FALSE,0,89,"raw","std"
"Int-UMAP","Hausdorff",0.889904557042702,0.03015965583174,0.934590876262692,0.0214495428096,0.584625,-0.0315,FALSE,0,89,"raw","std"
"Int-UMAP","Ichino-Yaguchi",0.892280752071383,0.0312128744423199,0.936964158482721,0.0226609952248301,0.591375,-0.021875,FALSE,0,89,"raw","std"
"Int-UMAP","Wasserstein",0.891514420012747,0.0311304971319312,0.936299282803298,0.0226823456045185,0.590625,-0.02275,FALSE,0,89,"raw","std"
"Int-UMAP","Centers-Euclidean",0.891519598470363,0.0312641810070108,0.93612469529312,0.0231174424633059,0.591,-0.020125,FALSE,0,89,"raw","std"
"C-PCA","Int-Euclidean",0.913303298279159,0.127237890376036,0.915474574408358,0.135104941655105,0.338625,0.11525,FALSE,0,90,"raw","std"
"C-PCA","Hausdorff",0.911995140216699,0.127626673040153,0.914024732414944,0.135982767865261,0.335625,0.0965,FALSE,0,90,"raw","std"
"C-PCA","Ichino-Yaguchi",0.912812141491396,0.127144040790312,0.915004540002433,0.135031537769835,0.33725,0.103625,FALSE,0,90,"raw","std"
"C-PCA","Wasserstein",0.912797482472913,0.127181007010835,0.914966629169531,0.13509689845117,0.337125,0.103875,FALSE,0,90,"raw","std"
"C-PCA","Centers-Euclidean",0.912816602931804,0.127154238368387,0.914978999876488,0.135060904910982,0.33725,0.104125,FALSE,0,90,"raw","std"
"V-PCA","Int-Euclidean",0.913303537284895,0.127238368387508,0.915471697509682,0.135111795374136,0.338625,0.11525,FALSE,0,90,"raw","std"
"V-PCA","Hausdorff",0.911995140216699,0.127626673040153,0.914052805687384,0.135928214266278,0.335625,0.0965,FALSE,0,90,"raw","std"
"V-PCA","Ichino-Yaguchi",0.912812300828553,0.127144359464627,0.915003837037754,0.135033320291222,0.33725,0.103625,FALSE,0,90,"raw","std"
"V-PCA","Wasserstein",0.912797482472913,0.127181007010835,0.914965779918254,0.135098596953724,0.337125,0.103875,FALSE,0,90,"raw","std"
"V-PCA","Centers-Euclidean",0.912816762268961,0.127154557042702,0.914978296911809,0.135062687432369,0.33725,0.104125,FALSE,0,90,"raw","std"
"MR-PCA","Int-Euclidean",0.914746733588273,0.125744582536648,0.917730472935615,0.131483946815823,0.34425,0.11375,FALSE,0,90,"raw","std"
"MR-PCA","Hausdorff",0.913498087954111,0.125601657106437,0.916449915456582,0.131698309140174,0.33875,0.097,FALSE,0,90,"raw","std"
"MR-PCA","Ichino-Yaguchi",0.914226019757808,0.12524012109624,0.917254275726951,0.131031994584922,0.341125,0.102625,FALSE,0,90,"raw","std"
"MR-PCA","Wasserstein",0.914226896112173,0.125253346080306,0.917289178301782,0.130955474325977,0.341125,0.10225,FALSE,0,90,"raw","std"
"MR-PCA","Centers-Euclidean",0.91423079987253,0.125250318674315,0.917211051982324,0.131103029096447,0.341125,0.102375,FALSE,0,90,"raw","std"
"SPCA","Int-Euclidean",0.914473550031867,0.125737731038878,0.916988496968754,0.13252175959832,0.341875,0.112625,FALSE,0,90,"raw","std"
"SPCA","Hausdorff",0.913429333970682,0.125722275334608,0.916103537687607,0.132365582661652,0.338125,0.101125,FALSE,0,90,"raw","std"
"SPCA","Ichino-Yaguchi",0.914068514977693,0.125470044614404,0.917093513686369,0.131293878942253,0.339875,0.104,FALSE,0,90,"raw","std"
"SPCA","Wasserstein",0.914125876354366,0.125369980879541,0.917111779892493,0.131257242039578,0.339875,0.1035,FALSE,0,90,"raw","std"
"SPCA","Centers-Euclidean",0.914072817080943,0.125483747609943,0.917080551222402,0.131308773093024,0.33975,0.1035,FALSE,0,90,"raw","std"
"IMDS","Int-Euclidean",0.591734623964308,-0.080560707456979,0.597866488124514,-0.0994077672383188,0.043375,-0.00225,TRUE,0,90,"raw","std"
"IMDS","Hausdorff",0.615183954748247,-0.0245849267049076,0.629207883661979,-0.0471393736818213,0.0565,0.003375,TRUE,0,90,"raw","std"
"IMDS","Ichino-Yaguchi",0.627455066921606,-0.0286924792861695,0.637682064226726,-0.048785421401789,0.059625,-5e-04,TRUE,0,90,"raw","std"
"IMDS","Wasserstein",0.619386870618228,-0.0481102613129383,0.630287936273122,-0.0696321444369894,0.058125,-0.000124999999999997,TRUE,0,90,"raw","std"
"IMDS","Centers-Euclidean",0.620595124282983,-0.0842960484384959,0.630209289314118,-0.106180374829766,0.059125,0,TRUE,0,90,"raw","std"
"Int-UMAP","Int-Euclidean",0.879587715105163,-0.00538097514340352,0.927674427255982,0.000398673415127601,0.546625,-0.04425,FALSE,0,90,"raw","std"
"Int-UMAP","Hausdorff",0.879118068833652,-0.00660611854684512,0.926626915949265,-0.00183253007916878,0.54225,-0.046875,FALSE,0,90,"raw","std"
"Int-UMAP","Ichino-Yaguchi",0.879729843849586,-0.00653744423199487,0.927721523970275,-0.00130548292404645,0.545625,-0.051375,FALSE,0,90,"raw","std"
"Int-UMAP","Wasserstein",0.879316363926067,-0.00613177182919056,0.927293891779648,-0.000860310629141561,0.545125,-0.0515,FALSE,0,90,"raw","std"
"Int-UMAP","Centers-Euclidean",0.879485579987253,-0.00643260038240923,0.927409685511963,-0.00102113802955109,0.545875,-0.049625,FALSE,0,90,"raw","std"
"C-PCA","Int-Euclidean",0.917538878266412,0.119398342893563,0.919546683849158,0.127420194050238,0.34825,0.10325,FALSE,0,91,"raw","std"
"C-PCA","Hausdorff",0.916365758444869,0.119772944550669,0.918495194016119,0.127704433814569,0.34425,0.089375,FALSE,0,91,"raw","std"
"C-PCA","Ichino-Yaguchi",0.916902166985341,0.119533142128744,0.918837117720706,0.127811794742929,0.34575,0.096,FALSE,0,91,"raw","std"
"C-PCA","Wasserstein",0.916980003186743,0.119373326959847,0.918842639613285,0.127775685623533,0.345875,0.09575,FALSE,0,91,"raw","std"
"C-PCA","Centers-Euclidean",0.916908460803059,0.11951673040153,0.918841280704619,0.127781708750293,0.345875,0.09525,FALSE,0,91,"raw","std"
"V-PCA","Int-Euclidean",0.917537364563416,0.119406469088591,0.919557015713313,0.127404270348892,0.348375,0.103375,FALSE,0,91,"raw","std"
"V-PCA","Hausdorff",0.916323534098152,0.119864085404716,0.918490119619788,0.127716238247386,0.344125,0.089375,FALSE,0,91,"raw","std"
"V-PCA","Ichino-Yaguchi",0.916934353091141,0.119476099426386,0.918796188393937,0.127895140145973,0.345625,0.09575,FALSE,0,91,"raw","std"
"V-PCA","Wasserstein",0.916942001274697,0.119453154875717,0.91882378570182,0.127817997849118,0.3455,0.0955,FALSE,0,91,"raw","std"
"V-PCA","Centers-Euclidean",0.916940487571702,0.119459369024857,0.918805892355924,0.127855617175053,0.34575,0.095,FALSE,0,91,"raw","std"
"MR-PCA","Int-Euclidean",0.914393084767368,0.124658062460166,0.91724735440901,0.131311139268083,0.339875,0.109,FALSE,0,91,"raw","std"
"MR-PCA","Hausdorff",0.91329517208413,0.124167782026769,0.915709010303353,0.132027500046488,0.3345,0.09625,FALSE,0,91,"raw","std"
"MR-PCA","Ichino-Yaguchi",0.913839547482473,0.124087954110899,0.916727861165404,0.130872773138403,0.335375,0.098375,FALSE,0,91,"raw","std"
"MR-PCA","Wasserstein",0.913819869343531,0.124116156787763,0.916649711069042,0.130997372641523,0.33525,0.098625,FALSE,0,91,"raw","std"
"MR-PCA","Centers-Euclidean",0.913822737412365,0.124117112810707,0.916707622116043,0.13088706764207,0.335375,0.098125,FALSE,0,91,"raw","std"
"SPCA","Int-Euclidean",0.915060388782664,0.122867112810707,0.917826799568254,0.129719761792534,0.337125,0.101625,FALSE,0,91,"raw","std"
"SPCA","Hausdorff",0.914205146590185,0.122532026768642,0.916548402588735,0.130453508711772,0.33425,0.09225,FALSE,0,91,"raw","std"
"SPCA","Ichino-Yaguchi",0.91468809751434,0.122448852772467,0.917169136393871,0.130033933799301,0.33575,0.094125,FALSE,0,91,"raw","std"
"SPCA","Wasserstein",0.914692877629063,0.12243132568515,0.917156869857472,0.130037979071548,0.335875,0.094375,FALSE,0,91,"raw","std"
"SPCA","Centers-Euclidean",0.914693753983429,0.122435946462715,0.917212479449505,0.129924754097773,0.33575,0.093375,FALSE,0,91,"raw","std"
"IMDS","Int-Euclidean",0.596351975780752,-0.0851414913957935,0.601114370572698,-0.0945184884935142,0.040875,-0.002,TRUE,0,91,"raw","std"
"IMDS","Hausdorff",0.633637667304015,-0.0393454429572977,0.64225003000368,-0.0511973078233391,0.051,0.001125,TRUE,0,91,"raw","std"
"IMDS","Ichino-Yaguchi",0.63710643722116,-0.0355124282982791,0.64591389790492,-0.0466828628961061,0.05,5e-04,TRUE,0,91,"raw","std"
"IMDS","Wasserstein",0.630072179732314,-0.0593030592734226,0.638111081128756,-0.0692647618530955,0.0525,0.001375,TRUE,0,91,"raw","std"
"IMDS","Centers-Euclidean",0.626579349904398,-0.0841073932441044,0.633638927529022,-0.0927624176850005,0.048125,-0.00325,TRUE,0,91,"raw","std"
"Int-UMAP","Int-Euclidean",0.8801410930529,0.0178800191204589,0.931369439275367,0.00981450113028787,0.551625,-0.034,FALSE,0,91,"raw","std"
"Int-UMAP","Hausdorff",0.879078792224347,0.0172464945825366,0.930186207058913,0.00948759429941173,0.5485,-0.040375,FALSE,0,91,"raw","std"
"Int-UMAP","Ichino-Yaguchi",0.87981931166348,0.0170159337157425,0.931271129563694,0.00871887251502572,0.553,-0.0425,FALSE,0,91,"raw","std"
"Int-UMAP","Wasserstein",0.87979023263225,0.017252230720204,0.931101734694626,0.00907147247568615,0.552125,-0.040875,FALSE,0,91,"raw","std"
"Int-UMAP","Centers-Euclidean",0.879666746335245,0.0173143722115997,0.931076635027818,0.00906714955744679,0.5525,-0.039875,FALSE,0,91,"raw","std"
"C-PCA","Int-Euclidean",0.919698135755258,0.117477533460803,0.922384351594677,0.123059237243766,0.362875,0.108625,FALSE,0,92,"raw","std"
"C-PCA","Hausdorff",0.918662284894837,0.117662683237731,0.922206085488352,0.121619621664474,0.357875,0.094,FALSE,0,92,"raw","std"
"C-PCA","Ichino-Yaguchi",0.919120697896749,0.117900732950924,0.922816900593011,0.121371338548813,0.36225,0.099875,FALSE,0,92,"raw","std"
"C-PCA","Wasserstein",0.919156389420013,0.117822339069471,0.922836096230821,0.121309346084407,0.362,0.1005,FALSE,0,92,"raw","std"
"C-PCA","Centers-Euclidean",0.9191212555768,0.117903123008286,0.922928793207218,0.121108876508693,0.36225,0.099625,FALSE,0,92,"raw","std"
"V-PCA","Int-Euclidean",0.919691921606119,0.117501752708732,0.922399836756098,0.123036614639817,0.362875,0.108625,FALSE,0,92,"raw","std"
"V-PCA","Hausdorff",0.918695745697897,0.117605003186743,0.922228546452008,0.121577160593342,0.357875,0.093875,FALSE,0,92,"raw","std"
"V-PCA","Ichino-Yaguchi",0.919064133205864,0.1180160930529,0.922785665418923,0.121433049742049,0.362375,0.100375,FALSE,0,92,"raw","std"
"V-PCA","Wasserstein",0.919123326959847,0.117890376035692,0.922872697521453,0.121234083975502,0.362125,0.100625,FALSE,0,92,"raw","std"
"V-PCA","Centers-Euclidean",0.919064451880178,0.118018005098789,0.922862446157576,0.121240696726814,0.362375,0.10025,FALSE,0,92,"raw","std"
"MR-PCA","Int-Euclidean",0.917093052899936,0.119788081580625,0.919501020572928,0.126764117211134,0.34925,0.120875,FALSE,0,92,"raw","std"
"MR-PCA","Hausdorff",0.915724107711918,0.120121255576801,0.918514975440058,0.126476588344054,0.344625,0.100125,FALSE,0,92,"raw","std"
"MR-PCA","Ichino-Yaguchi",0.916669694072658,0.11942574888464,0.9189784284418,0.126487150407018,0.347125,0.107875,FALSE,0,92,"raw","std"
"MR-PCA","Wasserstein",0.916666826003824,0.119433078393882,0.918968995728431,0.126476523943832,0.347,0.10725,FALSE,0,92,"raw","std"
"MR-PCA","Centers-Euclidean",0.916670411089866,0.119428776290631,0.918967939522135,0.126471398368516,0.34725,0.107375,FALSE,0,92,"raw","std"
"SPCA","Int-Euclidean",0.917467335882728,0.118265774378585,0.920191469218144,0.124819607086993,0.34625,0.1175,FALSE,0,92,"raw","std"
"SPCA","Hausdorff",0.916469088591459,0.118440089228808,0.919659644398179,0.124131385580594,0.34625,0.1,FALSE,0,92,"raw","std"
"SPCA","Ichino-Yaguchi",0.9170160930529,0.118467495219885,0.920348276829175,0.123646390491218,0.347875,0.104875,FALSE,0,92,"raw","std"
"SPCA","Wasserstein",0.917024537922243,0.118448374760994,0.920339538550656,0.123635641411714,0.347875,0.105125,FALSE,0,92,"raw","std"
"SPCA","Centers-Euclidean",0.917028123008286,0.118447896749522,0.920313269763916,0.123689469975081,0.348,0.1045,FALSE,0,92,"raw","std"
"IMDS","Int-Euclidean",0.544894040790312,-0.0335162523900573,0.548888516988267,-0.0474273966393491,0.028125,-0.003875,TRUE,0,92,"raw","std"
"IMDS","Hausdorff",0.594843212237094,-0.00757934990439768,0.605940792887861,-0.0351465243669117,0.042125,-0.001,TRUE,0,92,"raw","std"
"IMDS","Ichino-Yaguchi",0.603827119184194,0.00760261312938182,0.614751337946607,-0.0123225765343332,0.043,-0.001,TRUE,0,92,"raw","std"
"IMDS","Wasserstein",0.592469327597196,-0.0152503186743148,0.604384573668822,-0.0407976089093059,0.04325,-0.00325,TRUE,0,92,"raw","std"
"IMDS","Centers-Euclidean",0.584413718929254,-0.0595256532823455,0.601729835714606,-0.101092781144502,0.043625,-0.008,TRUE,0,92,"raw","std"
"Int-UMAP","Int-Euclidean",0.83452660930529,0.0713820905035054,0.894987264642777,0.0520811718742137,0.489375,-0.013125,FALSE,0,92,"raw","std"
"Int-UMAP","Hausdorff",0.833117909496495,0.0707887189292543,0.894224300494167,0.0499663589871406,0.486375,-0.025,FALSE,0,92,"raw","std"
"Int-UMAP","Ichino-Yaguchi",0.834168180369662,0.0714749840662843,0.89547779708505,0.0504880263779899,0.48975,-0.0225,FALSE,0,92,"raw","std"
"Int-UMAP","Wasserstein",0.834235500318674,0.0712284894837476,0.895160768864446,0.0506052607987231,0.489375,-0.019,FALSE,0,92,"raw","std"
"Int-UMAP","Centers-Euclidean",0.834518881453155,0.0706018164435946,0.895603647274608,0.0497975711221555,0.489375,-0.019625,FALSE,0,92,"raw","std"
"C-PCA","Int-Euclidean",0.924481357552581,0.108792861695347,0.926052143751191,0.115826038195559,0.36125,0.10375,FALSE,0,93,"raw","std"
"C-PCA","Hausdorff",0.923809273422562,0.108031867431485,0.92517706212071,0.115799799796342,0.359,0.094875,FALSE,0,93,"raw","std"
"C-PCA","Ichino-Yaguchi",0.924048438495857,0.108683875079669,0.925739145342516,0.115546266783082,0.359125,0.095875,FALSE,0,93,"raw","std"
"C-PCA","Wasserstein",0.923984305289994,0.108811504142766,0.925680820278854,0.115629721794451,0.358875,0.095375,FALSE,0,93,"raw","std"
"C-PCA","Centers-Euclidean",0.924039913957935,0.108702836201402,0.92565326913868,0.11570094716094,0.359125,0.09525,FALSE,0,93,"raw","std"
"V-PCA","Int-Euclidean",0.924501035691523,0.108756054811982,0.926003812343893,0.115923979205296,0.36125,0.10375,FALSE,0,93,"raw","std"
"V-PCA","Hausdorff",0.923826322498407,0.108004461440408,0.925197806136053,0.115760520138845,0.359125,0.094875,FALSE,0,93,"raw","std"
"V-PCA","Ichino-Yaguchi",0.924034735500319,0.108716379859783,0.925742906038284,0.11554055328918,0.35925,0.096,FALSE,0,93,"raw","std"
"V-PCA","Wasserstein",0.924077756532823,0.108628744423199,0.925682639158645,0.115630106703065,0.35925,0.09575,FALSE,0,93,"raw","std"
"V-PCA","Centers-Euclidean",0.924026210962396,0.108735340981517,0.925654930216601,0.115697998611685,0.35925,0.095625,FALSE,0,93,"raw","std"
"MR-PCA","Int-Euclidean",0.920995458891013,0.113745538559592,0.919469725583402,0.127772685042311,0.35775,0.121875,FALSE,0,93,"raw","std"
"MR-PCA","Hausdorff",0.919785691523263,0.113956022944551,0.918666474191035,0.127444189317206,0.34575,0.10225,FALSE,0,93,"raw","std"
"MR-PCA","Ichino-Yaguchi",0.920437938177183,0.113321701720841,0.91863799639137,0.127907954297508,0.35275,0.110625,FALSE,0,93,"raw","std"
"MR-PCA","Wasserstein",0.920451163161249,0.113391172721479,0.919216083175062,0.126922669492429,0.353125,0.108875,FALSE,0,93,"raw","std"
"MR-PCA","Centers-Euclidean",0.920472115997451,0.113353409815169,0.91901078177008,0.127338082273971,0.3535,0.109625,FALSE,0,93,"raw","std"
"SPCA","Int-Euclidean",0.920746972594009,0.113780433397068,0.920073802121744,0.126149646967364,0.35475,0.113125,FALSE,0,93,"raw","std"
"SPCA","Hausdorff",0.920053696622052,0.11299936265137,0.918751339716547,0.127011231526732,0.352375,0.10425,FALSE,0,93,"raw","std"
"SPCA","Ichino-Yaguchi",0.920507329509242,0.113270235818993,0.919493218123468,0.126381852418233,0.353625,0.11025,FALSE,0,93,"raw","std"
"SPCA","Wasserstein",0.92051426067559,0.113257648183556,0.91934838117033,0.126655890291705,0.3535,0.1105,FALSE,0,93,"raw","std"
"SPCA","Centers-Euclidean",0.920507807520714,0.113272147864882,0.919412010615886,0.126528484261012,0.353625,0.109625,FALSE,0,93,"raw","std"
"IMDS","Int-Euclidean",0.591551465901848,-0.0718664754620778,0.601511439846524,-0.0885927960717058,0.045375,-0.003375,TRUE,0,93,"raw","std"
"IMDS","Hausdorff",0.632345522625876,-0.0306464308476737,0.646434726067043,-0.0518227578785355,0.058,-0.0055,TRUE,0,93,"raw","std"
"IMDS","Ichino-Yaguchi",0.638137906309751,-0.0342557361376672,0.648189568366679,-0.0505673770480337,0.058,-0.005625,TRUE,0,93,"raw","std"
"IMDS","Wasserstein",0.628814451880178,-0.0518143722115998,0.63976372955165,-0.0714085832019313,0.05775,-0.008,TRUE,0,93,"raw","std"
"IMDS","Centers-Euclidean",0.622444471000637,-0.073658540471638,0.636680968953804,-0.0961423300785205,0.057875,-0.009,TRUE,0,93,"raw","std"
"Int-UMAP","Int-Euclidean",0.817088989802422,0.033347833014659,0.880039567859154,0.0299660676934194,0.45575,-0.029875,FALSE,0,93,"raw","std"
"Int-UMAP","Hausdorff",0.817064929891651,0.0249169853409815,0.88404388391088,0.0172252142736141,0.459875,-0.03575,FALSE,0,93,"raw","std"
"Int-UMAP","Ichino-Yaguchi",0.819921526449968,0.0287624282982791,0.886607851244357,0.0206854518703445,0.46425,-0.032625,FALSE,0,93,"raw","std"
"Int-UMAP","Wasserstein",0.818996574251115,0.0282359783301466,0.885717401844252,0.0204131764731572,0.463625,-0.035625,FALSE,0,93,"raw","std"
"Int-UMAP","Centers-Euclidean",0.819625557680051,0.0278116634799235,0.885527156976694,0.0216664069333194,0.46375,-0.031,FALSE,0,93,"raw","std"
"C-PCA","Int-Euclidean",0.922736456341619,0.11224569789675,0.926960702941649,0.114563042358628,0.373625,0.093875,FALSE,0,94,"raw","std"
"C-PCA","Hausdorff",0.921783142128744,0.111841300191205,0.925699699033451,0.115256960725759,0.368,0.08375,FALSE,0,94,"raw","std"
"C-PCA","Ichino-Yaguchi",0.922623804971319,0.111347355003187,0.926300555987165,0.114993316237846,0.37175,0.089625,FALSE,0,94,"raw","std"
"C-PCA","Wasserstein",0.922726896112173,0.111079349904398,0.92627380281266,0.115017465041768,0.37175,0.089875,FALSE,0,94,"raw","std"
"C-PCA","Centers-Euclidean",0.922629302103251,0.111305768005099,0.926308265034978,0.114958813072341,0.37175,0.0895,FALSE,0,94,"raw","std"
"V-PCA","Int-Euclidean",0.922732393244104,0.112259560229445,0.926935606900019,0.114619085479311,0.373625,0.094125,FALSE,0,94,"raw","std"
"V-PCA","Hausdorff",0.92180505098789,0.111804174633525,0.925756037819393,0.115147472884094,0.36775,0.083875,FALSE,0,94,"raw","std"
"V-PCA","Ichino-Yaguchi",0.922681564690886,0.111241077119184,0.926330051715511,0.114936206888316,0.372125,0.08975,FALSE,0,94,"raw","std"
"V-PCA","Wasserstein",0.922609464627151,0.111325047801147,0.926258443146375,0.115056506930232,0.371875,0.089875,FALSE,0,94,"raw","std"
"V-PCA","Centers-Euclidean",0.922673597833015,0.111226099426386,0.92626072935427,0.115056286007614,0.372125,0.08975,FALSE,0,94,"raw","std"
"MR-PCA","Int-Euclidean",0.918541985340982,0.119240439770554,0.921620553868355,0.124185457244138,0.35725,0.104125,FALSE,0,94,"raw","std"
"MR-PCA","Hausdorff",0.917499920331421,0.118894040790312,0.920361139174254,0.124728586328967,0.351125,0.092,FALSE,0,94,"raw","std"
"MR-PCA","Ichino-Yaguchi",0.917986615678776,0.118701402166985,0.920931190537483,0.124163862058306,0.354125,0.09625,FALSE,0,94,"raw","std"
"MR-PCA","Wasserstein",0.917991156787763,0.11866395793499,0.921244298127992,0.123560207000227,0.3545,0.0955,FALSE,0,94,"raw","std"
"MR-PCA","Centers-Euclidean",0.918002868068834,0.118658381134481,0.921377353145742,0.123299192259144,0.354375,0.096375,FALSE,0,94,"raw","std"
"SPCA","Int-Euclidean",0.917594168260038,0.120575207138305,0.922058786292937,0.122866735596229,0.355375,0.102625,FALSE,0,94,"raw","std"
"SPCA","Hausdorff",0.916954509241555,0.119564850223072,0.921620862754852,0.121922988081609,0.351,0.087625,FALSE,0,94,"raw","std"
"SPCA","Ichino-Yaguchi",0.91711631612492,0.120322817080943,0.921492375354862,0.122995047068459,0.35225,0.095,FALSE,0,94,"raw","std"
"SPCA","Wasserstein",0.917061982154238,0.120376673040153,0.921420698653703,0.123112886893932,0.352,0.094625,FALSE,0,94,"raw","std"
"SPCA","Centers-Euclidean",0.917107711918419,0.12030943275972,0.921441780770213,0.123075045152659,0.352125,0.09475,FALSE,0,94,"raw","std"
"IMDS","Int-Euclidean",0.566996414913958,-0.0451967813894201,0.575015707683382,-0.057169997480288,0.042875,-0.001125,TRUE,0,94,"raw","std"
"IMDS","Hausdorff",0.60280074888464,0.000162683237731054,0.617442045024371,-0.0210529353194874,0.04775,-0.00125,TRUE,0,94,"raw","std"
"IMDS","Ichino-Yaguchi",0.612207616316125,0.00966857871255578,0.625325848598745,-0.0123818684543145,0.047875,-0.005125,TRUE,0,94,"raw","std"
"IMDS","Wasserstein",0.602164993626514,-0.0139867750159337,0.617520464450139,-0.0389850220009925,0.04925,-0.00575,TRUE,0,94,"raw","std"
"IMDS","Centers-Euclidean",0.598457217973231,-0.0544128425748884,0.61260624693246,-0.0765043533697353,0.052125,-0.0095,TRUE,0,94,"raw","std"
"Int-UMAP","Int-Euclidean",0.879312858508604,-0.00722801147227536,0.928250686949922,-0.000764074092839684,0.535625,-0.024875,FALSE,0,94,"raw","std"
"Int-UMAP","Hausdorff",0.87779947418738,-0.00658078393881445,0.927328057270478,-0.00100786454662842,0.5275,-0.030375,FALSE,0,94,"raw","std"
"Int-UMAP","Ichino-Yaguchi",0.878795092415551,-0.0082600382409177,0.928107364894731,-0.00189047151369182,0.534875,-0.033,FALSE,0,94,"raw","std"
"Int-UMAP","Wasserstein",0.878704748247291,-0.00813989802421922,0.927933257614025,-0.0016195282628266,0.534,-0.03275,FALSE,0,94,"raw","std"
"Int-UMAP","Centers-Euclidean",0.878851896112173,-0.00842272147864886,0.928084022266441,-0.00189981445059104,0.534875,-0.031875,FALSE,0,94,"raw","std"
"C-PCA","Int-Euclidean",0.912381293817718,0.12508476736775,0.914523199519054,0.134443880196138,0.338,0.10675,FALSE,0,95,"raw","std"
"C-PCA","Hausdorff",0.911065168897387,0.12509592096877,0.913102057847265,0.13519867681853,0.335375,0.0915,FALSE,0,95,"raw","std"
"C-PCA","Ichino-Yaguchi",0.911961360739324,0.124545092415551,0.914139461197885,0.13414686722346,0.337625,0.09625,FALSE,0,95,"raw","std"
"C-PCA","Wasserstein",0.91194925111536,0.124533938814532,0.914162379573717,0.134076618096104,0.33775,0.09575,FALSE,0,95,"raw","std"
"C-PCA","Centers-Euclidean",0.911943435309114,0.124518483110261,0.914127307042007,0.134118745650853,0.337625,0.095875,FALSE,0,95,"raw","std"
"V-PCA","Int-Euclidean",0.912408699808795,0.125030911408541,0.914436850549347,0.134616534633416,0.338,0.106875,FALSE,0,95,"raw","std"
"V-PCA","Hausdorff",0.911011392606756,0.125202836201402,0.913061064440142,0.135277205639378,0.3355,0.09175,FALSE,0,95,"raw","std"
"V-PCA","Ichino-Yaguchi",0.911961281070746,0.124544933078394,0.914154682147798,0.134118460541259,0.337625,0.09625,FALSE,0,95,"raw","std"
"V-PCA","Wasserstein",0.911949569789675,0.124534576163161,0.914159460985492,0.134083850326377,0.33775,0.09575,FALSE,0,95,"raw","std"
"V-PCA","Centers-Euclidean",0.911943435309114,0.124518483110261,0.914134695688051,0.134106111052255,0.337625,0.096,FALSE,0,95,"raw","std"
"MR-PCA","Int-Euclidean",0.910712635436584,0.129518642447419,0.91202218148375,0.140133490572234,0.34,0.113,FALSE,0,95,"raw","std"
"MR-PCA","Hausdorff",0.909808556405354,0.12895235818993,0.911373324613287,0.139359275576826,0.333625,0.097125,FALSE,0,95,"raw","std"
"MR-PCA","Ichino-Yaguchi",0.910162364563416,0.128653282345443,0.911488282528808,0.139548483643452,0.3355,0.097125,FALSE,0,95,"raw","std"
"MR-PCA","Wasserstein",0.91023820905035,0.128587316762269,0.910824244585391,0.141022709650872,0.337625,0.099875,FALSE,0,95,"raw","std"
"MR-PCA","Centers-Euclidean",0.910130417463352,0.128767527087317,0.910827401475763,0.140997109922735,0.336125,0.1005,FALSE,0,95,"raw","std"
"SPCA","Int-Euclidean",0.909113209050351,0.132166188655194,0.910916797194402,0.1419097239815,0.33575,0.105875,FALSE,0,95,"raw","std"
"SPCA","Hausdorff",0.908629700446144,0.130710643722116,0.911427586065566,0.139027799955338,0.3345,0.092125,FALSE,0,95,"raw","std"
"SPCA","Ichino-Yaguchi",0.908770235818993,0.131464627151052,0.911289251402432,0.140138339567787,0.334125,0.097625,FALSE,0,95,"raw","std"
"SPCA","Wasserstein",0.908790630975143,0.131396749521988,0.911289801363272,0.140112586729187,0.33475,0.097,FALSE,0,95,"raw","std"
"SPCA","Centers-Euclidean",0.908757488846399,0.131442001274697,0.911217380754245,0.140231875133172,0.334375,0.0975,FALSE,0,95,"raw","std"
"IMDS","Int-Euclidean",0.602620458891013,-0.102655831739962,0.609351411712584,-0.11589056636541,0.04625,-0.001,TRUE,0,95,"raw","std"
"IMDS","Hausdorff",0.645566762268961,-0.0515675589547482,0.652878239352511,-0.0643834437861122,0.05975,-0.002375,TRUE,0,95,"raw","std"
"IMDS","Ichino-Yaguchi",0.655718371574251,-0.0457213193116635,0.661051219224157,-0.0556111958549799,0.06175,-0.00175,TRUE,0,95,"raw","std"
"IMDS","Wasserstein",0.644788559592097,-0.0709697259400893,0.649484151979578,-0.0813695421664508,0.062,-0.0025,TRUE,0,95,"raw","std"
"IMDS","Centers-Euclidean",0.638819869343531,-0.0933777884002549,0.645419204184701,-0.104648006510308,0.060875,-0.0045,TRUE,0,95,"raw","std"
"Int-UMAP","Int-Euclidean",0.806009639898024,-0.00818467176545568,0.878576449610622,-0.00573180467676973,0.480375,-0.030375,FALSE,0,95,"raw","std"
"Int-UMAP","Hausdorff",0.80426426067559,-0.0115495538559591,0.876624089483213,-0.0112339007973856,0.478125,-0.03625,FALSE,0,95,"raw","std"
"Int-UMAP","Ichino-Yaguchi",0.806551943913321,-0.00911472275334602,0.880281271169974,-0.00867890322071058,0.479375,-0.036875,FALSE,0,95,"raw","std"
"Int-UMAP","Wasserstein",0.805579110898662,-0.00971303377947741,0.878991829125824,-0.00891857675167326,0.479625,-0.03575,FALSE,0,95,"raw","std"
"Int-UMAP","Centers-Euclidean",0.805476258763544,-0.00919821542383681,0.878533652144289,-0.00729409159093455,0.47825,-0.03375,FALSE,0,95,"raw","std"
"C-PCA","Int-Euclidean",0.919745538559592,0.118741555130657,0.923959419927152,0.121243229233573,0.38975,0.108375,FALSE,0,96,"raw","std"
"C-PCA","Hausdorff",0.918293977055449,0.119191523263225,0.923254934272536,0.120597572862241,0.38175,0.09825,FALSE,0,96,"raw","std"
"C-PCA","Ichino-Yaguchi",0.919002549394519,0.119125876354366,0.923201416621501,0.121741187320031,0.386375,0.10275,FALSE,0,96,"raw","std"
"C-PCA","Wasserstein",0.918987492033142,0.11913240917782,0.923136196255882,0.121843416488948,0.38625,0.103375,FALSE,0,96,"raw","std"
"C-PCA","Centers-Euclidean",0.919019518801785,0.119065806246017,0.923194916783824,0.121713415683732,0.38625,0.103125,FALSE,0,96,"raw","std"
"V-PCA","Int-Euclidean",0.919790152963671,0.118661567877629,0.923949329990322,0.121269455051289,0.389875,0.1085,FALSE,0,96,"raw","std"
"V-PCA","Hausdorff",0.918332456978967,0.119122211599745,0.923263362491707,0.120586711615463,0.382,0.09875,FALSE,0,96,"raw","std"
"V-PCA","Ichino-Yaguchi",0.919048677501593,0.119042224346718,0.923214626237316,0.121720212252897,0.386375,0.1025,FALSE,0,96,"raw","std"
"V-PCA","Wasserstein",0.919092256214149,0.118929254302103,0.923307284509606,0.121505668669642,0.3865,0.10325,FALSE,0,96,"raw","std"
"V-PCA","Centers-Euclidean",0.919041746335245,0.119029955385596,0.923192763214798,0.12172475225533,0.38625,0.102875,FALSE,0,96,"raw","std"
"MR-PCA","Int-Euclidean",0.910533620140217,0.134501912045889,0.912402300491096,0.142591466868175,0.3735,0.122625,FALSE,0,96,"raw","std"
"MR-PCA","Hausdorff",0.909587794773741,0.133927979604844,0.912304562384709,0.140688675080151,0.36775,0.11025,FALSE,0,96,"raw","std"
"MR-PCA","Ichino-Yaguchi",0.910242829827916,0.133601338432122,0.912551739714431,0.140902338171624,0.3695,0.11225,FALSE,0,96,"raw","std"
"MR-PCA","Wasserstein",0.90999195347355,0.134096717654557,0.912348396865219,0.141322431911052,0.36925,0.113,FALSE,0,96,"raw","std"
"MR-PCA","Centers-Euclidean",0.910147386870618,0.133789037603569,0.912170589237298,0.14169004821231,0.36925,0.114,FALSE,0,96,"raw","std"
"SPCA","Int-Euclidean",0.910790710643722,0.133692001274697,0.913142842273534,0.140928502574559,0.375125,0.112875,FALSE,0,96,"raw","std"
"SPCA","Hausdorff",0.909820984703633,0.133319471000637,0.912860326707873,0.139528035933106,0.369875,0.100625,FALSE,0,96,"raw","std"
"SPCA","Ichino-Yaguchi",0.910567001274697,0.133064212874442,0.913450601980013,0.139271971479317,0.371625,0.10425,FALSE,0,96,"raw","std"
"SPCA","Wasserstein",0.910549792861695,0.133068992989165,0.913406182353111,0.139334602828048,0.3715,0.10475,FALSE,0,96,"raw","std"
"SPCA","Centers-Euclidean",0.91057982791587,0.133008285532186,0.91337228107379,0.139392568359343,0.371625,0.1045,FALSE,0,96,"raw","std"
"IMDS","Int-Euclidean",0.557673597833015,-0.03002660930529,0.564376725371521,-0.0461150196928203,0.04125,0.000875000000000001,TRUE,0,96,"raw","std"
"IMDS","Hausdorff",0.588034894837476,-0.00914467813894193,0.592832677048153,-0.0206456331275427,0.047375,-0.000999999999999997,TRUE,0,96,"raw","std"
"IMDS","Ichino-Yaguchi",0.592725462077757,-0.00304620777565323,0.598189252549694,-0.0112213297460277,0.05,0.002375,TRUE,0,96,"raw","std"
"IMDS","Wasserstein",0.587024458253665,-0.0190231038878266,0.593219649561285,-0.0329582534301435,0.04925,-5e-04,TRUE,0,96,"raw","std"
"IMDS","Centers-Euclidean",0.579730560866794,-0.0414474187380497,0.587616410545703,-0.0566644013568572,0.0485,-0.00175,TRUE,0,96,"raw","std"
"Int-UMAP","Int-Euclidean",0.888672801147228,0.0337716698534098,0.933491827931647,0.0255357303096107,0.548125,-0.01425,FALSE,0,96,"raw","std"
"Int-UMAP","Hausdorff",0.886093291905672,0.0341614085404716,0.932515627289726,0.0227717258628393,0.537,-0.03475,FALSE,0,96,"raw","std"
"Int-UMAP","Ichino-Yaguchi",0.888250318674315,0.0318597833014659,0.934139540525311,0.0222850222483576,0.54725,-0.02675,FALSE,0,96,"raw","std"
"Int-UMAP","Wasserstein",0.887603648820905,0.0331665073295093,0.933352734859934,0.0235251624037131,0.545,-0.02775,FALSE,0,96,"raw","std"
"Int-UMAP","Centers-Euclidean",0.887534815168897,0.033450127469726,0.933272386519558,0.0237182208359541,0.544625,-0.02725,FALSE,0,96,"raw","std"
"C-PCA","Int-Euclidean",0.914320347355003,0.124306086679414,0.914933036776707,0.13480775254142,0.33975,0.115,FALSE,0,97,"raw","std"
"C-PCA","Hausdorff",0.913089627151052,0.123026927979605,0.913863440032134,0.133968678845218,0.33375,0.09725,FALSE,0,97,"raw","std"
"C-PCA","Ichino-Yaguchi",0.913757807520714,0.12368132568515,0.91424585025865,0.134604819977068,0.3365,0.104375,FALSE,0,97,"raw","std"
"C-PCA","Wasserstein",0.913770315487572,0.123637826641173,0.914228090404606,0.13461177754679,0.336625,0.104125,FALSE,0,97,"raw","std"
"C-PCA","Centers-Euclidean",0.913764818355641,0.123641172721479,0.91427018565262,0.134529273398307,0.3365,0.10425,FALSE,0,97,"raw","std"
"V-PCA","Int-Euclidean",0.914276051625239,0.124396271510516,0.914866884633697,0.134941079127658,0.339625,0.115125,FALSE,0,97,"raw","std"
"V-PCA","Hausdorff",0.913088193116635,0.123028202676864,0.913862772999367,0.133968139333421,0.33375,0.09725,FALSE,0,97,"raw","std"
"V-PCA","Ichino-Yaguchi",0.913756453154876,0.123682441045252,0.914300198715203,0.134495544314945,0.3365,0.104375,FALSE,0,97,"raw","std"
"V-PCA","Wasserstein",0.913772944550669,0.123632249840663,0.914246875011195,0.134572375272976,0.336625,0.104125,FALSE,0,97,"raw","std"
"V-PCA","Centers-Euclidean",0.913764420012747,0.123640694710006,0.914321483415194,0.134425363426235,0.3365,0.10425,FALSE,0,97,"raw","std"
"MR-PCA","Int-Euclidean",0.913283540471638,0.125913161249203,0.913903280632627,0.136615077397126,0.33875,0.110875,FALSE,0,97,"raw","std"
"MR-PCA","Hausdorff",0.91163240917782,0.126101657106437,0.913125948303937,0.135734356802139,0.332375,0.0975,FALSE,0,97,"raw","std"
"MR-PCA","Ichino-Yaguchi",0.912634321223709,0.125652963671128,0.913349677768583,0.136248401722958,0.335125,0.1005,FALSE,0,97,"raw","std"
"MR-PCA","Wasserstein",0.912631054811982,0.125647068196303,0.913302353307809,0.136327030769317,0.335125,0.101625,FALSE,0,97,"raw","std"
"MR-PCA","Centers-Euclidean",0.912659894837476,0.125576959847036,0.913334508530769,0.136253714101567,0.335,0.1005,FALSE,0,97,"raw","std"
"SPCA","Int-Euclidean",0.913168419375398,0.125231994901211,0.913185039772895,0.137231447447457,0.33725,0.108875,FALSE,0,97,"raw","std"
"SPCA","Hausdorff",0.912217574888464,0.124584608030593,0.912616130127516,0.136425882125245,0.33425,0.09575,FALSE,0,97,"raw","std"
"SPCA","Ichino-Yaguchi",0.91268132568515,0.125182919056724,0.912697084405746,0.137231330588775,0.335375,0.1,FALSE,0,97,"raw","std"
"SPCA","Wasserstein",0.912713750796686,0.125105003186743,0.912678229961167,0.137248449745905,0.3355,0.100625,FALSE,0,97,"raw","std"
"SPCA","Centers-Euclidean",0.912663081580625,0.125193275971957,0.91273792331631,0.137129234485219,0.335375,0.100125,FALSE,0,97,"raw","std"
"IMDS","Int-Euclidean",0.590786408540472,-0.0679855003186743,0.592674477901853,-0.0809716270532795,0.041375,-0.003375,TRUE,0,97,"raw","std"
"IMDS","Hausdorff",0.641815407903123,-0.036001115360102,0.648950540906424,-0.0541221505460542,0.052875,0.00225,TRUE,0,97,"raw","std"
"IMDS","Ichino-Yaguchi",0.645585484384959,-0.0375747291268324,0.652002385345853,-0.0539743635509413,0.055625,0.0015,TRUE,0,97,"raw","std"
"IMDS","Wasserstein",0.639137189292543,-0.0556112173358828,0.644148181137269,-0.0733167690416957,0.05375,0.00125,TRUE,0,97,"raw","std"
"IMDS","Centers-Euclidean",0.625640854047164,-0.0784353091140854,0.629443240885321,-0.0901501992312576,0.048625,-0.0025,TRUE,0,97,"raw","std"
"Int-UMAP","Int-Euclidean",0.914048358827279,0.0203411408540473,0.948444270819739,0.0130913526963904,0.5735,-0.034875,FALSE,0,97,"raw","std"
"Int-UMAP","Hausdorff",0.913381692160612,0.0177104843849586,0.94810357007964,0.0114153349894853,0.566,-0.0415,FALSE,0,97,"raw","std"
"Int-UMAP","Ichino-Yaguchi",0.913881054811982,0.0194290949649458,0.948636751142699,0.0121277931570627,0.573125,-0.042,FALSE,0,97,"raw","std"
"Int-UMAP","Wasserstein",0.913793897386871,0.0196129700446145,0.948631239699163,0.0120535185893161,0.572,-0.041625,FALSE,0,97,"raw","std"
"Int-UMAP","Centers-Euclidean",0.913834050350542,0.0194768961121734,0.948576131554557,0.0121216162801033,0.571625,-0.04,FALSE,0,97,"raw","std"
"C-PCA","Int-Euclidean",0.915856357552581,0.12328282345443,0.917832520099267,0.130569209255685,0.352125,0.1095,FALSE,0,98,"raw","std"
"C-PCA","Hausdorff",0.914339945825366,0.123817558954748,0.916645642659629,0.130831605402863,0.347875,0.093,FALSE,0,98,"raw","std"
"C-PCA","Ichino-Yaguchi",0.915389977692798,0.123052421924793,0.91747385350971,0.130223489243286,0.3495,0.098375,FALSE,0,98,"raw","std"
"C-PCA","Wasserstein",0.915429811982154,0.122937061822817,0.917474574493656,0.130198552709492,0.349375,0.09925,FALSE,0,98,"raw","std"
"C-PCA","Centers-Euclidean",0.915383205863607,0.123040152963671,0.917446938694912,0.130257759970903,0.349375,0.0985,FALSE,0,98,"raw","std"
"V-PCA","Int-Euclidean",0.915856596558317,0.123282664117272,0.917848959215638,0.130541206674217,0.35225,0.109625,FALSE,0,98,"raw","std"
"V-PCA","Hausdorff",0.914307919056724,0.123882887189293,0.916623103008284,0.130873814843987,0.34775,0.092875,FALSE,0,98,"raw","std"
"V-PCA","Ichino-Yaguchi",0.915398183556405,0.123038559592097,0.917500390772873,0.130169345502672,0.3495,0.098375,FALSE,0,98,"raw","std"
"V-PCA","Wasserstein",0.915425430210325,0.122944869343531,0.917471474433282,0.13020331725972,0.349375,0.099375,FALSE,0,98,"raw","std"
"V-PCA","Centers-Euclidean",0.915391491395793,0.123026449968133,0.917473578955782,0.130203123632562,0.349375,0.09875,FALSE,0,98,"raw","std"
"MR-PCA","Int-Euclidean",0.915137826641173,0.125044933078394,0.917055358367193,0.132456772310327,0.351,0.108625,FALSE,0,98,"raw","std"
"MR-PCA","Hausdorff",0.914084687699172,0.124471797323136,0.915953223943371,0.132330179598999,0.346375,0.09225,FALSE,0,98,"raw","std"
"MR-PCA","Ichino-Yaguchi",0.914617431485022,0.124639898024219,0.916598925736052,0.131984779028763,0.34725,0.09825,FALSE,0,98,"raw","std"
"MR-PCA","Wasserstein",0.914596398980242,0.12463926067559,0.916572565786746,0.132014209930395,0.347125,0.0985,FALSE,0,98,"raw","std"
"MR-PCA","Centers-Euclidean",0.914609623964308,0.124625876354366,0.916600416004112,0.131967073019275,0.347125,0.098375,FALSE,0,98,"raw","std"
"SPCA","Int-Euclidean",0.914773103887827,0.125224984066284,0.917299508246726,0.131460460566507,0.34975,0.107625,FALSE,0,98,"raw","std"
"SPCA","Hausdorff",0.913816682600382,0.125039037603569,0.916805683503017,0.13062319668715,0.34725,0.09325,FALSE,0,98,"raw","std"
"SPCA","Ichino-Yaguchi",0.914359066284258,0.125140694710006,0.91694188880052,0.131262331149867,0.347625,0.099625,FALSE,0,98,"raw","std"
"SPCA","Wasserstein",0.914373565965583,0.12506867431485,0.916968056615387,0.131186491571418,0.34775,0.100375,FALSE,0,98,"raw","std"
"SPCA","Centers-Euclidean",0.914358588272785,0.125112970044614,0.916774665199877,0.13157774488675,0.3475,0.100375,FALSE,0,98,"raw","std"
"IMDS","Int-Euclidean",0.559124282982792,-0.0262374123645635,0.566348966082151,-0.0446754616898857,0.034625,-0.002125,TRUE,0,98,"raw","std"
"IMDS","Hausdorff",0.583661966220523,0.000166826003824116,0.589067415474921,-0.00736708945625913,0.047875,-0.0015,TRUE,0,98,"raw","std"
"IMDS","Ichino-Yaguchi",0.589567399617591,0.00667272147864884,0.597756331757362,-0.00299791031940633,0.0495,-0.002375,TRUE,0,98,"raw","std"
"IMDS","Wasserstein",0.581077119184194,-0.0067421924792862,0.588999056344821,-0.0195044680106609,0.046375,-0.001875,TRUE,0,98,"raw","std"
"IMDS","Centers-Euclidean",0.576728569152326,-0.0305304333970682,0.582787386632152,-0.0380523709432338,0.043625,-0.003875,TRUE,0,98,"raw","std"
"Int-UMAP","Int-Euclidean",0.73573701402167,-0.000711121733588227,0.833538822714462,-0.00322803769025148,0.41475,-0.036875,FALSE,0,98,"raw","std"
"Int-UMAP","Hausdorff",0.732328951561504,-0.010315965583174,0.831071047455543,-0.0148113903010024,0.417,-0.03975,FALSE,0,98,"raw","std"
"Int-UMAP","Ichino-Yaguchi",0.73760579987253,-0.00422848948374765,0.836911024780694,-0.00825815097834601,0.418,-0.04525,FALSE,0,98,"raw","std"
"Int-UMAP","Wasserstein",0.735614882090504,-0.00569120458891015,0.834898962874935,-0.0111615535449039,0.41675,-0.04375,FALSE,0,98,"raw","std"
"Int-UMAP","Centers-Euclidean",0.734332217973231,-0.00220203951561504,0.83409535450915,-0.00808265696040164,0.4155,-0.041375,FALSE,0,98,"raw","std"
"C-PCA","Int-Euclidean",0.912365280433397,0.127853250478011,0.916054156151518,0.133414531351478,0.345375,0.1015,FALSE,0,99,"raw","std"
"C-PCA","Hausdorff",0.911565726577438,0.127071542383684,0.915359381282754,0.132617616343906,0.343,0.08775,FALSE,0,99,"raw","std"
"C-PCA","Ichino-Yaguchi",0.911962635436584,0.127666188655194,0.916043085604017,0.132315257299787,0.345375,0.094,FALSE,0,99,"raw","std"
"C-PCA","Wasserstein",0.911937300828553,0.127651529636711,0.915912758319528,0.132523665375762,0.345375,0.094,FALSE,0,99,"raw","std"
"C-PCA","Centers-Euclidean",0.911950207138305,0.127643244104525,0.91597995877874,0.132404658669439,0.345375,0.094125,FALSE,0,99,"raw","std"
"V-PCA","Int-Euclidean",0.912442558954748,0.127704748247291,0.916072984366867,0.133383027061229,0.3455,0.1015,FALSE,0,99,"raw","std"
"V-PCA","Hausdorff",0.911629063097514,0.126950286806883,0.915394032547446,0.132552826947987,0.343125,0.087625,FALSE,0,99,"raw","std"
"V-PCA","Ichino-Yaguchi",0.911966857871256,0.127663161249203,0.916012041071647,0.132380015348578,0.345375,0.094,FALSE,0,99,"raw","std"
"V-PCA","Wasserstein",0.911955943275972,0.127619662205226,0.915857971749542,0.132637591714873,0.3455,0.094,FALSE,0,99,"raw","std"
"V-PCA","Centers-Euclidean",0.91195419056724,0.127639738687062,0.915945277339771,0.132475276711975,0.345375,0.094125,FALSE,0,99,"raw","std"
"MR-PCA","Int-Euclidean",0.909618467176546,0.132707616316125,0.910958268272049,0.142987363396893,0.344625,0.112375,FALSE,0,99,"raw","std"
"MR-PCA","Hausdorff",0.909949490121096,0.130011472275335,0.910892516604595,0.140863324431602,0.341125,0.102375,FALSE,0,99,"raw","std"
"MR-PCA","Ichino-Yaguchi",0.909356118546845,0.131711281070746,0.910212187537371,0.142697116499235,0.340625,0.10275,FALSE,0,99,"raw","std"
"MR-PCA","Wasserstein",0.909445506692161,0.131686743148502,0.911164077308586,0.14110906565769,0.342625,0.1005,FALSE,0,99,"raw","std"
"MR-PCA","Centers-Euclidean",0.909500557680051,0.131595124282983,0.911292715046843,0.140873062726158,0.34125,0.101125,FALSE,0,99,"raw","std"
"SPCA","Int-Euclidean",0.912215264499681,0.127270873167623,0.914295854365764,0.136118160589759,0.34425,0.108625,FALSE,0,99,"raw","std"
"SPCA","Hausdorff",0.911861217335883,0.126096239643085,0.913611942449744,0.135640112407816,0.341125,0.09825,FALSE,0,99,"raw","std"
"SPCA","Ichino-Yaguchi",0.911955704270236,0.126960484384959,0.914131897583687,0.135445909272284,0.343,0.101125,FALSE,0,99,"raw","std"
"SPCA","Wasserstein",0.911996016571064,0.12681931166348,0.914261554103608,0.135129241223785,0.343,0.100125,FALSE,0,99,"raw","std"
"SPCA","Centers-Euclidean",0.911943514977693,0.126937699171447,0.914254888467345,0.135163604073574,0.343,0.100875,FALSE,0,99,"raw","std"
"IMDS","Int-Euclidean",0.57958604206501,-0.0615799872530275,0.581626762945426,-0.0690250192305035,0.042625,-0.007375,TRUE,0,99,"raw","std"
"IMDS","Hausdorff",0.628496494582537,-0.0198505417463353,0.633819704284415,-0.0270520013456661,0.05525,-5e-04,TRUE,0,99,"raw","std"
"IMDS","Ichino-Yaguchi",0.630665630975143,-0.0142831421287444,0.637614795208999,-0.019322442914534,0.05575,-0.000874999999999997,TRUE,0,99,"raw","std"
"IMDS","Wasserstein",0.623543100701083,-0.0400428616953473,0.62876277032953,-0.0433894935259438,0.0575,0.001375,TRUE,0,99,"raw","std"
"IMDS","Centers-Euclidean",0.616967017208413,-0.0592804333970682,0.620733366702031,-0.0618989275614357,0.05575,-0.002625,TRUE,0,99,"raw","std"
"Int-UMAP","Int-Euclidean",0.89855011153601,0.0321387826641173,0.938721348085164,0.022130661739154,0.55375,-0.0255,FALSE,0,99,"raw","std"
"Int-UMAP","Hausdorff",0.897256771829191,0.0326247609942639,0.937883850595067,0.0213713871688485,0.549125,-0.035125,FALSE,0,99,"raw","std"
"Int-UMAP","Ichino-Yaguchi",0.898221478648821,0.0325780752071383,0.939135167174447,0.0212542960492724,0.55275,-0.029375,FALSE,0,99,"raw","std"
"Int-UMAP","Wasserstein",0.897945905035054,0.0328771510516251,0.938620421421408,0.0219718414079271,0.552625,-0.028875,FALSE,0,99,"raw","std"
"Int-UMAP","Centers-Euclidean",0.897811822817081,0.0333400254939451,0.93859205109761,0.0221863562030038,0.552125,-0.027375,FALSE,0,99,"raw","std"
"C-PCA","Int-Euclidean",0.912022864882091,0.129983588272785,0.913210232947973,0.139394988485581,0.352125,0.091875,FALSE,0,100,"raw","std"
"C-PCA","Hausdorff",0.911038320586361,0.12935643722116,0.912630303614209,0.138349051252512,0.3475,0.0785,FALSE,0,100,"raw","std"
"C-PCA","Ichino-Yaguchi",0.911667304015296,0.129241555130656,0.913368634891,0.13795390854759,0.34875,0.0845,FALSE,0,100,"raw","std"
"C-PCA","Wasserstein",0.911647307202039,0.129289834289356,0.913406334290721,0.137854058135232,0.348625,0.08375,FALSE,0,100,"raw","std"
"C-PCA","Centers-Euclidean",0.911659416826004,0.129226736775016,0.91333733680941,0.137976082695686,0.348625,0.08375,FALSE,0,100,"raw","std"
"V-PCA","Int-Euclidean",0.912027804333971,0.129980401529637,0.913148298912907,0.139523880626042,0.352125,0.092,FALSE,0,100,"raw","std"
"V-PCA","Hausdorff",0.91110707456979,0.129220522625876,0.912686221772871,0.138241003459529,0.34725,0.078125,FALSE,0,100,"raw","std"
"V-PCA","Ichino-Yaguchi",0.911645235818993,0.129291108986616,0.913366104090207,0.137960147692314,0.34875,0.084375,FALSE,0,100,"raw","std"
"V-PCA","Wasserstein",0.911661089866157,0.129269279796048,0.913408263418575,0.137854463941932,0.34875,0.083625,FALSE,0,100,"raw","std"
"V-PCA","Centers-Euclidean",0.911633524537922,0.129283620140217,0.913419454556559,0.13781384574074,0.348625,0.083375,FALSE,0,100,"raw","std"
"MR-PCA","Int-Euclidean",0.910746335245379,0.131364563416189,0.913221078414564,0.138746903884673,0.347375,0.093375,FALSE,0,100,"raw","std"
"MR-PCA","Hausdorff",0.910037683237731,0.130283142128744,0.912642240259402,0.137649039600763,0.340625,0.08675,FALSE,0,100,"raw","std"
"MR-PCA","Ichino-Yaguchi",0.910238368387508,0.130488527724665,0.913223795698782,0.137123899502557,0.34175,0.082125,FALSE,0,100,"raw","std"
"MR-PCA","Wasserstein",0.910220442957298,0.13059034416826,0.913022978212594,0.137565587148343,0.342,0.082625,FALSE,0,100,"raw","std"
"MR-PCA","Centers-Euclidean",0.910204110898662,0.130579987253027,0.91326461040595,0.137070759723026,0.342,0.082,FALSE,0,100,"raw","std"
"SPCA","Int-Euclidean",0.911254859783301,0.129836679413639,0.913225710859038,0.138266010151181,0.346625,0.095625,FALSE,0,100,"raw","std"
"SPCA","Hausdorff",0.910301704907584,0.129382887189293,0.912609186205524,0.137453130925567,0.34,0.0805,FALSE,0,100,"raw","std"
"SPCA","Ichino-Yaguchi",0.910610739324411,0.129738049713193,0.913329402360818,0.136947465284015,0.34275,0.088625,FALSE,0,100,"raw","std"
"SPCA","Wasserstein",0.910651210962397,0.129678776290631,0.913386609590157,0.136823604890732,0.342625,0.087375,FALSE,0,100,"raw","std"
"SPCA","Centers-Euclidean",0.910599984066284,0.129730879541109,0.913455004972038,0.136656090102991,0.3425,0.087625,FALSE,0,100,"raw","std"
"IMDS","Int-Euclidean",0.588153760356915,-0.0762023581899298,0.594709935853966,-0.0897651281240293,0.039625,-0.002625,TRUE,0,100,"raw","std"
"IMDS","Hausdorff",0.627824171446781,-0.0131419694072656,0.639290837652413,-0.0259093496925252,0.052,-0.002375,TRUE,0,100,"raw","std"
"IMDS","Ichino-Yaguchi",0.633596637985978,-0.0155877947737412,0.642228356876519,-0.0281836761728219,0.053375,-0.000375,TRUE,0,100,"raw","std"
"IMDS","Wasserstein",0.62540965583174,-0.0343416188655195,0.635267465105742,-0.0457266019064854,0.053125,-0.002125,TRUE,0,100,"raw","std"
"IMDS","Centers-Euclidean",0.618735579987253,-0.0699412045889101,0.628938513738401,-0.0839164193442232,0.051125,-0.0045,TRUE,0,100,"raw","std"
"Int-UMAP","Int-Euclidean",0.795435946462715,-0.00257552581261955,0.867229607562957,0.00257190562049317,0.45775,-0.021625,FALSE,0,100,"raw","std"
"Int-UMAP","Hausdorff",0.792505656469089,-0.00259703632887187,0.86544750989503,-0.00458328322057749,0.455625,-0.03825,FALSE,0,100,"raw","std"
"Int-UMAP","Ichino-Yaguchi",0.796043021032505,-0.00373295092415549,0.8697548755873,-0.00183344639624031,0.45825,-0.033375,FALSE,0,100,"raw","std"
"Int-UMAP","Wasserstein",0.794890933715743,-0.00389882090503513,0.868404261328596,-0.00209999038688072,0.457625,-0.0325,FALSE,0,100,"raw","std"
"Int-UMAP","Centers-Euclidean",0.79423637667304,-0.00251577437858508,0.867909999644306,-0.000676720735558023,0.4555,-0.03325,FALSE,0,100,"raw","std"
