"Method","Metric","Q_TC","B_TC","Q_RE","B_RE","Q_LC","B_LC","tie_affected","tie_spread","rep"
"C-PCA","Int-Euclidean",0.93288107791447,0.0508447568834212,0.927141549159229,0.058435237078941,0.349333333333333,0.0573333333333333,FALSE,0,1
"C-PCA","Hausdorff",0.946654364381957,0.0330978324545986,0.937736535866769,0.0425467485169661,0.356666666666667,0.0623333333333334,FALSE,0,1
"C-PCA","Ichino-Yaguchi",0.923912712360867,0.0647978910369069,0.917377016916128,0.0766947161606444,0.342333333333333,0.0713333333333333,FALSE,0,1
"C-PCA","Wasserstein",0.918877562975981,0.0630392501464557,0.913679799313554,0.0769389268362778,0.328,0.073,FALSE,0,1
"C-PCA","Centers-Euclidean",0.834595196250732,0.143400117164616,0.834302520033105,0.158415359412255,0.206,0.047,FALSE,0,1
"V-PCA","Int-Euclidean",0.931865846514353,0.0525635618043351,0.927143703033678,0.05805750614499,0.346666666666667,0.057,FALSE,0,1
"V-PCA","Hausdorff",0.946931458699473,0.0323772700644406,0.937555725552489,0.0430642801799184,0.356666666666667,0.0656666666666667,FALSE,0,1
"V-PCA","Ichino-Yaguchi",0.923791446983011,0.0646514352665496,0.916776010720553,0.0775461705171586,0.340333333333333,0.075,FALSE,0,1
"V-PCA","Wasserstein",0.91873345049795,0.063079086115993,0.912896832944853,0.0781535984210857,0.325333333333333,0.0703333333333333,FALSE,0,1
"V-PCA","Centers-Euclidean",0.835171060339777,0.142171060339777,0.835799802819933,0.154946204567718,0.206666666666667,0.0486666666666667,FALSE,0,1
"MR-PCA","Int-Euclidean",0.735240187463386,0.224338605741066,0.742354221616947,0.249991505782378,0.136333333333333,0.027,FALSE,0,1
"MR-PCA","Hausdorff",0.739540714704159,0.207212653778559,0.756824726969932,0.21522677780229,0.135333333333333,0.0263333333333333,FALSE,0,1
"MR-PCA","Ichino-Yaguchi",0.711557703573521,0.260146455770357,0.723986169915363,0.27798603527902,0.129666666666667,0.0243333333333333,FALSE,0,1
"MR-PCA","Wasserstein",0.740836555360281,0.231093145869947,0.750188563034141,0.244583847046974,0.148666666666667,0.0323333333333333,FALSE,0,1
"MR-PCA","Centers-Euclidean",0.834595196250732,0.143400117164616,0.834302520033105,0.158415359412255,0.206,0.047,FALSE,0,1
"SPCA","Int-Euclidean",0.93288107791447,0.0508447568834212,0.927141549159229,0.058435237078941,0.349333333333333,0.0573333333333333,FALSE,0,1
"SPCA","Hausdorff",0.946654364381957,0.0330978324545986,0.937736535866769,0.0425467485169661,0.356666666666667,0.0623333333333334,FALSE,0,1
"SPCA","Ichino-Yaguchi",0.923912712360867,0.0647978910369069,0.917377016916128,0.0766947161606444,0.342333333333333,0.0713333333333333,FALSE,0,1
"SPCA","Wasserstein",0.918877562975981,0.0630392501464557,0.913679799313554,0.0769389268362778,0.328,0.073,FALSE,0,1
"SPCA","Centers-Euclidean",0.834595196250732,0.143400117164616,0.834302520033105,0.158415359412255,0.206,0.047,FALSE,0,1
"IMDS","Int-Euclidean",0.573021089630932,-0.0401980082015231,0.560341501169126,-0.0361288121313332,0.045,-0.00133333333333333,TRUE,0,1
"IMDS","Hausdorff",0.607840656121851,-0.0744253075571177,0.610110500821097,-0.0946675426472515,0.0646666666666667,-0.00266666666666666,TRUE,0,1
"IMDS","Ichino-Yaguchi",0.594813122437024,-0.0672618629173989,0.598300283718843,-0.0847153930483126,0.0613333333333333,-0.00866666666666667,TRUE,0,1
"IMDS","Wasserstein",0.588415934387815,-0.0756367896895138,0.592325130495162,-0.091129370173644,0.0563333333333333,-0.00266666666666667,TRUE,0,1
"IMDS","Centers-Euclidean",0.511109548916227,-0.00274868189806665,0.500676117769495,-0.00687672853030075,0.0313333333333333,-0.00233333333333333,FALSE,0,1
"Int-UMAP","Int-Euclidean",0.777503807850029,-0.0960527240773287,0.777131124437602,-0.0989882577765537,0.167333333333333,0.004,FALSE,0,1
"Int-UMAP","Hausdorff",0.90290158172232,-0.00934856473345047,0.903369252221768,-0.00514824198249789,0.285333333333333,0.018,FALSE,0,1
"Int-UMAP","Ichino-Yaguchi",0.874869947275923,0.0236801405975395,0.88081293562034,0.0256186447846532,0.291666666666667,0.0153333333333333,FALSE,0,1
"Int-UMAP","Wasserstein",0.857821323960164,0.00907205623901575,0.866098635628768,0.0174674781077775,0.259,0.0123333333333333,FALSE,0,1
"Int-UMAP","Centers-Euclidean",0.610858816637376,-0.0976988869361453,0.61882869068229,-0.111347800369152,0.124666666666667,-0.00366666666666667,FALSE,0,1
"C-PCA","Int-Euclidean",0.938250732278852,0.0485483304042179,0.93127642084711,0.0569886056510726,0.356,0.063,FALSE,0,2
"C-PCA","Hausdorff",0.950895723491506,0.0325916813122437,0.942108904067844,0.0422162892166729,0.378666666666667,0.0916666666666667,FALSE,0,2
"C-PCA","Ichino-Yaguchi",0.933039250146456,0.0561405975395431,0.926029205800631,0.0678539841994964,0.373333333333333,0.085,FALSE,0,2
"C-PCA","Wasserstein",0.929138254247217,0.0572782659636789,0.922746796322847,0.0704611333125468,0.355333333333333,0.0876666666666667,FALSE,0,2
"C-PCA","Centers-Euclidean",0.83970474516696,0.14184417106034,0.84151105192434,0.151688861705755,0.220333333333333,0.046,FALSE,0,2
"V-PCA","Int-Euclidean",0.93833216168717,0.0482917398945518,0.931307657399787,0.0567187342402941,0.355,0.0633333333333333,FALSE,0,2
"V-PCA","Hausdorff",0.951273579379027,0.0319461042765085,0.942248347864694,0.0420935183731017,0.38,0.0926666666666667,FALSE,0,2
"V-PCA","Ichino-Yaguchi",0.933352079671939,0.0555008787346222,0.926148738924165,0.0675209457765562,0.373333333333333,0.0843333333333333,FALSE,0,2
"V-PCA","Wasserstein",0.929197422378442,0.0570732278851787,0.922933669110539,0.0699376174709768,0.354,0.084,FALSE,0,2
"V-PCA","Centers-Euclidean",0.83984417106034,0.141591095489162,0.840741886932184,0.153248641393414,0.219333333333333,0.0443333333333333,FALSE,0,2
"MR-PCA","Int-Euclidean",0.742374926772115,0.222094903339191,0.746361883453439,0.253774495332479,0.142,0.028,FALSE,0,2
"MR-PCA","Hausdorff",0.751052724077329,0.209812536613943,0.764133833130458,0.223780987659666,0.146666666666667,0.022,FALSE,0,2
"MR-PCA","Ichino-Yaguchi",0.725088459285296,0.261391915641476,0.732109781430102,0.287364327018628,0.138333333333333,0.0206666666666667,FALSE,0,2
"MR-PCA","Wasserstein",0.752522554188635,0.231896895137669,0.757195853507676,0.255859138760329,0.158,0.0193333333333333,FALSE,0,2
"MR-PCA","Centers-Euclidean",0.83970474516696,0.14184417106034,0.84151105192434,0.151688861705755,0.220333333333333,0.046,FALSE,0,2
"SPCA","Int-Euclidean",0.938250732278852,0.0485483304042179,0.93127642084711,0.0569886056510726,0.356,0.063,FALSE,0,2
"SPCA","Hausdorff",0.950895723491506,0.0325916813122437,0.942108904067844,0.0422162892166729,0.378666666666667,0.0916666666666667,FALSE,0,2
"SPCA","Ichino-Yaguchi",0.933039250146456,0.0561405975395431,0.926029205800631,0.0678539841994964,0.373333333333333,0.085,FALSE,0,2
"SPCA","Wasserstein",0.929138254247217,0.0572782659636789,0.922746796322847,0.0704611333125468,0.355333333333333,0.0876666666666667,FALSE,0,2
"SPCA","Centers-Euclidean",0.83970474516696,0.14184417106034,0.84151105192434,0.151688861705755,0.220333333333333,0.046,FALSE,0,2
"IMDS","Int-Euclidean",0.511504979496192,-0.0460046865846514,0.494810985619395,-0.0317351784499565,0.0356666666666667,0.002,FALSE,0,2
"IMDS","Hausdorff",0.591366725248975,-0.100973637961336,0.59217088821453,-0.116562488534034,0.063,-0.000333333333333335,TRUE,0,2
"IMDS","Ichino-Yaguchi",0.579210310486233,-0.0807896895137667,0.580654632756731,-0.0923435781304524,0.0613333333333333,-0.00333333333333333,FALSE,0,2
"IMDS","Wasserstein",0.574132396016403,-0.0910861159929701,0.577966548318711,-0.102747037347999,0.0586666666666667,0.000666666666666666,FALSE,0,2
"IMDS","Centers-Euclidean",0.51116813122437,-0.00911540714704162,0.505034739860939,-0.00581963212806941,0.0373333333333333,0.00366666666666667,FALSE,0,2
"Int-UMAP","Int-Euclidean",0.781743995313415,-0.0977867603983597,0.786605001072332,-0.0893520706593634,0.173,0.00266666666666668,FALSE,0,2
"Int-UMAP","Hausdorff",0.902572349150557,-0.00384417106033985,0.903375134310115,0.00110537665706713,0.291333333333333,0.00633333333333333,FALSE,0,2
"Int-UMAP","Ichino-Yaguchi",0.871958406561218,0.0251142355008788,0.879933977530622,0.0316425280744408,0.298666666666667,0.0106666666666667,FALSE,0,2
"Int-UMAP","Wasserstein",0.852158172231986,0.0111353251318101,0.864465932015862,0.0196141786039362,0.272,0.00833333333333333,FALSE,0,2
"Int-UMAP","Centers-Euclidean",0.601982425307557,-0.0833930872876392,0.612676092285307,-0.0956875795133533,0.120666666666667,-0.013,FALSE,0,2
"C-PCA","Int-Euclidean",0.934613356766257,0.0522331575864089,0.92710563871435,0.0631088391292206,0.373,0.0763333333333333,FALSE,0,3
"C-PCA","Hausdorff",0.949100175746924,0.032241359109549,0.941533628458653,0.0390930530563908,0.384333333333333,0.0603333333333333,FALSE,0,3
"C-PCA","Ichino-Yaguchi",0.926312243702402,0.0591435266549502,0.922410943125279,0.0677359509585969,0.361,0.0606666666666666,FALSE,0,3
"C-PCA","Wasserstein",0.923294669009959,0.0574364381956649,0.918923131091738,0.0686072154333471,0.343,0.0663333333333333,FALSE,0,3
"C-PCA","Centers-Euclidean",0.841231400117165,0.136787346221441,0.838968443820338,0.15377494514375,0.224,0.04,FALSE,0,3
"V-PCA","Int-Euclidean",0.934125951962507,0.0532173403632102,0.926373152530695,0.0645748554271265,0.370666666666667,0.074,FALSE,0,3
"V-PCA","Hausdorff",0.948956063268893,0.0326654950205039,0.941075060452025,0.0401942831597261,0.381333333333333,0.0553333333333333,FALSE,0,3
"V-PCA","Ichino-Yaguchi",0.926568834212068,0.0588318687756297,0.921189131362239,0.0701774252158058,0.362,0.061,FALSE,0,3
"V-PCA","Wasserstein",0.923333333333333,0.0572794376098418,0.918158754363592,0.070066261959338,0.342333333333333,0.0676666666666667,FALSE,0,3
"V-PCA","Centers-Euclidean",0.840555360281195,0.138291739894552,0.838308561474386,0.154919915939024,0.225333333333333,0.039,FALSE,0,3
"MR-PCA","Int-Euclidean",0.737714118336262,0.223329818394845,0.742147162588966,0.253463646575455,0.146666666666667,0.026,FALSE,0,3
"MR-PCA","Hausdorff",0.752144112478032,0.200777973052138,0.769014032115911,0.207501393570585,0.165333333333333,0.0356666666666667,FALSE,0,3
"MR-PCA","Ichino-Yaguchi",0.720019332161687,0.262206209724663,0.729415417288995,0.281022545369915,0.151333333333333,0.038,FALSE,0,3
"MR-PCA","Wasserstein",0.748770943175161,0.234458113649678,0.752349613738004,0.255778806765837,0.166333333333333,0.037,FALSE,0,3
"MR-PCA","Centers-Euclidean",0.841231400117165,0.136787346221441,0.838968443820338,0.15377494514375,0.224,0.04,FALSE,0,3
"SPCA","Int-Euclidean",0.934613356766257,0.0522331575864089,0.92710563871435,0.0631088391292206,0.373,0.0763333333333333,FALSE,0,3
"SPCA","Hausdorff",0.949100175746924,0.032241359109549,0.941533628458653,0.0390930530563908,0.384333333333333,0.0603333333333333,FALSE,0,3
"SPCA","Ichino-Yaguchi",0.926312243702402,0.0591435266549502,0.922410943125279,0.0677359509585969,0.361,0.0606666666666666,FALSE,0,3
"SPCA","Wasserstein",0.923294669009959,0.0574364381956649,0.918923131091738,0.0686072154333471,0.343,0.0663333333333333,FALSE,0,3
"SPCA","Centers-Euclidean",0.841231400117165,0.136787346221441,0.838968443820338,0.15377494514375,0.224,0.04,FALSE,0,3
"IMDS","Int-Euclidean",0.517517867603984,-0.0775547744581137,0.502090208499038,-0.0659576259360257,0.034,0.00133333333333333,TRUE,0,3
"IMDS","Hausdorff",0.585106033977739,-0.107693028705331,0.589978127351243,-0.122642708766545,0.0553333333333333,0.00133333333333333,TRUE,0,3
"IMDS","Ichino-Yaguchi",0.567551845342706,-0.0837715289982425,0.575312136783156,-0.098946681705408,0.0566666666666667,-0.000999999999999997,FALSE,0,3
"IMDS","Wasserstein",0.562031634446397,-0.0844405389572349,0.570987846959161,-0.0957645494372523,0.053,0.00333333333333333,FALSE,0,3
"IMDS","Centers-Euclidean",0.49965553602812,-0.00461628588166385,0.499502160245496,-0.0079800203965617,0.0376666666666667,0.003,FALSE,0,3
"Int-UMAP","Int-Euclidean",0.765707088459285,-0.105534856473345,0.773837394453627,-0.0971991541705872,0.157333333333333,-0.00133333333333333,FALSE,0,3
"Int-UMAP","Hausdorff",0.897288810779145,-0.00124897480960751,0.898201847204484,0.00609287789097772,0.26,0.00833333333333333,FALSE,0,3
"Int-UMAP","Ichino-Yaguchi",0.860701230228471,0.0333181019332163,0.869445437201971,0.041267084576647,0.256666666666667,0.0153333333333333,FALSE,0,3
"Int-UMAP","Wasserstein",0.845132981839484,0.0116321031048623,0.855405978467703,0.0218287591518555,0.235333333333333,0.0186666666666667,FALSE,0,3
"Int-UMAP","Centers-Euclidean",0.576084358523726,-0.075575864089045,0.59171850319389,-0.0737876642098989,0.101333333333333,0.001,FALSE,0,3
"C-PCA","Int-Euclidean",0.918959578207381,0.0640632688927943,0.914410022624125,0.0725104780695513,0.305333333333333,0.0483333333333333,FALSE,0,4
"C-PCA","Hausdorff",0.942033977738723,0.0334247217340363,0.933939942979897,0.041428646652982,0.335666666666667,0.0513333333333333,FALSE,0,4
"C-PCA","Ichino-Yaguchi",0.917425307557118,0.0682261277094317,0.913448700713235,0.0762758866002758,0.33,0.047,FALSE,0,4
"C-PCA","Wasserstein",0.911915641476274,0.063219683655536,0.908674267248996,0.0740907280080284,0.313333333333333,0.055,FALSE,0,4
"C-PCA","Centers-Euclidean",0.820990041007616,0.146249560632689,0.822768012677002,0.168837053640992,0.202333333333333,0.057,FALSE,0,4
"V-PCA","Int-Euclidean",0.919615700058582,0.0627346221441125,0.913488239584528,0.0742767625808605,0.309666666666667,0.0536666666666667,FALSE,0,4
"V-PCA","Hausdorff",0.94208611599297,0.0332735793790275,0.933903736242952,0.0415448223114988,0.336333333333333,0.05,FALSE,0,4
"V-PCA","Ichino-Yaguchi",0.917023432923257,0.0690415934387816,0.913303798541046,0.076403820294717,0.328666666666667,0.0506666666666667,FALSE,0,4
"V-PCA","Wasserstein",0.911591095489162,0.0637469244288225,0.908701097032888,0.0738798187183818,0.312333333333333,0.0563333333333333,FALSE,0,4
"V-PCA","Centers-Euclidean",0.821240773286467,0.1457129466901,0.823321906898892,0.16777465161503,0.203,0.059,FALSE,0,4
"MR-PCA","Int-Euclidean",0.722341534856473,0.212950205038078,0.72975649167473,0.244244829050992,0.132333333333333,0.028,FALSE,0,4
"MR-PCA","Hausdorff",0.730565905096661,0.197867603983597,0.750461571609878,0.20611292442879,0.139333333333333,0.018,FALSE,0,4
"MR-PCA","Ichino-Yaguchi",0.706957820738137,0.252055067369654,0.716014424971557,0.275647623069822,0.133666666666667,0.0233333333333333,FALSE,0,4
"MR-PCA","Wasserstein",0.73410661980082,0.227472759226714,0.740315156505921,0.249177221495821,0.145666666666667,0.035,FALSE,0,4
"MR-PCA","Centers-Euclidean",0.820990041007616,0.146249560632689,0.822768012677002,0.168837053640992,0.202333333333333,0.057,FALSE,0,4
"SPCA","Int-Euclidean",0.918959578207381,0.0640632688927943,0.914410022624125,0.0725104780695513,0.305333333333333,0.0483333333333333,FALSE,0,4
"SPCA","Hausdorff",0.942033977738723,0.0334247217340363,0.933939942979897,0.041428646652982,0.335666666666667,0.0513333333333333,FALSE,0,4
"SPCA","Ichino-Yaguchi",0.917425307557118,0.0682261277094317,0.913448700713235,0.0762758866002758,0.33,0.047,FALSE,0,4
"SPCA","Wasserstein",0.911915641476274,0.063219683655536,0.908674267248996,0.0740907280080284,0.313333333333333,0.055,FALSE,0,4
"SPCA","Centers-Euclidean",0.820990041007616,0.146249560632689,0.822768012677002,0.168837053640992,0.202333333333333,0.057,FALSE,0,4
"IMDS","Int-Euclidean",0.506558875219684,-0.0661862917398945,0.494767561944615,-0.0609485706057085,0.0263333333333333,-0.00333333333333333,TRUE,0,4
"IMDS","Hausdorff",0.578091974223784,-0.0941101347393087,0.581642994772825,-0.124153437532959,0.0523333333333333,-0.00533333333333333,TRUE,0,4
"IMDS","Ichino-Yaguchi",0.567401288810779,-0.0659402460456943,0.574320036574415,-0.0933025895773049,0.0543333333333333,-0.00466666666666667,FALSE,0,4
"IMDS","Wasserstein",0.558103104862332,-0.0791728178090217,0.566645299096094,-0.107534082414943,0.0496666666666667,-0.00666666666666666,FALSE,0,4
"IMDS","Centers-Euclidean",0.504792032806093,-0.00719859402460465,0.503134249628061,-0.0256211425421216,0.036,-0.002,FALSE,0,4
"Int-UMAP","Int-Euclidean",0.796636789689514,-0.0759074399531341,0.791044385012043,-0.0587371725109125,0.172333333333333,0.0146666666666667,FALSE,0,4
"Int-UMAP","Hausdorff",0.905906268306971,-0.00599414176918578,0.905943361699077,-0.000503476979718434,0.286666666666667,-0.000333333333333338,FALSE,0,4
"Int-UMAP","Ichino-Yaguchi",0.876140597539543,0.0323772700644406,0.881276829208196,0.034536369697581,0.293,0,FALSE,0,4
"Int-UMAP","Wasserstein",0.860847685998828,0.00847685998828351,0.868230145399574,0.0134753339925448,0.272333333333333,0.014,FALSE,0,4
"Int-UMAP","Centers-Euclidean",0.610314001171646,-0.118924428822496,0.610630782013014,-0.126923287834847,0.122333333333333,-0.009,FALSE,0,4
"C-PCA","Int-Euclidean",0.931771528998243,0.0500714704159344,0.924198108551281,0.0611887759652789,0.345333333333333,0.047,FALSE,0,5
"C-PCA","Hausdorff",0.947342706502636,0.0320515524311658,0.937683293103626,0.0416191992960223,0.346666666666667,0.0526666666666667,FALSE,0,5
"C-PCA","Ichino-Yaguchi",0.92694258933802,0.0594973637961336,0.919755783183598,0.0709744708308137,0.342,0.0556666666666667,FALSE,0,5
"C-PCA","Wasserstein",0.92090978324546,0.058721734036321,0.915037172372745,0.0715076276784688,0.322666666666667,0.0583333333333333,FALSE,0,5
"C-PCA","Centers-Euclidean",0.83509021675454,0.138185120093732,0.830690545504397,0.161144210875208,0.202333333333333,0.044,FALSE,0,5
"V-PCA","Int-Euclidean",0.931664323374341,0.0502694786174575,0.925267998476475,0.0588924495109876,0.344666666666667,0.0443333333333333,FALSE,0,5
"V-PCA","Hausdorff",0.947551259519625,0.0317422378441711,0.938058373528499,0.0409116615184001,0.349,0.0556666666666667,FALSE,0,5
"V-PCA","Ichino-Yaguchi",0.92679086115993,0.0599390743995314,0.919279800725931,0.0720726873521514,0.343333333333333,0.0593333333333333,FALSE,0,5
"V-PCA","Wasserstein",0.920915055653193,0.0589009958992384,0.914587223701891,0.0725832523135728,0.325333333333333,0.0606666666666666,FALSE,0,5
"V-PCA","Centers-Euclidean",0.836501464557704,0.135214997070884,0.830807563215755,0.161024295488854,0.205,0.046,FALSE,0,5
"MR-PCA","Int-Euclidean",0.735769771528998,0.222222612770943,0.739978109696534,0.254095854014289,0.133333333333333,0.023,FALSE,0,5
"MR-PCA","Hausdorff",0.743270064440539,0.20679086115993,0.761164497670576,0.208685930870609,0.134,0.0253333333333333,FALSE,0,5
"MR-PCA","Ichino-Yaguchi",0.707890451083773,0.271021675454013,0.715461600778527,0.292258198424494,0.124,0.02,FALSE,0,5
"MR-PCA","Wasserstein",0.738565319273579,0.236980667838313,0.739830542430943,0.259205584168977,0.136,0.0236666666666667,FALSE,0,5
"MR-PCA","Centers-Euclidean",0.83509021675454,0.138185120093732,0.830690545504397,0.161144210875208,0.202333333333333,0.044,FALSE,0,5
"SPCA","Int-Euclidean",0.931771528998243,0.0500714704159344,0.924198108551281,0.0611887759652789,0.345333333333333,0.047,FALSE,0,5
"SPCA","Hausdorff",0.947342706502636,0.0320515524311658,0.937683293103626,0.0416191992960223,0.346666666666667,0.0526666666666667,FALSE,0,5
"SPCA","Ichino-Yaguchi",0.92694258933802,0.0594973637961336,0.919755783183598,0.0709744708308137,0.342,0.0556666666666667,FALSE,0,5
"SPCA","Wasserstein",0.92090978324546,0.058721734036321,0.915037172372745,0.0715076276784688,0.322666666666667,0.0583333333333333,FALSE,0,5
"SPCA","Centers-Euclidean",0.83509021675454,0.138185120093732,0.830690545504397,0.161144210875208,0.202333333333333,0.044,FALSE,0,5
"IMDS","Int-Euclidean",0.526528412419449,-0.0307721148213239,0.510027553626945,-0.0213112167425589,0.0286666666666667,-0.003,FALSE,0,5
"IMDS","Hausdorff",0.582123608670182,-0.11202460456942,0.585742583909376,-0.134250794807305,0.0476666666666667,-0.00233333333333334,TRUE,0,5
"IMDS","Ichino-Yaguchi",0.573490333919156,-0.0925530169888694,0.575427174096766,-0.106973827892382,0.0496666666666667,0.002,FALSE,0,5
"IMDS","Wasserstein",0.567780316344464,-0.103169302870533,0.569921297611871,-0.11434836086777,0.045,0.007,FALSE,0,5
"IMDS","Centers-Euclidean",0.502896895137668,-0.00798476859988284,0.491029685548147,-0.00460226321082646,0.0296666666666667,-0.000666666666666666,FALSE,0,5
"Int-UMAP","Int-Euclidean",0.773486233157586,-0.0897211482132396,0.778772066658653,-0.0764883080540934,0.162333333333333,0.012,FALSE,0,5
"Int-UMAP","Hausdorff",0.887476859988284,-0.0128986526069127,0.886496828369981,-0.00266161158627864,0.244666666666667,0.022,FALSE,0,5
"Int-UMAP","Ichino-Yaguchi",0.854217926186292,0.021518453427065,0.858614605847884,0.0336507956977164,0.251,0.0236666666666667,FALSE,0,5
"Int-UMAP","Wasserstein",0.838436438195665,0.0105623901581723,0.846288184256206,0.0238210945520179,0.239,0.0156666666666667,FALSE,0,5
"Int-UMAP","Centers-Euclidean",0.587115407147042,-0.0785448154657293,0.593281681796752,-0.0792284063340182,0.101333333333333,0.000666666666666663,FALSE,0,5
"C-PCA","Int-Euclidean",0.939374340949033,0.0472595196250731,0.932699616033116,0.0549398734356969,0.35,0.0526666666666667,FALSE,0,6
"C-PCA","Hausdorff",0.951848857644991,0.0315313415348565,0.942220731294875,0.0414502084253489,0.367,0.066,FALSE,0,6
"C-PCA","Ichino-Yaguchi",0.934062097246631,0.0584885764499121,0.92513359701792,0.0711497820871642,0.373666666666667,0.0703333333333333,FALSE,0,6
"C-PCA","Wasserstein",0.929268306971295,0.0583936731107205,0.921348014528444,0.0730509884871342,0.361,0.071,FALSE,0,6
"C-PCA","Centers-Euclidean",0.8506719390744,0.129859402460457,0.847593027648962,0.146076136621653,0.221333333333333,0.0353333333333333,FALSE,0,6
"V-PCA","Int-Euclidean",0.939501464557704,0.0468037492677211,0.932772757188038,0.0547283976601831,0.352,0.057,FALSE,0,6
"V-PCA","Hausdorff",0.951944932630346,0.0311540714704159,0.941879341427173,0.0415830363120511,0.371333333333333,0.0716666666666667,FALSE,0,6
"V-PCA","Ichino-Yaguchi",0.933803749267721,0.0583866432337434,0.925174899057285,0.0707269241828518,0.374333333333333,0.0676666666666667,FALSE,0,6
"V-PCA","Wasserstein",0.929109548916227,0.0580410076157001,0.921284571949309,0.0726847853102999,0.361,0.0696666666666667,FALSE,0,6
"V-PCA","Centers-Euclidean",0.850401288810779,0.130421792618629,0.848188215466661,0.144950932959238,0.220333333333333,0.0323333333333333,FALSE,0,6
"MR-PCA","Int-Euclidean",0.740943175161101,0.223439953134153,0.748555936180838,0.245874036264,0.141666666666667,0.036,FALSE,0,6
"MR-PCA","Hausdorff",0.749687756297598,0.219734036321031,0.763889159594421,0.232207194738958,0.145333333333333,0.035,FALSE,0,6
"MR-PCA","Ichino-Yaguchi",0.722553602811951,0.27697129466901,0.730187874500506,0.294414122354499,0.137333333333333,0.033,FALSE,0,6
"MR-PCA","Wasserstein",0.751971880492091,0.240154657293497,0.756793571782433,0.25744221959295,0.15,0.0306666666666667,FALSE,0,6
"MR-PCA","Centers-Euclidean",0.8506719390744,0.129859402460457,0.847593027648962,0.146076136621653,0.221333333333333,0.0353333333333333,FALSE,0,6
"SPCA","Int-Euclidean",0.939374340949033,0.0472595196250731,0.932699616033116,0.0549398734356969,0.35,0.0526666666666667,FALSE,0,6
"SPCA","Hausdorff",0.951848857644991,0.0315313415348565,0.942220731294875,0.0414502084253489,0.367,0.066,FALSE,0,6
"SPCA","Ichino-Yaguchi",0.934062097246631,0.0584885764499121,0.92513359701792,0.0711497820871642,0.373666666666667,0.0703333333333333,FALSE,0,6
"SPCA","Wasserstein",0.929268306971295,0.0583936731107205,0.921348014528444,0.0730509884871342,0.361,0.071,FALSE,0,6
"SPCA","Centers-Euclidean",0.8506719390744,0.129859402460457,0.847593027648962,0.146076136621653,0.221333333333333,0.0353333333333333,FALSE,0,6
"IMDS","Int-Euclidean",0.47884417106034,-0.103007615700059,0.468767141762551,-0.11267866449959,0.0313333333333333,-0.000333333333333333,FALSE,0,6
"IMDS","Hausdorff",0.571011716461629,-0.0695711775043937,0.571831959259687,-0.101057260667781,0.0526666666666667,-0.00166666666666667,TRUE,0,6
"IMDS","Ichino-Yaguchi",0.564373755125952,-0.0546408904510838,0.565357153219689,-0.0860530519387711,0.0556666666666667,-0.011,FALSE,0,6
"IMDS","Wasserstein",0.555332747510252,-0.0610251903925014,0.558686723029708,-0.0927507064570024,0.0523333333333333,-0.00233333333333333,FALSE,0,6
"IMDS","Centers-Euclidean",0.5056719390744,-0.00283069712946693,0.498455741103984,-0.0152400879173785,0.0306666666666667,0.003,FALSE,0,6
"Int-UMAP","Int-Euclidean",0.802898066783831,-0.0678418277680141,0.803283305262347,-0.0674485046692099,0.177,0.00266666666666668,FALSE,0,6
"Int-UMAP","Hausdorff",0.909861159929701,0.00175629759812534,0.906351722784845,0.00519180305696652,0.298666666666667,0.00533333333333333,FALSE,0,6
"Int-UMAP","Ichino-Yaguchi",0.882551259519625,0.0327416520210896,0.884641434403623,0.03621271651773,0.305666666666667,0.00233333333333333,FALSE,0,6
"Int-UMAP","Wasserstein",0.867095489162273,0.0111985940246047,0.872517848526592,0.0201716068379296,0.292,0.0126666666666667,FALSE,0,6
"Int-UMAP","Centers-Euclidean",0.617850615114235,-0.101081429408319,0.624216750388365,-0.0992119122306141,0.118666666666667,0.00133333333333333,FALSE,0,6
"C-PCA","Int-Euclidean",0.92177855887522,0.0617410661980081,0.915096794626459,0.0728196826358879,0.338333333333333,0.0683333333333333,FALSE,0,7
"C-PCA","Hausdorff",0.947681312243702,0.0339566490919742,0.940588918860955,0.0402034421155069,0.367333333333333,0.056,FALSE,0,7
"C-PCA","Ichino-Yaguchi",0.925496192149971,0.0617270064440538,0.92105307343146,0.0711616306994197,0.361,0.0596666666666666,FALSE,0,7
"C-PCA","Wasserstein",0.920449912126538,0.0619332161687171,0.917107214588991,0.0710823150020656,0.342,0.0656666666666667,FALSE,0,7
"C-PCA","Centers-Euclidean",0.835468072642062,0.138516695957821,0.838857808669936,0.148339134056501,0.222666666666667,0.0443333333333333,FALSE,0,7
"V-PCA","Int-Euclidean",0.921820152314001,0.0612196836555361,0.915840575985636,0.0707734850225896,0.339666666666667,0.0666666666666667,FALSE,0,7
"V-PCA","Hausdorff",0.947449326303456,0.0346502636203867,0.940492591700475,0.0405699016694139,0.367666666666667,0.0566666666666667,FALSE,0,7
"V-PCA","Ichino-Yaguchi",0.92568834212068,0.0617410661980082,0.921804899964583,0.0698155343934449,0.361666666666667,0.0583333333333333,FALSE,0,7
"V-PCA","Wasserstein",0.920371411833626,0.0622565905096661,0.917455657128979,0.0702982954916168,0.340666666666667,0.064,FALSE,0,7
"V-PCA","Centers-Euclidean",0.835810193321617,0.137855887521968,0.838245466616251,0.149467672156053,0.223,0.044,FALSE,0,7
"MR-PCA","Int-Euclidean",0.737783245459871,0.226453427065026,0.746030873019199,0.246372054100782,0.13,0.0233333333333333,FALSE,0,7
"MR-PCA","Hausdorff",0.768504393673111,0.182674868189807,0.791296468152518,0.177042842451069,0.171,0.0263333333333333,FALSE,0,7
"MR-PCA","Ichino-Yaguchi",0.719509666080844,0.257205623901582,0.735873592593497,0.265135337158111,0.148,0.036,FALSE,0,7
"MR-PCA","Wasserstein",0.7482050380785,0.225471587580551,0.757198897025918,0.241071052833174,0.164,0.0323333333333333,FALSE,0,7
"MR-PCA","Centers-Euclidean",0.835468072642062,0.138516695957821,0.838857808669936,0.148339134056501,0.222666666666667,0.0443333333333333,FALSE,0,7
"SPCA","Int-Euclidean",0.92177855887522,0.0617410661980081,0.915096794626459,0.0728196826358879,0.338333333333333,0.0683333333333333,FALSE,0,7
"SPCA","Hausdorff",0.947681312243702,0.0339566490919742,0.940588918860955,0.0402034421155069,0.367333333333333,0.056,FALSE,0,7
"SPCA","Ichino-Yaguchi",0.925496192149971,0.0617270064440538,0.92105307343146,0.0711616306994197,0.361,0.0596666666666666,FALSE,0,7
"SPCA","Wasserstein",0.920449912126538,0.0619332161687171,0.917107214588991,0.0710823150020656,0.342,0.0656666666666667,FALSE,0,7
"SPCA","Centers-Euclidean",0.835468072642062,0.138516695957821,0.838857808669936,0.148339134056501,0.222666666666667,0.0443333333333333,FALSE,0,7
"IMDS","Int-Euclidean",0.458562975981254,-0.131694200351494,0.44807208893429,-0.114825457107271,0.0286666666666667,-0.00266666666666667,TRUE,0,7
"IMDS","Hausdorff",0.548504979496192,-0.0477445811364967,0.554813900181506,-0.0729262218938958,0.0413333333333333,-0.000333333333333335,TRUE,0,7
"IMDS","Ichino-Yaguchi",0.542759226713532,-0.0346736965436438,0.548526072857451,-0.0478904357995732,0.046,-0.004,TRUE,0,7
"IMDS","Wasserstein",0.53232396016403,-0.0236332747510252,0.539557694282776,-0.0378626227251716,0.0406666666666667,-0.00766666666666667,TRUE,0,7
"IMDS","Centers-Euclidean",0.504942003514938,-0.00259871118922095,0.498378765806913,0.0119241329580709,0.0253333333333333,-0.001,TRUE,0,7
"Int-UMAP","Int-Euclidean",0.769343878148799,-0.113551259519625,0.771588077115153,-0.0907802367972332,0.165,0.000666666666666677,FALSE,0,7
"Int-UMAP","Hausdorff",0.899314001171646,-0.0156403046280024,0.899358094752975,-0.00284839840321606,0.294666666666667,0.021,FALSE,0,7
"Int-UMAP","Ichino-Yaguchi",0.868837141183363,0.0152302284710017,0.873366713781711,0.0349667085927616,0.294666666666667,0.0233333333333333,FALSE,0,7
"Int-UMAP","Wasserstein",0.85425014645577,-0.0007088459285296,0.862753763024377,0.0237200927317407,0.276333333333333,0.0233333333333333,FALSE,0,7
"Int-UMAP","Centers-Euclidean",0.593846514352665,-0.070448740480375,0.600334105381416,-0.073544569618887,0.120333333333333,-0.011,FALSE,0,7
"C-PCA","Int-Euclidean",0.931832454598711,0.0538441710603398,0.927392326618864,0.0593658167689949,0.370666666666667,0.0676666666666667,FALSE,0,8
"C-PCA","Hausdorff",0.949006444053896,0.0311353251318102,0.94240714966572,0.0362163150078993,0.377,0.0523333333333333,FALSE,0,8
"C-PCA","Ichino-Yaguchi",0.927960749853544,0.0578101933216169,0.925624510753483,0.0626834420172546,0.378666666666667,0.0546666666666667,FALSE,0,8
"C-PCA","Wasserstein",0.922789103690685,0.0556028119507909,0.921309797457507,0.0621972635815754,0.352666666666667,0.0496666666666667,FALSE,0,8
"C-PCA","Centers-Euclidean",0.844237258347979,0.132537785588752,0.844216764205094,0.145945685212247,0.222666666666667,0.0446666666666667,FALSE,0,8
"V-PCA","Int-Euclidean",0.931602226127709,0.0545600468658466,0.927384483322671,0.0594709774245403,0.37,0.0666666666666667,FALSE,0,8
"V-PCA","Hausdorff",0.949228471001757,0.0307779730521383,0.942299413725507,0.0365526832623998,0.378,0.0523333333333333,FALSE,0,8
"V-PCA","Ichino-Yaguchi",0.927968365553603,0.0581066198008201,0.92550317531448,0.062961907433139,0.377333333333333,0.0553333333333333,FALSE,0,8
"V-PCA","Wasserstein",0.922851786760398,0.0558922085530169,0.920907141913,0.0629545692151315,0.353,0.0506666666666667,FALSE,0,8
"V-PCA","Centers-Euclidean",0.842745166959578,0.135437609841828,0.843366515741936,0.147725001968884,0.223,0.0453333333333333,FALSE,0,8
"MR-PCA","Int-Euclidean",0.740252489748096,0.231504393673111,0.745577469398633,0.256028402895188,0.15,0.0276666666666667,FALSE,0,8
"MR-PCA","Hausdorff",0.75014762741652,0.200609256004687,0.764805447414069,0.215293733668435,0.158666666666667,0.036,FALSE,0,8
"MR-PCA","Ichino-Yaguchi",0.722498535442296,0.26377855887522,0.72637971470912,0.29098686597144,0.153333333333333,0.038,FALSE,0,8
"MR-PCA","Wasserstein",0.751199179847686,0.232835383714118,0.753650447209121,0.254201380045543,0.171,0.0373333333333333,FALSE,0,8
"MR-PCA","Centers-Euclidean",0.844237258347979,0.132537785588752,0.844216764205094,0.145945685212247,0.222666666666667,0.0446666666666667,FALSE,0,8
"SPCA","Int-Euclidean",0.931832454598711,0.0538441710603398,0.927392326618864,0.0593658167689949,0.370666666666667,0.0676666666666667,FALSE,0,8
"SPCA","Hausdorff",0.949006444053896,0.0311353251318102,0.94240714966572,0.0362163150078993,0.377,0.0523333333333333,FALSE,0,8
"SPCA","Ichino-Yaguchi",0.927960749853544,0.0578101933216169,0.925624510753483,0.0626834420172546,0.378666666666667,0.0546666666666667,FALSE,0,8
"SPCA","Wasserstein",0.922789103690685,0.0556028119507909,0.921309797457507,0.0621972635815754,0.352666666666667,0.0496666666666667,FALSE,0,8
"SPCA","Centers-Euclidean",0.844237258347979,0.132537785588752,0.844216764205094,0.145945685212247,0.222666666666667,0.0446666666666667,FALSE,0,8
"IMDS","Int-Euclidean",0.491731693028705,-0.075428236672525,0.483795621110303,-0.069237118548912,0.0316666666666667,-0.000333333333333333,TRUE,0,8
"IMDS","Hausdorff",0.581318101933216,-0.0944815465729351,0.58504787189375,-0.111475878371646,0.0563333333333333,-0.003,TRUE,0,8
"IMDS","Ichino-Yaguchi",0.572054481546573,-0.0706748681898066,0.569015940359631,-0.0927411237882154,0.0556666666666667,-0.00133333333333334,FALSE,0,8
"IMDS","Wasserstein",0.565349150556532,-0.0738031634446397,0.569369356921866,-0.0911994102406213,0.052,-0.006,FALSE,0,8
"IMDS","Centers-Euclidean",0.505140597539543,-0.00177270064440538,0.500754602927949,-0.00866981135406553,0.0273333333333333,0.000666666666666666,TRUE,0,8
"Int-UMAP","Int-Euclidean",0.758724077328647,-0.121731693028705,0.764317801334788,-0.11573517200215,0.157,0.00766666666666668,FALSE,0,8
"Int-UMAP","Hausdorff",0.893681898066784,-0.0117973052138255,0.893456368997533,-0.0102410712078876,0.274,0.00833333333333333,FALSE,0,8
"Int-UMAP","Ichino-Yaguchi",0.861545987111892,0.021493848857645,0.86928873784646,0.0225632825353635,0.278666666666667,0.0246666666666667,FALSE,0,8
"Int-UMAP","Wasserstein",0.8430820152314,0.000725248974809523,0.856333416387223,0.00502772940643487,0.255666666666667,0.0103333333333333,FALSE,0,8
"Int-UMAP","Centers-Euclidean",0.596270064440539,-0.0921089630931458,0.613570438372555,-0.09864052142491,0.114,-0.00233333333333333,FALSE,0,8
"C-PCA","Int-Euclidean",0.929706502636204,0.0553450497949619,0.923689042704898,0.0654130549354659,0.355333333333333,0.07,FALSE,0,9
"C-PCA","Hausdorff",0.949239601640305,0.0298933801991799,0.940853817784678,0.038224527364261,0.381666666666667,0.075,FALSE,0,9
"C-PCA","Ichino-Yaguchi",0.925618629173989,0.0576367896895137,0.92109158909725,0.067758820714592,0.367,0.081,FALSE,0,9
"C-PCA","Wasserstein",0.921834797891037,0.0563374340949033,0.917136729423783,0.0687357693453772,0.347666666666667,0.0766666666666666,FALSE,0,9
"C-PCA","Centers-Euclidean",0.840196250732279,0.137065026362039,0.842787303132728,0.147494735442657,0.217333333333333,0.0436666666666667,FALSE,0,9
"V-PCA","Int-Euclidean",0.929535442296426,0.0567627416520211,0.922883783812413,0.0674867278809145,0.355666666666667,0.074,FALSE,0,9
"V-PCA","Hausdorff",0.949065026362039,0.0303456356180434,0.940853329593605,0.0384303045068787,0.380333333333333,0.0733333333333333,FALSE,0,9
"V-PCA","Ichino-Yaguchi",0.926377855887522,0.0573110720562391,0.921054675404366,0.0687183832953911,0.368666666666667,0.0823333333333333,FALSE,0,9
"V-PCA","Wasserstein",0.922339191564148,0.0565612185120093,0.917324071212647,0.069293091651119,0.348333333333333,0.0793333333333333,FALSE,0,9
"V-PCA","Centers-Euclidean",0.840532513181019,0.136399531341535,0.841108566018555,0.15089707105314,0.22,0.0423333333333333,FALSE,0,9
"MR-PCA","Int-Euclidean",0.730548330404218,0.221708260105448,0.745356223660902,0.234030193850236,0.137,0.0226666666666667,FALSE,0,9
"MR-PCA","Hausdorff",0.763464557703573,0.184876391329818,0.78895337591035,0.176834822392864,0.160333333333333,0.0243333333333333,FALSE,0,9
"MR-PCA","Ichino-Yaguchi",0.724909197422378,0.257806678383128,0.746977021859446,0.249713450262771,0.143,0.0236666666666667,FALSE,0,9
"MR-PCA","Wasserstein",0.751640304628002,0.227439953134154,0.764438389902858,0.230776008878323,0.161333333333333,0.0233333333333333,FALSE,0,9
"MR-PCA","Centers-Euclidean",0.840196250732279,0.137065026362039,0.842787303132728,0.147494735442657,0.217333333333333,0.0436666666666667,FALSE,0,9
"SPCA","Int-Euclidean",0.929706502636204,0.0553450497949619,0.923689042704898,0.0654130549354659,0.355333333333333,0.07,FALSE,0,9
"SPCA","Hausdorff",0.949239601640305,0.0298933801991799,0.940853817784678,0.038224527364261,0.381666666666667,0.075,FALSE,0,9
"SPCA","Ichino-Yaguchi",0.925618629173989,0.0576367896895137,0.92109158909725,0.067758820714592,0.367,0.081,FALSE,0,9
"SPCA","Wasserstein",0.921834797891037,0.0563374340949033,0.917136729423783,0.0687357693453772,0.347666666666667,0.0766666666666666,FALSE,0,9
"SPCA","Centers-Euclidean",0.840196250732279,0.137065026362039,0.842787303132728,0.147494735442657,0.217333333333333,0.0436666666666667,FALSE,0,9
"IMDS","Int-Euclidean",0.52211482132396,-0.0329607498535442,0.510754939902604,-0.0142059364955527,0.0196666666666667,-0.003,TRUE,0,9
"IMDS","Hausdorff",0.59136086701816,-0.0793919156414762,0.597201965107234,-0.111067386794554,0.055,-0.00366666666666667,TRUE,0,9
"IMDS","Ichino-Yaguchi",0.581638547158758,-0.065758640890451,0.582238470439033,-0.0946066507897105,0.052,-0.00733333333333333,TRUE,0,9
"IMDS","Wasserstein",0.57684827182191,-0.0652677211482133,0.580884569984263,-0.0946500245707488,0.052,-0.00566666666666667,TRUE,0,9
"IMDS","Centers-Euclidean",0.5090820152314,-0.0165213825424722,0.507052669982988,-0.0260716922406635,0.0356666666666667,-0.000333333333333335,TRUE,0,9
"Int-UMAP","Int-Euclidean",0.778638547158758,-0.0935231400117164,0.767919011096829,-0.0632462664513099,0.175333333333333,0.0146666666666667,FALSE,0,9
"Int-UMAP","Hausdorff",0.913570591681312,0.00136965436438197,0.913574513539857,0.0102162947433642,0.298666666666667,0.035,FALSE,0,9
"Int-UMAP","Ichino-Yaguchi",0.880707088459285,0.0270146455770358,0.887669309806822,0.0360290937316113,0.300666666666667,0.0326666666666667,FALSE,0,9
"Int-UMAP","Wasserstein",0.867335090802578,0.00912126537785596,0.875806802528093,0.0224139421229526,0.287,0.0223333333333333,FALSE,0,9
"Int-UMAP","Centers-Euclidean",0.612204452255419,-0.0952396016403045,0.619795812548752,-0.105981797534881,0.119666666666667,-0.00633333333333334,FALSE,0,9
"C-PCA","Int-Euclidean",0.930405389572349,0.0517516110134739,0.92542309969706,0.0591331568783589,0.343333333333333,0.057,FALSE,0,10
"C-PCA","Hausdorff",0.948110134739309,0.0322507322788519,0.940928570123658,0.0380471804432499,0.359,0.0413333333333333,FALSE,0,10
"C-PCA","Ichino-Yaguchi",0.926678383128295,0.0603725834797891,0.922255058189152,0.0692787575629318,0.356,0.0476666666666667,FALSE,0,10
"C-PCA","Wasserstein",0.921546572934974,0.0576707674282366,0.917944926673854,0.0682544866371511,0.334,0.056,FALSE,0,10
"C-PCA","Centers-Euclidean",0.838662565905097,0.138862331575864,0.837477231182882,0.155667964364508,0.222333333333333,0.0493333333333333,FALSE,0,10
"V-PCA","Int-Euclidean",0.930443468072642,0.0514973637961336,0.925589077753332,0.0585632674904814,0.342666666666667,0.0596666666666667,FALSE,0,10
"V-PCA","Hausdorff",0.948411247803163,0.0315618043350908,0.941058227838773,0.0377265893574653,0.362666666666667,0.0436666666666667,FALSE,0,10
"V-PCA","Ichino-Yaguchi",0.92668424135911,0.0599976567076743,0.922267210769434,0.0690030769854293,0.357666666666667,0.049,FALSE,0,10
"V-PCA","Wasserstein",0.921507322788518,0.0572923257176332,0.917927247402186,0.0678906276985798,0.335333333333333,0.057,FALSE,0,10
"V-PCA","Centers-Euclidean",0.838251903925015,0.139336848271822,0.838859818236331,0.152621018038046,0.223333333333333,0.0483333333333333,FALSE,0,10
"MR-PCA","Int-Euclidean",0.733049794961921,0.221954305799648,0.741163154377531,0.244647482292711,0.147666666666667,0.0343333333333333,FALSE,0,10
"MR-PCA","Hausdorff",0.736838898652607,0.213000585823081,0.754329842613646,0.224404068381753,0.144333333333333,0.0286666666666667,FALSE,0,10
"MR-PCA","Ichino-Yaguchi",0.719847685998828,0.25168834212068,0.731867318570619,0.272781609873004,0.144333333333333,0.0263333333333333,FALSE,0,10
"MR-PCA","Wasserstein",0.748166959578207,0.228863503222027,0.756777047742784,0.243500187216671,0.170666666666667,0.0193333333333333,FALSE,0,10
"MR-PCA","Centers-Euclidean",0.838662565905097,0.138862331575864,0.837477231182882,0.155667964364508,0.222333333333333,0.0493333333333333,FALSE,0,10
"SPCA","Int-Euclidean",0.930405389572349,0.0517516110134739,0.92542309969706,0.0591331568783589,0.343333333333333,0.057,FALSE,0,10
"SPCA","Hausdorff",0.948110134739309,0.0322507322788519,0.940928570123658,0.0380471804432499,0.359,0.0413333333333333,FALSE,0,10
"SPCA","Ichino-Yaguchi",0.926678383128295,0.0603725834797891,0.922255058189152,0.0692787575629318,0.356,0.0476666666666667,FALSE,0,10
"SPCA","Wasserstein",0.921546572934974,0.0576707674282366,0.917944926673854,0.0682544866371511,0.334,0.056,FALSE,0,10
"SPCA","Centers-Euclidean",0.838662565905097,0.138862331575864,0.837477231182882,0.155667964364508,0.222333333333333,0.0493333333333333,FALSE,0,10
"IMDS","Int-Euclidean",0.527754540128881,-0.0864428822495606,0.515420905140022,-0.0886803151380836,0.0386666666666667,-0.00133333333333334,TRUE,0,10
"IMDS","Hausdorff",0.573031634446397,-0.0789279437609841,0.576230082610219,-0.103650892414816,0.053,-0.00833333333333333,TRUE,0,10
"IMDS","Ichino-Yaguchi",0.561721734036321,-0.050091388400703,0.560986386991519,-0.0738879890104812,0.0503333333333333,-0.00933333333333333,FALSE,0,10
"IMDS","Wasserstein",0.560781487990627,-0.0637609841827768,0.562055027270384,-0.0850961728736784,0.053,-0.0106666666666667,FALSE,0,10
"IMDS","Centers-Euclidean",0.502315172817809,-0.00111306385471588,0.492877015918253,0.00154423126255887,0.0246666666666667,-0.000666666666666668,FALSE,0,10
"Int-UMAP","Int-Euclidean",0.771013473930873,-0.0802437024018746,0.774482205051611,-0.0661133435362197,0.165,0.002,FALSE,0,10
"Int-UMAP","Hausdorff",0.899565905096661,-0.004863503222027,0.898747536592454,0.00261851874538578,0.287333333333333,0.00266666666666666,FALSE,0,10
"Int-UMAP","Ichino-Yaguchi",0.869278265963679,0.0292302284710018,0.873036480922245,0.0393115646170778,0.292333333333333,0.01,FALSE,0,10
"Int-UMAP","Wasserstein",0.849981839484476,0.00846983011130642,0.858896179260077,0.0233896226851031,0.269,0.00433333333333334,FALSE,0,10
"Int-UMAP","Centers-Euclidean",0.593333919156415,-0.0823374340949032,0.601559960072725,-0.0891827558631672,0.11,-0.0106666666666667,FALSE,0,10
"C-PCA","Int-Euclidean",0.925854715875805,0.0570779144698301,0.920916767567164,0.0671085624876129,0.334,0.0826666666666667,FALSE,0,11
"C-PCA","Hausdorff",0.943699472759227,0.0346280023432923,0.934618153983754,0.0446344807512247,0.355666666666667,0.076,FALSE,0,11
"C-PCA","Ichino-Yaguchi",0.919416520210896,0.0663737551259519,0.9118150176478,0.0834887730637659,0.355666666666667,0.0776666666666667,FALSE,0,11
"C-PCA","Wasserstein",0.913525483304042,0.0624581136496778,0.907332944622706,0.0818471307951389,0.331666666666667,0.0766666666666667,FALSE,0,11
"C-PCA","Centers-Euclidean",0.828792618629174,0.141109548916227,0.826874511712978,0.169467701324702,0.216,0.065,FALSE,0,11
"V-PCA","Int-Euclidean",0.924957234915056,0.0592149970708846,0.91962264749089,0.0700017439781708,0.335,0.0706666666666667,FALSE,0,11
"V-PCA","Hausdorff",0.942643819566491,0.0359496192149971,0.933601765501563,0.0458586106542635,0.347666666666667,0.075,FALSE,0,11
"V-PCA","Ichino-Yaguchi",0.917611013473931,0.0693309900410076,0.911378886473008,0.083741250748598,0.352666666666667,0.07,FALSE,0,11
"V-PCA","Wasserstein",0.911773872290568,0.0653895723491505,0.90694191048203,0.081955246695384,0.329666666666667,0.071,FALSE,0,11
"V-PCA","Centers-Euclidean",0.823796133567663,0.149825424721734,0.824852177124932,0.171787054124577,0.209,0.0506666666666667,FALSE,0,11
"MR-PCA","Int-Euclidean",0.727949033391916,0.2177539543058,0.737271049517159,0.245699537124245,0.136333333333333,0.0313333333333333,FALSE,0,11
"MR-PCA","Hausdorff",0.734113649677797,0.203772700644405,0.742033002637613,0.23469870551071,0.137666666666667,0.0303333333333333,FALSE,0,11
"MR-PCA","Ichino-Yaguchi",0.713870533099004,0.252711189220855,0.715226006368284,0.290964769952239,0.137333333333333,0.03,FALSE,0,11
"MR-PCA","Wasserstein",0.741513766842414,0.229150556531927,0.740540187259656,0.262663587378449,0.157333333333333,0.0353333333333333,FALSE,0,11
"MR-PCA","Centers-Euclidean",0.828792618629174,0.141109548916227,0.826874511712978,0.169467701324702,0.216,0.065,FALSE,0,11
"SPCA","Int-Euclidean",0.925854715875805,0.0570779144698301,0.920916767567164,0.0671085624876129,0.334,0.0826666666666667,FALSE,0,11
"SPCA","Hausdorff",0.943699472759227,0.0346280023432923,0.934618153983754,0.0446344807512247,0.355666666666667,0.076,FALSE,0,11
"SPCA","Ichino-Yaguchi",0.919416520210896,0.0663737551259519,0.9118150176478,0.0834887730637659,0.355666666666667,0.0776666666666667,FALSE,0,11
"SPCA","Wasserstein",0.913525483304042,0.0624581136496778,0.907332944622706,0.0818471307951389,0.331666666666667,0.0766666666666667,FALSE,0,11
"SPCA","Centers-Euclidean",0.828792618629174,0.141109548916227,0.826874511712978,0.169467701324702,0.216,0.065,FALSE,0,11
"IMDS","Int-Euclidean",0.525031634446397,-0.0411517281780902,0.510738325286624,-0.0275774976461668,0.034,-0.00366666666666667,TRUE,0,11
"IMDS","Hausdorff",0.583267135325132,-0.100350322202695,0.585076457169754,-0.11691467080186,0.0523333333333333,-0.00966666666666667,TRUE,0,11
"IMDS","Ichino-Yaguchi",0.574012888107791,-0.0719203280609256,0.570822795391292,-0.0837783778331777,0.05,-0.006,FALSE,0,11
"IMDS","Wasserstein",0.570806092560047,-0.0831564147627417,0.568655470357514,-0.0959952903378237,0.0503333333333333,-0.00666666666666667,FALSE,0,11
"IMDS","Centers-Euclidean",0.50121734036321,-0.000810779144698293,0.495591403569291,-0.000832846293654876,0.028,0.00333333333333333,FALSE,0,11
"Int-UMAP","Int-Euclidean",0.776613356766257,-0.0887041593438781,0.781017601283912,-0.0872145536820584,0.170333333333333,-0.004,FALSE,0,11
"Int-UMAP","Hausdorff",0.903995313415349,0.000775629759812491,0.899888065309526,0.0047298392055197,0.280666666666667,0.0246666666666667,FALSE,0,11
"Int-UMAP","Ichino-Yaguchi",0.86813122437024,0.0339261862917399,0.871294849292499,0.0350441528910046,0.283,0.013,FALSE,0,11
"Int-UMAP","Wasserstein",0.849732278851787,0.00653427065026368,0.856489130149437,0.0138928110487158,0.254,0.011,FALSE,0,11
"Int-UMAP","Centers-Euclidean",0.594144112478032,-0.0788752196836555,0.595685638263004,-0.0852600454140513,0.0973333333333333,0,FALSE,0,11
"C-PCA","Int-Euclidean",0.928325717633275,0.0571411833626245,0.920227095587044,0.0709883412910013,0.344,0.069,FALSE,0,12
"C-PCA","Hausdorff",0.946462214411248,0.0339320445225542,0.935831883728238,0.0450666234970662,0.360666666666667,0.071,FALSE,0,12
"C-PCA","Ichino-Yaguchi",0.925909197422378,0.0630169888693615,0.915927764915427,0.0775480311699254,0.344333333333333,0.0696666666666667,FALSE,0,12
"C-PCA","Wasserstein",0.920855301698887,0.062347978910369,0.91161266168067,0.0788636677304012,0.329666666666667,0.081,FALSE,0,12
"C-PCA","Centers-Euclidean",0.830859988283538,0.14473345049795,0.828136697491788,0.168722285753587,0.208666666666667,0.0423333333333333,FALSE,0,12
"V-PCA","Int-Euclidean",0.928585823081429,0.0568834212067956,0.920669417423785,0.0703978741888621,0.344,0.068,FALSE,0,12
"V-PCA","Hausdorff",0.946473930872876,0.0340187463386058,0.936183945483488,0.0445409015845178,0.359,0.071,FALSE,0,12
"V-PCA","Ichino-Yaguchi",0.926015231400117,0.0633251318101934,0.916041263966602,0.0777020370309816,0.343,0.0693333333333333,FALSE,0,12
"V-PCA","Wasserstein",0.921149384885765,0.0624745166959578,0.911758975461951,0.0791560834364599,0.327666666666667,0.079,FALSE,0,12
"V-PCA","Centers-Euclidean",0.83105330990041,0.144421792618629,0.827755320476714,0.169575263020616,0.208,0.0406666666666667,FALSE,0,12
"MR-PCA","Int-Euclidean",0.732527240773286,0.216112478031634,0.739147491734142,0.24493149589267,0.128,0.028,FALSE,0,12
"MR-PCA","Hausdorff",0.732346807264206,0.220829525483304,0.748325016430393,0.229628260920627,0.13,0.0233333333333333,FALSE,0,12
"MR-PCA","Ichino-Yaguchi",0.71072524897481,0.268658465143527,0.717666672346877,0.291106758329914,0.127666666666667,0.0203333333333333,FALSE,0,12
"MR-PCA","Wasserstein",0.738100175746924,0.23829525483304,0.74345080315875,0.255468985052296,0.143333333333333,0.0226666666666667,FALSE,0,12
"MR-PCA","Centers-Euclidean",0.830859988283538,0.14473345049795,0.828136697491788,0.168722285753587,0.208666666666667,0.0423333333333333,FALSE,0,12
"SPCA","Int-Euclidean",0.928325717633275,0.0571411833626245,0.920227095587044,0.0709883412910013,0.344,0.069,FALSE,0,12
"SPCA","Hausdorff",0.946462214411248,0.0339320445225542,0.935831883728238,0.0450666234970662,0.360666666666667,0.071,FALSE,0,12
"SPCA","Ichino-Yaguchi",0.925909197422378,0.0630169888693615,0.915927764915427,0.0775480311699254,0.344333333333333,0.0696666666666667,FALSE,0,12
"SPCA","Wasserstein",0.920855301698887,0.062347978910369,0.91161266168067,0.0788636677304012,0.329666666666667,0.081,FALSE,0,12
"SPCA","Centers-Euclidean",0.830859988283538,0.14473345049795,0.828136697491788,0.168722285753587,0.208666666666667,0.0423333333333333,FALSE,0,12
"IMDS","Int-Euclidean",0.454045694200351,-0.0474540128881078,0.455285841246097,-0.0504706361513472,0.0303333333333333,-0.000333333333333333,TRUE,0,12
"IMDS","Hausdorff",0.559526654950205,-0.0951775043936731,0.565939086189213,-0.130671922857214,0.0483333333333333,0.002,FALSE,0,12
"IMDS","Ichino-Yaguchi",0.553836555360281,-0.081461042765085,0.558067265360863,-0.105800591141051,0.049,0.003,TRUE,0,12
"IMDS","Wasserstein",0.548717633274751,-0.0804417106033978,0.551965616917694,-0.102505120249291,0.0446666666666667,0.0106666666666667,FALSE,0,12
"IMDS","Centers-Euclidean",0.500543643819567,-0.00148096074985349,0.494373857337366,-0.00212558699987087,0.0343333333333333,0.00333333333333333,FALSE,0,12
"Int-UMAP","Int-Euclidean",0.761380199179848,-0.10101230228471,0.755391817856218,-0.071118157130898,0.162,0.0166666666666667,FALSE,0,12
"Int-UMAP","Hausdorff",0.902019917984769,-0.00548330404217923,0.903464908503321,0.00149800048911219,0.287333333333333,0.0206666666666667,FALSE,0,12
"Int-UMAP","Ichino-Yaguchi",0.86686877562976,0.0221054481546573,0.876474617211376,0.0272098176145787,0.286,0.0253333333333333,FALSE,0,12
"Int-UMAP","Wasserstein",0.8552050380785,0.00829408318687752,0.866163360860862,0.0177624898235957,0.271,0.0263333333333333,FALSE,0,12
"Int-UMAP","Centers-Euclidean",0.602454012888108,-0.0935875805506737,0.608793908603569,-0.0931546983861907,0.112,0.000666666666666663,FALSE,0,12
"C-PCA","Int-Euclidean",0.935233157586409,0.0479707088459285,0.927479332860801,0.0586323526680026,0.356333333333333,0.0723333333333333,FALSE,0,13
"C-PCA","Hausdorff",0.94719273579379,0.0308166373755125,0.937630753458442,0.0421932644062806,0.355333333333333,0.066,FALSE,0,13
"C-PCA","Ichino-Yaguchi",0.928087873462214,0.0570521382542473,0.920828645240605,0.0674338681481884,0.346,0.0623333333333333,FALSE,0,13
"C-PCA","Wasserstein",0.922991212653778,0.0579261862917398,0.916126107890534,0.0712643872442121,0.327333333333333,0.0676666666666667,FALSE,0,13
"C-PCA","Centers-Euclidean",0.830546572934974,0.147867603983597,0.828321235252369,0.164547177449625,0.217,0.0556666666666667,FALSE,0,13
"V-PCA","Int-Euclidean",0.9349179847686,0.0484253075571177,0.926725997233891,0.0600285515017786,0.353333333333333,0.071,FALSE,0,13
"V-PCA","Hausdorff",0.947014645577036,0.0310275336848271,0.937268683018611,0.0428242467618578,0.355666666666667,0.0646666666666667,FALSE,0,13
"V-PCA","Ichino-Yaguchi",0.927760984182777,0.0577035735207968,0.920522531015869,0.0680122087683108,0.346333333333333,0.0626666666666667,FALSE,0,13
"V-PCA","Wasserstein",0.922905096660808,0.0579601640304628,0.916104827825909,0.0711826950695619,0.329,0.0693333333333333,FALSE,0,13
"V-PCA","Centers-Euclidean",0.82879086115993,0.151526654950205,0.827795382080901,0.165693316526051,0.213333333333333,0.051,FALSE,0,13
"MR-PCA","Int-Euclidean",0.733501464557704,0.220376098418278,0.738772145721044,0.252065743678501,0.142333333333333,0.0333333333333333,FALSE,0,13
"MR-PCA","Hausdorff",0.751056239015817,0.189409490333919,0.769278248646767,0.197393564751254,0.153,0.034,FALSE,0,13
"MR-PCA","Ichino-Yaguchi",0.721690099589924,0.240453427065026,0.727728236618537,0.268914780414573,0.139,0.033,FALSE,0,13
"MR-PCA","Wasserstein",0.748275336848272,0.213595782073814,0.750851895724229,0.23872975599811,0.156333333333333,0.0333333333333333,FALSE,0,13
"MR-PCA","Centers-Euclidean",0.830546572934974,0.147867603983597,0.828321235252369,0.164547177449625,0.217,0.0556666666666667,FALSE,0,13
"SPCA","Int-Euclidean",0.935233157586409,0.0479707088459285,0.927479332860801,0.0586323526680026,0.356333333333333,0.0723333333333333,FALSE,0,13
"SPCA","Hausdorff",0.94719273579379,0.0308166373755125,0.937630753458442,0.0421932644062806,0.355333333333333,0.066,FALSE,0,13
"SPCA","Ichino-Yaguchi",0.928087873462214,0.0570521382542473,0.920828645240605,0.0674338681481884,0.346,0.0623333333333333,FALSE,0,13
"SPCA","Wasserstein",0.922991212653778,0.0579261862917398,0.916126107890534,0.0712643872442121,0.327333333333333,0.0676666666666667,FALSE,0,13
"SPCA","Centers-Euclidean",0.830546572934974,0.147867603983597,0.828321235252369,0.164547177449625,0.217,0.0556666666666667,FALSE,0,13
"IMDS","Int-Euclidean",0.531988869361453,-0.0605518453427065,0.515720255308579,-0.0468876744496298,0.0346666666666667,-0.000666666666666666,TRUE,0,13
"IMDS","Hausdorff",0.574355008787346,-0.0864815465729351,0.582718806701359,-0.121348445149814,0.0516666666666667,-0.012,TRUE,0,13
"IMDS","Ichino-Yaguchi",0.565882835383714,-0.0655465729349737,0.569126312992192,-0.0906437075624942,0.0543333333333333,-0.01,FALSE,0,13
"IMDS","Wasserstein",0.564076157000586,-0.0702284710017574,0.567507059964448,-0.0982482783204937,0.049,-0.008,FALSE,0,13
"IMDS","Centers-Euclidean",0.511310486233158,-0.00729584065612188,0.502029048750484,0.000990028467066195,0.029,-0.00366666666666667,FALSE,0,13
"Int-UMAP","Int-Euclidean",0.770850615114235,-0.111128295254833,0.773860889032788,-0.0999806274114989,0.171333333333333,0.00700000000000001,FALSE,0,13
"Int-UMAP","Hausdorff",0.899226127709432,-0.00813942589338024,0.898253124154205,-0.000227216099620453,0.274333333333333,0.016,FALSE,0,13
"Int-UMAP","Ichino-Yaguchi",0.869298183948448,0.0210708845928529,0.874388736418732,0.0272691681392996,0.283,0.0123333333333333,FALSE,0,13
"Int-UMAP","Wasserstein",0.856516110134739,0.010871704745167,0.862329984004834,0.0212132684192726,0.266,0.0263333333333333,FALSE,0,13
"Int-UMAP","Centers-Euclidean",0.603151142355009,-0.0809666080843585,0.605051148761184,-0.0922184676541943,0.106,-0.00966666666666666,FALSE,0,13
"C-PCA","Int-Euclidean",0.938927357937903,0.04304510837727,0.931177802412493,0.0522797555912846,0.348666666666667,0.0583333333333333,FALSE,0,14
"C-PCA","Hausdorff",0.948853544229643,0.0283807850029292,0.940540952552894,0.0359310103114245,0.357,0.042,FALSE,0,14
"C-PCA","Ichino-Yaguchi",0.930403632103105,0.0551575864089044,0.923830070819945,0.064715047630101,0.348333333333333,0.0543333333333333,FALSE,0,14
"C-PCA","Wasserstein",0.924243702401875,0.0534762741652021,0.919741928842927,0.0651204964565465,0.327333333333333,0.064,FALSE,0,14
"C-PCA","Centers-Euclidean",0.835954305799649,0.139060339777387,0.836326854208798,0.151945914262901,0.208333333333333,0.037,FALSE,0,14
"V-PCA","Int-Euclidean",0.939177504393673,0.0426315172817808,0.931288066814014,0.0521046162764439,0.351333333333333,0.0543333333333333,FALSE,0,14
"V-PCA","Hausdorff",0.949767428236673,0.0276004686584651,0.941262858960525,0.0359964939283922,0.363,0.049,FALSE,0,14
"V-PCA","Ichino-Yaguchi",0.930721734036321,0.0556367896895137,0.923632465504618,0.0657632061442071,0.349333333333333,0.0543333333333333,FALSE,0,14
"V-PCA","Wasserstein",0.924690099589924,0.0538183948447569,0.919880757027764,0.0657777781871623,0.328,0.064,FALSE,0,14
"V-PCA","Centers-Euclidean",0.836232571763327,0.13813122437024,0.835452446428322,0.153404590807608,0.208666666666667,0.038,FALSE,0,14
"MR-PCA","Int-Euclidean",0.736350908025776,0.222660808435852,0.743624124038605,0.246140416648052,0.137666666666667,0.0286666666666667,FALSE,0,14
"MR-PCA","Hausdorff",0.741475102519039,0.203018160515524,0.760904304110492,0.20483063377487,0.132333333333333,0.0136666666666667,FALSE,0,14
"MR-PCA","Ichino-Yaguchi",0.714961335676626,0.254564733450498,0.724289858536658,0.273387920157118,0.126666666666667,0.0246666666666667,FALSE,0,14
"MR-PCA","Wasserstein",0.742197422378442,0.226440538957235,0.749077896105264,0.242454016776272,0.142666666666667,0.0236666666666667,FALSE,0,14
"MR-PCA","Centers-Euclidean",0.835954305799649,0.139060339777387,0.836326854208798,0.151945914262901,0.208333333333333,0.037,FALSE,0,14
"SPCA","Int-Euclidean",0.938927357937903,0.04304510837727,0.931177802412493,0.0522797555912846,0.348666666666667,0.0583333333333333,FALSE,0,14
"SPCA","Hausdorff",0.948853544229643,0.0283807850029292,0.940540952552894,0.0359310103114245,0.357,0.042,FALSE,0,14
"SPCA","Ichino-Yaguchi",0.930403632103105,0.0551575864089044,0.923830070819945,0.064715047630101,0.348333333333333,0.0543333333333333,FALSE,0,14
"SPCA","Wasserstein",0.924243702401875,0.0534762741652021,0.919741928842927,0.0651204964565465,0.327333333333333,0.064,FALSE,0,14
"SPCA","Centers-Euclidean",0.835954305799649,0.139060339777387,0.836326854208798,0.151945914262901,0.208333333333333,0.037,FALSE,0,14
"IMDS","Int-Euclidean",0.516971880492091,-0.0596824838898653,0.51002171759436,-0.0569214010838148,0.0366666666666667,-0.00266666666666667,TRUE,0,14
"IMDS","Hausdorff",0.564016988869361,-0.0759917984768601,0.569727516459945,-0.107627612455504,0.056,-0.00733333333333333,TRUE,0,14
"IMDS","Ichino-Yaguchi",0.56015582893966,-0.0653497363796133,0.558052707134636,-0.080350266348145,0.0563333333333333,0.00266666666666666,FALSE,0,14
"IMDS","Wasserstein",0.55519273579379,-0.0631939074399531,0.554697775951923,-0.0827350567092268,0.0566666666666667,0.00333333333333333,FALSE,0,14
"IMDS","Centers-Euclidean",0.514997656707674,-0.00288107791446968,0.509332757175756,0.0069790337286299,0.0413333333333333,0.00266666666666667,FALSE,0,14
"Int-UMAP","Int-Euclidean",0.789680726420621,-0.120917398945518,0.789695156914282,-0.107414781105409,0.181,0.00899999999999999,FALSE,0,14
"Int-UMAP","Hausdorff",0.892488576449912,-0.0204124194493264,0.893067517899956,-0.0159780363143539,0.279333333333333,0.014,FALSE,0,14
"Int-UMAP","Ichino-Yaguchi",0.862735793790275,0.00899121265377856,0.870669884122169,0.012547606689323,0.283666666666667,0.00599999999999999,FALSE,0,14
"Int-UMAP","Wasserstein",0.845732278851787,-0.00907205623901575,0.856341171409873,0.00378231560079048,0.269666666666667,0.00333333333333333,FALSE,0,14
"Int-UMAP","Centers-Euclidean",0.597353251318102,-0.0930380785002929,0.599052216180218,-0.0949237600599216,0.111,0.002,FALSE,0,14
"C-PCA","Int-Euclidean",0.925956649091974,0.0614598711189221,0.919587163061805,0.0703111220212093,0.344333333333333,0.062,FALSE,0,15
"C-PCA","Hausdorff",0.947987111892209,0.0325248974809608,0.940716960786436,0.0396253363797684,0.369,0.0776666666666667,FALSE,0,15
"C-PCA","Ichino-Yaguchi",0.926265377855888,0.0611892208553017,0.922320144191378,0.0684101980965768,0.360666666666667,0.073,FALSE,0,15
"C-PCA","Wasserstein",0.922072642062097,0.0605178676039836,0.918799049961751,0.0689919023224846,0.346,0.0706666666666667,FALSE,0,15
"C-PCA","Centers-Euclidean",0.840883421206795,0.139327475102519,0.839588678296361,0.150978909071035,0.225666666666667,0.0343333333333333,FALSE,0,15
"V-PCA","Int-Euclidean",0.925903339191564,0.0614118336262449,0.919412148097521,0.0706616032962416,0.346333333333333,0.062,FALSE,0,15
"V-PCA","Hausdorff",0.947642062097247,0.0331423550087874,0.940284388954416,0.0403556257035977,0.366,0.07,FALSE,0,15
"V-PCA","Ichino-Yaguchi",0.925797891036907,0.0623585237258347,0.921842040865891,0.0694902210569091,0.361666666666667,0.0726666666666667,FALSE,0,15
"V-PCA","Wasserstein",0.921816051552431,0.0612724077328647,0.918602880818589,0.069624344645703,0.345,0.0703333333333333,FALSE,0,15
"V-PCA","Centers-Euclidean",0.84118863503222,0.138597539543058,0.840157436247696,0.149805073594804,0.228,0.0343333333333333,FALSE,0,15
"MR-PCA","Int-Euclidean",0.735353251318102,0.226561218512009,0.741277349638301,0.248308712690803,0.136333333333333,0.0236666666666667,FALSE,0,15
"MR-PCA","Hausdorff",0.728572349150556,0.231427065026362,0.738480183664236,0.256799258133793,0.138333333333333,0.035,FALSE,0,15
"MR-PCA","Ichino-Yaguchi",0.717628588166374,0.266326889279437,0.723829726169329,0.290742575465819,0.145666666666667,0.0303333333333333,FALSE,0,15
"MR-PCA","Wasserstein",0.74627885178676,0.237783245459871,0.750823878469285,0.256277228358129,0.164,0.0276666666666667,FALSE,0,15
"MR-PCA","Centers-Euclidean",0.840883421206795,0.139327475102519,0.839588678296361,0.150978909071035,0.225666666666667,0.0343333333333333,FALSE,0,15
"SPCA","Int-Euclidean",0.925956649091974,0.0614598711189221,0.919587163061805,0.0703111220212093,0.344333333333333,0.062,FALSE,0,15
"SPCA","Hausdorff",0.947987111892209,0.0325248974809608,0.940716960786436,0.0396253363797684,0.369,0.0776666666666667,FALSE,0,15
"SPCA","Ichino-Yaguchi",0.926265377855888,0.0611892208553017,0.922320144191378,0.0684101980965768,0.360666666666667,0.073,FALSE,0,15
"SPCA","Wasserstein",0.922072642062097,0.0605178676039836,0.918799049961751,0.0689919023224846,0.346,0.0706666666666667,FALSE,0,15
"SPCA","Centers-Euclidean",0.840883421206795,0.139327475102519,0.839588678296361,0.150978909071035,0.225666666666667,0.0343333333333333,FALSE,0,15
"IMDS","Int-Euclidean",0.504965436438196,-0.0315172817809022,0.492440522438137,-0.0423350486034126,0.026,0.002,TRUE,0,15
"IMDS","Hausdorff",0.572854715875805,-0.0818289396602228,0.576739317327728,-0.114241486937895,0.0536666666666667,-0.009,TRUE,0,15
"IMDS","Ichino-Yaguchi",0.562232571763327,-0.0670497949619215,0.566504696996842,-0.0910655921550457,0.0543333333333333,-0.004,FALSE,0,15
"IMDS","Wasserstein",0.557230228471002,-0.080290568248389,0.563997787481215,-0.106727478694221,0.0513333333333333,-0.004,FALSE,0,15
"IMDS","Centers-Euclidean",0.507880492091388,-0.00168717047451672,0.502301770245307,0.00129883695385352,0.034,0.00233333333333333,FALSE,0,15
"Int-UMAP","Int-Euclidean",0.762035735207967,-0.101297012302285,0.768844029553675,-0.0974351055129821,0.168666666666667,0.00899999999999999,FALSE,0,15
"Int-UMAP","Hausdorff",0.897823081429408,-0.00553485647334506,0.898677549489602,0.00113275527211817,0.278,0.0223333333333333,FALSE,0,15
"Int-UMAP","Ichino-Yaguchi",0.86268014059754,0.0296789689513767,0.866858632453991,0.0394462946067322,0.273,0.0206666666666667,FALSE,0,15
"Int-UMAP","Wasserstein",0.847923257176333,0.0132501464557704,0.857947485839005,0.0244867691775807,0.259666666666667,0.03,FALSE,0,15
"Int-UMAP","Centers-Euclidean",0.599444639718805,-0.068189806678383,0.608194631801841,-0.0695301759652482,0.116,-0.00066666666666667,FALSE,0,15
"C-PCA","Int-Euclidean",0.932339777387229,0.0554376098418277,0.928102612390259,0.0603821937372454,0.346333333333333,0.059,FALSE,0,16
"C-PCA","Hausdorff",0.946107205623902,0.0342108963093146,0.939290370523207,0.0416721419291193,0.352666666666667,0.0633333333333333,FALSE,0,16
"C-PCA","Ichino-Yaguchi",0.925364381956649,0.0646900995899239,0.920360423178759,0.074764135395956,0.349666666666667,0.0776666666666667,FALSE,0,16
"C-PCA","Wasserstein",0.919602811950791,0.0608037492677211,0.916177688040685,0.0751829726322848,0.333333333333333,0.0843333333333333,FALSE,0,16
"C-PCA","Centers-Euclidean",0.833306385471588,0.142331575864089,0.831960493214221,0.166124033078476,0.214666666666667,0.0576666666666667,FALSE,0,16
"V-PCA","Int-Euclidean",0.932647334504979,0.0548271821909783,0.927663569723741,0.0611981590590992,0.347333333333333,0.0613333333333333,FALSE,0,16
"V-PCA","Hausdorff",0.945944932630346,0.034455770357352,0.939093264145298,0.0418810170892974,0.351666666666667,0.0643333333333333,FALSE,0,16
"V-PCA","Ichino-Yaguchi",0.925511423550088,0.0645741066198009,0.920978375591797,0.073744186035801,0.35,0.0743333333333333,FALSE,0,16
"V-PCA","Wasserstein",0.919734622144113,0.0606033977738722,0.916807358574654,0.0740034707621906,0.333,0.0783333333333333,FALSE,0,16
"V-PCA","Centers-Euclidean",0.8327129466901,0.143787932044523,0.830986370104407,0.168094008406405,0.213333333333333,0.0593333333333333,FALSE,0,16
"MR-PCA","Int-Euclidean",0.73183186877563,0.218691271236087,0.739120922932898,0.247699209207222,0.14,0.0263333333333333,FALSE,0,16
"MR-PCA","Hausdorff",0.732578207381371,0.217350908025776,0.750665221743908,0.233209130155578,0.135,0.0336666666666667,FALSE,0,16
"MR-PCA","Ichino-Yaguchi",0.716215582893966,0.259636789689514,0.723402357103172,0.293185617154113,0.135,0.036,FALSE,0,16
"MR-PCA","Wasserstein",0.744393673110721,0.231648506151142,0.748785840401741,0.260819017283653,0.153666666666667,0.0326666666666667,FALSE,0,16
"MR-PCA","Centers-Euclidean",0.833306385471588,0.142331575864089,0.831960493214221,0.166124033078476,0.214666666666667,0.0576666666666667,FALSE,0,16
"SPCA","Int-Euclidean",0.932339777387229,0.0554376098418277,0.928102612390259,0.0603821937372454,0.346333333333333,0.059,FALSE,0,16
"SPCA","Hausdorff",0.946107205623902,0.0342108963093146,0.939290370523207,0.0416721419291193,0.352666666666667,0.0633333333333333,FALSE,0,16
"SPCA","Ichino-Yaguchi",0.925364381956649,0.0646900995899239,0.920360423178759,0.074764135395956,0.349666666666667,0.0776666666666667,FALSE,0,16
"SPCA","Wasserstein",0.919602811950791,0.0608037492677211,0.916177688040685,0.0751829726322848,0.333333333333333,0.0843333333333333,FALSE,0,16
"SPCA","Centers-Euclidean",0.833306385471588,0.142331575864089,0.831960493214221,0.166124033078476,0.214666666666667,0.0576666666666667,FALSE,0,16
"IMDS","Int-Euclidean",0.453495606326889,-0.081327475102519,0.446030252034014,-0.0697785270538451,0.026,0.000666666666666666,TRUE,0,16
"IMDS","Hausdorff",0.551130052724077,-0.0641042765084945,0.566624020566661,-0.0953222820998295,0.055,-0.000333333333333331,TRUE,0,16
"IMDS","Ichino-Yaguchi",0.544204452255419,-0.0511224370240188,0.554586550520177,-0.0752393111102002,0.057,-0.000333333333333335,FALSE,0,16
"IMDS","Wasserstein",0.535536613942589,-0.0577000585823082,0.548613214196289,-0.0760553409101202,0.0496666666666667,-0.000999999999999997,FALSE,0,16
"IMDS","Centers-Euclidean",0.499420620972466,0.000793204452255392,0.499044208618476,-0.00285766942801657,0.0373333333333333,0.00466666666666667,FALSE,0,16
"Int-UMAP","Int-Euclidean",0.762427065026362,-0.075783245459871,0.768185064484975,-0.0812169482746207,0.158333333333333,0.00233333333333334,FALSE,0,16
"Int-UMAP","Hausdorff",0.906568248388987,-0.00292442882249566,0.90599994196974,0.00144885899153541,0.294333333333333,0.017,FALSE,0,16
"Int-UMAP","Ichino-Yaguchi",0.874995313415349,0.0300257762155829,0.880452333591706,0.0336621837523563,0.306666666666667,0.0256666666666667,FALSE,0,16
"Int-UMAP","Wasserstein",0.857565319273579,0.00887639132981843,0.867313836087238,0.017337961630331,0.276666666666667,0.0203333333333333,FALSE,0,16
"Int-UMAP","Centers-Euclidean",0.596980667838313,-0.0826502636203867,0.609820886840533,-0.0941043482319116,0.108666666666667,0.000666666666666663,FALSE,0,16
"C-PCA","Int-Euclidean",0.925462214411248,0.0592126537785589,0.921891044196183,0.0647260165773108,0.336666666666667,0.0603333333333333,FALSE,0,17
"C-PCA","Hausdorff",0.943022847100176,0.0340058582308144,0.936214141175954,0.0393305641539104,0.340666666666667,0.0483333333333333,FALSE,0,17
"C-PCA","Ichino-Yaguchi",0.923370240187463,0.0617891036906855,0.920200333351602,0.0672151815756075,0.330333333333333,0.07,FALSE,0,17
"C-PCA","Wasserstein",0.918446397188049,0.0617059168131224,0.915820430427936,0.0680248080894796,0.319666666666667,0.0696666666666667,FALSE,0,17
"C-PCA","Centers-Euclidean",0.829181605155243,0.134576449912127,0.833995116247045,0.142689773149276,0.219666666666667,0.051,FALSE,0,17
"V-PCA","Int-Euclidean",0.925302870533099,0.0593298183948447,0.922191912669679,0.0641895652075127,0.335333333333333,0.0596666666666667,FALSE,0,17
"V-PCA","Hausdorff",0.943056824838899,0.0338277680140597,0.936114526401696,0.0393713496011494,0.341666666666667,0.0523333333333333,FALSE,0,17
"V-PCA","Ichino-Yaguchi",0.923318687756298,0.0616227299355595,0.919938761189055,0.0675083725536523,0.330666666666667,0.0676666666666667,FALSE,0,17
"V-PCA","Wasserstein",0.918054481546573,0.0621968365553603,0.915932325971013,0.0675655124018187,0.318333333333333,0.067,FALSE,0,17
"V-PCA","Centers-Euclidean",0.829728763913298,0.132968951376684,0.835206639152955,0.1400580026261,0.222333333333333,0.0463333333333333,FALSE,0,17
"MR-PCA","Int-Euclidean",0.726388400702988,0.211813708260105,0.740434545321402,0.233838515911421,0.139333333333333,0.0393333333333333,FALSE,0,17
"MR-PCA","Hausdorff",0.743553016988869,0.186522554188635,0.765966488599741,0.188732973760651,0.146666666666667,0.027,FALSE,0,17
"MR-PCA","Ichino-Yaguchi",0.716483889865261,0.237347393087288,0.728965937619313,0.258697788694017,0.142666666666667,0.031,FALSE,0,17
"MR-PCA","Wasserstein",0.743028119507909,0.215630931458699,0.752759153851267,0.230471432916022,0.158666666666667,0.0366666666666667,FALSE,0,17
"MR-PCA","Centers-Euclidean",0.829181605155243,0.134576449912127,0.833995116247045,0.142689773149276,0.219666666666667,0.051,FALSE,0,17
"SPCA","Int-Euclidean",0.925462214411248,0.0592126537785589,0.921891044196183,0.0647260165773108,0.336666666666667,0.0603333333333333,FALSE,0,17
"SPCA","Hausdorff",0.943022847100176,0.0340058582308144,0.936214141175954,0.0393305641539104,0.340666666666667,0.0483333333333333,FALSE,0,17
"SPCA","Ichino-Yaguchi",0.923370240187463,0.0617891036906855,0.920200333351602,0.0672151815756075,0.330333333333333,0.07,FALSE,0,17
"SPCA","Wasserstein",0.918446397188049,0.0617059168131224,0.915820430427936,0.0680248080894796,0.319666666666667,0.0696666666666667,FALSE,0,17
"SPCA","Centers-Euclidean",0.829181605155243,0.134576449912127,0.833995116247045,0.142689773149276,0.219666666666667,0.051,FALSE,0,17
"IMDS","Int-Euclidean",0.50539367311072,-0.0810486233157587,0.497434489900969,-0.0798997273959475,0.0433333333333333,-0.001,FALSE,0,17
"IMDS","Hausdorff",0.573845928529584,-0.0662765084944348,0.575278407846182,-0.0747996535992654,0.047,0.00466666666666667,TRUE,0,17
"IMDS","Ichino-Yaguchi",0.563851786760398,-0.03200820152314,0.564080859025924,-0.0399565893743524,0.0436666666666667,0.004,FALSE,0,17
"IMDS","Wasserstein",0.560185705916813,-0.0413977738722906,0.561662869369127,-0.047453225384769,0.045,0.00633333333333333,FALSE,0,17
"IMDS","Centers-Euclidean",0.519720562390158,0.0290509666080845,0.509801309303893,0.0317207952356235,0.034,0.00533333333333333,FALSE,0,17
"Int-UMAP","Int-Euclidean",0.788337434094903,-0.086331575864089,0.790202409698852,-0.0783194605703576,0.19,-0.001,FALSE,0,17
"Int-UMAP","Hausdorff",0.905695957820738,-0.00131341534856466,0.906161240760639,0.00858630304721805,0.291,0.0186666666666667,TRUE,0,17
"Int-UMAP","Ichino-Yaguchi",0.875958406561218,0.0227920328060925,0.883128323786742,0.0340741525394456,0.299666666666667,0.0116666666666667,FALSE,0,17
"Int-UMAP","Wasserstein",0.862140597539543,0.0128623315758641,0.869823115939392,0.0262301670457823,0.276,0.01,FALSE,0,17
"Int-UMAP","Centers-Euclidean",0.614154071470416,-0.0974704159343878,0.616766967671772,-0.114963509252526,0.127333333333333,-0.019,FALSE,0,17
"C-PCA","Int-Euclidean",0.932368482718219,0.0544920913884007,0.924044775871939,0.064421314729262,0.342666666666667,0.0543333333333333,FALSE,0,18
"C-PCA","Hausdorff",0.946779144698301,0.0344440538957235,0.939926197177304,0.0397775875163095,0.366333333333333,0.0506666666666667,FALSE,0,18
"C-PCA","Ichino-Yaguchi",0.926386643233743,0.0624135910954892,0.922497741348694,0.0696520395103167,0.356,0.0683333333333333,FALSE,0,18
"C-PCA","Wasserstein",0.921521968365554,0.0596719390743995,0.919437468787627,0.0689363437221315,0.333333333333333,0.0736666666666667,FALSE,0,18
"C-PCA","Centers-Euclidean",0.836132396016403,0.135578207381371,0.838465475756784,0.15153425097903,0.218666666666667,0.0546666666666667,FALSE,0,18
"V-PCA","Int-Euclidean",0.932171646162859,0.0548224956063269,0.924080765379209,0.0643657223546837,0.342333333333333,0.0533333333333333,FALSE,0,18
"V-PCA","Hausdorff",0.946543643819566,0.0348705330990041,0.939690876798842,0.0401817176127825,0.366,0.052,FALSE,0,18
"V-PCA","Ichino-Yaguchi",0.926108377270064,0.0627662565905096,0.922600656785864,0.069388037138752,0.355,0.0653333333333333,FALSE,0,18
"V-PCA","Wasserstein",0.921506736965436,0.0594821323960164,0.919224256709902,0.0693167458902525,0.332,0.0696666666666667,FALSE,0,18
"V-PCA","Centers-Euclidean",0.836463971880492,0.134992384299941,0.838605581221408,0.151385335814818,0.221,0.0553333333333333,FALSE,0,18
"MR-PCA","Int-Euclidean",0.737574106619801,0.22776215582894,0.741286292899599,0.247923801663626,0.135,0.0273333333333333,FALSE,0,18
"MR-PCA","Hausdorff",0.729377855887522,0.218748681898067,0.742856561019355,0.237842892436922,0.151,0.044,FALSE,0,18
"MR-PCA","Ichino-Yaguchi",0.717941417691857,0.260004686584651,0.725824647600502,0.285643789695269,0.152333333333333,0.04,FALSE,0,18
"MR-PCA","Wasserstein",0.74381136496778,0.22914352665495,0.750569488702752,0.247861036871782,0.161333333333333,0.042,FALSE,0,18
"MR-PCA","Centers-Euclidean",0.836132396016403,0.135578207381371,0.838465475756784,0.15153425097903,0.218666666666667,0.0546666666666667,FALSE,0,18
"SPCA","Int-Euclidean",0.932368482718219,0.0544920913884007,0.924044775871939,0.064421314729262,0.342666666666667,0.0543333333333333,FALSE,0,18
"SPCA","Hausdorff",0.946779144698301,0.0344440538957235,0.939926197177304,0.0397775875163095,0.366333333333333,0.0506666666666667,FALSE,0,18
"SPCA","Ichino-Yaguchi",0.926386643233743,0.0624135910954892,0.922497741348694,0.0696520395103167,0.356,0.0683333333333333,FALSE,0,18
"SPCA","Wasserstein",0.921521968365554,0.0596719390743995,0.919437468787627,0.0689363437221315,0.333333333333333,0.0736666666666667,FALSE,0,18
"SPCA","Centers-Euclidean",0.836132396016403,0.135578207381371,0.838465475756784,0.15153425097903,0.218666666666667,0.0546666666666667,FALSE,0,18
"IMDS","Int-Euclidean",0.538387814879906,-0.0310017574692443,0.530080199967976,-0.0403093719022703,0.033,-0.00266666666666666,TRUE,0,18
"IMDS","Hausdorff",0.593355008787346,-0.0692501464557704,0.600045841602261,-0.10123638687638,0.0623333333333333,-0.00533333333333333,FALSE,0,18
"IMDS","Ichino-Yaguchi",0.578130052724077,-0.0520820152314001,0.586704691838597,-0.0766350862309699,0.059,-0.003,TRUE,0,18
"IMDS","Wasserstein",0.573034563561804,-0.0566772114821323,0.582119457745604,-0.0817375595328287,0.0536666666666667,-0.003,TRUE,0,18
"IMDS","Centers-Euclidean",0.51597539543058,0.00578324545987108,0.510347100014538,-0.00626491765306597,0.037,-0.004,FALSE,0,18
"Int-UMAP","Int-Euclidean",0.775911540714704,-0.0514926772114821,0.76652968301508,-0.0312514931661693,0.139666666666667,0.0176666666666667,FALSE,0,18
"Int-UMAP","Hausdorff",0.908907439953134,0.00372934973637962,0.906800264452183,0.0126164892214934,0.281666666666667,0.0123333333333333,FALSE,0,18
"Int-UMAP","Ichino-Yaguchi",0.878597539543058,0.034605741066198,0.881510528423851,0.0468655308394753,0.291333333333333,0.034,FALSE,0,18
"Int-UMAP","Wasserstein",0.858456942003515,0.0153485647334505,0.866408947068574,0.034342032806133,0.263666666666667,0.0333333333333333,FALSE,0,18
"Int-UMAP","Centers-Euclidean",0.598878734622144,-0.0703503222026949,0.59603938105355,-0.0741119336158394,0.104,0.0136666666666667,FALSE,0,18
"C-PCA","Int-Euclidean",0.93010661980082,0.0532583479789103,0.922721234607589,0.0642433706185427,0.340666666666667,0.0693333333333333,FALSE,0,19
"C-PCA","Hausdorff",0.94523784417106,0.0356379613356766,0.936776559551712,0.0448912738609144,0.353,0.0733333333333333,FALSE,0,19
"C-PCA","Ichino-Yaguchi",0.919780902167545,0.0655653192735794,0.914630873049903,0.077640326916077,0.344,0.065,FALSE,0,19
"C-PCA","Wasserstein",0.916405389572349,0.0634212067955477,0.911724191848038,0.0771848062656715,0.327,0.0753333333333333,FALSE,0,19
"C-PCA","Centers-Euclidean",0.834797891036907,0.138069127123609,0.839666580849431,0.145344728142818,0.22,0.0446666666666667,FALSE,0,19
"V-PCA","Int-Euclidean",0.929441124780316,0.054265963678969,0.922532491955977,0.0646427078454301,0.340333333333333,0.067,FALSE,0,19
"V-PCA","Hausdorff",0.945250732278852,0.035701230228471,0.936928684802504,0.0445695805072367,0.351666666666667,0.0733333333333333,FALSE,0,19
"V-PCA","Ichino-Yaguchi",0.919888693614528,0.0653614528412418,0.914810537343316,0.077275407159798,0.342,0.0663333333333333,FALSE,0,19
"V-PCA","Wasserstein",0.916230814294083,0.0637562975981254,0.911891182363468,0.0765885069689276,0.325,0.0723333333333333,FALSE,0,19
"V-PCA","Centers-Euclidean",0.834408904510838,0.139076742823667,0.838805131625064,0.14757332499417,0.221333333333333,0.0496666666666667,FALSE,0,19
"MR-PCA","Int-Euclidean",0.735181019332162,0.223758640890451,0.742952475980769,0.250151477399747,0.131,0.0346666666666667,FALSE,0,19
"MR-PCA","Hausdorff",0.726656121851201,0.22207381370826,0.738988944007401,0.244717491655847,0.131,0.0406666666666667,FALSE,0,19
"MR-PCA","Ichino-Yaguchi",0.713903339191564,0.261842999414177,0.719469572723813,0.291496644914531,0.136,0.04,FALSE,0,19
"MR-PCA","Wasserstein",0.741898066783831,0.230284710017575,0.747596111849794,0.252868867118842,0.151666666666667,0.0416666666666667,FALSE,0,19
"MR-PCA","Centers-Euclidean",0.834797891036907,0.138069127123609,0.839666580849431,0.145344728142818,0.22,0.0446666666666667,FALSE,0,19
"SPCA","Int-Euclidean",0.93010661980082,0.0532583479789103,0.922721234607589,0.0642433706185427,0.340666666666667,0.0693333333333333,FALSE,0,19
"SPCA","Hausdorff",0.94523784417106,0.0356379613356766,0.936776559551712,0.0448912738609144,0.353,0.0733333333333333,FALSE,0,19
"SPCA","Ichino-Yaguchi",0.919780902167545,0.0655653192735794,0.914630873049903,0.077640326916077,0.344,0.065,FALSE,0,19
"SPCA","Wasserstein",0.916405389572349,0.0634212067955477,0.911724191848038,0.0771848062656715,0.327,0.0753333333333333,FALSE,0,19
"SPCA","Centers-Euclidean",0.834797891036907,0.138069127123609,0.839666580849431,0.145344728142818,0.22,0.0446666666666667,FALSE,0,19
"IMDS","Int-Euclidean",0.546398945518453,-0.0462132396016403,0.536248800439311,-0.0364924438614808,0.0406666666666667,-0.00633333333333333,TRUE,0,19
"IMDS","Hausdorff",0.589968951376684,-0.0844698301113065,0.59216886790179,-0.107382669493262,0.0583333333333333,-0.00966666666666667,TRUE,0,19
"IMDS","Ichino-Yaguchi",0.581152899824253,-0.0532091388400703,0.577989690571296,-0.0797234382222599,0.057,-0.00766666666666667,TRUE,0,19
"IMDS","Wasserstein",0.573908611599297,-0.0641640304628003,0.572890491834083,-0.091993304106347,0.0566666666666667,-0.00533333333333333,FALSE,0,19
"IMDS","Centers-Euclidean",0.507503222026948,-0.00617691857059177,0.503825471384557,-0.00317135675514441,0.0386666666666667,-0.001,FALSE,0,19
"Int-UMAP","Int-Euclidean",0.799335676625659,-0.0603725834797891,0.796030717197206,-0.0399192596444219,0.182333333333333,0.0163333333333333,FALSE,0,19
"Int-UMAP","Hausdorff",0.896690099589924,-0.00155125951962498,0.895633179215403,0.00476492448467056,0.264333333333333,0.0163333333333333,FALSE,0,19
"Int-UMAP","Ichino-Yaguchi",0.85804510837727,0.0292806092560046,0.866311748686605,0.0412397719748542,0.255666666666667,0.0173333333333333,FALSE,0,19
"Int-UMAP","Wasserstein",0.839103690685413,0.00785471587580555,0.852330785375085,0.0250486510037163,0.230666666666667,0.014,FALSE,0,19
"Int-UMAP","Centers-Euclidean",0.591371997656708,-0.0614083186877563,0.596760017857354,-0.0568296180918085,0.097,0.00733333333333333,FALSE,0,19
"C-PCA","Int-Euclidean",0.929512595196251,0.0520210896309314,0.919406052617479,0.0731770446416962,0.336666666666667,0.078,FALSE,0,20
"C-PCA","Hausdorff",0.9459589923843,0.0319297012302284,0.935608573924794,0.0457178719229186,0.339333333333333,0.0636666666666667,FALSE,0,20
"C-PCA","Ichino-Yaguchi",0.923711189220855,0.0591013473930873,0.915794627687526,0.0764793241102065,0.330666666666667,0.069,FALSE,0,20
"C-PCA","Wasserstein",0.919581136496778,0.0596567076742824,0.912146507829556,0.0779457610507346,0.317,0.0796666666666667,FALSE,0,20
"C-PCA","Centers-Euclidean",0.833685413005272,0.147131810193322,0.828768883437934,0.172312909598834,0.210333333333333,0.0476666666666667,FALSE,0,20
"V-PCA","Int-Euclidean",0.929336848271822,0.0524007029876977,0.919017037254352,0.073954808244534,0.335,0.077,FALSE,0,20
"V-PCA","Hausdorff",0.946083772700644,0.0318394844756883,0.935511385521573,0.0461345998053684,0.338666666666667,0.066,FALSE,0,20
"V-PCA","Ichino-Yaguchi",0.923847100175747,0.0589654364381956,0.915473326575418,0.0771879733668742,0.33,0.0686666666666667,FALSE,0,20
"V-PCA","Wasserstein",0.919894551845343,0.0591001757469244,0.912037445483411,0.078238139912184,0.316666666666667,0.08,FALSE,0,20
"V-PCA","Centers-Euclidean",0.834156414762742,0.1462460456942,0.828829365399197,0.172364197294899,0.210666666666667,0.0486666666666667,FALSE,0,20
"MR-PCA","Int-Euclidean",0.727806092560047,0.217756297598125,0.735622690783306,0.251425637676561,0.129666666666667,0.0376666666666667,FALSE,0,20
"MR-PCA","Hausdorff",0.756813708260105,0.185903925014646,0.778883329702604,0.185348509320842,0.135333333333333,0.0333333333333333,FALSE,0,20
"MR-PCA","Ichino-Yaguchi",0.716581136496778,0.253862917398946,0.732170089914663,0.263854647709501,0.127666666666667,0.037,FALSE,0,20
"MR-PCA","Wasserstein",0.744608670181605,0.228795547744581,0.754466473938656,0.24082670706064,0.145333333333333,0.0386666666666667,FALSE,0,20
"MR-PCA","Centers-Euclidean",0.833685413005272,0.147131810193322,0.828768883437934,0.172312909598834,0.210333333333333,0.0476666666666667,FALSE,0,20
"SPCA","Int-Euclidean",0.929512595196251,0.0520210896309314,0.919406052617479,0.0731770446416962,0.336666666666667,0.078,FALSE,0,20
"SPCA","Hausdorff",0.9459589923843,0.0319297012302284,0.935608573924794,0.0457178719229186,0.339333333333333,0.0636666666666667,FALSE,0,20
"SPCA","Ichino-Yaguchi",0.923711189220855,0.0591013473930873,0.915794627687526,0.0764793241102065,0.330666666666667,0.069,FALSE,0,20
"SPCA","Wasserstein",0.919581136496778,0.0596567076742824,0.912146507829556,0.0779457610507346,0.317,0.0796666666666667,FALSE,0,20
"SPCA","Centers-Euclidean",0.833685413005272,0.147131810193322,0.828768883437934,0.172312909598834,0.210333333333333,0.0476666666666667,FALSE,0,20
"IMDS","Int-Euclidean",0.570137082601055,-0.0224604569420036,0.558144371149259,-0.0241224251183211,0.032,-0.006,FALSE,0,20
"IMDS","Hausdorff",0.597842999414177,-0.0986362038664323,0.600466429725125,-0.116690113654873,0.055,0.002,TRUE,0,20
"IMDS","Ichino-Yaguchi",0.594971880492091,-0.0749302870533098,0.596409394577057,-0.0893046884918779,0.0586666666666667,-0.002,FALSE,0,20
"IMDS","Wasserstein",0.586658465143527,-0.0838476859988283,0.587036006240863,-0.0961834849258725,0.055,0.00133333333333333,FALSE,0,20
"IMDS","Centers-Euclidean",0.505932044522554,-0.000930287053309886,0.497467435889996,0.00418445915874854,0.0333333333333333,0.000333333333333333,FALSE,0,20
"Int-UMAP","Int-Euclidean",0.779993555946104,-0.0457797305213826,0.772022211005086,-0.0219186139426449,0.163333333333333,0.0146666666666667,FALSE,0,20
"Int-UMAP","Hausdorff",0.908642647920328,0.00932981839484481,0.908850382178385,0.0142308588033209,0.293333333333333,0.00733333333333333,FALSE,0,20
"Int-UMAP","Ichino-Yaguchi",0.882900410076157,0.0378594024604569,0.889054842893819,0.0436814565533741,0.306,0.0173333333333333,FALSE,0,20
"Int-UMAP","Wasserstein",0.867003514938489,0.025784417106034,0.875834726903918,0.0322208149628415,0.281,0.00666666666666667,FALSE,0,20
"Int-UMAP","Centers-Euclidean",0.596985940246046,-0.0849478617457529,0.6090625917757,-0.0816366160498495,0.116333333333333,-0.00600000000000001,FALSE,0,20
"C-PCA","Int-Euclidean",0.925147041593439,0.0599297012302284,0.918530650032554,0.0704226138087762,0.339333333333333,0.065,FALSE,0,21
"C-PCA","Hausdorff",0.947251318101933,0.0330732278851786,0.939582420085961,0.039113970048096,0.363,0.061,FALSE,0,21
"C-PCA","Ichino-Yaguchi",0.923857059168131,0.0622612770943176,0.91963533738839,0.0708862325972548,0.347333333333333,0.0616666666666666,FALSE,0,21
"C-PCA","Wasserstein",0.918678383128295,0.0593884007029877,0.915173188853339,0.0678766528453326,0.327,0.0576666666666667,FALSE,0,21
"C-PCA","Centers-Euclidean",0.838096074985354,0.137801991798477,0.837696352214814,0.153757789372572,0.218666666666667,0.0393333333333333,FALSE,0,21
"V-PCA","Int-Euclidean",0.92503690685413,0.0605038078500293,0.918949946291306,0.0699646506678162,0.336333333333333,0.0606666666666667,FALSE,0,21
"V-PCA","Hausdorff",0.946957234915056,0.0336988869361453,0.939006058328394,0.0402737155316761,0.359333333333333,0.0576666666666667,FALSE,0,21
"V-PCA","Ichino-Yaguchi",0.923968365553603,0.0622847100175746,0.919256045931718,0.071668813632751,0.35,0.0636666666666667,FALSE,0,21
"V-PCA","Wasserstein",0.918555946104276,0.0599379027533685,0.914881066368962,0.0687717557822625,0.328333333333333,0.0573333333333333,FALSE,0,21
"V-PCA","Centers-Euclidean",0.837942003514939,0.138187463386057,0.838101486326889,0.152930861244276,0.216333333333333,0.0326666666666667,FALSE,0,21
"MR-PCA","Int-Euclidean",0.733401288810779,0.214821323960164,0.743069526698755,0.236139856302954,0.128333333333333,0.019,FALSE,0,21
"MR-PCA","Hausdorff",0.745342706502636,0.202444053895724,0.767605564794853,0.200398199649577,0.15,0.018,FALSE,0,21
"MR-PCA","Ichino-Yaguchi",0.716654364381957,0.262403046280024,0.729559752207721,0.272535688993425,0.137666666666667,0.029,FALSE,0,21
"MR-PCA","Wasserstein",0.744579964850615,0.235186877562976,0.754059634995808,0.24402338066791,0.157,0.0226666666666667,FALSE,0,21
"MR-PCA","Centers-Euclidean",0.838096074985354,0.137801991798477,0.837696352214814,0.153757789372572,0.218666666666667,0.0393333333333333,FALSE,0,21
"SPCA","Int-Euclidean",0.925147041593439,0.0599297012302284,0.918530650032554,0.0704226138087762,0.339333333333333,0.065,FALSE,0,21
"SPCA","Hausdorff",0.947251318101933,0.0330732278851786,0.939582420085961,0.039113970048096,0.363,0.061,FALSE,0,21
"SPCA","Ichino-Yaguchi",0.923857059168131,0.0622612770943176,0.91963533738839,0.0708862325972548,0.347333333333333,0.0616666666666666,FALSE,0,21
"SPCA","Wasserstein",0.918678383128295,0.0593884007029877,0.915173188853339,0.0678766528453326,0.327,0.0576666666666667,FALSE,0,21
"SPCA","Centers-Euclidean",0.838096074985354,0.137801991798477,0.837696352214814,0.153757789372572,0.218666666666667,0.0393333333333333,FALSE,0,21
"IMDS","Int-Euclidean",0.546308728763913,-0.0478137082601054,0.534941430120437,-0.0533464745772964,0.034,-0.003,TRUE,0,21
"IMDS","Hausdorff",0.57609431751611,-0.0834387814879906,0.582819790866927,-0.106910548811201,0.051,-0.00233333333333333,TRUE,0,21
"IMDS","Ichino-Yaguchi",0.56331985940246,-0.0606151142355009,0.566370161976578,-0.0830456936097478,0.048,0.00166666666666667,TRUE,0,21
"IMDS","Wasserstein",0.563483304042179,-0.0618652606912712,0.569678694282315,-0.0848668735184437,0.051,-0.000666666666666666,TRUE,0,21
"IMDS","Centers-Euclidean",0.509297012302285,0.00270884592852949,0.503519192126675,0.0073436049963132,0.032,0.00133333333333333,TRUE,0,21
"Int-UMAP","Int-Euclidean",0.783121265377856,-0.0444780316344464,0.771176202742375,-0.0245639908729763,0.156666666666667,0.012,FALSE,0,21
"Int-UMAP","Hausdorff",0.90921734036321,-0.000892794376098349,0.904048213166943,0.00414235498153701,0.297666666666667,0.015,FALSE,0,21
"Int-UMAP","Ichino-Yaguchi",0.878179261862917,0.0316578793204452,0.876425367482759,0.0392141183015925,0.297,0.0176666666666667,FALSE,0,21
"Int-UMAP","Wasserstein",0.860858816637376,0.00810076157000572,0.863052170585014,0.0224377928666687,0.273333333333333,0.0246666666666667,FALSE,0,21
"Int-UMAP","Centers-Euclidean",0.59685647334505,-0.0817621558289396,0.601495831262743,-0.0891811730801617,0.100666666666667,0.0103333333333333,FALSE,0,21
"C-PCA","Int-Euclidean",0.931956649091974,0.0549759812536613,0.925136516953203,0.0619137903692183,0.360666666666667,0.056,FALSE,0,22
"C-PCA","Hausdorff",0.947161101347393,0.0325928529584065,0.939171960392659,0.040685404913812,0.368,0.07,FALSE,0,22
"C-PCA","Ichino-Yaguchi",0.926111306385472,0.0617785588752197,0.921291950849905,0.0703211621772278,0.35,0.071,FALSE,0,22
"C-PCA","Wasserstein",0.922414176918571,0.0615735207967194,0.917510951676299,0.0736459414204487,0.338333333333333,0.077,FALSE,0,22
"C-PCA","Centers-Euclidean",0.829144112478032,0.15119273579379,0.829085360976615,0.166273545432397,0.201333333333333,0.0426666666666667,FALSE,0,22
"V-PCA","Int-Euclidean",0.931744581136497,0.0551400117164617,0.924966120614206,0.062241533914772,0.359333333333333,0.0536666666666667,FALSE,0,22
"V-PCA","Hausdorff",0.946591095489162,0.0336953719976567,0.939010222536834,0.0412111544598173,0.367,0.069,FALSE,0,22
"V-PCA","Ichino-Yaguchi",0.925709431751611,0.0627346221441125,0.921010792707162,0.0709800512539219,0.350666666666667,0.0703333333333333,FALSE,0,22
"V-PCA","Wasserstein",0.921888693614528,0.0627416520210897,0.917802954415696,0.0732612284330464,0.339333333333333,0.0746666666666667,FALSE,0,22
"V-PCA","Centers-Euclidean",0.830005272407733,0.149510251903925,0.830769778301381,0.162858983552413,0.202333333333333,0.0413333333333333,FALSE,0,22
"MR-PCA","Int-Euclidean",0.735172817809022,0.225954305799648,0.743363534398972,0.246066512502681,0.140333333333333,0.0236666666666667,FALSE,0,22
"MR-PCA","Hausdorff",0.727687170474517,0.224883421206795,0.740868122704216,0.243086600337159,0.139,0.0303333333333333,FALSE,0,22
"MR-PCA","Ichino-Yaguchi",0.717173403632103,0.258236672524898,0.730127216759753,0.273399705826499,0.140333333333333,0.0266666666666667,FALSE,0,22
"MR-PCA","Wasserstein",0.742040421792619,0.232687756297598,0.751970374477862,0.247101611138003,0.154333333333333,0.0233333333333333,FALSE,0,22
"MR-PCA","Centers-Euclidean",0.829144112478032,0.15119273579379,0.829085360976615,0.166273545432397,0.201333333333333,0.0426666666666667,FALSE,0,22
"SPCA","Int-Euclidean",0.931956649091974,0.0549759812536613,0.925136516953203,0.0619137903692183,0.360666666666667,0.056,FALSE,0,22
"SPCA","Hausdorff",0.947161101347393,0.0325928529584065,0.939171960392659,0.040685404913812,0.368,0.07,FALSE,0,22
"SPCA","Ichino-Yaguchi",0.926111306385472,0.0617785588752197,0.921291950849905,0.0703211621772278,0.35,0.071,FALSE,0,22
"SPCA","Wasserstein",0.922414176918571,0.0615735207967194,0.917510951676299,0.0736459414204487,0.338333333333333,0.077,FALSE,0,22
"SPCA","Centers-Euclidean",0.829144112478032,0.15119273579379,0.829085360976615,0.166273545432397,0.201333333333333,0.0426666666666667,FALSE,0,22
"IMDS","Int-Euclidean",0.474515524311658,-0.0427932044522554,0.460016742804516,-0.0310886338525507,0.0253333333333333,-0.002,TRUE,0,22
"IMDS","Hausdorff",0.585966608084359,-0.0788857644991212,0.587497375205389,-0.116986315144531,0.058,-0.018,TRUE,0,22
"IMDS","Ichino-Yaguchi",0.574141183362624,-0.0549115407147042,0.577650906692102,-0.0802259357494493,0.0563333333333333,-0.0126666666666667,TRUE,0,22
"IMDS","Wasserstein",0.563883421206796,-0.0710826010544815,0.569220789478653,-0.0912427195435936,0.051,-0.00466666666666667,FALSE,0,22
"IMDS","Centers-Euclidean",0.505485647334505,0.0073649677797305,0.501082543745681,0.00407918950456743,0.034,-0.00133333333333333,FALSE,0,22
"Int-UMAP","Int-Euclidean",0.76216813122437,-0.129395430579965,0.768562654181257,-0.121970813542789,0.182333333333333,-0.00133333333333334,FALSE,0,22
"Int-UMAP","Hausdorff",0.890171646162859,-0.0239285295840657,0.890374467115649,-0.0156581974726747,0.271666666666667,-0.00133333333333333,FALSE,0,22
"Int-UMAP","Ichino-Yaguchi",0.85888927943761,0.00604803749267724,0.863920437597283,0.0155876047365587,0.277333333333333,0.0216666666666667,FALSE,0,22
"Int-UMAP","Wasserstein",0.842207381370826,-0.005933216168717,0.851077778509553,0.00474762133505521,0.251,0.00766666666666667,FALSE,0,22
"Int-UMAP","Centers-Euclidean",0.589423550087874,-0.0675946104276508,0.588615048750791,-0.0717978910452708,0.108333333333333,-0.00466666666666667,FALSE,0,22
"C-PCA","Int-Euclidean",0.931398359695372,0.0550708845928529,0.925180262250717,0.0656446171637849,0.348,0.0703333333333333,FALSE,0,23
"C-PCA","Hausdorff",0.945609256004686,0.0316356180433509,0.937682467937898,0.0424425642435656,0.359,0.0833333333333333,FALSE,0,23
"C-PCA","Ichino-Yaguchi",0.923050966608084,0.0553579379027533,0.918376430779802,0.0709954922155784,0.340333333333333,0.0843333333333333,FALSE,0,23
"C-PCA","Wasserstein",0.921441124780316,0.05604920913884,0.915914136247988,0.0715108930319629,0.334333333333333,0.077,FALSE,0,23
"C-PCA","Centers-Euclidean",0.83221734036321,0.14297949619215,0.832203719831749,0.161791813219938,0.208666666666667,0.0346666666666667,FALSE,0,23
"V-PCA","Int-Euclidean",0.931247803163445,0.0552806092560046,0.924478215087468,0.067011691869147,0.348333333333333,0.0736666666666667,FALSE,0,23
"V-PCA","Hausdorff",0.945560632688928,0.0316367896895138,0.937702964286981,0.0422830117336264,0.356,0.0806666666666667,FALSE,0,23
"V-PCA","Ichino-Yaguchi",0.922852958406561,0.055693028705331,0.9184187115041,0.0708661185109927,0.340666666666667,0.0846666666666667,FALSE,0,23
"V-PCA","Wasserstein",0.921038664323374,0.0568072642062097,0.916145295488393,0.070948704167417,0.332,0.0743333333333333,FALSE,0,23
"V-PCA","Centers-Euclidean",0.832613356766257,0.142250732278852,0.832104599389331,0.162118583453731,0.211666666666667,0.0376666666666667,FALSE,0,23
"MR-PCA","Int-Euclidean",0.728496777973052,0.21712712360867,0.739138028810335,0.245908372369429,0.142666666666667,0.0306666666666667,FALSE,0,23
"MR-PCA","Hausdorff",0.723375512595196,0.22079906268307,0.737636193411478,0.244707932014941,0.125333333333333,0.0263333333333333,FALSE,0,23
"MR-PCA","Ichino-Yaguchi",0.71786467486819,0.249746924428822,0.727127019334055,0.277464776169767,0.134333333333333,0.033,FALSE,0,23
"MR-PCA","Wasserstein",0.744397188049209,0.227735207967194,0.750513887117021,0.250815449497324,0.151666666666667,0.0263333333333333,FALSE,0,23
"MR-PCA","Centers-Euclidean",0.83221734036321,0.14297949619215,0.832203719831749,0.161791813219938,0.208666666666667,0.0346666666666667,FALSE,0,23
"SPCA","Int-Euclidean",0.931398359695372,0.0550708845928529,0.925180262250717,0.0656446171637849,0.348,0.0703333333333333,FALSE,0,23
"SPCA","Hausdorff",0.945609256004686,0.0316356180433509,0.937682467937898,0.0424425642435656,0.359,0.0833333333333333,FALSE,0,23
"SPCA","Ichino-Yaguchi",0.923050966608084,0.0553579379027533,0.918376430779802,0.0709954922155784,0.340333333333333,0.0843333333333333,FALSE,0,23
"SPCA","Wasserstein",0.921441124780316,0.05604920913884,0.915914136247988,0.0715108930319629,0.334333333333333,0.077,FALSE,0,23
"SPCA","Centers-Euclidean",0.83221734036321,0.14297949619215,0.832203719831749,0.161791813219938,0.208666666666667,0.0346666666666667,FALSE,0,23
"IMDS","Int-Euclidean",0.538025776215583,-0.0783901581722319,0.522268220925804,-0.0746593355105428,0.0316666666666667,0.00466666666666667,TRUE,0,23
"IMDS","Hausdorff",0.565956063268893,-0.0602214411247803,0.567285495674366,-0.0812287661830352,0.041,0.00166666666666667,TRUE,0,23
"IMDS","Ichino-Yaguchi",0.5567129466901,-0.0501804335090802,0.556774600646654,-0.0601880226465391,0.038,0.00466666666666667,FALSE,0,23
"IMDS","Wasserstein",0.547877562975981,-0.0575149384885764,0.550462642406334,-0.0763966463422591,0.041,0,FALSE,0,23
"IMDS","Centers-Euclidean",0.486742823667253,-0.0147088459285296,0.479700323603133,0.000732693434582377,0.0303333333333333,0.00333333333333333,FALSE,0,23
"Int-UMAP","Int-Euclidean",0.780383714118336,-0.0571165787932045,0.777382468383103,-0.0464410087869788,0.162666666666667,0.005,FALSE,0,23
"Int-UMAP","Hausdorff",0.899243702401875,0.008115992970123,0.897098300496343,0.0143128702979178,0.262333333333333,0.00800000000000001,FALSE,0,23
"Int-UMAP","Ichino-Yaguchi",0.860756297598125,0.0471903925014646,0.864362123096918,0.0601607791283886,0.266666666666667,0.0186666666666667,FALSE,0,23
"Int-UMAP","Wasserstein",0.845525483304042,0.0278711189220856,0.853663556981647,0.0421145412930585,0.240666666666667,0.023,FALSE,0,23
"Int-UMAP","Centers-Euclidean",0.585193321616872,-0.0639543057996486,0.596014622243735,-0.0639603825268739,0.102,-0.00233333333333333,FALSE,0,23
"C-PCA","Int-Euclidean",0.928230228471002,0.0567955477445812,0.922110882162803,0.0688465365222957,0.334333333333333,0.0806666666666667,FALSE,0,24
"C-PCA","Hausdorff",0.947755711775044,0.0326127709431752,0.939628134267283,0.0410996166164889,0.362333333333333,0.0726666666666667,FALSE,0,24
"C-PCA","Ichino-Yaguchi",0.924572934973638,0.0598383128295256,0.919060669715251,0.0719170480467521,0.348333333333333,0.095,FALSE,0,24
"C-PCA","Wasserstein",0.921792032806093,0.0594434680726421,0.915884305163634,0.0712218363261135,0.334,0.0856666666666667,FALSE,0,24
"C-PCA","Centers-Euclidean",0.838940831868776,0.141588752196837,0.841634477527321,0.151902918139108,0.224,0.045,FALSE,0,24
"V-PCA","Int-Euclidean",0.928304042179262,0.0567065026362039,0.922245173087531,0.0686301726952891,0.336,0.0833333333333333,FALSE,0,24
"V-PCA","Hausdorff",0.947715875805507,0.0326127709431752,0.939797506633181,0.0406819752947684,0.364,0.0783333333333334,FALSE,0,24
"V-PCA","Ichino-Yaguchi",0.924674282366725,0.0595957820738138,0.919344655681753,0.0713731540658871,0.349666666666667,0.091,FALSE,0,24
"V-PCA","Wasserstein",0.921812536613943,0.0594024604569421,0.916225283599866,0.0704962738586116,0.334666666666667,0.083,FALSE,0,24
"V-PCA","Centers-Euclidean",0.839850029291154,0.139751611013474,0.841872938141125,0.151430768288397,0.225666666666667,0.043,FALSE,0,24
"MR-PCA","Int-Euclidean",0.72704510837727,0.212747510251904,0.741377733543777,0.234655167464122,0.130333333333333,0.029,FALSE,0,24
"MR-PCA","Hausdorff",0.73802050380785,0.206688927943761,0.751212775622624,0.228220391556874,0.131666666666667,0.0296666666666667,FALSE,0,24
"MR-PCA","Ichino-Yaguchi",0.726894551845343,0.24704510837727,0.735659059483012,0.268779202998906,0.141,0.0203333333333333,FALSE,0,24
"MR-PCA","Wasserstein",0.754991212653779,0.222605741066198,0.761160128513997,0.23908204572938,0.158333333333333,0.029,FALSE,0,24
"MR-PCA","Centers-Euclidean",0.838940831868776,0.141588752196837,0.841634477527321,0.151902918139108,0.224,0.045,FALSE,0,24
"SPCA","Int-Euclidean",0.928230228471002,0.0567955477445812,0.922110882162803,0.0688465365222957,0.334333333333333,0.0806666666666667,FALSE,0,24
"SPCA","Hausdorff",0.947755711775044,0.0326127709431752,0.939628134267283,0.0410996166164889,0.362333333333333,0.0726666666666667,FALSE,0,24
"SPCA","Ichino-Yaguchi",0.924572934973638,0.0598383128295256,0.919060669715251,0.0719170480467521,0.348333333333333,0.095,FALSE,0,24
"SPCA","Wasserstein",0.921792032806093,0.0594434680726421,0.915884305163634,0.0712218363261135,0.334,0.0856666666666667,FALSE,0,24
"SPCA","Centers-Euclidean",0.838940831868776,0.141588752196837,0.841634477527321,0.151902918139108,0.224,0.045,FALSE,0,24
"IMDS","Int-Euclidean",0.507689513766842,-0.0626690099589924,0.495746850208088,-0.0547049506719765,0.031,-0.002,TRUE,0,24
"IMDS","Hausdorff",0.580454012888108,-0.0939484475688342,0.581963284193371,-0.126707995571892,0.0523333333333333,-0.00633333333333334,TRUE,0,24
"IMDS","Ichino-Yaguchi",0.570185705916813,-0.0702741652021089,0.572654981091807,-0.1015460581411,0.0573333333333333,-0.005,FALSE,0,24
"IMDS","Wasserstein",0.566185705916813,-0.0858640890451084,0.572293457947943,-0.112622580863555,0.0506666666666667,-0.00966666666666667,TRUE,0,24
"IMDS","Centers-Euclidean",0.510171646162859,-0.00755594610427646,0.512283393996447,-0.00864592530093222,0.0346666666666667,0.00666666666666667,TRUE,0,24
"Int-UMAP","Int-Euclidean",0.768553602811951,-0.0763596953719977,0.765761736965413,-0.0701504227228074,0.148,0.00966666666666667,FALSE,0,24
"Int-UMAP","Hausdorff",0.911966022261277,0.00783831282952541,0.908026027799565,0.0111149700721986,0.295333333333333,0.0193333333333333,FALSE,0,24
"Int-UMAP","Ichino-Yaguchi",0.880437609841828,0.0309091974223784,0.882540084248269,0.0401199046400105,0.299,0.013,FALSE,0,24
"Int-UMAP","Wasserstein",0.864975981253661,0.0175207967193908,0.869673529128657,0.0299738817776234,0.272666666666667,0.0186666666666667,FALSE,0,24
"Int-UMAP","Centers-Euclidean",0.617505565319274,-0.101982425307557,0.62653553363199,-0.0950251978747415,0.124333333333333,0.006,FALSE,0,24
"C-PCA","Int-Euclidean",0.930652606912712,0.0516344463971881,0.924426562015695,0.0595163285329413,0.328666666666667,0.0536666666666667,FALSE,0,25
"C-PCA","Hausdorff",0.944579964850615,0.0323046280023433,0.937580754556105,0.0410976454298945,0.34,0.055,FALSE,0,25
"C-PCA","Ichino-Yaguchi",0.924089045108377,0.0635922671353252,0.920158939968311,0.0719921834161493,0.339,0.056,FALSE,0,25
"C-PCA","Wasserstein",0.918414176918571,0.0611376684241359,0.915823259019292,0.0720590886209569,0.324666666666667,0.061,FALSE,0,25
"C-PCA","Centers-Euclidean",0.838916227299356,0.134966608084358,0.839637637106083,0.148916268015671,0.21,0.0433333333333333,FALSE,0,25
"V-PCA","Int-Euclidean",0.930453427065026,0.0521991798476861,0.924216676699147,0.0600351804610581,0.328333333333333,0.0493333333333333,FALSE,0,25
"V-PCA","Hausdorff",0.94426654950205,0.0330486233157586,0.937374874555619,0.0416911568178723,0.338333333333333,0.0506666666666667,FALSE,0,25
"V-PCA","Ichino-Yaguchi",0.924393673110721,0.0631845342706502,0.920190487397378,0.0720615725616967,0.341333333333333,0.0606666666666667,FALSE,0,25
"V-PCA","Wasserstein",0.918816051552431,0.0603057996485061,0.915969179791407,0.0717453276046107,0.327666666666667,0.0653333333333333,FALSE,0,25
"V-PCA","Centers-Euclidean",0.839526654950205,0.133717633274751,0.838467797734763,0.151273960701847,0.212,0.0436666666666667,FALSE,0,25
"MR-PCA","Int-Euclidean",0.730870533099004,0.226863503222027,0.739667941797185,0.24737151171743,0.138333333333333,0.0193333333333333,FALSE,0,25
"MR-PCA","Hausdorff",0.730228471001757,0.215997656707674,0.745038897928611,0.238466763782916,0.14,0.0296666666666667,FALSE,0,25
"MR-PCA","Ichino-Yaguchi",0.715687170474517,0.254940831868776,0.721655006115438,0.288616418909697,0.141666666666667,0.0316666666666667,FALSE,0,25
"MR-PCA","Wasserstein",0.742845342706503,0.22893848857645,0.747587099504854,0.256369548667354,0.158333333333333,0.028,FALSE,0,25
"MR-PCA","Centers-Euclidean",0.838916227299356,0.134966608084358,0.839637637106083,0.148916268015671,0.21,0.0433333333333333,FALSE,0,25
"SPCA","Int-Euclidean",0.930652606912712,0.0516344463971881,0.924426562015695,0.0595163285329413,0.328666666666667,0.0536666666666667,FALSE,0,25
"SPCA","Hausdorff",0.944579964850615,0.0323046280023433,0.937580754556105,0.0410976454298945,0.34,0.055,FALSE,0,25
"SPCA","Ichino-Yaguchi",0.924089045108377,0.0635922671353252,0.920158939968311,0.0719921834161493,0.339,0.056,FALSE,0,25
"SPCA","Wasserstein",0.918414176918571,0.0611376684241359,0.915823259019292,0.0720590886209569,0.324666666666667,0.061,FALSE,0,25
"SPCA","Centers-Euclidean",0.838916227299356,0.134966608084358,0.839637637106083,0.148916268015671,0.21,0.0433333333333333,FALSE,0,25
"IMDS","Int-Euclidean",0.571865260691271,-0.0699332161687171,0.557606392263369,-0.0688413506435449,0.0433333333333333,-0.004,TRUE,0,25
"IMDS","Hausdorff",0.606613356766257,-0.0883737551259519,0.60977439278165,-0.115602586675792,0.056,0.00133333333333334,TRUE,0,25
"IMDS","Ichino-Yaguchi",0.600595196250732,-0.0616754540128881,0.60214691081747,-0.0803554460861277,0.053,-0.000333333333333335,TRUE,0,25
"IMDS","Wasserstein",0.591339191564148,-0.0762765084944348,0.593257378938977,-0.0965290152065378,0.056,-0.00366666666666667,FALSE,0,25
"IMDS","Centers-Euclidean",0.502918570591681,-0.00382425307557122,0.493617100534968,-0.00691505613506505,0.0286666666666667,-0.00333333333333333,FALSE,0,25
"Int-UMAP","Int-Euclidean",0.790195664909197,-0.0659707088459286,0.777341023570878,-0.0280733708196528,0.162333333333333,0.0176666666666667,FALSE,0,25
"Int-UMAP","Hausdorff",0.900503807850029,-0.0103667252489748,0.899621777036996,-0.00305810410229415,0.277666666666667,0.029,FALSE,0,25
"Int-UMAP","Ichino-Yaguchi",0.869919742237844,0.0289267721148213,0.875565114940597,0.0372052089680393,0.28,0.0206666666666667,FALSE,0,25
"Int-UMAP","Wasserstein",0.856613942589338,0.01402460456942,0.864064798614274,0.0246522060786543,0.268666666666667,0.0203333333333333,FALSE,0,25
"Int-UMAP","Centers-Euclidean",0.596373755125952,-0.0703971880492091,0.596943735057784,-0.0773458003209473,0.116666666666667,-0.006,FALSE,0,25
"C-PCA","Int-Euclidean",0.930700058582308,0.0541851200937317,0.925009436057946,0.0611039658155715,0.354666666666667,0.0586666666666667,FALSE,0,26
"C-PCA","Hausdorff",0.947678383128295,0.0336649091974224,0.940126594239376,0.0422984910750842,0.377,0.0853333333333333,FALSE,0,26
"C-PCA","Ichino-Yaguchi",0.926970708845928,0.062074985354423,0.923301527224405,0.0707043906339161,0.373,0.0896666666666667,FALSE,0,26
"C-PCA","Wasserstein",0.922656707674282,0.0630357352079672,0.919229796450421,0.0719289872353387,0.352666666666667,0.0896666666666667,FALSE,0,26
"C-PCA","Centers-Euclidean",0.835510837727006,0.14715992970123,0.837516286468679,0.160368627245084,0.217333333333333,0.038,FALSE,0,26
"V-PCA","Int-Euclidean",0.930561804335091,0.0545389572349151,0.9250229073682,0.0611632211583853,0.355333333333333,0.061,FALSE,0,26
"V-PCA","Hausdorff",0.947559461042765,0.0338465143526655,0.94002498371545,0.0424841065404862,0.375666666666667,0.0833333333333333,FALSE,0,26
"V-PCA","Ichino-Yaguchi",0.926943175161101,0.0621253661394259,0.923403685811893,0.0704802326368628,0.371666666666667,0.0893333333333333,FALSE,0,26
"V-PCA","Wasserstein",0.922769771528998,0.0628096074985355,0.919230922513791,0.0719801904958409,0.351333333333333,0.0866666666666667,FALSE,0,26
"V-PCA","Centers-Euclidean",0.836152314001172,0.14577855887522,0.837196858290874,0.16097446776043,0.219333333333333,0.04,FALSE,0,26
"MR-PCA","Int-Euclidean",0.735845342706503,0.221223198594025,0.743179727389807,0.244002529689463,0.140666666666667,0.0283333333333333,FALSE,0,26
"MR-PCA","Hausdorff",0.742763913298184,0.208981839484476,0.765662529784645,0.211935135679506,0.144,0.0316666666666667,FALSE,0,26
"MR-PCA","Ichino-Yaguchi",0.718851200937317,0.262199179847686,0.735495193083407,0.273532553670698,0.141666666666667,0.0243333333333333,FALSE,0,26
"MR-PCA","Wasserstein",0.74686467486819,0.233560632688928,0.75939093481375,0.242897206764118,0.159333333333333,0.0206666666666667,FALSE,0,26
"MR-PCA","Centers-Euclidean",0.835510837727006,0.14715992970123,0.837516286468679,0.160368627245084,0.217333333333333,0.038,FALSE,0,26
"SPCA","Int-Euclidean",0.930700058582308,0.0541851200937317,0.925009436057946,0.0611039658155715,0.354666666666667,0.0586666666666667,FALSE,0,26
"SPCA","Hausdorff",0.947678383128295,0.0336649091974224,0.940126594239376,0.0422984910750842,0.377,0.0853333333333333,FALSE,0,26
"SPCA","Ichino-Yaguchi",0.926970708845928,0.062074985354423,0.923301527224405,0.0707043906339161,0.373,0.0896666666666667,FALSE,0,26
"SPCA","Wasserstein",0.922656707674282,0.0630357352079672,0.919229796450421,0.0719289872353387,0.352666666666667,0.0896666666666667,FALSE,0,26
"SPCA","Centers-Euclidean",0.835510837727006,0.14715992970123,0.837516286468679,0.160368627245084,0.217333333333333,0.038,FALSE,0,26
"IMDS","Int-Euclidean",0.517776801405975,-0.0921464557703574,0.506034585881176,-0.071267291827574,0.0376666666666667,-0.000333333333333331,TRUE,0,26
"IMDS","Hausdorff",0.571411833626245,-0.0792642062097246,0.577362684363132,-0.0866495247122167,0.0513333333333333,-0.005,TRUE,0,26
"IMDS","Ichino-Yaguchi",0.571526654950205,-0.0673673110720563,0.57431162986274,-0.0744150265826179,0.0613333333333333,0.002,FALSE,0,26
"IMDS","Wasserstein",0.560172817809022,-0.0696602226127709,0.567971972919826,-0.0763570230354032,0.0483333333333333,0,TRUE,0,26
"IMDS","Centers-Euclidean",0.504719390743995,0.00721734036321031,0.498068360720392,0.019535387942264,0.031,0.00166666666666667,FALSE,0,26
"Int-UMAP","Int-Euclidean",0.791630931458699,-0.0427229056824838,0.797381993241163,-0.0432925463509022,0.156333333333333,-0.000666666666666663,FALSE,0,26
"Int-UMAP","Hausdorff",0.908515524311658,0.000761570005858192,0.90688707572473,0.00569776090704059,0.288333333333333,0.021,FALSE,0,26
"Int-UMAP","Ichino-Yaguchi",0.878748681898067,0.0306736965436438,0.88378466444463,0.0333327131157444,0.294333333333333,0.018,FALSE,0,26
"Int-UMAP","Wasserstein",0.860846514352666,0.0129923842999414,0.868495296094794,0.0205078676289865,0.268666666666667,0.013,FALSE,0,26
"Int-UMAP","Centers-Euclidean",0.602658465143527,-0.0850896309314587,0.601860687308552,-0.0825856855929748,0.114,0.00366666666666667,FALSE,0,26
"C-PCA","Int-Euclidean",0.929475102519039,0.0538980667838312,0.926231729103695,0.0589003311869813,0.345666666666667,0.059,FALSE,0,27
"C-PCA","Hausdorff",0.945727006444054,0.0339496192149972,0.937381195708893,0.0428849482555843,0.356,0.06,FALSE,0,27
"C-PCA","Ichino-Yaguchi",0.921022261277094,0.0618125366139426,0.916671468747405,0.0725615677258417,0.334333333333333,0.065,FALSE,0,27
"C-PCA","Wasserstein",0.916826010544815,0.0597352079671939,0.912774716860692,0.0716416837188124,0.315666666666667,0.0696666666666667,FALSE,0,27
"C-PCA","Centers-Euclidean",0.833606326889279,0.140454598711189,0.833927096492808,0.154286650752866,0.202666666666667,0.0413333333333333,FALSE,0,27
"V-PCA","Int-Euclidean",0.92986057410662,0.0535442296426479,0.925170459281871,0.0611268094733017,0.348,0.069,FALSE,0,27
"V-PCA","Hausdorff",0.945847100175747,0.0337469244288224,0.937106835396555,0.0436227093591295,0.355666666666667,0.064,FALSE,0,27
"V-PCA","Ichino-Yaguchi",0.921691271236087,0.0610041007615699,0.91625962661366,0.0737320672297444,0.337,0.0683333333333333,FALSE,0,27
"V-PCA","Wasserstein",0.917625073227885,0.0589009958992385,0.912156642399886,0.0734058097500968,0.320666666666667,0.0753333333333333,FALSE,0,27
"V-PCA","Centers-Euclidean",0.833142940831869,0.141304042179262,0.832759156921651,0.156656767748317,0.202666666666667,0.0433333333333333,FALSE,0,27
"MR-PCA","Int-Euclidean",0.733067369654364,0.220787346221441,0.741406530676284,0.246810937874923,0.135,0.0336666666666667,FALSE,0,27
"MR-PCA","Hausdorff",0.723645577035735,0.221625073227885,0.738735997321397,0.236562037187571,0.127666666666667,0.0296666666666667,FALSE,0,27
"MR-PCA","Ichino-Yaguchi",0.714656707674282,0.252685413005272,0.726581222482642,0.269107118485969,0.129666666666667,0.0273333333333333,FALSE,0,27
"MR-PCA","Wasserstein",0.742150556531927,0.227980082015231,0.750705737764942,0.241137566564008,0.143333333333333,0.0256666666666667,FALSE,0,27
"MR-PCA","Centers-Euclidean",0.833606326889279,0.140454598711189,0.833927096492808,0.154286650752866,0.202666666666667,0.0413333333333333,FALSE,0,27
"SPCA","Int-Euclidean",0.929475102519039,0.0538980667838312,0.926231729103695,0.0589003311869813,0.345666666666667,0.059,FALSE,0,27
"SPCA","Hausdorff",0.945727006444054,0.0339496192149972,0.937381195708893,0.0428849482555843,0.356,0.06,FALSE,0,27
"SPCA","Ichino-Yaguchi",0.921022261277094,0.0618125366139426,0.916671468747405,0.0725615677258417,0.334333333333333,0.065,FALSE,0,27
"SPCA","Wasserstein",0.916826010544815,0.0597352079671939,0.912774716860692,0.0716416837188124,0.315666666666667,0.0696666666666667,FALSE,0,27
"SPCA","Centers-Euclidean",0.833606326889279,0.140454598711189,0.833927096492808,0.154286650752866,0.202666666666667,0.0413333333333333,FALSE,0,27
"IMDS","Int-Euclidean",0.500775629759812,-0.0831400117164617,0.481432037892224,-0.0571986675147068,0.0303333333333333,0.00366666666666667,FALSE,0,27
"IMDS","Hausdorff",0.574039835969537,-0.104770943175161,0.575815807197072,-0.13978447899343,0.056,-0.008,FALSE,0,27
"IMDS","Ichino-Yaguchi",0.565709431751611,-0.0847920328060925,0.565127454714521,-0.112002679524207,0.0536666666666667,-0.005,FALSE,0,27
"IMDS","Wasserstein",0.559251318101933,-0.0971271236086703,0.560679583465552,-0.127422724189085,0.056,-0.005,FALSE,0,27
"IMDS","Centers-Euclidean",0.504826010544815,-0.0245881663737552,0.501826125529891,-0.0333489631236124,0.035,0.000333333333333335,FALSE,0,27
"Int-UMAP","Int-Euclidean",0.76304920913884,-0.115771528998243,0.764113920154354,-0.10666552448378,0.168666666666667,-0.00433333333333333,FALSE,0,27
"Int-UMAP","Hausdorff",0.892329232571763,-0.0137973052138254,0.89205041171548,-0.010278752496798,0.253333333333333,0.0116666666666667,FALSE,0,27
"Int-UMAP","Ichino-Yaguchi",0.855371411833626,0.0229865260691272,0.862394804418835,0.0284724762325404,0.249,0.00866666666666667,FALSE,0,27
"Int-UMAP","Wasserstein",0.837458699472759,-0.000506151142354971,0.848062292873807,0.00664579726591508,0.230333333333333,-0.000666666666666663,FALSE,0,27
"Int-UMAP","Centers-Euclidean",0.57978676039836,-0.0819449326303456,0.583885700806728,-0.0853729680006104,0.0996666666666667,0.00066666666666667,FALSE,0,27
"C-PCA","Int-Euclidean",0.926073227885179,0.0542530755711775,0.922996684138687,0.062326276516029,0.331666666666667,0.0696666666666667,FALSE,0,28
"C-PCA","Hausdorff",0.947526069127124,0.0309537199765672,0.939083572477875,0.0390387318208314,0.357333333333333,0.053,FALSE,0,28
"C-PCA","Ichino-Yaguchi",0.927349736379613,0.0541722319859402,0.921714887816608,0.0665052166593515,0.348,0.0653333333333333,FALSE,0,28
"C-PCA","Wasserstein",0.923807850029291,0.0540902167545402,0.918384019234114,0.0672442995632532,0.334666666666667,0.0663333333333333,FALSE,0,28
"C-PCA","Centers-Euclidean",0.837581722319859,0.142115992970123,0.835299723220225,0.160333700090715,0.215,0.0393333333333333,FALSE,0,28
"V-PCA","Int-Euclidean",0.926414762741652,0.0536824838898653,0.922813425193085,0.062862841490039,0.332333333333333,0.0716666666666667,FALSE,0,28
"V-PCA","Hausdorff",0.947578793204452,0.0307873462214412,0.938886885974992,0.0392325298598692,0.357666666666667,0.0553333333333333,FALSE,0,28
"V-PCA","Ichino-Yaguchi",0.927693614528412,0.0533743409490334,0.921999091012786,0.0659307861733849,0.348,0.0656666666666667,FALSE,0,28
"V-PCA","Wasserstein",0.924083186877563,0.0533614528412421,0.918389013981455,0.067148280976376,0.333666666666667,0.065,FALSE,0,28
"V-PCA","Centers-Euclidean",0.837402460456942,0.142413591095489,0.835790174095384,0.159362301179196,0.215,0.0416666666666667,FALSE,0,28
"MR-PCA","Int-Euclidean",0.742983011130639,0.202615114235501,0.74785225864363,0.237373556593243,0.153333333333333,0.039,FALSE,0,28
"MR-PCA","Hausdorff",0.755847100175747,0.187914469830111,0.775375709086019,0.189121646008355,0.153,0.0243333333333333,FALSE,0,28
"MR-PCA","Ichino-Yaguchi",0.730775629759812,0.230085530169889,0.740835691004527,0.249107668084724,0.140333333333333,0.0253333333333333,FALSE,0,28
"MR-PCA","Wasserstein",0.758239601640305,0.212113649677797,0.764868147727847,0.224578320355587,0.164,0.0113333333333333,FALSE,0,28
"MR-PCA","Centers-Euclidean",0.837581722319859,0.142115992970123,0.835299723220225,0.160333700090715,0.215,0.0393333333333333,FALSE,0,28
"SPCA","Int-Euclidean",0.926073227885179,0.0542530755711775,0.922996684138687,0.062326276516029,0.331666666666667,0.0696666666666667,FALSE,0,28
"SPCA","Hausdorff",0.947526069127124,0.0309537199765672,0.939083572477875,0.0390387318208314,0.357333333333333,0.053,FALSE,0,28
"SPCA","Ichino-Yaguchi",0.927349736379613,0.0541722319859402,0.921714887816608,0.0665052166593515,0.348,0.0653333333333333,FALSE,0,28
"SPCA","Wasserstein",0.923807850029291,0.0540902167545402,0.918384019234114,0.0672442995632532,0.334666666666667,0.0663333333333333,FALSE,0,28
"SPCA","Centers-Euclidean",0.837581722319859,0.142115992970123,0.835299723220225,0.160333700090715,0.215,0.0393333333333333,FALSE,0,28
"IMDS","Int-Euclidean",0.459943760984183,-0.0806045694200352,0.45053112578857,-0.0979219793906608,0.038,-0.005,TRUE,0,28
"IMDS","Hausdorff",0.543052724077329,-0.0360011716461628,0.551571068722412,-0.0731945565774306,0.0553333333333333,-0.00466666666666667,FALSE,0,28
"IMDS","Ichino-Yaguchi",0.532445811364968,-0.0230052724077329,0.538075709684744,-0.0365150603107873,0.0573333333333333,-0.00333333333333333,TRUE,0,28
"IMDS","Wasserstein",0.529216754540129,-0.028223784417106,0.535601914261673,-0.0482533644117612,0.0533333333333333,-0.00333333333333333,FALSE,0,28
"IMDS","Centers-Euclidean",0.511325717633275,-0.0201370826010544,0.506016139781079,-0.0187892677179969,0.0373333333333333,-0.00733333333333333,FALSE,0,28
"Int-UMAP","Int-Euclidean",0.773302284710017,-0.0865459871118922,0.774940753868338,-0.0758670741680449,0.152,0.014,FALSE,0,28
"Int-UMAP","Hausdorff",0.901038078500293,-0.0104768599882835,0.900308205156311,0.00678931008929752,0.282,0.0473333333333333,FALSE,0,28
"Int-UMAP","Ichino-Yaguchi",0.87210661980082,0.026324545987112,0.874398546295942,0.0489880551312029,0.285666666666667,0.0443333333333333,FALSE,0,28
"Int-UMAP","Wasserstein",0.855537199765671,0.00927943760984173,0.860212051472533,0.0352313035484583,0.261333333333333,0.0403333333333333,FALSE,0,28
"Int-UMAP","Centers-Euclidean",0.614349150556532,-0.0955711775043936,0.614533516543153,-0.0920789417245703,0.118666666666667,-0.00066666666666667,FALSE,0,28
"C-PCA","Int-Euclidean",0.930359695371998,0.0503034563561805,0.922788330943807,0.0632232431761097,0.339333333333333,0.0693333333333333,FALSE,0,29
"C-PCA","Hausdorff",0.947621558289397,0.0326701816051552,0.939439050803036,0.0400189642274154,0.356666666666667,0.0616666666666667,FALSE,0,29
"C-PCA","Ichino-Yaguchi",0.927373755125952,0.0615079086115993,0.922120219200862,0.0689351754409801,0.353666666666667,0.065,FALSE,0,29
"C-PCA","Wasserstein",0.921970708845929,0.0604124194493263,0.916891193109812,0.0713621682315647,0.336666666666667,0.059,FALSE,0,29
"C-PCA","Centers-Euclidean",0.835605155243117,0.144726420620973,0.834216251450948,0.159925644508165,0.196666666666667,0.038,FALSE,0,29
"V-PCA","Int-Euclidean",0.930516110134739,0.0498359695371998,0.923604052170124,0.061648940571641,0.339,0.0696666666666667,FALSE,0,29
"V-PCA","Hausdorff",0.947751025190392,0.0325190392501465,0.939511544106912,0.0399433959338596,0.358,0.066,FALSE,0,29
"V-PCA","Ichino-Yaguchi",0.92727065026362,0.0618265963678969,0.922005402954907,0.0692017262313507,0.353666666666667,0.064,FALSE,0,29
"V-PCA","Wasserstein",0.921893966022261,0.0606338605741066,0.917063215984788,0.0710704786713466,0.340333333333333,0.0623333333333333,FALSE,0,29
"V-PCA","Centers-Euclidean",0.834722905682484,0.146558875219684,0.834619229385787,0.159209015323212,0.196666666666667,0.0373333333333333,FALSE,0,29
"MR-PCA","Int-Euclidean",0.730029876977153,0.225097832454599,0.740458336960225,0.249431785506651,0.125,0.0226666666666667,FALSE,0,29
"MR-PCA","Hausdorff",0.733512009373169,0.22996719390744,0.743653219765966,0.249038406360116,0.127666666666667,0.024,FALSE,0,29
"MR-PCA","Ichino-Yaguchi",0.714599882835384,0.271678968951377,0.718129596460952,0.299089301047016,0.131666666666667,0.0243333333333333,FALSE,0,29
"MR-PCA","Wasserstein",0.741401874633861,0.240111306385472,0.743114239934859,0.265363558808525,0.141333333333333,0.0236666666666667,FALSE,0,29
"MR-PCA","Centers-Euclidean",0.835605155243117,0.144726420620973,0.834216251450948,0.159925644508165,0.196666666666667,0.038,FALSE,0,29
"SPCA","Int-Euclidean",0.930359695371998,0.0503034563561805,0.922788330943807,0.0632232431761097,0.339333333333333,0.0693333333333333,FALSE,0,29
"SPCA","Hausdorff",0.947621558289397,0.0326701816051552,0.939439050803036,0.0400189642274154,0.356666666666667,0.0616666666666667,FALSE,0,29
"SPCA","Ichino-Yaguchi",0.927373755125952,0.0615079086115993,0.922120219200862,0.0689351754409801,0.353666666666667,0.065,FALSE,0,29
"SPCA","Wasserstein",0.921970708845929,0.0604124194493263,0.916891193109812,0.0713621682315647,0.336666666666667,0.059,FALSE,0,29
"SPCA","Centers-Euclidean",0.835605155243117,0.144726420620973,0.834216251450948,0.159925644508165,0.196666666666667,0.038,FALSE,0,29
"IMDS","Int-Euclidean",0.514125951962507,-0.083635618043351,0.48908093117995,-0.0727813427495874,0.036,-0.00366666666666667,TRUE,0,29
"IMDS","Hausdorff",0.58666373755126,-0.10777855887522,0.586575954471116,-0.139375080117835,0.057,-0.00866666666666667,TRUE,0,29
"IMDS","Ichino-Yaguchi",0.575628588166374,-0.0803913298183948,0.578697858545255,-0.115646639011717,0.0583333333333333,-0.00533333333333334,FALSE,0,29
"IMDS","Wasserstein",0.56922554188635,-0.089727006444054,0.574684784389185,-0.118366687683446,0.054,-0.006,TRUE,0,29
"IMDS","Centers-Euclidean",0.509699472759227,0.000106619800820162,0.501624918654011,-0.017125087294858,0.036,-0.000333333333333335,FALSE,0,29
"Int-UMAP","Int-Euclidean",0.766785002929115,-0.0781441124780317,0.771296071305372,-0.0620816298458529,0.140666666666667,0.0166666666666667,FALSE,0,29
"Int-UMAP","Hausdorff",0.898182776801406,-0.0135887521968365,0.895738451939968,-0.00852845701070781,0.275333333333333,0.00566666666666667,FALSE,0,29
"Int-UMAP","Ichino-Yaguchi",0.86506561218512,0.022871704745167,0.867109254859228,0.0287600207742188,0.279666666666667,0.013,FALSE,0,29
"Int-UMAP","Wasserstein",0.847650263620387,0.00573286467486822,0.853636201394476,0.0129932836882928,0.26,0.0113333333333333,FALSE,0,29
"Int-UMAP","Centers-Euclidean",0.59531985940246,-0.0855899238429996,0.603223934012533,-0.0726998977408574,0.104666666666667,0.005,FALSE,0,29
"C-PCA","Int-Euclidean",0.926330404217926,0.0597562975981253,0.920226000995112,0.069136838268899,0.317333333333333,0.0596666666666667,FALSE,0,30
"C-PCA","Hausdorff",0.948247217340363,0.0306268306971293,0.939246703520487,0.0394691137013895,0.356,0.062,FALSE,0,30
"C-PCA","Ichino-Yaguchi",0.927360281195079,0.0596649091974224,0.920322989823365,0.0713915533426274,0.341333333333333,0.064,FALSE,0,30
"C-PCA","Wasserstein",0.922289396602226,0.0583503222026948,0.916264630572152,0.0718608477361214,0.327,0.068,FALSE,0,30
"C-PCA","Centers-Euclidean",0.837380199179848,0.135268892794376,0.834825808666251,0.157172360463708,0.206,0.0573333333333333,FALSE,0,30
"V-PCA","Int-Euclidean",0.926625073227885,0.0593286467486819,0.920550076966854,0.0687161588021081,0.317,0.0616666666666667,FALSE,0,30
"V-PCA","Hausdorff",0.948087873462214,0.0308588166373754,0.93928635829878,0.0394535883041701,0.354333333333333,0.0623333333333333,FALSE,0,30
"V-PCA","Ichino-Yaguchi",0.927119507908612,0.0601511423550088,0.919736936398375,0.0725949842512323,0.34,0.0636666666666667,FALSE,0,30
"V-PCA","Wasserstein",0.922182776801406,0.0586666666666668,0.915615093885437,0.0732245526949299,0.325666666666667,0.0663333333333333,FALSE,0,30
"V-PCA","Centers-Euclidean",0.83774165202109,0.134653778558875,0.834806221918459,0.157262158452391,0.207,0.0603333333333333,FALSE,0,30
"MR-PCA","Int-Euclidean",0.735609841827768,0.213577035735208,0.737836793118901,0.250144779356825,0.126666666666667,0.0286666666666667,FALSE,0,30
"MR-PCA","Hausdorff",0.767642647920328,0.173056824838899,0.792725724276744,0.159415365092465,0.160666666666667,0.02,FALSE,0,30
"MR-PCA","Ichino-Yaguchi",0.722494434680726,0.247854715875805,0.740996056398657,0.246280883650404,0.135333333333333,0.0253333333333333,FALSE,0,30
"MR-PCA","Wasserstein",0.750389572349151,0.216893966022261,0.760961277390321,0.222847824241389,0.149333333333333,0.0243333333333333,FALSE,0,30
"MR-PCA","Centers-Euclidean",0.837380199179848,0.135268892794376,0.834825808666251,0.157172360463708,0.206,0.0573333333333333,FALSE,0,30
"SPCA","Int-Euclidean",0.926330404217926,0.0597562975981253,0.920226000995112,0.069136838268899,0.317333333333333,0.0596666666666667,FALSE,0,30
"SPCA","Hausdorff",0.948247217340363,0.0306268306971293,0.939246703520487,0.0394691137013895,0.356,0.062,FALSE,0,30
"SPCA","Ichino-Yaguchi",0.927360281195079,0.0596649091974224,0.920322989823365,0.0713915533426274,0.341333333333333,0.064,FALSE,0,30
"SPCA","Wasserstein",0.922289396602226,0.0583503222026948,0.916264630572152,0.0718608477361214,0.327,0.068,FALSE,0,30
"SPCA","Centers-Euclidean",0.837380199179848,0.135268892794376,0.834825808666251,0.157172360463708,0.206,0.0573333333333333,FALSE,0,30
"IMDS","Int-Euclidean",0.55282366725249,-0.0517914469830112,0.53790748948048,-0.0608554074760476,0.029,0.003,TRUE,0,30
"IMDS","Hausdorff",0.586987111892209,-0.0579929701230228,0.587861647110623,-0.0921428364177644,0.065,-0.00966666666666667,TRUE,0,30
"IMDS","Ichino-Yaguchi",0.576271821909783,-0.0508611599297012,0.576403861744902,-0.0852181822619919,0.061,-0.00466666666666667,FALSE,0,30
"IMDS","Wasserstein",0.570379027533685,-0.0506373755125953,0.574016256609194,-0.0830161043181421,0.058,-0.00466666666666667,TRUE,0,30
"IMDS","Centers-Euclidean",0.519385471587581,0.00278734622144106,0.514944381527157,-0.0134045278647337,0.0346666666666667,-0.00833333333333333,FALSE,0,30
"Int-UMAP","Int-Euclidean",0.762959578207381,-0.101373169302871,0.764644126362886,-0.08066998237446,0.154666666666667,0.00266666666666666,FALSE,0,30
"Int-UMAP","Hausdorff",0.900843585237258,-0.00794844756883417,0.897611169781034,0.00282136213599254,0.276666666666667,0.00899999999999999,FALSE,0,30
"Int-UMAP","Ichino-Yaguchi",0.867762741652021,0.0245518453427065,0.867971310484456,0.0414202998137966,0.283333333333333,0.018,FALSE,0,30
"Int-UMAP","Wasserstein",0.853564147627417,0.0122507322788518,0.85545156599568,0.031094309457566,0.255333333333333,0.0203333333333333,FALSE,0,30
"Int-UMAP","Centers-Euclidean",0.602022261277094,-0.0938957234915055,0.605533878387919,-0.0970460617488018,0.099,-0.005,FALSE,0,30
"C-PCA","Int-Euclidean",0.926739308728764,0.058579964850615,0.918386067947907,0.0718273222120951,0.333,0.0723333333333333,FALSE,0,31
"C-PCA","Hausdorff",0.946132396016403,0.0331997656707674,0.937519223291074,0.0418304002721588,0.349333333333333,0.0606666666666667,FALSE,0,31
"C-PCA","Ichino-Yaguchi",0.923353837141183,0.063211482132396,0.917693997230207,0.0731419562921612,0.343666666666667,0.0746666666666667,FALSE,0,31
"C-PCA","Wasserstein",0.918275336848272,0.0618301113063854,0.913958354538174,0.0732307364485143,0.320666666666667,0.0703333333333333,FALSE,0,31
"C-PCA","Centers-Euclidean",0.831060925600469,0.149648506151142,0.83397182354564,0.159829017985235,0.227666666666667,0.0466666666666667,FALSE,0,31
"V-PCA","Int-Euclidean",0.926925600468658,0.0582237844171061,0.918891390996068,0.0708761586670112,0.333333333333333,0.072,FALSE,0,31
"V-PCA","Hausdorff",0.946089630931459,0.0331892208553017,0.937702288034882,0.0414377027508953,0.349,0.0576666666666667,FALSE,0,31
"V-PCA","Ichino-Yaguchi",0.923444053895724,0.0628529584065612,0.917456650398236,0.0734572141207579,0.344333333333333,0.0753333333333333,FALSE,0,31
"V-PCA","Wasserstein",0.918390158172232,0.0614481546572935,0.913952225283907,0.0730108125111397,0.323666666666667,0.0756666666666667,FALSE,0,31
"V-PCA","Centers-Euclidean",0.831762741652021,0.148176918570592,0.83388268338675,0.159972237586936,0.227666666666667,0.0466666666666667,FALSE,0,31
"MR-PCA","Int-Euclidean",0.732413591095489,0.215596953719977,0.743424413974976,0.236818976140506,0.131,0.0263333333333333,FALSE,0,31
"MR-PCA","Hausdorff",0.746993555946104,0.19578676039836,0.771555117309398,0.188925784671199,0.134333333333333,0.023,FALSE,0,31
"MR-PCA","Ichino-Yaguchi",0.712670181605155,0.2557539543058,0.732595499308166,0.25403099061491,0.128333333333333,0.017,FALSE,0,31
"MR-PCA","Wasserstein",0.740033391915641,0.229625073227885,0.752476906489763,0.236494333682897,0.141666666666667,0.022,FALSE,0,31
"MR-PCA","Centers-Euclidean",0.831060925600469,0.149648506151142,0.83397182354564,0.159829017985235,0.227666666666667,0.0466666666666667,FALSE,0,31
"SPCA","Int-Euclidean",0.926739308728764,0.058579964850615,0.918386067947907,0.0718273222120951,0.333,0.0723333333333333,FALSE,0,31
"SPCA","Hausdorff",0.946132396016403,0.0331997656707674,0.937519223291074,0.0418304002721588,0.349333333333333,0.0606666666666667,FALSE,0,31
"SPCA","Ichino-Yaguchi",0.923353837141183,0.063211482132396,0.917693997230207,0.0731419562921612,0.343666666666667,0.0746666666666667,FALSE,0,31
"SPCA","Wasserstein",0.918275336848272,0.0618301113063854,0.913958354538174,0.0732307364485143,0.320666666666667,0.0703333333333333,FALSE,0,31
"SPCA","Centers-Euclidean",0.831060925600469,0.149648506151142,0.83397182354564,0.159829017985235,0.227666666666667,0.0466666666666667,FALSE,0,31
"IMDS","Int-Euclidean",0.555917398945519,-0.0339648506151142,0.546379700124796,-0.019217517216795,0.0363333333333333,-0.005,TRUE,0,31
"IMDS","Hausdorff",0.589372583479789,-0.0874786174575278,0.598631627289758,-0.107699877015765,0.0586666666666667,-0.00833333333333333,TRUE,0,31
"IMDS","Ichino-Yaguchi",0.575395430579965,-0.0663620386643234,0.583721205745978,-0.0777184589803592,0.057,-0.01,TRUE,0,31
"IMDS","Wasserstein",0.569614528412419,-0.0750931458699473,0.579713196956083,-0.0907322912142647,0.0543333333333333,-0.00533333333333333,TRUE,0,31
"IMDS","Centers-Euclidean",0.504396016403046,-0.012623315758641,0.498242621905379,-0.0214561741816621,0.0243333333333333,-0.004,FALSE,0,31
"Int-UMAP","Int-Euclidean",0.788448154657294,-0.104272993555946,0.79446723616151,-0.0961018787219772,0.187333333333333,0.00333333333333333,FALSE,0,31
"Int-UMAP","Hausdorff",0.90572114821324,-0.0110884592852958,0.903112115996655,-0.00397511115941848,0.307666666666667,0.0203333333333333,FALSE,0,31
"Int-UMAP","Ichino-Yaguchi",0.871592852958406,0.0226889279437611,0.875850751238554,0.0311159863693368,0.307,0.0253333333333333,FALSE,0,31
"Int-UMAP","Wasserstein",0.855896895137668,0.00206912712360863,0.864412630915421,0.0157525580521361,0.283,0.0163333333333334,FALSE,0,31
"Int-UMAP","Centers-Euclidean",0.600424135910955,-0.0873813708260105,0.611980358599371,-0.0927286411416425,0.111666666666667,-0.0126666666666667,FALSE,0,31
"C-PCA","Int-Euclidean",0.926257176332748,0.0611259519625074,0.917762267988344,0.0743868972586536,0.341666666666667,0.0616666666666667,FALSE,0,32
"C-PCA","Hausdorff",0.948378441710603,0.0329818394844756,0.939706653199962,0.0414290227750346,0.357666666666667,0.0653333333333333,FALSE,0,32
"C-PCA","Ichino-Yaguchi",0.925570005858231,0.0565342706502636,0.920952954346612,0.0683444826656092,0.345333333333333,0.0796666666666667,FALSE,0,32
"C-PCA","Wasserstein",0.921924428822496,0.0558652606912713,0.917790590746507,0.0673796789391455,0.332,0.082,FALSE,0,32
"C-PCA","Centers-Euclidean",0.840414176918571,0.13388517867604,0.835515620348848,0.159224932194405,0.210333333333333,0.056,FALSE,0,32
"V-PCA","Int-Euclidean",0.925947861745753,0.0617000585823081,0.917290452041905,0.0751555141872471,0.34,0.0613333333333333,FALSE,0,32
"V-PCA","Hausdorff",0.948506736965436,0.0327650849443468,0.939528690666938,0.0417840390073878,0.360333333333333,0.07,FALSE,0,32
"V-PCA","Ichino-Yaguchi",0.925656121851201,0.0562987697715289,0.92094090232141,0.0682698032482515,0.345,0.078,FALSE,0,32
"V-PCA","Wasserstein",0.922153485647335,0.0553673110720562,0.917723616458057,0.0674920642084865,0.333666666666667,0.086,FALSE,0,32
"V-PCA","Centers-Euclidean",0.840580550673697,0.133695371997657,0.835151978639952,0.160044996479037,0.209666666666667,0.058,FALSE,0,32
"MR-PCA","Int-Euclidean",0.742342120679555,0.224888107791447,0.745014816906088,0.254386963271912,0.132666666666667,0.0336666666666667,FALSE,0,32
"MR-PCA","Hausdorff",0.765825424721734,0.185630931458699,0.784913812015426,0.185282998070417,0.168,0.0433333333333333,FALSE,0,32
"MR-PCA","Ichino-Yaguchi",0.721873462214411,0.257764499121265,0.733188376661826,0.274015700102075,0.142666666666667,0.036,FALSE,0,32
"MR-PCA","Wasserstein",0.750008787346221,0.226110134739309,0.755597301009558,0.247371095680384,0.154,0.044,FALSE,0,32
"MR-PCA","Centers-Euclidean",0.840414176918571,0.13388517867604,0.835515620348848,0.159224932194405,0.210333333333333,0.056,FALSE,0,32
"SPCA","Int-Euclidean",0.926257176332748,0.0611259519625074,0.917762267988344,0.0743868972586536,0.341666666666667,0.0616666666666667,FALSE,0,32
"SPCA","Hausdorff",0.948378441710603,0.0329818394844756,0.939706653199962,0.0414290227750346,0.357666666666667,0.0653333333333333,FALSE,0,32
"SPCA","Ichino-Yaguchi",0.925570005858231,0.0565342706502636,0.920952954346612,0.0683444826656092,0.345333333333333,0.0796666666666667,FALSE,0,32
"SPCA","Wasserstein",0.921924428822496,0.0558652606912713,0.917790590746507,0.0673796789391455,0.332,0.082,FALSE,0,32
"SPCA","Centers-Euclidean",0.840414176918571,0.13388517867604,0.835515620348848,0.159224932194405,0.210333333333333,0.056,FALSE,0,32
"IMDS","Int-Euclidean",0.539963678968951,0.0128599882835385,0.531048032628358,0.00116212503126034,0.0276666666666667,-0.000999999999999999,TRUE,0,32
"IMDS","Hausdorff",0.58968424135911,-0.0857469244288225,0.594649165630796,-0.111562432499525,0.054,-0.00366666666666667,TRUE,0,32
"IMDS","Ichino-Yaguchi",0.572980667838313,-0.0686420620972467,0.575946485047306,-0.0846417759838548,0.0543333333333333,0.000666666666666666,FALSE,0,32
"IMDS","Wasserstein",0.568861159929701,-0.0818113649677799,0.572386350116206,-0.0957883756178957,0.0483333333333333,0.000666666666666666,FALSE,0,32
"IMDS","Centers-Euclidean",0.498899238429994,0.0118207381370826,0.495604031291513,0.0167714143555502,0.0346666666666667,0.00333333333333333,TRUE,0,32
"Int-UMAP","Int-Euclidean",0.769039835969537,-0.0894868189806678,0.764828040067898,-0.0535139962691763,0.169666666666667,0.015,FALSE,0,32
"Int-UMAP","Hausdorff",0.908623315758641,-0.00171997656707679,0.904704338897944,0.00766462900625636,0.291333333333333,0.0216666666666667,FALSE,0,32
"Int-UMAP","Ichino-Yaguchi",0.875272993555946,0.0208845928529584,0.87685866162264,0.0318631060036295,0.295333333333333,0.0226666666666667,FALSE,0,32
"Int-UMAP","Wasserstein",0.860043936731107,0.00589220855301698,0.863987014270992,0.0200524651883688,0.274333333333333,0.0196666666666667,FALSE,0,32
"Int-UMAP","Centers-Euclidean",0.60822144112478,-0.0753391915641476,0.61522607084635,-0.0782915784123137,0.114333333333333,-0.000333333333333338,FALSE,0,32
"C-PCA","Int-Euclidean",0.929968951376684,0.0528002343292325,0.921457122162754,0.0666159055414753,0.334333333333333,0.0916666666666667,FALSE,0,33
"C-PCA","Hausdorff",0.945839484475688,0.0319461042765085,0.936946331835139,0.0401158501978018,0.358666666666667,0.0503333333333333,FALSE,0,33
"C-PCA","Ichino-Yaguchi",0.925974223784417,0.0599226713532514,0.919220914596806,0.0703969929886244,0.345,0.0573333333333333,FALSE,0,33
"C-PCA","Wasserstein",0.920404803749268,0.0581288810779145,0.914475375749769,0.0717690202235454,0.327666666666667,0.0613333333333333,FALSE,0,33
"C-PCA","Centers-Euclidean",0.830161687170474,0.144414762741652,0.830797718029127,0.157942999240233,0.214333333333333,0.041,FALSE,0,33
"V-PCA","Int-Euclidean",0.930625659050967,0.0518008201523139,0.922197369509827,0.0653559811005577,0.336333333333333,0.0876666666666667,FALSE,0,33
"V-PCA","Hausdorff",0.945755711775044,0.0323268892794376,0.937198074162979,0.0397062640287769,0.359,0.0493333333333333,FALSE,0,33
"V-PCA","Ichino-Yaguchi",0.926463971880492,0.0588681898066784,0.919185530722801,0.0705016485659848,0.348333333333333,0.059,FALSE,0,33
"V-PCA","Wasserstein",0.920800820152314,0.0573415348564734,0.914840115120982,0.0711326693013633,0.33,0.063,FALSE,0,33
"V-PCA","Centers-Euclidean",0.831091388400703,0.142939660222613,0.831512560250531,0.156621030012544,0.213666666666667,0.0376666666666667,FALSE,0,33
"MR-PCA","Int-Euclidean",0.734913298183948,0.217404803749268,0.743782525154506,0.240424829090907,0.135666666666667,0.0336666666666667,FALSE,0,33
"MR-PCA","Hausdorff",0.7448769771529,0.206459285295841,0.765682805066072,0.201227382974997,0.146666666666667,0.025,FALSE,0,33
"MR-PCA","Ichino-Yaguchi",0.711906268306971,0.260623315758641,0.726320479323803,0.265839839861047,0.128333333333333,0.0256666666666667,FALSE,0,33
"MR-PCA","Wasserstein",0.739054481546573,0.234917398945518,0.750561583231281,0.236737030659167,0.146666666666667,0.0236666666666667,FALSE,0,33
"MR-PCA","Centers-Euclidean",0.830161687170474,0.144414762741652,0.830797718029127,0.157942999240233,0.214333333333333,0.041,FALSE,0,33
"SPCA","Int-Euclidean",0.929968951376684,0.0528002343292325,0.921457122162754,0.0666159055414753,0.334333333333333,0.0916666666666667,FALSE,0,33
"SPCA","Hausdorff",0.945839484475688,0.0319461042765085,0.936946331835139,0.0401158501978018,0.358666666666667,0.0503333333333333,FALSE,0,33
"SPCA","Ichino-Yaguchi",0.925974223784417,0.0599226713532514,0.919220914596806,0.0703969929886244,0.345,0.0573333333333333,FALSE,0,33
"SPCA","Wasserstein",0.920404803749268,0.0581288810779145,0.914475375749769,0.0717690202235454,0.327666666666667,0.0613333333333333,FALSE,0,33
"SPCA","Centers-Euclidean",0.830161687170474,0.144414762741652,0.830797718029127,0.157942999240233,0.214333333333333,0.041,FALSE,0,33
"IMDS","Int-Euclidean",0.554739894551845,-0.0779953134153485,0.541680122625,-0.0708944642970363,0.04,-0.003,TRUE,0,33
"IMDS","Hausdorff",0.605060339777387,-0.109408318687756,0.608148286656587,-0.134475946073616,0.0656666666666667,-0.0156666666666667,TRUE,0,33
"IMDS","Ichino-Yaguchi",0.597110134739309,-0.0922261277094318,0.601514090069411,-0.101283124263204,0.067,-0.01,FALSE,0,33
"IMDS","Wasserstein",0.585728178090217,-0.0993157586408905,0.589698489048631,-0.108610445477424,0.0583333333333333,-0.00966666666666667,FALSE,0,33
"IMDS","Centers-Euclidean",0.510670767428237,-0.0173766842413592,0.503226399530968,-0.00999179439848341,0.0336666666666667,0,FALSE,0,33
"Int-UMAP","Int-Euclidean",0.776712360867018,-0.113954305799648,0.780469099424103,-0.105131195209955,0.166666666666667,0.0136666666666667,FALSE,0,33
"Int-UMAP","Hausdorff",0.902994141769186,-0.0021195079086116,0.900658479180416,0.00593286635861504,0.269666666666667,0.0216666666666667,FALSE,0,33
"Int-UMAP","Ichino-Yaguchi",0.872722319859403,0.0300773286467487,0.875611399445765,0.0423245924103482,0.273333333333333,0.0243333333333333,FALSE,0,33
"Int-UMAP","Wasserstein",0.854592852958407,0.0127357937902753,0.860588410712386,0.0314707385486571,0.240333333333333,0.0316666666666667,FALSE,0,33
"Int-UMAP","Centers-Euclidean",0.602597539543058,-0.0954821323960164,0.596144486442182,-0.107436418102186,0.103333333333333,0.004,FALSE,0,33
"C-PCA","Int-Euclidean",0.928432337434095,0.0540105448154657,0.921726967475268,0.0636030665768272,0.329666666666667,0.0586666666666667,FALSE,0,34
"C-PCA","Hausdorff",0.946093145869947,0.0310333919156415,0.936474446037462,0.041456677724655,0.351,0.0506666666666667,FALSE,0,34
"C-PCA","Ichino-Yaguchi",0.926356180433509,0.0563280609256005,0.917682345122534,0.0723801172364762,0.342666666666667,0.071,FALSE,0,34
"C-PCA","Wasserstein",0.921067369654364,0.057038078500293,0.913665849790976,0.0724698123672922,0.322666666666667,0.0643333333333333,FALSE,0,34
"C-PCA","Centers-Euclidean",0.828891036906854,0.143574692442882,0.828763198621766,0.158469563973218,0.203333333333333,0.037,FALSE,0,34
"V-PCA","Int-Euclidean",0.928562390158172,0.0538418277680141,0.921648389437694,0.0637808709850698,0.330333333333333,0.06,FALSE,0,34
"V-PCA","Hausdorff",0.946072642062097,0.0310931458699473,0.936415471634794,0.0415188253692943,0.349333333333333,0.0513333333333333,FALSE,0,34
"V-PCA","Ichino-Yaguchi",0.926092560046866,0.0569256004686584,0.917913185810588,0.0720488197213227,0.342333333333333,0.067,FALSE,0,34
"V-PCA","Wasserstein",0.920817223198594,0.057618043350908,0.913658451700478,0.0724925086465854,0.321333333333333,0.0626666666666667,FALSE,0,34
"V-PCA","Centers-Euclidean",0.828817809021675,0.143550087873462,0.829936083046521,0.156106333849311,0.204666666666667,0.0373333333333333,FALSE,0,34
"MR-PCA","Int-Euclidean",0.728786174575278,0.221928529584066,0.735837372807419,0.247860782029902,0.128666666666667,0.032,FALSE,0,34
"MR-PCA","Hausdorff",0.759117164616286,0.178358523725835,0.785600983167694,0.166943011982327,0.154666666666667,0.0206666666666667,FALSE,0,34
"MR-PCA","Ichino-Yaguchi",0.710871118922086,0.254721734036321,0.73466893736923,0.249516816724014,0.129,0.021,FALSE,0,34
"MR-PCA","Wasserstein",0.739006444053896,0.225825424721734,0.756534101297805,0.226208866256064,0.146666666666667,0.018,FALSE,0,34
"MR-PCA","Centers-Euclidean",0.828891036906854,0.143574692442882,0.828763198621766,0.158469563973218,0.203333333333333,0.037,FALSE,0,34
"SPCA","Int-Euclidean",0.928432337434095,0.0540105448154657,0.921726967475268,0.0636030665768272,0.329666666666667,0.0586666666666667,FALSE,0,34
"SPCA","Hausdorff",0.946093145869947,0.0310333919156415,0.936474446037462,0.041456677724655,0.351,0.0506666666666667,FALSE,0,34
"SPCA","Ichino-Yaguchi",0.926356180433509,0.0563280609256005,0.917682345122534,0.0723801172364762,0.342666666666667,0.071,FALSE,0,34
"SPCA","Wasserstein",0.921067369654364,0.057038078500293,0.913665849790976,0.0724698123672922,0.322666666666667,0.0643333333333333,FALSE,0,34
"SPCA","Centers-Euclidean",0.828891036906854,0.143574692442882,0.828763198621766,0.158469563973218,0.203333333333333,0.037,FALSE,0,34
"IMDS","Int-Euclidean",0.534775629759813,-0.0110345635618043,0.52377327638999,0.00215914015735413,0.035,0.005,TRUE,0,34
"IMDS","Hausdorff",0.587653778558875,-0.0628717047451669,0.592415224008316,-0.0998310643962404,0.0486666666666667,-0.006,TRUE,0,34
"IMDS","Ichino-Yaguchi",0.574167545401289,-0.0468306971294669,0.580414408974856,-0.0792940864555686,0.0496666666666667,-0.00333333333333333,FALSE,0,34
"IMDS","Wasserstein",0.56774985354423,-0.0505905096660808,0.575629975269591,-0.086984790698824,0.0456666666666667,0.00266666666666666,FALSE,0,34
"IMDS","Centers-Euclidean",0.508660808435852,0.00949970708845926,0.507920707484046,0.00337730123369567,0.0283333333333333,0.00166666666666667,FALSE,0,34
"Int-UMAP","Int-Euclidean",0.79222144112478,-0.0811810193321616,0.793184752840988,-0.0705949867075396,0.183,0.0166666666666667,FALSE,0,34
"Int-UMAP","Hausdorff",0.900670767428237,-0.0082425307557118,0.899229872442428,-0.00401230118687233,0.282,0.0103333333333333,FALSE,0,34
"Int-UMAP","Ichino-Yaguchi",0.871042179261863,0.0284018746338606,0.87493313394259,0.0349640051195584,0.282666666666667,0.023,FALSE,0,34
"Int-UMAP","Wasserstein",0.855555946104277,0.00814997070884593,0.861280439979901,0.0195024396504491,0.266333333333333,0.0166666666666667,FALSE,0,34
"Int-UMAP","Centers-Euclidean",0.600431165787932,-0.0762858816637375,0.60540516404832,-0.0744863423941904,0.109,0.0146666666666667,FALSE,0,34
"C-PCA","Int-Euclidean",0.933652021089631,0.0494340949033393,0.927464063073058,0.0562499664176739,0.349333333333333,0.053,FALSE,0,35
"C-PCA","Hausdorff",0.946814879906268,0.0330251903925015,0.938968607318291,0.0417203791985776,0.357333333333333,0.0853333333333333,FALSE,0,35
"C-PCA","Ichino-Yaguchi",0.924393673110721,0.0602647920328061,0.919842235221205,0.0703280521191561,0.343666666666667,0.0826666666666667,FALSE,0,35
"C-PCA","Wasserstein",0.92015172817809,0.0605682483889864,0.916460876474917,0.0716879927870537,0.326,0.079,FALSE,0,35
"C-PCA","Centers-Euclidean",0.839698886936145,0.134490919742238,0.839801290113993,0.152138571654245,0.226,0.0463333333333333,FALSE,0,35
"V-PCA","Int-Euclidean",0.933297012302285,0.0500292911540715,0.927380627687833,0.0564482779213438,0.348333333333333,0.052,FALSE,0,35
"V-PCA","Hausdorff",0.946879906268307,0.0328646748681898,0.939181683531519,0.0412942697574995,0.358333333333333,0.0856666666666667,FALSE,0,35
"V-PCA","Ichino-Yaguchi",0.924335090802578,0.0603022847100175,0.919669476221641,0.0705507056279987,0.343666666666667,0.0843333333333333,FALSE,0,35
"V-PCA","Wasserstein",0.920185705916813,0.0605729349736379,0.916366595725442,0.0718631152147818,0.326,0.08,FALSE,0,35
"V-PCA","Centers-Euclidean",0.839325717633275,0.135131810193322,0.839002436042748,0.153723359620427,0.225,0.046,FALSE,0,35
"MR-PCA","Int-Euclidean",0.739035149384886,0.2180820152314,0.745651348213336,0.240097919154637,0.135666666666667,0.0323333333333333,FALSE,0,35
"MR-PCA","Hausdorff",0.73336496777973,0.211524311657879,0.748303012522715,0.229462334293289,0.135333333333333,0.0366666666666667,FALSE,0,35
"MR-PCA","Ichino-Yaguchi",0.721022847100176,0.247592267135325,0.732200457548639,0.269000596115074,0.138333333333333,0.036,FALSE,0,35
"MR-PCA","Wasserstein",0.748435266549502,0.216331575864089,0.75776517948007,0.235194437446527,0.151,0.0343333333333333,FALSE,0,35
"MR-PCA","Centers-Euclidean",0.839698886936145,0.134490919742238,0.839801290113993,0.152138571654245,0.226,0.0463333333333333,FALSE,0,35
"SPCA","Int-Euclidean",0.933652021089631,0.0494340949033393,0.927464063073058,0.0562499664176739,0.349333333333333,0.053,FALSE,0,35
"SPCA","Hausdorff",0.946814879906268,0.0330251903925015,0.938968607318291,0.0417203791985776,0.357333333333333,0.0853333333333333,FALSE,0,35
"SPCA","Ichino-Yaguchi",0.924393673110721,0.0602647920328061,0.919842235221205,0.0703280521191561,0.343666666666667,0.0826666666666667,FALSE,0,35
"SPCA","Wasserstein",0.92015172817809,0.0605682483889864,0.916460876474917,0.0716879927870537,0.326,0.079,FALSE,0,35
"SPCA","Centers-Euclidean",0.839698886936145,0.134490919742238,0.839801290113993,0.152138571654245,0.226,0.0463333333333333,FALSE,0,35
"IMDS","Int-Euclidean",0.461955477445811,-0.0329607498535442,0.44949713172393,-0.0205326272063971,0.0346666666666667,0.00833333333333333,TRUE,0,35
"IMDS","Hausdorff",0.56818453427065,-0.0785764499121265,0.572904359223887,-0.0974256610114798,0.054,0.00133333333333333,FALSE,0,35
"IMDS","Ichino-Yaguchi",0.557859402460457,-0.0524545987111893,0.559350621438067,-0.0688129265627065,0.053,-0.005,FALSE,0,35
"IMDS","Wasserstein",0.551390158172232,-0.0587990626830698,0.5520087650255,-0.0738661094533596,0.0503333333333333,-0.005,FALSE,0,35
"IMDS","Centers-Euclidean",0.508900995899238,0.0161476274165202,0.504675676862337,0.0248467379394929,0.03,0.000999999999999999,FALSE,0,35
"Int-UMAP","Int-Euclidean",0.774875805506737,-0.0986748681898066,0.774783085039047,-0.0879183256335776,0.156333333333333,0.00699999999999999,FALSE,0,35
"Int-UMAP","Hausdorff",0.901555360281195,-0.0124956063268893,0.903956625144327,-0.00986843404116435,0.301666666666667,-0.00233333333333333,FALSE,0,35
"Int-UMAP","Ichino-Yaguchi",0.871653778558875,0.0226045694200351,0.881048953743589,0.0184011312523191,0.314666666666667,0.00600000000000001,FALSE,0,35
"Int-UMAP","Wasserstein",0.856567662565905,0.00505096660808446,0.868909741914259,0.00463581636830976,0.284666666666667,0.01,FALSE,0,35
"Int-UMAP","Centers-Euclidean",0.608369654364382,-0.116493263034564,0.609985912310137,-0.132396173810146,0.123,-0.0113333333333333,FALSE,0,35
"C-PCA","Int-Euclidean",0.929972466315173,0.0533462214411248,0.924443542774979,0.0600184284453893,0.347666666666667,0.0556666666666666,FALSE,0,36
"C-PCA","Hausdorff",0.94296719390744,0.0360597539543058,0.935411379273341,0.044331472220009,0.341,0.068,FALSE,0,36
"C-PCA","Ichino-Yaguchi",0.919964850615114,0.0678711189220855,0.916644256700691,0.0746250485312588,0.335,0.075,FALSE,0,36
"C-PCA","Wasserstein",0.914797305213825,0.0690650263620387,0.912160219397366,0.0755336135672905,0.317333333333333,0.0693333333333333,FALSE,0,36
"C-PCA","Centers-Euclidean",0.831912712360867,0.142899824253076,0.829556502973744,0.168026991132577,0.221666666666667,0.0593333333333333,FALSE,0,36
"V-PCA","Int-Euclidean",0.930268892794376,0.0526315172817808,0.924600744138291,0.0597627376035928,0.344666666666667,0.0556666666666667,FALSE,0,36
"V-PCA","Hausdorff",0.943046865846514,0.0361019332161687,0.93506228657952,0.045131606641425,0.338666666666667,0.0653333333333333,FALSE,0,36
"V-PCA","Ichino-Yaguchi",0.920256004686585,0.0675371997656709,0.915964618735822,0.0762177166382426,0.333,0.07,FALSE,0,36
"V-PCA","Wasserstein",0.915886350322203,0.0672993555946104,0.91140171247603,0.07746055132124,0.320666666666667,0.0723333333333333,FALSE,0,36
"V-PCA","Centers-Euclidean",0.831137082601054,0.14422144112478,0.827367675272493,0.172253939801742,0.219666666666667,0.0593333333333333,FALSE,0,36
"MR-PCA","Int-Euclidean",0.726481546572935,0.230080843585237,0.734836766099521,0.254231560386089,0.133,0.0283333333333333,FALSE,0,36
"MR-PCA","Hausdorff",0.723417691857059,0.219339191564148,0.735283148519238,0.247552395720929,0.13,0.0303333333333333,FALSE,0,36
"MR-PCA","Ichino-Yaguchi",0.708812536613943,0.262442882249561,0.715128672121818,0.293817307233226,0.136,0.0313333333333333,FALSE,0,36
"MR-PCA","Wasserstein",0.735899824253076,0.233892208553017,0.739454095685143,0.26290713024554,0.152333333333333,0.033,FALSE,0,36
"MR-PCA","Centers-Euclidean",0.831912712360867,0.142899824253076,0.829556502973744,0.168026991132577,0.221666666666667,0.0593333333333333,FALSE,0,36
"SPCA","Int-Euclidean",0.929972466315173,0.0533462214411248,0.924443542774979,0.0600184284453893,0.347666666666667,0.0556666666666666,FALSE,0,36
"SPCA","Hausdorff",0.94296719390744,0.0360597539543058,0.935411379273341,0.044331472220009,0.341,0.068,FALSE,0,36
"SPCA","Ichino-Yaguchi",0.919964850615114,0.0678711189220855,0.916644256700691,0.0746250485312588,0.335,0.075,FALSE,0,36
"SPCA","Wasserstein",0.914797305213825,0.0690650263620387,0.912160219397366,0.0755336135672905,0.317333333333333,0.0693333333333333,FALSE,0,36
"SPCA","Centers-Euclidean",0.831912712360867,0.142899824253076,0.829556502973744,0.168026991132577,0.221666666666667,0.0593333333333333,FALSE,0,36
"IMDS","Int-Euclidean",0.441817223198594,-0.033609841827768,0.432939191963945,-0.0284298454844552,0.025,0.00166666666666667,TRUE,0,36
"IMDS","Hausdorff",0.556209724663152,-0.0615489162272993,0.558069013177014,-0.0900481436227432,0.0526666666666667,-0.00833333333333333,TRUE,0,36
"IMDS","Ichino-Yaguchi",0.549107205623902,-0.053195079086116,0.547665414256991,-0.0733201782726418,0.0513333333333333,-0.00633333333333333,TRUE,0,36
"IMDS","Wasserstein",0.543789103690685,-0.0618816637375512,0.547161807553544,-0.0782910149968306,0.048,-0.005,FALSE,0,36
"IMDS","Centers-Euclidean",0.506625073227885,-0.00303573520796707,0.502195735297888,-0.00268960581334243,0.0296666666666667,-0.000666666666666668,FALSE,0,36
"Int-UMAP","Int-Euclidean",0.780148799062683,-0.0815465729349737,0.779076784626218,-0.0627382453031183,0.178333333333333,0.00800000000000001,FALSE,0,36
"Int-UMAP","Hausdorff",0.903875805506737,-0.00282601054481546,0.902144885131558,0.00195226535241945,0.284333333333333,0.00566666666666667,FALSE,0,36
"Int-UMAP","Ichino-Yaguchi",0.873582893966022,0.0291107205623902,0.877679729922873,0.0367565890059064,0.294333333333333,0.0193333333333333,FALSE,0,36
"Int-UMAP","Wasserstein",0.859263620386643,0.0169853544229642,0.8645629047246,0.0267559887458141,0.265333333333333,0.0266666666666667,FALSE,0,36
"Int-UMAP","Centers-Euclidean",0.612431165787932,-0.0956203866432337,0.619248125108327,-0.0876053951561314,0.127,-0.004,FALSE,0,36
"C-PCA","Int-Euclidean",0.929334504979496,0.0547041593438782,0.922487370358788,0.0675926116119164,0.341,0.064,FALSE,0,37
"C-PCA","Hausdorff",0.948497363796134,0.0297305213825425,0.940211781278732,0.0396613212814616,0.356333333333333,0.064,FALSE,0,37
"C-PCA","Ichino-Yaguchi",0.928009373169303,0.0547838312829525,0.92196959076232,0.0693227193225259,0.345333333333333,0.0746666666666667,FALSE,0,37
"C-PCA","Wasserstein",0.925389572349151,0.0553509080257762,0.919696095684222,0.0692504946772589,0.334666666666667,0.0713333333333333,FALSE,0,37
"C-PCA","Centers-Euclidean",0.839541886350322,0.137593438781488,0.839657393492597,0.158978493955105,0.219666666666667,0.0496666666666667,FALSE,0,37
"V-PCA","Int-Euclidean",0.929365553602812,0.0546561218512009,0.922721850987198,0.0671266163461416,0.342666666666667,0.0616666666666667,FALSE,0,37
"V-PCA","Hausdorff",0.948069127123609,0.030664323374341,0.94016070927715,0.0398884544807113,0.354666666666667,0.061,FALSE,0,37
"V-PCA","Ichino-Yaguchi",0.927705330990041,0.055469244288225,0.921676993903599,0.0699472108861083,0.346,0.0753333333333333,FALSE,0,37
"V-PCA","Wasserstein",0.925158758055067,0.0558945518453428,0.919277447276516,0.0701610078720043,0.333666666666667,0.068,FALSE,0,37
"V-PCA","Centers-Euclidean",0.838842413591095,0.139081429408319,0.839370218164607,0.159527750361806,0.217333333333333,0.045,FALSE,0,37
"MR-PCA","Int-Euclidean",0.733761570005858,0.216861159929701,0.744689475168499,0.239844600184561,0.143,0.0376666666666667,FALSE,0,37
"MR-PCA","Hausdorff",0.742223784417106,0.203500878734622,0.766911978075001,0.204290699054306,0.147,0.0293333333333333,FALSE,0,37
"MR-PCA","Ichino-Yaguchi",0.713393673110721,0.264579964850615,0.72863644011684,0.278921584385746,0.138333333333333,0.0303333333333333,FALSE,0,37
"MR-PCA","Wasserstein",0.743768014059754,0.23188517867604,0.753784602269352,0.244988319491274,0.157666666666667,0.023,FALSE,0,37
"MR-PCA","Centers-Euclidean",0.839541886350322,0.137593438781488,0.839657393492597,0.158978493955105,0.219666666666667,0.0496666666666667,FALSE,0,37
"SPCA","Int-Euclidean",0.929334504979496,0.0547041593438782,0.922487370358788,0.0675926116119164,0.341,0.064,FALSE,0,37
"SPCA","Hausdorff",0.948497363796134,0.0297305213825425,0.940211781278732,0.0396613212814616,0.356333333333333,0.064,FALSE,0,37
"SPCA","Ichino-Yaguchi",0.928009373169303,0.0547838312829525,0.92196959076232,0.0693227193225259,0.345333333333333,0.0746666666666667,FALSE,0,37
"SPCA","Wasserstein",0.925389572349151,0.0553509080257762,0.919696095684222,0.0692504946772589,0.334666666666667,0.0713333333333333,FALSE,0,37
"SPCA","Centers-Euclidean",0.839541886350322,0.137593438781488,0.839657393492597,0.158978493955105,0.219666666666667,0.0496666666666667,FALSE,0,37
"IMDS","Int-Euclidean",0.547090802577622,-0.0186596367896894,0.533283385092333,-0.0306876954203533,0.033,-0.00533333333333333,TRUE,0,37
"IMDS","Hausdorff",0.573019917984769,-0.0697516110134739,0.580859207076376,-0.0948289235709243,0.0433333333333333,-0.00433333333333333,TRUE,0,37
"IMDS","Ichino-Yaguchi",0.562666080843585,-0.0569338019917985,0.570174110736166,-0.0768840790298446,0.045,-0.00466666666666667,FALSE,0,37
"IMDS","Wasserstein",0.555063854715876,-0.0561312243702401,0.561945069139677,-0.082785635146564,0.042,-0.00666666666666667,FALSE,0,37
"IMDS","Centers-Euclidean",0.501831282952548,0.0222448740480374,0.497252684014644,0.0118804874480395,0.03,-0.00233333333333333,TRUE,0,37
"Int-UMAP","Int-Euclidean",0.789039835969537,-0.0682120679554774,0.794738909120161,-0.0735485519070693,0.175,0.00266666666666666,FALSE,0,37
"Int-UMAP","Hausdorff",0.895764499121265,-0.00674633860574103,0.897880243659542,-0.00419929064916058,0.270666666666667,0.00233333333333334,FALSE,0,37
"Int-UMAP","Ichino-Yaguchi",0.861609256004687,0.0239449326303457,0.872040164308535,0.0270538912282657,0.281,0.0113333333333333,FALSE,0,37
"Int-UMAP","Wasserstein",0.845794376098418,0.00641241944932636,0.857859329738221,0.0112137274416961,0.260333333333333,0.002,FALSE,0,37
"Int-UMAP","Centers-Euclidean",0.591742237844171,-0.0610638547158758,0.596973728104899,-0.0793168825223451,0.105333333333333,-0.011,FALSE,0,37
"C-PCA","Int-Euclidean",0.928854130052724,0.0529888693614529,0.923110751210921,0.0639786083269124,0.336,0.0716666666666667,FALSE,0,38
"C-PCA","Hausdorff",0.946420035149385,0.0305694200351494,0.938998104498374,0.0375534841720932,0.359,0.072,FALSE,0,38
"C-PCA","Ichino-Yaguchi",0.924804920913884,0.0575301698886936,0.921167555005547,0.0655960636447639,0.35,0.068,FALSE,0,38
"C-PCA","Wasserstein",0.921500878734622,0.057593438781488,0.917335166045605,0.0653682564962036,0.330333333333333,0.0606666666666667,FALSE,0,38
"C-PCA","Centers-Euclidean",0.835067369654364,0.141106033977739,0.833137557966933,0.161139290584683,0.218333333333333,0.054,FALSE,0,38
"V-PCA","Int-Euclidean",0.928769185705917,0.0532454598711189,0.923126116948167,0.0640885618520434,0.337,0.0746666666666667,FALSE,0,38
"V-PCA","Hausdorff",0.9461640304628,0.0311329818394844,0.939076605776344,0.0374195463415376,0.357,0.069,FALSE,0,38
"V-PCA","Ichino-Yaguchi",0.92494669009959,0.0572302284710018,0.921152669015817,0.0656185281100573,0.348666666666667,0.0676666666666667,FALSE,0,38
"V-PCA","Wasserstein",0.921620972466315,0.057435266549502,0.917380474936224,0.0653605912822891,0.331,0.0603333333333333,FALSE,0,38
"V-PCA","Centers-Euclidean",0.836480374926772,0.138462800234329,0.832536221705067,0.162493406733936,0.218,0.0546666666666667,FALSE,0,38
"MR-PCA","Int-Euclidean",0.722641476274165,0.216015231400117,0.732883992598532,0.244048170949162,0.141666666666667,0.0343333333333333,FALSE,0,38
"MR-PCA","Hausdorff",0.736746924428823,0.20725834797891,0.749131772135128,0.22520115084137,0.138333333333333,0.0376666666666667,FALSE,0,38
"MR-PCA","Ichino-Yaguchi",0.716423550087874,0.255391915641476,0.719477233332151,0.284209990937761,0.134666666666667,0.0343333333333333,FALSE,0,38
"MR-PCA","Wasserstein",0.741482718219098,0.228390158172232,0.741903016391399,0.255884607596468,0.151,0.0353333333333333,FALSE,0,38
"MR-PCA","Centers-Euclidean",0.835067369654364,0.141106033977739,0.833137557966933,0.161139290584683,0.218333333333333,0.054,FALSE,0,38
"SPCA","Int-Euclidean",0.928854130052724,0.0529888693614529,0.923110751210921,0.0639786083269124,0.336,0.0716666666666667,FALSE,0,38
"SPCA","Hausdorff",0.946420035149385,0.0305694200351494,0.938998104498374,0.0375534841720932,0.359,0.072,FALSE,0,38
"SPCA","Ichino-Yaguchi",0.924804920913884,0.0575301698886936,0.921167555005547,0.0655960636447639,0.35,0.068,FALSE,0,38
"SPCA","Wasserstein",0.921500878734622,0.057593438781488,0.917335166045605,0.0653682564962036,0.330333333333333,0.0606666666666667,FALSE,0,38
"SPCA","Centers-Euclidean",0.835067369654364,0.141106033977739,0.833137557966933,0.161139290584683,0.218333333333333,0.054,FALSE,0,38
"IMDS","Int-Euclidean",0.515131810193322,-0.0803702401874634,0.49998142878175,-0.0729288532130726,0.0346666666666667,-0.00266666666666667,TRUE,0,38
"IMDS","Hausdorff",0.581761570005858,-0.0891072056239016,0.581505327193179,-0.105762664221413,0.054,-0.00333333333333333,TRUE,0,38
"IMDS","Ichino-Yaguchi",0.56963913298184,-0.0663526654950205,0.570214708122379,-0.0847206618274343,0.047,-0.004,TRUE,0,38
"IMDS","Wasserstein",0.563381956649092,-0.0731423550087873,0.565523894266411,-0.0935983873114535,0.044,0,FALSE,0,38
"IMDS","Centers-Euclidean",0.505213825424722,0.0105377855887522,0.492062766173517,0.00358328716243239,0.0343333333333333,0,TRUE,0,38
"Int-UMAP","Int-Euclidean",0.755596367896895,-0.0784100761570006,0.745730621692908,-0.0383718674214285,0.147,0.0116666666666667,FALSE,0,38
"Int-UMAP","Hausdorff",0.904271821909783,0.00108025776215581,0.903893765170576,0.0111442369734733,0.285333333333333,0.0133333333333333,FALSE,0,38
"Int-UMAP","Ichino-Yaguchi",0.869649677797305,0.0334809607498535,0.875550035516668,0.0487212019079981,0.287333333333333,0.0333333333333333,FALSE,0,38
"Int-UMAP","Wasserstein",0.855289982425308,0.0142542472173403,0.863640919039651,0.0331153652306327,0.267666666666667,0.0373333333333333,FALSE,0,38
"Int-UMAP","Centers-Euclidean",0.59626654950205,-0.0978242530755711,0.60182473694868,-0.118254293202953,0.117333333333333,-0.00933333333333333,FALSE,0,38
"C-PCA","Int-Euclidean",0.934806092560047,0.0505987111892209,0.928407350315321,0.0573168005430896,0.359333333333333,0.0683333333333333,FALSE,0,39
"C-PCA","Hausdorff",0.948400702987698,0.0303409490333919,0.939097156624745,0.0400563937448293,0.369,0.0726666666666667,FALSE,0,39
"C-PCA","Ichino-Yaguchi",0.928432923257176,0.056357352079672,0.921725274926031,0.068490170856129,0.356,0.081,FALSE,0,39
"C-PCA","Wasserstein",0.924759812536614,0.0575688342120679,0.918560271563192,0.0699833677293113,0.337666666666667,0.083,FALSE,0,39
"C-PCA","Centers-Euclidean",0.834138840070299,0.142977152899824,0.830315335355795,0.167897130772111,0.211,0.0546666666666667,FALSE,0,39
"V-PCA","Int-Euclidean",0.935461628588166,0.049343878148799,0.928976458290444,0.0564778395794925,0.359333333333333,0.0703333333333333,FALSE,0,39
"V-PCA","Hausdorff",0.949078500292912,0.0292595196250732,0.939276249059119,0.0401157504103185,0.374,0.0723333333333333,FALSE,0,39
"V-PCA","Ichino-Yaguchi",0.929340949033392,0.0549982425307558,0.922318921410909,0.0677603159916504,0.361666666666667,0.0833333333333333,FALSE,0,39
"V-PCA","Wasserstein",0.925543643819567,0.056390158172232,0.918964031678381,0.0695673982317351,0.341666666666667,0.0833333333333333,FALSE,0,39
"V-PCA","Centers-Euclidean",0.83469654364382,0.142269478617458,0.832039051294297,0.164691031085643,0.21,0.05,FALSE,0,39
"MR-PCA","Int-Euclidean",0.735308728763913,0.226556531927358,0.736016648697244,0.255890341538781,0.143,0.0313333333333333,FALSE,0,39
"MR-PCA","Hausdorff",0.720005272407733,0.232373755125952,0.730127824695806,0.253638271600958,0.122333333333333,0.0246666666666667,FALSE,0,39
"MR-PCA","Ichino-Yaguchi",0.712963678968951,0.265582893966022,0.719716166785107,0.291701837148976,0.130333333333333,0.024,FALSE,0,39
"MR-PCA","Wasserstein",0.738172817809022,0.235776215582894,0.743869300350039,0.258775645958922,0.149333333333333,0.0273333333333333,FALSE,0,39
"MR-PCA","Centers-Euclidean",0.834138840070299,0.142977152899824,0.830315335355795,0.167897130772111,0.211,0.0546666666666667,FALSE,0,39
"SPCA","Int-Euclidean",0.934806092560047,0.0505987111892209,0.928407350315321,0.0573168005430896,0.359333333333333,0.0683333333333333,FALSE,0,39
"SPCA","Hausdorff",0.948400702987698,0.0303409490333919,0.939097156624745,0.0400563937448293,0.369,0.0726666666666667,FALSE,0,39
"SPCA","Ichino-Yaguchi",0.928432923257176,0.056357352079672,0.921725274926031,0.068490170856129,0.356,0.081,FALSE,0,39
"SPCA","Wasserstein",0.924759812536614,0.0575688342120679,0.918560271563192,0.0699833677293113,0.337666666666667,0.083,FALSE,0,39
"SPCA","Centers-Euclidean",0.834138840070299,0.142977152899824,0.830315335355795,0.167897130772111,0.211,0.0546666666666667,FALSE,0,39
"IMDS","Int-Euclidean",0.537106033977739,-0.0168857644991212,0.52579199636835,-0.0295648835871543,0.0346666666666667,0.00233333333333333,TRUE,0,39
"IMDS","Hausdorff",0.606456942003515,-0.104548330404218,0.610231275915001,-0.134800699065053,0.0693333333333333,-0.012,TRUE,0,39
"IMDS","Ichino-Yaguchi",0.595112478031634,-0.094829525483304,0.59660406844316,-0.118719636012105,0.061,-0.00666666666666667,FALSE,0,39
"IMDS","Wasserstein",0.586714118336262,-0.0970251903925015,0.58927171179901,-0.122010780732664,0.0593333333333333,-0.00666666666666666,FALSE,0,39
"IMDS","Centers-Euclidean",0.510956063268893,-0.00392501464557704,0.498456188612467,-0.016757973749137,0.0363333333333333,-0.00166666666666667,FALSE,0,39
"Int-UMAP","Int-Euclidean",0.770340363210311,-0.116050380785003,0.768184481111995,-0.107483375021473,0.160666666666667,0.00966666666666667,FALSE,0,39
"Int-UMAP","Hausdorff",0.894405975395431,-0.0151575864089045,0.893371670916846,-0.0084987633260427,0.265666666666667,0.023,FALSE,0,39
"Int-UMAP","Ichino-Yaguchi",0.859076157000586,0.0202378441710604,0.863943480062384,0.0267095108064471,0.272333333333333,0.016,FALSE,0,39
"Int-UMAP","Wasserstein",0.84405741066198,0.00712126537785585,0.852684778401936,0.0142465438605137,0.251666666666667,0.00766666666666667,FALSE,0,39
"Int-UMAP","Centers-Euclidean",0.599014645577036,-0.0763140011716462,0.600869401519195,-0.0877610697709479,0.114,-0.00633333333333333,FALSE,0,39
"C-PCA","Int-Euclidean",0.928362624487405,0.0527603983596954,0.924875027691027,0.0609603378527852,0.346666666666667,0.076,FALSE,0,40
"C-PCA","Hausdorff",0.946468658465144,0.0355594610427651,0.938888495623858,0.0422721932352376,0.372,0.0596666666666667,FALSE,0,40
"C-PCA","Ichino-Yaguchi",0.922116578793204,0.0641464557703574,0.917467581733241,0.0741864963586012,0.365,0.074,FALSE,0,40
"C-PCA","Wasserstein",0.918426479203281,0.0614551845342707,0.913835698834006,0.0739485891815323,0.344666666666667,0.0776666666666667,FALSE,0,40
"C-PCA","Centers-Euclidean",0.842216754540129,0.13586877562976,0.840451360279945,0.152515794439626,0.23,0.0446666666666667,FALSE,0,40
"V-PCA","Int-Euclidean",0.928395430579965,0.0523245459871119,0.924912740451374,0.060771716481346,0.349666666666667,0.0783333333333333,FALSE,0,40
"V-PCA","Hausdorff",0.946588166373755,0.0352712360867018,0.938717025418021,0.0423815818096936,0.371,0.057,FALSE,0,40
"V-PCA","Ichino-Yaguchi",0.921848857644991,0.0639718804920913,0.917205708673052,0.0742910337261736,0.363666666666667,0.073,FALSE,0,40
"V-PCA","Wasserstein",0.918033391915641,0.0612501464557704,0.91322901242784,0.0744220239879899,0.343,0.0733333333333333,FALSE,0,40
"V-PCA","Centers-Euclidean",0.841516695957821,0.136999414176919,0.839485898723687,0.154225628404001,0.229333333333333,0.0493333333333333,FALSE,0,40
"MR-PCA","Int-Euclidean",0.739418863503222,0.221080257762156,0.749249978852729,0.240913107669313,0.146333333333333,0.028,FALSE,0,40
"MR-PCA","Hausdorff",0.753880492091388,0.197288810779145,0.774363058796474,0.199373703050565,0.155,0.0296666666666667,FALSE,0,40
"MR-PCA","Ichino-Yaguchi",0.723985354422964,0.260697129466901,0.735565946247092,0.271666332762395,0.145,0.0356666666666667,FALSE,0,40
"MR-PCA","Wasserstein",0.75315582893966,0.232350322202695,0.760478837914884,0.242387661170219,0.168,0.0363333333333333,FALSE,0,40
"MR-PCA","Centers-Euclidean",0.842216754540129,0.13586877562976,0.840451360279945,0.152515794439626,0.23,0.0446666666666667,FALSE,0,40
"SPCA","Int-Euclidean",0.928362624487405,0.0527603983596954,0.924875027691027,0.0609603378527852,0.346666666666667,0.076,FALSE,0,40
"SPCA","Hausdorff",0.946468658465144,0.0355594610427651,0.938888495623858,0.0422721932352376,0.372,0.0596666666666667,FALSE,0,40
"SPCA","Ichino-Yaguchi",0.922116578793204,0.0641464557703574,0.917467581733241,0.0741864963586012,0.365,0.074,FALSE,0,40
"SPCA","Wasserstein",0.918426479203281,0.0614551845342707,0.913835698834006,0.0739485891815323,0.344666666666667,0.0776666666666667,FALSE,0,40
"SPCA","Centers-Euclidean",0.842216754540129,0.13586877562976,0.840451360279945,0.152515794439626,0.23,0.0446666666666667,FALSE,0,40
"IMDS","Int-Euclidean",0.552666666666667,-0.0420011716461629,0.539228937510468,-0.033441113026519,0.04,-0.00466666666666667,TRUE,0,40
"IMDS","Hausdorff",0.588214411247803,-0.0705190392501465,0.601273887780224,-0.0964631063413718,0.0623333333333333,-0.00233333333333333,TRUE,0,40
"IMDS","Ichino-Yaguchi",0.574462800234329,-0.0707932044522553,0.579702882000687,-0.0852081482467416,0.0553333333333333,0.001,FALSE,0,40
"IMDS","Wasserstein",0.568277094317516,-0.0692876391329819,0.581826269837943,-0.0826560280927864,0.052,-0.00333333333333333,FALSE,0,40
"IMDS","Centers-Euclidean",0.505889865260691,-0.00787111892208547,0.498265934564281,-0.000432813624768102,0.0323333333333333,0.002,FALSE,0,40
"Int-UMAP","Int-Euclidean",0.785369654364382,-0.0666854130052724,0.779281768074545,-0.0355936917730439,0.161,0.0183333333333333,FALSE,0,40
"Int-UMAP","Hausdorff",0.904731107205624,-0.00848974809607494,0.903814651350977,-0.00295650048673264,0.282333333333333,0.0243333333333333,FALSE,0,40
"Int-UMAP","Ichino-Yaguchi",0.873516695957821,0.0244018746338607,0.879051526878987,0.0304044371348834,0.276,0.0216666666666667,FALSE,0,40
"Int-UMAP","Wasserstein",0.856912712360867,-0.000707674282366733,0.864162835211103,0.0131446536245961,0.26,0.027,FALSE,0,40
"Int-UMAP","Centers-Euclidean",0.606326303456356,-0.0657516110134739,0.61208295548419,-0.0664428801860898,0.103666666666667,-0.00066666666666667,FALSE,0,40
"C-PCA","Int-Euclidean",0.919230228471002,0.0627768014059754,0.912751625269445,0.0774039794941327,0.331333333333333,0.0756666666666667,FALSE,0,41
"C-PCA","Hausdorff",0.943086701816052,0.0351130638547159,0.935031990331975,0.0428585506282543,0.347333333333333,0.069,FALSE,0,41
"C-PCA","Ichino-Yaguchi",0.917403046280023,0.067459871118922,0.913219840422927,0.0768779121633727,0.349,0.072,FALSE,0,41
"C-PCA","Wasserstein",0.912736379613357,0.0653673110720563,0.909341243717418,0.0775615239728683,0.329666666666667,0.0806666666666667,FALSE,0,41
"C-PCA","Centers-Euclidean",0.82870064440539,0.145031048623316,0.830864407539451,0.158083243639738,0.22,0.041,FALSE,0,41
"V-PCA","Int-Euclidean",0.919615114235501,0.0620867018160516,0.913002648359808,0.0769882172474836,0.329333333333333,0.075,FALSE,0,41
"V-PCA","Hausdorff",0.943179261862917,0.0347521968365553,0.935058262841152,0.042615024648276,0.348,0.0706666666666667,FALSE,0,41
"V-PCA","Ichino-Yaguchi",0.917723491505565,0.066687756297598,0.913307279589023,0.0765973757734106,0.348,0.0716666666666667,FALSE,0,41
"V-PCA","Wasserstein",0.912848857644991,0.0650861159929701,0.909754030761871,0.0766669030862426,0.327666666666667,0.0783333333333333,FALSE,0,41
"V-PCA","Centers-Euclidean",0.828019332161687,0.146201523140012,0.830008471189742,0.1595611469297,0.220333333333333,0.0396666666666667,FALSE,0,41
"MR-PCA","Int-Euclidean",0.728405975395431,0.216148799062683,0.740389864324332,0.235364694850643,0.129333333333333,0.023,FALSE,0,41
"MR-PCA","Hausdorff",0.722185705916813,0.218719390743995,0.737573731052468,0.232611205090451,0.124,0.0236666666666667,FALSE,0,41
"MR-PCA","Ichino-Yaguchi",0.710084358523726,0.257464557703573,0.717759374151327,0.278610867655238,0.131666666666667,0.0246666666666667,FALSE,0,41
"MR-PCA","Wasserstein",0.738858816637376,0.231039250146456,0.742621119360722,0.248679969719872,0.149333333333333,0.0266666666666667,FALSE,0,41
"MR-PCA","Centers-Euclidean",0.82870064440539,0.145031048623316,0.830864407539451,0.158083243639738,0.22,0.041,FALSE,0,41
"SPCA","Int-Euclidean",0.919230228471002,0.0627768014059754,0.912751625269445,0.0774039794941327,0.331333333333333,0.0756666666666667,FALSE,0,41
"SPCA","Hausdorff",0.943086701816052,0.0351130638547159,0.935031990331975,0.0428585506282543,0.347333333333333,0.069,FALSE,0,41
"SPCA","Ichino-Yaguchi",0.917403046280023,0.067459871118922,0.913219840422927,0.0768779121633727,0.349,0.072,FALSE,0,41
"SPCA","Wasserstein",0.912736379613357,0.0653673110720563,0.909341243717418,0.0775615239728683,0.329666666666667,0.0806666666666667,FALSE,0,41
"SPCA","Centers-Euclidean",0.82870064440539,0.145031048623316,0.830864407539451,0.158083243639738,0.22,0.041,FALSE,0,41
"IMDS","Int-Euclidean",0.518201523140012,-0.071627416520211,0.498942591186186,-0.0544339324727353,0.0296666666666667,-0.00133333333333333,TRUE,0,41
"IMDS","Hausdorff",0.589411833626245,-0.0989080257762156,0.59763152642764,-0.116273160099192,0.062,-0.00466666666666667,TRUE,0,41
"IMDS","Ichino-Yaguchi",0.579024018746339,-0.0800468658465144,0.584722910116194,-0.0860372087567968,0.0583333333333333,-0.00533333333333333,TRUE,0,41
"IMDS","Wasserstein",0.574190978324546,-0.0953298183948448,0.582334829838545,-0.0992156964790217,0.055,-0.003,FALSE,0,41
"IMDS","Centers-Euclidean",0.506220855301699,0.002224956063269,0.503234096983916,0.00447378605839904,0.036,0.001,TRUE,0,41
"Int-UMAP","Int-Euclidean",0.783572349150557,-0.0915805506736966,0.775971077288783,-0.0744063312548368,0.173,0.0146666666666667,FALSE,0,41
"Int-UMAP","Hausdorff",0.903644991212654,-0.0119437609841827,0.903196970666932,0.00114960246969414,0.279,0.00733333333333334,FALSE,0,41
"Int-UMAP","Ichino-Yaguchi",0.873537199765671,0.0168529584065612,0.877865597159772,0.0258231753513248,0.290666666666667,0.024,FALSE,0,41
"Int-UMAP","Wasserstein",0.859794376098418,0.00667486818980667,0.867222439963628,0.0195847029165425,0.274333333333333,0.0233333333333333,FALSE,0,41
"Int-UMAP","Centers-Euclidean",0.619940246045694,-0.0881171646162859,0.625615292692808,-0.0968017267226121,0.129333333333333,0.00133333333333333,FALSE,0,41
"C-PCA","Int-Euclidean",0.924178090216754,0.0606772114821325,0.919732951039809,0.0686385149288983,0.346666666666667,0.058,FALSE,0,42
"C-PCA","Hausdorff",0.943096660808436,0.0346713532513182,0.935757473737086,0.044950051759,0.346333333333333,0.063,FALSE,0,42
"C-PCA","Ichino-Yaguchi",0.919317516110135,0.0620820152314002,0.915156830614431,0.0747391777787705,0.340333333333333,0.0693333333333333,FALSE,0,42
"C-PCA","Wasserstein",0.915664323374341,0.0601605155243116,0.912014120542973,0.0748659723607093,0.319,0.0726666666666667,FALSE,0,42
"C-PCA","Centers-Euclidean",0.825968951376684,0.147316930287053,0.826899395640945,0.16662665342103,0.211333333333333,0.0503333333333333,FALSE,0,42
"V-PCA","Int-Euclidean",0.9246719390744,0.059211482132396,0.92015262418821,0.0672818058402697,0.343333333333333,0.06,FALSE,0,42
"V-PCA","Hausdorff",0.942920328060926,0.0349818394844756,0.935907166476073,0.0445450051528721,0.343333333333333,0.0603333333333333,FALSE,0,42
"V-PCA","Ichino-Yaguchi",0.91907791446983,0.0629408318687756,0.915538578378386,0.0743234186025055,0.337333333333333,0.0683333333333333,FALSE,0,42
"V-PCA","Wasserstein",0.915502636203866,0.0606643233743409,0.912021107202,0.0750865241916331,0.318666666666667,0.0703333333333333,FALSE,0,42
"V-PCA","Centers-Euclidean",0.826507322788518,0.146094903339192,0.827417725603764,0.165737832489976,0.211666666666667,0.0503333333333333,FALSE,0,42
"MR-PCA","Int-Euclidean",0.730851786760398,0.221933216168717,0.73750805630409,0.252475775053221,0.136333333333333,0.034,FALSE,0,42
"MR-PCA","Hausdorff",0.754521968365554,0.181831282952548,0.778469811906735,0.185385028469369,0.153666666666667,0.0336666666666667,FALSE,0,42
"MR-PCA","Ichino-Yaguchi",0.714947275922671,0.248460456942003,0.732034487935924,0.261678820014544,0.133333333333333,0.0343333333333333,FALSE,0,42
"MR-PCA","Wasserstein",0.741816051552431,0.220110134739309,0.75205561524894,0.238301231699935,0.157666666666667,0.0263333333333333,FALSE,0,42
"MR-PCA","Centers-Euclidean",0.825968951376684,0.147316930287053,0.826899395640945,0.16662665342103,0.211333333333333,0.0503333333333333,FALSE,0,42
"SPCA","Int-Euclidean",0.924178090216754,0.0606772114821325,0.919732951039809,0.0686385149288983,0.346666666666667,0.058,FALSE,0,42
"SPCA","Hausdorff",0.943096660808436,0.0346713532513182,0.935757473737086,0.044950051759,0.346333333333333,0.063,FALSE,0,42
"SPCA","Ichino-Yaguchi",0.919317516110135,0.0620820152314002,0.915156830614431,0.0747391777787705,0.340333333333333,0.0693333333333333,FALSE,0,42
"SPCA","Wasserstein",0.915664323374341,0.0601605155243116,0.912014120542973,0.0748659723607093,0.319,0.0726666666666667,FALSE,0,42
"SPCA","Centers-Euclidean",0.825968951376684,0.147316930287053,0.826899395640945,0.16662665342103,0.211333333333333,0.0503333333333333,FALSE,0,42
"IMDS","Int-Euclidean",0.547399531341535,-0.0174563561804335,0.528162335199052,-0.00792327662794451,0.0333333333333333,-0.000666666666666666,TRUE,0,42
"IMDS","Hausdorff",0.591716461628588,-0.0896004686584653,0.59250166299679,-0.117307214803918,0.055,-0.005,TRUE,0,42
"IMDS","Ichino-Yaguchi",0.580349150556532,-0.0827955477445812,0.578970089546217,-0.0996439290907074,0.055,-0.00166666666666667,FALSE,0,42
"IMDS","Wasserstein",0.576531341534857,-0.0915981253661394,0.575681808726431,-0.1099498007551,0.0523333333333333,0,TRUE,0,42
"IMDS","Centers-Euclidean",0.51091388400703,-0.0188236672524897,0.501173525367437,-0.0134067953433941,0.034,0.00866666666666667,TRUE,0,42
"Int-UMAP","Int-Euclidean",0.774560046865846,-0.0767990626830698,0.780199189633524,-0.0734425898812729,0.153666666666667,-0.00599999999999999,FALSE,0,42
"Int-UMAP","Hausdorff",0.901671353251318,0.00252489748096074,0.901877763249744,0.00806278413526393,0.297,0.01,FALSE,0,42
"Int-UMAP","Ichino-Yaguchi",0.867933801991798,0.0337820738137082,0.874268810286032,0.0441694710787472,0.289666666666667,0.024,FALSE,0,42
"Int-UMAP","Wasserstein",0.853205623901582,0.0134809607498536,0.86231852916934,0.0283908823101816,0.274666666666667,0.022,FALSE,0,42
"Int-UMAP","Centers-Euclidean",0.584923257176333,-0.0798758055067369,0.596251158494302,-0.0820915195530503,0.102666666666667,-0.000333333333333338,FALSE,0,42
"C-PCA","Int-Euclidean",0.923253661394259,0.0592759226713533,0.918353870365006,0.0671071009847796,0.312666666666667,0.0536666666666667,FALSE,0,43
"C-PCA","Hausdorff",0.948261862917399,0.0299976567076743,0.939926751381635,0.0377539249871389,0.352,0.062,FALSE,0,43
"C-PCA","Ichino-Yaguchi",0.925248974809608,0.0585377855887522,0.919367263687504,0.0687937658307085,0.349,0.0573333333333333,FALSE,0,43
"C-PCA","Wasserstein",0.921783831282952,0.0582483889865261,0.916795288127147,0.070603955299506,0.335,0.0663333333333333,FALSE,0,43
"C-PCA","Centers-Euclidean",0.838557117750439,0.136111306385472,0.837849402418818,0.156173870018052,0.213333333333333,0.041,FALSE,0,43
"V-PCA","Int-Euclidean",0.923506736965436,0.0585869947275922,0.918343413404345,0.0670830245678319,0.312666666666667,0.055,FALSE,0,43
"V-PCA","Hausdorff",0.948349736379613,0.0298031634446397,0.939768162204708,0.0380334481503469,0.351666666666667,0.0616666666666667,FALSE,0,43
"V-PCA","Ichino-Yaguchi",0.925443468072642,0.058099589923843,0.919137820791812,0.0692802328824935,0.349666666666667,0.0603333333333333,FALSE,0,43
"V-PCA","Wasserstein",0.921914469830111,0.0578769771528999,0.916925525377262,0.070340714383199,0.335,0.0676666666666667,FALSE,0,43
"V-PCA","Centers-Euclidean",0.838498535442296,0.136099589923843,0.838399818663115,0.154930568636671,0.213333333333333,0.0406666666666667,FALSE,0,43
"MR-PCA","Int-Euclidean",0.736111306385472,0.216595196250732,0.742577563659425,0.243703142676297,0.127333333333333,0.0383333333333333,FALSE,0,43
"MR-PCA","Hausdorff",0.73717633274751,0.211456356180434,0.752293560038214,0.223594102590437,0.141,0.038,FALSE,0,43
"MR-PCA","Ichino-Yaguchi",0.715977152899824,0.263244288224956,0.725152387768634,0.282966747893678,0.141,0.031,FALSE,0,43
"MR-PCA","Wasserstein",0.743616285881664,0.232893966022261,0.750344533941024,0.252188107696179,0.158333333333333,0.0353333333333333,FALSE,0,43
"MR-PCA","Centers-Euclidean",0.838557117750439,0.136111306385472,0.837849402418818,0.156173870018052,0.213333333333333,0.041,FALSE,0,43
"SPCA","Int-Euclidean",0.923253661394259,0.0592759226713533,0.918353870365006,0.0671071009847796,0.312666666666667,0.0536666666666667,FALSE,0,43
"SPCA","Hausdorff",0.948261862917399,0.0299976567076743,0.939926751381635,0.0377539249871389,0.352,0.062,FALSE,0,43
"SPCA","Ichino-Yaguchi",0.925248974809608,0.0585377855887522,0.919367263687504,0.0687937658307085,0.349,0.0573333333333333,FALSE,0,43
"SPCA","Wasserstein",0.921783831282952,0.0582483889865261,0.916795288127147,0.070603955299506,0.335,0.0663333333333333,FALSE,0,43
"SPCA","Centers-Euclidean",0.838557117750439,0.136111306385472,0.837849402418818,0.156173870018052,0.213333333333333,0.041,FALSE,0,43
"IMDS","Int-Euclidean",0.531949619214997,-0.0653005272407733,0.5287118917358,-0.0657217789866903,0.0353333333333333,0,TRUE,0,43
"IMDS","Hausdorff",0.574493263034564,-0.0776051552431166,0.581158531146667,-0.101117555335614,0.0563333333333333,-0.00233333333333334,TRUE,0,43
"IMDS","Ichino-Yaguchi",0.563854715875805,-0.0811622729935559,0.570844554435838,-0.0943083107775241,0.0553333333333333,-0.00233333333333333,FALSE,0,43
"IMDS","Wasserstein",0.562346221441125,-0.0832161687170475,0.569551299440284,-0.0965797041777028,0.0516666666666667,-0.00533333333333334,TRUE,0,43
"IMDS","Centers-Euclidean",0.506309314586995,0.00290099589923842,0.4987208925668,0.00870813895882971,0.0323333333333333,-0.00666666666666667,TRUE,0,43
"Int-UMAP","Int-Euclidean",0.800372583479789,-0.0776660808435852,0.798319471316702,-0.070949060331973,0.176,-0.000333333333333324,FALSE,0,43
"Int-UMAP","Hausdorff",0.905329818394845,-0.00718219097832462,0.904040693028678,0.00354219467678296,0.314,0.0146666666666667,FALSE,0,43
"Int-UMAP","Ichino-Yaguchi",0.877264792032806,0.0210228471001758,0.880279164695864,0.0349555753800022,0.32,0.0173333333333333,FALSE,0,43
"Int-UMAP","Wasserstein",0.860312829525483,0.00502401874633862,0.867246659921033,0.0217566020550388,0.298333333333333,0.021,FALSE,0,43
"Int-UMAP","Centers-Euclidean",0.60584827182191,-0.0769009958992384,0.613638739834534,-0.0862963814141667,0.133666666666667,-0.0116666666666667,FALSE,0,43
"C-PCA","Int-Euclidean",0.919321616871705,0.0655371997656707,0.912416561160593,0.0781621601871583,0.318,0.0643333333333333,FALSE,0,44
"C-PCA","Hausdorff",0.945251903925015,0.034581136496778,0.937435759504796,0.0421452466692857,0.358333333333333,0.0603333333333333,FALSE,0,44
"C-PCA","Ichino-Yaguchi",0.92111482132396,0.0623842999414177,0.916105619217411,0.0721720572632776,0.337,0.0526666666666667,FALSE,0,44
"C-PCA","Wasserstein",0.918236672524897,0.0648576449912126,0.913232501919374,0.0749137613540885,0.331666666666667,0.0596666666666667,FALSE,0,44
"C-PCA","Centers-Euclidean",0.82627885178676,0.157591095489162,0.829052972262303,0.16850804663238,0.194666666666667,0.0476666666666667,FALSE,0,44
"V-PCA","Int-Euclidean",0.919801405975395,0.0643104862331576,0.913808850627809,0.0752382380109561,0.321666666666667,0.07,FALSE,0,44
"V-PCA","Hausdorff",0.945672524897481,0.0337492677211483,0.937513258302357,0.0422540257724971,0.362333333333333,0.0623333333333333,FALSE,0,44
"V-PCA","Ichino-Yaguchi",0.921842413591096,0.06097129466901,0.916378159559572,0.0720957413311927,0.342,0.056,FALSE,0,44
"V-PCA","Wasserstein",0.919438781487991,0.0624628002343293,0.913728757355681,0.0743771349723965,0.339,0.07,FALSE,0,44
"V-PCA","Centers-Euclidean",0.829232571763328,0.152126537785589,0.829495533589004,0.168070880738145,0.198,0.0456666666666667,FALSE,0,44
"MR-PCA","Int-Euclidean",0.726918570591681,0.222837727006444,0.737198840991409,0.24716152047263,0.119666666666667,0.0253333333333333,FALSE,0,44
"MR-PCA","Hausdorff",0.753676625659051,0.188693614528412,0.776656714784191,0.18641570421639,0.156666666666667,0.0156666666666667,FALSE,0,44
"MR-PCA","Ichino-Yaguchi",0.722463971880492,0.249572349150556,0.740609463568588,0.252130295433894,0.144333333333333,0.0233333333333333,FALSE,0,44
"MR-PCA","Wasserstein",0.747853544229643,0.223032220269479,0.759321462767832,0.231481454189178,0.154333333333333,0.0253333333333333,FALSE,0,44
"MR-PCA","Centers-Euclidean",0.82627885178676,0.157591095489162,0.829052972262303,0.16850804663238,0.194666666666667,0.0476666666666667,FALSE,0,44
"SPCA","Int-Euclidean",0.919321616871705,0.0655371997656707,0.912416561160593,0.0781621601871583,0.318,0.0643333333333333,FALSE,0,44
"SPCA","Hausdorff",0.945251903925015,0.034581136496778,0.937435759504796,0.0421452466692857,0.358333333333333,0.0603333333333333,FALSE,0,44
"SPCA","Ichino-Yaguchi",0.92111482132396,0.0623842999414177,0.916105619217411,0.0721720572632776,0.337,0.0526666666666667,FALSE,0,44
"SPCA","Wasserstein",0.918236672524897,0.0648576449912126,0.913232501919374,0.0749137613540885,0.331666666666667,0.0596666666666667,FALSE,0,44
"SPCA","Centers-Euclidean",0.82627885178676,0.157591095489162,0.829052972262303,0.16850804663238,0.194666666666667,0.0476666666666667,FALSE,0,44
"IMDS","Int-Euclidean",0.513308142940832,-0.0531353251318102,0.498444046010934,-0.0579347521885314,0.0306666666666667,-0.005,TRUE,0,44
"IMDS","Hausdorff",0.586220269478617,-0.103925014645577,0.586294344214314,-0.12828484198959,0.0563333333333333,-0.007,TRUE,0,44
"IMDS","Ichino-Yaguchi",0.573589338019918,-0.0793661394258933,0.576491031484793,-0.0939832630292133,0.0563333333333333,-0.00766666666666667,FALSE,0,44
"IMDS","Wasserstein",0.571026362038664,-0.0885577035735208,0.572527134135717,-0.108388422932515,0.0513333333333333,-0.00933333333333334,TRUE,0,44
"IMDS","Centers-Euclidean",0.505380199179848,0.00903339191564145,0.495344436456328,0.00637581225092465,0.0353333333333333,-0.008,FALSE,0,44
"Int-UMAP","Int-Euclidean",0.765924428822496,-0.114885764499121,0.770794253100666,-0.110011331252534,0.193,-0.001,FALSE,0,44
"Int-UMAP","Hausdorff",0.897059753954306,-0.00241944932630345,0.897388225353298,0.00274644936944289,0.279,0.00700000000000001,FALSE,0,44
"Int-UMAP","Ichino-Yaguchi",0.8687949619215,0.0246057410661981,0.875633324291052,0.0262960375311471,0.288333333333333,0.019,FALSE,0,44
"Int-UMAP","Wasserstein",0.857039250146456,0.0153251318101933,0.864073016497327,0.0202715938962606,0.260666666666667,0.017,FALSE,0,44
"Int-UMAP","Centers-Euclidean",0.606320445225542,-0.0990990041007616,0.61199061675266,-0.103490042667593,0.124333333333333,-0.00066666666666667,FALSE,0,44
"C-PCA","Int-Euclidean",0.92620093731693,0.0605893380199179,0.916974947814984,0.0735770834513512,0.346333333333333,0.057,FALSE,0,45
"C-PCA","Hausdorff",0.943875805506737,0.0361687170474517,0.933402702521384,0.0484250203758365,0.340333333333333,0.081,FALSE,0,45
"C-PCA","Ichino-Yaguchi",0.920140011716462,0.0661804335090803,0.911382253916774,0.0844445299034687,0.328333333333333,0.079,FALSE,0,45
"C-PCA","Wasserstein",0.915357352079672,0.0651329818394845,0.906911799225127,0.0842526431785353,0.312333333333333,0.0866666666666667,FALSE,0,45
"C-PCA","Centers-Euclidean",0.821115992970123,0.153088459285296,0.820824502524854,0.172885772653716,0.184666666666667,0.0326666666666667,FALSE,0,45
"V-PCA","Int-Euclidean",0.925674868189807,0.0614961921499707,0.91692470865509,0.0737304153630967,0.344333333333333,0.0563333333333333,FALSE,0,45
"V-PCA","Hausdorff",0.943460456942004,0.0369408318687756,0.933210238564239,0.0487416414549752,0.338,0.0776666666666667,FALSE,0,45
"V-PCA","Ichino-Yaguchi",0.919533099004101,0.0674973637961336,0.911373692918297,0.0845501557222058,0.325666666666667,0.074,FALSE,0,45
"V-PCA","Wasserstein",0.914937902753368,0.0659742237844171,0.907095478813352,0.0839199424978465,0.310333333333333,0.0826666666666667,FALSE,0,45
"V-PCA","Centers-Euclidean",0.821302284710018,0.152975981253661,0.820645796191281,0.173454774700588,0.182333333333333,0.03,FALSE,0,45
"MR-PCA","Int-Euclidean",0.723039250146456,0.222795547744581,0.725336183263858,0.25644002165849,0.134,0.033,FALSE,0,45
"MR-PCA","Hausdorff",0.715345635618043,0.229301698886936,0.723266587788499,0.258082179751646,0.111666666666667,0.0256666666666667,FALSE,0,45
"MR-PCA","Ichino-Yaguchi",0.705142940831869,0.26601640304628,0.709603291021905,0.298195820808085,0.119333333333333,0.021,FALSE,0,45
"MR-PCA","Wasserstein",0.732682483889865,0.237170474516696,0.735040556703623,0.26464543127613,0.126666666666667,0.027,FALSE,0,45
"MR-PCA","Centers-Euclidean",0.821115992970123,0.153088459285296,0.820824502524854,0.172885772653716,0.184666666666667,0.0326666666666667,FALSE,0,45
"SPCA","Int-Euclidean",0.92620093731693,0.0605893380199179,0.916974947814984,0.0735770834513512,0.346333333333333,0.057,FALSE,0,45
"SPCA","Hausdorff",0.943875805506737,0.0361687170474517,0.933402702521384,0.0484250203758365,0.340333333333333,0.081,FALSE,0,45
"SPCA","Ichino-Yaguchi",0.920140011716462,0.0661804335090803,0.911382253916774,0.0844445299034687,0.328333333333333,0.079,FALSE,0,45
"SPCA","Wasserstein",0.915357352079672,0.0651329818394845,0.906911799225127,0.0842526431785353,0.312333333333333,0.0866666666666667,FALSE,0,45
"SPCA","Centers-Euclidean",0.821115992970123,0.153088459285296,0.820824502524854,0.172885772653716,0.184666666666667,0.0326666666666667,FALSE,0,45
"IMDS","Int-Euclidean",0.507865846514353,-0.0366127709431753,0.502252442989492,-0.034903156247395,0.0283333333333333,0.00266666666666667,TRUE,0,45
"IMDS","Hausdorff",0.584066783831283,-0.0720000000000001,0.592206362664866,-0.0869187390607972,0.0543333333333333,-0.00466666666666667,TRUE,0,45
"IMDS","Ichino-Yaguchi",0.571462800234329,-0.0508365553602812,0.57869480581586,-0.0670435225411481,0.0563333333333333,-0.00733333333333333,FALSE,0,45
"IMDS","Wasserstein",0.569604569420035,-0.0535383714118337,0.57749358942179,-0.076268655845712,0.0536666666666667,-0.00366666666666667,FALSE,0,45
"IMDS","Centers-Euclidean",0.504547744581136,0.00398476859988284,0.504592836364033,0.00199197770041437,0.0376666666666667,-0.000333333333333335,FALSE,0,45
"Int-UMAP","Int-Euclidean",0.776012888107791,-0.106125366139426,0.766995018148273,-0.0809309005451928,0.163666666666667,0.016,FALSE,0,45
"Int-UMAP","Hausdorff",0.897145869947276,-0.0211341534856474,0.893438680514713,-0.0163960829267761,0.287666666666667,0.00266666666666668,FALSE,0,45
"Int-UMAP","Ichino-Yaguchi",0.867193321616872,0.012589338019918,0.86857373826787,0.0206407630641389,0.3,0.0236666666666667,FALSE,0,45
"Int-UMAP","Wasserstein",0.85167603983597,-0.00541183362624487,0.855152641842918,0.00589972156221757,0.268666666666667,0.0283333333333333,FALSE,0,45
"Int-UMAP","Centers-Euclidean",0.593927943760984,-0.0876801405975395,0.59227071714808,-0.100470012863374,0.111666666666667,-0.00933333333333333,FALSE,0,45
"C-PCA","Int-Euclidean",0.934389572349151,0.0525752782659636,0.927541684685983,0.0596141509704793,0.354,0.0696666666666667,FALSE,0,46
"C-PCA","Hausdorff",0.9472870533099,0.033435266549502,0.939386043691873,0.0419129429432057,0.366333333333333,0.067,FALSE,0,46
"C-PCA","Ichino-Yaguchi",0.927585237258348,0.0595571177504394,0.921057552354271,0.0723008798339168,0.355333333333333,0.0686666666666667,FALSE,0,46
"C-PCA","Wasserstein",0.922104862331576,0.0592208553016988,0.916827732875969,0.0729182542471472,0.331,0.0633333333333333,FALSE,0,46
"C-PCA","Centers-Euclidean",0.833842999414177,0.145122437024019,0.837794972952219,0.153469268448748,0.215,0.0466666666666667,FALSE,0,46
"V-PCA","Int-Euclidean",0.934718219097832,0.0518219097832455,0.927603801626782,0.0591895629047246,0.353,0.068,FALSE,0,46
"V-PCA","Hausdorff",0.947263620386643,0.0335289982425307,0.938998791496817,0.0426247163156987,0.366,0.0686666666666667,FALSE,0,46
"V-PCA","Ichino-Yaguchi",0.927335090802578,0.059916813122437,0.920702846230712,0.0727725675918195,0.354333333333333,0.0683333333333333,FALSE,0,46
"V-PCA","Wasserstein",0.921970123022847,0.0593895723491505,0.916960108648612,0.0727733090895805,0.329666666666667,0.065,FALSE,0,46
"V-PCA","Centers-Euclidean",0.834265377855888,0.144258933801992,0.838889737594228,0.151121439371505,0.215333333333333,0.046,FALSE,0,46
"MR-PCA","Int-Euclidean",0.735429408318688,0.232859988283538,0.743987931548243,0.251713671944503,0.131,0.0263333333333333,FALSE,0,46
"MR-PCA","Hausdorff",0.72498769771529,0.227008787346221,0.73499156719006,0.251920307259478,0.128,0.0306666666666667,FALSE,0,46
"MR-PCA","Ichino-Yaguchi",0.711437609841828,0.26635266549502,0.720476701695144,0.290343611290601,0.127666666666667,0.0286666666666667,FALSE,0,46
"MR-PCA","Wasserstein",0.739031048623316,0.2323280609256,0.746217358170899,0.251480084797868,0.138666666666667,0.025,FALSE,0,46
"MR-PCA","Centers-Euclidean",0.833842999414177,0.145122437024019,0.837794972952219,0.153469268448748,0.215,0.0466666666666667,FALSE,0,46
"SPCA","Int-Euclidean",0.934389572349151,0.0525752782659636,0.927541684685983,0.0596141509704793,0.354,0.0696666666666667,FALSE,0,46
"SPCA","Hausdorff",0.9472870533099,0.033435266549502,0.939386043691873,0.0419129429432057,0.366333333333333,0.067,FALSE,0,46
"SPCA","Ichino-Yaguchi",0.927585237258348,0.0595571177504394,0.921057552354271,0.0723008798339168,0.355333333333333,0.0686666666666667,FALSE,0,46
"SPCA","Wasserstein",0.922104862331576,0.0592208553016988,0.916827732875969,0.0729182542471472,0.331,0.0633333333333333,FALSE,0,46
"SPCA","Centers-Euclidean",0.833842999414177,0.145122437024019,0.837794972952219,0.153469268448748,0.215,0.0466666666666667,FALSE,0,46
"IMDS","Int-Euclidean",0.523782073813708,-0.0344370240187463,0.519158129079869,-0.0508265873156599,0.0363333333333333,-0.011,TRUE,0,46
"IMDS","Hausdorff",0.580380199179848,-0.0884253075571177,0.584257617200783,-0.115200869901224,0.0593333333333333,-0.001,TRUE,0,46
"IMDS","Ichino-Yaguchi",0.57327885178676,-0.0649853544229644,0.575096671043499,-0.0874045275576952,0.056,0.000333333333333335,TRUE,0,46
"IMDS","Wasserstein",0.563820152314001,-0.0722144112478031,0.570051297674813,-0.0991809243790494,0.0546666666666667,0.004,TRUE,0,46
"IMDS","Centers-Euclidean",0.512094903339191,0.00247451669595777,0.505725582424999,-0.00531648828502629,0.0323333333333333,-0.00433333333333333,TRUE,0,46
"Int-UMAP","Int-Euclidean",0.77972114821324,-0.101181019332162,0.779803707273878,-0.0740984300665521,0.164333333333333,0.00633333333333333,FALSE,0,46
"Int-UMAP","Hausdorff",0.909915055653193,-0.00940246045694204,0.911983032136329,0.00204643556806634,0.296333333333333,0.029,FALSE,0,46
"Int-UMAP","Ichino-Yaguchi",0.876560046865847,0.0110697129466901,0.887178032230743,0.0236769860741194,0.295333333333333,0.024,FALSE,0,46
"Int-UMAP","Wasserstein",0.86279906268307,-0.00134973637961333,0.875696490535618,0.0152239177394973,0.281333333333333,0.0346666666666667,FALSE,0,46
"Int-UMAP","Centers-Euclidean",0.610407732864675,-0.107332161687171,0.62270524558237,-0.119147693611897,0.119333333333333,0.00333333333333333,FALSE,0,46
"C-PCA","Int-Euclidean",0.920132396016403,0.0600374926772115,0.917108594726646,0.0661846194327987,0.317333333333333,0.0673333333333333,FALSE,0,47
"C-PCA","Hausdorff",0.941136496777973,0.0366256590509666,0.934138543867268,0.0443759405929802,0.345666666666667,0.0463333333333333,FALSE,0,47
"C-PCA","Ichino-Yaguchi",0.918635032220269,0.0650990041007616,0.913662206780237,0.0747972126439032,0.328333333333333,0.0536666666666667,FALSE,0,47
"C-PCA","Wasserstein",0.913656121851201,0.0631411833626245,0.910076168553648,0.0765107019005524,0.313333333333333,0.0603333333333333,FALSE,0,47
"C-PCA","Centers-Euclidean",0.821217926186292,0.145913298183948,0.822104228640451,0.166390487151747,0.204,0.0643333333333333,FALSE,0,47
"V-PCA","Int-Euclidean",0.919090802577622,0.0614551845342707,0.91589540997534,0.0685886611022096,0.321666666666667,0.0556666666666667,FALSE,0,47
"V-PCA","Hausdorff",0.940472173403632,0.0377082601054481,0.932887588785913,0.0464030434875388,0.347333333333333,0.054,FALSE,0,47
"V-PCA","Ichino-Yaguchi",0.917017574692443,0.0668670181605154,0.912911801067358,0.0754265508087929,0.332333333333333,0.06,FALSE,0,47
"V-PCA","Wasserstein",0.91219683655536,0.0649021675454012,0.909641904939987,0.0766440809212012,0.314666666666667,0.0586666666666667,FALSE,0,47
"V-PCA","Centers-Euclidean",0.823251903925015,0.14178676039836,0.825936221520844,0.159142744152722,0.202333333333333,0.0573333333333333,FALSE,0,47
"MR-PCA","Int-Euclidean",0.726519625073228,0.205479789103691,0.734933524648967,0.234408478988517,0.135,0.036,FALSE,0,47
"MR-PCA","Hausdorff",0.768435852372583,0.157579379027534,0.792056579349548,0.154426342483231,0.161333333333333,0.0246666666666667,FALSE,0,47
"MR-PCA","Ichino-Yaguchi",0.713515524311658,0.238384299941418,0.737963045778045,0.236527106962818,0.129666666666667,0.0213333333333333,FALSE,0,47
"MR-PCA","Wasserstein",0.739763913298184,0.213571177504394,0.754694356311627,0.222548523198978,0.143666666666667,0.024,FALSE,0,47
"MR-PCA","Centers-Euclidean",0.821217926186292,0.145913298183948,0.822104228640451,0.166390487151747,0.204,0.0643333333333333,FALSE,0,47
"SPCA","Int-Euclidean",0.920132396016403,0.0600374926772115,0.917108594726646,0.0661846194327987,0.317333333333333,0.0673333333333333,FALSE,0,47
"SPCA","Hausdorff",0.941136496777973,0.0366256590509666,0.934138543867268,0.0443759405929802,0.345666666666667,0.0463333333333333,FALSE,0,47
"SPCA","Ichino-Yaguchi",0.918635032220269,0.0650990041007616,0.913662206780237,0.0747972126439032,0.328333333333333,0.0536666666666667,FALSE,0,47
"SPCA","Wasserstein",0.913656121851201,0.0631411833626245,0.910076168553648,0.0765107019005524,0.313333333333333,0.0603333333333333,FALSE,0,47
"SPCA","Centers-Euclidean",0.821217926186292,0.145913298183948,0.822104228640451,0.166390487151747,0.204,0.0643333333333333,FALSE,0,47
"IMDS","Int-Euclidean",0.503834212067956,-0.0497867603983596,0.493242439217525,-0.0540650242875058,0.034,0.00266666666666667,TRUE,0,47
"IMDS","Hausdorff",0.587124194493263,-0.109353251318102,0.587355624014886,-0.135673426577828,0.0543333333333333,-0.00166666666666667,TRUE,0,47
"IMDS","Ichino-Yaguchi",0.575248388986526,-0.0917668424135911,0.571835718945022,-0.117104042882213,0.0506666666666667,-0.00266666666666667,TRUE,0,47
"IMDS","Wasserstein",0.568629759812537,-0.0978523725834799,0.568954317750673,-0.123029996271019,0.048,-0.00133333333333333,FALSE,0,47
"IMDS","Centers-Euclidean",0.507080843585237,-0.0052243702401874,0.5009777569094,-0.00705075176051989,0.0306666666666667,-0.002,FALSE,0,47
"Int-UMAP","Int-Euclidean",0.79899589923843,-0.0631212653778558,0.798622264153434,-0.0521796042674041,0.187666666666667,0.0176666666666667,FALSE,0,47
"Int-UMAP","Hausdorff",0.896064440538957,0.000381956649092019,0.895879460097519,0.00760168152655813,0.270666666666667,0.032,FALSE,0,47
"Int-UMAP","Ichino-Yaguchi",0.865527240773286,0.0338453427065026,0.871429458001981,0.0459899678269802,0.267666666666667,0.0276666666666667,FALSE,0,47
"Int-UMAP","Wasserstein",0.848969537199766,0.0125471587580551,0.857037793972007,0.0295946079756604,0.245,0.031,FALSE,0,47
"Int-UMAP","Centers-Euclidean",0.589066198008202,-0.0562975981253662,0.593036807918152,-0.0618798764416029,0.102333333333333,-0.00233333333333333,FALSE,0,47
"C-PCA","Int-Euclidean",0.928454012888108,0.0555418863503222,0.92226260672847,0.0653385121502007,0.339,0.056,FALSE,0,48
"C-PCA","Hausdorff",0.945652021089631,0.0338277680140597,0.936584336619719,0.0429644819502097,0.360333333333333,0.079,FALSE,0,48
"C-PCA","Ichino-Yaguchi",0.92386877562976,0.062788517867604,0.917843478880286,0.0731519227589612,0.353,0.0793333333333333,FALSE,0,48
"C-PCA","Wasserstein",0.919421206795548,0.0623362624487405,0.914571035101706,0.07402136803113,0.338,0.0816666666666667,FALSE,0,48
"C-PCA","Centers-Euclidean",0.828120679554774,0.144806092560047,0.831214933335053,0.15787587296777,0.199666666666667,0.0373333333333333,FALSE,0,48
"V-PCA","Int-Euclidean",0.928489162272994,0.0556824838898652,0.921991373602342,0.0658718409393656,0.340333333333333,0.0623333333333333,FALSE,0,48
"V-PCA","Hausdorff",0.945848857644991,0.0335254833040423,0.936712609591604,0.0429038725680063,0.359333333333333,0.0753333333333333,FALSE,0,48
"V-PCA","Ichino-Yaguchi",0.923768599882835,0.0631411833626244,0.918138779979806,0.0728518280222597,0.355333333333333,0.0806666666666667,FALSE,0,48
"V-PCA","Wasserstein",0.919369654364382,0.0625682483889866,0.914749769068736,0.0737023750802713,0.341333333333333,0.0853333333333333,FALSE,0,48
"V-PCA","Centers-Euclidean",0.82906561218512,0.142867018160516,0.831034063915879,0.158232260126626,0.199666666666667,0.0393333333333333,FALSE,0,48
"MR-PCA","Int-Euclidean",0.729473345049795,0.221301698886936,0.741004651171359,0.242367840305638,0.138,0.0233333333333333,FALSE,0,48
"MR-PCA","Hausdorff",0.749004686584651,0.193793790275337,0.773247374092375,0.186340403046251,0.146,0.014,FALSE,0,48
"MR-PCA","Ichino-Yaguchi",0.716702401874634,0.251103690685413,0.732206013408674,0.261843942201247,0.137333333333333,0.0123333333333333,FALSE,0,48
"MR-PCA","Wasserstein",0.743321031048623,0.223605155243117,0.75297689551314,0.2353871470344,0.154333333333333,0.00800000000000001,FALSE,0,48
"MR-PCA","Centers-Euclidean",0.828120679554774,0.144806092560047,0.831214933335053,0.15787587296777,0.199666666666667,0.0373333333333333,FALSE,0,48
"SPCA","Int-Euclidean",0.928454012888108,0.0555418863503222,0.92226260672847,0.0653385121502007,0.339,0.056,FALSE,0,48
"SPCA","Hausdorff",0.945652021089631,0.0338277680140597,0.936584336619719,0.0429644819502097,0.360333333333333,0.079,FALSE,0,48
"SPCA","Ichino-Yaguchi",0.92386877562976,0.062788517867604,0.917843478880286,0.0731519227589612,0.353,0.0793333333333333,FALSE,0,48
"SPCA","Wasserstein",0.919421206795548,0.0623362624487405,0.914571035101706,0.07402136803113,0.338,0.0816666666666667,FALSE,0,48
"SPCA","Centers-Euclidean",0.828120679554774,0.144806092560047,0.831214933335053,0.15787587296777,0.199666666666667,0.0373333333333333,FALSE,0,48
"IMDS","Int-Euclidean",0.581731693028705,-0.0158453427065027,0.56621099940542,-0.00046094294873239,0.041,0.003,TRUE,0,48
"IMDS","Hausdorff",0.6206719390744,-0.092249560632689,0.623566413866592,-0.10983330117106,0.069,-0.00566666666666666,TRUE,0,48
"IMDS","Ichino-Yaguchi",0.611062097246631,-0.0823280609256004,0.615333905038853,-0.0936805538604477,0.0606666666666667,-0.00266666666666667,FALSE,0,48
"IMDS","Wasserstein",0.603463971880492,-0.0851048623315759,0.606281812441596,-0.0887722654660237,0.0603333333333333,0.002,FALSE,0,48
"IMDS","Centers-Euclidean",0.522798476859988,-0.00136965436438186,0.516413820535742,0.0163592889788716,0.041,0.000666666666666666,FALSE,0,48
"Int-UMAP","Int-Euclidean",0.781514352665495,-0.0681066198008201,0.768021822908535,-0.0380466722946807,0.175333333333333,0.01,FALSE,0,48
"Int-UMAP","Hausdorff",0.904806092560047,-0.00304628002343299,0.904719944892746,0.00830182735445113,0.286,0.0206666666666667,FALSE,0,48
"Int-UMAP","Ichino-Yaguchi",0.877328646748682,0.0291107205623902,0.880139914333213,0.041097217111312,0.287,0.0396666666666667,FALSE,0,48
"Int-UMAP","Wasserstein",0.860163444639719,0.0156496777973052,0.86709903892372,0.0318643402980391,0.266,0.0356666666666667,FALSE,0,48
"Int-UMAP","Centers-Euclidean",0.601562390158172,-0.0784171060339778,0.607656400376859,-0.084042783960252,0.11,0,FALSE,0,48
"C-PCA","Int-Euclidean",0.927323374340949,0.0585225541886349,0.922101842184406,0.06494762001479,0.326333333333333,0.0476666666666667,FALSE,0,49
"C-PCA","Hausdorff",0.949773286467487,0.0295547744581137,0.941342383443998,0.036381784148006,0.364,0.0543333333333333,FALSE,0,49
"C-PCA","Ichino-Yaguchi",0.929779144698301,0.0584663151728179,0.924103967504283,0.0654271065483157,0.362666666666667,0.054,FALSE,0,49
"C-PCA","Wasserstein",0.925350908025776,0.0554094903339192,0.921000548370601,0.0646384492226785,0.34,0.068,FALSE,0,49
"C-PCA","Centers-Euclidean",0.834998828353837,0.138309314586995,0.836313412834789,0.156196927067478,0.216,0.0536666666666667,FALSE,0,49
"V-PCA","Int-Euclidean",0.926810779144698,0.0596859988283539,0.921427182847361,0.066463203058471,0.329333333333333,0.0506666666666667,FALSE,0,49
"V-PCA","Hausdorff",0.949653192735794,0.0298746338605741,0.941363364146173,0.0364485481151449,0.364666666666667,0.055,FALSE,0,49
"V-PCA","Ichino-Yaguchi",0.92965553602812,0.0586924428822496,0.924205142801262,0.0651831921647482,0.363666666666667,0.055,FALSE,0,49
"V-PCA","Wasserstein",0.925053895723492,0.0560339777387229,0.920849660484602,0.0649917460399337,0.339666666666667,0.0663333333333333,FALSE,0,49
"V-PCA","Centers-Euclidean",0.835406561218512,0.137599297012302,0.836047284989829,0.157003954501206,0.217333333333333,0.0526666666666667,FALSE,0,49
"MR-PCA","Int-Euclidean",0.740695371997657,0.207511423550088,0.746519178463466,0.235530931586776,0.129333333333333,0.0316666666666667,FALSE,0,49
"MR-PCA","Hausdorff",0.754777387229057,0.197142355008787,0.774850619672596,0.195492487307416,0.150333333333333,0.0233333333333333,FALSE,0,49
"MR-PCA","Ichino-Yaguchi",0.725022261277094,0.248326889279438,0.735708005243602,0.262516449966633,0.138,0.0193333333333333,FALSE,0,49
"MR-PCA","Wasserstein",0.750796719390744,0.221668424135911,0.756916024073654,0.23694296132099,0.148333333333333,0.0246666666666667,FALSE,0,49
"MR-PCA","Centers-Euclidean",0.834998828353837,0.138309314586995,0.836313412834789,0.156196927067478,0.216,0.0536666666666667,FALSE,0,49
"SPCA","Int-Euclidean",0.927323374340949,0.0585225541886349,0.922101842184406,0.06494762001479,0.326333333333333,0.0476666666666667,FALSE,0,49
"SPCA","Hausdorff",0.949773286467487,0.0295547744581137,0.941342383443998,0.036381784148006,0.364,0.0543333333333333,FALSE,0,49
"SPCA","Ichino-Yaguchi",0.929779144698301,0.0584663151728179,0.924103967504283,0.0654271065483157,0.362666666666667,0.054,FALSE,0,49
"SPCA","Wasserstein",0.925350908025776,0.0554094903339192,0.921000548370601,0.0646384492226785,0.34,0.068,FALSE,0,49
"SPCA","Centers-Euclidean",0.834998828353837,0.138309314586995,0.836313412834789,0.156196927067478,0.216,0.0536666666666667,FALSE,0,49
"IMDS","Int-Euclidean",0.450068541300527,-0.0632653778558875,0.437966799322612,-0.0616587565896201,0.0236666666666667,-0.000666666666666668,TRUE,0,49
"IMDS","Hausdorff",0.567705330990041,-0.0667311072056239,0.574327554409893,-0.0974908821106066,0.049,0,FALSE,0,49
"IMDS","Ichino-Yaguchi",0.559755711775044,-0.0609853544229643,0.562817890299167,-0.0815845008852685,0.0473333333333333,0.00166666666666667,FALSE,0,49
"IMDS","Wasserstein",0.556277094317516,-0.0580609256004686,0.561008681818091,-0.0807430129955543,0.05,-0.00533333333333333,FALSE,0,49
"IMDS","Centers-Euclidean",0.50519273579379,0.000925600468658527,0.496918402853738,-0.0122081511636065,0.0356666666666667,-0.000999999999999999,FALSE,0,49
"Int-UMAP","Int-Euclidean",0.771817809021675,-0.0599613356766256,0.778629445781853,-0.0570601026153071,0.155,0.00366666666666667,FALSE,0,49
"Int-UMAP","Hausdorff",0.899393673110721,-0.000664323374340969,0.898956835465638,0.00769458827914643,0.278,0.0193333333333333,FALSE,0,49
"Int-UMAP","Ichino-Yaguchi",0.869195664909197,0.0378265963678969,0.873029484284469,0.0455111291445004,0.283666666666667,0.019,FALSE,0,49
"Int-UMAP","Wasserstein",0.852493263034564,0.0174622144112478,0.859847199264704,0.0299069996006965,0.264,0.0183333333333333,FALSE,0,49
"Int-UMAP","Centers-Euclidean",0.582884592852958,-0.0543925014645577,0.582895931019523,-0.0499322166653388,0.101333333333333,-0.00566666666666667,FALSE,0,49
"C-PCA","Int-Euclidean",0.930592852958407,0.0561734036321031,0.924345222935217,0.0650956677954934,0.346666666666667,0.06,FALSE,0,50
"C-PCA","Hausdorff",0.947574106619801,0.0331236086701816,0.938522646308792,0.0436068385436984,0.362666666666667,0.067,FALSE,0,50
"C-PCA","Ichino-Yaguchi",0.929480960749854,0.0592993555946104,0.923117085413327,0.0700806252161742,0.353,0.0583333333333333,FALSE,0,50
"C-PCA","Wasserstein",0.924528998242531,0.0597223198594025,0.919184901294059,0.0711820917390855,0.333666666666667,0.054,FALSE,0,50
"C-PCA","Centers-Euclidean",0.835763327475103,0.143985940246046,0.835624047893079,0.157750324961778,0.216,0.035,FALSE,0,50
"V-PCA","Int-Euclidean",0.930649091974224,0.055784417106034,0.924164805630102,0.0654504476082706,0.348,0.0673333333333333,FALSE,0,50
"V-PCA","Hausdorff",0.947568834212068,0.0332560046865846,0.9384744927073,0.0435551163882826,0.362333333333333,0.0613333333333333,FALSE,0,50
"V-PCA","Ichino-Yaguchi",0.929459871118922,0.0592314001171647,0.923062827888237,0.0702239185070933,0.352666666666667,0.061,FALSE,0,50
"V-PCA","Wasserstein",0.924759812536614,0.0590615114235501,0.919149814479717,0.0712071859883636,0.337,0.0573333333333333,FALSE,0,50
"V-PCA","Centers-Euclidean",0.83517223198594,0.145207967193907,0.835423676161676,0.158115504165513,0.216333333333333,0.036,FALSE,0,50
"MR-PCA","Int-Euclidean",0.734483889865261,0.222929115407147,0.742650499098612,0.24900636229642,0.137333333333333,0.018,FALSE,0,50
"MR-PCA","Hausdorff",0.756296426479203,0.19402460456942,0.783608631648015,0.184846546040486,0.156666666666667,0.0296666666666667,FALSE,0,50
"MR-PCA","Ichino-Yaguchi",0.721658465143527,0.251462214411248,0.739408620226186,0.256688282170755,0.144333333333333,0.031,FALSE,0,50
"MR-PCA","Wasserstein",0.748551259519625,0.224376098418278,0.761506635944403,0.229255906229241,0.169,0.0256666666666667,FALSE,0,50
"MR-PCA","Centers-Euclidean",0.835763327475103,0.143985940246046,0.835624047893079,0.157750324961778,0.216,0.035,FALSE,0,50
"SPCA","Int-Euclidean",0.930592852958407,0.0561734036321031,0.924345222935217,0.0650956677954934,0.346666666666667,0.06,FALSE,0,50
"SPCA","Hausdorff",0.947574106619801,0.0331236086701816,0.938522646308792,0.0436068385436984,0.362666666666667,0.067,FALSE,0,50
"SPCA","Ichino-Yaguchi",0.929480960749854,0.0592993555946104,0.923117085413327,0.0700806252161742,0.353,0.0583333333333333,FALSE,0,50
"SPCA","Wasserstein",0.924528998242531,0.0597223198594025,0.919184901294059,0.0711820917390855,0.333666666666667,0.054,FALSE,0,50
"SPCA","Centers-Euclidean",0.835763327475103,0.143985940246046,0.835624047893079,0.157750324961778,0.216,0.035,FALSE,0,50
"IMDS","Int-Euclidean",0.513996485061511,-0.048878734622144,0.498612991593442,-0.0248807670065122,0.0283333333333333,0.003,TRUE,0,50
"IMDS","Hausdorff",0.603544815465729,-0.0994715875805505,0.602163419505198,-0.121718799485956,0.0643333333333333,-0.005,TRUE,0,50
"IMDS","Ichino-Yaguchi",0.591967779730521,-0.0848775629759813,0.591635257404884,-0.0962504070177927,0.0663333333333333,-0.00766666666666667,FALSE,0,50
"IMDS","Wasserstein",0.58303280609256,-0.0865202108963093,0.587490702493137,-0.0973175282241221,0.0606666666666667,-0.002,FALSE,0,50
"IMDS","Centers-Euclidean",0.520530755711775,0.00705565319273582,0.510883420893012,0.00316954369333128,0.0403333333333333,-0.00266666666666667,TRUE,0,50
"Int-UMAP","Int-Euclidean",0.792079086115993,-0.103884007029877,0.794378591102058,-0.0863338999727196,0.187333333333333,0.018,FALSE,0,50
"Int-UMAP","Hausdorff",0.906226127709432,-0.00964499121265372,0.906633324598091,9.87021025836698e-05,0.301666666666667,0.0423333333333333,FALSE,0,50
"Int-UMAP","Ichino-Yaguchi",0.879525483304042,0.0249209138840071,0.885531151886835,0.0330884256805084,0.310666666666667,0.0373333333333333,FALSE,0,50
"Int-UMAP","Wasserstein",0.865974223784417,0.00655887521968368,0.873214381279991,0.0190586094875176,0.282,0.0246666666666667,FALSE,0,50
"Int-UMAP","Centers-Euclidean",0.626628002343292,-0.0866198008201524,0.640012603159149,-0.0816323098361444,0.134333333333333,0.00233333333333333,FALSE,0,50
"C-PCA","Int-Euclidean",0.930465143526655,0.0517305213825424,0.922698026341746,0.0680443725769872,0.342666666666667,0.0776666666666667,FALSE,0,51
"C-PCA","Hausdorff",0.948505565319274,0.02996719390744,0.940288786512048,0.0405965940536178,0.369,0.0796666666666667,FALSE,0,51
"C-PCA","Ichino-Yaguchi",0.929122437024019,0.0574176918570592,0.921149032913443,0.0722758654146254,0.366,0.079,FALSE,0,51
"C-PCA","Wasserstein",0.923256590509666,0.0562893966022261,0.917113069811477,0.0732274910525169,0.345333333333333,0.0743333333333333,FALSE,0,51
"C-PCA","Centers-Euclidean",0.844781487990627,0.134558875219684,0.843943087053219,0.15725595474131,0.220333333333333,0.0463333333333333,FALSE,0,51
"V-PCA","Int-Euclidean",0.930387814879906,0.051875805506737,0.92259040323815,0.0682338183465583,0.343333333333333,0.078,FALSE,0,51
"V-PCA","Hausdorff",0.948673110720562,0.0295547744581137,0.940386036322951,0.0404652553032058,0.372,0.081,FALSE,0,51
"V-PCA","Ichino-Yaguchi",0.929492091388401,0.0566783831282953,0.921458079354998,0.0716175013736131,0.367333333333333,0.0813333333333333,FALSE,0,51
"V-PCA","Wasserstein",0.923834212067955,0.0552325717633275,0.917518997617843,0.0725512143906447,0.349,0.0773333333333333,FALSE,0,51
"V-PCA","Centers-Euclidean",0.844603983596954,0.134892794376098,0.843160159831915,0.158721456749879,0.22,0.0476666666666667,FALSE,0,51
"MR-PCA","Int-Euclidean",0.742035735207967,0.206958406561219,0.749009393533126,0.241182679717641,0.134666666666667,0.042,FALSE,0,51
"MR-PCA","Hausdorff",0.725742823667253,0.222417106033978,0.732253901421941,0.261603474323836,0.126333333333333,0.0293333333333333,FALSE,0,51
"MR-PCA","Ichino-Yaguchi",0.718915641476274,0.258492091388401,0.721948884859521,0.297040871264475,0.132,0.031,FALSE,0,51
"MR-PCA","Wasserstein",0.748459871118922,0.231141183362624,0.749323608198724,0.262560427078147,0.152666666666667,0.03,FALSE,0,51
"MR-PCA","Centers-Euclidean",0.844781487990627,0.134558875219684,0.843943087053219,0.15725595474131,0.220333333333333,0.0463333333333333,FALSE,0,51
"SPCA","Int-Euclidean",0.930465143526655,0.0517305213825424,0.922698026341746,0.0680443725769872,0.342666666666667,0.0776666666666667,FALSE,0,51
"SPCA","Hausdorff",0.948505565319274,0.02996719390744,0.940288786512048,0.0405965940536178,0.369,0.0796666666666667,FALSE,0,51
"SPCA","Ichino-Yaguchi",0.929122437024019,0.0574176918570592,0.921149032913443,0.0722758654146254,0.366,0.079,FALSE,0,51
"SPCA","Wasserstein",0.923256590509666,0.0562893966022261,0.917113069811477,0.0732274910525169,0.345333333333333,0.0743333333333333,FALSE,0,51
"SPCA","Centers-Euclidean",0.844781487990627,0.134558875219684,0.843943087053219,0.15725595474131,0.220333333333333,0.0463333333333333,FALSE,0,51
"IMDS","Int-Euclidean",0.435818980667838,-0.107314586994728,0.421819827404498,-0.0752510092736346,0.0236666666666667,0.003,TRUE,0,51
"IMDS","Hausdorff",0.550623901581722,-0.0799285295840656,0.561938069431517,-0.106052387200613,0.05,-0.00166666666666667,TRUE,0,51
"IMDS","Ichino-Yaguchi",0.533506151142355,-0.0487650849443468,0.542891852014241,-0.0728585015021087,0.0463333333333333,-0.00833333333333333,FALSE,0,51
"IMDS","Wasserstein",0.531050966608084,-0.0514118336262449,0.539561853118044,-0.0735889243876464,0.049,-0.005,TRUE,0,51
"IMDS","Centers-Euclidean",0.505298769771529,-0.00692325717633269,0.506054590968803,0.000139590407690182,0.0303333333333333,-0.00166666666666667,TRUE,0,51
"Int-UMAP","Int-Euclidean",0.788490333919156,-0.0754083186877562,0.783459990515583,-0.0567763714906853,0.174333333333333,0.0113333333333333,FALSE,0,51
"Int-UMAP","Hausdorff",0.90366373755126,-0.0119695371997657,0.904262852205679,-0.00797278657161371,0.285666666666667,0.018,FALSE,0,51
"Int-UMAP","Ichino-Yaguchi",0.881763327475103,0.0173544229642648,0.886975318563865,0.0198600242591048,0.295,-0.000333333333333338,FALSE,0,51
"Int-UMAP","Wasserstein",0.861683069712947,-0.000657293497363765,0.871487596492577,0.00584162682459494,0.273,0.0106666666666667,FALSE,0,51
"Int-UMAP","Centers-Euclidean",0.603182190978325,-0.0890474516695958,0.603063933226515,-0.0784888275630837,0.107666666666667,-0.0143333333333333,FALSE,0,51
"C-PCA","Int-Euclidean",0.931475688342121,0.0519543057996485,0.923767915499345,0.0625377860657679,0.337666666666667,0.0606666666666667,FALSE,0,52
"C-PCA","Hausdorff",0.946052724077329,0.0294739308728764,0.936436689524141,0.0411972118456033,0.340666666666667,0.065,FALSE,0,52
"C-PCA","Ichino-Yaguchi",0.927206795547745,0.057087287639133,0.920381547421392,0.0682818514354737,0.345666666666667,0.0693333333333333,FALSE,0,52
"C-PCA","Wasserstein",0.921438781487991,0.0549314586994727,0.914944023827409,0.0698724746666446,0.323333333333333,0.0733333333333333,FALSE,0,52
"C-PCA","Centers-Euclidean",0.832697715289982,0.139841827768014,0.832813336151946,0.15434905630977,0.204666666666667,0.045,FALSE,0,52
"V-PCA","Int-Euclidean",0.931331575864089,0.0522214411247802,0.92418301224024,0.0617224716653441,0.337333333333333,0.06,FALSE,0,52
"V-PCA","Hausdorff",0.94600820152314,0.0294575278265963,0.936564204111152,0.0408038035304197,0.339666666666667,0.0633333333333333,FALSE,0,52
"V-PCA","Ichino-Yaguchi",0.927267135325132,0.056896309314587,0.920770394680989,0.0674169672188906,0.346333333333333,0.0693333333333333,FALSE,0,52
"V-PCA","Wasserstein",0.921818394844757,0.0540503807850029,0.915330700325445,0.0690772421134498,0.323666666666667,0.0763333333333333,FALSE,0,52
"V-PCA","Centers-Euclidean",0.833512009373169,0.13826244874048,0.833179378901211,0.153587611798442,0.206,0.0453333333333333,FALSE,0,52
"MR-PCA","Int-Euclidean",0.727644405389572,0.227940246045694,0.734695450135964,0.25157150548455,0.132333333333333,0.032,FALSE,0,52
"MR-PCA","Hausdorff",0.718558875219684,0.227065026362039,0.728961539294085,0.250256360185531,0.119666666666667,0.0433333333333333,FALSE,0,52
"MR-PCA","Ichino-Yaguchi",0.714011716461629,0.256417106033978,0.721309101247912,0.28047356376259,0.124666666666667,0.0376666666666667,FALSE,0,52
"MR-PCA","Wasserstein",0.740042765084944,0.230789689513767,0.745005556627631,0.250337095935533,0.138666666666667,0.032,FALSE,0,52
"MR-PCA","Centers-Euclidean",0.832697715289982,0.139841827768014,0.832813336151946,0.15434905630977,0.204666666666667,0.045,FALSE,0,52
"SPCA","Int-Euclidean",0.931475688342121,0.0519543057996485,0.923767915499345,0.0625377860657679,0.337666666666667,0.0606666666666667,FALSE,0,52
"SPCA","Hausdorff",0.946052724077329,0.0294739308728764,0.936436689524141,0.0411972118456033,0.340666666666667,0.065,FALSE,0,52
"SPCA","Ichino-Yaguchi",0.927206795547745,0.057087287639133,0.920381547421392,0.0682818514354737,0.345666666666667,0.0693333333333333,FALSE,0,52
"SPCA","Wasserstein",0.921438781487991,0.0549314586994727,0.914944023827409,0.0698724746666446,0.323333333333333,0.0733333333333333,FALSE,0,52
"SPCA","Centers-Euclidean",0.832697715289982,0.139841827768014,0.832813336151946,0.15434905630977,0.204666666666667,0.045,FALSE,0,52
"IMDS","Int-Euclidean",0.452163444639719,-0.0283620386643233,0.4422511472874,-0.00576827227797794,0.0266666666666667,-0.00233333333333333,TRUE,0,52
"IMDS","Hausdorff",0.547383714118336,-0.0496145284124194,0.564160606112244,-0.0751625929577978,0.052,-0.00233333333333333,TRUE,0,52
"IMDS","Ichino-Yaguchi",0.53423784417106,-0.0365389572349151,0.548166428788658,-0.0579735326749509,0.0476666666666667,-0.00733333333333333,TRUE,0,52
"IMDS","Wasserstein",0.531391329818395,-0.0380843585237259,0.541487036147479,-0.0553315086040606,0.041,-0.000666666666666666,FALSE,0,52
"IMDS","Centers-Euclidean",0.511837727006444,-0.000556531927357939,0.507102965944988,0.00452012276009722,0.034,0.00266666666666667,TRUE,0,52
"Int-UMAP","Int-Euclidean",0.761872290568248,-0.114833040421793,0.76829485297696,-0.101500447585243,0.172,0.00366666666666667,FALSE,0,52
"Int-UMAP","Hausdorff",0.899927357937903,-0.000611599297012266,0.897344903001193,0.00589536315198264,0.283333333333333,0.012,FALSE,0,52
"Int-UMAP","Ichino-Yaguchi",0.866603397773872,0.0344135910954892,0.869462713485726,0.0432062700927855,0.291666666666667,0.0206666666666667,FALSE,0,52
"Int-UMAP","Wasserstein",0.850174575278266,0.0152314001171646,0.857035765983307,0.0289623452699121,0.270333333333333,0.023,FALSE,0,52
"Int-UMAP","Centers-Euclidean",0.588519625073228,-0.0839050966608084,0.595244986715216,-0.0997151819594055,0.101333333333333,-0.00233333333333333,FALSE,0,52
"C-PCA","Int-Euclidean",0.93362272993556,0.0497293497363797,0.926974369047581,0.0595932339787741,0.345333333333333,0.072,FALSE,0,53
"C-PCA","Hausdorff",0.946795547744581,0.0327803163444639,0.937959539399399,0.0426303213018797,0.364,0.0783333333333333,FALSE,0,53
"C-PCA","Ichino-Yaguchi",0.926281780902168,0.0628717047451669,0.91914084588775,0.0748454468429773,0.355,0.0766666666666667,FALSE,0,53
"C-PCA","Wasserstein",0.9207129466901,0.0601862917398945,0.914050786148822,0.0756406333404106,0.337333333333333,0.081,FALSE,0,53
"C-PCA","Centers-Euclidean",0.83219273579379,0.145350908025776,0.826559633844414,0.171760125320798,0.205333333333333,0.054,FALSE,0,53
"V-PCA","Int-Euclidean",0.93372114821324,0.0497691857059168,0.927419736705352,0.0588321548431548,0.345333333333333,0.0696666666666667,FALSE,0,53
"V-PCA","Hausdorff",0.946772700644405,0.0327908611599297,0.938226898468385,0.0420433851414595,0.363333333333333,0.0783333333333333,FALSE,0,53
"V-PCA","Ichino-Yaguchi",0.926171646162859,0.0633263034563561,0.919860971472601,0.0735109182091125,0.354666666666667,0.0773333333333333,FALSE,0,53
"V-PCA","Wasserstein",0.920476274165202,0.0608822495606327,0.914650249476384,0.0746832845065501,0.336333333333333,0.0826666666666667,FALSE,0,53
"V-PCA","Centers-Euclidean",0.832364381956649,0.145199765670768,0.827148489762495,0.170998877314053,0.206333333333333,0.054,FALSE,0,53
"MR-PCA","Int-Euclidean",0.728107791446983,0.217780902167545,0.7320792257351,0.254146478507388,0.134,0.027,FALSE,0,53
"MR-PCA","Hausdorff",0.729503222026948,0.215889865260691,0.738156800831706,0.243091480712691,0.128,0.0413333333333333,FALSE,0,53
"MR-PCA","Ichino-Yaguchi",0.716500292911541,0.252100761570006,0.720072586182995,0.284656969779591,0.129,0.0366666666666667,FALSE,0,53
"MR-PCA","Wasserstein",0.743048037492677,0.224870533099004,0.743551641481073,0.252714293236727,0.141333333333333,0.0393333333333333,FALSE,0,53
"MR-PCA","Centers-Euclidean",0.83219273579379,0.145350908025776,0.826559633844414,0.171760125320798,0.205333333333333,0.054,FALSE,0,53
"SPCA","Int-Euclidean",0.93362272993556,0.0497293497363797,0.926974369047581,0.0595932339787741,0.345333333333333,0.072,FALSE,0,53
"SPCA","Hausdorff",0.946795547744581,0.0327803163444639,0.937959539399399,0.0426303213018797,0.364,0.0783333333333333,FALSE,0,53
"SPCA","Ichino-Yaguchi",0.926281780902168,0.0628717047451669,0.91914084588775,0.0748454468429773,0.355,0.0766666666666667,FALSE,0,53
"SPCA","Wasserstein",0.9207129466901,0.0601862917398945,0.914050786148822,0.0756406333404106,0.337333333333333,0.081,FALSE,0,53
"SPCA","Centers-Euclidean",0.83219273579379,0.145350908025776,0.826559633844414,0.171760125320798,0.205333333333333,0.054,FALSE,0,53
"IMDS","Int-Euclidean",0.4750820152314,-0.0952278851786761,0.459612420041441,-0.0831216610532369,0.0296666666666667,0.00166666666666667,TRUE,0,53
"IMDS","Hausdorff",0.589682483889865,-0.0878687756297598,0.591733938014779,-0.101039515382855,0.0526666666666667,-0.00433333333333333,TRUE,0,53
"IMDS","Ichino-Yaguchi",0.57688107791447,-0.0578113649677798,0.574145572744077,-0.0727221396033033,0.055,-0.000333333333333331,TRUE,0,53
"IMDS","Wasserstein",0.573475688342121,-0.0704241359109549,0.571945446796922,-0.0863720679175105,0.0493333333333333,-0.00466666666666667,TRUE,0,53
"IMDS","Centers-Euclidean",0.514444639718805,0.0289455184534271,0.50331467384154,0.0195842346829667,0.0316666666666667,-0.00433333333333333,TRUE,0,53
"Int-UMAP","Int-Euclidean",0.784289982425308,-0.0627123608670181,0.787044756835558,-0.0617217117452785,0.155666666666667,0.000666666666666663,FALSE,0,53
"Int-UMAP","Hausdorff",0.906503222026948,-0.00773169302870536,0.903233442992102,-0.00718336318514277,0.289333333333333,-0.002,FALSE,0,53
"Int-UMAP","Ichino-Yaguchi",0.875960749853544,0.0227498535442296,0.8771670310445,0.0271377756571659,0.294333333333333,0.0136666666666667,FALSE,0,53
"Int-UMAP","Wasserstein",0.860033977738723,0.0045295840656121,0.865264056103286,0.0155273023927657,0.272666666666667,0.0116666666666667,FALSE,0,53
"Int-UMAP","Centers-Euclidean",0.609325131810193,-0.100841241944932,0.61059949096102,-0.112020216023014,0.107,-0.00166666666666667,FALSE,0,53
"C-PCA","Int-Euclidean",0.9282460456942,0.0515336848271821,0.920290372365438,0.0632300655695877,0.317666666666667,0.057,FALSE,0,54
"C-PCA","Hausdorff",0.947340949033392,0.0311482132396016,0.93898238489936,0.0393874537657724,0.359333333333333,0.063,FALSE,0,54
"C-PCA","Ichino-Yaguchi",0.924927943760984,0.0617129466900996,0.920780504688246,0.0714088549570507,0.360666666666667,0.0583333333333333,FALSE,0,54
"C-PCA","Wasserstein",0.918960164030463,0.0575618043350908,0.916270723749406,0.0706901962482056,0.333666666666667,0.0733333333333333,FALSE,0,54
"C-PCA","Centers-Euclidean",0.837037492677212,0.138468658465144,0.836781318647072,0.15521409558075,0.212666666666667,0.043,FALSE,0,54
"V-PCA","Int-Euclidean",0.928269478617458,0.0515430579964851,0.921042046914548,0.0618372656510143,0.315666666666667,0.0543333333333333,FALSE,0,54
"V-PCA","Hausdorff",0.94708611599297,0.0316110134739309,0.938875661418306,0.0395205579870439,0.36,0.061,FALSE,0,54
"V-PCA","Ichino-Yaguchi",0.925195079086116,0.0612091388400703,0.921166942463919,0.0705765766844549,0.358666666666667,0.0583333333333333,FALSE,0,54
"V-PCA","Wasserstein",0.919169302870533,0.0571411833626245,0.91633562092301,0.0705797391800816,0.333333333333333,0.072,FALSE,0,54
"V-PCA","Centers-Euclidean",0.837455184534271,0.137492677211482,0.836671097998524,0.155228250051467,0.212666666666667,0.0433333333333333,FALSE,0,54
"MR-PCA","Int-Euclidean",0.731264206209725,0.214230814294083,0.740631506623663,0.231410110744149,0.127333333333333,0.0213333333333333,FALSE,0,54
"MR-PCA","Hausdorff",0.734597539543058,0.213016988869361,0.750266847082437,0.222822693147501,0.139666666666667,0.035,FALSE,0,54
"MR-PCA","Ichino-Yaguchi",0.71302050380785,0.262399531341535,0.721272220561656,0.285166733370761,0.142666666666667,0.0303333333333333,FALSE,0,54
"MR-PCA","Wasserstein",0.738848857644991,0.235483304042179,0.74616069960544,0.255219679074242,0.154,0.03,FALSE,0,54
"MR-PCA","Centers-Euclidean",0.837037492677212,0.138468658465144,0.836781318647072,0.15521409558075,0.212666666666667,0.043,FALSE,0,54
"SPCA","Int-Euclidean",0.9282460456942,0.0515336848271821,0.920290372365438,0.0632300655695877,0.317666666666667,0.057,FALSE,0,54
"SPCA","Hausdorff",0.947340949033392,0.0311482132396016,0.93898238489936,0.0393874537657724,0.359333333333333,0.063,FALSE,0,54
"SPCA","Ichino-Yaguchi",0.924927943760984,0.0617129466900996,0.920780504688246,0.0714088549570507,0.360666666666667,0.0583333333333333,FALSE,0,54
"SPCA","Wasserstein",0.918960164030463,0.0575618043350908,0.916270723749406,0.0706901962482056,0.333666666666667,0.0733333333333333,FALSE,0,54
"SPCA","Centers-Euclidean",0.837037492677212,0.138468658465144,0.836781318647072,0.15521409558075,0.212666666666667,0.043,FALSE,0,54
"IMDS","Int-Euclidean",0.499709431751611,-0.051219683655536,0.481532559964985,-0.0416099605102548,0.0346666666666667,-0.001,TRUE,0,54
"IMDS","Hausdorff",0.58498769771529,-0.0873602811950791,0.590357178550358,-0.0931510737977566,0.054,0.000333333333333331,FALSE,0,54
"IMDS","Ichino-Yaguchi",0.571967779730521,-0.0639777387229057,0.57449832533575,-0.0595280282315678,0.054,0,FALSE,0,54
"IMDS","Wasserstein",0.566597539543058,-0.0784417106033978,0.57232898996798,-0.0753925432344624,0.0466666666666667,-0.00433333333333333,FALSE,0,54
"IMDS","Centers-Euclidean",0.508850615114235,0.00680726420620981,0.49943995963673,0.0185537308774559,0.032,0.00266666666666667,FALSE,0,54
"Int-UMAP","Int-Euclidean",0.789234329232572,-0.0743280609256005,0.786636031909274,-0.0663650720473306,0.175,0.00899999999999999,FALSE,0,54
"Int-UMAP","Hausdorff",0.90198359695372,0.00104042179261865,0.901424234511025,0.00160983615969866,0.276333333333333,0.014,FALSE,0,54
"Int-UMAP","Ichino-Yaguchi",0.867596953719977,0.0308142940831869,0.872869817402722,0.0332873389794627,0.291666666666667,0.0143333333333333,FALSE,0,54
"Int-UMAP","Wasserstein",0.845008787346222,0.00422495606326889,0.855136209914792,0.0138278386507013,0.266,0.025,FALSE,0,54
"Int-UMAP","Centers-Euclidean",0.598880492091388,-0.0980702987697715,0.605883541405588,-0.109004323561375,0.127333333333333,-0.007,FALSE,0,54
"C-PCA","Int-Euclidean",0.920590509666081,0.0633579379027533,0.913435276226338,0.0772709934826492,0.319,0.082,FALSE,0,55
"C-PCA","Hausdorff",0.946226127709432,0.0317352079671939,0.938543369866299,0.0396937076929855,0.347666666666667,0.0616666666666667,FALSE,0,55
"C-PCA","Ichino-Yaguchi",0.922796719390744,0.056480374926772,0.919438359199017,0.0651719207847042,0.343,0.0786666666666667,FALSE,0,55
"C-PCA","Wasserstein",0.919049794961922,0.0565319273579379,0.916104483175293,0.0662664497747336,0.325666666666667,0.077,FALSE,0,55
"C-PCA","Centers-Euclidean",0.831582893966022,0.144309314586995,0.830781729003907,0.160727751651368,0.204666666666667,0.044,FALSE,0,55
"V-PCA","Int-Euclidean",0.92103690685413,0.0627768014059754,0.913503356620662,0.07756549090913,0.318,0.0803333333333333,FALSE,0,55
"V-PCA","Hausdorff",0.946355594610428,0.0312724077328647,0.938808515188346,0.0391200294511243,0.346333333333333,0.0593333333333333,FALSE,0,55
"V-PCA","Ichino-Yaguchi",0.923045694200352,0.0559753954305799,0.919743952993648,0.064606251639777,0.34,0.076,FALSE,0,55
"V-PCA","Wasserstein",0.919290568248389,0.0560714704159344,0.916501501494586,0.0654422619642506,0.324333333333333,0.0733333333333333,FALSE,0,55
"V-PCA","Centers-Euclidean",0.831085530169889,0.145397773872291,0.830548227060431,0.161353623352605,0.205,0.0436666666666667,FALSE,0,55
"MR-PCA","Int-Euclidean",0.734054481546573,0.205646162858817,0.738177270314928,0.240315858088689,0.126,0.0286666666666667,FALSE,0,55
"MR-PCA","Hausdorff",0.733767428236673,0.213076742823667,0.751142977348395,0.224604512267182,0.137333333333333,0.0253333333333333,FALSE,0,55
"MR-PCA","Ichino-Yaguchi",0.712438195664909,0.257644991212654,0.717386852891603,0.290263845781975,0.131333333333333,0.0223333333333333,FALSE,0,55
"MR-PCA","Wasserstein",0.73968014059754,0.230183948447569,0.741409304768322,0.259335952678012,0.147666666666667,0.021,FALSE,0,55
"MR-PCA","Centers-Euclidean",0.831582893966022,0.144309314586995,0.830781729003907,0.160727751651368,0.204666666666667,0.044,FALSE,0,55
"SPCA","Int-Euclidean",0.920590509666081,0.0633579379027533,0.913435276226338,0.0772709934826492,0.319,0.082,FALSE,0,55
"SPCA","Hausdorff",0.946226127709432,0.0317352079671939,0.938543369866299,0.0396937076929855,0.347666666666667,0.0616666666666667,FALSE,0,55
"SPCA","Ichino-Yaguchi",0.922796719390744,0.056480374926772,0.919438359199017,0.0651719207847042,0.343,0.0786666666666667,FALSE,0,55
"SPCA","Wasserstein",0.919049794961922,0.0565319273579379,0.916104483175293,0.0662664497747336,0.325666666666667,0.077,FALSE,0,55
"SPCA","Centers-Euclidean",0.831582893966022,0.144309314586995,0.830781729003907,0.160727751651368,0.204666666666667,0.044,FALSE,0,55
"IMDS","Int-Euclidean",0.436858230814294,-0.0303842999414177,0.428221559838025,-0.0124066852701239,0.0266666666666667,-0.000333333333333333,TRUE,0,55
"IMDS","Hausdorff",0.561247803163445,-0.0712923257176333,0.559954230551765,-0.0988864653323698,0.0503333333333333,-0.00633333333333333,TRUE,0,55
"IMDS","Ichino-Yaguchi",0.548768014059754,-0.058829525483304,0.548174984413963,-0.0686556415314277,0.0436666666666667,-0.002,FALSE,0,55
"IMDS","Wasserstein",0.543502636203866,-0.0603550087873462,0.543373875452632,-0.0771534484328223,0.0456666666666667,-0.004,FALSE,0,55
"IMDS","Centers-Euclidean",0.501447568834212,-0.00782073813708251,0.493170516237496,-0.0137204151220714,0.0316666666666667,0.000999999999999999,FALSE,0,55
"Int-UMAP","Int-Euclidean",0.769289982425308,-0.0796203866432337,0.765825831233574,-0.0588579829142336,0.171,0.0106666666666667,FALSE,0,55
"Int-UMAP","Hausdorff",0.900916813122437,-0.00580785002929118,0.901282413469284,0.00378930533020215,0.298666666666667,0.0306666666666667,FALSE,0,55
"Int-UMAP","Ichino-Yaguchi",0.868872290568248,0.0280410076157001,0.876325642942269,0.0366736702128068,0.298666666666667,0.0236666666666667,FALSE,0,55
"Int-UMAP","Wasserstein",0.856049794961921,0.0133415348564734,0.866065708062046,0.0246764314092311,0.282666666666667,0.0196666666666667,FALSE,0,55
"Int-UMAP","Centers-Euclidean",0.605800234329233,-0.0737445811364967,0.615261120816084,-0.0871950106872394,0.130333333333333,-0.00233333333333333,FALSE,0,55
"C-PCA","Int-Euclidean",0.932264206209725,0.0492478031634446,0.927407826685414,0.0569626900740469,0.349,0.0583333333333333,FALSE,0,56
"C-PCA","Hausdorff",0.945854130052724,0.0324979496192149,0.937037834654596,0.0386928576571465,0.353,0.0606666666666667,FALSE,0,56
"C-PCA","Ichino-Yaguchi",0.92266783831283,0.0589244288224956,0.916310538187672,0.0705152964233249,0.342,0.0603333333333333,FALSE,0,56
"C-PCA","Wasserstein",0.918132396016403,0.056215582893966,0.912529126815,0.0689334928704913,0.323666666666667,0.0593333333333333,FALSE,0,56
"C-PCA","Centers-Euclidean",0.843117750439367,0.124991212653778,0.842954024221953,0.1426691401681,0.236,0.048,FALSE,0,56
"V-PCA","Int-Euclidean",0.931689513766842,0.0503643819566491,0.928012299344642,0.0560108924946456,0.345,0.0606666666666667,FALSE,0,56
"V-PCA","Hausdorff",0.945784417106034,0.0327662565905097,0.93645814076268,0.0398366110451235,0.349666666666667,0.061,FALSE,0,56
"V-PCA","Ichino-Yaguchi",0.922332747510252,0.0592056239015818,0.916500883579785,0.0698435209445484,0.340666666666667,0.0576666666666666,FALSE,0,56
"V-PCA","Wasserstein",0.917783831282952,0.0569033391915642,0.912281124982595,0.0691266522696356,0.323333333333333,0.0573333333333333,FALSE,0,56
"V-PCA","Centers-Euclidean",0.842011716461629,0.127882835383714,0.844544882337508,0.14017061203348,0.233666666666667,0.0403333333333333,FALSE,0,56
"MR-PCA","Int-Euclidean",0.738965436438196,0.21390978324546,0.744392324162557,0.243370526431171,0.153,0.0356666666666667,FALSE,0,56
"MR-PCA","Hausdorff",0.728601640304628,0.21421323960164,0.738010530035802,0.229738608990115,0.126333333333333,0.0286666666666667,FALSE,0,56
"MR-PCA","Ichino-Yaguchi",0.720492091388401,0.251198594024605,0.725271964645141,0.269556312609929,0.143,0.026,FALSE,0,56
"MR-PCA","Wasserstein",0.749802577621558,0.225728178090217,0.750831799292676,0.239963708059896,0.164,0.0243333333333333,FALSE,0,56
"MR-PCA","Centers-Euclidean",0.843117750439367,0.124991212653778,0.842954024221953,0.1426691401681,0.236,0.048,FALSE,0,56
"SPCA","Int-Euclidean",0.932264206209725,0.0492478031634446,0.927407826685414,0.0569626900740469,0.349,0.0583333333333333,FALSE,0,56
"SPCA","Hausdorff",0.945854130052724,0.0324979496192149,0.937037834654596,0.0386928576571465,0.353,0.0606666666666667,FALSE,0,56
"SPCA","Ichino-Yaguchi",0.92266783831283,0.0589244288224956,0.916310538187672,0.0705152964233249,0.342,0.0603333333333333,FALSE,0,56
"SPCA","Wasserstein",0.918132396016403,0.056215582893966,0.912529126815,0.0689334928704913,0.323666666666667,0.0593333333333333,FALSE,0,56
"SPCA","Centers-Euclidean",0.843117750439367,0.124991212653778,0.842954024221953,0.1426691401681,0.236,0.048,FALSE,0,56
"IMDS","Int-Euclidean",0.469687170474517,-0.0311915641476275,0.464983729267039,-0.011789295504973,0.0206666666666667,-0.00366666666666667,FALSE,0,56
"IMDS","Hausdorff",0.587620386643234,-0.0889091974223785,0.593837908742965,-0.0925993994635732,0.0546666666666667,0.006,FALSE,0,56
"IMDS","Ichino-Yaguchi",0.578251903925015,-0.0640398359695372,0.57917465465471,-0.0655857778580171,0.0543333333333333,0.00533333333333333,FALSE,0,56
"IMDS","Wasserstein",0.569588752196837,-0.0730099589923844,0.574212044257131,-0.0709754917335281,0.0543333333333333,0.00333333333333333,FALSE,0,56
"IMDS","Centers-Euclidean",0.508275336848272,0.0110767428236673,0.502306004304986,0.0109936515203084,0.034,0.00466666666666667,FALSE,0,56
"Int-UMAP","Int-Euclidean",0.810137082601055,-0.04706971294669,0.809943314568681,-0.0443917853101464,0.183666666666667,0.0113333333333333,FALSE,0,56
"Int-UMAP","Hausdorff",0.896801991798477,-0.0207393087287639,0.895475980922475,-0.0129729777030242,0.271,0.019,FALSE,0,56
"Int-UMAP","Ichino-Yaguchi",0.866741066198008,0.0150287053309901,0.873769387748523,0.0199490101311929,0.273333333333333,0.0213333333333333,FALSE,0,56
"Int-UMAP","Wasserstein",0.85077855887522,-0.0064663151728177,0.8589815658744,0.00470848314888769,0.244333333333333,0.0143333333333333,FALSE,0,56
"Int-UMAP","Centers-Euclidean",0.599329818394845,-0.105166959578207,0.609570064860329,-0.089450590074093,0.108666666666667,0.005,FALSE,0,56
"C-PCA","Int-Euclidean",0.93236086701816,0.0515383714118337,0.92402568882916,0.0633596004693389,0.346333333333333,0.0656666666666667,FALSE,0,57
"C-PCA","Hausdorff",0.944212653778559,0.0317129466900996,0.935304235917261,0.0424349159167637,0.343666666666667,0.0623333333333333,FALSE,0,57
"C-PCA","Ichino-Yaguchi",0.922322202694786,0.0629173989455185,0.915502925078176,0.0758923388236407,0.338333333333333,0.0706666666666667,FALSE,0,57
"C-PCA","Wasserstein",0.9169589923843,0.0610345635618044,0.911713566016252,0.0744586475295766,0.320666666666667,0.0656666666666667,FALSE,0,57
"C-PCA","Centers-Euclidean",0.832501464557704,0.14022964264792,0.834357778503412,0.155092146064927,0.202,0.055,FALSE,0,57
"V-PCA","Int-Euclidean",0.932215582893966,0.0515664909197422,0.924120862292812,0.0630456061038008,0.346333333333333,0.071,FALSE,0,57
"V-PCA","Hausdorff",0.943798476859988,0.0325413005272408,0.935351915912005,0.0424043655949337,0.341,0.0676666666666667,FALSE,0,57
"V-PCA","Ichino-Yaguchi",0.922231400117165,0.0631810193321617,0.91496228186648,0.0770366817253655,0.338,0.073,FALSE,0,57
"V-PCA","Wasserstein",0.916562390158172,0.0618418277680141,0.911006486493457,0.075850408123131,0.319,0.0683333333333333,FALSE,0,57
"V-PCA","Centers-Euclidean",0.832455770357352,0.14022964264792,0.833569059002497,0.156658433431693,0.201333333333333,0.0556666666666667,FALSE,0,57
"MR-PCA","Int-Euclidean",0.730070298769771,0.216304628002343,0.7388223342196,0.235158722738635,0.134,0.0246666666666667,FALSE,0,57
"MR-PCA","Hausdorff",0.747446983011131,0.182275336848272,0.767563901985356,0.187419254655048,0.142,0.027,FALSE,0,57
"MR-PCA","Ichino-Yaguchi",0.713360281195079,0.245434094903339,0.726012647986757,0.261166922506422,0.129,0.025,FALSE,0,57
"MR-PCA","Wasserstein",0.740903925014646,0.218152314001172,0.750898309953126,0.233203824531847,0.145666666666667,0.026,FALSE,0,57
"MR-PCA","Centers-Euclidean",0.832501464557704,0.14022964264792,0.834357778503412,0.155092146064927,0.202,0.055,FALSE,0,57
"SPCA","Int-Euclidean",0.93236086701816,0.0515383714118337,0.92402568882916,0.0633596004693389,0.346333333333333,0.0656666666666667,FALSE,0,57
"SPCA","Hausdorff",0.944212653778559,0.0317129466900996,0.935304235917261,0.0424349159167637,0.343666666666667,0.0623333333333333,FALSE,0,57
"SPCA","Ichino-Yaguchi",0.922322202694786,0.0629173989455185,0.915502925078176,0.0758923388236407,0.338333333333333,0.0706666666666667,FALSE,0,57
"SPCA","Wasserstein",0.9169589923843,0.0610345635618044,0.911713566016252,0.0744586475295766,0.320666666666667,0.0656666666666667,FALSE,0,57
"SPCA","Centers-Euclidean",0.832501464557704,0.14022964264792,0.834357778503412,0.155092146064927,0.202,0.055,FALSE,0,57
"IMDS","Int-Euclidean",0.517810779144698,-0.026274165202109,0.513322660678189,-0.0217830119639051,0.0276666666666667,-0.000333333333333333,TRUE,0,57
"IMDS","Hausdorff",0.581497949619215,-0.0923011130638547,0.591032198657536,-0.109986022076369,0.0616666666666667,-0.005,TRUE,0,57
"IMDS","Ichino-Yaguchi",0.564462800234329,-0.0674118336262448,0.577290421338064,-0.0841538059790511,0.056,-0.00433333333333333,FALSE,0,57
"IMDS","Wasserstein",0.565810193321617,-0.0766420620972466,0.576878229948127,-0.0944566763429822,0.0573333333333333,-0.00533333333333333,FALSE,0,57
"IMDS","Centers-Euclidean",0.505005858230814,-0.00631868775629763,0.502130561789715,-0.0101436264275942,0.0363333333333333,0.000333333333333335,TRUE,0,57
"Int-UMAP","Int-Euclidean",0.778490333919156,-0.0891095489162272,0.778186684112589,-0.0839291597909252,0.154666666666667,0.0113333333333333,FALSE,0,57
"Int-UMAP","Hausdorff",0.899309314586995,-0.0126338605741066,0.895385005441488,-0.00790785408859257,0.277,0.02,FALSE,0,57
"Int-UMAP","Ichino-Yaguchi",0.870957234915056,0.0199601640304629,0.871847534550648,0.0288137340737258,0.280666666666667,0.0206666666666667,FALSE,0,57
"Int-UMAP","Wasserstein",0.853706502636204,0.00613825424721737,0.858225357135565,0.0166446827164855,0.246333333333333,0.0273333333333333,FALSE,0,57
"Int-UMAP","Centers-Euclidean",0.607711189220855,-0.097252489748096,0.610312535165493,-0.120368266474952,0.114333333333333,-0.00666666666666667,FALSE,0,57
"C-PCA","Int-Euclidean",0.929472173403632,0.0531611013473932,0.923313369695892,0.062592838052744,0.344,0.053,FALSE,0,58
"C-PCA","Hausdorff",0.943294083186878,0.0344124194493263,0.934070232426541,0.0446503531018479,0.339333333333333,0.0596666666666667,FALSE,0,58
"C-PCA","Ichino-Yaguchi",0.920588752196837,0.0654680726420621,0.913615341204877,0.0781022155431133,0.333666666666667,0.0646666666666667,FALSE,0,58
"C-PCA","Wasserstein",0.917025776215583,0.0645869947275923,0.910306532564571,0.0772876364996823,0.320666666666667,0.0796666666666667,FALSE,0,58
"C-PCA","Centers-Euclidean",0.829550087873462,0.148360867018161,0.829327016325079,0.161327047642997,0.209333333333333,0.042,FALSE,0,58
"V-PCA","Int-Euclidean",0.929507322788518,0.053186877562976,0.923250752282485,0.0628444099742656,0.344333333333333,0.0576666666666667,FALSE,0,58
"V-PCA","Hausdorff",0.942878734622144,0.0350298769771529,0.933937026114999,0.0447025511667997,0.336,0.057,FALSE,0,58
"V-PCA","Ichino-Yaguchi",0.920577035735208,0.0651611013473931,0.91370920898769,0.0777265294849753,0.332333333333333,0.059,FALSE,0,58
"V-PCA","Wasserstein",0.916646748681898,0.0649935559461042,0.910471409120545,0.0766342710439905,0.319,0.075,FALSE,0,58
"V-PCA","Centers-Euclidean",0.829966608084359,0.147380199179848,0.828612184850019,0.162573863078984,0.208,0.04,FALSE,0,58
"MR-PCA","Int-Euclidean",0.729315172817809,0.234424135910955,0.736655244070206,0.260400904657972,0.134333333333333,0.0313333333333333,FALSE,0,58
"MR-PCA","Hausdorff",0.73873345049795,0.195065026362039,0.756175300817045,0.206885231959075,0.132333333333333,0.0156666666666667,FALSE,0,58
"MR-PCA","Ichino-Yaguchi",0.713752196836555,0.252115992970123,0.72467413322673,0.270354409831493,0.132666666666667,0.0136666666666667,FALSE,0,58
"MR-PCA","Wasserstein",0.741070884592853,0.225673110720562,0.748398476137666,0.2427683028283,0.153333333333333,0.0133333333333333,FALSE,0,58
"MR-PCA","Centers-Euclidean",0.829550087873462,0.148360867018161,0.829327016325079,0.161327047642997,0.209333333333333,0.042,FALSE,0,58
"SPCA","Int-Euclidean",0.929472173403632,0.0531611013473932,0.923313369695892,0.062592838052744,0.344,0.053,FALSE,0,58
"SPCA","Hausdorff",0.943294083186878,0.0344124194493263,0.934070232426541,0.0446503531018479,0.339333333333333,0.0596666666666667,FALSE,0,58
"SPCA","Ichino-Yaguchi",0.920588752196837,0.0654680726420621,0.913615341204877,0.0781022155431133,0.333666666666667,0.0646666666666667,FALSE,0,58
"SPCA","Wasserstein",0.917025776215583,0.0645869947275923,0.910306532564571,0.0772876364996823,0.320666666666667,0.0796666666666667,FALSE,0,58
"SPCA","Centers-Euclidean",0.829550087873462,0.148360867018161,0.829327016325079,0.161327047642997,0.209333333333333,0.042,FALSE,0,58
"IMDS","Int-Euclidean",0.479001171646163,-0.107661394258934,0.466036821120804,-0.0925516058646178,0.0316666666666667,-0.00133333333333333,FALSE,0,58
"IMDS","Hausdorff",0.549544229642648,-0.0786666666666667,0.554861290024951,-0.0873884218578802,0.0483333333333333,0,FALSE,0,58
"IMDS","Ichino-Yaguchi",0.539165787932045,-0.0614551845342707,0.547263117947424,-0.0675122412376227,0.0476666666666667,-0.00266666666666667,FALSE,0,58
"IMDS","Wasserstein",0.536776801405975,-0.0627065026362039,0.543090730771374,-0.0648322948526699,0.0483333333333333,0.002,FALSE,0,58
"IMDS","Centers-Euclidean",0.501895723491506,-0.00983714118336265,0.49778105259829,-0.0063094719967921,0.0336666666666667,0.000666666666666666,FALSE,0,58
"Int-UMAP","Int-Euclidean",0.793006444053896,-0.0825987111892208,0.79083399845529,-0.0891425890983249,0.166,0.005,FALSE,0,58
"Int-UMAP","Hausdorff",0.897534270650264,-0.00678031634446397,0.893745264508217,0.00142460449230969,0.269333333333333,0.0206666666666667,FALSE,0,58
"Int-UMAP","Ichino-Yaguchi",0.869605741066198,0.0243409490333919,0.87182592288454,0.0310764029774743,0.275,0.0263333333333333,FALSE,0,58
"Int-UMAP","Wasserstein",0.854359695371998,0.00728998242530754,0.857585628023273,0.0178854602421336,0.249666666666667,0.0153333333333333,FALSE,0,58
"Int-UMAP","Centers-Euclidean",0.602961921499707,-0.079386057410662,0.604980447794029,-0.0722690476267236,0.0903333333333333,0.00333333333333333,FALSE,0,58
"C-PCA","Int-Euclidean",0.927014645577036,0.0545377855887522,0.921086598955486,0.0638830149882335,0.324333333333333,0.06,FALSE,0,59
"C-PCA","Hausdorff",0.944021089630931,0.0377316930287053,0.935476905108091,0.0445866349557396,0.351,0.061,FALSE,0,59
"C-PCA","Ichino-Yaguchi",0.920276508494435,0.0694481546572935,0.914111727900104,0.0794570302047501,0.341333333333333,0.0693333333333333,FALSE,0,59
"C-PCA","Wasserstein",0.915719390743995,0.0683878148799062,0.910478173176725,0.0798261502464828,0.321666666666667,0.0696666666666667,FALSE,0,59
"C-PCA","Centers-Euclidean",0.827312243702402,0.143758640890451,0.829047413331884,0.155112756018222,0.192333333333333,0.0306666666666667,FALSE,0,59
"V-PCA","Int-Euclidean",0.927478617457528,0.0533380199179848,0.921808021010024,0.0617960902649941,0.329333333333333,0.0696666666666667,FALSE,0,59
"V-PCA","Hausdorff",0.944044522554189,0.0376379613356767,0.936047364819815,0.0435953015754294,0.351333333333333,0.056,FALSE,0,59
"V-PCA","Ichino-Yaguchi",0.920446983011131,0.0685166959578207,0.914673646570849,0.0777827835273279,0.341333333333333,0.0653333333333333,FALSE,0,59
"V-PCA","Wasserstein",0.916129466900996,0.0668646748681898,0.910996244459684,0.0781315638095668,0.322666666666667,0.0666666666666667,FALSE,0,59
"V-PCA","Centers-Euclidean",0.828493263034563,0.141157586408905,0.82941539502871,0.154634968942297,0.198,0.0433333333333333,FALSE,0,59
"MR-PCA","Int-Euclidean",0.727642062097247,0.22213122437024,0.734254845411534,0.250632407013801,0.119,0.0263333333333333,FALSE,0,59
"MR-PCA","Hausdorff",0.735824838898653,0.20601640304628,0.745550309548449,0.225051167183489,0.135333333333333,0.0246666666666667,FALSE,0,59
"MR-PCA","Ichino-Yaguchi",0.713998242530756,0.253964850615114,0.717689084615641,0.281746004624306,0.130333333333333,0.029,FALSE,0,59
"MR-PCA","Wasserstein",0.740743409490334,0.226133567662566,0.742967109431406,0.246333657412375,0.141333333333333,0.0293333333333333,FALSE,0,59
"MR-PCA","Centers-Euclidean",0.827312243702402,0.143758640890451,0.829047413331884,0.155112756018222,0.192333333333333,0.0306666666666667,FALSE,0,59
"SPCA","Int-Euclidean",0.927014645577036,0.0545377855887522,0.921086598955486,0.0638830149882335,0.324333333333333,0.06,FALSE,0,59
"SPCA","Hausdorff",0.944021089630931,0.0377316930287053,0.935476905108091,0.0445866349557396,0.351,0.061,FALSE,0,59
"SPCA","Ichino-Yaguchi",0.920276508494435,0.0694481546572935,0.914111727900104,0.0794570302047501,0.341333333333333,0.0693333333333333,FALSE,0,59
"SPCA","Wasserstein",0.915719390743995,0.0683878148799062,0.910478173176725,0.0798261502464828,0.321666666666667,0.0696666666666667,FALSE,0,59
"SPCA","Centers-Euclidean",0.827312243702402,0.143758640890451,0.829047413331884,0.155112756018222,0.192333333333333,0.0306666666666667,FALSE,0,59
"IMDS","Int-Euclidean",0.491188049209139,-0.0715547744581136,0.482540150261528,-0.0696009621355627,0.0316666666666667,-0.003,TRUE,0,59
"IMDS","Hausdorff",0.563814294083187,-0.0945155243116579,0.571355398034616,-0.117673259855971,0.0633333333333333,-0.00366666666666667,TRUE,0,59
"IMDS","Ichino-Yaguchi",0.552059168131224,-0.0761862917398946,0.558652427606867,-0.0934153847429236,0.0593333333333333,-0.00466666666666667,FALSE,0,59
"IMDS","Wasserstein",0.551830111306385,-0.0871353251318103,0.558542532419034,-0.104213879579228,0.0556666666666667,-0.009,FALSE,0,59
"IMDS","Centers-Euclidean",0.500921499707088,-0.00776449912126531,0.499819715488998,-0.00999793363149831,0.0313333333333333,0.000333333333333333,FALSE,0,59
"Int-UMAP","Int-Euclidean",0.763890451083773,-0.116085530169889,0.767471289989642,-0.116644490817479,0.170333333333333,0.0143333333333333,FALSE,0,59
"Int-UMAP","Hausdorff",0.896694200351494,-0.00775043936731112,0.895686692172347,-0.00714089670260704,0.271,0.0216666666666667,FALSE,0,59
"Int-UMAP","Ichino-Yaguchi",0.865633274751025,0.0263081429408319,0.870775780902303,0.0264214519754314,0.273666666666667,0.0183333333333333,FALSE,0,59
"Int-UMAP","Wasserstein",0.848417106033978,0.00769068541300533,0.857652055015756,0.0128492734626855,0.251333333333333,0.0236666666666667,FALSE,0,59
"Int-UMAP","Centers-Euclidean",0.59513122437024,-0.0876801405975396,0.600656635414762,-0.0934689184249605,0.112333333333333,0.004,FALSE,0,59
"C-PCA","Int-Euclidean",0.932065026362039,0.0508904510837728,0.923881925769473,0.0622941587631142,0.347333333333333,0.0676666666666667,FALSE,0,60
"C-PCA","Hausdorff",0.947785002929115,0.0321745752782659,0.938716050571068,0.0385040796961179,0.360666666666667,0.06,FALSE,0,60
"C-PCA","Ichino-Yaguchi",0.927338605741066,0.0620023432923258,0.920560049574422,0.0699442448950643,0.348333333333333,0.0593333333333333,FALSE,0,60
"C-PCA","Wasserstein",0.921533099004101,0.0592653778558876,0.916227827413095,0.0706497961341715,0.333666666666667,0.0606666666666667,FALSE,0,60
"C-PCA","Centers-Euclidean",0.829439367311072,0.145807850029291,0.831212669694372,0.158332013835765,0.208333333333333,0.042,FALSE,0,60
"V-PCA","Int-Euclidean",0.930115992970123,0.0543784417106035,0.923041140997718,0.0636160880758102,0.342333333333333,0.069,FALSE,0,60
"V-PCA","Hausdorff",0.946888693614528,0.0337984768599883,0.937545598658119,0.0405646973683584,0.356333333333333,0.061,FALSE,0,60
"V-PCA","Ichino-Yaguchi",0.926368482718219,0.0640175746924428,0.919218102124967,0.0724763799188897,0.347666666666667,0.06,FALSE,0,60
"V-PCA","Wasserstein",0.920509666080844,0.0613427065026362,0.914673667295942,0.0736368822521513,0.335333333333333,0.0653333333333333,FALSE,0,60
"V-PCA","Centers-Euclidean",0.830015817223199,0.145154071470416,0.830836367256626,0.159469942705097,0.208,0.0436666666666667,FALSE,0,60
"MR-PCA","Int-Euclidean",0.72785237258348,0.227404803749268,0.742836595846722,0.236727910083187,0.127666666666667,0.0176666666666667,FALSE,0,60
"MR-PCA","Hausdorff",0.747728763913298,0.202639718804921,0.76945204697135,0.193281274970858,0.139,0.0193333333333333,FALSE,0,60
"MR-PCA","Ichino-Yaguchi",0.713260691271236,0.257593438781488,0.729415154003558,0.259675489568907,0.124666666666667,0.0243333333333333,FALSE,0,60
"MR-PCA","Wasserstein",0.741267721148213,0.22920913884007,0.754535002609059,0.226453178254373,0.145,0.0193333333333333,FALSE,0,60
"MR-PCA","Centers-Euclidean",0.829439367311072,0.145807850029291,0.831212669694372,0.158332013835765,0.208333333333333,0.042,FALSE,0,60
"SPCA","Int-Euclidean",0.932065026362039,0.0508904510837728,0.923881925769473,0.0622941587631142,0.347333333333333,0.0676666666666667,FALSE,0,60
"SPCA","Hausdorff",0.947785002929115,0.0321745752782659,0.938716050571068,0.0385040796961179,0.360666666666667,0.06,FALSE,0,60
"SPCA","Ichino-Yaguchi",0.927338605741066,0.0620023432923258,0.920560049574422,0.0699442448950643,0.348333333333333,0.0593333333333333,FALSE,0,60
"SPCA","Wasserstein",0.921533099004101,0.0592653778558876,0.916227827413095,0.0706497961341715,0.333666666666667,0.0606666666666667,FALSE,0,60
"SPCA","Centers-Euclidean",0.829439367311072,0.145807850029291,0.831212669694372,0.158332013835765,0.208333333333333,0.042,FALSE,0,60
"IMDS","Int-Euclidean",0.44630345635618,-0.0805600468658465,0.438070840055556,-0.0722692748351471,0.0186666666666667,-0.00133333333333333,TRUE,0,60
"IMDS","Hausdorff",0.549603397773872,-0.0646690099589924,0.551815714624992,-0.0836897849702549,0.0436666666666667,-0.000666666666666666,TRUE,0,60
"IMDS","Ichino-Yaguchi",0.535384299941418,-0.0506186291739895,0.540352421757786,-0.0647420762213642,0.038,0.00266666666666667,TRUE,0,60
"IMDS","Wasserstein",0.534644991212654,-0.0617141183362625,0.538516865543121,-0.0664511855750898,0.0366666666666667,0.00066666666666667,TRUE,0,60
"IMDS","Centers-Euclidean",0.500906268306971,-0.00215231400117166,0.499211302759369,-0.000262315195499796,0.0256666666666667,0.00266666666666667,TRUE,0,60
"Int-UMAP","Int-Euclidean",0.781813122437024,-0.0701944932630345,0.783459551450657,-0.0655604855689644,0.170666666666667,0.015,FALSE,0,60
"Int-UMAP","Hausdorff",0.908568834212068,0.007410661980082,0.903534441956922,0.0151081934274437,0.277,0.029,FALSE,0,60
"Int-UMAP","Ichino-Yaguchi",0.875656121851201,0.0351318101933217,0.876611062010552,0.0463108705567512,0.279666666666667,0.0296666666666667,FALSE,0,60
"Int-UMAP","Wasserstein",0.861149384885765,0.0177574692442882,0.864047979817751,0.0345347945905359,0.265,0.0363333333333333,FALSE,0,60
"Int-UMAP","Centers-Euclidean",0.591087287639133,-0.0689584065612185,0.591577361474632,-0.0723012528855854,0.0933333333333333,0.00466666666666667,FALSE,0,60
"C-PCA","Int-Euclidean",0.92374575278266,0.0653661394258934,0.91643106534806,0.0773087622775065,0.336333333333333,0.0643333333333333,FALSE,0,61
"C-PCA","Hausdorff",0.946324545987112,0.0349267721148213,0.93691649614521,0.0466481921655158,0.355,0.0693333333333333,FALSE,0,61
"C-PCA","Ichino-Yaguchi",0.922738137082601,0.0685881663737552,0.915049753271609,0.0836574046994992,0.348,0.0633333333333333,FALSE,0,61
"C-PCA","Wasserstein",0.916697129466901,0.06597539543058,0.909933243708821,0.0840042291470642,0.326,0.0636666666666666,FALSE,0,61
"C-PCA","Centers-Euclidean",0.828322788517868,0.150093731693029,0.824001078932974,0.17868553479106,0.212,0.0473333333333333,FALSE,0,61
"V-PCA","Int-Euclidean",0.923769185705917,0.065335676625659,0.916996301568828,0.0760760184118653,0.336666666666667,0.0643333333333333,FALSE,0,61
"V-PCA","Hausdorff",0.946302284710018,0.0350884592852959,0.936890348754184,0.04680563839196,0.354,0.0663333333333333,FALSE,0,61
"V-PCA","Ichino-Yaguchi",0.922935559461043,0.0684885764499121,0.915327770411415,0.0833219161100444,0.347333333333333,0.0643333333333333,FALSE,0,61
"V-PCA","Wasserstein",0.916767428236672,0.0659964850615115,0.909989323506876,0.0840455549819054,0.324666666666667,0.063,FALSE,0,61
"V-PCA","Centers-Euclidean",0.829855887521968,0.14723374340949,0.82389778967654,0.178990196724115,0.213666666666667,0.0483333333333333,FALSE,0,61
"MR-PCA","Int-Euclidean",0.734456942003515,0.233183362624487,0.734065132518545,0.26951717288857,0.129666666666667,0.0363333333333333,FALSE,0,61
"MR-PCA","Hausdorff",0.725264206209725,0.223475102519039,0.732015087713966,0.257729664347145,0.129,0.0363333333333333,FALSE,0,61
"MR-PCA","Ichino-Yaguchi",0.7118359695372,0.259524311657879,0.714724820662702,0.298507375753453,0.13,0.0406666666666667,FALSE,0,61
"MR-PCA","Wasserstein",0.739848857644991,0.231800820152314,0.740207710717007,0.26584312670723,0.142333333333333,0.0386666666666667,FALSE,0,61
"MR-PCA","Centers-Euclidean",0.828322788517868,0.150093731693029,0.824001078932974,0.17868553479106,0.212,0.0473333333333333,FALSE,0,61
"SPCA","Int-Euclidean",0.92374575278266,0.0653661394258934,0.91643106534806,0.0773087622775065,0.336333333333333,0.0643333333333333,FALSE,0,61
"SPCA","Hausdorff",0.946324545987112,0.0349267721148213,0.93691649614521,0.0466481921655158,0.355,0.0693333333333333,FALSE,0,61
"SPCA","Ichino-Yaguchi",0.922738137082601,0.0685881663737552,0.915049753271609,0.0836574046994992,0.348,0.0633333333333333,FALSE,0,61
"SPCA","Wasserstein",0.916697129466901,0.06597539543058,0.909933243708821,0.0840042291470642,0.326,0.0636666666666666,FALSE,0,61
"SPCA","Centers-Euclidean",0.828322788517868,0.150093731693029,0.824001078932974,0.17868553479106,0.212,0.0473333333333333,FALSE,0,61
"IMDS","Int-Euclidean",0.504826596367897,-0.0684534270650263,0.493135297396637,-0.0648526330769716,0.034,-0.00533333333333333,TRUE,0,61
"IMDS","Hausdorff",0.58495079086116,-0.0873145869947276,0.593626205759027,-0.110564284401697,0.057,-0.006,TRUE,0,61
"IMDS","Ichino-Yaguchi",0.564213825424722,-0.0641113063854717,0.572701564959426,-0.0851500719314236,0.0576666666666667,-0.000333333333333335,TRUE,0,61
"IMDS","Wasserstein",0.561732864674868,-0.0754165202108964,0.573934776291047,-0.0943619135432033,0.0566666666666667,-0.003,FALSE,0,61
"IMDS","Centers-Euclidean",0.516747510251904,0.00863737551259514,0.514417954961457,0.00579494009910891,0.0386666666666667,0.00466666666666667,TRUE,0,61
"Int-UMAP","Int-Euclidean",0.785504393673111,-0.0723327475102519,0.79091800262917,-0.0690971689062816,0.154,0.00333333333333334,FALSE,0,61
"Int-UMAP","Hausdorff",0.900050380785003,-0.000585823081429404,0.897166892877216,0.00365546575193784,0.283666666666667,0.00333333333333333,FALSE,0,61
"Int-UMAP","Ichino-Yaguchi",0.870165787932045,0.0356777973052139,0.872937846368112,0.0429207366526949,0.288666666666667,0.0176666666666666,FALSE,0,61
"Int-UMAP","Wasserstein",0.854650849443468,0.0147100175746925,0.860389237965975,0.0275257831667113,0.258333333333333,0.016,FALSE,0,61
"Int-UMAP","Centers-Euclidean",0.625896895137668,-0.0998992384299942,0.627472743048919,-0.112644632362186,0.134333333333333,-0.000333333333333331,FALSE,0,61
"C-PCA","Int-Euclidean",0.932219683655536,0.0530439367311072,0.924451165003516,0.064632500353478,0.348333333333333,0.066,FALSE,0,62
"C-PCA","Hausdorff",0.946096074985354,0.0324100761570005,0.935968351555295,0.0449839902496883,0.354,0.0803333333333333,FALSE,0,62
"C-PCA","Ichino-Yaguchi",0.923496192149971,0.056780316344464,0.915665565626927,0.0745277234959455,0.339333333333333,0.086,FALSE,0,62
"C-PCA","Wasserstein",0.918809021675454,0.0561183362624488,0.912169795157789,0.0750302870363931,0.318,0.0886666666666667,FALSE,0,62
"C-PCA","Centers-Euclidean",0.833463386057411,0.142615114235501,0.830115305204623,0.168892778042087,0.215333333333333,0.0416666666666667,FALSE,0,62
"V-PCA","Int-Euclidean",0.931818394844757,0.0537996485061512,0.924624828231199,0.0642793094644744,0.347333333333333,0.0663333333333333,FALSE,0,62
"V-PCA","Hausdorff",0.946129466900996,0.0323643819566491,0.936258305580899,0.0445014133745624,0.353,0.0806666666666667,FALSE,0,62
"V-PCA","Ichino-Yaguchi",0.923275922671353,0.0572466315172818,0.915737152399897,0.0744829097047626,0.338333333333333,0.0846666666666667,FALSE,0,62
"V-PCA","Wasserstein",0.918556531927358,0.0567100175746924,0.912212897977431,0.0751045857261221,0.315666666666667,0.0846666666666667,FALSE,0,62
"V-PCA","Centers-Euclidean",0.83314762741652,0.143239601640305,0.830015962159358,0.169034351917908,0.216,0.0416666666666667,FALSE,0,62
"MR-PCA","Int-Euclidean",0.73031575864089,0.222206209724663,0.742653915668523,0.239790449355319,0.141,0.0303333333333333,FALSE,0,62
"MR-PCA","Hausdorff",0.771656707674282,0.161427065026362,0.796610191556659,0.153408097186254,0.161333333333333,0.0293333333333333,FALSE,0,62
"MR-PCA","Ichino-Yaguchi",0.717387229056825,0.244239015817223,0.741237419293035,0.241919209597161,0.132333333333333,0.0153333333333333,FALSE,0,62
"MR-PCA","Wasserstein",0.74581136496778,0.216510837727006,0.76065752045298,0.223725307779141,0.149,0.019,FALSE,0,62
"MR-PCA","Centers-Euclidean",0.833463386057411,0.142615114235501,0.830115305204623,0.168892778042087,0.215333333333333,0.0416666666666667,FALSE,0,62
"SPCA","Int-Euclidean",0.932219683655536,0.0530439367311072,0.924451165003516,0.064632500353478,0.348333333333333,0.066,FALSE,0,62
"SPCA","Hausdorff",0.946096074985354,0.0324100761570005,0.935968351555295,0.0449839902496883,0.354,0.0803333333333333,FALSE,0,62
"SPCA","Ichino-Yaguchi",0.923496192149971,0.056780316344464,0.915665565626927,0.0745277234959455,0.339333333333333,0.086,FALSE,0,62
"SPCA","Wasserstein",0.918809021675454,0.0561183362624488,0.912169795157789,0.0750302870363931,0.318,0.0886666666666667,FALSE,0,62
"SPCA","Centers-Euclidean",0.833463386057411,0.142615114235501,0.830115305204623,0.168892778042087,0.215333333333333,0.0416666666666667,FALSE,0,62
"IMDS","Int-Euclidean",0.510366725248975,-0.0665237258347979,0.499510540858906,-0.0772431604507509,0.041,-0.00266666666666667,TRUE,0,62
"IMDS","Hausdorff",0.577409490333919,-0.0968506151142355,0.581208054139469,-0.124909640898622,0.0626666666666667,-0.005,TRUE,0,62
"IMDS","Ichino-Yaguchi",0.565919156414763,-0.0792431165787932,0.57034867972716,-0.0996821031762663,0.0546666666666667,-0.001,FALSE,0,62
"IMDS","Wasserstein",0.566230814294083,-0.0813684827182192,0.571251843189957,-0.10797041930547,0.0536666666666667,-0.007,FALSE,0,62
"IMDS","Centers-Euclidean",0.509490919742238,0.0130345635618043,0.501634026948454,0.00383436782249735,0.0316666666666667,0.00166666666666667,FALSE,0,62
"Int-UMAP","Int-Euclidean",0.779561218512009,-0.076589338019918,0.779723158817306,-0.0595742052732926,0.166333333333333,0.0113333333333333,FALSE,0,62
"Int-UMAP","Hausdorff",0.895601640304628,-0.00448271821909785,0.893181148977647,0.00311483865975892,0.260333333333333,0.0256666666666667,FALSE,0,62
"Int-UMAP","Ichino-Yaguchi",0.864437024018746,0.0341605155243117,0.866867736142858,0.0425370998349208,0.264333333333333,0.0233333333333333,FALSE,0,62
"Int-UMAP","Wasserstein",0.848140011716462,0.0145202108963093,0.854055381746229,0.0290500461862529,0.244333333333333,0.0126666666666667,FALSE,0,62
"Int-UMAP","Centers-Euclidean",0.594660222612771,-0.0601675454012888,0.597517510016744,-0.0659338058961507,0.103333333333333,-0.001,FALSE,0,62
"C-PCA","Int-Euclidean",0.924613942589338,0.0577152899824253,0.917285740537498,0.0683628850127337,0.321,0.0696666666666667,FALSE,0,63
"C-PCA","Hausdorff",0.942634446397188,0.0345717633274751,0.933967364580325,0.0434183967897292,0.341,0.07,FALSE,0,63
"C-PCA","Ichino-Yaguchi",0.918813122437024,0.0670650263620386,0.913406271842904,0.0778543726030855,0.326666666666667,0.0653333333333333,FALSE,0,63
"C-PCA","Wasserstein",0.914415934387815,0.0659355594610427,0.909799991341517,0.0776897063684219,0.316666666666667,0.0713333333333333,FALSE,0,63
"C-PCA","Centers-Euclidean",0.831923842999414,0.140770943175161,0.833830311077501,0.154578986628938,0.209,0.0466666666666667,FALSE,0,63
"V-PCA","Int-Euclidean",0.92486877562976,0.0571845342706503,0.917525754765658,0.0678371753817217,0.321333333333333,0.068,FALSE,0,63
"V-PCA","Hausdorff",0.942673696543644,0.0344299941417692,0.934160204659523,0.043044218290186,0.340333333333333,0.065,FALSE,0,63
"V-PCA","Ichino-Yaguchi",0.918561804335091,0.0676145284124194,0.913192208501187,0.0783108266502585,0.327333333333333,0.0673333333333333,FALSE,0,63
"V-PCA","Wasserstein",0.91435266549502,0.0661956649091975,0.909344425402946,0.0787748706869355,0.318,0.0723333333333333,FALSE,0,63
"V-PCA","Centers-Euclidean",0.832256004686585,0.140202694786175,0.833869400137522,0.154704715787593,0.209666666666667,0.046,FALSE,0,63
"MR-PCA","Int-Euclidean",0.733062683069713,0.212965436438196,0.73648044173002,0.243019102548219,0.126,0.0246666666666667,FALSE,0,63
"MR-PCA","Hausdorff",0.749861745752783,0.184384299941418,0.772097136820768,0.182172883196601,0.139666666666667,0.029,FALSE,0,63
"MR-PCA","Ichino-Yaguchi",0.715343292325718,0.245850029291154,0.726751268797851,0.261005859367504,0.131666666666667,0.0276666666666667,FALSE,0,63
"MR-PCA","Wasserstein",0.742574106619801,0.220030462800234,0.750056499673081,0.234945456929189,0.150333333333333,0.024,FALSE,0,63
"MR-PCA","Centers-Euclidean",0.831923842999414,0.140770943175161,0.833830311077501,0.154578986628938,0.209,0.0466666666666667,FALSE,0,63
"SPCA","Int-Euclidean",0.924613942589338,0.0577152899824253,0.917285740537498,0.0683628850127337,0.321,0.0696666666666667,FALSE,0,63
"SPCA","Hausdorff",0.942634446397188,0.0345717633274751,0.933967364580325,0.0434183967897292,0.341,0.07,FALSE,0,63
"SPCA","Ichino-Yaguchi",0.918813122437024,0.0670650263620386,0.913406271842904,0.0778543726030855,0.326666666666667,0.0653333333333333,FALSE,0,63
"SPCA","Wasserstein",0.914415934387815,0.0659355594610427,0.909799991341517,0.0776897063684219,0.316666666666667,0.0713333333333333,FALSE,0,63
"SPCA","Centers-Euclidean",0.831923842999414,0.140770943175161,0.833830311077501,0.154578986628938,0.209,0.0466666666666667,FALSE,0,63
"IMDS","Int-Euclidean",0.44508611599297,-0.0681874633860574,0.422283084655249,-0.0368331275408388,0.0303333333333333,0.00466666666666666,FALSE,0,63
"IMDS","Hausdorff",0.549411833626245,-0.0869525483304042,0.551542994665361,-0.100822121441981,0.056,0,TRUE,0,63
"IMDS","Ichino-Yaguchi",0.543791446983011,-0.0567732864674868,0.542309301897513,-0.0683420002600615,0.052,-0.00133333333333334,FALSE,0,63
"IMDS","Wasserstein",0.537759226713532,-0.0592700644405388,0.535112967874725,-0.0697781816356335,0.049,-0.00333333333333333,FALSE,0,63
"IMDS","Centers-Euclidean",0.500741066198008,-0.00672642062097251,0.499157563361598,0.00320852375471742,0.03,0.00466666666666667,FALSE,0,63
"Int-UMAP","Int-Euclidean",0.780885764499121,-0.103306385471588,0.782470308234325,-0.0965761440673348,0.166333333333333,-0.00266666666666666,FALSE,0,63
"Int-UMAP","Hausdorff",0.887787346221441,-0.0252173403632102,0.885458758370443,-0.015006703416094,0.287666666666667,0.0236666666666667,FALSE,0,63
"Int-UMAP","Ichino-Yaguchi",0.865253661394259,0.00865143526654943,0.866262112089591,0.0217576091410247,0.287,0.025,FALSE,0,63
"Int-UMAP","Wasserstein",0.850612185120094,-0.00535325131810205,0.854119159764827,0.0110100780752622,0.266666666666667,0.0246666666666667,FALSE,0,63
"Int-UMAP","Centers-Euclidean",0.614036321031049,-0.10079906268307,0.607074012990488,-0.103863068237905,0.112666666666667,-0.001,FALSE,0,63
"C-PCA","Int-Euclidean",0.933033977738723,0.0479191564147627,0.926062326801552,0.0595822880594451,0.354666666666667,0.0586666666666667,FALSE,0,64
"C-PCA","Hausdorff",0.950526069127124,0.0286561218512009,0.941311301178122,0.0389269253188939,0.369666666666667,0.0686666666666667,FALSE,0,64
"C-PCA","Ichino-Yaguchi",0.928228471001757,0.0556133567662566,0.922766049933964,0.0692578973733325,0.357666666666667,0.0773333333333333,FALSE,0,64
"C-PCA","Wasserstein",0.923975981253661,0.0534399531341535,0.918438812541229,0.0681674182199356,0.337,0.0723333333333333,FALSE,0,64
"C-PCA","Centers-Euclidean",0.844436438195665,0.134070298769772,0.844956795857683,0.147330971900919,0.222666666666667,0.0483333333333333,FALSE,0,64
"V-PCA","Int-Euclidean",0.933240187463386,0.047560632688928,0.926301010018203,0.0591469981698976,0.353,0.0576666666666667,FALSE,0,64
"V-PCA","Hausdorff",0.950376684241359,0.0286994727592267,0.94136298802412,0.0386603300079538,0.369,0.0656666666666667,FALSE,0,64
"V-PCA","Ichino-Yaguchi",0.928329232571763,0.0555196250732278,0.923204673493052,0.0683618840675159,0.357666666666667,0.076,FALSE,0,64
"V-PCA","Wasserstein",0.924134153485647,0.0533532513181019,0.918804114560329,0.067633297271672,0.338,0.0723333333333333,FALSE,0,64
"V-PCA","Centers-Euclidean",0.844372583479789,0.134038664323374,0.844750573509371,0.147603622009312,0.223,0.0496666666666667,FALSE,0,64
"MR-PCA","Int-Euclidean",0.740065026362039,0.228863503222027,0.745972463567206,0.2550046355124,0.137666666666667,0.0326666666666667,FALSE,0,64
"MR-PCA","Hausdorff",0.745033391915642,0.213316930287053,0.762267107911566,0.222802810875239,0.146333333333333,0.0426666666666667,FALSE,0,64
"MR-PCA","Ichino-Yaguchi",0.717714704159344,0.268235500878735,0.721807027740767,0.299375534534683,0.138666666666667,0.042,FALSE,0,64
"MR-PCA","Wasserstein",0.746773872290568,0.239895723491506,0.748720882588051,0.265024229168557,0.155666666666667,0.0443333333333333,FALSE,0,64
"MR-PCA","Centers-Euclidean",0.844436438195665,0.134070298769772,0.844956795857683,0.147330971900919,0.222666666666667,0.0483333333333333,FALSE,0,64
"SPCA","Int-Euclidean",0.933033977738723,0.0479191564147627,0.926062326801552,0.0595822880594451,0.354666666666667,0.0586666666666667,FALSE,0,64
"SPCA","Hausdorff",0.950526069127124,0.0286561218512009,0.941311301178122,0.0389269253188939,0.369666666666667,0.0686666666666667,FALSE,0,64
"SPCA","Ichino-Yaguchi",0.928228471001757,0.0556133567662566,0.922766049933964,0.0692578973733325,0.357666666666667,0.0773333333333333,FALSE,0,64
"SPCA","Wasserstein",0.923975981253661,0.0534399531341535,0.918438812541229,0.0681674182199356,0.337,0.0723333333333333,FALSE,0,64
"SPCA","Centers-Euclidean",0.844436438195665,0.134070298769772,0.844956795857683,0.147330971900919,0.222666666666667,0.0483333333333333,FALSE,0,64
"IMDS","Int-Euclidean",0.534734036321031,-0.0231505565319273,0.52128312119282,-0.00852149184436896,0.0373333333333333,0.000666666666666666,TRUE,0,64
"IMDS","Hausdorff",0.567718219097832,-0.0980257762155828,0.574319861562522,-0.126483855997143,0.061,-0.009,TRUE,0,64
"IMDS","Ichino-Yaguchi",0.561828353837141,-0.0780374926772115,0.564753286961322,-0.100628361782745,0.0553333333333333,-0.00733333333333333,FALSE,0,64
"IMDS","Wasserstein",0.557353837141183,-0.0863468072642062,0.562539169273807,-0.108076464231637,0.0553333333333333,-0.011,FALSE,0,64
"IMDS","Centers-Euclidean",0.49988927943761,-0.01190978324546,0.496882354241574,-0.00904035451883017,0.0303333333333333,-0.00133333333333333,FALSE,0,64
"Int-UMAP","Int-Euclidean",0.77684827182191,-0.0594961921499707,0.773541556804485,-0.0493732701264062,0.163333333333333,0.00800000000000001,FALSE,0,64
"Int-UMAP","Hausdorff",0.895605155243117,-0.00785002929115408,0.895101391759058,-0.00198416050248679,0.274,0.028,FALSE,0,64
"Int-UMAP","Ichino-Yaguchi",0.863056239015817,0.0261523140011716,0.868071222318376,0.0360114927547379,0.275333333333333,0.0406666666666667,FALSE,0,64
"Int-UMAP","Wasserstein",0.849489162272994,0.00862800234329231,0.856450117849018,0.0213061306512914,0.263666666666667,0.0313333333333334,FALSE,0,64
"Int-UMAP","Centers-Euclidean",0.612527826596368,-0.11886467486819,0.617025092560567,-0.128874180725572,0.13,-0.01,FALSE,0,64
"C-PCA","Int-Euclidean",0.926991212653778,0.0530123022847101,0.922418999813167,0.0620650958274555,0.335333333333333,0.0633333333333334,FALSE,0,65
"C-PCA","Hausdorff",0.946910954891623,0.0300421792618629,0.940134115912834,0.0382600225396897,0.353333333333333,0.0556666666666667,FALSE,0,65
"C-PCA","Ichino-Yaguchi",0.924772700644405,0.0613790275336848,0.921012403123625,0.0699640642244524,0.339333333333333,0.0616666666666667,FALSE,0,65
"C-PCA","Wasserstein",0.919708260105448,0.0598476859988284,0.916760213594341,0.0702168965386485,0.325333333333333,0.0546666666666667,FALSE,0,65
"C-PCA","Centers-Euclidean",0.832812536613943,0.142112478031635,0.832558853506294,0.161622151470338,0.215666666666667,0.053,FALSE,0,65
"V-PCA","Int-Euclidean",0.927278265963679,0.0527076742823668,0.922415083538243,0.0621610084860811,0.335,0.061,FALSE,0,65
"V-PCA","Hausdorff",0.947181605155243,0.0297281780902168,0.940237120391142,0.0381262474394916,0.354666666666667,0.059,FALSE,0,65
"V-PCA","Ichino-Yaguchi",0.924585237258348,0.0622647920328061,0.921384459987752,0.0695243667985243,0.338333333333333,0.055,FALSE,0,65
"V-PCA","Wasserstein",0.919557117750439,0.0608178090216756,0.917045694837901,0.0701617647216858,0.324666666666667,0.0506666666666667,FALSE,0,65
"V-PCA","Centers-Euclidean",0.833095489162273,0.141675454012888,0.832776892995425,0.161310521300559,0.217333333333333,0.053,FALSE,0,65
"MR-PCA","Int-Euclidean",0.730108377270064,0.216045694200351,0.739422331793996,0.241357189603741,0.128666666666667,0.0286666666666667,FALSE,0,65
"MR-PCA","Hausdorff",0.751756883421207,0.191075571177504,0.774290428092909,0.193594652189192,0.155333333333333,0.0303333333333333,FALSE,0,65
"MR-PCA","Ichino-Yaguchi",0.719152899824253,0.251212653778559,0.732498150477376,0.268639781462341,0.138333333333333,0.0386666666666667,FALSE,0,65
"MR-PCA","Wasserstein",0.746577621558289,0.224890451083773,0.757005214893881,0.239055086221759,0.159333333333333,0.036,FALSE,0,65
"MR-PCA","Centers-Euclidean",0.832812536613943,0.142112478031635,0.832558853506294,0.161622151470338,0.215666666666667,0.053,FALSE,0,65
"SPCA","Int-Euclidean",0.926991212653778,0.0530123022847101,0.922418999813167,0.0620650958274555,0.335333333333333,0.0633333333333334,FALSE,0,65
"SPCA","Hausdorff",0.946910954891623,0.0300421792618629,0.940134115912834,0.0382600225396897,0.353333333333333,0.0556666666666667,FALSE,0,65
"SPCA","Ichino-Yaguchi",0.924772700644405,0.0613790275336848,0.921012403123625,0.0699640642244524,0.339333333333333,0.0616666666666667,FALSE,0,65
"SPCA","Wasserstein",0.919708260105448,0.0598476859988284,0.916760213594341,0.0702168965386485,0.325333333333333,0.0546666666666667,FALSE,0,65
"SPCA","Centers-Euclidean",0.832812536613943,0.142112478031635,0.832558853506294,0.161622151470338,0.215666666666667,0.053,FALSE,0,65
"IMDS","Int-Euclidean",0.548630345635618,-0.0239132981839485,0.536295052705446,-0.0233183682812128,0.0296666666666667,-0.000333333333333333,TRUE,0,65
"IMDS","Hausdorff",0.593354422964265,-0.0905190392501465,0.60456101950876,-0.107742536932499,0.0586666666666667,-0.004,TRUE,0,65
"IMDS","Ichino-Yaguchi",0.584356180433509,-0.0751939074399531,0.592937735834284,-0.0912462643020411,0.0633333333333333,-0.00133333333333333,FALSE,0,65
"IMDS","Wasserstein",0.576550087873462,-0.077154071470416,0.587338485130821,-0.0894739495563526,0.0573333333333333,0,FALSE,0,65
"IMDS","Centers-Euclidean",0.506,0.00803983596953728,0.501171773713306,-0.000728347305883836,0.0303333333333333,-0.002,FALSE,0,65
"Int-UMAP","Int-Euclidean",0.767822495606327,-0.106335090802578,0.769807909094524,-0.0868148833184957,0.144666666666667,0.0193333333333333,FALSE,0,65
"Int-UMAP","Hausdorff",0.896595782073814,-0.0105248974809607,0.892476840476505,-0.0014352264861158,0.278,0.017,FALSE,0,65
"Int-UMAP","Ichino-Yaguchi",0.861871704745167,0.0241019332161687,0.864704476297633,0.0412362748073603,0.286,0.031,FALSE,0,65
"Int-UMAP","Wasserstein",0.846286467486819,0.00210076157000583,0.850692417671104,0.0216741269324422,0.26,0.027,FALSE,0,65
"Int-UMAP","Centers-Euclidean",0.601068541300527,-0.0810263620386644,0.608170061820649,-0.0656155636542053,0.113333333333333,-0.000333333333333331,FALSE,0,65
"C-PCA","Int-Euclidean",0.931789103690685,0.0524827182190978,0.923066632861738,0.0665542491582926,0.353333333333333,0.077,FALSE,0,66
"C-PCA","Hausdorff",0.950525483304042,0.028364381956649,0.941403990701035,0.0382803837918722,0.372333333333333,0.0823333333333333,FALSE,0,66
"C-PCA","Ichino-Yaguchi",0.928338605741066,0.0537199765670768,0.923313104875263,0.0653968770816245,0.353666666666667,0.075,FALSE,0,66
"C-PCA","Wasserstein",0.92381546572935,0.05494669009959,0.91883344593967,0.0675117192723251,0.336666666666667,0.0826666666666667,FALSE,0,66
"C-PCA","Centers-Euclidean",0.84311482132396,0.138827182190978,0.838377554540384,0.163852467736788,0.223666666666667,0.0556666666666667,FALSE,0,66
"V-PCA","Int-Euclidean",0.932285295840656,0.0523245459871119,0.923732193883089,0.0658911536553767,0.355333333333333,0.0773333333333333,FALSE,0,66
"V-PCA","Hausdorff",0.950261277094318,0.0290380785002928,0.94163804915163,0.0383108266502585,0.371333333333333,0.0836666666666667,FALSE,0,66
"V-PCA","Ichino-Yaguchi",0.929125951962507,0.053701230228471,0.923566766960763,0.0657354314496066,0.355333333333333,0.075,FALSE,0,66
"V-PCA","Wasserstein",0.924560632688928,0.0548904510837727,0.9191576401212,0.0678550097077869,0.336666666666667,0.0796666666666667,FALSE,0,66
"V-PCA","Centers-Euclidean",0.842676625659051,0.139677797305214,0.836595591880246,0.167505311380701,0.223,0.0556666666666667,FALSE,0,66
"MR-PCA","Int-Euclidean",0.737342120679555,0.233981253661394,0.740027956614858,0.262094454840253,0.138666666666667,0.037,FALSE,0,66
"MR-PCA","Hausdorff",0.76285647334505,0.190783831282952,0.781478508155631,0.195462844284088,0.153,0.0336666666666667,FALSE,0,66
"MR-PCA","Ichino-Yaguchi",0.721115407147042,0.264309314586995,0.733386296691523,0.277498746899488,0.133666666666667,0.0266666666666667,FALSE,0,66
"MR-PCA","Wasserstein",0.751059168131224,0.230198008201523,0.755857745573542,0.249682249019511,0.151333333333333,0.029,FALSE,0,66
"MR-PCA","Centers-Euclidean",0.84311482132396,0.138827182190978,0.838377554540384,0.163852467736788,0.223666666666667,0.0556666666666667,FALSE,0,66
"SPCA","Int-Euclidean",0.931789103690685,0.0524827182190978,0.923066632861738,0.0665542491582926,0.353333333333333,0.077,FALSE,0,66
"SPCA","Hausdorff",0.950525483304042,0.028364381956649,0.941403990701035,0.0382803837918722,0.372333333333333,0.0823333333333333,FALSE,0,66
"SPCA","Ichino-Yaguchi",0.928338605741066,0.0537199765670768,0.923313104875263,0.0653968770816245,0.353666666666667,0.075,FALSE,0,66
"SPCA","Wasserstein",0.92381546572935,0.05494669009959,0.91883344593967,0.0675117192723251,0.336666666666667,0.0826666666666667,FALSE,0,66
"SPCA","Centers-Euclidean",0.84311482132396,0.138827182190978,0.838377554540384,0.163852467736788,0.223666666666667,0.0556666666666667,FALSE,0,66
"IMDS","Int-Euclidean",0.46509841827768,-0.14093848857645,0.44956309201803,-0.125750347375581,0.0313333333333333,-0.004,TRUE,0,66
"IMDS","Hausdorff",0.537210896309315,-0.0577891036906854,0.540576543677826,-0.0854647479222327,0.052,-0.00566666666666667,TRUE,0,66
"IMDS","Ichino-Yaguchi",0.534398945518453,-0.0393637961335677,0.532646722526165,-0.0553311539746966,0.0493333333333333,-0.00833333333333333,TRUE,0,66
"IMDS","Wasserstein",0.526968951376684,-0.0342097246631518,0.531270013723082,-0.0592097629617416,0.0456666666666667,-0.0136666666666667,FALSE,0,66
"IMDS","Centers-Euclidean",0.502490333919156,-0.00833626244874042,0.499390782829737,-0.0228979405859182,0.0296666666666667,-0.00433333333333333,FALSE,0,66
"Int-UMAP","Int-Euclidean",0.779512595196251,-0.0850005858230815,0.784773922245286,-0.0793103426042046,0.156,0.00600000000000001,FALSE,0,66
"Int-UMAP","Hausdorff",0.900134153485647,-0.00509783245459872,0.900485819200739,0.00258362383004933,0.277666666666667,0.0183333333333333,FALSE,0,66
"Int-UMAP","Ichino-Yaguchi",0.868023432923257,0.0254551845342706,0.876611457322505,0.0314257543511565,0.288,0.023,FALSE,0,66
"Int-UMAP","Wasserstein",0.851380785002929,0.00917047451669595,0.863795601152806,0.019407136463068,0.257333333333333,0.017,FALSE,0,66
"Int-UMAP","Centers-Euclidean",0.581727006444054,-0.0619847685998829,0.589259462501629,-0.0681691084663847,0.0936666666666667,0.01,FALSE,0,66
"C-PCA","Int-Euclidean",0.934486233157586,0.0462472173403632,0.930401255449356,0.053621539542786,0.362333333333333,0.061,FALSE,0,67
"C-PCA","Hausdorff",0.94900410076157,0.0291458699472759,0.942221556460602,0.0345426655201852,0.361666666666667,0.06,FALSE,0,67
"C-PCA","Ichino-Yaguchi",0.929236086701816,0.0551564147627416,0.926003610311148,0.061182787181085,0.349666666666667,0.0646666666666667,FALSE,0,67
"C-PCA","Wasserstein",0.924205623901582,0.0525260691271235,0.921781390801099,0.0602999857380658,0.333,0.056,FALSE,0,67
"C-PCA","Centers-Euclidean",0.839199765670767,0.134858816637376,0.83821037749912,0.153399193072354,0.216333333333333,0.0363333333333333,FALSE,0,67
"V-PCA","Int-Euclidean",0.934430579964851,0.0464780316344464,0.930512793292685,0.0535268059116562,0.363,0.0603333333333333,FALSE,0,67
"V-PCA","Hausdorff",0.949070884592853,0.0291693028705331,0.942471261588589,0.0341986474036909,0.362,0.059,FALSE,0,67
"V-PCA","Ichino-Yaguchi",0.929534856473345,0.0545963678968951,0.926024422142198,0.0612267811797122,0.352,0.0646666666666667,FALSE,0,67
"V-PCA","Wasserstein",0.924396602226128,0.0524135910954892,0.9215311084409,0.0609601213907059,0.333666666666667,0.0606666666666667,FALSE,0,67
"V-PCA","Centers-Euclidean",0.839394844756883,0.13484827182191,0.8397885794914,0.150787238808181,0.217,0.039,FALSE,0,67
"MR-PCA","Int-Euclidean",0.737220855301699,0.215203280609256,0.747254900831967,0.239693227177873,0.139333333333333,0.024,FALSE,0,67
"MR-PCA","Hausdorff",0.73628295254833,0.216861159929701,0.751820786899531,0.229885113902807,0.143,0.022,FALSE,0,67
"MR-PCA","Ichino-Yaguchi",0.721227299355595,0.25125834797891,0.732469428569279,0.269997078529525,0.141666666666667,0.0233333333333333,FALSE,0,67
"MR-PCA","Wasserstein",0.748048623315759,0.227544229642648,0.756605682697603,0.239813471095327,0.156666666666667,0.0216666666666667,FALSE,0,67
"MR-PCA","Centers-Euclidean",0.839199765670767,0.134858816637376,0.83821037749912,0.153399193072354,0.216333333333333,0.0363333333333333,FALSE,0,67
"SPCA","Int-Euclidean",0.934486233157586,0.0462472173403632,0.930401255449356,0.053621539542786,0.362333333333333,0.061,FALSE,0,67
"SPCA","Hausdorff",0.94900410076157,0.0291458699472759,0.942221556460602,0.0345426655201852,0.361666666666667,0.06,FALSE,0,67
"SPCA","Ichino-Yaguchi",0.929236086701816,0.0551564147627416,0.926003610311148,0.061182787181085,0.349666666666667,0.0646666666666667,FALSE,0,67
"SPCA","Wasserstein",0.924205623901582,0.0525260691271235,0.921781390801099,0.0602999857380658,0.333,0.056,FALSE,0,67
"SPCA","Centers-Euclidean",0.839199765670767,0.134858816637376,0.83821037749912,0.153399193072354,0.216333333333333,0.0363333333333333,FALSE,0,67
"IMDS","Int-Euclidean",0.558033391915641,-4.56942003514982e-05,0.545613441251194,0.00855740152165169,0.038,-0.00266666666666667,TRUE,0,67
"IMDS","Hausdorff",0.598955477445811,-0.0956988869361453,0.606873093195522,-0.12485064193288,0.0546666666666667,-0.000666666666666666,TRUE,0,67
"IMDS","Ichino-Yaguchi",0.593973637961336,-0.0772665495020504,0.598019031161789,-0.105871280594267,0.0616666666666667,-0.00466666666666667,FALSE,0,67
"IMDS","Wasserstein",0.586722905682484,-0.0777527826596368,0.590794194763368,-0.110501293936621,0.057,-0.00366666666666667,FALSE,0,67
"IMDS","Centers-Euclidean",0.507653192735794,0.00434212067955486,0.503852135367708,0.000785206213904766,0.0286666666666667,0.004,FALSE,0,67
"Int-UMAP","Int-Euclidean",0.799304042179262,-0.0953555946104276,0.80064138481692,-0.0837588409791271,0.181666666666667,0.00733333333333333,FALSE,0,67
"Int-UMAP","Hausdorff",0.90868834212068,-0.0102694786174575,0.906735032606712,-0.00769290724384974,0.291666666666667,0.027,FALSE,0,67
"Int-UMAP","Ichino-Yaguchi",0.881486233157586,0.0205752782659637,0.884877236064793,0.0253029524967058,0.305,0.0363333333333333,FALSE,0,67
"Int-UMAP","Wasserstein",0.863896309314587,0.00648037492677211,0.870551363457793,0.0121993069221963,0.279333333333333,0.021,FALSE,0,67
"Int-UMAP","Centers-Euclidean",0.613748681898067,-0.0950029291154071,0.619545223917739,-0.0977534613591393,0.122666666666667,0.00366666666666667,FALSE,0,67
"C-PCA","Int-Euclidean",0.934598711189221,0.0481218512009373,0.928247410169388,0.0561522268805066,0.355333333333333,0.0556666666666666,FALSE,0,68
"C-PCA","Hausdorff",0.947011716461629,0.0336438195664909,0.940706411714252,0.0398487943292462,0.376,0.053,FALSE,0,68
"C-PCA","Ichino-Yaguchi",0.924517281780902,0.0596403046280023,0.922170902798855,0.0674167676439239,0.37,0.061,FALSE,0,68
"C-PCA","Wasserstein",0.920967779730521,0.0585705916813123,0.91865006878428,0.0667854628980158,0.347333333333333,0.063,FALSE,0,68
"C-PCA","Centers-Euclidean",0.834485061511424,0.142144112478032,0.834916920779331,0.158669706961006,0.209666666666667,0.043,FALSE,0,68
"V-PCA","Int-Euclidean",0.9341640304628,0.0488248388986526,0.927493573302273,0.0571936842813068,0.356666666666667,0.0616666666666667,FALSE,0,68
"V-PCA","Hausdorff",0.947067955477446,0.0334305799648507,0.940761890484619,0.0395134254847714,0.380333333333333,0.0586666666666667,FALSE,0,68
"V-PCA","Ichino-Yaguchi",0.924326889279438,0.0603280609256005,0.922368229476823,0.0672133807953308,0.369666666666667,0.059,FALSE,0,68
"V-PCA","Wasserstein",0.920814294083187,0.0591095489162273,0.918497096875071,0.0671468148679666,0.346666666666667,0.0623333333333333,FALSE,0,68
"V-PCA","Centers-Euclidean",0.835343878148799,0.140414762741652,0.835042014368476,0.158386209185576,0.207666666666667,0.0416666666666667,FALSE,0,68
"MR-PCA","Int-Euclidean",0.734569420035149,0.224698301113064,0.73924857645479,0.250852802255136,0.139,0.0323333333333333,FALSE,0,68
"MR-PCA","Hausdorff",0.753756883421207,0.199691857059168,0.775898962409748,0.196045515680989,0.160333333333333,0.0313333333333333,FALSE,0,68
"MR-PCA","Ichino-Yaguchi",0.716343878148799,0.268512009373169,0.728614090023355,0.281975856648679,0.145333333333333,0.0303333333333333,FALSE,0,68
"MR-PCA","Wasserstein",0.745680726420621,0.23780316344464,0.751112805451406,0.257301731097909,0.161,0.0306666666666667,FALSE,0,68
"MR-PCA","Centers-Euclidean",0.834485061511424,0.142144112478032,0.834916920779331,0.158669706961006,0.209666666666667,0.043,FALSE,0,68
"SPCA","Int-Euclidean",0.934598711189221,0.0481218512009373,0.928247410169388,0.0561522268805066,0.355333333333333,0.0556666666666666,FALSE,0,68
"SPCA","Hausdorff",0.947011716461629,0.0336438195664909,0.940706411714252,0.0398487943292462,0.376,0.053,FALSE,0,68
"SPCA","Ichino-Yaguchi",0.924517281780902,0.0596403046280023,0.922170902798855,0.0674167676439239,0.37,0.061,FALSE,0,68
"SPCA","Wasserstein",0.920967779730521,0.0585705916813123,0.91865006878428,0.0667854628980158,0.347333333333333,0.063,FALSE,0,68
"SPCA","Centers-Euclidean",0.834485061511424,0.142144112478032,0.834916920779331,0.158669706961006,0.209666666666667,0.043,FALSE,0,68
"IMDS","Int-Euclidean",0.43993848857645,-0.0640550673696543,0.43644951682133,-0.063450067801757,0.0336666666666667,0.00166666666666667,TRUE,0,68
"IMDS","Hausdorff",0.557551259519625,-0.0274797891036908,0.560860387639063,-0.0524824623497988,0.0506666666666667,-0.00266666666666667,TRUE,0,68
"IMDS","Ichino-Yaguchi",0.552301113063855,-0.0151095489162273,0.551685372981817,-0.0396534810556534,0.052,-0.00633333333333333,FALSE,0,68
"IMDS","Wasserstein",0.546327475102519,-0.0191763327475102,0.546229642010101,-0.040098028153273,0.0496666666666667,-0.00433333333333333,TRUE,0,68
"IMDS","Centers-Euclidean",0.508761570005858,-0.00246280023432921,0.503178239788708,-0.000401383637892438,0.0313333333333333,-0.00433333333333333,TRUE,0,68
"Int-UMAP","Int-Euclidean",0.777213825424722,-0.0908541300527241,0.778712677754131,-0.0784725192179179,0.152666666666667,0.019,FALSE,0,68
"Int-UMAP","Hausdorff",0.883547158758055,-0.022381956649092,0.883917960564908,-0.0136437583773511,0.253333333333333,0.015,FALSE,0,68
"Int-UMAP","Ichino-Yaguchi",0.847168717047452,0.012680726420621,0.85362479722032,0.0269943656916508,0.250666666666667,0.0266666666666667,FALSE,0,68
"Int-UMAP","Wasserstein",0.832537785588752,-0.00904276508494439,0.843331792000513,0.0125857623525774,0.229333333333333,0.021,FALSE,0,68
"Int-UMAP","Centers-Euclidean",0.582097246631517,-0.0890240187463385,0.595192359564085,-0.0806754338414358,0.0963333333333333,0.004,FALSE,0,68
"C-PCA","Int-Euclidean",0.938738722905682,0.0464264792032806,0.932202838631511,0.0543138896654402,0.368,0.0703333333333333,FALSE,0,69
"C-PCA","Hausdorff",0.945738137082601,0.0339132981839484,0.937410900139902,0.0416949748405051,0.350333333333333,0.0576666666666667,FALSE,0,69
"C-PCA","Ichino-Yaguchi",0.922834212067955,0.0586947861745752,0.918169156824934,0.0706272180646663,0.34,0.0703333333333333,FALSE,0,69
"C-PCA","Wasserstein",0.920343878148799,0.0593239601640304,0.915873914216232,0.0717728766259795,0.322333333333333,0.069,FALSE,0,69
"C-PCA","Centers-Euclidean",0.837531341534856,0.138563561804335,0.835572496143981,0.157663672581608,0.213666666666667,0.0513333333333333,FALSE,0,69
"V-PCA","Int-Euclidean",0.93874575278266,0.0464663151728179,0.932127900534293,0.0545019153823634,0.367666666666667,0.0666666666666667,FALSE,0,69
"V-PCA","Hausdorff",0.945681898066784,0.034058582308143,0.937517960595612,0.0416019345262083,0.351,0.058,FALSE,0,69
"V-PCA","Ichino-Yaguchi",0.922820152314001,0.0589408318687756,0.918131390332865,0.0707807541569547,0.341333333333333,0.0733333333333333,FALSE,0,69
"V-PCA","Wasserstein",0.920223198594025,0.0597738722905682,0.915866000301205,0.0719201537402728,0.322,0.0696666666666667,FALSE,0,69
"V-PCA","Centers-Euclidean",0.837558875219684,0.138487404803749,0.83590340448795,0.156916041728362,0.214666666666667,0.0526666666666667,FALSE,0,69
"MR-PCA","Int-Euclidean",0.73415582893966,0.230390158172232,0.741284028491322,0.25573433378729,0.154,0.0373333333333333,FALSE,0,69
"MR-PCA","Hausdorff",0.729497949619215,0.216640890451084,0.741513572709689,0.238976958763053,0.129,0.0353333333333333,FALSE,0,69
"MR-PCA","Ichino-Yaguchi",0.716156414762742,0.260258933801992,0.721407219209919,0.287221554157814,0.138,0.0256666666666667,FALSE,0,69
"MR-PCA","Wasserstein",0.743412419449326,0.229667252489748,0.747519267811644,0.254142241377325,0.152333333333333,0.0243333333333333,FALSE,0,69
"MR-PCA","Centers-Euclidean",0.837531341534856,0.138563561804335,0.835572496143981,0.157663672581608,0.213666666666667,0.0513333333333333,FALSE,0,69
"SPCA","Int-Euclidean",0.938738722905682,0.0464264792032806,0.932202838631511,0.0543138896654402,0.368,0.0703333333333333,FALSE,0,69
"SPCA","Hausdorff",0.945738137082601,0.0339132981839484,0.937410900139902,0.0416949748405051,0.350333333333333,0.0576666666666667,FALSE,0,69
"SPCA","Ichino-Yaguchi",0.922834212067955,0.0586947861745752,0.918169156824934,0.0706272180646663,0.34,0.0703333333333333,FALSE,0,69
"SPCA","Wasserstein",0.920343878148799,0.0593239601640304,0.915873914216232,0.0717728766259795,0.322333333333333,0.069,FALSE,0,69
"SPCA","Centers-Euclidean",0.837531341534856,0.138563561804335,0.835572496143981,0.157663672581608,0.213666666666667,0.0513333333333333,FALSE,0,69
"IMDS","Int-Euclidean",0.555578207381371,-0.0340292911540715,0.539811292657806,-0.0191275503569859,0.034,0.00466666666666666,TRUE,0,69
"IMDS","Hausdorff",0.593890451083773,-0.0522026947861745,0.599043287503245,-0.0807041112289627,0.0603333333333333,-0.005,TRUE,0,69
"IMDS","Ichino-Yaguchi",0.583255418863503,-0.0512255418863503,0.588899031646909,-0.0694236827630018,0.0543333333333333,-0.003,FALSE,0,69
"IMDS","Wasserstein",0.576773286467487,-0.0517047451669597,0.583350816868015,-0.0654362885319772,0.056,-0.00466666666666667,FALSE,0,69
"IMDS","Centers-Euclidean",0.512120679554774,0.000126537785588687,0.506978328307882,0.0111260633699645,0.0356666666666667,0.00166666666666667,FALSE,0,69
"Int-UMAP","Int-Euclidean",0.788347978910369,-0.0945448154657293,0.782911067245557,-0.0947143230194526,0.177333333333333,-0.00333333333333334,FALSE,0,69
"Int-UMAP","Hausdorff",0.89308611599297,-0.0115055653192736,0.890407423083424,-0.00413692193686585,0.257666666666667,0.0176666666666667,FALSE,0,69
"Int-UMAP","Ichino-Yaguchi",0.859992970123023,0.0163304042179262,0.863446032549449,0.030145278294242,0.262,0.033,FALSE,0,69
"Int-UMAP","Wasserstein",0.845026947861746,0.00406444053895727,0.850915355190477,0.0185464832357795,0.232666666666667,0.0303333333333333,FALSE,0,69
"Int-UMAP","Centers-Euclidean",0.596929115407147,-0.0805295840656122,0.596669145234234,-0.0860655729651452,0.0993333333333333,-0.00133333333333333,FALSE,0,69
"C-PCA","Int-Euclidean",0.931531341534857,0.0508119507908612,0.925922903729795,0.0606154109025962,0.328333333333333,0.0726666666666667,FALSE,0,70
"C-PCA","Hausdorff",0.944431165787932,0.0318453427065026,0.936985774756929,0.0404049775224856,0.341,0.0693333333333333,FALSE,0,70
"C-PCA","Ichino-Yaguchi",0.92407791446983,0.0617820738137083,0.91863909983707,0.0727594324886246,0.334333333333333,0.07,FALSE,0,70
"C-PCA","Wasserstein",0.918985354422964,0.0596344463971881,0.914619405932872,0.0731028656969473,0.32,0.073,FALSE,0,70
"C-PCA","Centers-Euclidean",0.835029291154072,0.137718804920914,0.835925970275919,0.155250775924443,0.212666666666667,0.0403333333333333,FALSE,0,70
"V-PCA","Int-Euclidean",0.931367311072056,0.0508635032220269,0.925896713353392,0.060711268294308,0.328333333333333,0.0686666666666667,FALSE,0,70
"V-PCA","Hausdorff",0.94475805506737,0.0316039835969537,0.937722572527462,0.039216418019286,0.341333333333333,0.0653333333333333,FALSE,0,70
"V-PCA","Ichino-Yaguchi",0.924207381370826,0.0609935559461043,0.918644056972205,0.0719776635697238,0.337333333333333,0.075,FALSE,0,70
"V-PCA","Wasserstein",0.91886877562976,0.058937316930287,0.914815615758624,0.0720239849195014,0.321333333333333,0.0726666666666667,FALSE,0,70
"V-PCA","Centers-Euclidean",0.834476274165202,0.138878734622144,0.835247288735697,0.156747178278629,0.214,0.042,FALSE,0,70
"MR-PCA","Int-Euclidean",0.736693614528412,0.21092208553017,0.749302659735582,0.231950004014527,0.136666666666667,0.025,FALSE,0,70
"MR-PCA","Hausdorff",0.752318687756298,0.181122437024019,0.777886933258907,0.17794627380488,0.144333333333333,0.0273333333333333,FALSE,0,70
"MR-PCA","Ichino-Yaguchi",0.719470415934388,0.240187463386057,0.736931330706006,0.249476034347159,0.134666666666667,0.0293333333333333,FALSE,0,70
"MR-PCA","Wasserstein",0.746973052138254,0.214560046865846,0.75762594446934,0.226181980437662,0.154333333333333,0.032,FALSE,0,70
"MR-PCA","Centers-Euclidean",0.835029291154072,0.137718804920914,0.835925970275919,0.155250775924443,0.212666666666667,0.0403333333333333,FALSE,0,70
"SPCA","Int-Euclidean",0.931531341534857,0.0508119507908612,0.925922903729795,0.0606154109025962,0.328333333333333,0.0726666666666667,FALSE,0,70
"SPCA","Hausdorff",0.944431165787932,0.0318453427065026,0.936985774756929,0.0404049775224856,0.341,0.0693333333333333,FALSE,0,70
"SPCA","Ichino-Yaguchi",0.92407791446983,0.0617820738137083,0.91863909983707,0.0727594324886246,0.334333333333333,0.07,FALSE,0,70
"SPCA","Wasserstein",0.918985354422964,0.0596344463971881,0.914619405932872,0.0731028656969473,0.32,0.073,FALSE,0,70
"SPCA","Centers-Euclidean",0.835029291154072,0.137718804920914,0.835925970275919,0.155250775924443,0.212666666666667,0.0403333333333333,FALSE,0,70
"IMDS","Int-Euclidean",0.508442882249561,-0.0299519625073227,0.491599386107402,-0.0152469072404724,0.0283333333333333,0.004,FALSE,0,70
"IMDS","Hausdorff",0.575734622144113,-0.0777211482132396,0.579682387186796,-0.100064745189591,0.0503333333333333,-0.00866666666666667,FALSE,0,70
"IMDS","Ichino-Yaguchi",0.565896309314587,-0.0533157586408906,0.5674803568339,-0.0656196871800564,0.054,0.000333333333333335,FALSE,0,70
"IMDS","Wasserstein",0.559658465143527,-0.0619132981839485,0.565960817600301,-0.071579235176531,0.0523333333333333,-0.00233333333333333,FALSE,0,70
"IMDS","Centers-Euclidean",0.500715875805507,0.012679554774458,0.491782427823329,0.0156254134464094,0.029,0.00233333333333333,FALSE,0,70
"Int-UMAP","Int-Euclidean",0.764272993555946,-0.0970474516695957,0.764161951708078,-0.0880444278439011,0.153666666666667,0.009,FALSE,0,70
"Int-UMAP","Hausdorff",0.899776801405975,-0.00555243116578796,0.898891640464776,0.00182637499859914,0.268333333333333,0.021,FALSE,0,70
"Int-UMAP","Ichino-Yaguchi",0.867828939660223,0.0235219683655535,0.872619164293644,0.0336965613079714,0.274,0.0253333333333333,FALSE,0,70
"Int-UMAP","Wasserstein",0.850705330990041,0.00335793790275341,0.858080799613991,0.0205981384568219,0.247333333333333,0.032,FALSE,0,70
"Int-UMAP","Centers-Euclidean",0.592348564733451,-0.0679707088459285,0.590148749363471,-0.0716761119357651,0.101,-0.008,FALSE,0,70
"C-PCA","Int-Euclidean",0.934330404217926,0.0496379613356767,0.925457114947351,0.0635506904295974,0.353666666666667,0.0766666666666667,FALSE,0,71
"C-PCA","Hausdorff",0.949776801405975,0.0333016988869361,0.939955367361479,0.0448746707588746,0.372666666666667,0.0766666666666667,FALSE,0,71
"C-PCA","Ichino-Yaguchi",0.927585823081429,0.0601253661394259,0.920096908998267,0.0766850720841752,0.364,0.084,FALSE,0,71
"C-PCA","Wasserstein",0.924685998828354,0.0591060339777387,0.917225426679765,0.0760115295993471,0.349333333333333,0.0893333333333333,FALSE,0,71
"C-PCA","Centers-Euclidean",0.835536613942589,0.150471001757469,0.833887779456766,0.169505655877798,0.212666666666667,0.051,FALSE,0,71
"V-PCA","Int-Euclidean",0.934534856473345,0.0491775043936732,0.925727540562461,0.0630240335850895,0.356666666666667,0.0786666666666667,FALSE,0,71
"V-PCA","Hausdorff",0.949614528412419,0.0336121851200937,0.939491562814762,0.0456864833862284,0.373,0.077,FALSE,0,71
"V-PCA","Ichino-Yaguchi",0.927793790275337,0.0596977152899824,0.919249371684273,0.0783273054017421,0.366666666666667,0.0853333333333333,FALSE,0,71
"V-PCA","Wasserstein",0.924650263620387,0.0591259519625074,0.916640160808297,0.0771412989229246,0.351666666666667,0.0896666666666667,FALSE,0,71
"V-PCA","Centers-Euclidean",0.836855301698887,0.14786877562976,0.833975197897769,0.169416829665683,0.212,0.0503333333333333,FALSE,0,71
"MR-PCA","Int-Euclidean",0.73462683069713,0.239946104276508,0.739074285333558,0.267042653622447,0.123666666666667,0.027,FALSE,0,71
"MR-PCA","Hausdorff",0.737134739308729,0.224535442296426,0.74758502008722,0.248280273258044,0.137,0.0383333333333333,FALSE,0,71
"MR-PCA","Ichino-Yaguchi",0.724175746924429,0.265478617457528,0.729348328628737,0.293682999421386,0.144,0.036,FALSE,0,71
"MR-PCA","Wasserstein",0.750305799648506,0.233349736379613,0.754228308081727,0.259998736536941,0.157666666666667,0.0353333333333333,FALSE,0,71
"MR-PCA","Centers-Euclidean",0.835536613942589,0.150471001757469,0.833887779456766,0.169505655877798,0.212666666666667,0.051,FALSE,0,71
"SPCA","Int-Euclidean",0.934330404217926,0.0496379613356767,0.925457114947351,0.0635506904295974,0.353666666666667,0.0766666666666667,FALSE,0,71
"SPCA","Hausdorff",0.949776801405975,0.0333016988869361,0.939955367361479,0.0448746707588746,0.372666666666667,0.0766666666666667,FALSE,0,71
"SPCA","Ichino-Yaguchi",0.927585823081429,0.0601253661394259,0.920096908998267,0.0766850720841752,0.364,0.084,FALSE,0,71
"SPCA","Wasserstein",0.924685998828354,0.0591060339777387,0.917225426679765,0.0760115295993471,0.349333333333333,0.0893333333333333,FALSE,0,71
"SPCA","Centers-Euclidean",0.835536613942589,0.150471001757469,0.833887779456766,0.169505655877798,0.212666666666667,0.051,FALSE,0,71
"IMDS","Int-Euclidean",0.521401288810779,-0.0666479203280609,0.512903623099298,-0.0711116694092872,0.025,-0.00133333333333333,TRUE,0,71
"IMDS","Hausdorff",0.577532513181019,-0.0724030462800235,0.58375038821169,-0.100983226031085,0.051,-0.00666666666666667,TRUE,0,71
"IMDS","Ichino-Yaguchi",0.570503807850029,-0.0504581136496778,0.573157966810069,-0.0745251274861859,0.0536666666666667,-0.006,FALSE,0,71
"IMDS","Wasserstein",0.567321031048623,-0.0639355594610429,0.571369793530486,-0.0861073194426086,0.0493333333333333,-0.00766666666666667,FALSE,0,71
"IMDS","Centers-Euclidean",0.505195664909198,-0.0146186291739895,0.497425301008944,-0.0133289657119461,0.0253333333333333,-0.001,FALSE,0,71
"Int-UMAP","Int-Euclidean",0.787830111306385,-0.0801195079086116,0.776429134076458,-0.0468652468289457,0.164,0.0183333333333333,FALSE,0,71
"Int-UMAP","Hausdorff",0.891744581136497,-0.0222425307557117,0.892778196373477,-0.0146672785942185,0.271333333333333,0.0216666666666667,FALSE,0,71
"Int-UMAP","Ichino-Yaguchi",0.86115582893966,0.0147498535442296,0.867603209810246,0.0247408618844513,0.27,0.0193333333333333,FALSE,0,71
"Int-UMAP","Wasserstein",0.843982425307557,-0.00208553016988866,0.853476658863285,0.00881864668829138,0.250666666666667,0.0243333333333333,FALSE,0,71
"Int-UMAP","Centers-Euclidean",0.594120679554774,-0.086200351493849,0.605320961834665,-0.0801470867504789,0.116,-0.00766666666666667,FALSE,0,71
"C-PCA","Int-Euclidean",0.931994141769186,0.0488834212067956,0.924653761995799,0.0610193414241025,0.362333333333333,0.077,FALSE,0,72
"C-PCA","Hausdorff",0.948264206209725,0.0327252489748097,0.940662898230737,0.0401748414875827,0.373,0.07,FALSE,0,72
"C-PCA","Ichino-Yaguchi",0.924507908611599,0.0600714704159344,0.920071889205804,0.0705844998106341,0.357666666666667,0.071,FALSE,0,72
"C-PCA","Wasserstein",0.920519625073228,0.057751611013474,0.916705843232635,0.0699990988422656,0.343666666666667,0.0816666666666667,FALSE,0,72
"C-PCA","Centers-Euclidean",0.833695957820738,0.137465729349736,0.833558698758935,0.161693785066665,0.207,0.0516666666666667,FALSE,0,72
"V-PCA","Int-Euclidean",0.930769771528998,0.0516742823667252,0.924760690424992,0.0606694511980101,0.354666666666667,0.0726666666666667,FALSE,0,72
"V-PCA","Hausdorff",0.948141769185706,0.0329045108377271,0.940675082282456,0.0402987637251926,0.37,0.0723333333333333,FALSE,0,72
"V-PCA","Ichino-Yaguchi",0.924715875805507,0.0598781487990627,0.920143513590978,0.0708434498651564,0.358666666666667,0.0713333333333333,FALSE,0,72
"V-PCA","Wasserstein",0.921323374340949,0.0563995313415349,0.917284595284228,0.0690981529643868,0.343333333333333,0.081,FALSE,0,72
"V-PCA","Centers-Euclidean",0.83184007029877,0.141313415348565,0.830434374147489,0.167804224019523,0.202,0.0476666666666667,FALSE,0,72
"MR-PCA","Int-Euclidean",0.733014059753954,0.223366139425893,0.737013834997251,0.253909561529193,0.132333333333333,0.0253333333333333,FALSE,0,72
"MR-PCA","Hausdorff",0.754543057996485,0.195640304628002,0.773380132127839,0.200330020235366,0.159333333333333,0.027,FALSE,0,72
"MR-PCA","Ichino-Yaguchi",0.722705916813122,0.252336262448741,0.737927313415445,0.263628265219165,0.144666666666667,0.0276666666666667,FALSE,0,72
"MR-PCA","Wasserstein",0.749172817809022,0.221562975981254,0.757475059653725,0.238231174745845,0.154333333333333,0.028,FALSE,0,72
"MR-PCA","Centers-Euclidean",0.833695957820738,0.137465729349736,0.833558698758935,0.161693785066665,0.207,0.0516666666666667,FALSE,0,72
"SPCA","Int-Euclidean",0.931994141769186,0.0488834212067956,0.924653761995799,0.0610193414241025,0.362333333333333,0.077,FALSE,0,72
"SPCA","Hausdorff",0.948264206209725,0.0327252489748097,0.940662898230737,0.0401748414875827,0.373,0.07,FALSE,0,72
"SPCA","Ichino-Yaguchi",0.924507908611599,0.0600714704159344,0.920071889205804,0.0705844998106341,0.357666666666667,0.071,FALSE,0,72
"SPCA","Wasserstein",0.920519625073228,0.057751611013474,0.916705843232635,0.0699990988422656,0.343666666666667,0.0816666666666667,FALSE,0,72
"SPCA","Centers-Euclidean",0.833695957820738,0.137465729349736,0.833558698758935,0.161693785066665,0.207,0.0516666666666667,FALSE,0,72
"IMDS","Int-Euclidean",0.517601054481547,-0.0741031048623315,0.505411766141738,-0.0672314131611708,0.0296666666666667,-0.004,TRUE,0,72
"IMDS","Hausdorff",0.580177504393673,-0.0935618043350909,0.588940352876175,-0.122267606081387,0.0563333333333333,0.000666666666666666,TRUE,0,72
"IMDS","Ichino-Yaguchi",0.574446983011131,-0.0689502050380785,0.576676544859924,-0.0913718353359146,0.058,-0.00633333333333333,TRUE,0,72
"IMDS","Wasserstein",0.569872290568248,-0.081485647334505,0.572818620282988,-0.0982692490439208,0.057,-0.00366666666666667,TRUE,0,72
"IMDS","Centers-Euclidean",0.51796309314587,0.00165787932044525,0.509854459955513,0.00468695208036174,0.0306666666666667,0.00866666666666666,FALSE,0,72
"Int-UMAP","Int-Euclidean",0.751106033977739,-0.0984042179261863,0.749579295970136,-0.0623242623440571,0.146666666666667,0.00733333333333334,FALSE,0,72
"Int-UMAP","Hausdorff",0.897943175161101,-0.0206690099589923,0.898256681194189,-0.0103352245364219,0.286666666666667,0.0246666666666667,FALSE,0,72
"Int-UMAP","Ichino-Yaguchi",0.866002929115407,0.0112560046865846,0.871157542482986,0.0230812164186334,0.287666666666667,0.028,FALSE,0,72
"Int-UMAP","Wasserstein",0.852396602226128,-0.00776449912126531,0.860398060714696,0.00859738099306354,0.265333333333333,0.0276666666666667,FALSE,0,72
"Int-UMAP","Centers-Euclidean",0.610758640890451,-0.0806338605741067,0.620202044323144,-0.0726348163442073,0.117333333333333,0.012,FALSE,0,72
"C-PCA","Int-Euclidean",0.927496777973052,0.0537797305213826,0.923386389570642,0.0627030617716761,0.35,0.075,FALSE,0,73
"C-PCA","Hausdorff",0.944046865846514,0.0330826010544815,0.93707609087293,0.0413109388727975,0.353,0.0653333333333333,FALSE,0,73
"C-PCA","Ichino-Yaguchi",0.92072524897481,0.0648717047451669,0.915064240879002,0.0774707680243445,0.346333333333333,0.0763333333333333,FALSE,0,73
"C-PCA","Wasserstein",0.915966608084358,0.062356180433509,0.911067722234018,0.0763422897972825,0.330333333333333,0.0653333333333333,FALSE,0,73
"C-PCA","Centers-Euclidean",0.829056824838899,0.14768834212068,0.833452150289775,0.158913500064401,0.221,0.0406666666666667,FALSE,0,73
"V-PCA","Int-Euclidean",0.927519625073228,0.0537152899824253,0.923302392305126,0.0628767672171405,0.349333333333333,0.0706666666666667,FALSE,0,73
"V-PCA","Hausdorff",0.94427475102519,0.0326994727592267,0.937220431932425,0.0411625702369554,0.354,0.0643333333333333,FALSE,0,73
"V-PCA","Ichino-Yaguchi",0.921257176332748,0.0639718804920915,0.915612558515764,0.0765415270217596,0.347666666666667,0.0736666666666667,FALSE,0,73
"V-PCA","Wasserstein",0.916113063854716,0.062231985940246,0.911600464579819,0.0753893960907562,0.329666666666667,0.0646666666666667,FALSE,0,73
"V-PCA","Centers-Euclidean",0.829117750439367,0.147643819566491,0.834502580888118,0.157138581632993,0.22,0.0393333333333333,FALSE,0,73
"MR-PCA","Int-Euclidean",0.728370826010545,0.225526654950205,0.741749888660196,0.245533701073237,0.137,0.0293333333333333,FALSE,0,73
"MR-PCA","Hausdorff",0.747127709431752,0.182192149970709,0.772611866758226,0.184274837450028,0.155333333333333,0.021,FALSE,0,73
"MR-PCA","Ichino-Yaguchi",0.720215582893966,0.239524311657879,0.734756651334704,0.257681405584998,0.147666666666667,0.022,FALSE,0,73
"MR-PCA","Wasserstein",0.745843585237258,0.215483304042179,0.757747094150105,0.231084852674527,0.165,0.0246666666666667,FALSE,0,73
"MR-PCA","Centers-Euclidean",0.829056824838899,0.14768834212068,0.833452150289775,0.158913500064401,0.221,0.0406666666666667,FALSE,0,73
"SPCA","Int-Euclidean",0.927496777973052,0.0537797305213826,0.923386389570642,0.0627030617716761,0.35,0.075,FALSE,0,73
"SPCA","Hausdorff",0.944046865846514,0.0330826010544815,0.93707609087293,0.0413109388727975,0.353,0.0653333333333333,FALSE,0,73
"SPCA","Ichino-Yaguchi",0.92072524897481,0.0648717047451669,0.915064240879002,0.0774707680243445,0.346333333333333,0.0763333333333333,FALSE,0,73
"SPCA","Wasserstein",0.915966608084358,0.062356180433509,0.911067722234018,0.0763422897972825,0.330333333333333,0.0653333333333333,FALSE,0,73
"SPCA","Centers-Euclidean",0.829056824838899,0.14768834212068,0.833452150289775,0.158913500064401,0.221,0.0406666666666667,FALSE,0,73
"IMDS","Int-Euclidean",0.541838898652607,-0.0248541300527241,0.532005875026463,-0.0123751324678841,0.0326666666666667,0.00333333333333333,TRUE,0,73
"IMDS","Hausdorff",0.608466900995899,-0.0871294669009959,0.60998361719802,-0.104509354923046,0.0636666666666667,0.000333333333333331,TRUE,0,73
"IMDS","Ichino-Yaguchi",0.594674868189807,-0.0658512009373169,0.595145923074904,-0.0826906988700832,0.0636666666666667,-0.003,FALSE,0,73
"IMDS","Wasserstein",0.590309314586995,-0.0683632103104863,0.590129349141513,-0.0846896125681875,0.0563333333333333,-0.00633333333333333,FALSE,0,73
"IMDS","Centers-Euclidean",0.517336848271822,0.00199179847686004,0.511697942366741,0.011002006035454,0.038,0.00766666666666667,FALSE,0,73
"Int-UMAP","Int-Euclidean",0.747558289396602,-0.0965131810193322,0.759040292343552,-0.091914019112834,0.153666666666667,0.0123333333333333,FALSE,0,73
"Int-UMAP","Hausdorff",0.894693028705331,-0.0258547158758056,0.895722171995856,-0.0195741622879151,0.305333333333333,0.021,FALSE,0,73
"Int-UMAP","Ichino-Yaguchi",0.866947275922671,0.0128892794376098,0.874014470413241,0.0176625257931455,0.307666666666667,0.025,FALSE,0,73
"Int-UMAP","Wasserstein",0.850340949033392,-0.00766022261277099,0.859731830349611,0.00405085753525225,0.291,0.028,FALSE,0,73
"Int-UMAP","Centers-Euclidean",0.602489162272994,-0.0935477445811365,0.603306655533454,-0.103107432893301,0.121333333333333,-0.00766666666666667,FALSE,0,73
"C-PCA","Int-Euclidean",0.929004686584651,0.0537867603983597,0.924797275586777,0.0588061118451888,0.323333333333333,0.0546666666666667,FALSE,0,74
"C-PCA","Hausdorff",0.948650263620387,0.033211482132396,0.939834355847999,0.0411615232359761,0.359666666666667,0.05,FALSE,0,74
"C-PCA","Ichino-Yaguchi",0.92796719390744,0.0590205038078501,0.921541976833031,0.0693705282734017,0.348,0.064,FALSE,0,74
"C-PCA","Wasserstein",0.922675454012888,0.0576531927357937,0.917727994825789,0.0683442462460333,0.328666666666667,0.0663333333333333,FALSE,0,74
"C-PCA","Centers-Euclidean",0.835486818980668,0.142940831868776,0.83496434669979,0.160596429788068,0.206666666666667,0.0423333333333333,FALSE,0,74
"V-PCA","Int-Euclidean",0.928947861745753,0.0537434094903338,0.924525479812762,0.058962313030879,0.322333333333333,0.053,FALSE,0,74
"V-PCA","Hausdorff",0.94869244288225,0.0331154071470415,0.939699894516954,0.0414183731477716,0.356666666666667,0.0563333333333333,FALSE,0,74
"V-PCA","Ichino-Yaguchi",0.92806561218512,0.0582495606326889,0.921496287982378,0.069028220360853,0.347,0.0663333333333333,FALSE,0,74
"V-PCA","Wasserstein",0.923386057410662,0.0558664323374342,0.917572955012886,0.0682087210268961,0.328666666666667,0.068,FALSE,0,74
"V-PCA","Centers-Euclidean",0.835297012302285,0.143191564147627,0.836634508231162,0.157164498745211,0.207333333333333,0.0376666666666667,FALSE,0,74
"MR-PCA","Int-Euclidean",0.729097246631517,0.221205623901582,0.73283551276873,0.255502079187355,0.124666666666667,0.03,FALSE,0,74
"MR-PCA","Hausdorff",0.758777387229057,0.198761570005858,0.779920391080964,0.193645121627893,0.154,0.038,FALSE,0,74
"MR-PCA","Ichino-Yaguchi",0.721596367896895,0.259949619214997,0.737903402799238,0.264144602502701,0.137333333333333,0.0303333333333333,FALSE,0,74
"MR-PCA","Wasserstein",0.749541886350322,0.230474516695958,0.758380710895243,0.24164453303526,0.152,0.0366666666666667,FALSE,0,74
"MR-PCA","Centers-Euclidean",0.835486818980668,0.142940831868776,0.83496434669979,0.160596429788068,0.206666666666667,0.0423333333333333,FALSE,0,74
"SPCA","Int-Euclidean",0.929004686584651,0.0537867603983597,0.924797275586777,0.0588061118451888,0.323333333333333,0.0546666666666667,FALSE,0,74
"SPCA","Hausdorff",0.948650263620387,0.033211482132396,0.939834355847999,0.0411615232359761,0.359666666666667,0.05,FALSE,0,74
"SPCA","Ichino-Yaguchi",0.92796719390744,0.0590205038078501,0.921541976833031,0.0693705282734017,0.348,0.064,FALSE,0,74
"SPCA","Wasserstein",0.922675454012888,0.0576531927357937,0.917727994825789,0.0683442462460333,0.328666666666667,0.0663333333333333,FALSE,0,74
"SPCA","Centers-Euclidean",0.835486818980668,0.142940831868776,0.83496434669979,0.160596429788068,0.206666666666667,0.0423333333333333,FALSE,0,74
"IMDS","Int-Euclidean",0.524107205623902,-0.0299765670767429,0.516226810348361,-0.0229473706996009,0.0346666666666667,-0.002,TRUE,0,74
"IMDS","Hausdorff",0.574141183362624,-0.0804792032806093,0.576483704780726,-0.100907238630099,0.059,-0.00666666666666667,TRUE,0,74
"IMDS","Ichino-Yaguchi",0.562947861745753,-0.0484710017574692,0.564771683167678,-0.0717697571157304,0.0553333333333333,-0.003,FALSE,0,74
"IMDS","Wasserstein",0.556659050966608,-0.0568377270064441,0.560747346842716,-0.0754242587670597,0.0506666666666667,-0.002,FALSE,0,74
"IMDS","Centers-Euclidean",0.504241359109549,-0.0013473930872876,0.499710376040687,0.00461160178407738,0.0273333333333333,0.00333333333333333,TRUE,0,74
"Int-UMAP","Int-Euclidean",0.770187463386057,-0.0750369068541301,0.773468618294914,-0.0656597019608855,0.144666666666667,-0.00233333333333333,FALSE,0,74
"Int-UMAP","Hausdorff",0.904957820738137,0.00526889279437615,0.904086084052072,0.0141781433786476,0.282333333333333,0.025,FALSE,0,74
"Int-UMAP","Ichino-Yaguchi",0.870571177504394,0.037186877562976,0.875932282218039,0.0501467090932342,0.290666666666667,0.0186666666666667,FALSE,0,74
"Int-UMAP","Wasserstein",0.855871704745167,0.0142671353251318,0.863883398786246,0.032234771393784,0.272666666666667,0.0223333333333333,FALSE,0,74
"Int-UMAP","Centers-Euclidean",0.600932044522554,-0.0853837141183363,0.603722116114865,-0.0847206541514741,0.114666666666667,-0.005,FALSE,0,74
"C-PCA","Int-Euclidean",0.918652606912712,0.0597891036906854,0.912667533589618,0.0709310172197887,0.307,0.0663333333333333,FALSE,0,75
"C-PCA","Hausdorff",0.941925600468658,0.0345014645577035,0.933069904356,0.0416984950358798,0.329333333333333,0.0533333333333333,FALSE,0,75
"C-PCA","Ichino-Yaguchi",0.917370240187463,0.0640667838312829,0.911042023119071,0.077516312566944,0.325333333333333,0.0613333333333333,FALSE,0,75
"C-PCA","Wasserstein",0.912545401288811,0.0619906268306971,0.906465695442767,0.0771220752480525,0.306333333333333,0.07,FALSE,0,75
"C-PCA","Centers-Euclidean",0.828009958992384,0.137615700058582,0.824822404377876,0.162506727595369,0.2,0.052,FALSE,0,75
"V-PCA","Int-Euclidean",0.918714704159344,0.0596508494434681,0.912553177133683,0.0711742100630918,0.308333333333333,0.067,FALSE,0,75
"V-PCA","Hausdorff",0.941990626830697,0.0343596953719977,0.932744043723498,0.0421505829968576,0.329333333333333,0.0533333333333333,FALSE,0,75
"V-PCA","Ichino-Yaguchi",0.917633860574107,0.0637199765670767,0.911008116867416,0.0776199902269674,0.326,0.0613333333333333,FALSE,0,75
"V-PCA","Wasserstein",0.912886936145284,0.0615629759812537,0.906527930593353,0.0771196250815379,0.306666666666667,0.07,FALSE,0,75
"V-PCA","Centers-Euclidean",0.827838312829525,0.138207381370826,0.824648067200883,0.163204658141131,0.199,0.0496666666666667,FALSE,0,75
"MR-PCA","Int-Euclidean",0.728420620972466,0.220046865846514,0.733548319325473,0.248483466672439,0.123333333333333,0.0263333333333333,FALSE,0,75
"MR-PCA","Hausdorff",0.723732278851787,0.210761570005858,0.738480539828792,0.221411239110307,0.122333333333333,0.0213333333333333,FALSE,0,75
"MR-PCA","Ichino-Yaguchi",0.709329232571763,0.250792032806093,0.721087693547419,0.261585483408182,0.123666666666667,0.0186666666666667,FALSE,0,75
"MR-PCA","Wasserstein",0.736598125366139,0.224626830697129,0.744727624690985,0.235817174285595,0.137333333333333,0.0273333333333333,FALSE,0,75
"MR-PCA","Centers-Euclidean",0.828009958992384,0.137615700058582,0.824822404377876,0.162506727595369,0.2,0.052,FALSE,0,75
"SPCA","Int-Euclidean",0.918652606912712,0.0597891036906854,0.912667533589618,0.0709310172197887,0.307,0.0663333333333333,FALSE,0,75
"SPCA","Hausdorff",0.941925600468658,0.0345014645577035,0.933069904356,0.0416984950358798,0.329333333333333,0.0533333333333333,FALSE,0,75
"SPCA","Ichino-Yaguchi",0.917370240187463,0.0640667838312829,0.911042023119071,0.077516312566944,0.325333333333333,0.0613333333333333,FALSE,0,75
"SPCA","Wasserstein",0.912545401288811,0.0619906268306971,0.906465695442767,0.0771220752480525,0.306333333333333,0.07,FALSE,0,75
"SPCA","Centers-Euclidean",0.828009958992384,0.137615700058582,0.824822404377876,0.162506727595369,0.2,0.052,FALSE,0,75
"IMDS","Int-Euclidean",0.484630345635618,-0.0608693614528413,0.47899142411016,-0.0632088016244788,0.0353333333333333,-0.00633333333333333,TRUE,0,75
"IMDS","Hausdorff",0.559898652606913,-0.0743350908025776,0.563567241335107,-0.0925808067526344,0.0433333333333333,-0.004,TRUE,0,75
"IMDS","Ichino-Yaguchi",0.549578207381371,-0.0581394258933803,0.550740513702894,-0.075209909112025,0.0476666666666667,-0.003,FALSE,0,75
"IMDS","Wasserstein",0.547377270064441,-0.0587826596367896,0.550244367265223,-0.0729090707282936,0.0436666666666667,-0.00233333333333333,TRUE,0,75
"IMDS","Centers-Euclidean",0.507643819566491,-0.00144815465729353,0.503352401953808,-0.00108104539823878,0.0346666666666667,-0.00466666666666667,FALSE,0,75
"Int-UMAP","Int-Euclidean",0.751987111892209,-0.10684007029877,0.756056447015993,-0.088461577904165,0.154,0.00966666666666666,FALSE,0,75
"Int-UMAP","Hausdorff",0.889263620386643,-0.0132688927943762,0.888013239649774,-0.00403795271086516,0.255333333333333,0.0216666666666667,FALSE,0,75
"Int-UMAP","Ichino-Yaguchi",0.856276508494435,0.0268799062683069,0.859513455421016,0.0416803459954438,0.257666666666667,0.0366666666666667,FALSE,0,75
"Int-UMAP","Wasserstein",0.841914469830111,0.00806561218512014,0.848336302394761,0.0250111048117064,0.242,0.028,FALSE,0,75
"Int-UMAP","Centers-Euclidean",0.591758640890451,-0.0890896309314587,0.596458460082627,-0.0892435617499531,0.109333333333333,-0.00633333333333334,FALSE,0,75
"C-PCA","Int-Euclidean",0.931954305799648,0.0476953719976566,0.926197874280974,0.0578491498797254,0.348666666666667,0.0543333333333333,FALSE,0,76
"C-PCA","Hausdorff",0.949464557703574,0.0279976567076743,0.942414792619349,0.0346159678702726,0.356666666666667,0.051,FALSE,0,76
"C-PCA","Ichino-Yaguchi",0.928654364381957,0.0566572934973638,0.925064084289413,0.0638374980790909,0.345,0.0693333333333333,FALSE,0,76
"C-PCA","Wasserstein",0.922562390158172,0.0540363210310486,0.920686823431268,0.0636147048677716,0.323,0.0686666666666667,FALSE,0,76
"C-PCA","Centers-Euclidean",0.842444639718805,0.131007615700059,0.843698857187685,0.145535480360825,0.224,0.0396666666666667,FALSE,0,76
"V-PCA","Int-Euclidean",0.931751611013474,0.0480843585237258,0.925829713734273,0.058497734747368,0.347333333333333,0.0513333333333333,FALSE,0,76
"V-PCA","Hausdorff",0.94962272993556,0.0277961335676625,0.941963512169391,0.0354788041406586,0.358,0.0516666666666667,FALSE,0,76
"V-PCA","Ichino-Yaguchi",0.928896309314587,0.0562952548330404,0.924252640108151,0.0655217757013794,0.344,0.067,FALSE,0,76
"V-PCA","Wasserstein",0.922683069712947,0.0539566490919743,0.920059121781105,0.0649922449773506,0.322666666666667,0.071,FALSE,0,76
"V-PCA","Centers-Euclidean",0.842452255418863,0.131055653192736,0.844113287655229,0.14463862269938,0.223333333333333,0.0376666666666667,FALSE,0,76
"MR-PCA","Int-Euclidean",0.735230814294083,0.212870533099004,0.743967148118246,0.236139820993536,0.138333333333333,0.0213333333333333,FALSE,0,76
"MR-PCA","Hausdorff",0.776802577621558,0.165619214997071,0.801666909994607,0.154543810773456,0.163,0.024,FALSE,0,76
"MR-PCA","Ichino-Yaguchi",0.722681898066784,0.24693848857645,0.750370981462095,0.234542467480411,0.141,0.032,FALSE,0,76
"MR-PCA","Wasserstein",0.752432337434095,0.215022847100176,0.76800732608999,0.216095532238035,0.152666666666667,0.0353333333333333,FALSE,0,76
"MR-PCA","Centers-Euclidean",0.842444639718805,0.131007615700059,0.843698857187685,0.145535480360825,0.224,0.0396666666666667,FALSE,0,76
"SPCA","Int-Euclidean",0.931954305799648,0.0476953719976566,0.926197874280974,0.0578491498797254,0.348666666666667,0.0543333333333333,FALSE,0,76
"SPCA","Hausdorff",0.949464557703574,0.0279976567076743,0.942414792619349,0.0346159678702726,0.356666666666667,0.051,FALSE,0,76
"SPCA","Ichino-Yaguchi",0.928654364381957,0.0566572934973638,0.925064084289413,0.0638374980790909,0.345,0.0693333333333333,FALSE,0,76
"SPCA","Wasserstein",0.922562390158172,0.0540363210310486,0.920686823431268,0.0636147048677716,0.323,0.0686666666666667,FALSE,0,76
"SPCA","Centers-Euclidean",0.842444639718805,0.131007615700059,0.843698857187685,0.145535480360825,0.224,0.0396666666666667,FALSE,0,76
"IMDS","Int-Euclidean",0.527173403632103,-0.0264545987111892,0.516711237129909,-0.0175161743996594,0.033,0.00533333333333333,FALSE,0,76
"IMDS","Hausdorff",0.581540714704159,-0.0904276508494435,0.59146964088634,-0.106286946123817,0.057,0.00266666666666667,TRUE,0,76
"IMDS","Ichino-Yaguchi",0.569059168131224,-0.0683421206795549,0.579158059996226,-0.0832104227872855,0.0583333333333333,0.006,FALSE,0,76
"IMDS","Wasserstein",0.568562390158172,-0.0775934387814879,0.580343086254919,-0.0922372123491463,0.052,0.00433333333333333,TRUE,0,76
"IMDS","Centers-Euclidean",0.510732278851787,0.00175746924428832,0.504763690190261,0.00206736944688413,0.0336666666666667,0.004,FALSE,0,76
"Int-UMAP","Int-Euclidean",0.795422378441711,-0.0440023432923258,0.792722066681681,-0.0358284149617975,0.168,0.0156666666666667,FALSE,0,76
"Int-UMAP","Hausdorff",0.910766842413591,0.00239367311072058,0.910972786725133,0.00548910988490205,0.310666666666667,0.0153333333333333,FALSE,0,76
"Int-UMAP","Ichino-Yaguchi",0.880759812536614,0.0344452255418863,0.888407146134778,0.0422512885250688,0.319666666666667,0.0216666666666667,FALSE,0,76
"Int-UMAP","Wasserstein",0.862114235500879,0.0137727006444053,0.873822144623381,0.026826725789983,0.289666666666667,0.0263333333333333,FALSE,0,76
"Int-UMAP","Centers-Euclidean",0.619162272993556,-0.075386057410662,0.624695249025806,-0.0806806995501733,0.123,0.00133333333333334,FALSE,0,76
"C-PCA","Int-Euclidean",0.925348564733451,0.0584042179261863,0.919558681411265,0.0684352478252853,0.345,0.065,FALSE,0,77
"C-PCA","Hausdorff",0.945652021089631,0.0348681898066784,0.938667323575346,0.042390937270057,0.370333333333333,0.0823333333333333,FALSE,0,77
"C-PCA","Ichino-Yaguchi",0.923155243116579,0.0661980082015231,0.918444842008013,0.0758107541124341,0.360666666666667,0.0856666666666667,FALSE,0,77
"C-PCA","Wasserstein",0.918611013473931,0.0637785588752197,0.914313373840911,0.0749765814128465,0.347666666666667,0.085,FALSE,0,77
"C-PCA","Centers-Euclidean",0.83376625659051,0.137667252489748,0.836372232950656,0.152451216585969,0.231333333333333,0.0416666666666667,FALSE,0,77
"V-PCA","Int-Euclidean",0.925741066198008,0.0576239015817224,0.91969638583552,0.0681319875225731,0.346666666666667,0.0673333333333333,FALSE,0,77
"V-PCA","Hausdorff",0.945487404803749,0.0352161687170474,0.938575516020266,0.0426555214794093,0.369666666666667,0.0806666666666667,FALSE,0,77
"V-PCA","Ichino-Yaguchi",0.923232571763327,0.0659332161687171,0.918232812795764,0.0761204560809955,0.359333333333333,0.0853333333333333,FALSE,0,77
"V-PCA","Wasserstein",0.918861159929701,0.0632079671939074,0.914408535023027,0.074682658148193,0.348,0.0836666666666667,FALSE,0,77
"V-PCA","Centers-Euclidean",0.833410076157001,0.138295254833041,0.836119306989745,0.153010883129974,0.231,0.042,FALSE,0,77
"MR-PCA","Int-Euclidean",0.733044522554189,0.224280023432923,0.741052758717089,0.247419876407829,0.132666666666667,0.031,FALSE,0,77
"MR-PCA","Hausdorff",0.731404803749268,0.215957820738137,0.743086901234801,0.240157774757543,0.15,0.044,FALSE,0,77
"MR-PCA","Ichino-Yaguchi",0.723181019332162,0.246141769185706,0.73012233254624,0.274906645738929,0.155,0.0453333333333333,FALSE,0,77
"MR-PCA","Wasserstein",0.749085530169889,0.218067955477446,0.755202738229951,0.243487919496985,0.171,0.04,FALSE,0,77
"MR-PCA","Centers-Euclidean",0.83376625659051,0.137667252489748,0.836372232950656,0.152451216585969,0.231333333333333,0.0416666666666667,FALSE,0,77
"SPCA","Int-Euclidean",0.925348564733451,0.0584042179261863,0.919558681411265,0.0684352478252853,0.345,0.065,FALSE,0,77
"SPCA","Hausdorff",0.945652021089631,0.0348681898066784,0.938667323575346,0.042390937270057,0.370333333333333,0.0823333333333333,FALSE,0,77
"SPCA","Ichino-Yaguchi",0.923155243116579,0.0661980082015231,0.918444842008013,0.0758107541124341,0.360666666666667,0.0856666666666667,FALSE,0,77
"SPCA","Wasserstein",0.918611013473931,0.0637785588752197,0.914313373840911,0.0749765814128465,0.347666666666667,0.085,FALSE,0,77
"SPCA","Centers-Euclidean",0.83376625659051,0.137667252489748,0.836372232950656,0.152451216585969,0.231333333333333,0.0416666666666667,FALSE,0,77
"IMDS","Int-Euclidean",0.53320093731693,-0.0594586994727593,0.526688791854517,-0.0668273490779561,0.029,-0.00166666666666667,TRUE,0,77
"IMDS","Hausdorff",0.584235500878735,-0.0827393087287639,0.589483548344656,-0.112544193957392,0.054,-0.006,TRUE,0,77
"IMDS","Ichino-Yaguchi",0.567730521382543,-0.0637937902753368,0.579171059234925,-0.0887917869681539,0.0543333333333333,-0.009,FALSE,0,77
"IMDS","Wasserstein",0.563333333333333,-0.0663995313415349,0.575327471048964,-0.0920654826958525,0.048,-0.00366666666666667,FALSE,0,77
"IMDS","Centers-Euclidean",0.521162272993556,-0.0014458113649678,0.513350297205505,0.00638714196826667,0.042,0.005,FALSE,0,77
"Int-UMAP","Int-Euclidean",0.790434680726421,-0.0930826010544816,0.790056402955982,-0.0894239821254519,0.183,0.015,FALSE,0,77
"Int-UMAP","Hausdorff",0.906609256004687,-0.00585823081429404,0.904157076705717,0.00719173151701691,0.294666666666667,0.031,FALSE,0,77
"Int-UMAP","Ichino-Yaguchi",0.876333333333333,0.0171985940246046,0.88048247171447,0.0330215404331974,0.3,0.036,FALSE,0,77
"Int-UMAP","Wasserstein",0.861189220855302,0.00279554774458113,0.864868227557833,0.0222678993030689,0.279333333333333,0.0353333333333333,FALSE,0,77
"Int-UMAP","Centers-Euclidean",0.603280609256005,-0.0523304042179262,0.606685357629897,-0.0476528893926366,0.107333333333333,0.014,FALSE,0,77
"C-PCA","Int-Euclidean",0.932005858230814,0.0558992384299941,0.927606687787839,0.0610012154115474,0.359333333333333,0.0713333333333333,FALSE,0,78
"C-PCA","Hausdorff",0.949393673110721,0.031319273579379,0.942099229287534,0.038969935259416,0.369,0.0543333333333333,FALSE,0,78
"C-PCA","Ichino-Yaguchi",0.929171646162859,0.057701230228471,0.924501766468734,0.0673265751108831,0.356,0.068,FALSE,0,78
"C-PCA","Wasserstein",0.923523725834798,0.0560410076157001,0.92060170624315,0.0670748036143948,0.336,0.07,FALSE,0,78
"C-PCA","Centers-Euclidean",0.843861745752783,0.133954305799649,0.843434626072504,0.148570072996847,0.228666666666667,0.0413333333333333,FALSE,0,78
"V-PCA","Int-Euclidean",0.931588752196837,0.056597539543058,0.927429939591728,0.0613227122606425,0.355666666666667,0.0683333333333333,FALSE,0,78
"V-PCA","Hausdorff",0.949096074985355,0.0316028119507908,0.942130417481662,0.0388472718792885,0.365666666666667,0.0493333333333333,FALSE,0,78
"V-PCA","Ichino-Yaguchi",0.929172817809022,0.0576895137668424,0.924640016653763,0.0669232310327406,0.353666666666667,0.0636666666666667,FALSE,0,78
"V-PCA","Wasserstein",0.923680726420621,0.0557855887521969,0.920833758197734,0.0666745022868989,0.336,0.0686666666666667,FALSE,0,78
"V-PCA","Centers-Euclidean",0.843363210310486,0.134672524897481,0.842703219896457,0.149769949935852,0.227333333333333,0.04,FALSE,0,78
"MR-PCA","Int-Euclidean",0.73827885178676,0.22409841827768,0.748186360187066,0.244016849960922,0.144,0.0306666666666667,FALSE,0,78
"MR-PCA","Hausdorff",0.729910954891623,0.229996485061511,0.74649009348245,0.245268582617051,0.141333333333333,0.0286666666666667,FALSE,0,78
"MR-PCA","Ichino-Yaguchi",0.715432337434095,0.268104276508494,0.72448324821461,0.293300165509055,0.142666666666667,0.0363333333333333,FALSE,0,78
"MR-PCA","Wasserstein",0.743961921499707,0.236959578207381,0.75099892797539,0.259353908284249,0.159333333333333,0.029,FALSE,0,78
"MR-PCA","Centers-Euclidean",0.843861745752783,0.133954305799649,0.843434626072504,0.148570072996847,0.228666666666667,0.0413333333333333,FALSE,0,78
"SPCA","Int-Euclidean",0.932005858230814,0.0558992384299941,0.927606687787839,0.0610012154115474,0.359333333333333,0.0713333333333333,FALSE,0,78
"SPCA","Hausdorff",0.949393673110721,0.031319273579379,0.942099229287534,0.038969935259416,0.369,0.0543333333333333,FALSE,0,78
"SPCA","Ichino-Yaguchi",0.929171646162859,0.057701230228471,0.924501766468734,0.0673265751108831,0.356,0.068,FALSE,0,78
"SPCA","Wasserstein",0.923523725834798,0.0560410076157001,0.92060170624315,0.0670748036143948,0.336,0.07,FALSE,0,78
"SPCA","Centers-Euclidean",0.843861745752783,0.133954305799649,0.843434626072504,0.148570072996847,0.228666666666667,0.0413333333333333,FALSE,0,78
"IMDS","Int-Euclidean",0.508561218512009,-0.10702050380785,0.500006077057737,-0.0966093456658382,0.0336666666666667,-0.00566666666666667,TRUE,0,78
"IMDS","Hausdorff",0.580437609841828,-0.0960972466315173,0.590885344488653,-0.119337127099932,0.0576666666666667,-0.002,TRUE,0,78
"IMDS","Ichino-Yaguchi",0.562855887521968,-0.0819320445225542,0.571609737139811,-0.100729276097075,0.0576666666666667,0.000333333333333331,TRUE,0,78
"IMDS","Wasserstein",0.558168717047452,-0.094647920328061,0.568603034337794,-0.114235576448496,0.055,-0.00533333333333334,TRUE,0,78
"IMDS","Centers-Euclidean",0.496521382542472,-0.00782893966022258,0.495344278331547,-0.0124431921371148,0.0336666666666667,0.00233333333333333,FALSE,0,78
"Int-UMAP","Int-Euclidean",0.78104510837727,-0.0954516695957821,0.785315084351895,-0.0775482629839252,0.176333333333333,0.0203333333333333,FALSE,0,78
"Int-UMAP","Hausdorff",0.896957234915056,-0.00894903339191566,0.897297050297344,0.00149925013544233,0.268,0.0186666666666667,FALSE,0,78
"Int-UMAP","Ichino-Yaguchi",0.863084944346807,0.0252419449326304,0.871017242816568,0.0336528282919929,0.268,0.031,FALSE,0,78
"Int-UMAP","Wasserstein",0.845685998828354,0.00295489162272988,0.857371657560675,0.0190797229838054,0.246666666666667,0.0263333333333333,FALSE,0,78
"Int-UMAP","Centers-Euclidean",0.597946104276509,-0.0872079671939074,0.604958985041549,-0.0832445209379471,0.113666666666667,0.0126666666666667,FALSE,0,78
"C-PCA","Int-Euclidean",0.935497949619215,0.0474481546572935,0.928919055924437,0.0555487106459275,0.354333333333333,0.0726666666666667,FALSE,0,79
"C-PCA","Hausdorff",0.944362038664323,0.0346666666666667,0.937054502234702,0.0408037467283138,0.353,0.0433333333333333,FALSE,0,79
"C-PCA","Ichino-Yaguchi",0.923117750439367,0.0629548916227299,0.918551612312424,0.0702965269503732,0.347666666666667,0.0553333333333333,FALSE,0,79
"C-PCA","Wasserstein",0.918083772700644,0.0619976567076742,0.914096804298169,0.0717400035585752,0.332666666666667,0.0743333333333333,FALSE,0,79
"C-PCA","Centers-Euclidean",0.825873462214411,0.146280023432923,0.825391444804549,0.166307485458277,0.209333333333333,0.0456666666666667,FALSE,0,79
"V-PCA","Int-Euclidean",0.935204452255419,0.047709431751611,0.928526994740279,0.0560177809013819,0.351666666666667,0.0633333333333333,FALSE,0,79
"V-PCA","Hausdorff",0.944410076157001,0.0344604569420035,0.937408099182004,0.0399735624576767,0.354,0.0463333333333333,FALSE,0,79
"V-PCA","Ichino-Yaguchi",0.923415934387815,0.0622601054481546,0.918315760757513,0.0706666095575224,0.349333333333333,0.058,FALSE,0,79
"V-PCA","Wasserstein",0.918359109548916,0.0614118336262449,0.9138368202918,0.072271967562006,0.332666666666667,0.0756666666666667,FALSE,0,79
"V-PCA","Centers-Euclidean",0.826234915055653,0.145601640304628,0.824986904044202,0.167068579945817,0.209666666666667,0.0493333333333333,FALSE,0,79
"MR-PCA","Int-Euclidean",0.722984182776801,0.217405975395431,0.731106033719265,0.244973939347325,0.132,0.0283333333333333,FALSE,0,79
"MR-PCA","Hausdorff",0.760570005858231,0.178923257176333,0.785163710577611,0.171183005178356,0.162,0.0283333333333333,FALSE,0,79
"MR-PCA","Ichino-Yaguchi",0.714684827182191,0.254407732864675,0.731796721996523,0.259648421062651,0.139333333333333,0.032,FALSE,0,79
"MR-PCA","Wasserstein",0.741124780316344,0.224241359109549,0.75137608551511,0.237934360714558,0.153333333333333,0.035,FALSE,0,79
"MR-PCA","Centers-Euclidean",0.825873462214411,0.146280023432923,0.825391444804549,0.166307485458277,0.209333333333333,0.0456666666666667,FALSE,0,79
"SPCA","Int-Euclidean",0.935497949619215,0.0474481546572935,0.928919055924437,0.0555487106459275,0.354333333333333,0.0726666666666667,FALSE,0,79
"SPCA","Hausdorff",0.944362038664323,0.0346666666666667,0.937054502234702,0.0408037467283138,0.353,0.0433333333333333,FALSE,0,79
"SPCA","Ichino-Yaguchi",0.923117750439367,0.0629548916227299,0.918551612312424,0.0702965269503732,0.347666666666667,0.0553333333333333,FALSE,0,79
"SPCA","Wasserstein",0.918083772700644,0.0619976567076742,0.914096804298169,0.0717400035585752,0.332666666666667,0.0743333333333333,FALSE,0,79
"SPCA","Centers-Euclidean",0.825873462214411,0.146280023432923,0.825391444804549,0.166307485458277,0.209333333333333,0.0456666666666667,FALSE,0,79
"IMDS","Int-Euclidean",0.545985354422964,-0.0161558289396603,0.537287311806563,-0.0137067887574202,0.0293333333333333,0.003,TRUE,0,79
"IMDS","Hausdorff",0.603987111892209,-0.0986783831282951,0.604699789356299,-0.116714860950748,0.0596666666666667,-0.007,TRUE,0,79
"IMDS","Ichino-Yaguchi",0.595441710603398,-0.082042179261863,0.594746720944917,-0.0968821063080582,0.0586666666666667,-0.00233333333333333,FALSE,0,79
"IMDS","Wasserstein",0.591121265377856,-0.0904346807264207,0.59209798424678,-0.101023626145119,0.0583333333333333,-0.000666666666666666,FALSE,0,79
"IMDS","Centers-Euclidean",0.51220093731693,-0.00163678968951375,0.508209661332028,-0.0133546279822833,0.0353333333333333,0.000666666666666666,FALSE,0,79
"Int-UMAP","Int-Euclidean",0.780272407732865,-0.0607838312829525,0.776935186340844,-0.042285936274485,0.176,0.0236666666666667,FALSE,0,79
"Int-UMAP","Hausdorff",0.914107791446983,0.0039156414762741,0.914329250029514,0.0131064979613417,0.300666666666667,0.0263333333333333,FALSE,0,79
"Int-UMAP","Ichino-Yaguchi",0.88383186877563,0.0296086701816052,0.891123174906119,0.0416974603164369,0.307333333333333,0.035,FALSE,0,79
"Int-UMAP","Wasserstein",0.869723491505565,0.017867603983597,0.879274948751451,0.0354687363511832,0.288333333333333,0.0336666666666667,FALSE,0,79
"Int-UMAP","Centers-Euclidean",0.623953134153486,-0.0918078500292911,0.631073420099318,-0.0745794640736658,0.134,0.0103333333333333,FALSE,0,79
"C-PCA","Int-Euclidean",0.929793204452255,0.0516988869361453,0.921929592101007,0.0651199330410635,0.343666666666667,0.063,FALSE,0,80
"C-PCA","Hausdorff",0.948412419449326,0.0314633860574107,0.94111619822584,0.0373242738579975,0.370333333333333,0.0716666666666667,FALSE,0,80
"C-PCA","Ichino-Yaguchi",0.928029876977153,0.056929115407147,0.923510255773742,0.0654271019427395,0.359,0.082,FALSE,0,80
"C-PCA","Wasserstein",0.923242530755712,0.0548904510837728,0.919686681886561,0.0643720565570893,0.343333333333333,0.074,FALSE,0,80
"C-PCA","Centers-Euclidean",0.836345635618043,0.139442296426479,0.841921560743788,0.14786428994374,0.218,0.0486666666666667,FALSE,0,80
"V-PCA","Int-Euclidean",0.93001640304628,0.0511493848857646,0.922142010484441,0.0647660528508286,0.344,0.0676666666666667,FALSE,0,80
"V-PCA","Hausdorff",0.948816637375513,0.0306549502050382,0.941210004600971,0.0370857418577635,0.368,0.073,FALSE,0,80
"V-PCA","Ichino-Yaguchi",0.927875805506737,0.0574223784417106,0.923589365755361,0.0654088300869395,0.359,0.0863333333333333,FALSE,0,80
"V-PCA","Wasserstein",0.922989455184534,0.0554270650263621,0.919618956121601,0.0643825434539948,0.342,0.0763333333333333,FALSE,0,80
"V-PCA","Centers-Euclidean",0.835185120093732,0.141545401288811,0.84189676201898,0.147760312921266,0.215666666666667,0.0466666666666667,FALSE,0,80
"MR-PCA","Int-Euclidean",0.732590509666081,0.213666080843585,0.741752755631353,0.239364904864916,0.141666666666667,0.0303333333333333,FALSE,0,80
"MR-PCA","Hausdorff",0.752234915055653,0.194482718219098,0.770325118367145,0.198746165665952,0.149333333333333,0.0253333333333333,FALSE,0,80
"MR-PCA","Ichino-Yaguchi",0.718493263034564,0.254282366725249,0.725424242647543,0.281287432012101,0.137333333333333,0.0313333333333333,FALSE,0,80
"MR-PCA","Wasserstein",0.747457527826596,0.225548916227299,0.752287625753338,0.246718235302877,0.158333333333333,0.0313333333333333,FALSE,0,80
"MR-PCA","Centers-Euclidean",0.836345635618043,0.139442296426479,0.841921560743788,0.14786428994374,0.218,0.0486666666666667,FALSE,0,80
"SPCA","Int-Euclidean",0.929793204452255,0.0516988869361453,0.921929592101007,0.0651199330410635,0.343666666666667,0.063,FALSE,0,80
"SPCA","Hausdorff",0.948412419449326,0.0314633860574107,0.94111619822584,0.0373242738579975,0.370333333333333,0.0716666666666667,FALSE,0,80
"SPCA","Ichino-Yaguchi",0.928029876977153,0.056929115407147,0.923510255773742,0.0654271019427395,0.359,0.082,FALSE,0,80
"SPCA","Wasserstein",0.923242530755712,0.0548904510837728,0.919686681886561,0.0643720565570893,0.343333333333333,0.074,FALSE,0,80
"SPCA","Centers-Euclidean",0.836345635618043,0.139442296426479,0.841921560743788,0.14786428994374,0.218,0.0486666666666667,FALSE,0,80
"IMDS","Int-Euclidean",0.556520210896309,-0.00505682483889869,0.550417281319184,-0.00553552027581877,0.0333333333333333,0.002,TRUE,0,80
"IMDS","Hausdorff",0.589397188049209,-0.0590685413005272,0.59756383366931,-0.081487166638803,0.048,-0.007,TRUE,0,80
"IMDS","Ichino-Yaguchi",0.584844756883421,-0.0503456356180433,0.588888915498884,-0.0656288676285259,0.0496666666666667,-0.000333333333333335,FALSE,0,80
"IMDS","Wasserstein",0.575366139425893,-0.0477656707674282,0.584121381187726,-0.0736953131968333,0.046,-0.00666666666666667,TRUE,0,80
"IMDS","Centers-Euclidean",0.512432923257176,0.0159847685998828,0.50889513379429,-0.00151554619907174,0.029,-0.00433333333333333,TRUE,0,80
"Int-UMAP","Int-Euclidean",0.769422964264792,-0.0786373755125952,0.776814983873575,-0.0602293438758042,0.166333333333333,-0.000333333333333338,FALSE,0,80
"Int-UMAP","Hausdorff",0.899667838312829,-0.00846983011130642,0.898699045248711,-0.00118333677983949,0.281666666666667,0.012,FALSE,0,80
"Int-UMAP","Ichino-Yaguchi",0.86584827182191,0.0242214411247804,0.869181237558228,0.0348518409178729,0.287666666666667,0.019,FALSE,0,80
"Int-UMAP","Wasserstein",0.850336848271822,0.00131575864089051,0.857059721120082,0.0214735801891449,0.269,0.00899999999999999,FALSE,0,80
"Int-UMAP","Centers-Euclidean",0.591125951962507,-0.0825588752196836,0.584331505994234,-0.0868004218093681,0.107666666666667,-0.00833333333333333,FALSE,0,80
"C-PCA","Int-Euclidean",0.9322460456942,0.049377855887522,0.926014873247636,0.0609478674877488,0.341666666666667,0.052,FALSE,0,81
"C-PCA","Hausdorff",0.945360281195079,0.0344792032806092,0.936769309607247,0.0454002560393304,0.342,0.0703333333333333,FALSE,0,81
"C-PCA","Ichino-Yaguchi",0.92469244288225,0.0639601640304628,0.918811927152681,0.0762638061740205,0.339,0.0666666666666667,FALSE,0,81
"C-PCA","Wasserstein",0.919768014059754,0.0616004686584652,0.914664450770459,0.0762330102214622,0.324,0.0643333333333333,FALSE,0,81
"C-PCA","Centers-Euclidean",0.838144698301113,0.135518453427065,0.832331681927243,0.168251586659365,0.214,0.0626666666666667,FALSE,0,81
"V-PCA","Int-Euclidean",0.93185237258348,0.0501792618629174,0.925477251293898,0.0616780585592867,0.341666666666667,0.0546666666666667,FALSE,0,81
"V-PCA","Hausdorff",0.945572934973638,0.0339367311072056,0.936766623021157,0.0451281893039178,0.344333333333333,0.07,FALSE,0,81
"V-PCA","Ichino-Yaguchi",0.924717633274751,0.0634270650263621,0.918733950910392,0.0762107698942084,0.338666666666667,0.0683333333333333,FALSE,0,81
"V-PCA","Wasserstein",0.919519625073228,0.0614622144112478,0.91480164013778,0.0756003023100189,0.326,0.0676666666666667,FALSE,0,81
"V-PCA","Centers-Euclidean",0.837513181019332,0.136762741652021,0.83283304801789,0.167193593704976,0.213,0.061,FALSE,0,81
"MR-PCA","Int-Euclidean",0.731009373169303,0.220734622144113,0.739180112262454,0.250425056299331,0.148666666666667,0.0373333333333333,FALSE,0,81
"MR-PCA","Hausdorff",0.728731107205624,0.216550673696544,0.74881529382885,0.22659593115769,0.133333333333333,0.0383333333333333,FALSE,0,81
"MR-PCA","Ichino-Yaguchi",0.715863503222027,0.258874048037493,0.727689709438806,0.277578243749504,0.142666666666667,0.0393333333333333,FALSE,0,81
"MR-PCA","Wasserstein",0.745030462800234,0.230482718219098,0.752523666904468,0.247909926597862,0.156333333333333,0.047,FALSE,0,81
"MR-PCA","Centers-Euclidean",0.838144698301113,0.135518453427065,0.832331681927243,0.168251586659365,0.214,0.0626666666666667,FALSE,0,81
"SPCA","Int-Euclidean",0.9322460456942,0.049377855887522,0.926014873247636,0.0609478674877488,0.341666666666667,0.052,FALSE,0,81
"SPCA","Hausdorff",0.945360281195079,0.0344792032806092,0.936769309607247,0.0454002560393304,0.342,0.0703333333333333,FALSE,0,81
"SPCA","Ichino-Yaguchi",0.92469244288225,0.0639601640304628,0.918811927152681,0.0762638061740205,0.339,0.0666666666666667,FALSE,0,81
"SPCA","Wasserstein",0.919768014059754,0.0616004686584652,0.914664450770459,0.0762330102214622,0.324,0.0643333333333333,FALSE,0,81
"SPCA","Centers-Euclidean",0.838144698301113,0.135518453427065,0.832331681927243,0.168251586659365,0.214,0.0626666666666667,FALSE,0,81
"IMDS","Int-Euclidean",0.453580550673697,-0.110814294083187,0.444882088806869,-0.0982520641040935,0.0326666666666667,0.00133333333333333,TRUE,0,81
"IMDS","Hausdorff",0.55281136496778,-0.0705038078500293,0.56518664327648,-0.0928232473518321,0.0496666666666667,-0.00066666666666667,TRUE,0,81
"IMDS","Ichino-Yaguchi",0.548243702401875,-0.0529654364381956,0.55516457412314,-0.0725036955910666,0.049,-0.00733333333333333,FALSE,0,81
"IMDS","Wasserstein",0.541903339191564,-0.0604674868189807,0.551164769399569,-0.0710993049725024,0.044,-0.006,TRUE,0,81
"IMDS","Centers-Euclidean",0.510982425307557,-1.28881077914311e-05,0.504777076297356,-0.00139521784605495,0.0353333333333333,0.000666666666666668,FALSE,0,81
"Int-UMAP","Int-Euclidean",0.80411482132396,-0.0746198008201523,0.800081167906564,-0.0583555160908852,0.187666666666667,0.0106666666666667,FALSE,0,81
"Int-UMAP","Hausdorff",0.904888693614528,-0.0153966022261277,0.903358122846989,-0.0065545254928619,0.292666666666667,0.0156666666666667,FALSE,0,81
"Int-UMAP","Ichino-Yaguchi",0.874867018160516,0.0191423550087874,0.877848860496024,0.0280909518390296,0.293666666666667,0.0213333333333333,FALSE,0,81
"Int-UMAP","Wasserstein",0.859101933216169,-0.0019015817223198,0.865569009722832,0.0123871775847223,0.281,0.0223333333333333,FALSE,0,81
"Int-UMAP","Centers-Euclidean",0.603762741652021,-0.0620398359695372,0.612214361015456,-0.0476727732000909,0.109333333333333,0.0156666666666667,FALSE,0,81
"C-PCA","Int-Euclidean",0.936462800234329,0.0461183362624488,0.928356280616527,0.0585950106565356,0.365,0.067,FALSE,0,82
"C-PCA","Hausdorff",0.949736965436438,0.0318441710603398,0.941647785339622,0.0403377069419696,0.379,0.076,FALSE,0,82
"C-PCA","Ichino-Yaguchi",0.933205623901582,0.0558828353837141,0.926192958596024,0.0680396656781565,0.381,0.075,FALSE,0,82
"C-PCA","Wasserstein",0.92700820152314,0.0539718804920915,0.920848205122537,0.0678009018639227,0.363666666666667,0.0856666666666667,FALSE,0,82
"C-PCA","Centers-Euclidean",0.842364381956649,0.137293497363796,0.841231073576689,0.153608918728929,0.229333333333333,0.044,FALSE,0,82
"V-PCA","Int-Euclidean",0.936462800234329,0.0462542472173404,0.928221748666647,0.0590046459517062,0.365333333333333,0.0663333333333334,FALSE,0,82
"V-PCA","Hausdorff",0.949925014645577,0.0314844756883421,0.942117304638752,0.0396532277489648,0.381333333333333,0.078,FALSE,0,82
"V-PCA","Ichino-Yaguchi",0.933239601640305,0.0558640890451083,0.926670892282789,0.0671243611490176,0.379666666666667,0.072,FALSE,0,82
"V-PCA","Wasserstein",0.927355008787346,0.0535571177504395,0.92141695386272,0.066908411823865,0.362333333333333,0.0833333333333333,FALSE,0,82
"V-PCA","Centers-Euclidean",0.843431165787932,0.135202108963093,0.843332340831672,0.149601203160715,0.231,0.0463333333333333,FALSE,0,82
"MR-PCA","Int-Euclidean",0.729244288224956,0.233511423550088,0.739830419615579,0.252980939209005,0.128333333333333,0.0276666666666667,FALSE,0,82
"MR-PCA","Hausdorff",0.735099589923843,0.229074399531341,0.749772737844618,0.241896091140054,0.142666666666667,0.0276666666666667,FALSE,0,82
"MR-PCA","Ichino-Yaguchi",0.720063268892794,0.265443468072642,0.728347986741467,0.289296946518361,0.141666666666667,0.0343333333333333,FALSE,0,82
"MR-PCA","Wasserstein",0.746487404803749,0.232613942589338,0.753559269082783,0.251941712442256,0.157,0.0313333333333333,FALSE,0,82
"MR-PCA","Centers-Euclidean",0.842364381956649,0.137293497363796,0.841231073576689,0.153608918728929,0.229333333333333,0.044,FALSE,0,82
"SPCA","Int-Euclidean",0.936462800234329,0.0461183362624488,0.928356280616527,0.0585950106565356,0.365,0.067,FALSE,0,82
"SPCA","Hausdorff",0.949736965436438,0.0318441710603398,0.941647785339622,0.0403377069419696,0.379,0.076,FALSE,0,82
"SPCA","Ichino-Yaguchi",0.933205623901582,0.0558828353837141,0.926192958596024,0.0680396656781565,0.381,0.075,FALSE,0,82
"SPCA","Wasserstein",0.92700820152314,0.0539718804920915,0.920848205122537,0.0678009018639227,0.363666666666667,0.0856666666666667,FALSE,0,82
"SPCA","Centers-Euclidean",0.842364381956649,0.137293497363796,0.841231073576689,0.153608918728929,0.229333333333333,0.044,FALSE,0,82
"IMDS","Int-Euclidean",0.496296426479203,-0.0768014059753954,0.485733712802105,-0.0710599549298317,0.0266666666666667,-0.00466666666666667,TRUE,0,82
"IMDS","Hausdorff",0.590693028705331,-0.0776414762741652,0.591594468119665,-0.0932330131383271,0.0646666666666667,-0.004,FALSE,0,82
"IMDS","Ichino-Yaguchi",0.573862917398946,-0.0508002343292325,0.576861563903214,-0.066544858388512,0.0603333333333333,-0.000999999999999997,FALSE,0,82
"IMDS","Wasserstein",0.568063268892794,-0.0649396602226127,0.571041770579979,-0.0767338973321893,0.0593333333333333,0.002,FALSE,0,82
"IMDS","Centers-Euclidean",0.502155243116579,0.0158137082601054,0.492164739002767,0.0092332130203322,0.0286666666666667,-0.002,FALSE,0,82
"Int-UMAP","Int-Euclidean",0.776726420620973,-0.0730849443468072,0.777855148642668,-0.0745076124800675,0.158,-0.00366666666666668,FALSE,0,82
"Int-UMAP","Hausdorff",0.900516110134739,0.00553368482718208,0.89917639095692,0.0132831110605521,0.273333333333333,0.0216666666666667,FALSE,0,82
"Int-UMAP","Ichino-Yaguchi",0.872150556531927,0.0390661980082015,0.874959625984231,0.0513528757140754,0.281666666666667,0.0243333333333333,FALSE,0,82
"Int-UMAP","Wasserstein",0.852833626244874,0.0248799062683071,0.858948491696837,0.0394332316575638,0.264666666666667,0.0323333333333333,FALSE,0,82
"Int-UMAP","Centers-Euclidean",0.594945518453427,-0.0707908611599297,0.598915043700009,-0.0802239645628549,0.112333333333333,-0.00433333333333333,FALSE,0,82
"C-PCA","Int-Euclidean",0.928115992970123,0.0546854130052724,0.923962715251197,0.0624716484569862,0.340333333333333,0.064,FALSE,0,83
"C-PCA","Hausdorff",0.947738137082601,0.0329970708845929,0.939260388990033,0.0424992834491098,0.362666666666667,0.072,FALSE,0,83
"C-PCA","Ichino-Yaguchi",0.925202108963093,0.0569818394844758,0.921121431695544,0.0680150135641894,0.354666666666667,0.0803333333333333,FALSE,0,83
"C-PCA","Wasserstein",0.92118043350908,0.0575618043350908,0.916401323304845,0.0703760053780848,0.333666666666667,0.0703333333333333,FALSE,0,83
"C-PCA","Centers-Euclidean",0.841953134153486,0.135906268306971,0.839957104431286,0.154193297259391,0.224333333333333,0.041,FALSE,0,83
"V-PCA","Int-Euclidean",0.92826244874048,0.0544698301113063,0.924379377887984,0.0617366000377964,0.34,0.065,FALSE,0,83
"V-PCA","Hausdorff",0.947554188635032,0.0333298183948448,0.93932342551087,0.0423461940977085,0.362333333333333,0.0706666666666667,FALSE,0,83
"V-PCA","Ichino-Yaguchi",0.925231985940246,0.0571118922085531,0.921114168701948,0.0681739796307648,0.355666666666667,0.0783333333333333,FALSE,0,83
"V-PCA","Wasserstein",0.921287639132982,0.0574434680726421,0.916992064438765,0.0692685255079068,0.334333333333333,0.0713333333333333,FALSE,0,83
"V-PCA","Centers-Euclidean",0.841478617457528,0.136988869361453,0.840202306073389,0.153702553162549,0.222,0.0376666666666667,FALSE,0,83
"MR-PCA","Int-Euclidean",0.736009373169303,0.213009958992384,0.74613755658526,0.235131387108962,0.143666666666667,0.0233333333333333,FALSE,0,83
"MR-PCA","Hausdorff",0.741216168717048,0.210854130052724,0.757587946163271,0.223725917250385,0.136333333333333,0.0386666666666667,FALSE,0,83
"MR-PCA","Ichino-Yaguchi",0.722596367896895,0.254355008787346,0.732790628358712,0.275274701892569,0.138666666666667,0.036,FALSE,0,83
"MR-PCA","Wasserstein",0.749487404803749,0.227220855301699,0.756697659123807,0.245788128451975,0.156666666666667,0.028,FALSE,0,83
"MR-PCA","Centers-Euclidean",0.841953134153486,0.135906268306971,0.839957104431286,0.154193297259391,0.224333333333333,0.041,FALSE,0,83
"SPCA","Int-Euclidean",0.928115992970123,0.0546854130052724,0.923962715251197,0.0624716484569862,0.340333333333333,0.064,FALSE,0,83
"SPCA","Hausdorff",0.947738137082601,0.0329970708845929,0.939260388990033,0.0424992834491098,0.362666666666667,0.072,FALSE,0,83
"SPCA","Ichino-Yaguchi",0.925202108963093,0.0569818394844758,0.921121431695544,0.0680150135641894,0.354666666666667,0.0803333333333333,FALSE,0,83
"SPCA","Wasserstein",0.92118043350908,0.0575618043350908,0.916401323304845,0.0703760053780848,0.333666666666667,0.0703333333333333,FALSE,0,83
"SPCA","Centers-Euclidean",0.841953134153486,0.135906268306971,0.839957104431286,0.154193297259391,0.224333333333333,0.041,FALSE,0,83
"IMDS","Int-Euclidean",0.529608670181605,-0.0748260105448155,0.5165762860726,-0.0525469787957739,0.0323333333333333,-0.000999999999999999,FALSE,0,83
"IMDS","Hausdorff",0.580719390743995,-0.0964780316344463,0.58795002274387,-0.112419160240737,0.0493333333333333,-0.00566666666666667,TRUE,0,83
"IMDS","Ichino-Yaguchi",0.569369068541301,-0.0788553016988869,0.570671627332743,-0.090030461280691,0.0523333333333333,-0.00166666666666667,FALSE,0,83
"IMDS","Wasserstein",0.565694200351494,-0.0819261862917399,0.569243363710178,-0.0979559992465278,0.0506666666666667,-0.0103333333333333,FALSE,0,83
"IMDS","Centers-Euclidean",0.500562975981254,0.00388166373755117,0.492339453069409,0.0118413630786004,0.038,-0.000666666666666666,FALSE,0,83
"Int-UMAP","Int-Euclidean",0.762302284710018,-0.0965741066198008,0.765835441535818,-0.0884288337928931,0.158666666666667,0.0173333333333333,FALSE,0,83
"Int-UMAP","Hausdorff",0.899169302870533,0.00660105448154646,0.899332275125452,0.0128538391238475,0.269333333333333,0.0223333333333333,FALSE,0,83
"Int-UMAP","Ichino-Yaguchi",0.864732864674868,0.0355723491505565,0.870089999866438,0.0472358498662004,0.272,0.026,FALSE,0,83
"Int-UMAP","Wasserstein",0.849414176918571,0.0197211482132396,0.857533063815017,0.0334648240677585,0.250333333333333,0.03,FALSE,0,83
"Int-UMAP","Centers-Euclidean",0.588842413591095,-0.0769560632688928,0.587814363195429,-0.0867662468991039,0.110333333333333,-0.00733333333333333,FALSE,0,83
"C-PCA","Int-Euclidean",0.933858816637376,0.0505577035735209,0.928511353436059,0.0581876689382903,0.346,0.0556666666666667,FALSE,0,84
"C-PCA","Hausdorff",0.947751025190392,0.0325869947275922,0.939697447420824,0.0404741809097947,0.358666666666667,0.065,FALSE,0,84
"C-PCA","Ichino-Yaguchi",0.926270064440539,0.0618570591681312,0.921037845861498,0.0705649261119741,0.347666666666667,0.0633333333333333,FALSE,0,84
"C-PCA","Wasserstein",0.920891036906854,0.0609572349150556,0.91664524766716,0.072425789200016,0.327333333333333,0.0676666666666667,FALSE,0,84
"C-PCA","Centers-Euclidean",0.838301113063855,0.140112478031635,0.83653998185096,0.159173730469095,0.224,0.045,FALSE,0,84
"V-PCA","Int-Euclidean",0.933956649091974,0.0503057996485062,0.929737985702142,0.0557168847944293,0.342333333333333,0.048,FALSE,0,84
"V-PCA","Hausdorff",0.9479589923843,0.0320609256004687,0.940508289039205,0.038946561960428,0.362333333333333,0.0643333333333333,FALSE,0,84
"V-PCA","Ichino-Yaguchi",0.92674575278266,0.0611751611013475,0.921899702679355,0.0691560987883804,0.346333333333333,0.0676666666666667,FALSE,0,84
"V-PCA","Wasserstein",0.921342120679555,0.0602026947861746,0.917842088763883,0.0703354578856138,0.327333333333333,0.0693333333333333,FALSE,0,84
"V-PCA","Centers-Euclidean",0.83873755125952,0.13911072056239,0.837808174836268,0.156381206915795,0.22,0.045,FALSE,0,84
"MR-PCA","Int-Euclidean",0.73614352665495,0.22875805506737,0.743376072312458,0.255049851523901,0.141,0.035,FALSE,0,84
"MR-PCA","Hausdorff",0.74225424721734,0.212288224956063,0.75766053157867,0.226500144384812,0.145333333333333,0.0356666666666667,FALSE,0,84
"MR-PCA","Ichino-Yaguchi",0.719565905096661,0.257906268306971,0.724703124561031,0.288932700711393,0.147666666666667,0.033,FALSE,0,84
"MR-PCA","Wasserstein",0.745967779730521,0.229728178090217,0.749238139451626,0.254332543784061,0.158333333333333,0.0413333333333333,FALSE,0,84
"MR-PCA","Centers-Euclidean",0.838301113063855,0.140112478031635,0.83653998185096,0.159173730469095,0.224,0.045,FALSE,0,84
"SPCA","Int-Euclidean",0.933858816637376,0.0505577035735209,0.928511353436059,0.0581876689382903,0.346,0.0556666666666667,FALSE,0,84
"SPCA","Hausdorff",0.947751025190392,0.0325869947275922,0.939697447420824,0.0404741809097947,0.358666666666667,0.065,FALSE,0,84
"SPCA","Ichino-Yaguchi",0.926270064440539,0.0618570591681312,0.921037845861498,0.0705649261119741,0.347666666666667,0.0633333333333333,FALSE,0,84
"SPCA","Wasserstein",0.920891036906854,0.0609572349150556,0.91664524766716,0.072425789200016,0.327333333333333,0.0676666666666667,FALSE,0,84
"SPCA","Centers-Euclidean",0.838301113063855,0.140112478031635,0.83653998185096,0.159173730469095,0.224,0.045,FALSE,0,84
"IMDS","Int-Euclidean",0.495719390743995,-0.0774469830111306,0.480982406238529,-0.0610428713126798,0.0276666666666667,0.00466666666666667,TRUE,0,84
"IMDS","Hausdorff",0.574152899824253,-0.106428822495606,0.581807305610528,-0.108369377339921,0.053,-0.00233333333333333,TRUE,0,84
"IMDS","Ichino-Yaguchi",0.563792618629174,-0.0875641476274165,0.565804565753273,-0.0887475611555268,0.052,0.00333333333333333,FALSE,0,84
"IMDS","Wasserstein",0.559023432923257,-0.0874926772114821,0.564171829901335,-0.0952887703925318,0.0483333333333333,-0.00166666666666667,FALSE,0,84
"IMDS","Centers-Euclidean",0.507999414176919,-0.0060702987697715,0.505682347578841,-0.00353170317430124,0.0336666666666667,0.002,TRUE,0,84
"Int-UMAP","Int-Euclidean",0.784074399531342,-0.0806080843585236,0.790491702056682,-0.0697219168469366,0.164,0.0106666666666667,FALSE,0,84
"Int-UMAP","Hausdorff",0.893682483889865,-0.00611130638547164,0.893078971200258,-0.00118017121382875,0.265666666666667,0.0216666666666667,FALSE,0,84
"Int-UMAP","Ichino-Yaguchi",0.860169888693615,0.0333966022261276,0.867170789194643,0.037035361460201,0.271333333333333,0.0176666666666667,FALSE,0,84
"Int-UMAP","Wasserstein",0.842398945518453,0.00884710017574686,0.853431288564984,0.0203731883006698,0.256666666666667,0.029,FALSE,0,84
"Int-UMAP","Centers-Euclidean",0.586234329232572,-0.0824323374340948,0.592016269811845,-0.0755129575582341,0.101,0.00133333333333334,FALSE,0,84
"C-PCA","Int-Euclidean",0.928871118922086,0.0550029291154072,0.92212851154073,0.0689603019292912,0.357,0.0816666666666667,FALSE,0,85
"C-PCA","Hausdorff",0.946641476274165,0.0309935559461043,0.938575117637929,0.0402183534359057,0.365666666666667,0.0666666666666667,FALSE,0,85
"C-PCA","Ichino-Yaguchi",0.925808435852373,0.0583093145869947,0.919303025878886,0.0727772775610342,0.354,0.0866666666666667,FALSE,0,85
"C-PCA","Wasserstein",0.920487990626831,0.0565354422964265,0.91511769319586,0.0719568340839655,0.339,0.073,FALSE,0,85
"C-PCA","Centers-Euclidean",0.840550087873462,0.137369654364382,0.839265443609863,0.155569437273818,0.227666666666667,0.0416666666666667,FALSE,0,85
"V-PCA","Int-Euclidean",0.92815582893966,0.0561616871704745,0.922423784239196,0.0682046220641179,0.354,0.0806666666666667,FALSE,0,85
"V-PCA","Hausdorff",0.946302870533099,0.0317152899824253,0.938722394752222,0.039819571948541,0.365,0.0603333333333333,FALSE,0,85
"V-PCA","Ichino-Yaguchi",0.925301113063855,0.0592677211482132,0.919341259836935,0.0726641646106607,0.352333333333333,0.084,FALSE,0,85
"V-PCA","Wasserstein",0.919929701230229,0.0576660808435853,0.914883191074762,0.0724849432201544,0.337,0.0716666666666667,FALSE,0,85
"V-PCA","Centers-Euclidean",0.839933801991798,0.138777973052138,0.838107400654268,0.157987278784582,0.225333333333333,0.0433333333333333,FALSE,0,85
"MR-PCA","Int-Euclidean",0.734945518453427,0.227603983596954,0.742511198074624,0.255712159473294,0.130333333333333,0.0283333333333333,FALSE,0,85
"MR-PCA","Hausdorff",0.745202694786175,0.197643819566491,0.766103187473201,0.20149306791705,0.150666666666667,0.039,FALSE,0,85
"MR-PCA","Ichino-Yaguchi",0.716113649677797,0.25503690685413,0.73075569982267,0.269244432203847,0.138666666666667,0.0366666666666667,FALSE,0,85
"MR-PCA","Wasserstein",0.745984182776801,0.226210896309315,0.756002559472189,0.239680204143698,0.16,0.0356666666666667,FALSE,0,85
"MR-PCA","Centers-Euclidean",0.840550087873462,0.137369654364382,0.839265443609863,0.155569437273818,0.227666666666667,0.0416666666666667,FALSE,0,85
"SPCA","Int-Euclidean",0.928871118922086,0.0550029291154072,0.92212851154073,0.0689603019292912,0.357,0.0816666666666667,FALSE,0,85
"SPCA","Hausdorff",0.946641476274165,0.0309935559461043,0.938575117637929,0.0402183534359057,0.365666666666667,0.0666666666666667,FALSE,0,85
"SPCA","Ichino-Yaguchi",0.925808435852373,0.0583093145869947,0.919303025878886,0.0727772775610342,0.354,0.0866666666666667,FALSE,0,85
"SPCA","Wasserstein",0.920487990626831,0.0565354422964265,0.91511769319586,0.0719568340839655,0.339,0.073,FALSE,0,85
"SPCA","Centers-Euclidean",0.840550087873462,0.137369654364382,0.839265443609863,0.155569437273818,0.227666666666667,0.0416666666666667,FALSE,0,85
"IMDS","Int-Euclidean",0.543634446397188,-0.0726069127123607,0.536364682876145,-0.0782025894698414,0.0413333333333333,0.003,TRUE,0,85
"IMDS","Hausdorff",0.56872934973638,-0.0739789103690686,0.57254733879831,-0.0981024765257622,0.0493333333333333,-0.00133333333333333,TRUE,0,85
"IMDS","Ichino-Yaguchi",0.557256004686585,-0.0605366139425894,0.559119049230999,-0.0829126630776947,0.0496666666666667,-0.003,FALSE,0,85
"IMDS","Wasserstein",0.55276215582894,-0.0569595782073814,0.553868766103205,-0.0759978080527885,0.0413333333333333,-0.00066666666666667,FALSE,0,85
"IMDS","Centers-Euclidean",0.501557117750439,-0.0119039250146457,0.491935208601128,-0.012022311560165,0.029,-0.001,FALSE,0,85
"Int-UMAP","Int-Euclidean",0.780248388986526,-0.0621769185705917,0.780497148150485,-0.067498398410892,0.158333333333333,0.00566666666666667,FALSE,0,85
"Int-UMAP","Hausdorff",0.90007381370826,-0.0109267721148213,0.898431597138586,-0.00222920018182814,0.290666666666667,0.018,FALSE,0,85
"Int-UMAP","Ichino-Yaguchi",0.870616871704745,0.0231505565319273,0.874970214971408,0.0327362633701795,0.297333333333333,0.0176666666666667,FALSE,0,85
"Int-UMAP","Wasserstein",0.857361452841242,0.00773520796719385,0.862829982239363,0.021701972245877,0.277,0.0116666666666667,FALSE,0,85
"Int-UMAP","Centers-Euclidean",0.610667252489748,-0.0959121265377857,0.61273627104614,-0.103099196587944,0.120666666666667,0.00866666666666667,FALSE,0,85
"C-PCA","Int-Euclidean",0.927803749267721,0.0535946104276508,0.919970666317871,0.0667192423888632,0.347,0.08,FALSE,0,86
"C-PCA","Hausdorff",0.945957820738137,0.031634446397188,0.937287724005629,0.0410052069108819,0.373666666666667,0.0756666666666667,FALSE,0,86
"C-PCA","Ichino-Yaguchi",0.922193907439953,0.0557270064440539,0.915494437001322,0.0721497616691099,0.358666666666667,0.0716666666666667,FALSE,0,86
"C-PCA","Wasserstein",0.919410076157001,0.05599179847686,0.913006458706481,0.0720922902194603,0.346666666666667,0.076,FALSE,0,86
"C-PCA","Centers-Euclidean",0.830974223784417,0.14172114821324,0.832944003255835,0.154851744200774,0.211333333333333,0.0296666666666667,FALSE,0,86
"V-PCA","Int-Euclidean",0.927739308728764,0.0535477445811364,0.919930105776268,0.0665975860947217,0.346,0.076,FALSE,0,86
"V-PCA","Hausdorff",0.94600820152314,0.0314329232571764,0.937305328820483,0.0408985954988476,0.372666666666667,0.0733333333333333,FALSE,0,86
"V-PCA","Ichino-Yaguchi",0.922391329818395,0.0552173403632102,0.915961051717089,0.0711091639758588,0.357666666666667,0.0713333333333333,FALSE,0,86
"V-PCA","Wasserstein",0.919580550673696,0.0554961921499707,0.913558651167982,0.0709353925171362,0.346333333333333,0.077,FALSE,0,86
"V-PCA","Centers-Euclidean",0.831350908025776,0.140787346221441,0.832090039627912,0.156378604765267,0.211,0.0296666666666667,FALSE,0,86
"MR-PCA","Int-Euclidean",0.736690099589924,0.21226244874048,0.745284586994191,0.233971119660084,0.126,0.029,FALSE,0,86
"MR-PCA","Hausdorff",0.73734036321031,0.202608084358524,0.754608183678974,0.212709171836042,0.143666666666667,0.0236666666666667,FALSE,0,86
"MR-PCA","Ichino-Yaguchi",0.711500878734622,0.257694200351494,0.721331391468907,0.280727958902295,0.139,0.0266666666666667,FALSE,0,86
"MR-PCA","Wasserstein",0.740650849443468,0.230332747510252,0.747212537974894,0.251721344834378,0.159,0.0313333333333333,FALSE,0,86
"MR-PCA","Centers-Euclidean",0.830974223784417,0.14172114821324,0.832944003255835,0.154851744200774,0.211333333333333,0.0296666666666667,FALSE,0,86
"SPCA","Int-Euclidean",0.927803749267721,0.0535946104276508,0.919970666317871,0.0667192423888632,0.347,0.08,FALSE,0,86
"SPCA","Hausdorff",0.945957820738137,0.031634446397188,0.937287724005629,0.0410052069108819,0.373666666666667,0.0756666666666667,FALSE,0,86
"SPCA","Ichino-Yaguchi",0.922193907439953,0.0557270064440539,0.915494437001322,0.0721497616691099,0.358666666666667,0.0716666666666667,FALSE,0,86
"SPCA","Wasserstein",0.919410076157001,0.05599179847686,0.913006458706481,0.0720922902194603,0.346666666666667,0.076,FALSE,0,86
"SPCA","Centers-Euclidean",0.830974223784417,0.14172114821324,0.832944003255835,0.154851744200774,0.211333333333333,0.0296666666666667,FALSE,0,86
"IMDS","Int-Euclidean",0.513364967779731,-0.0930193321616872,0.50487922797648,-0.0822207612311197,0.0286666666666667,-0.00633333333333333,TRUE,0,86
"IMDS","Hausdorff",0.59109431751611,-0.094158172231986,0.597567641713195,-0.114395772203905,0.0593333333333333,-0.003,TRUE,0,86
"IMDS","Ichino-Yaguchi",0.573482718219098,-0.06604920913884,0.579741355448696,-0.0898319993282,0.057,-0.006,FALSE,0,86
"IMDS","Wasserstein",0.564638547158758,-0.0738582308142941,0.574295013711568,-0.0898092094021916,0.056,-0.00366666666666667,FALSE,0,86
"IMDS","Centers-Euclidean",0.507658465143527,0.0146772114821323,0.500701432318832,0.0176533760485171,0.038,-0.000666666666666666,FALSE,0,86
"Int-UMAP","Int-Euclidean",0.755263620386643,-0.101547744581136,0.759048896327406,-0.0787865534984493,0.154,0.0223333333333333,FALSE,0,86
"Int-UMAP","Hausdorff",0.899606326889279,-0.00796016403046274,0.899008300476385,0.00408608712245596,0.284666666666667,0.0173333333333333,FALSE,0,86
"Int-UMAP","Ichino-Yaguchi",0.865169888693615,0.0238652606912713,0.872086794231915,0.039985704291614,0.287,0.014,FALSE,0,86
"Int-UMAP","Wasserstein",0.850828939660223,0.00609607498535436,0.860200357147079,0.0221332092284079,0.266333333333333,0.0166666666666667,FALSE,0,86
"Int-UMAP","Centers-Euclidean",0.602419449326304,-0.0897293497363797,0.612310255251777,-0.0877742033389506,0.109333333333333,-0.000666666666666663,FALSE,0,86
"C-PCA","Int-Euclidean",0.927649091974224,0.0536555360281196,0.921114101153497,0.0648862276846402,0.343333333333333,0.0723333333333333,FALSE,0,87
"C-PCA","Hausdorff",0.943752196836555,0.033784417106034,0.933758907759981,0.0442819837690285,0.349333333333333,0.06,FALSE,0,87
"C-PCA","Ichino-Yaguchi",0.92100410076157,0.0614317516110134,0.913658707309955,0.0758440155834275,0.345,0.0683333333333333,FALSE,0,87
"C-PCA","Wasserstein",0.916704159343878,0.0597445811364967,0.909454908569335,0.0763031255128501,0.321666666666667,0.072,FALSE,0,87
"C-PCA","Centers-Euclidean",0.82706561218512,0.146721734036321,0.827120778010769,0.160948613591086,0.209333333333333,0.034,FALSE,0,87
"V-PCA","Int-Euclidean",0.92871704745167,0.0516250732278851,0.920911412049692,0.0652251105837215,0.343,0.0676666666666667,FALSE,0,87
"V-PCA","Hausdorff",0.943752782659637,0.0339097832454599,0.934066959397087,0.0439031352152639,0.351333333333333,0.0596666666666667,FALSE,0,87
"V-PCA","Ichino-Yaguchi",0.921563561804335,0.0607533684827182,0.91373726769282,0.0758384059916704,0.344333333333333,0.0673333333333333,FALSE,0,87
"V-PCA","Wasserstein",0.917237258347979,0.0590908025776216,0.909995653871301,0.0753119011311756,0.321,0.0676666666666667,FALSE,0,87
"V-PCA","Centers-Euclidean",0.828071470415934,0.144353837141183,0.828286690360821,0.15845186934963,0.206666666666667,0.0313333333333333,FALSE,0,87
"MR-PCA","Int-Euclidean",0.733142355008787,0.210200351493849,0.742848103646342,0.238659998406471,0.135333333333333,0.0226666666666667,FALSE,0,87
"MR-PCA","Hausdorff",0.783715289982425,0.143374340949033,0.807937738904668,0.134927410746621,0.162333333333333,0.0163333333333333,FALSE,0,87
"MR-PCA","Ichino-Yaguchi",0.725821323960164,0.235122437024019,0.752680294105952,0.216337410956942,0.135666666666667,0.0166666666666667,FALSE,0,87
"MR-PCA","Wasserstein",0.752140597539543,0.209031048623316,0.767950662918956,0.206662736575014,0.150666666666667,0.0136666666666667,FALSE,0,87
"MR-PCA","Centers-Euclidean",0.82706561218512,0.146721734036321,0.827120778010769,0.160948613591086,0.209333333333333,0.034,FALSE,0,87
"SPCA","Int-Euclidean",0.927649091974224,0.0536555360281196,0.921114101153497,0.0648862276846402,0.343333333333333,0.0723333333333333,FALSE,0,87
"SPCA","Hausdorff",0.943752196836555,0.033784417106034,0.933758907759981,0.0442819837690285,0.349333333333333,0.06,FALSE,0,87
"SPCA","Ichino-Yaguchi",0.92100410076157,0.0614317516110134,0.913658707309955,0.0758440155834275,0.345,0.0683333333333333,FALSE,0,87
"SPCA","Wasserstein",0.916704159343878,0.0597445811364967,0.909454908569335,0.0763031255128501,0.321666666666667,0.072,FALSE,0,87
"SPCA","Centers-Euclidean",0.82706561218512,0.146721734036321,0.827120778010769,0.160948613591086,0.209333333333333,0.034,FALSE,0,87
"IMDS","Int-Euclidean",0.554276508494435,-0.0381581722319859,0.535899204970092,-0.027041651142037,0.033,-0.004,TRUE,0,87
"IMDS","Hausdorff",0.60071704745167,-0.06798359695372,0.6038612536409,-0.0814569924390256,0.057,0.004,TRUE,0,87
"IMDS","Ichino-Yaguchi",0.592048037492677,-0.042282366725249,0.593885783707099,-0.0477794890051848,0.0636666666666667,-0.00366666666666667,TRUE,0,87
"IMDS","Wasserstein",0.583452255418863,-0.0442753368482718,0.588046936347714,-0.0606331930321318,0.0546666666666667,-0.007,FALSE,0,87
"IMDS","Centers-Euclidean",0.511472173403632,0.00451903925014641,0.510310057365521,-0.00462698133805189,0.0383333333333333,0.000333333333333331,TRUE,0,87
"Int-UMAP","Int-Euclidean",0.766118336262449,-0.0915899238429995,0.764350164718431,-0.0704424715179656,0.156666666666667,0.027,FALSE,0,87
"Int-UMAP","Hausdorff",0.90420093731693,0.0115723491505566,0.901992334632566,0.0184692646107682,0.258666666666667,0.0313333333333333,FALSE,0,87
"Int-UMAP","Ichino-Yaguchi",0.866148799062683,0.0456473345049795,0.871438172519663,0.0580576934384203,0.255666666666667,0.0346666666666667,FALSE,0,87
"Int-UMAP","Wasserstein",0.848238429994142,0.0283128295254833,0.857064722008191,0.0443908365614584,0.240666666666667,0.0313333333333333,FALSE,0,87
"Int-UMAP","Centers-Euclidean",0.586471001757469,-0.06302050380785,0.59169703276545,-0.0527235197409578,0.0986666666666667,0.008,FALSE,0,87
"C-PCA","Int-Euclidean",0.933756297598125,0.0519039250146456,0.928267088261108,0.0592304005484934,0.351333333333333,0.0576666666666667,FALSE,0,88
"C-PCA","Hausdorff",0.947753368482718,0.0305014645577035,0.939450233909537,0.0394059236613471,0.361666666666667,0.0696666666666667,FALSE,0,88
"C-PCA","Ichino-Yaguchi",0.928867018160516,0.0588471001757469,0.922527860281557,0.0703827264488874,0.357666666666667,0.0783333333333333,FALSE,0,88
"C-PCA","Wasserstein",0.922787932044523,0.0564885764499121,0.917960951776087,0.070601136686899,0.335333333333333,0.0823333333333333,FALSE,0,88
"C-PCA","Centers-Euclidean",0.830357937902753,0.150644405389572,0.828753010319714,0.168334586817644,0.194,0.059,FALSE,0,88
"V-PCA","Int-Euclidean",0.933694786174575,0.05199179847686,0.928359680299326,0.0590639826596987,0.349,0.0543333333333333,FALSE,0,88
"V-PCA","Hausdorff",0.947504393673111,0.0308447568834213,0.939217226297901,0.0398097175507607,0.361333333333333,0.0676666666666667,FALSE,0,88
"V-PCA","Ichino-Yaguchi",0.92914762741652,0.0582741652021089,0.922865650891494,0.0697047626109503,0.357666666666667,0.078,FALSE,0,88
"V-PCA","Wasserstein",0.92284007029877,0.0563257176332748,0.918136006655365,0.0702096596433165,0.335,0.0813333333333333,FALSE,0,88
"V-PCA","Centers-Euclidean",0.830561218512009,0.150458113649678,0.829577381585648,0.166954392361007,0.195333333333333,0.0593333333333333,FALSE,0,88
"MR-PCA","Int-Euclidean",0.725888107791447,0.231279437609842,0.730447958294359,0.264015736946684,0.140333333333333,0.0243333333333333,FALSE,0,88
"MR-PCA","Hausdorff",0.731541300527241,0.222637375512595,0.74936846958086,0.230585843103679,0.135,0.0173333333333333,FALSE,0,88
"MR-PCA","Ichino-Yaguchi",0.710538371411834,0.268697129466901,0.716274134178549,0.298848490821778,0.128333333333333,0.021,FALSE,0,88
"MR-PCA","Wasserstein",0.737870533099004,0.242597539543058,0.740926146055408,0.267552051837909,0.143666666666667,0.0203333333333333,FALSE,0,88
"MR-PCA","Centers-Euclidean",0.830357937902753,0.150644405389572,0.828753010319714,0.168334586817644,0.194,0.059,FALSE,0,88
"SPCA","Int-Euclidean",0.933756297598125,0.0519039250146456,0.928267088261108,0.0592304005484934,0.351333333333333,0.0576666666666667,FALSE,0,88
"SPCA","Hausdorff",0.947753368482718,0.0305014645577035,0.939450233909537,0.0394059236613471,0.361666666666667,0.0696666666666667,FALSE,0,88
"SPCA","Ichino-Yaguchi",0.928867018160516,0.0588471001757469,0.922527860281557,0.0703827264488874,0.357666666666667,0.0783333333333333,FALSE,0,88
"SPCA","Wasserstein",0.922787932044523,0.0564885764499121,0.917960951776087,0.070601136686899,0.335333333333333,0.0823333333333333,FALSE,0,88
"SPCA","Centers-Euclidean",0.830357937902753,0.150644405389572,0.828753010319714,0.168334586817644,0.194,0.059,FALSE,0,88
"IMDS","Int-Euclidean",0.481080843585237,-0.0810111306385471,0.471721068499809,-0.0722082064305204,0.035,0.000666666666666666,TRUE,0,88
"IMDS","Hausdorff",0.581271821909783,-0.101491505565319,0.584246992136593,-0.116855189785815,0.0546666666666667,-0.001,TRUE,0,88
"IMDS","Ichino-Yaguchi",0.575438781487991,-0.0874422964264792,0.575327239234965,-0.0971276433896242,0.0543333333333333,-0.00133333333333333,FALSE,0,88
"IMDS","Wasserstein",0.569367311072056,-0.0836133567662566,0.570507740975642,-0.0991525233260918,0.052,0.003,FALSE,0,88
"IMDS","Centers-Euclidean",0.50706561218512,0.0083057996485062,0.497832946695215,0.00749421961812713,0.0353333333333333,-0.004,FALSE,0,88
"Int-UMAP","Int-Euclidean",0.769205623901582,-0.104044522554189,0.769861485761938,-0.0964485941709065,0.163333333333333,-0.00366666666666667,FALSE,0,88
"Int-UMAP","Hausdorff",0.897821909783245,-0.00378676039835968,0.896531454626708,0.00429096310733923,0.263333333333333,0.00866666666666667,FALSE,0,88
"Int-UMAP","Ichino-Yaguchi",0.863767428236673,0.0342999414176919,0.868302460621172,0.0425441832110476,0.270666666666667,0.013,FALSE,0,88
"Int-UMAP","Wasserstein",0.84428295254833,0.00525717633274747,0.853058282184572,0.0231562381838187,0.249,0.0156666666666667,FALSE,0,88
"Int-UMAP","Centers-Euclidean",0.587606326889279,-0.085103690685413,0.592479870945615,-0.10252426716456,0.096,-0.0153333333333333,FALSE,0,88
"C-PCA","Int-Euclidean",0.927560046865846,0.0570837727006445,0.920529158439956,0.0686237709444333,0.338666666666667,0.0653333333333333,FALSE,0,89
"C-PCA","Hausdorff",0.946590509666081,0.0333825424721734,0.938934463111868,0.0417636900367418,0.361333333333333,0.0703333333333333,FALSE,0,89
"C-PCA","Ichino-Yaguchi",0.925012888107791,0.0634903339191565,0.919941631998192,0.0742873446596733,0.359333333333333,0.077,FALSE,0,89
"C-PCA","Wasserstein",0.919804920913884,0.0610392501464558,0.915450481382496,0.0748078453840536,0.337,0.0903333333333333,FALSE,0,89
"C-PCA","Centers-Euclidean",0.832755711775044,0.145661394258934,0.834761049659932,0.160985955602553,0.212333333333333,0.0433333333333333,FALSE,0,89
"V-PCA","Int-Euclidean",0.927386643233743,0.0577937902753369,0.920575782990164,0.0688124813570115,0.340333333333333,0.0676666666666667,FALSE,0,89
"V-PCA","Hausdorff",0.946500878734622,0.0335313415348565,0.938839806240341,0.0419088854306129,0.361333333333333,0.0713333333333333,FALSE,0,89
"V-PCA","Ichino-Yaguchi",0.925177504393673,0.0636953719976567,0.91992430121512,0.0746443689232301,0.359333333333333,0.075,FALSE,0,89
"V-PCA","Wasserstein",0.920023432923257,0.061195079086116,0.915212098295891,0.0756053101064917,0.336,0.0876666666666667,FALSE,0,89
"V-PCA","Centers-Euclidean",0.833646748681898,0.143591095489162,0.834586500626435,0.161092760448786,0.213333333333333,0.045,FALSE,0,89
"MR-PCA","Int-Euclidean",0.733553016988869,0.227002929115407,0.741369679158678,0.249979658705314,0.136,0.0286666666666667,FALSE,0,89
"MR-PCA","Hausdorff",0.725740480374927,0.22270064440539,0.736451588563003,0.25286629874254,0.124333333333333,0.0333333333333333,FALSE,0,89
"MR-PCA","Ichino-Yaguchi",0.719503222026948,0.253270064440539,0.726355009631027,0.283806783491711,0.137333333333333,0.0306666666666667,FALSE,0,89
"MR-PCA","Wasserstein",0.746521382542472,0.226683069712947,0.751117862374024,0.250965603561523,0.156333333333333,0.0333333333333333,FALSE,0,89
"MR-PCA","Centers-Euclidean",0.832755711775044,0.145661394258934,0.834761049659932,0.160985955602553,0.212333333333333,0.0433333333333333,FALSE,0,89
"SPCA","Int-Euclidean",0.927560046865846,0.0570837727006445,0.920529158439956,0.0686237709444333,0.338666666666667,0.0653333333333333,FALSE,0,89
"SPCA","Hausdorff",0.946590509666081,0.0333825424721734,0.938934463111868,0.0417636900367418,0.361333333333333,0.0703333333333333,FALSE,0,89
"SPCA","Ichino-Yaguchi",0.925012888107791,0.0634903339191565,0.919941631998192,0.0742873446596733,0.359333333333333,0.077,FALSE,0,89
"SPCA","Wasserstein",0.919804920913884,0.0610392501464558,0.915450481382496,0.0748078453840536,0.337,0.0903333333333333,FALSE,0,89
"SPCA","Centers-Euclidean",0.832755711775044,0.145661394258934,0.834761049659932,0.160985955602553,0.212333333333333,0.0433333333333333,FALSE,0,89
"IMDS","Int-Euclidean",0.532550673696544,-0.0890310486233157,0.516074588380469,-0.0699082538526029,0.0426666666666667,0.00133333333333333,TRUE,0,89
"IMDS","Hausdorff",0.554513181019332,-0.0890943175161102,0.556277761837367,-0.104069829438628,0.0496666666666667,-0.00233333333333333,TRUE,0,89
"IMDS","Ichino-Yaguchi",0.550891036906854,-0.0755981253661393,0.549552532967098,-0.0835356516882584,0.05,0.002,FALSE,0,89
"IMDS","Wasserstein",0.543864089045108,-0.0732349150556532,0.545629642132916,-0.0883274635265234,0.0433333333333333,0,FALSE,0,89
"IMDS","Centers-Euclidean",0.500064440538957,-0.00629642647920325,0.490052249493885,0.0107896106799013,0.0336666666666667,0.003,FALSE,0,89
"Int-UMAP","Int-Euclidean",0.774256004686585,-0.0866959578207381,0.772037609748961,-0.0760804643280472,0.155,0.014,FALSE,0,89
"Int-UMAP","Hausdorff",0.906958406561219,-0.00947158758055067,0.906691823858819,-0.00138116009243698,0.305333333333333,0.0176666666666667,FALSE,0,89
"Int-UMAP","Ichino-Yaguchi",0.878579379027534,0.0200433509080258,0.885025693741774,0.0303709868352676,0.311666666666667,0.0183333333333333,FALSE,0,89
"Int-UMAP","Wasserstein",0.863714118336262,0.00131224370240179,0.872898858630765,0.0172058798469659,0.287,0.0226666666666667,FALSE,0,89
"Int-UMAP","Centers-Euclidean",0.612336262448741,-0.093377855887522,0.619440805527551,-0.0878681309942533,0.132666666666667,-0.00266666666666666,FALSE,0,89
"C-PCA","Int-Euclidean",0.928157000585823,0.052506151142355,0.924178322996118,0.0621250220491959,0.340666666666667,0.072,FALSE,0,90
"C-PCA","Hausdorff",0.949511423550088,0.0275008787346221,0.940285221028508,0.0379696639909804,0.352666666666667,0.0523333333333333,FALSE,0,90
"C-PCA","Ichino-Yaguchi",0.930059168131224,0.0523362624487405,0.923371415307369,0.0651366604936594,0.352333333333333,0.0583333333333333,FALSE,0,90
"C-PCA","Wasserstein",0.924919742237844,0.0527709431751612,0.918830326429421,0.0662307151093448,0.330666666666667,0.0573333333333333,FALSE,0,90
"C-PCA","Centers-Euclidean",0.842748096074985,0.136118336262449,0.836844348259545,0.156440908999495,0.213,0.055,FALSE,0,90
"V-PCA","Int-Euclidean",0.927997070884593,0.0529314586994728,0.924421176561977,0.0617771567414198,0.339,0.0686666666666667,FALSE,0,90
"V-PCA","Hausdorff",0.949418863503222,0.027683655536028,0.940086296215613,0.0383296772734621,0.352,0.0496666666666667,FALSE,0,90
"V-PCA","Ichino-Yaguchi",0.92977855887522,0.0531622729935559,0.922913353146522,0.0662549358343454,0.351333333333333,0.059,FALSE,0,90
"V-PCA","Wasserstein",0.924559461042765,0.0536953719976567,0.918425566136611,0.0671658819532494,0.330333333333333,0.0596666666666667,FALSE,0,90
"V-PCA","Centers-Euclidean",0.842289982425308,0.13690568248389,0.836472626067285,0.157012292129239,0.211333333333333,0.0536666666666667,FALSE,0,90
"MR-PCA","Int-Euclidean",0.737544815465729,0.208488576449912,0.744386663909462,0.238371056840025,0.133666666666667,0.0333333333333333,FALSE,0,90
"MR-PCA","Hausdorff",0.732506151142355,0.212173403632103,0.742329555686251,0.238406943489427,0.128,0.029,FALSE,0,90
"MR-PCA","Ichino-Yaguchi",0.721238429994142,0.254324545987112,0.725459256540264,0.282843141905631,0.131,0.03,FALSE,0,90
"MR-PCA","Wasserstein",0.747824253075571,0.224543643819567,0.74884578427819,0.250818203631865,0.145333333333333,0.0306666666666667,FALSE,0,90
"MR-PCA","Centers-Euclidean",0.842748096074985,0.136118336262449,0.836844348259545,0.156440908999495,0.213,0.055,FALSE,0,90
"SPCA","Int-Euclidean",0.928157000585823,0.052506151142355,0.924178322996118,0.0621250220491959,0.340666666666667,0.072,FALSE,0,90
"SPCA","Hausdorff",0.949511423550088,0.0275008787346221,0.940285221028508,0.0379696639909804,0.352666666666667,0.0523333333333333,FALSE,0,90
"SPCA","Ichino-Yaguchi",0.930059168131224,0.0523362624487405,0.923371415307369,0.0651366604936594,0.352333333333333,0.0583333333333333,FALSE,0,90
"SPCA","Wasserstein",0.924919742237844,0.0527709431751612,0.918830326429421,0.0662307151093448,0.330666666666667,0.0573333333333333,FALSE,0,90
"SPCA","Centers-Euclidean",0.842748096074985,0.136118336262449,0.836844348259545,0.156440908999495,0.213,0.055,FALSE,0,90
"IMDS","Int-Euclidean",0.520029291154071,-0.0778113649677799,0.505304984323386,-0.0623653241258655,0.036,-0.00133333333333333,TRUE,0,90
"IMDS","Hausdorff",0.581135910954892,-0.0837973052138253,0.585535775117699,-0.112432172528567,0.0566666666666667,-0.00233333333333333,TRUE,0,90
"IMDS","Ichino-Yaguchi",0.571678968951377,-0.0600796719390744,0.574860895480594,-0.081162232494704,0.0546666666666667,0.000333333333333335,FALSE,0,90
"IMDS","Wasserstein",0.570295840656122,-0.0630732278851788,0.574478334832448,-0.0892054813111092,0.052,-0.004,FALSE,0,90
"IMDS","Centers-Euclidean",0.504828353837141,0.0116039835969537,0.504579736570255,0.0108735826147484,0.0316666666666667,-0.000999999999999999,FALSE,0,90
"Int-UMAP","Int-Euclidean",0.806637961335677,-0.0556895137668424,0.808081398338891,-0.0634522846190797,0.191,0.00433333333333334,FALSE,0,90
"Int-UMAP","Hausdorff",0.903165787932044,0.00243702401874635,0.901206331653987,0.00429541976986551,0.282666666666667,0.00266666666666668,FALSE,0,90
"Int-UMAP","Ichino-Yaguchi",0.87713122437024,0.0256953719976567,0.878330308237395,0.0339172374894513,0.287333333333333,0.0233333333333333,FALSE,0,90
"Int-UMAP","Wasserstein",0.862824838898653,0.010083186877563,0.867121935545576,0.0197303465864928,0.264,0.0186666666666667,FALSE,0,90
"Int-UMAP","Centers-Euclidean",0.620179261862917,-0.102256590509666,0.617215394967303,-0.109310012537913,0.12,-0.00833333333333333,FALSE,0,90
"C-PCA","Int-Euclidean",0.930059168131224,0.0516965436438196,0.923775287491578,0.0598220835227376,0.341333333333333,0.058,FALSE,0,91
"C-PCA","Hausdorff",0.94434036321031,0.0344217926186291,0.936072376168723,0.0439148272379301,0.354,0.054,FALSE,0,91
"C-PCA","Ichino-Yaguchi",0.921078500292912,0.0663350908025776,0.915657594909794,0.0774427216007509,0.353333333333333,0.0683333333333333,FALSE,0,91
"C-PCA","Wasserstein",0.916974809607499,0.0645928529584066,0.912631649243004,0.0770787505931598,0.334333333333333,0.075,FALSE,0,91
"C-PCA","Centers-Euclidean",0.827430579964851,0.144299941417692,0.830020484835143,0.161708298772322,0.212333333333333,0.0436666666666667,FALSE,0,91
"V-PCA","Int-Euclidean",0.929879906268307,0.0522261277094318,0.923046120393138,0.0615080467858989,0.342333333333333,0.059,FALSE,0,91
"V-PCA","Hausdorff",0.944619214997071,0.0339203280609256,0.936370502021618,0.0434412189547706,0.355,0.0536666666666667,FALSE,0,91
"V-PCA","Ichino-Yaguchi",0.921871118922086,0.0649138840070299,0.916545158518558,0.0758102382879047,0.355,0.0673333333333333,FALSE,0,91
"V-PCA","Wasserstein",0.917794376098418,0.0633052138254248,0.913230344206945,0.0761779720512146,0.336333333333333,0.0763333333333333,FALSE,0,91
"V-PCA","Centers-Euclidean",0.827494434680726,0.144638547158758,0.827071504486676,0.167869262430795,0.211666666666667,0.04,FALSE,0,91
"MR-PCA","Int-Euclidean",0.720330990041008,0.224369068541301,0.73053769103738,0.248311506740337,0.137,0.024,FALSE,0,91
"MR-PCA","Hausdorff",0.737935559461043,0.205537199765671,0.759222166545924,0.212579963932198,0.143,0.028,FALSE,0,91
"MR-PCA","Ichino-Yaguchi",0.712795547744581,0.263081429408319,0.723019847116364,0.284408107472041,0.139333333333333,0.035,FALSE,0,91
"MR-PCA","Wasserstein",0.739923257176333,0.239530169888694,0.748969924513072,0.254114985577638,0.156,0.0383333333333333,FALSE,0,91
"MR-PCA","Centers-Euclidean",0.827430579964851,0.144299941417692,0.830020484835143,0.161708298772322,0.212333333333333,0.0436666666666667,FALSE,0,91
"SPCA","Int-Euclidean",0.930059168131224,0.0516965436438196,0.923775287491578,0.0598220835227376,0.341333333333333,0.058,FALSE,0,91
"SPCA","Hausdorff",0.94434036321031,0.0344217926186291,0.936072376168723,0.0439148272379301,0.354,0.054,FALSE,0,91
"SPCA","Ichino-Yaguchi",0.921078500292912,0.0663350908025776,0.915657594909794,0.0774427216007509,0.353333333333333,0.0683333333333333,FALSE,0,91
"SPCA","Wasserstein",0.916974809607499,0.0645928529584066,0.912631649243004,0.0770787505931598,0.334333333333333,0.075,FALSE,0,91
"SPCA","Centers-Euclidean",0.827430579964851,0.144299941417692,0.830020484835143,0.161708298772322,0.212333333333333,0.0436666666666667,FALSE,0,91
"IMDS","Int-Euclidean",0.49495489162273,-0.116859988283538,0.490229198800155,-0.112602316328472,0.03,-0.00266666666666667,TRUE,0,91
"IMDS","Hausdorff",0.589515524311658,-0.0978242530755713,0.594443584992761,-0.129326382290761,0.0583333333333333,-0.00366666666666667,TRUE,0,91
"IMDS","Ichino-Yaguchi",0.571534270650264,-0.0698992384299941,0.575155953252174,-0.0924368456531728,0.0606666666666667,-0.000666666666666666,FALSE,0,91
"IMDS","Wasserstein",0.571327475102519,-0.0781206795547744,0.57390570282397,-0.101350390238144,0.056,-0.004,FALSE,0,91
"IMDS","Centers-Euclidean",0.504224370240187,0.00278500292911543,0.497815972844295,0.000858497817647796,0.031,0.00333333333333333,TRUE,0,91
"Int-UMAP","Int-Euclidean",0.79018043350908,-0.0635664909197423,0.787002628095273,-0.0572724334927937,0.168666666666667,0.0163333333333333,FALSE,0,91
"Int-UMAP","Hausdorff",0.907784417106034,0.00781253661394254,0.90550629866271,0.00871326650028255,0.273666666666667,0.0166666666666667,FALSE,0,91
"Int-UMAP","Ichino-Yaguchi",0.873111892208553,0.0396274165202108,0.876374527295177,0.040988092589889,0.277,0.0286666666666667,FALSE,0,91
"Int-UMAP","Wasserstein",0.856263034563562,0.0193122437024019,0.863668352921616,0.0248715926988108,0.248333333333333,0.0283333333333333,FALSE,0,91
"Int-UMAP","Centers-Euclidean",0.60713122437024,-0.0730509666080843,0.617976387364571,-0.0724850061630285,0.106666666666667,0.00899999999999999,FALSE,0,91
"C-PCA","Int-Euclidean",0.937697129466901,0.0463678968951378,0.929177093307284,0.0573430692142872,0.362666666666667,0.0743333333333333,FALSE,0,92
"C-PCA","Hausdorff",0.94982366725249,0.0324229642647921,0.942189790266667,0.0379559163461569,0.378666666666667,0.0686666666666667,FALSE,0,92
"C-PCA","Ichino-Yaguchi",0.928838312829525,0.0603948447568834,0.922629332638198,0.0698734403024451,0.373333333333333,0.0713333333333333,FALSE,0,92
"C-PCA","Wasserstein",0.924464557703573,0.0587568834212068,0.918607114110672,0.0691231366798371,0.361,0.065,FALSE,0,92
"C-PCA","Centers-Euclidean",0.843645577035735,0.131253661394259,0.842274430010057,0.148824121183148,0.222,0.0466666666666667,FALSE,0,92
"V-PCA","Int-Euclidean",0.937780316344464,0.0461312243702402,0.929360162656668,0.0570148681815021,0.364666666666667,0.0773333333333333,FALSE,0,92
"V-PCA","Hausdorff",0.949879906268307,0.0323104862331576,0.942012801813,0.0383169950519225,0.380666666666667,0.0706666666666667,FALSE,0,92
"V-PCA","Ichino-Yaguchi",0.928366725248975,0.0612372583479789,0.92231508726876,0.0703930613617798,0.371333333333333,0.0706666666666667,FALSE,0,92
"V-PCA","Wasserstein",0.924253075571178,0.0590697129466902,0.918334991340749,0.069538653295758,0.359,0.064,FALSE,0,92
"V-PCA","Centers-Euclidean",0.843284124194493,0.132117164616286,0.842031468213158,0.149459796620827,0.222333333333333,0.0473333333333333,FALSE,0,92
"MR-PCA","Int-Euclidean",0.738524311657879,0.223405975395431,0.741756452373814,0.251807089916045,0.143666666666667,0.0423333333333333,FALSE,0,92
"MR-PCA","Hausdorff",0.744299941417692,0.208426479203281,0.755310365939124,0.222763158399734,0.149666666666667,0.0346666666666667,FALSE,0,92
"MR-PCA","Ichino-Yaguchi",0.726070884592853,0.255480960749854,0.729729669566798,0.280483078882927,0.150666666666667,0.039,FALSE,0,92
"MR-PCA","Wasserstein",0.753247803163445,0.22713532513181,0.755211842686414,0.247147874150482,0.169,0.0283333333333333,FALSE,0,92
"MR-PCA","Centers-Euclidean",0.843645577035735,0.131253661394259,0.842274430010057,0.148824121183148,0.222,0.0466666666666667,FALSE,0,92
"SPCA","Int-Euclidean",0.937697129466901,0.0463678968951378,0.929177093307284,0.0573430692142872,0.362666666666667,0.0743333333333333,FALSE,0,92
"SPCA","Hausdorff",0.94982366725249,0.0324229642647921,0.942189790266667,0.0379559163461569,0.378666666666667,0.0686666666666667,FALSE,0,92
"SPCA","Ichino-Yaguchi",0.928838312829525,0.0603948447568834,0.922629332638198,0.0698734403024451,0.373333333333333,0.0713333333333333,FALSE,0,92
"SPCA","Wasserstein",0.924464557703573,0.0587568834212068,0.918607114110672,0.0691231366798371,0.361,0.065,FALSE,0,92
"SPCA","Centers-Euclidean",0.843645577035735,0.131253661394259,0.842274430010057,0.148824121183148,0.222,0.0466666666666667,FALSE,0,92
"IMDS","Int-Euclidean",0.518418277680141,-0.0932325717633276,0.502895555665066,-0.0687681557569011,0.0316666666666667,0.00666666666666667,TRUE,0,92
"IMDS","Hausdorff",0.58685647334505,-0.101082601054482,0.58890902881755,-0.125941391280079,0.052,-0.008,TRUE,0,92
"IMDS","Ichino-Yaguchi",0.568728763913298,-0.0828986526069129,0.573461397519099,-0.104823303232823,0.0513333333333333,-0.00966666666666667,TRUE,0,92
"IMDS","Wasserstein",0.564091388400703,-0.0961007615700058,0.568897762810679,-0.113259226542611,0.053,-0.00933333333333333,FALSE,0,92
"IMDS","Centers-Euclidean",0.507446983011131,-0.00165436438195665,0.502075578886381,0.00822591671306777,0.0426666666666667,-0.00766666666666667,TRUE,0,92
"Int-UMAP","Int-Euclidean",0.774257176332747,-0.110543643819566,0.776785313216791,-0.0898860580459186,0.164,0.00333333333333334,FALSE,0,92
"Int-UMAP","Hausdorff",0.900069127123609,-0.00970591681312238,0.897915829411301,-0.00559918008462899,0.269,0.012,FALSE,0,92
"Int-UMAP","Ichino-Yaguchi",0.870272993555946,0.0201499707088459,0.874217485745358,0.0277133851706281,0.279,0.00933333333333333,FALSE,0,92
"Int-UMAP","Wasserstein",0.854647334504979,0.00644991212653789,0.862048765222005,0.0150901748783322,0.248,0.00533333333333333,FALSE,0,92
"Int-UMAP","Centers-Euclidean",0.610240187463386,-0.103632103104862,0.619036085149734,-0.105849600612112,0.118666666666667,-0.00866666666666667,FALSE,0,92
"C-PCA","Int-Euclidean",0.932805506736965,0.0490884592852959,0.927016906916547,0.0584355840323447,0.331666666666667,0.06,FALSE,0,93
"C-PCA","Hausdorff",0.947068541300527,0.0316203866432337,0.93954285972198,0.0399057422784062,0.36,0.061,FALSE,0,93
"C-PCA","Ichino-Yaguchi",0.924300527240773,0.0615992970123023,0.920127974377031,0.0711658002810323,0.343333333333333,0.0643333333333333,FALSE,0,93
"C-PCA","Wasserstein",0.918700058582308,0.0589513766842414,0.915609942548508,0.0706251455553964,0.322,0.0666666666666667,FALSE,0,93
"C-PCA","Centers-Euclidean",0.838462214411248,0.137676625659051,0.839481128881983,0.152859227647949,0.212333333333333,0.0466666666666667,FALSE,0,93
"V-PCA","Int-Euclidean",0.933001757469244,0.0487592267135326,0.92671279765263,0.0591391318458243,0.332,0.059,FALSE,0,93
"V-PCA","Hausdorff",0.946835383714118,0.0320632688927944,0.939455972457426,0.0400151830493919,0.361333333333333,0.0603333333333333,FALSE,0,93
"V-PCA","Ichino-Yaguchi",0.924259519625073,0.0615454012888108,0.920340991485364,0.0707732209695567,0.343666666666667,0.064,FALSE,0,93
"V-PCA","Wasserstein",0.918726420620972,0.0585682483889866,0.915698312040987,0.070315354545696,0.320333333333333,0.0653333333333333,FALSE,0,93
"V-PCA","Centers-Euclidean",0.838342706502636,0.137929701230229,0.840055581628234,0.151718366561798,0.212666666666667,0.048,FALSE,0,93
"MR-PCA","Int-Euclidean",0.73508611599297,0.221621558289397,0.744996940362241,0.243226250617339,0.132333333333333,0.0306666666666667,FALSE,0,93
"MR-PCA","Hausdorff",0.762786174575278,0.179409490333919,0.788478886426953,0.172907337496467,0.158,0.0233333333333333,FALSE,0,93
"MR-PCA","Ichino-Yaguchi",0.718183948447569,0.251032220269479,0.737239085283449,0.256538634719934,0.138333333333333,0.02,FALSE,0,93
"MR-PCA","Wasserstein",0.749276508494435,0.221641476274165,0.757820597610351,0.236547072135451,0.159333333333333,0.025,FALSE,0,93
"MR-PCA","Centers-Euclidean",0.838462214411248,0.137676625659051,0.839481128881983,0.152859227647949,0.212333333333333,0.0466666666666667,FALSE,0,93
"SPCA","Int-Euclidean",0.932805506736965,0.0490884592852959,0.927016906916547,0.0584355840323447,0.331666666666667,0.06,FALSE,0,93
"SPCA","Hausdorff",0.947068541300527,0.0316203866432337,0.93954285972198,0.0399057422784062,0.36,0.061,FALSE,0,93
"SPCA","Ichino-Yaguchi",0.924300527240773,0.0615992970123023,0.920127974377031,0.0711658002810323,0.343333333333333,0.0643333333333333,FALSE,0,93
"SPCA","Wasserstein",0.918700058582308,0.0589513766842414,0.915609942548508,0.0706251455553964,0.322,0.0666666666666667,FALSE,0,93
"SPCA","Centers-Euclidean",0.838462214411248,0.137676625659051,0.839481128881983,0.152859227647949,0.212333333333333,0.0466666666666667,FALSE,0,93
"IMDS","Int-Euclidean",0.540111306385472,-0.0209982425307558,0.532595823233689,-0.0150698550763352,0.0253333333333333,0.00666666666666667,TRUE,0,93
"IMDS","Hausdorff",0.593087873462214,-0.0920691271236087,0.600038629270002,-0.106153953971565,0.0623333333333333,-0.003,TRUE,0,93
"IMDS","Ichino-Yaguchi",0.580215582893966,-0.0711775043936731,0.584996247990625,-0.0817790557739878,0.0616666666666667,0.00366666666666667,FALSE,0,93
"IMDS","Wasserstein",0.574585237258348,-0.0721839484475688,0.584412163449441,-0.0855374868568371,0.0563333333333333,0.000333333333333331,FALSE,0,93
"IMDS","Centers-Euclidean",0.513836555360281,0.00549619214997077,0.509871452996334,0.00154621933626586,0.04,0.000333333333333335,FALSE,0,93
"Int-UMAP","Int-Euclidean",0.78217223198594,-0.104011716461629,0.780720500171711,-0.0961591321743555,0.178333333333333,0.00599999999999999,FALSE,0,93
"Int-UMAP","Hausdorff",0.893407732864675,-0.00631868775629763,0.889454744303785,-0.00602599417885878,0.257333333333333,0.0143333333333333,FALSE,0,93
"Int-UMAP","Ichino-Yaguchi",0.861452841241945,0.0300433509080258,0.864084144336914,0.0303767606925743,0.260333333333333,0.015,FALSE,0,93
"Int-UMAP","Wasserstein",0.844787932044523,0.0126502636203866,0.849722197787082,0.0168556595545825,0.247333333333333,0.00800000000000001,FALSE,0,93
"Int-UMAP","Centers-Euclidean",0.597952548330404,-0.0930251903925015,0.605518253970813,-0.108354475230674,0.102666666666667,-0.01,FALSE,0,93
"C-PCA","Int-Euclidean",0.922443468072642,0.0611915641476274,0.915938416077882,0.0707534737941949,0.315,0.0573333333333333,FALSE,0,94
"C-PCA","Hausdorff",0.949318101933216,0.0321312243702402,0.94021131227756,0.0396995429579743,0.363333333333333,0.062,FALSE,0,94
"C-PCA","Ichino-Yaguchi",0.928439367311072,0.0599320445225542,0.921133747006184,0.0704162657896422,0.358333333333333,0.0593333333333333,FALSE,0,94
"C-PCA","Wasserstein",0.924000585823081,0.0592466315172817,0.917336122470253,0.070827362587646,0.342666666666667,0.0516666666666667,FALSE,0,94
"C-PCA","Centers-Euclidean",0.840602226127709,0.129637961335677,0.834827025305952,0.154412666992434,0.217333333333333,0.0503333333333333,FALSE,0,94
"V-PCA","Int-Euclidean",0.922666080843585,0.0605354422964265,0.91624120200625,0.0699228305011343,0.316,0.0566666666666667,FALSE,0,94
"V-PCA","Hausdorff",0.949405975395431,0.0317797305213825,0.940043003799754,0.0399018920167404,0.365,0.062,FALSE,0,94
"V-PCA","Ichino-Yaguchi",0.928691857059168,0.0593848857644992,0.921219791450301,0.0702919029519133,0.362666666666667,0.064,FALSE,0,94
"V-PCA","Wasserstein",0.924367311072056,0.0584874048037493,0.917497683778992,0.0704475852426901,0.345666666666667,0.0536666666666667,FALSE,0,94
"V-PCA","Centers-Euclidean",0.840410076157001,0.1297949619215,0.834893327180284,0.15414565717964,0.215666666666667,0.048,FALSE,0,94
"MR-PCA","Int-Euclidean",0.732961921499707,0.214999414176918,0.739284998886218,0.239502338327774,0.126333333333333,0.0296666666666667,FALSE,0,94
"MR-PCA","Hausdorff",0.760371411833626,0.191596953719977,0.776211803846055,0.194312652300646,0.147666666666667,0.027,FALSE,0,94
"MR-PCA","Ichino-Yaguchi",0.72968014059754,0.246947861745753,0.736567716630567,0.265313494660525,0.144,0.029,FALSE,0,94
"MR-PCA","Wasserstein",0.757793204452255,0.217784417106034,0.759538133633248,0.238237736156674,0.162666666666667,0.0323333333333333,FALSE,0,94
"MR-PCA","Centers-Euclidean",0.840602226127709,0.129637961335677,0.834827025305952,0.154412666992434,0.217333333333333,0.0503333333333333,FALSE,0,94
"SPCA","Int-Euclidean",0.922443468072642,0.0611915641476274,0.915938416077882,0.0707534737941949,0.315,0.0573333333333333,FALSE,0,94
"SPCA","Hausdorff",0.949318101933216,0.0321312243702402,0.94021131227756,0.0396995429579743,0.363333333333333,0.062,FALSE,0,94
"SPCA","Ichino-Yaguchi",0.928439367311072,0.0599320445225542,0.921133747006184,0.0704162657896422,0.358333333333333,0.0593333333333333,FALSE,0,94
"SPCA","Wasserstein",0.924000585823081,0.0592466315172817,0.917336122470253,0.070827362587646,0.342666666666667,0.0516666666666667,FALSE,0,94
"SPCA","Centers-Euclidean",0.840602226127709,0.129637961335677,0.834827025305952,0.154412666992434,0.217333333333333,0.0503333333333333,FALSE,0,94
"IMDS","Int-Euclidean",0.449790275336848,-0.0892677211482132,0.441317750519931,-0.0916648344149529,0.024,0.000666666666666666,FALSE,0,94
"IMDS","Hausdorff",0.557564733450498,-0.0718558875219684,0.557865928761255,-0.0956178295976738,0.0433333333333333,-0.001,TRUE,0,94
"IMDS","Ichino-Yaguchi",0.543719976567077,-0.0563186877562976,0.544857217160438,-0.0717700963931737,0.0416666666666667,-0.00333333333333333,FALSE,0,94
"IMDS","Wasserstein",0.538544229642648,-0.0608611599297011,0.540826743905249,-0.0784494099719628,0.036,-0.00333333333333333,FALSE,0,94
"IMDS","Centers-Euclidean",0.500812536613943,-0.0172993555946104,0.494181271332453,-0.0268549195920135,0.0273333333333333,-0.003,FALSE,0,94
"Int-UMAP","Int-Euclidean",0.772748096074985,-0.0723339191564147,0.76959898864618,-0.0566969928504571,0.155333333333333,0.0126666666666667,FALSE,0,94
"Int-UMAP","Hausdorff",0.900454598711189,-0.00230345635618046,0.899959196130456,0.000989953242655689,0.281,0.0103333333333333,FALSE,0,94
"Int-UMAP","Ichino-Yaguchi",0.867506151142355,0.0286760398359696,0.871935910183896,0.0328965266740386,0.289,0.00866666666666667,FALSE,0,94
"Int-UMAP","Wasserstein",0.850222612770943,0.00956297598125366,0.856860298137367,0.0166089342343682,0.262,0.002,FALSE,0,94
"Int-UMAP","Centers-Euclidean",0.599760984182777,-0.082050380785003,0.609566216133855,-0.0969117524017696,0.112333333333333,-0.011,FALSE,0,94
"C-PCA","Int-Euclidean",0.931214411247803,0.0547404803749267,0.926013980533458,0.0602733240577029,0.349,0.054,FALSE,0,95
"C-PCA","Hausdorff",0.945230814294083,0.0315559461042765,0.939160503254377,0.035677307543335,0.348333333333333,0.047,FALSE,0,95
"C-PCA","Ichino-Yaguchi",0.924937316930287,0.0618535442296426,0.922786318307027,0.0647127755458644,0.345333333333333,0.0553333333333333,FALSE,0,95
"C-PCA","Wasserstein",0.920219097832455,0.059875805506737,0.918048958963242,0.065751933228971,0.332666666666667,0.0523333333333333,FALSE,0,95
"C-PCA","Centers-Euclidean",0.830876391329818,0.137980082015231,0.833307334855937,0.15056022381872,0.212,0.035,FALSE,0,95
"V-PCA","Int-Euclidean",0.931158758055067,0.0548681898066784,0.925998629380536,0.0603682956436009,0.349666666666667,0.0533333333333333,FALSE,0,95
"V-PCA","Hausdorff",0.94477445811365,0.0323304042179262,0.938946964948342,0.0359247451926612,0.344666666666667,0.0446666666666667,FALSE,0,95
"V-PCA","Ichino-Yaguchi",0.92514352665495,0.0615512595196251,0.922687535606861,0.0649146425543262,0.347,0.057,FALSE,0,95
"V-PCA","Wasserstein",0.920756297598125,0.0588014059753954,0.91811119181104,0.0655435969212031,0.336666666666667,0.055,FALSE,0,95
"V-PCA","Centers-Euclidean",0.829777387229057,0.140028119507909,0.833623176057513,0.149649796594729,0.211,0.0353333333333333,FALSE,0,95
"MR-PCA","Int-Euclidean",0.732475102519039,0.220558875219684,0.739392519899543,0.243321612142018,0.141,0.0436666666666667,FALSE,0,95
"MR-PCA","Hausdorff",0.758571177504394,0.174271821909783,0.783002436503305,0.172329151930742,0.159,0.02,FALSE,0,95
"MR-PCA","Ichino-Yaguchi",0.719983011130639,0.244680726420621,0.738857761846578,0.249575127923716,0.142333333333333,0.024,FALSE,0,95
"MR-PCA","Wasserstein",0.747065026362039,0.219470415934388,0.758885848185165,0.227716578370096,0.159333333333333,0.02,FALSE,0,95
"MR-PCA","Centers-Euclidean",0.830876391329818,0.137980082015231,0.833307334855937,0.15056022381872,0.212,0.035,FALSE,0,95
"SPCA","Int-Euclidean",0.931214411247803,0.0547404803749267,0.926013980533458,0.0602733240577029,0.349,0.054,FALSE,0,95
"SPCA","Hausdorff",0.945230814294083,0.0315559461042765,0.939160503254377,0.035677307543335,0.348333333333333,0.047,FALSE,0,95
"SPCA","Ichino-Yaguchi",0.924937316930287,0.0618535442296426,0.922786318307027,0.0647127755458644,0.345333333333333,0.0553333333333333,FALSE,0,95
"SPCA","Wasserstein",0.920219097832455,0.059875805506737,0.918048958963242,0.065751933228971,0.332666666666667,0.0523333333333333,FALSE,0,95
"SPCA","Centers-Euclidean",0.830876391329818,0.137980082015231,0.833307334855937,0.15056022381872,0.212,0.035,FALSE,0,95
"IMDS","Int-Euclidean",0.505399531341535,-0.0787521968365553,0.481049729015575,-0.0426614273632324,0.0253333333333333,-0.000666666666666668,TRUE,0,95
"IMDS","Hausdorff",0.589867603983597,-0.100166373755126,0.589891101151809,-0.115709368494144,0.0556666666666667,-0.006,TRUE,0,95
"IMDS","Ichino-Yaguchi",0.57600410076157,-0.0718769771528998,0.578543594771934,-0.0799803173027044,0.0523333333333333,-0.006,TRUE,0,95
"IMDS","Wasserstein",0.571602226127709,-0.0770509666080844,0.573661394663642,-0.0914512247224872,0.0483333333333333,-0.00566666666666667,TRUE,0,95
"IMDS","Centers-Euclidean",0.507002343292326,0.0108857644991212,0.501534731494143,0.0158371885843733,0.0316666666666667,0.00233333333333333,FALSE,0,95
"Int-UMAP","Int-Euclidean",0.797544229642648,-0.097874633860574,0.797776493845492,-0.0851132703075589,0.202333333333333,-0.0103333333333333,FALSE,0,95
"Int-UMAP","Hausdorff",0.903189220855302,-0.00867955477445814,0.90263254042199,-0.00130310632294946,0.297333333333333,0.00999999999999998,FALSE,0,95
"Int-UMAP","Ichino-Yaguchi",0.871923257176333,0.0268623315758642,0.876843688894559,0.0340875931458588,0.301666666666667,0.0203333333333333,FALSE,0,95
"Int-UMAP","Wasserstein",0.855269478617458,0.00852372583479788,0.863806996883407,0.0198004526667284,0.271666666666667,0.0126666666666667,FALSE,0,95
"Int-UMAP","Centers-Euclidean",0.606277680140598,-0.0874141769185707,0.618563328130567,-0.0940461521716136,0.119666666666667,-0.00366666666666667,FALSE,0,95
"C-PCA","Int-Euclidean",0.931710603397774,0.0537809021675454,0.926365502668701,0.0623396710666806,0.362333333333333,0.058,FALSE,0,96
"C-PCA","Hausdorff",0.944869361452841,0.0348330404217926,0.936279792128855,0.0423537073276098,0.346333333333333,0.0393333333333333,FALSE,0,96
"C-PCA","Ichino-Yaguchi",0.92329525483304,0.0608916227299356,0.918027825509457,0.072489617879952,0.343,0.0493333333333333,FALSE,0,96
"C-PCA","Wasserstein",0.918759812536614,0.0608283538371411,0.914548552981704,0.0730904168245995,0.321666666666667,0.0563333333333333,FALSE,0,96
"C-PCA","Centers-Euclidean",0.834875219683656,0.13822144112478,0.835374863962794,0.154105031392375,0.225,0.0413333333333333,FALSE,0,96
"V-PCA","Int-Euclidean",0.931345049794962,0.054622144112478,0.925918220626441,0.0634205000028401,0.357333333333333,0.0493333333333333,FALSE,0,96
"V-PCA","Hausdorff",0.945200351493849,0.0345108377270065,0.936434537184885,0.0424225008186412,0.344666666666667,0.041,FALSE,0,96
"V-PCA","Ichino-Yaguchi",0.923598711189221,0.0605682483889866,0.918058141714499,0.0725930084590617,0.343666666666667,0.051,FALSE,0,96
"V-PCA","Wasserstein",0.919055067369654,0.0607111892208554,0.914807564443908,0.0728195874539807,0.322,0.0533333333333333,FALSE,0,96
"V-PCA","Centers-Euclidean",0.835652021089631,0.136824838898653,0.835870985069797,0.153290242027633,0.223666666666667,0.0416666666666667,FALSE,0,96
"MR-PCA","Int-Euclidean",0.73231985940246,0.220037492677212,0.738747447551315,0.248102912520305,0.146666666666667,0.0333333333333333,FALSE,0,96
"MR-PCA","Hausdorff",0.757903925014646,0.186418277680141,0.781405870543702,0.178733868777617,0.145666666666667,0.019,FALSE,0,96
"MR-PCA","Ichino-Yaguchi",0.715427065026362,0.259910954891623,0.729836981026408,0.268560912505874,0.136,0.0293333333333333,FALSE,0,96
"MR-PCA","Wasserstein",0.743038078500293,0.229820738137082,0.751604748533239,0.240358630074443,0.149,0.029,FALSE,0,96
"MR-PCA","Centers-Euclidean",0.834875219683656,0.13822144112478,0.835374863962794,0.154105031392375,0.225,0.0413333333333333,FALSE,0,96
"SPCA","Int-Euclidean",0.931710603397774,0.0537809021675454,0.926365502668701,0.0623396710666806,0.362333333333333,0.058,FALSE,0,96
"SPCA","Hausdorff",0.944869361452841,0.0348330404217926,0.936279792128855,0.0423537073276098,0.346333333333333,0.0393333333333333,FALSE,0,96
"SPCA","Ichino-Yaguchi",0.92329525483304,0.0608916227299356,0.918027825509457,0.072489617879952,0.343,0.0493333333333333,FALSE,0,96
"SPCA","Wasserstein",0.918759812536614,0.0608283538371411,0.914548552981704,0.0730904168245995,0.321666666666667,0.0563333333333333,FALSE,0,96
"SPCA","Centers-Euclidean",0.834875219683656,0.13822144112478,0.835374863962794,0.154105031392375,0.225,0.0413333333333333,FALSE,0,96
"IMDS","Int-Euclidean",0.546675454012888,-0.0396239015817222,0.530419872723368,-0.0290669808897759,0.03,0.005,TRUE,0,96
"IMDS","Hausdorff",0.598461042765085,-0.0906233157586409,0.602805138226389,-0.111773240466496,0.0596666666666667,-0.00333333333333333,TRUE,0,96
"IMDS","Ichino-Yaguchi",0.593865846514353,-0.0663725834797891,0.597981472688243,-0.0836513437612789,0.0543333333333333,-0.00866666666666667,FALSE,0,96
"IMDS","Wasserstein",0.587648506151142,-0.0749338019917986,0.591921467097073,-0.0931350156888952,0.057,-0.00233333333333333,TRUE,0,96
"IMDS","Centers-Euclidean",0.508445811364968,0.0013649677797305,0.500242615611092,-0.00929501064118371,0.034,0.005,FALSE,0,96
"Int-UMAP","Int-Euclidean",0.780024018746339,-0.0823233743409491,0.779067756929358,-0.0802027451383155,0.162666666666667,0.012,FALSE,0,96
"Int-UMAP","Hausdorff",0.908797891036907,-0.00509197422378438,0.905111303726541,-0.00390709140518124,0.287333333333333,0.0166666666666666,FALSE,0,96
"Int-UMAP","Ichino-Yaguchi",0.880174575278266,0.0218933801991797,0.881059726953812,0.0293655941661474,0.298666666666667,0.0223333333333333,FALSE,0,96
"Int-UMAP","Wasserstein",0.862429408318688,0.00336613942589348,0.867438440717714,0.0151776163472162,0.274333333333333,0.026,FALSE,0,96
"Int-UMAP","Centers-Euclidean",0.579821909783245,-0.0530287053309901,0.580895600339155,-0.0649699140737657,0.095,0.00333333333333333,FALSE,0,96
"C-PCA","Int-Euclidean",0.930454598711189,0.0523350908025776,0.921995500966173,0.0657100762176798,0.339333333333333,0.066,FALSE,0,97
"C-PCA","Hausdorff",0.948432923257176,0.0291939074399532,0.938890959607101,0.0372753119778908,0.357666666666667,0.053,FALSE,0,97
"C-PCA","Ichino-Yaguchi",0.928568834212068,0.0539461042765085,0.921934182325242,0.0631653510838379,0.36,0.055,FALSE,0,97
"C-PCA","Wasserstein",0.923495606326889,0.0527439953134153,0.917706924314878,0.0649634985061814,0.334333333333333,0.0606666666666667,FALSE,0,97
"C-PCA","Centers-Euclidean",0.828844756883421,0.141040421792619,0.827459279414625,0.165278347973692,0.207,0.0496666666666667,FALSE,0,97
"V-PCA","Int-Euclidean",0.930085530169889,0.0528224956063269,0.921679457886842,0.0661473250122854,0.337,0.0653333333333333,FALSE,0,97
"V-PCA","Hausdorff",0.948373755125952,0.0294083186877564,0.939043695864331,0.0370131195977551,0.358333333333333,0.0533333333333333,FALSE,0,97
"V-PCA","Ichino-Yaguchi",0.928533099004101,0.0538910369068542,0.922102862319525,0.0628703531847482,0.360666666666667,0.0563333333333333,FALSE,0,97
"V-PCA","Wasserstein",0.923033391915641,0.0534317516110134,0.917650366304499,0.0651610408786334,0.333666666666667,0.0636666666666667,FALSE,0,97
"V-PCA","Centers-Euclidean",0.829234915055653,0.140351493848858,0.827566174837189,0.165070461477196,0.209333333333333,0.0543333333333333,FALSE,0,97
"MR-PCA","Int-Euclidean",0.726813708260105,0.225294669009959,0.735084490062164,0.247342194154818,0.137,0.033,FALSE,0,97
"MR-PCA","Hausdorff",0.741542472173404,0.205104862331576,0.759916379624133,0.204502555557449,0.139,0.0213333333333333,FALSE,0,97
"MR-PCA","Ichino-Yaguchi",0.715477445811365,0.255939074399531,0.725148132216266,0.268184534076121,0.134333333333333,0.0273333333333333,FALSE,0,97
"MR-PCA","Wasserstein",0.742105448154657,0.223592267135325,0.746735980587804,0.2401633843493,0.151,0.0253333333333333,FALSE,0,97
"MR-PCA","Centers-Euclidean",0.828844756883421,0.141040421792619,0.827459279414625,0.165278347973692,0.207,0.0496666666666667,FALSE,0,97
"SPCA","Int-Euclidean",0.930454598711189,0.0523350908025776,0.921995500966173,0.0657100762176798,0.339333333333333,0.066,FALSE,0,97
"SPCA","Hausdorff",0.948432923257176,0.0291939074399532,0.938890959607101,0.0372753119778908,0.357666666666667,0.053,FALSE,0,97
"SPCA","Ichino-Yaguchi",0.928568834212068,0.0539461042765085,0.921934182325242,0.0631653510838379,0.36,0.055,FALSE,0,97
"SPCA","Wasserstein",0.923495606326889,0.0527439953134153,0.917706924314878,0.0649634985061814,0.334333333333333,0.0606666666666667,FALSE,0,97
"SPCA","Centers-Euclidean",0.828844756883421,0.141040421792619,0.827459279414625,0.165278347973692,0.207,0.0496666666666667,FALSE,0,97
"IMDS","Int-Euclidean",0.52480726420621,-0.0492888107791447,0.508353733732913,-0.0316844173247651,0.0303333333333333,-0.004,TRUE,0,97
"IMDS","Hausdorff",0.597015817223199,-0.0581816051552432,0.598309474146061,-0.0725182783803663,0.0633333333333333,-0.004,TRUE,0,97
"IMDS","Ichino-Yaguchi",0.583205623901582,-0.0496004686584652,0.583907012342791,-0.0664917852640907,0.0613333333333333,0.000333333333333335,FALSE,0,97
"IMDS","Wasserstein",0.577564147627416,-0.0471259519625074,0.57857324777401,-0.0618517701455193,0.056,0.000999999999999997,TRUE,0,97
"IMDS","Centers-Euclidean",0.512612185120094,0.0250415934387815,0.502704808820231,0.0337058108400831,0.0323333333333333,-0.00366666666666667,TRUE,0,97
"Int-UMAP","Int-Euclidean",0.777487404803749,-0.0961206795547744,0.772564096187151,-0.0844070850341343,0.162333333333333,0.00533333333333333,FALSE,0,97
"Int-UMAP","Hausdorff",0.901497949619215,-0.00835735207967192,0.89974532008217,-0.0029214013908533,0.275666666666667,0.011,FALSE,0,97
"Int-UMAP","Ichino-Yaguchi",0.87307381370826,0.0260234329232572,0.876740525523873,0.0332294330704624,0.28,0.0206666666666667,FALSE,0,97
"Int-UMAP","Wasserstein",0.852761570005858,0.00881780902167539,0.86051140931705,0.0188940384347612,0.258,0.018,FALSE,0,97
"Int-UMAP","Centers-Euclidean",0.585581722319859,-0.0677961335676627,0.588300021968598,-0.0727255937854198,0.102,-0.006,FALSE,0,97
"C-PCA","Int-Euclidean",0.920396602226128,0.0635114235500879,0.91496038129872,0.0753904093175104,0.322333333333333,0.0676666666666667,FALSE,0,98
"C-PCA","Hausdorff",0.944363796133568,0.0353122437024018,0.936020081386671,0.0438124022946208,0.349666666666667,0.0606666666666666,FALSE,0,98
"C-PCA","Ichino-Yaguchi",0.918878148799063,0.0636660808435853,0.915638048844591,0.0753512342867337,0.341333333333333,0.0573333333333333,FALSE,0,98
"C-PCA","Wasserstein",0.915182776801406,0.0623327475102519,0.911660444533281,0.0742685646553041,0.322333333333333,0.0686666666666667,FALSE,0,98
"C-PCA","Centers-Euclidean",0.830627416520211,0.148519039250146,0.826888434369695,0.172351792943121,0.197666666666667,0.044,FALSE,0,98
"V-PCA","Int-Euclidean",0.920483889865261,0.0633345049794961,0.914858278745742,0.0756013477758061,0.321333333333333,0.067,FALSE,0,98
"V-PCA","Hausdorff",0.944609256004687,0.0347814879906267,0.935997890953159,0.0438288887220647,0.350666666666667,0.059,FALSE,0,98
"V-PCA","Ichino-Yaguchi",0.919400702987698,0.062639718804921,0.915675238104449,0.075222012566161,0.342,0.058,FALSE,0,98
"V-PCA","Wasserstein",0.915438195664909,0.061941417691857,0.911964849321668,0.0736954206602769,0.322,0.068,FALSE,0,98
"V-PCA","Centers-Euclidean",0.830803749267721,0.148194493263035,0.826981340354688,0.172180261329602,0.198666666666667,0.0426666666666667,FALSE,0,98
"MR-PCA","Int-Euclidean",0.729528998242531,0.213689513766842,0.73378527852145,0.250570411353175,0.126333333333333,0.021,FALSE,0,98
"MR-PCA","Hausdorff",0.74506151142355,0.195922671353251,0.764040650810896,0.204605571549698,0.141,0.0253333333333333,FALSE,0,98
"MR-PCA","Ichino-Yaguchi",0.711834797891037,0.260187463386057,0.723763828818103,0.279550158024994,0.129333333333333,0.0286666666666667,FALSE,0,98
"MR-PCA","Wasserstein",0.738917398945518,0.231322788517868,0.746434771301672,0.25367141946774,0.14,0.0296666666666667,FALSE,0,98
"MR-PCA","Centers-Euclidean",0.830627416520211,0.148519039250146,0.826888434369695,0.172351792943121,0.197666666666667,0.044,FALSE,0,98
"SPCA","Int-Euclidean",0.920396602226128,0.0635114235500879,0.91496038129872,0.0753904093175104,0.322333333333333,0.0676666666666667,FALSE,0,98
"SPCA","Hausdorff",0.944363796133568,0.0353122437024018,0.936020081386671,0.0438124022946208,0.349666666666667,0.0606666666666666,FALSE,0,98
"SPCA","Ichino-Yaguchi",0.918878148799063,0.0636660808435853,0.915638048844591,0.0753512342867337,0.341333333333333,0.0573333333333333,FALSE,0,98
"SPCA","Wasserstein",0.915182776801406,0.0623327475102519,0.911660444533281,0.0742685646553041,0.322333333333333,0.0686666666666667,FALSE,0,98
"SPCA","Centers-Euclidean",0.830627416520211,0.148519039250146,0.826888434369695,0.172351792943121,0.197666666666667,0.044,FALSE,0,98
"IMDS","Int-Euclidean",0.53487287639133,-0.0770521382542472,0.517091241683289,-0.0651361799785473,0.031,0.00266666666666667,TRUE,0,98
"IMDS","Hausdorff",0.585753368482718,-0.102515524311658,0.584215961299651,-0.126497215238378,0.0543333333333333,-0.00233333333333333,TRUE,0,98
"IMDS","Ichino-Yaguchi",0.580405975395431,-0.0777961335676627,0.579402862488396,-0.0894735166321939,0.0533333333333333,0.000666666666666666,FALSE,0,98
"IMDS","Wasserstein",0.572387814879906,-0.0988049209138839,0.57239038613611,-0.111298037118795,0.049,-0.00233333333333333,TRUE,0,98
"IMDS","Centers-Euclidean",0.502370826010545,-0.0122706502636204,0.496030313441696,-0.00555623308698106,0.0326666666666667,-0.00233333333333333,TRUE,0,98
"Int-UMAP","Int-Euclidean",0.784465143526655,-0.0671329818394845,0.782704289157722,-0.0540555536877386,0.177,-0.000666666666666677,FALSE,0,98
"Int-UMAP","Hausdorff",0.910858816637376,0.00568248388986525,0.907224956143401,0.0075360643478819,0.3,0.00433333333333333,FALSE,0,98
"Int-UMAP","Ichino-Yaguchi",0.881633860574107,0.0346326889279438,0.88400534446409,0.0443380888977521,0.305,0.0123333333333333,FALSE,0,98
"Int-UMAP","Wasserstein",0.867472173403632,0.013751611013474,0.871027206212984,0.0292261634184306,0.284,0.0136666666666667,FALSE,0,98
"Int-UMAP","Centers-Euclidean",0.62399589923843,-0.123949619214997,0.631492109189614,-0.128412556151568,0.133,-0.017,FALSE,0,98
"C-PCA","Int-Euclidean",0.927117750439367,0.0545448154657293,0.919538984897241,0.064653056575051,0.322,0.0683333333333333,FALSE,0,99
"C-PCA","Hausdorff",0.943162272993556,0.0317867603983597,0.935343087790111,0.0397566060465381,0.336666666666667,0.0603333333333333,FALSE,0,99
"C-PCA","Ichino-Yaguchi",0.919821909783245,0.0591142355008788,0.915488809754856,0.0695791148174741,0.332,0.0736666666666667,FALSE,0,99
"C-PCA","Wasserstein",0.915586408904511,0.0587908611599297,0.912242534092394,0.0707314883088217,0.312333333333333,0.0753333333333333,FALSE,0,99
"C-PCA","Centers-Euclidean",0.819183362624487,0.144986526069127,0.823009636554028,0.158274407289215,0.184,0.0213333333333333,FALSE,0,99
"V-PCA","Int-Euclidean",0.927797305213825,0.0534059753954306,0.919998147023193,0.0641206673234218,0.326666666666667,0.0686666666666667,FALSE,0,99
"V-PCA","Hausdorff",0.942896309314587,0.0323210310486233,0.935424843675231,0.0397457599146925,0.332333333333333,0.0596666666666667,FALSE,0,99
"V-PCA","Ichino-Yaguchi",0.919795547744581,0.0596590509666081,0.915103896424891,0.0705784404076058,0.333,0.071,FALSE,0,99
"V-PCA","Wasserstein",0.915545401288811,0.0595992970123023,0.91185594202992,0.0719137304967283,0.314666666666667,0.078,FALSE,0,99
"V-PCA","Centers-Euclidean",0.818757469244288,0.146121851200937,0.820481246631213,0.163694051268967,0.185,0.0266666666666667,FALSE,0,99
"MR-PCA","Int-Euclidean",0.724747510251904,0.217644991212654,0.734332941398802,0.240779143740492,0.124,0.0326666666666667,FALSE,0,99
"MR-PCA","Hausdorff",0.7282870533099,0.203357937902753,0.751362263413472,0.204776571986767,0.129666666666667,0.0176666666666667,FALSE,0,99
"MR-PCA","Ichino-Yaguchi",0.709015817223199,0.249602811950791,0.723370099647781,0.263967820532365,0.132666666666667,0.0223333333333333,FALSE,0,99
"MR-PCA","Wasserstein",0.733346807264206,0.222972466315173,0.745154286801202,0.23577646713315,0.141666666666667,0.0213333333333333,FALSE,0,99
"MR-PCA","Centers-Euclidean",0.819183362624487,0.144986526069127,0.823009636554028,0.158274407289215,0.184,0.0213333333333333,FALSE,0,99
"SPCA","Int-Euclidean",0.927117750439367,0.0545448154657293,0.919538984897241,0.064653056575051,0.322,0.0683333333333333,FALSE,0,99
"SPCA","Hausdorff",0.943162272993556,0.0317867603983597,0.935343087790111,0.0397566060465381,0.336666666666667,0.0603333333333333,FALSE,0,99
"SPCA","Ichino-Yaguchi",0.919821909783245,0.0591142355008788,0.915488809754856,0.0695791148174741,0.332,0.0736666666666667,FALSE,0,99
"SPCA","Wasserstein",0.915586408904511,0.0587908611599297,0.912242534092394,0.0707314883088217,0.312333333333333,0.0753333333333333,FALSE,0,99
"SPCA","Centers-Euclidean",0.819183362624487,0.144986526069127,0.823009636554028,0.158274407289215,0.184,0.0213333333333333,FALSE,0,99
"IMDS","Int-Euclidean",0.474370240187463,-0.0735489162272994,0.468661818376648,-0.066053586185605,0.0353333333333333,0.001,TRUE,0,99
"IMDS","Hausdorff",0.553536613942589,-0.0811212653778559,0.562731092843349,-0.0920951026912991,0.046,-0.00566666666666667,TRUE,0,99
"IMDS","Ichino-Yaguchi",0.544567662565905,-0.0680503807850029,0.550376445978204,-0.0850108392234815,0.0453333333333333,-0.006,FALSE,0,99
"IMDS","Wasserstein",0.538100761570006,-0.0602858816637376,0.548273638925593,-0.0777524895825706,0.0436666666666667,-0.00333333333333333,FALSE,0,99
"IMDS","Centers-Euclidean",0.494226127709432,0.0102589338019918,0.488092153894406,0.0204937730307593,0.0296666666666667,0.005,TRUE,0,99
"Int-UMAP","Int-Euclidean",0.776567662565905,-0.103394258933802,0.778864954988937,-0.0916577464332499,0.173666666666667,-0.002,FALSE,0,99
"Int-UMAP","Hausdorff",0.903694200351494,-0.00940128881077917,0.905481406291186,-0.0022838192446456,0.296333333333333,0.00466666666666667,FALSE,0,99
"Int-UMAP","Ichino-Yaguchi",0.871573520796719,0.0177270064440539,0.879305295660334,0.0282821630794602,0.303666666666667,-0.001,FALSE,0,99
"Int-UMAP","Wasserstein",0.857638547158758,0.0034036321031049,0.868183428737843,0.0176375052330859,0.282,0.00833333333333333,FALSE,0,99
"Int-UMAP","Centers-Euclidean",0.607469244288225,-0.104285881663738,0.613556189487527,-0.103133182669585,0.122333333333333,0.003,FALSE,0,99
"C-PCA","Int-Euclidean",0.929912126537786,0.0545823081429407,0.923315435296798,0.0658904106224237,0.345,0.0716666666666667,FALSE,0,100
"C-PCA","Hausdorff",0.947089630931459,0.0317281780902168,0.940117376946297,0.0397835977931921,0.358333333333333,0.069,FALSE,0,100
"C-PCA","Ichino-Yaguchi",0.926882835383714,0.0593450497949619,0.921954558929345,0.0690166373368225,0.364,0.0733333333333333,FALSE,0,100
"C-PCA","Wasserstein",0.921851786760398,0.0566315172817808,0.917683067430394,0.0705606122223087,0.341333333333333,0.085,FALSE,0,100
"C-PCA","Centers-Euclidean",0.831470415934388,0.146603397773872,0.829216179296922,0.168496159640323,0.212333333333333,0.0536666666666667,FALSE,0,100
"V-PCA","Int-Euclidean",0.929223198594025,0.0551939074399531,0.922819559052928,0.0663090881987791,0.342,0.0693333333333333,FALSE,0,100
"V-PCA","Hausdorff",0.947439953134154,0.0309408318687756,0.939801762953145,0.0402206117034138,0.361666666666667,0.0726666666666667,FALSE,0,100
"V-PCA","Ichino-Yaguchi",0.926837727006444,0.059062683069713,0.922045582001286,0.0686884562615341,0.365333333333333,0.0766666666666667,FALSE,0,100
"V-PCA","Wasserstein",0.921595782073814,0.0565225541886351,0.917910683447544,0.0697550462914135,0.340666666666667,0.0833333333333333,FALSE,0,100
"V-PCA","Centers-Euclidean",0.830916227299356,0.1477539543058,0.829081074720407,0.168681770500149,0.213333333333333,0.055,FALSE,0,100
"MR-PCA","Int-Euclidean",0.735687756297598,0.224943175161101,0.740946795156101,0.257573366444356,0.135333333333333,0.0456666666666667,FALSE,0,100
"MR-PCA","Hausdorff",0.720906268306971,0.224631517281781,0.730035628737137,0.252524759961209,0.132333333333333,0.0416666666666667,FALSE,0,100
"MR-PCA","Ichino-Yaguchi",0.715526069127124,0.25491388400703,0.720940983686589,0.285574804305231,0.138333333333333,0.0396666666666667,FALSE,0,100
"MR-PCA","Wasserstein",0.740452255418864,0.228911540714704,0.743367738522405,0.256720350797525,0.149333333333333,0.039,FALSE,0,100
"MR-PCA","Centers-Euclidean",0.831470415934388,0.146603397773872,0.829216179296922,0.168496159640323,0.212333333333333,0.0536666666666667,FALSE,0,100
"SPCA","Int-Euclidean",0.929912126537786,0.0545823081429407,0.923315435296798,0.0658904106224237,0.345,0.0716666666666667,FALSE,0,100
"SPCA","Hausdorff",0.947089630931459,0.0317281780902168,0.940117376946297,0.0397835977931921,0.358333333333333,0.069,FALSE,0,100
"SPCA","Ichino-Yaguchi",0.926882835383714,0.0593450497949619,0.921954558929345,0.0690166373368225,0.364,0.0733333333333333,FALSE,0,100
"SPCA","Wasserstein",0.921851786760398,0.0566315172817808,0.917683067430394,0.0705606122223087,0.341333333333333,0.085,FALSE,0,100
"SPCA","Centers-Euclidean",0.831470415934388,0.146603397773872,0.829216179296922,0.168496159640323,0.212333333333333,0.0536666666666667,FALSE,0,100
"IMDS","Int-Euclidean",0.517865260691271,-0.0503690685413005,0.498067477984962,-0.0189379863776268,0.04,0.003,TRUE,0,100
"IMDS","Hausdorff",0.570069127123609,-0.0792267135325132,0.577986637074305,-0.112200705482155,0.059,-0.00233333333333334,TRUE,0,100
"IMDS","Ichino-Yaguchi",0.558154071470416,-0.0609338019917984,0.562969111321842,-0.0883142086783485,0.055,-0.002,FALSE,0,100
"IMDS","Wasserstein",0.550240773286467,-0.0677527826596369,0.557597420601018,-0.0929249829939101,0.051,-0.000666666666666666,FALSE,0,100
"IMDS","Centers-Euclidean",0.500302870533099,0.00157820738137093,0.498565660087294,-0.0003435590940708,0.0326666666666667,0.00166666666666667,FALSE,0,100
"Int-UMAP","Int-Euclidean",0.805220269478617,-0.110051552431166,0.807273857383422,-0.0935679244955704,0.205,0.00533333333333333,FALSE,0,100
"Int-UMAP","Hausdorff",0.903668424135911,-0.00778207381370821,0.908529543159084,-0.00243911466702529,0.309666666666667,0.016,FALSE,0,100
"Int-UMAP","Ichino-Yaguchi",0.877752782659637,0.0194938488576449,0.888797428798944,0.0229047921480453,0.314333333333333,0.023,FALSE,0,100
"Int-UMAP","Wasserstein",0.856384885764499,0.000821323960163989,0.874462893870792,0.0102172005066748,0.292,0.0343333333333333,FALSE,0,100
"Int-UMAP","Centers-Euclidean",0.610393087287639,-0.0968424135910955,0.619116737999365,-0.103946367758633,0.131666666666667,-0.005,FALSE,0,100
