"IDR","Metric","Q_TC","B_TC","Q_RE","B_RE","Q_LC","B_LC","rep","kind"
"nullproj","Int-Euclidean",0.255,0.355,0.19,0.68,0.425,0.71,1,"raw"
"nullproj","Hausdorff",0.345,0.55,0.37,0.905,0.615,0.675,1,"raw"
"nullproj","Ichino-Yaguchi",0.175,0.965,0.16,0.585,0.53,0.685,1,"raw"
"nullproj","Wasserstein",0.2,0.745,0.225,0.835,0.505,0.69,1,"raw"
"nullproj","Centers-Euclidean",0.085,0.86,0.16,0.52,0.535,0.56,1,"raw"
"nullproj","Int-Euclidean",0.8,0.91,0.67,0.995,0.93,1,1,"minP"
"nullproj","Hausdorff",0.9,0.995,0.905,1,0.995,1,1,"minP"
"nullproj","Ichino-Yaguchi",0.65,1,0.61,0.99,0.965,1,1,"minP"
"nullproj","Wasserstein",0.705,1,0.72,1,0.965,1,1,"minP"
"nullproj","Centers-Euclidean",0.38,1,0.61,0.975,0.965,0.985,1,"minP"
"nullproj","Int-Euclidean",0.85,0.39,0.95,0.905,0.545,0.875,2,"raw"
"nullproj","Hausdorff",0.865,0.035,0.68,0.24,0.77,1,2,"raw"
"nullproj","Ichino-Yaguchi",0.925,0.015,0.875,0.225,0.845,0.89,2,"raw"
"nullproj","Wasserstein",0.92,0.03,0.9,0.335,0.775,0.675,2,"raw"
"nullproj","Centers-Euclidean",0.515,0.755,0.645,0.165,0.41,0.3,2,"raw"
"nullproj","Int-Euclidean",1,0.95,1,1,0.955,1,2,"minP"
"nullproj","Hausdorff",1,0.175,1,0.77,1,1,2,"minP"
"nullproj","Ichino-Yaguchi",1,0.08,1,0.75,1,1,2,"minP"
"nullproj","Wasserstein",1,0.16,1,0.91,1,0.99,2,"minP"
"nullproj","Centers-Euclidean",0.98,1,1,0.655,0.895,0.835,2,"minP"
"nullproj","Int-Euclidean",0.025,0.06,0.005,0.07,0.16,0.885,3,"raw"
"nullproj","Hausdorff",0.065,0.865,0.045,0.24,0.235,0.545,3,"raw"
"nullproj","Ichino-Yaguchi",0.1,0.83,0.085,0.145,0.425,0.78,3,"raw"
"nullproj","Wasserstein",0.075,0.875,0.07,0.19,0.16,0.02,3,"raw"
"nullproj","Centers-Euclidean",0.42,0.72,0.3,0.7,0.535,0.515,3,"raw"
"nullproj","Int-Euclidean",0.12,0.285,0.005,0.33,0.62,1,3,"minP"
"nullproj","Hausdorff",0.295,1,0.23,0.745,0.745,0.975,3,"minP"
"nullproj","Ichino-Yaguchi",0.45,1,0.395,0.57,0.93,1,3,"minP"
"nullproj","Wasserstein",0.335,1,0.33,0.69,0.62,0.095,3,"minP"
"nullproj","Centers-Euclidean",0.94,1,0.835,1,0.975,0.97,3,"minP"
"nullproj","Int-Euclidean",0.645,0.47,0.51,0.23,0.3,0.86,4,"raw"
"nullproj","Hausdorff",0.475,0.5,0.43,0.85,0.43,0.355,4,"raw"
"nullproj","Ichino-Yaguchi",0.325,0.85,0.455,0.74,0.175,0.685,4,"raw"
"nullproj","Wasserstein",0.2,0.81,0.225,0.64,0.17,0.365,4,"raw"
"nullproj","Centers-Euclidean",0.155,0.3,0.1,0.94,0.15,0.665,4,"raw"
"nullproj","Int-Euclidean",1,0.965,0.995,0.735,0.86,1,4,"minP"
"nullproj","Hausdorff",0.97,0.985,0.95,1,0.95,0.925,4,"minP"
"nullproj","Ichino-Yaguchi",0.905,1,0.965,1,0.635,0.99,4,"minP"
"nullproj","Wasserstein",0.75,1,0.72,0.995,0.62,0.93,4,"minP"
"nullproj","Centers-Euclidean",0.625,0.88,0.445,1,0.58,0.99,4,"minP"
"nullproj","Int-Euclidean",0.49,0.645,0.505,0.41,0.87,1,5,"raw"
"nullproj","Hausdorff",0.63,0.72,0.385,0.305,0.525,0.9,5,"raw"
"nullproj","Ichino-Yaguchi",0.66,0.74,0.365,0.225,0.63,0.75,5,"raw"
"nullproj","Wasserstein",0.71,0.945,0.425,0.315,0.68,0.75,5,"raw"
"nullproj","Centers-Euclidean",0.62,0.86,0.545,0.375,0.515,0.33,5,"raw"
"nullproj","Int-Euclidean",0.97,0.995,0.975,0.945,1,1,5,"minP"
"nullproj","Hausdorff",0.99,1,0.93,0.865,0.985,1,5,"minP"
"nullproj","Ichino-Yaguchi",1,1,0.915,0.74,0.99,1,5,"minP"
"nullproj","Wasserstein",1,1,0.95,0.87,0.995,1,5,"minP"
"nullproj","Centers-Euclidean",0.99,1,0.985,0.92,0.985,0.9,5,"minP"
"nullproj","Int-Euclidean",0.39,0.335,0.275,0.315,0.55,0.71,6,"raw"
"nullproj","Hausdorff",0.105,0.02,0.275,0.01,0.19,0.37,6,"raw"
"nullproj","Ichino-Yaguchi",0.04,0.025,0.125,0.015,0.045,0.905,6,"raw"
"nullproj","Wasserstein",0.16,0.07,0.315,0.015,0.205,0.69,6,"raw"
"nullproj","Centers-Euclidean",0.11,0.82,0.115,0.41,0.545,0.685,6,"raw"
"nullproj","Int-Euclidean",0.925,0.89,0.83,0.88,0.98,0.99,6,"minP"
"nullproj","Hausdorff",0.5,0.11,0.83,0.045,0.69,0.89,6,"minP"
"nullproj","Ichino-Yaguchi",0.24,0.155,0.54,0.07,0.205,1,6,"minP"
"nullproj","Wasserstein",0.67,0.35,0.88,0.07,0.69,0.99,6,"minP"
"nullproj","Centers-Euclidean",0.53,1,0.495,0.95,0.965,0.99,6,"minP"
"nullproj","Int-Euclidean",0.585,0.635,0.635,0.54,0.33,0.23,7,"raw"
"nullproj","Hausdorff",0.93,0.065,0.94,0.245,0.57,0.5,7,"raw"
"nullproj","Ichino-Yaguchi",0.69,0.8,0.845,0.65,0.215,0.51,7,"raw"
"nullproj","Wasserstein",0.57,0.79,0.695,0.835,0.24,0.325,7,"raw"
"nullproj","Centers-Euclidean",0.14,0.22,0.145,0.56,0.135,0.685,7,"raw"
"nullproj","Int-Euclidean",0.985,0.995,1,0.995,0.91,0.765,7,"minP"
"nullproj","Hausdorff",1,0.315,1,0.785,0.995,0.995,7,"minP"
"nullproj","Ichino-Yaguchi",1,1,1,1,0.72,0.995,7,"minP"
"nullproj","Wasserstein",0.985,1,1,1,0.81,0.91,7,"minP"
"nullproj","Centers-Euclidean",0.56,0.735,0.575,1,0.545,0.995,7,"minP"
"nullproj","Int-Euclidean",0.46,0.915,0.515,0.455,0.645,0.83,8,"raw"
"nullproj","Hausdorff",0.245,0.755,0.24,0.535,0.24,0.705,8,"raw"
"nullproj","Ichino-Yaguchi",0.205,0.735,0.125,0.625,0.61,0.595,8,"raw"
"nullproj","Wasserstein",0.16,0.74,0.115,0.425,0.32,0.55,8,"raw"
"nullproj","Centers-Euclidean",0.035,0.515,0.135,0.12,0.245,1,8,"raw"
"nullproj","Int-Euclidean",0.97,1,0.975,0.945,1,1,8,"minP"
"nullproj","Hausdorff",0.81,1,0.735,0.975,0.785,1,8,"minP"
"nullproj","Ichino-Yaguchi",0.735,1,0.51,0.985,0.995,0.995,8,"minP"
"nullproj","Wasserstein",0.675,1,0.485,0.915,0.89,0.985,8,"minP"
"nullproj","Centers-Euclidean",0.175,0.98,0.54,0.495,0.795,1,8,"minP"
"nullproj","Int-Euclidean",0.04,0.13,0.08,0.055,0.02,0.29,9,"raw"
"nullproj","Hausdorff",0.87,0.395,0.71,0.12,0.85,1,9,"raw"
"nullproj","Ichino-Yaguchi",0.71,0.14,0.77,0.105,0.5,0.435,9,"raw"
"nullproj","Wasserstein",0.79,0.3,0.72,0.195,0.635,0.62,9,"raw"
"nullproj","Centers-Euclidean",0.385,0.69,0.21,0.855,0.63,0.565,9,"raw"
"nullproj","Int-Euclidean",0.21,0.545,0.395,0.28,0.13,0.835,9,"minP"
"nullproj","Hausdorff",1,0.955,0.995,0.505,1,1,9,"minP"
"nullproj","Ichino-Yaguchi",1,0.57,1,0.475,0.975,0.955,9,"minP"
"nullproj","Wasserstein",1,0.86,1,0.68,0.995,0.995,9,"minP"
"nullproj","Centers-Euclidean",0.955,1,0.705,1,0.995,0.985,9,"minP"
"nullproj","Int-Euclidean",0.07,0.095,0.095,0.075,0.325,0.32,10,"raw"
"nullproj","Hausdorff",0.695,0.08,0.605,0.735,0.17,0.095,10,"raw"
"nullproj","Ichino-Yaguchi",0.375,0.975,0.51,0.53,0.11,0.26,10,"raw"
"nullproj","Wasserstein",0.35,0.875,0.405,0.59,0.14,0.055,10,"raw"
"nullproj","Centers-Euclidean",0.215,0.465,0.26,0.445,0.185,1,10,"raw"
"nullproj","Int-Euclidean",0.36,0.46,0.47,0.41,0.89,0.89,10,"minP"
"nullproj","Hausdorff",1,0.395,0.995,1,0.705,0.465,10,"minP"
"nullproj","Ichino-Yaguchi",0.945,1,0.97,0.975,0.5,0.86,10,"minP"
"nullproj","Wasserstein",0.93,1,0.935,0.995,0.61,0.27,10,"minP"
"nullproj","Centers-Euclidean",0.765,0.975,0.81,0.95,0.75,1,10,"minP"
"nullproj","Int-Euclidean",0.745,0.085,0.775,0.335,0.665,0.895,11,"raw"
"nullproj","Hausdorff",0.585,0.42,0.305,0.595,0.315,0.855,11,"raw"
"nullproj","Ichino-Yaguchi",0.455,0.285,0.245,0.45,0.395,0.55,11,"raw"
"nullproj","Wasserstein",0.57,0.15,0.31,0.27,0.485,0.675,11,"raw"
"nullproj","Centers-Euclidean",0.135,0.975,0.385,0.55,0.185,0.885,11,"raw"
"nullproj","Int-Euclidean",1,0.385,1,0.885,0.995,1,11,"minP"
"nullproj","Hausdorff",0.995,0.945,0.86,1,0.84,1,11,"minP"
"nullproj","Ichino-Yaguchi",0.98,0.825,0.765,0.98,0.915,0.99,11,"minP"
"nullproj","Wasserstein",0.99,0.59,0.865,0.795,0.975,0.995,11,"minP"
"nullproj","Centers-Euclidean",0.545,1,0.93,0.995,0.655,1,11,"minP"
"nullproj","Int-Euclidean",0.825,0.68,0.8,0.3,0.79,0.575,12,"raw"
"nullproj","Hausdorff",0.57,0.025,0.78,0.015,0.4,0.55,12,"raw"
"nullproj","Ichino-Yaguchi",0.76,0.05,0.74,0.02,0.49,0.115,12,"raw"
"nullproj","Wasserstein",0.78,0.025,0.76,0.025,0.565,0.135,12,"raw"
"nullproj","Centers-Euclidean",0.635,0.19,0.685,0.495,0.86,0.45,12,"raw"
"nullproj","Int-Euclidean",1,1,1,0.83,1,0.99,12,"minP"
"nullproj","Hausdorff",0.99,0.145,1,0.07,0.92,0.98,12,"minP"
"nullproj","Ichino-Yaguchi",1,0.25,1,0.1,0.97,0.47,12,"minP"
"nullproj","Wasserstein",1,0.145,1,0.135,0.985,0.505,12,"minP"
"nullproj","Centers-Euclidean",1,0.675,1,0.965,1,0.95,12,"minP"
"nullproj","Int-Euclidean",0.295,0.645,0.625,0.715,0.075,0.13,13,"raw"
"nullproj","Hausdorff",0.43,0.705,0.36,0.81,0.35,0.015,13,"raw"
"nullproj","Ichino-Yaguchi",0.28,0.85,0.405,0.945,0.08,0.7,13,"raw"
"nullproj","Wasserstein",0.29,0.995,0.36,0.99,0.06,0.05,13,"raw"
"nullproj","Centers-Euclidean",0.29,0.995,0.205,0.71,0.14,1,13,"raw"
"nullproj","Int-Euclidean",0.905,1,1,1,0.36,0.535,13,"minP"
"nullproj","Hausdorff",0.995,1,0.92,1,0.915,0.075,13,"minP"
"nullproj","Ichino-Yaguchi",0.89,1,0.955,1,0.365,1,13,"minP"
"nullproj","Wasserstein",0.9,1,0.92,1,0.32,0.27,13,"minP"
"nullproj","Centers-Euclidean",0.9,1,0.74,1,0.56,1,13,"minP"
"nullproj","Int-Euclidean",0.465,0.465,0.445,0.74,0.555,0.36,14,"raw"
"nullproj","Hausdorff",0.2,0.775,0.26,0.99,0.415,0.115,14,"raw"
"nullproj","Ichino-Yaguchi",0.45,0.48,0.44,0.605,0.61,0.91,14,"raw"
"nullproj","Wasserstein",0.43,0.975,0.24,0.735,0.455,0.72,14,"raw"
"nullproj","Centers-Euclidean",0.17,0.16,0.015,0.24,0.19,0.165,14,"raw"
"nullproj","Int-Euclidean",0.985,0.985,0.95,1,0.99,0.925,14,"minP"
"nullproj","Hausdorff",0.705,1,0.82,1,0.94,0.515,14,"minP"
"nullproj","Ichino-Yaguchi",0.975,0.985,0.95,1,1,1,14,"minP"
"nullproj","Wasserstein",0.97,1,0.81,1,0.945,1,14,"minP"
"nullproj","Centers-Euclidean",0.63,0.595,0.07,0.81,0.73,0.675,14,"minP"
"nullproj","Int-Euclidean",0.29,0.955,0.295,0.995,0.1,0.14,15,"raw"
"nullproj","Hausdorff",0.375,0.065,0.37,0.09,0.11,0.34,15,"raw"
"nullproj","Ichino-Yaguchi",0.15,0.185,0.135,0.13,0.04,0.275,15,"raw"
"nullproj","Wasserstein",0.1,0.34,0.13,0.22,0.005,0.41,15,"raw"
"nullproj","Centers-Euclidean",0.425,0.27,0.685,0.075,0.19,0.655,15,"raw"
"nullproj","Int-Euclidean",0.87,1,0.85,1,0.39,0.54,15,"minP"
"nullproj","Hausdorff",0.935,0.325,0.93,0.395,0.42,0.905,15,"minP"
"nullproj","Ichino-Yaguchi",0.625,0.67,0.535,0.525,0.19,0.835,15,"minP"
"nullproj","Wasserstein",0.47,0.92,0.525,0.75,0.005,0.955,15,"minP"
"nullproj","Centers-Euclidean",0.965,0.845,0.99,0.345,0.71,0.995,15,"minP"
"nullproj","Int-Euclidean",0.71,0.555,0.61,0.685,0.875,0.555,16,"raw"
"nullproj","Hausdorff",0.445,0.11,0.35,0.025,0.395,0.38,16,"raw"
"nullproj","Ichino-Yaguchi",0.395,0.395,0.32,0.09,0.245,0.52,16,"raw"
"nullproj","Wasserstein",0.405,0.185,0.315,0.11,0.535,1,16,"raw"
"nullproj","Centers-Euclidean",0.275,0.335,0.145,0.28,0.79,0.325,16,"raw"
"nullproj","Int-Euclidean",1,0.99,0.995,1,1,0.98,16,"minP"
"nullproj","Hausdorff",0.965,0.465,0.885,0.13,0.92,0.91,16,"minP"
"nullproj","Ichino-Yaguchi",0.945,0.945,0.855,0.4,0.795,0.96,16,"minP"
"nullproj","Wasserstein",0.945,0.675,0.85,0.46,0.97,1,16,"minP"
"nullproj","Centers-Euclidean",0.845,0.915,0.565,0.81,1,0.875,16,"minP"
"nullproj","Int-Euclidean",0.26,0.68,0.155,0.53,0.29,0.31,17,"raw"
"nullproj","Hausdorff",0.335,0.395,0.465,0.795,0.5,0.75,17,"raw"
"nullproj","Ichino-Yaguchi",0.355,0.925,0.33,0.71,0.58,0.89,17,"raw"
"nullproj","Wasserstein",0.335,0.955,0.32,0.985,0.405,0.485,17,"raw"
"nullproj","Centers-Euclidean",0.13,0.86,0.11,0.885,0.455,0.57,17,"raw"
"nullproj","Int-Euclidean",0.84,1,0.595,0.965,0.815,0.825,17,"minP"
"nullproj","Hausdorff",0.905,0.945,0.955,1,0.985,1,17,"minP"
"nullproj","Ichino-Yaguchi",0.92,1,0.885,0.995,0.995,1,17,"minP"
"nullproj","Wasserstein",0.905,1,0.87,1,0.935,0.985,17,"minP"
"nullproj","Centers-Euclidean",0.56,1,0.46,1,0.97,0.995,17,"minP"
"nullproj","Int-Euclidean",0.305,0.975,0.29,0.745,0.5,0.73,18,"raw"
"nullproj","Hausdorff",0.59,0.615,0.83,0.635,0.52,0.585,18,"raw"
"nullproj","Ichino-Yaguchi",0.725,0.665,0.89,0.79,0.495,0.425,18,"raw"
"nullproj","Wasserstein",0.765,0.815,0.805,0.855,0.635,0.53,18,"raw"
"nullproj","Centers-Euclidean",0.835,0.255,0.78,0.665,0.995,1,18,"raw"
"nullproj","Int-Euclidean",0.86,1,0.835,1,0.975,1,18,"minP"
"nullproj","Hausdorff",0.995,0.995,1,0.995,0.98,0.99,18,"minP"
"nullproj","Ichino-Yaguchi",1,0.995,1,1,0.97,0.935,18,"minP"
"nullproj","Wasserstein",1,1,1,1,1,0.985,18,"minP"
"nullproj","Centers-Euclidean",1,0.8,1,1,1,1,18,"minP"
"nullproj","Int-Euclidean",0.97,0.135,1,0.02,0.935,0.575,19,"raw"
"nullproj","Hausdorff",0.94,0.79,0.99,0.585,0.65,0.16,19,"raw"
"nullproj","Ichino-Yaguchi",0.995,0.9,0.995,0.5,0.63,0.155,19,"raw"
"nullproj","Wasserstein",0.995,0.6,0.995,0.915,0.46,0.115,19,"raw"
"nullproj","Centers-Euclidean",0.97,0.945,0.99,0.885,0.705,0.71,19,"raw"
"nullproj","Int-Euclidean",1,0.57,1,0.105,1,0.99,19,"minP"
"nullproj","Hausdorff",1,1,1,0.99,0.99,0.595,19,"minP"
"nullproj","Ichino-Yaguchi",1,1,1,0.98,0.99,0.58,19,"minP"
"nullproj","Wasserstein",1,1,1,1,0.96,0.48,19,"minP"
"nullproj","Centers-Euclidean",1,1,1,1,1,1,19,"minP"
"nullproj","Int-Euclidean",0.135,0.345,0.155,0.465,0.055,0.885,20,"raw"
"nullproj","Hausdorff",0.16,0.595,0.045,0.86,0.54,0.305,20,"raw"
"nullproj","Ichino-Yaguchi",0.155,0.925,0.03,0.575,0.26,0.705,20,"raw"
"nullproj","Wasserstein",0.09,0.94,0.025,0.805,0.07,0.54,20,"raw"
"nullproj","Centers-Euclidean",0.325,0.66,0.535,0.715,0.075,0.76,20,"raw"
"nullproj","Int-Euclidean",0.55,0.905,0.585,0.96,0.235,1,20,"minP"
"nullproj","Hausdorff",0.615,0.995,0.24,1,0.98,0.855,20,"minP"
"nullproj","Ichino-Yaguchi",0.61,1,0.19,0.995,0.775,0.995,20,"minP"
"nullproj","Wasserstein",0.435,1,0.165,1,0.345,0.98,20,"minP"
"nullproj","Centers-Euclidean",0.885,1,0.985,1,0.355,1,20,"minP"
"nullproj","Int-Euclidean",0.23,0.24,0.17,0.145,0.15,0.66,21,"raw"
"nullproj","Hausdorff",0.775,0.835,0.69,0.335,0.235,0.165,21,"raw"
"nullproj","Ichino-Yaguchi",0.52,0.39,0.62,0.425,0.085,0.625,21,"raw"
"nullproj","Wasserstein",0.545,0.515,0.72,0.67,0.2,0.33,21,"raw"
"nullproj","Centers-Euclidean",0.28,0.815,0.49,0.955,0.12,0.28,21,"raw"
"nullproj","Int-Euclidean",0.745,0.755,0.605,0.575,0.565,0.995,21,"minP"
"nullproj","Hausdorff",1,1,1,0.895,0.73,0.615,21,"minP"
"nullproj","Ichino-Yaguchi",0.975,0.93,1,0.95,0.395,0.995,21,"minP"
"nullproj","Wasserstein",0.98,0.975,1,1,0.705,0.85,21,"minP"
"nullproj","Centers-Euclidean",0.815,1,0.97,1,0.5,0.81,21,"minP"
"nullproj","Int-Euclidean",0.525,0.905,0.74,0.85,0.835,1,22,"raw"
"nullproj","Hausdorff",0.79,0.425,0.84,0.575,0.475,0.905,22,"raw"
"nullproj","Ichino-Yaguchi",0.895,0.905,0.895,0.96,0.5,0.895,22,"raw"
"nullproj","Wasserstein",0.945,0.4,0.915,0.815,0.785,0.73,22,"raw"
"nullproj","Centers-Euclidean",0.84,0.315,0.945,0.71,0.66,0.465,22,"raw"
"nullproj","Int-Euclidean",0.99,1,1,1,1,1,22,"minP"
"nullproj","Hausdorff",1,0.955,1,1,0.97,1,22,"minP"
"nullproj","Ichino-Yaguchi",1,1,1,1,0.97,1,22,"minP"
"nullproj","Wasserstein",1,0.945,1,1,1,1,22,"minP"
"nullproj","Centers-Euclidean",1,0.895,1,1,0.99,0.955,22,"minP"
"nullproj","Int-Euclidean",0.02,0.005,0.015,0.01,0.075,0.36,23,"raw"
"nullproj","Hausdorff",0.075,0.975,0.025,0.635,0.225,0.11,23,"raw"
"nullproj","Ichino-Yaguchi",0.02,0.405,0.02,0.335,0.11,1,23,"raw"
"nullproj","Wasserstein",0.03,0.29,0.02,0.3,0.155,0.54,23,"raw"
"nullproj","Centers-Euclidean",0.075,0.175,0.035,0.13,0.165,0.895,23,"raw"
"nullproj","Int-Euclidean",0.095,0.005,0.065,0.04,0.365,0.89,23,"minP"
"nullproj","Hausdorff",0.385,1,0.125,1,0.745,0.44,23,"minP"
"nullproj","Ichino-Yaguchi",0.095,0.97,0.1,0.895,0.44,1,23,"minP"
"nullproj","Wasserstein",0.18,0.875,0.1,0.86,0.59,0.985,23,"minP"
"nullproj","Centers-Euclidean",0.385,0.645,0.18,0.52,0.61,1,23,"minP"
"nullproj","Int-Euclidean",0.115,0.615,0.325,0.825,0.795,0.87,24,"raw"
"nullproj","Hausdorff",0.925,0.385,0.89,0.73,0.995,0.89,24,"raw"
"nullproj","Ichino-Yaguchi",0.915,0.7,0.89,0.905,0.965,0.86,24,"raw"
"nullproj","Wasserstein",0.88,0.71,0.9,0.845,0.97,0.88,24,"raw"
"nullproj","Centers-Euclidean",0.73,0.63,0.71,0.94,0.55,0.435,24,"raw"
"nullproj","Int-Euclidean",0.505,1,0.9,1,1,1,24,"minP"
"nullproj","Hausdorff",1,0.95,1,1,1,1,24,"minP"
"nullproj","Ichino-Yaguchi",1,1,1,1,1,1,24,"minP"
"nullproj","Wasserstein",1,1,1,1,1,1,24,"minP"
"nullproj","Centers-Euclidean",1,1,1,1,0.99,0.94,24,"minP"
"nullproj","Int-Euclidean",0.33,0.48,0.265,0.49,0.865,0.86,25,"raw"
"nullproj","Hausdorff",0.245,0.955,0.375,0.485,0.44,0.375,25,"raw"
"nullproj","Ichino-Yaguchi",0.525,0.92,0.62,0.98,0.735,0.575,25,"raw"
"nullproj","Wasserstein",0.295,0.86,0.41,0.595,0.65,0.195,25,"raw"
"nullproj","Centers-Euclidean",0.17,0.865,0.095,0.745,0.43,0.745,25,"raw"
"nullproj","Int-Euclidean",0.875,0.96,0.81,0.965,1,1,25,"minP"
"nullproj","Hausdorff",0.785,1,0.93,0.965,0.97,0.91,25,"minP"
"nullproj","Ichino-Yaguchi",0.98,1,0.98,1,1,0.995,25,"minP"
"nullproj","Wasserstein",0.83,0.995,0.955,0.97,0.995,0.7,25,"minP"
"nullproj","Centers-Euclidean",0.635,0.995,0.45,0.995,0.97,1,25,"minP"
"nullproj","Int-Euclidean",0.66,0.625,0.7,0.75,0.15,0.575,26,"raw"
"nullproj","Hausdorff",0.985,0.635,0.995,0.615,0.985,1,26,"raw"
"nullproj","Ichino-Yaguchi",0.99,0.785,0.995,0.94,0.95,0.095,26,"raw"
"nullproj","Wasserstein",0.985,0.69,0.995,0.695,0.905,0.2,26,"raw"
"nullproj","Centers-Euclidean",0.95,0.165,0.975,0.185,0.59,0.895,26,"raw"
"nullproj","Int-Euclidean",1,1,1,1,0.605,0.995,26,"minP"
"nullproj","Hausdorff",1,1,1,0.995,1,1,26,"minP"
"nullproj","Ichino-Yaguchi",1,1,1,1,1,0.45,26,"minP"
"nullproj","Wasserstein",1,1,1,1,1,0.725,26,"minP"
"nullproj","Centers-Euclidean",1,0.7,1,0.71,1,1,26,"minP"
"nullproj","Int-Euclidean",0.935,0.45,0.96,0.22,0.97,1,27,"raw"
"nullproj","Hausdorff",0.66,0.99,0.965,0.84,0.695,0.07,27,"raw"
"nullproj","Ichino-Yaguchi",0.95,0.405,0.995,0.64,0.945,0.15,27,"raw"
"nullproj","Wasserstein",0.955,0.46,1,0.695,0.87,0.385,27,"raw"
"nullproj","Centers-Euclidean",1,0.52,1,0.935,0.905,0.585,27,"raw"
"nullproj","Int-Euclidean",1,0.97,1,0.765,1,1,27,"minP"
"nullproj","Hausdorff",0.995,1,1,1,0.995,0.335,27,"minP"
"nullproj","Ichino-Yaguchi",1,0.94,1,0.99,1,0.575,27,"minP"
"nullproj","Wasserstein",1,0.97,1,1,1,0.895,27,"minP"
"nullproj","Centers-Euclidean",1,0.99,1,1,1,0.985,27,"minP"
"nullproj","Int-Euclidean",0.7,0.83,0.8,0.66,0.88,0.025,28,"raw"
"nullproj","Hausdorff",0.735,0.195,0.925,0.285,0.79,0.25,28,"raw"
"nullproj","Ichino-Yaguchi",0.665,0.41,0.89,0.42,0.95,0.13,28,"raw"
"nullproj","Wasserstein",0.85,0.915,0.94,0.735,0.95,0.135,28,"raw"
"nullproj","Centers-Euclidean",0.81,0.65,0.92,0.925,1,0.89,28,"raw"
"nullproj","Int-Euclidean",1,1,1,0.995,1,0.14,28,"minP"
"nullproj","Hausdorff",1,0.715,1,0.875,1,0.765,28,"minP"
"nullproj","Ichino-Yaguchi",1,0.985,1,0.95,1,0.535,28,"minP"
"nullproj","Wasserstein",1,1,1,0.995,1,0.54,28,"minP"
"nullproj","Centers-Euclidean",1,1,1,1,1,1,28,"minP"
"nullproj","Int-Euclidean",0.675,0.055,0.71,0.065,0.23,0.02,29,"raw"
"nullproj","Hausdorff",0.945,0.005,0.895,0.05,0.41,0.56,29,"raw"
"nullproj","Ichino-Yaguchi",0.985,0.03,0.975,0.085,0.545,0.51,29,"raw"
"nullproj","Wasserstein",0.995,0.02,0.98,0.055,0.745,0.075,29,"raw"
"nullproj","Centers-Euclidean",0.94,0.03,0.985,0.065,0.54,0.095,29,"raw"
"nullproj","Int-Euclidean",1,0.285,1,0.335,0.77,0.1,29,"minP"
"nullproj","Hausdorff",1,0.005,1,0.275,0.945,0.995,29,"minP"
"nullproj","Ichino-Yaguchi",1,0.165,1,0.415,0.995,0.995,29,"minP"
"nullproj","Wasserstein",1,0.115,1,0.295,0.995,0.35,29,"minP"
"nullproj","Centers-Euclidean",1,0.165,1,0.335,0.995,0.46,29,"minP"
"nullproj","Int-Euclidean",0.77,0.095,0.745,0.185,0.655,0.745,30,"raw"
"nullproj","Hausdorff",0.245,0.865,0.645,0.89,0.2,0.19,30,"raw"
"nullproj","Ichino-Yaguchi",0.64,0.6,0.795,0.535,0.545,0.32,30,"raw"
"nullproj","Wasserstein",0.33,0.71,0.655,0.72,0.545,0.57,30,"raw"
"nullproj","Centers-Euclidean",0.51,0.205,0.36,0.81,0.26,0.595,30,"raw"
"nullproj","Int-Euclidean",1,0.425,1,0.73,1,1,30,"minP"
"nullproj","Hausdorff",0.78,1,0.995,1,0.735,0.715,30,"minP"
"nullproj","Ichino-Yaguchi",1,0.995,1,0.99,0.995,0.885,30,"minP"
"nullproj","Wasserstein",0.89,1,0.995,1,0.995,0.995,30,"minP"
"nullproj","Centers-Euclidean",0.99,0.72,0.915,1,0.82,0.995,30,"minP"
"nullproj","Int-Euclidean",0.655,0.57,0.865,0.83,0.885,0.88,31,"raw"
"nullproj","Hausdorff",0.985,0.655,0.935,0.415,0.925,1,31,"raw"
"nullproj","Ichino-Yaguchi",0.955,0.43,0.905,0.245,0.995,0.705,31,"raw"
"nullproj","Wasserstein",0.99,0.955,0.925,0.45,0.955,0.855,31,"raw"
"nullproj","Centers-Euclidean",0.95,0.45,0.975,0.8,0.965,0.255,31,"raw"
"nullproj","Int-Euclidean",0.995,0.99,1,1,1,1,31,"minP"
"nullproj","Hausdorff",1,0.995,1,0.935,1,1,31,"minP"
"nullproj","Ichino-Yaguchi",1,0.97,1,0.745,1,0.995,31,"minP"
"nullproj","Wasserstein",1,1,1,0.96,1,1,31,"minP"
"nullproj","Centers-Euclidean",1,0.97,1,1,1,0.77,31,"minP"
"nullproj","Int-Euclidean",0.895,0.02,0.935,0.02,0.71,0.32,32,"raw"
"nullproj","Hausdorff",0.635,0.085,0.575,0.215,0.69,0.395,32,"raw"
"nullproj","Ichino-Yaguchi",0.57,0.005,0.58,0.085,0.65,0.67,32,"raw"
"nullproj","Wasserstein",0.51,0.05,0.415,0.16,0.525,0.56,32,"raw"
"nullproj","Centers-Euclidean",0.695,0.01,0.545,0.06,0.51,0.755,32,"raw"
"nullproj","Int-Euclidean",1,0.105,1,0.095,1,0.875,32,"minP"
"nullproj","Hausdorff",1,0.42,0.99,0.73,1,0.935,32,"minP"
"nullproj","Ichino-Yaguchi",0.985,0.005,0.99,0.41,1,1,32,"minP"
"nullproj","Wasserstein",0.98,0.265,0.96,0.625,0.99,0.995,32,"minP"
"nullproj","Centers-Euclidean",1,0.035,0.99,0.32,0.99,1,32,"minP"
"nullproj","Int-Euclidean",0.8,0.2,0.935,0.285,0.395,0.285,33,"raw"
"nullproj","Hausdorff",0.725,0.725,0.725,0.54,0.525,0.105,33,"raw"
"nullproj","Ichino-Yaguchi",0.94,0.555,0.85,0.37,0.815,0.905,33,"raw"
"nullproj","Wasserstein",0.945,0.35,0.85,0.405,0.855,0.915,33,"raw"
"nullproj","Centers-Euclidean",0.64,0.04,0.38,0.065,0.11,0.37,33,"raw"
"nullproj","Int-Euclidean",1,0.725,1,0.815,0.96,0.84,33,"minP"
"nullproj","Hausdorff",1,1,1,0.985,0.99,0.465,33,"minP"
"nullproj","Ichino-Yaguchi",1,0.995,1,0.935,1,1,33,"minP"
"nullproj","Wasserstein",1,0.905,1,0.945,1,1,33,"minP"
"nullproj","Centers-Euclidean",1,0.18,0.945,0.295,0.48,0.92,33,"minP"
"nullproj","Int-Euclidean",0.66,0.625,0.58,0.63,0.49,0.34,34,"raw"
"nullproj","Hausdorff",0.11,0.11,0.225,0.645,0.29,0.12,34,"raw"
"nullproj","Ichino-Yaguchi",0.23,0.27,0.365,0.67,0.475,0.245,34,"raw"
"nullproj","Wasserstein",0.275,0.13,0.52,0.61,0.415,0.155,34,"raw"
"nullproj","Centers-Euclidean",0.5,0.87,0.61,0.36,0.14,0.49,34,"raw"
"nullproj","Int-Euclidean",0.995,0.995,1,1,0.96,0.85,34,"minP"
"nullproj","Hausdorff",0.475,0.475,0.74,1,0.83,0.535,34,"minP"
"nullproj","Ichino-Yaguchi",0.765,0.835,0.91,1,0.955,0.78,34,"minP"
"nullproj","Wasserstein",0.845,0.525,0.985,1,0.93,0.65,34,"minP"
"nullproj","Centers-Euclidean",0.97,1,1,0.91,0.6,0.96,34,"minP"
"nullproj","Int-Euclidean",0.135,0.275,0.2,0.385,0.055,0.86,35,"raw"
"nullproj","Hausdorff",0.525,0.505,0.495,0.415,0.43,0.68,35,"raw"
"nullproj","Ichino-Yaguchi",0.45,0.98,0.385,0.54,0.54,0.51,35,"raw"
"nullproj","Wasserstein",0.525,0.855,0.48,0.54,0.61,1,35,"raw"
"nullproj","Centers-Euclidean",0.645,0.885,0.715,0.415,0.505,0.44,35,"raw"
"nullproj","Int-Euclidean",0.575,0.815,0.73,0.945,0.325,1,35,"minP"
"nullproj","Hausdorff",0.98,0.975,0.97,0.95,0.935,0.995,35,"minP"
"nullproj","Ichino-Yaguchi",0.96,1,0.945,0.975,0.99,0.985,35,"minP"
"nullproj","Wasserstein",0.98,1,0.965,0.975,0.99,1,35,"minP"
"nullproj","Centers-Euclidean",1,1,0.995,0.95,0.985,0.94,35,"minP"
"nullproj","Int-Euclidean",0.495,0.46,0.715,0.295,0.275,0.085,36,"raw"
"nullproj","Hausdorff",0.935,0.175,0.98,0.295,0.955,0.34,36,"raw"
"nullproj","Ichino-Yaguchi",0.79,0.48,0.925,0.61,0.75,0.505,36,"raw"
"nullproj","Wasserstein",0.7,0.43,0.89,0.62,0.695,0.46,36,"raw"
"nullproj","Centers-Euclidean",0.69,0.63,0.97,0.865,0.815,0.54,36,"raw"
"nullproj","Int-Euclidean",0.975,0.97,1,0.88,0.835,0.395,36,"minP"
"nullproj","Hausdorff",1,0.665,1,0.88,1,0.88,36,"minP"
"nullproj","Ichino-Yaguchi",1,0.97,1,1,1,0.98,36,"minP"
"nullproj","Wasserstein",1,0.96,1,1,1,0.955,36,"minP"
"nullproj","Centers-Euclidean",1,0.995,1,1,1,0.995,36,"minP"
"nullproj","Int-Euclidean",0.995,0.005,0.99,0.015,0.82,0.03,37,"raw"
"nullproj","Hausdorff",0.03,0.975,0.04,0.19,0.065,0.175,37,"raw"
"nullproj","Ichino-Yaguchi",0.125,0.795,0.225,0.21,0.12,0.86,37,"raw"
"nullproj","Wasserstein",0.135,0.74,0.185,0.175,0.155,0.47,37,"raw"
"nullproj","Centers-Euclidean",0.455,0.97,0.42,0.895,0.465,0.095,37,"raw"
"nullproj","Int-Euclidean",1,0.005,1,0.065,0.995,0.145,37,"minP"
"nullproj","Hausdorff",0.15,1,0.18,0.705,0.315,0.625,37,"minP"
"nullproj","Ichino-Yaguchi",0.565,0.995,0.795,0.75,0.56,1,37,"minP"
"nullproj","Wasserstein",0.575,0.99,0.695,0.67,0.615,0.925,37,"minP"
"nullproj","Centers-Euclidean",0.98,1,0.945,1,0.925,0.445,37,"minP"
"nullproj","Int-Euclidean",0.6,0.72,0.655,0.96,0.6,0.715,38,"raw"
"nullproj","Hausdorff",0.855,0.315,0.885,0.875,0.59,0.925,38,"raw"
"nullproj","Ichino-Yaguchi",0.755,0.595,0.735,0.685,0.615,0.52,38,"raw"
"nullproj","Wasserstein",0.63,0.905,0.65,0.615,0.66,0.515,38,"raw"
"nullproj","Centers-Euclidean",0.57,0.52,0.485,0.96,0.515,0.08,38,"raw"
"nullproj","Int-Euclidean",1,1,1,1,0.985,1,38,"minP"
"nullproj","Hausdorff",1,0.88,1,1,0.98,1,38,"minP"
"nullproj","Ichino-Yaguchi",1,1,1,1,0.99,0.975,38,"minP"
"nullproj","Wasserstein",1,1,1,1,0.995,0.97,38,"minP"
"nullproj","Centers-Euclidean",0.995,0.985,0.98,1,0.97,0.395,38,"minP"
"nullproj","Int-Euclidean",0.63,0.645,0.625,1,0.29,0.045,39,"raw"
"nullproj","Hausdorff",0.035,0.74,0.04,0.825,0.02,0.895,39,"raw"
"nullproj","Ichino-Yaguchi",0.105,0.49,0.075,0.51,0.04,0.66,39,"raw"
"nullproj","Wasserstein",0.225,0.565,0.165,0.525,0.04,0.235,39,"raw"
"nullproj","Centers-Euclidean",0.945,0.97,0.865,0.965,0.285,0.105,39,"raw"
"nullproj","Int-Euclidean",1,1,0.995,1,0.845,0.22,39,"minP"
"nullproj","Hausdorff",0.185,1,0.22,1,0.09,1,39,"minP"
"nullproj","Ichino-Yaguchi",0.49,0.98,0.38,0.985,0.18,1,39,"minP"
"nullproj","Wasserstein",0.77,1,0.64,0.985,0.18,0.805,39,"minP"
"nullproj","Centers-Euclidean",1,1,1,1,0.84,0.435,39,"minP"
"nullproj","Int-Euclidean",0.625,0.935,0.32,0.93,0.54,0.175,40,"raw"
"nullproj","Hausdorff",0.95,0.165,0.895,0.2,0.95,0.355,40,"raw"
"nullproj","Ichino-Yaguchi",0.96,0.265,0.785,0.425,0.945,0.645,40,"raw"
"nullproj","Wasserstein",0.9,0.535,0.75,0.67,0.935,0.61,40,"raw"
"nullproj","Centers-Euclidean",0.73,0.235,0.305,0.155,0.87,0.155,40,"raw"
"nullproj","Int-Euclidean",0.995,1,0.845,1,0.99,0.595,40,"minP"
"nullproj","Hausdorff",1,0.61,1,0.695,1,0.89,40,"minP"
"nullproj","Ichino-Yaguchi",1,0.81,1,0.95,1,1,40,"minP"
"nullproj","Wasserstein",1,0.99,1,1,1,0.995,40,"minP"
"nullproj","Centers-Euclidean",1,0.765,0.83,0.575,1,0.57,40,"minP"
"nullproj","Int-Euclidean",0.765,0.865,0.835,0.915,0.81,0.89,41,"raw"
"nullproj","Hausdorff",0.26,0.3,0.445,0.065,0.385,0.105,41,"raw"
"nullproj","Ichino-Yaguchi",0.225,0.49,0.46,0.135,0.195,0.26,41,"raw"
"nullproj","Wasserstein",0.255,0.55,0.4,0.165,0.19,0.125,41,"raw"
"nullproj","Centers-Euclidean",0.305,0.085,0.275,0.005,0.38,0.22,41,"raw"
"nullproj","Int-Euclidean",1,1,1,1,1,1,41,"minP"
"nullproj","Hausdorff",0.79,0.85,0.945,0.305,0.93,0.49,41,"minP"
"nullproj","Ichino-Yaguchi",0.76,0.98,0.945,0.57,0.71,0.805,41,"minP"
"nullproj","Wasserstein",0.79,0.98,0.915,0.635,0.705,0.535,41,"minP"
"nullproj","Centers-Euclidean",0.855,0.4,0.84,0.005,0.93,0.74,41,"minP"
"nullproj","Int-Euclidean",0.645,0.1,0.57,0.44,0.325,0.24,42,"raw"
"nullproj","Hausdorff",0.015,0.385,0.12,0.785,0.48,0.67,42,"raw"
"nullproj","Ichino-Yaguchi",0.015,0.12,0.1,0.295,0.57,0.24,42,"raw"
"nullproj","Wasserstein",0.03,0.09,0.115,0.315,0.52,0.205,42,"raw"
"nullproj","Centers-Euclidean",0.17,0.38,0.595,0.425,0.3,0.48,42,"raw"
"nullproj","Int-Euclidean",0.99,0.465,0.995,0.99,0.885,0.77,42,"minP"
"nullproj","Hausdorff",0.08,0.94,0.505,1,0.97,0.995,42,"minP"
"nullproj","Ichino-Yaguchi",0.08,0.53,0.455,0.855,0.98,0.77,42,"minP"
"nullproj","Wasserstein",0.17,0.425,0.485,0.895,0.97,0.715,42,"minP"
"nullproj","Centers-Euclidean",0.65,0.94,1,0.99,0.85,0.97,42,"minP"
"nullproj","Int-Euclidean",0.27,0.775,0.46,0.76,0.47,0.64,43,"raw"
"nullproj","Hausdorff",0.315,0.93,0.31,0.81,0.29,0.705,43,"raw"
"nullproj","Ichino-Yaguchi",0.29,0.775,0.385,0.865,0.375,0.425,43,"raw"
"nullproj","Wasserstein",0.35,0.585,0.495,0.615,0.595,0.91,43,"raw"
"nullproj","Centers-Euclidean",0.405,0.84,0.585,0.535,0.965,0.37,43,"raw"
"nullproj","Int-Euclidean",0.82,1,0.97,1,0.945,0.995,43,"minP"
"nullproj","Hausdorff",0.86,1,0.88,1,0.82,1,43,"minP"
"nullproj","Ichino-Yaguchi",0.84,1,0.925,1,0.88,0.92,43,"minP"
"nullproj","Wasserstein",0.895,0.99,0.985,1,0.99,1,43,"minP"
"nullproj","Centers-Euclidean",0.945,1,1,0.985,1,0.88,43,"minP"
"nullproj","Int-Euclidean",0.15,0.53,0.135,0.38,0.555,0.58,44,"raw"
"nullproj","Hausdorff",0.785,0.295,0.62,0.655,0.685,0.91,44,"raw"
"nullproj","Ichino-Yaguchi",0.56,0.875,0.485,0.545,0.74,0.94,44,"raw"
"nullproj","Wasserstein",0.545,0.885,0.63,0.755,0.82,0.3,44,"raw"
"nullproj","Centers-Euclidean",0.305,0.24,0.475,0.85,0.905,0.195,44,"raw"
"nullproj","Int-Euclidean",0.615,0.97,0.545,0.935,0.97,0.995,44,"minP"
"nullproj","Hausdorff",1,0.87,0.99,1,0.995,1,44,"minP"
"nullproj","Ichino-Yaguchi",0.99,1,0.96,0.975,1,1,44,"minP"
"nullproj","Wasserstein",0.985,1,1,1,1,0.86,44,"minP"
"nullproj","Centers-Euclidean",0.875,0.795,0.96,1,1,0.71,44,"minP"
"nullproj","Int-Euclidean",0.49,0.625,0.615,0.84,0.605,1,45,"raw"
"nullproj","Hausdorff",0.465,0.97,0.3,0.995,0.48,0.06,45,"raw"
"nullproj","Ichino-Yaguchi",0.33,0.82,0.305,0.81,0.375,0.525,45,"raw"
"nullproj","Wasserstein",0.26,0.35,0.275,0.31,0.445,0.86,45,"raw"
"nullproj","Centers-Euclidean",0.565,0.66,0.485,0.215,0.495,0.865,45,"raw"
"nullproj","Int-Euclidean",0.995,1,0.995,1,0.985,1,45,"minP"
"nullproj","Hausdorff",0.98,1,0.825,1,0.96,0.31,45,"minP"
"nullproj","Ichino-Yaguchi",0.9,1,0.825,1,0.885,0.97,45,"minP"
"nullproj","Wasserstein",0.825,0.925,0.795,0.83,0.96,1,45,"minP"
"nullproj","Centers-Euclidean",1,1,0.965,0.7,0.965,1,45,"minP"
"nullproj","Int-Euclidean",0.885,0.565,0.855,0.895,0.61,0.445,46,"raw"
"nullproj","Hausdorff",0.925,0.08,0.845,0.205,0.835,0.425,46,"raw"
"nullproj","Ichino-Yaguchi",0.88,0.205,0.82,0.27,0.665,0.9,46,"raw"
"nullproj","Wasserstein",0.875,0.06,0.8,0.105,0.535,0.705,46,"raw"
"nullproj","Centers-Euclidean",0.895,0.035,0.92,0.035,0.345,0.415,46,"raw"
"nullproj","Int-Euclidean",1,0.995,1,1,1,0.935,46,"minP"
"nullproj","Hausdorff",1,0.395,1,0.72,1,0.92,46,"minP"
"nullproj","Ichino-Yaguchi",1,0.69,1,0.845,1,1,46,"minP"
"nullproj","Wasserstein",1,0.305,1,0.44,0.965,1,46,"minP"
"nullproj","Centers-Euclidean",1,0.21,1,0.17,0.865,0.92,46,"minP"
"nullproj","Int-Euclidean",0.065,0.75,0.035,0.81,0.06,0.19,47,"raw"
"nullproj","Hausdorff",0.1,0.295,0.19,0.545,0.19,0.695,47,"raw"
"nullproj","Ichino-Yaguchi",0.31,0.32,0.35,0.255,0.095,0.58,47,"raw"
"nullproj","Wasserstein",0.17,0.35,0.215,0.255,0.05,0.93,47,"raw"
"nullproj","Centers-Euclidean",0.1,0.28,0.11,0.165,0.2,0.135,47,"raw"
"nullproj","Int-Euclidean",0.3,1,0.175,1,0.245,0.675,47,"minP"
"nullproj","Hausdorff",0.445,0.865,0.69,0.99,0.675,1,47,"minP"
"nullproj","Ichino-Yaguchi",0.88,0.89,0.895,0.795,0.38,0.99,47,"minP"
"nullproj","Wasserstein",0.68,0.93,0.735,0.795,0.215,1,47,"minP"
"nullproj","Centers-Euclidean",0.445,0.85,0.46,0.62,0.695,0.56,47,"minP"
"nullproj","Int-Euclidean",0.075,0.645,0.045,0.725,0.19,0.28,48,"raw"
"nullproj","Hausdorff",0.09,0.94,0.105,0.315,0.015,0.32,48,"raw"
"nullproj","Ichino-Yaguchi",0.105,0.425,0.11,0.255,0.13,0.34,48,"raw"
"nullproj","Wasserstein",0.165,0.215,0.115,0.15,0.09,0.74,48,"raw"
"nullproj","Centers-Euclidean",0.27,0.195,0.195,0.21,0.27,0.535,48,"raw"
"nullproj","Int-Euclidean",0.34,1,0.21,1,0.71,0.855,48,"minP"
"nullproj","Hausdorff",0.42,1,0.44,0.865,0.085,0.885,48,"minP"
"nullproj","Ichino-Yaguchi",0.465,0.975,0.455,0.81,0.56,0.9,48,"minP"
"nullproj","Wasserstein",0.67,0.78,0.485,0.61,0.4,1,48,"minP"
"nullproj","Centers-Euclidean",0.855,0.74,0.715,0.74,0.835,0.975,48,"minP"
"nullproj","Int-Euclidean",0.59,0.55,0.625,0.64,0.635,0.305,49,"raw"
"nullproj","Hausdorff",0.955,0.77,0.97,0.85,0.295,0.53,49,"raw"
"nullproj","Ichino-Yaguchi",0.98,0.8,0.975,0.725,0.585,0.905,49,"raw"
"nullproj","Wasserstein",0.99,0.6,0.99,0.78,0.585,1,49,"raw"
"nullproj","Centers-Euclidean",0.915,0.57,0.97,0.535,0.725,1,49,"raw"
"nullproj","Int-Euclidean",0.995,0.985,0.995,1,0.99,0.88,49,"minP"
"nullproj","Hausdorff",1,1,1,1,0.85,0.98,49,"minP"
"nullproj","Ichino-Yaguchi",1,1,1,1,0.985,1,49,"minP"
"nullproj","Wasserstein",1,0.995,1,1,0.985,1,49,"minP"
"nullproj","Centers-Euclidean",1,0.99,1,0.985,1,1,49,"minP"
"nullproj","Int-Euclidean",0.565,0.565,0.725,0.61,0.55,0.09,50,"raw"
"nullproj","Hausdorff",0.575,0.775,0.665,0.695,0.865,0.915,50,"raw"
"nullproj","Ichino-Yaguchi",0.615,0.835,0.745,0.77,0.92,0.52,50,"raw"
"nullproj","Wasserstein",0.585,0.89,0.755,0.635,0.85,0.175,50,"raw"
"nullproj","Centers-Euclidean",0.76,0.955,0.585,0.945,0.955,0.875,50,"raw"
"nullproj","Int-Euclidean",1,1,1,0.99,0.99,0.415,50,"minP"
"nullproj","Hausdorff",1,1,1,1,1,1,50,"minP"
"nullproj","Ichino-Yaguchi",1,1,1,1,1,0.975,50,"minP"
"nullproj","Wasserstein",1,1,1,1,1,0.635,50,"minP"
"nullproj","Centers-Euclidean",1,1,0.99,1,1,1,50,"minP"
"nullproj","Int-Euclidean",0.84,0.405,0.73,0.285,0.7,0.92,51,"raw"
"nullproj","Hausdorff",0.055,0.39,0.005,0.41,0.19,0.425,51,"raw"
"nullproj","Ichino-Yaguchi",0.03,0.84,0.005,0.865,0.115,0.685,51,"raw"
"nullproj","Wasserstein",0.02,0.725,0.005,0.76,0.12,0.545,51,"raw"
"nullproj","Centers-Euclidean",0.345,0.59,0.16,0.545,0.405,0.425,51,"raw"
"nullproj","Int-Euclidean",1,0.94,1,0.85,1,1,51,"minP"
"nullproj","Hausdorff",0.31,0.93,0.005,0.955,0.69,0.96,51,"minP"
"nullproj","Ichino-Yaguchi",0.18,1,0.005,1,0.475,1,51,"minP"
"nullproj","Wasserstein",0.11,1,0.005,1,0.5,0.995,51,"minP"
"nullproj","Centers-Euclidean",0.905,0.985,0.675,0.99,0.93,0.96,51,"minP"
"nullproj","Int-Euclidean",0.23,0.12,0.245,0.27,0.74,0.485,52,"raw"
"nullproj","Hausdorff",0.66,0.065,0.825,0.055,0.85,0.735,52,"raw"
"nullproj","Ichino-Yaguchi",0.475,0.39,0.605,0.105,0.865,0.22,52,"raw"
"nullproj","Wasserstein",0.415,0.27,0.535,0.135,0.765,0.305,52,"raw"
"nullproj","Centers-Euclidean",0.81,0.325,0.86,0.065,0.55,0.02,52,"raw"
"nullproj","Int-Euclidean",0.755,0.5,0.795,0.825,1,0.95,52,"minP"
"nullproj","Hausdorff",0.995,0.3,1,0.26,1,1,52,"minP"
"nullproj","Ichino-Yaguchi",0.97,0.93,0.995,0.495,1,0.745,52,"minP"
"nullproj","Wasserstein",0.95,0.85,0.98,0.585,1,0.83,52,"minP"
"nullproj","Centers-Euclidean",1,0.9,1,0.325,0.98,0.1,52,"minP"
"nullproj","Int-Euclidean",0.295,0.79,0.21,0.51,0.37,0.11,53,"raw"
"nullproj","Hausdorff",0.12,0.855,0.09,0.895,0.765,0.905,53,"raw"
"nullproj","Ichino-Yaguchi",0.16,0.99,0.16,0.87,0.41,0.38,53,"raw"
"nullproj","Wasserstein",0.135,0.905,0.11,0.87,0.245,0.67,53,"raw"
"nullproj","Centers-Euclidean",0.375,0.455,0.405,0.39,0.395,0.895,53,"raw"
"nullproj","Int-Euclidean",0.86,1,0.705,0.955,0.9,0.465,53,"minP"
"nullproj","Hausdorff",0.53,1,0.4,1,1,1,53,"minP"
"nullproj","Ichino-Yaguchi",0.66,1,0.59,1,0.91,0.9,53,"minP"
"nullproj","Wasserstein",0.585,1,0.47,1,0.755,1,53,"minP"
"nullproj","Centers-Euclidean",0.935,0.975,0.935,0.93,0.91,1,53,"minP"
"nullproj","Int-Euclidean",0.54,0.005,0.525,0.095,0.74,0.495,54,"raw"
"nullproj","Hausdorff",0.19,0.975,0.18,0.425,0.555,0.05,54,"raw"
"nullproj","Ichino-Yaguchi",0.15,0.365,0.12,0.9,0.575,1,54,"raw"
"nullproj","Wasserstein",0.22,0.765,0.155,0.76,0.67,0.88,54,"raw"
"nullproj","Centers-Euclidean",0.5,0.365,0.56,0.835,0.45,0.295,54,"raw"
"nullproj","Int-Euclidean",1,0.005,0.99,0.445,1,0.98,54,"minP"
"nullproj","Hausdorff",0.705,1,0.665,0.96,0.99,0.245,54,"minP"
"nullproj","Ichino-Yaguchi",0.615,0.94,0.53,1,0.99,1,54,"minP"
"nullproj","Wasserstein",0.74,1,0.615,1,1,1,54,"minP"
"nullproj","Centers-Euclidean",0.985,0.94,0.995,1,0.975,0.855,54,"minP"
"nullproj","Int-Euclidean",0.365,0.615,0.42,0.71,0.385,0.34,55,"raw"
"nullproj","Hausdorff",0.09,0.555,0.115,0.215,0.275,1,55,"raw"
"nullproj","Ichino-Yaguchi",0.095,0.18,0.105,0.14,0.055,0.585,55,"raw"
"nullproj","Wasserstein",0.065,0.15,0.095,0.135,0.145,0.71,55,"raw"
"nullproj","Centers-Euclidean",0.21,0.49,0.44,0.705,0.235,0.645,55,"raw"
"nullproj","Int-Euclidean",0.91,1,0.95,1,0.905,0.875,55,"minP"
"nullproj","Hausdorff",0.405,0.995,0.465,0.76,0.815,1,55,"minP"
"nullproj","Ichino-Yaguchi",0.445,0.685,0.44,0.545,0.25,0.985,55,"minP"
"nullproj","Wasserstein",0.31,0.605,0.42,0.53,0.575,1,55,"minP"
"nullproj","Centers-Euclidean",0.75,0.98,0.955,1,0.735,0.985,55,"minP"
"nullproj","Int-Euclidean",0.125,0.09,0.14,0.1,0.58,0.85,56,"raw"
"nullproj","Hausdorff",0.36,0.425,0.25,0.705,0.08,0.055,56,"raw"
"nullproj","Ichino-Yaguchi",0.655,0.23,0.56,0.4,0.575,0.505,56,"raw"
"nullproj","Wasserstein",0.65,0.45,0.445,0.48,0.73,0.71,56,"raw"
"nullproj","Centers-Euclidean",0.305,0.75,0.41,0.415,0.665,0.9,56,"raw"
"nullproj","Int-Euclidean",0.555,0.43,0.53,0.405,0.995,1,56,"minP"
"nullproj","Hausdorff",0.915,0.965,0.755,1,0.385,0.285,56,"minP"
"nullproj","Ichino-Yaguchi",1,0.765,0.995,0.945,0.995,0.995,56,"minP"
"nullproj","Wasserstein",1,0.965,0.965,0.965,1,1,56,"minP"
"nullproj","Centers-Euclidean",0.865,1,0.95,0.95,0.995,1,56,"minP"
"nullproj","Int-Euclidean",0.285,0.08,0.395,0.255,0.9,0.605,57,"raw"
"nullproj","Hausdorff",0.98,0.155,0.975,0.88,0.91,0.915,57,"raw"
"nullproj","Ichino-Yaguchi",0.95,0.24,0.94,0.695,0.955,0.76,57,"raw"
"nullproj","Wasserstein",0.995,0.145,0.99,0.59,0.98,0.91,57,"raw"
"nullproj","Centers-Euclidean",0.99,0.245,0.995,0.535,0.985,0.36,57,"raw"
"nullproj","Int-Euclidean",0.85,0.395,0.935,0.78,1,1,57,"minP"
"nullproj","Hausdorff",1,0.635,1,1,1,1,57,"minP"
"nullproj","Ichino-Yaguchi",1,0.78,1,0.99,1,1,57,"minP"
"nullproj","Wasserstein",1,0.61,1,0.985,1,1,57,"minP"
"nullproj","Centers-Euclidean",1,0.79,1,0.985,1,0.915,57,"minP"
"nullproj","Int-Euclidean",0.875,0.68,0.86,0.385,0.79,0.15,58,"raw"
"nullproj","Hausdorff",0.875,0.235,0.925,0.36,0.99,0.91,58,"raw"
"nullproj","Ichino-Yaguchi",0.96,0.11,0.995,0.205,1,0.31,58,"raw"
"nullproj","Wasserstein",0.93,0.125,0.995,0.275,0.99,0.715,58,"raw"
"nullproj","Centers-Euclidean",0.995,0.785,0.945,0.59,0.93,0.125,58,"raw"
"nullproj","Int-Euclidean",1,0.99,1,0.905,1,0.575,58,"minP"
"nullproj","Hausdorff",1,0.75,1,0.88,1,1,58,"minP"
"nullproj","Ichino-Yaguchi",1,0.455,1,0.68,1,0.83,58,"minP"
"nullproj","Wasserstein",1,0.5,1,0.795,1,1,58,"minP"
"nullproj","Centers-Euclidean",1,1,1,0.985,1,0.51,58,"minP"
"nullproj","Int-Euclidean",0.565,0.22,0.705,0.35,0.67,0.2,59,"raw"
"nullproj","Hausdorff",0.39,0.035,0.605,0.27,0.75,0.055,59,"raw"
"nullproj","Ichino-Yaguchi",0.35,0.13,0.485,0.71,0.675,0.07,59,"raw"
"nullproj","Wasserstein",0.735,0.305,0.8,0.43,0.915,0.27,59,"raw"
"nullproj","Centers-Euclidean",0.88,0.07,0.89,0.035,0.905,1,59,"raw"
"nullproj","Int-Euclidean",0.99,0.75,1,0.9,0.99,0.715,59,"minP"
"nullproj","Hausdorff",0.955,0.19,0.99,0.83,1,0.275,59,"minP"
"nullproj","Ichino-Yaguchi",0.93,0.525,0.96,1,0.99,0.35,59,"minP"
"nullproj","Wasserstein",1,0.875,1,0.945,1,0.87,59,"minP"
"nullproj","Centers-Euclidean",1,0.315,1,0.185,1,1,59,"minP"
"nullproj","Int-Euclidean",0.45,0.21,0.475,0.185,0.73,0.285,60,"raw"
"nullproj","Hausdorff",0.6,0.075,0.445,0.275,0.485,0.65,60,"raw"
"nullproj","Ichino-Yaguchi",0.74,0.37,0.56,0.56,0.755,0.725,60,"raw"
"nullproj","Wasserstein",0.775,0.21,0.66,0.43,0.71,0.875,60,"raw"
"nullproj","Centers-Euclidean",0.38,0.245,0.515,0.39,0.775,0.955,60,"raw"
"nullproj","Int-Euclidean",0.98,0.755,0.985,0.68,1,0.835,60,"minP"
"nullproj","Hausdorff",0.99,0.375,0.975,0.86,0.975,0.995,60,"minP"
"nullproj","Ichino-Yaguchi",1,0.94,0.99,0.99,1,1,60,"minP"
"nullproj","Wasserstein",1,0.755,1,0.97,1,1,60,"minP"
"nullproj","Centers-Euclidean",0.94,0.815,0.99,0.95,1,1,60,"minP"
"nullproj","Int-Euclidean",0.26,0.165,0.3,0.15,0.565,0.48,61,"raw"
"nullproj","Hausdorff",0.27,0.06,0.175,0.225,0.74,0.885,61,"raw"
"nullproj","Ichino-Yaguchi",0.28,0.6,0.385,0.67,0.95,0.685,61,"raw"
"nullproj","Wasserstein",0.295,0.72,0.38,0.805,0.815,0.74,61,"raw"
"nullproj","Centers-Euclidean",0.935,0.89,0.935,0.725,0.72,1,61,"raw"
"nullproj","Int-Euclidean",0.82,0.65,0.835,0.62,0.99,0.985,61,"minP"
"nullproj","Hausdorff",0.825,0.3,0.655,0.715,1,1,61,"minP"
"nullproj","Ichino-Yaguchi",0.845,0.995,0.92,1,1,1,61,"minP"
"nullproj","Wasserstein",0.855,1,0.92,1,1,1,61,"minP"
"nullproj","Centers-Euclidean",1,1,1,1,1,1,61,"minP"
"nullproj","Int-Euclidean",0.975,0.005,0.975,0.035,0.77,0.305,62,"raw"
"nullproj","Hausdorff",0.055,0.64,0.105,0.54,0.035,0.875,62,"raw"
"nullproj","Ichino-Yaguchi",0.01,0.415,0.02,0.3,0.02,0.76,62,"raw"
"nullproj","Wasserstein",0.025,0.945,0.045,0.75,0.015,0.44,62,"raw"
"nullproj","Centers-Euclidean",0.76,0.225,0.505,0.9,0.18,0.505,62,"raw"
"nullproj","Int-Euclidean",1,0.005,1,0.155,1,0.85,62,"minP"
"nullproj","Hausdorff",0.27,1,0.45,0.97,0.155,1,62,"minP"
"nullproj","Ichino-Yaguchi",0.045,0.95,0.095,0.86,0.09,1,62,"minP"
"nullproj","Wasserstein",0.125,1,0.2,0.995,0.06,0.94,62,"minP"
"nullproj","Centers-Euclidean",1,0.76,0.965,1,0.65,0.96,62,"minP"
"nullproj","Int-Euclidean",0.35,0.915,0.175,0.735,0.87,0.88,63,"raw"
"nullproj","Hausdorff",0.215,0.565,0.13,0.7,0.765,0.705,63,"raw"
"nullproj","Ichino-Yaguchi",0.1,0.35,0.025,0.44,0.59,0.905,63,"raw"
"nullproj","Wasserstein",0.105,0.555,0.05,0.56,0.51,0.68,63,"raw"
"nullproj","Centers-Euclidean",0.335,0.69,0.195,0.17,0.545,0.16,63,"raw"
"nullproj","Int-Euclidean",0.875,1,0.69,1,1,1,63,"minP"
"nullproj","Hausdorff",0.725,0.99,0.535,1,1,1,63,"minP"
"nullproj","Ichino-Yaguchi",0.455,0.875,0.135,0.96,0.995,1,63,"minP"
"nullproj","Wasserstein",0.475,0.99,0.25,0.995,0.97,1,63,"minP"
"nullproj","Centers-Euclidean",0.865,1,0.74,0.68,0.99,0.65,63,"minP"
"nullproj","Int-Euclidean",0.455,0.64,0.51,0.755,0.535,0.89,64,"raw"
"nullproj","Hausdorff",0.94,0.64,0.975,0.815,0.39,0.575,64,"raw"
"nullproj","Ichino-Yaguchi",0.995,0.74,0.99,0.325,0.435,0.45,64,"raw"
"nullproj","Wasserstein",0.995,0.645,0.995,0.455,0.41,0.17,64,"raw"
"nullproj","Centers-Euclidean",0.96,0.925,0.99,0.605,0.58,0.88,64,"raw"
"nullproj","Int-Euclidean",0.96,0.995,0.985,1,0.99,1,64,"minP"
"nullproj","Hausdorff",1,0.995,1,1,0.92,0.995,64,"minP"
"nullproj","Ichino-Yaguchi",1,0.995,1,0.855,0.925,0.97,64,"minP"
"nullproj","Wasserstein",1,0.995,1,0.97,0.925,0.66,64,"minP"
"nullproj","Centers-Euclidean",1,1,1,0.99,1,1,64,"minP"
"nullproj","Int-Euclidean",0.035,0.225,0.015,0.125,0.005,0.26,65,"raw"
"nullproj","Hausdorff",0.745,0.71,0.72,0.67,0.25,0.73,65,"raw"
"nullproj","Ichino-Yaguchi",0.515,0.685,0.595,0.265,0.235,0.875,65,"raw"
"nullproj","Wasserstein",0.385,0.6,0.47,0.215,0.11,0.725,65,"raw"
"nullproj","Centers-Euclidean",0.025,0.155,0.055,0.265,0.01,0.33,65,"raw"
"nullproj","Int-Euclidean",0.195,0.815,0.08,0.535,0.005,0.835,65,"minP"
"nullproj","Hausdorff",1,1,1,0.99,0.79,1,65,"minP"
"nullproj","Ichino-Yaguchi",0.995,1,0.99,0.845,0.77,1,65,"minP"
"nullproj","Wasserstein",0.965,1,0.98,0.755,0.495,0.995,65,"minP"
"nullproj","Centers-Euclidean",0.155,0.665,0.285,0.845,0.04,0.875,65,"minP"
"nullproj","Int-Euclidean",0.81,0.575,0.52,0.295,0.62,0.525,66,"raw"
"nullproj","Hausdorff",0.565,0.605,0.46,0.775,0.105,0.505,66,"raw"
"nullproj","Ichino-Yaguchi",0.405,0.815,0.305,0.55,0.085,0.91,66,"raw"
"nullproj","Wasserstein",0.555,0.55,0.365,0.49,0.155,1,66,"raw"
"nullproj","Centers-Euclidean",0.465,0.15,0.515,0.06,0.095,0.415,66,"raw"
"nullproj","Int-Euclidean",1,0.995,1,0.82,0.995,0.985,66,"minP"
"nullproj","Hausdorff",0.995,1,0.975,1,0.485,0.98,66,"minP"
"nullproj","Ichino-Yaguchi",0.94,1,0.83,1,0.395,1,66,"minP"
"nullproj","Wasserstein",0.99,0.99,0.895,0.985,0.655,1,66,"minP"
"nullproj","Centers-Euclidean",0.975,0.615,0.995,0.28,0.465,0.95,66,"minP"
"nullproj","Int-Euclidean",0.785,0.745,0.535,0.705,0.565,0.88,67,"raw"
"nullproj","Hausdorff",0.92,0.66,0.875,0.95,0.61,0.78,67,"raw"
"nullproj","Ichino-Yaguchi",0.965,0.62,0.885,0.985,0.64,0.88,67,"raw"
"nullproj","Wasserstein",0.93,0.555,0.83,0.925,0.695,0.91,67,"raw"
"nullproj","Centers-Euclidean",0.335,0.755,0.36,0.975,0.11,0.37,67,"raw"
"nullproj","Int-Euclidean",1,1,0.995,1,0.985,1,67,"minP"
"nullproj","Hausdorff",1,1,1,1,0.99,1,67,"minP"
"nullproj","Ichino-Yaguchi",1,1,1,1,0.99,1,67,"minP"
"nullproj","Wasserstein",1,1,1,1,1,1,67,"minP"
"nullproj","Centers-Euclidean",0.915,1,0.915,1,0.47,0.92,67,"minP"
"nullproj","Int-Euclidean",0.205,0.18,0.12,0.075,0.54,0.9,68,"raw"
"nullproj","Hausdorff",0.945,0.61,0.88,0.76,0.985,1,68,"raw"
"nullproj","Ichino-Yaguchi",0.93,0.255,0.84,0.405,0.955,1,68,"raw"
"nullproj","Wasserstein",0.9,0.15,0.84,0.605,0.96,0.855,68,"raw"
"nullproj","Centers-Euclidean",0.26,0.48,0.105,0.64,0.925,0.56,68,"raw"
"nullproj","Int-Euclidean",0.735,0.7,0.51,0.36,0.99,1,68,"minP"
"nullproj","Hausdorff",1,1,1,1,1,1,68,"minP"
"nullproj","Ichino-Yaguchi",1,0.815,1,0.95,1,1,68,"minP"
"nullproj","Wasserstein",1,0.625,1,0.995,1,1,68,"minP"
"nullproj","Centers-Euclidean",0.835,0.985,0.47,0.995,1,0.99,68,"minP"
"nullproj","Int-Euclidean",0.89,0.655,0.95,0.77,0.64,0.605,69,"raw"
"nullproj","Hausdorff",0.57,0.31,0.785,0.055,0.665,0.56,69,"raw"
"nullproj","Ichino-Yaguchi",0.745,0.3,0.95,0.06,0.88,0.73,69,"raw"
"nullproj","Wasserstein",0.825,0.385,0.95,0.115,0.97,0.2,69,"raw"
"nullproj","Centers-Euclidean",0.82,0.63,0.475,0.785,0.835,0.875,69,"raw"
"nullproj","Int-Euclidean",1,1,1,1,0.99,0.99,69,"minP"
"nullproj","Hausdorff",0.99,0.835,1,0.265,1,0.985,69,"minP"
"nullproj","Ichino-Yaguchi",1,0.83,1,0.29,1,1,69,"minP"
"nullproj","Wasserstein",1,0.905,1,0.47,1,0.7,69,"minP"
"nullproj","Centers-Euclidean",1,1,0.975,1,1,1,69,"minP"
"nullproj","Int-Euclidean",0.34,0.33,0.45,0.34,0.385,1,70,"raw"
"nullproj","Hausdorff",0.23,0.32,0.365,0.4,0.555,0.9,70,"raw"
"nullproj","Ichino-Yaguchi",0.29,0.525,0.455,0.395,0.735,0.9,70,"raw"
"nullproj","Wasserstein",0.33,0.465,0.49,0.405,0.57,0.745,70,"raw"
"nullproj","Centers-Euclidean",0.655,0.375,0.64,0.565,0.835,0.91,70,"raw"
"nullproj","Int-Euclidean",0.89,0.88,0.935,0.84,0.91,1,70,"minP"
"nullproj","Hausdorff",0.76,0.875,0.87,0.885,0.975,1,70,"minP"
"nullproj","Ichino-Yaguchi",0.85,0.975,0.94,0.885,1,1,70,"minP"
"nullproj","Wasserstein",0.88,0.955,0.96,0.885,0.98,1,70,"minP"
"nullproj","Centers-Euclidean",0.99,0.91,0.995,0.985,1,1,70,"minP"
"nullproj","Int-Euclidean",0.275,0.785,0.18,0.545,0.555,0.495,71,"raw"
"nullproj","Hausdorff",0.04,0.91,0.065,0.86,0.135,0.075,71,"raw"
"nullproj","Ichino-Yaguchi",0.035,0.88,0.05,0.99,0.265,0.535,71,"raw"
"nullproj","Wasserstein",0.02,0.555,0.02,0.685,0.115,0.4,71,"raw"
"nullproj","Centers-Euclidean",0.03,0.055,0.015,0.565,0.57,0.48,71,"raw"
"nullproj","Int-Euclidean",0.855,1,0.65,1,0.995,0.97,71,"minP"
"nullproj","Hausdorff",0.205,1,0.31,1,0.545,0.345,71,"minP"
"nullproj","Ichino-Yaguchi",0.175,1,0.26,1,0.805,0.975,71,"minP"
"nullproj","Wasserstein",0.085,0.995,0.1,1,0.45,0.91,71,"minP"
"nullproj","Centers-Euclidean",0.15,0.265,0.075,1,0.995,0.955,71,"minP"
"nullproj","Int-Euclidean",0.045,0.49,0.045,0.66,0.035,0.2,72,"raw"
"nullproj","Hausdorff",0.2,0.87,0.14,0.73,0.235,0.13,72,"raw"
"nullproj","Ichino-Yaguchi",0.2,0.63,0.16,0.56,0.3,0.07,72,"raw"
"nullproj","Wasserstein",0.165,0.695,0.13,0.535,0.23,0.025,72,"raw"
"nullproj","Centers-Euclidean",0.09,0.91,0.185,0.915,0.085,0.065,72,"raw"
"nullproj","Int-Euclidean",0.21,0.975,0.225,0.995,0.18,0.72,72,"minP"
"nullproj","Hausdorff",0.69,1,0.57,1,0.775,0.585,72,"minP"
"nullproj","Ichino-Yaguchi",0.69,1,0.625,0.98,0.85,0.355,72,"minP"
"nullproj","Wasserstein",0.615,1,0.535,0.98,0.76,0.12,72,"minP"
"nullproj","Centers-Euclidean",0.43,1,0.695,1,0.405,0.33,72,"minP"
"nullproj","Int-Euclidean",0.75,0.39,0.735,0.52,0.69,0.825,73,"raw"
"nullproj","Hausdorff",0.58,0.095,0.46,0.265,0.22,1,73,"raw"
"nullproj","Ichino-Yaguchi",0.22,0.13,0.295,0.36,0.255,0.26,73,"raw"
"nullproj","Wasserstein",0.475,0.045,0.47,0.18,0.315,0.525,73,"raw"
"nullproj","Centers-Euclidean",0.905,0.98,0.74,0.695,0.955,0.36,73,"raw"
"nullproj","Int-Euclidean",1,0.935,1,0.985,1,1,73,"minP"
"nullproj","Hausdorff",0.985,0.445,0.96,0.82,0.745,1,73,"minP"
"nullproj","Ichino-Yaguchi",0.775,0.57,0.875,0.91,0.805,0.81,73,"minP"
"nullproj","Wasserstein",0.96,0.245,0.96,0.675,0.86,0.985,73,"minP"
"nullproj","Centers-Euclidean",1,1,1,1,1,0.925,73,"minP"
"nullproj","Int-Euclidean",0.35,0.415,0.54,0.88,0.81,0.57,74,"raw"
"nullproj","Hausdorff",0.095,0.625,0.075,0.95,0.305,0.08,74,"raw"
"nullproj","Ichino-Yaguchi",0.145,0.625,0.085,0.845,0.3,0.145,74,"raw"
"nullproj","Wasserstein",0.12,0.615,0.065,0.625,0.465,0.355,74,"raw"
"nullproj","Centers-Euclidean",0.155,0.635,0.32,0.665,0.725,0.535,74,"raw"
"nullproj","Int-Euclidean",0.925,0.955,0.975,1,1,0.99,74,"minP"
"nullproj","Hausdorff",0.42,1,0.345,1,0.86,0.36,74,"minP"
"nullproj","Ichino-Yaguchi",0.58,1,0.395,1,0.835,0.58,74,"minP"
"nullproj","Wasserstein",0.5,1,0.325,1,0.975,0.91,74,"minP"
"nullproj","Centers-Euclidean",0.625,1,0.87,1,1,0.99,74,"minP"
"nullproj","Int-Euclidean",0.225,0.61,0.415,0.52,0.74,1,75,"raw"
"nullproj","Hausdorff",0.045,0.12,0.195,0.08,0.07,0.73,75,"raw"
"nullproj","Ichino-Yaguchi",0.2,0.52,0.255,0.12,0.315,0.235,75,"raw"
"nullproj","Wasserstein",0.235,0.605,0.28,0.21,0.365,0.225,75,"raw"
"nullproj","Centers-Euclidean",0.205,0.985,0.2,0.845,0.865,1,75,"raw"
"nullproj","Int-Euclidean",0.775,1,0.955,0.99,1,1,75,"minP"
"nullproj","Hausdorff",0.245,0.555,0.69,0.37,0.325,1,75,"minP"
"nullproj","Ichino-Yaguchi",0.725,0.975,0.78,0.54,0.845,0.76,75,"minP"
"nullproj","Wasserstein",0.79,0.995,0.81,0.715,0.895,0.76,75,"minP"
"nullproj","Centers-Euclidean",0.73,1,0.7,1,1,1,75,"minP"
"nullproj","Int-Euclidean",0.73,0.395,0.71,0.965,0.7,0.37,76,"raw"
"nullproj","Hausdorff",0.955,0.165,0.98,0.85,0.92,0.29,76,"raw"
"nullproj","Ichino-Yaguchi",0.995,0.07,1,0.74,0.955,0.325,76,"raw"
"nullproj","Wasserstein",0.99,0.135,0.99,0.66,0.955,0.46,76,"raw"
"nullproj","Centers-Euclidean",0.955,0.71,0.895,0.56,0.955,0.185,76,"raw"
"nullproj","Int-Euclidean",1,0.93,1,1,0.995,0.925,76,"minP"
"nullproj","Hausdorff",1,0.63,1,1,1,0.84,76,"minP"
"nullproj","Ichino-Yaguchi",1,0.335,1,1,1,0.89,76,"minP"
"nullproj","Wasserstein",1,0.545,1,1,1,0.955,76,"minP"
"nullproj","Centers-Euclidean",1,1,1,0.995,1,0.7,76,"minP"
"nullproj","Int-Euclidean",0.095,0.97,0.245,0.88,0.785,0.17,77,"raw"
"nullproj","Hausdorff",0.185,0.17,0.2,0.09,0.58,1,77,"raw"
"nullproj","Ichino-Yaguchi",0.03,0.415,0.085,0.17,0.135,0.07,77,"raw"
"nullproj","Wasserstein",0.055,0.46,0.11,0.29,0.215,0.045,77,"raw"
"nullproj","Centers-Euclidean",0.715,0.73,0.79,0.325,0.93,0.565,77,"raw"
"nullproj","Int-Euclidean",0.44,1,0.8,1,1,0.64,77,"minP"
"nullproj","Hausdorff",0.66,0.635,0.71,0.38,0.975,1,77,"minP"
"nullproj","Ichino-Yaguchi",0.175,0.965,0.36,0.635,0.57,0.3,77,"minP"
"nullproj","Wasserstein",0.295,0.975,0.46,0.855,0.745,0.235,77,"minP"
"nullproj","Centers-Euclidean",1,1,1,0.895,1,0.975,77,"minP"
"nullproj","Int-Euclidean",0.72,0.72,0.795,0.91,0.3,0.51,78,"raw"
"nullproj","Hausdorff",0.295,0.01,0.335,0.02,0.355,0.87,78,"raw"
"nullproj","Ichino-Yaguchi",0.17,0.01,0.235,0.07,0.215,0.905,78,"raw"
"nullproj","Wasserstein",0.185,0.01,0.245,0.035,0.135,1,78,"raw"
"nullproj","Centers-Euclidean",0.12,0.58,0.19,0.76,0.13,0.92,78,"raw"
"nullproj","Int-Euclidean",1,1,1,1,0.835,0.975,78,"minP"
"nullproj","Hausdorff",0.835,0.045,0.9,0.1,0.9,1,78,"minP"
"nullproj","Ichino-Yaguchi",0.65,0.045,0.79,0.345,0.74,1,78,"minP"
"nullproj","Wasserstein",0.675,0.045,0.82,0.175,0.57,1,78,"minP"
"nullproj","Centers-Euclidean",0.535,0.99,0.69,1,0.545,1,78,"minP"
"nullproj","Int-Euclidean",0.86,0.8,0.825,0.34,0.69,0.16,79,"raw"
"nullproj","Hausdorff",0.3,0.925,0.295,0.5,0.375,0.205,79,"raw"
"nullproj","Ichino-Yaguchi",0.335,0.305,0.315,0.19,0.82,0.18,79,"raw"
"nullproj","Wasserstein",0.345,0.475,0.36,0.21,0.25,0.01,79,"raw"
"nullproj","Centers-Euclidean",0.455,0.95,0.37,0.56,0.4,0.34,79,"raw"
"nullproj","Int-Euclidean",1,1,1,0.84,1,0.585,79,"minP"
"nullproj","Hausdorff",0.875,1,0.8,0.97,0.895,0.685,79,"minP"
"nullproj","Ichino-Yaguchi",0.9,0.875,0.82,0.645,1,0.62,79,"minP"
"nullproj","Wasserstein",0.915,0.985,0.86,0.67,0.775,0.03,79,"minP"
"nullproj","Centers-Euclidean",0.975,1,0.875,0.985,0.9,0.865,79,"minP"
"nullproj","Int-Euclidean",0.505,0.64,0.52,0.485,0.18,0.25,80,"raw"
"nullproj","Hausdorff",0.36,0.88,0.17,0.94,0.65,0.895,80,"raw"
"nullproj","Ichino-Yaguchi",0.255,0.765,0.13,0.925,0.325,0.32,80,"raw"
"nullproj","Wasserstein",0.25,0.655,0.125,0.745,0.38,0.48,80,"raw"
"nullproj","Centers-Euclidean",0.05,0.42,0.095,0.74,0.33,0.305,80,"raw"
"nullproj","Int-Euclidean",0.99,1,0.975,0.965,0.665,0.785,80,"minP"
"nullproj","Hausdorff",0.91,1,0.605,1,0.99,1,80,"minP"
"nullproj","Ichino-Yaguchi",0.81,1,0.52,1,0.87,0.865,80,"minP"
"nullproj","Wasserstein",0.795,1,0.51,1,0.935,0.96,80,"minP"
"nullproj","Centers-Euclidean",0.265,0.955,0.425,1,0.88,0.85,80,"minP"
"nullproj","Int-Euclidean",0.585,0.95,0.34,0.57,0.955,0.69,81,"raw"
"nullproj","Hausdorff",0.185,0.58,0.28,0.27,0.665,0.905,81,"raw"
"nullproj","Ichino-Yaguchi",0.26,0.83,0.255,0.27,0.46,0.695,81,"raw"
"nullproj","Wasserstein",0.27,0.83,0.22,0.135,0.68,0.935,81,"raw"
"nullproj","Centers-Euclidean",0.195,0.245,0.26,0.045,0.86,0.34,81,"raw"
"nullproj","Int-Euclidean",0.99,1,0.905,0.995,1,0.995,81,"minP"
"nullproj","Hausdorff",0.69,0.99,0.815,0.805,0.995,1,81,"minP"
"nullproj","Ichino-Yaguchi",0.805,1,0.79,0.805,0.965,0.995,81,"minP"
"nullproj","Wasserstein",0.835,1,0.76,0.575,0.995,1,81,"minP"
"nullproj","Centers-Euclidean",0.705,0.78,0.805,0.23,1,0.915,81,"minP"
"nullproj","Int-Euclidean",0.455,0.235,0.395,0.15,0.48,0.69,82,"raw"
"nullproj","Hausdorff",0.755,0.325,0.81,0.37,0.835,0.585,82,"raw"
"nullproj","Ichino-Yaguchi",0.71,0.115,0.785,0.165,0.815,0.655,82,"raw"
"nullproj","Wasserstein",0.85,0.25,0.84,0.14,0.95,0.675,82,"raw"
"nullproj","Centers-Euclidean",0.6,0.065,0.735,0.075,0.8,0.775,82,"raw"
"nullproj","Int-Euclidean",0.945,0.75,0.915,0.605,0.98,1,82,"minP"
"nullproj","Hausdorff",1,0.855,1,0.9,1,0.99,82,"minP"
"nullproj","Ichino-Yaguchi",1,0.51,1,0.62,1,1,82,"minP"
"nullproj","Wasserstein",1,0.775,1,0.575,1,1,82,"minP"
"nullproj","Centers-Euclidean",1,0.365,1,0.39,1,1,82,"minP"
"nullproj","Int-Euclidean",0.325,0.515,0.3,0.64,0.275,0.67,83,"raw"
"nullproj","Hausdorff",0.845,0.36,0.84,0.345,0.825,0.265,83,"raw"
"nullproj","Ichino-Yaguchi",0.93,0.34,0.935,0.15,0.61,0.57,83,"raw"
"nullproj","Wasserstein",0.715,0.67,0.86,0.3,0.55,0.855,83,"raw"
"nullproj","Centers-Euclidean",0.4,0.68,0.705,0.785,0.11,0.715,83,"raw"
"nullproj","Int-Euclidean",0.855,0.98,0.805,1,0.82,0.995,83,"minP"
"nullproj","Hausdorff",1,0.88,1,0.855,0.995,0.805,83,"minP"
"nullproj","Ichino-Yaguchi",1,0.875,1,0.565,0.99,0.985,83,"minP"
"nullproj","Wasserstein",1,1,1,0.805,0.985,1,83,"minP"
"nullproj","Centers-Euclidean",0.95,1,1,1,0.445,0.995,83,"minP"
"nullproj","Int-Euclidean",0.97,0.785,0.96,0.66,0.695,0.855,84,"raw"
"nullproj","Hausdorff",0.44,0.865,0.55,0.965,0.77,0.765,84,"raw"
"nullproj","Ichino-Yaguchi",0.62,0.875,0.535,0.805,0.675,0.085,84,"raw"
"nullproj","Wasserstein",0.82,0.4,0.725,0.56,0.965,1,84,"raw"
"nullproj","Centers-Euclidean",0.975,0.075,0.83,0.115,0.955,0.695,84,"raw"
"nullproj","Int-Euclidean",1,1,1,1,1,1,84,"minP"
"nullproj","Hausdorff",0.95,1,0.99,1,1,1,84,"minP"
"nullproj","Ichino-Yaguchi",1,1,0.98,1,1,0.4,84,"minP"
"nullproj","Wasserstein",1,0.93,1,0.99,1,1,84,"minP"
"nullproj","Centers-Euclidean",1,0.375,1,0.5,1,1,84,"minP"
"nullproj","Int-Euclidean",0.93,0.725,0.935,0.675,0.24,0.04,85,"raw"
"nullproj","Hausdorff",0.475,0.485,0.275,0.31,0.425,1,85,"raw"
"nullproj","Ichino-Yaguchi",0.4,0.935,0.28,0.81,0.3,0.485,85,"raw"
"nullproj","Wasserstein",0.295,0.785,0.23,0.825,0.18,0.1,85,"raw"
"nullproj","Centers-Euclidean",0.175,1,0.195,1,0.07,0.52,85,"raw"
"nullproj","Int-Euclidean",1,1,1,1,0.725,0.21,85,"minP"
"nullproj","Hausdorff",0.96,0.96,0.785,0.84,0.915,1,85,"minP"
"nullproj","Ichino-Yaguchi",0.94,1,0.795,1,0.785,0.955,85,"minP"
"nullproj","Wasserstein",0.84,1,0.72,1,0.64,0.415,85,"minP"
"nullproj","Centers-Euclidean",0.655,1,0.65,1,0.315,0.96,85,"minP"
"nullproj","Int-Euclidean",0.225,0.38,0.29,0.09,0.44,0.285,86,"raw"
"nullproj","Hausdorff",0.435,0.435,0.59,0.155,0.56,0.41,86,"raw"
"nullproj","Ichino-Yaguchi",0.42,0.19,0.6,0.245,0.5,0.685,86,"raw"
"nullproj","Wasserstein",0.415,0.31,0.545,0.22,0.51,0.91,86,"raw"
"nullproj","Centers-Euclidean",0.37,0.79,0.66,0.48,0.715,0.195,86,"raw"
"nullproj","Int-Euclidean",0.725,0.94,0.835,0.415,0.97,0.815,86,"minP"
"nullproj","Hausdorff",0.96,0.96,0.98,0.61,1,0.95,86,"minP"
"nullproj","Ichino-Yaguchi",0.955,0.65,0.985,0.745,0.99,1,86,"minP"
"nullproj","Wasserstein",0.95,0.865,0.975,0.705,0.99,1,86,"minP"
"nullproj","Centers-Euclidean",0.935,1,0.995,0.95,1,0.655,86,"minP"
"nullproj","Int-Euclidean",0.865,0.375,0.595,0.735,0.35,0.855,87,"raw"
"nullproj","Hausdorff",0.64,0.625,0.175,0.595,0.7,0.485,87,"raw"
"nullproj","Ichino-Yaguchi",0.66,0.545,0.255,0.485,0.695,0.9,87,"raw"
"nullproj","Wasserstein",0.685,0.8,0.27,0.84,0.67,0.88,87,"raw"
"nullproj","Centers-Euclidean",0.22,0.75,0.165,0.745,0.01,0.525,87,"raw"
"nullproj","Int-Euclidean",1,0.915,1,1,0.9,1,87,"minP"
"nullproj","Hausdorff",1,1,0.65,1,0.995,0.97,87,"minP"
"nullproj","Ichino-Yaguchi",1,0.995,0.785,0.985,0.995,1,87,"minP"
"nullproj","Wasserstein",1,1,0.805,1,0.995,1,87,"minP"
"nullproj","Centers-Euclidean",0.75,1,0.635,1,0.035,0.985,87,"minP"
"nullproj","Int-Euclidean",0.475,0.67,0.18,0.53,0.36,0.395,88,"raw"
"nullproj","Hausdorff",0.44,0.445,0.375,0.495,0.685,0.345,88,"raw"
"nullproj","Ichino-Yaguchi",0.17,0.415,0.15,0.49,0.21,0.9,88,"raw"
"nullproj","Wasserstein",0.205,0.54,0.185,0.485,0.155,0.695,88,"raw"
"nullproj","Centers-Euclidean",0.385,0.105,0.43,0.2,0.195,0.27,88,"raw"
"nullproj","Int-Euclidean",0.99,1,0.68,0.99,0.89,0.895,88,"minP"
"nullproj","Hausdorff",0.975,0.975,0.935,0.98,0.995,0.89,88,"minP"
"nullproj","Ichino-Yaguchi",0.635,0.96,0.575,0.98,0.7,1,88,"minP"
"nullproj","Wasserstein",0.735,0.99,0.69,0.98,0.57,1,88,"minP"
"nullproj","Centers-Euclidean",0.94,0.475,0.975,0.725,0.68,0.79,88,"minP"
"nullproj","Int-Euclidean",0.965,0.105,0.91,0.06,0.615,0.555,89,"raw"
"nullproj","Hausdorff",0.12,0.495,0.04,0.18,0.235,0.38,89,"raw"
"nullproj","Ichino-Yaguchi",0.185,0.19,0.08,0.11,0.32,0.065,89,"raw"
"nullproj","Wasserstein",0.265,0.125,0.095,0.055,0.35,0.07,89,"raw"
"nullproj","Centers-Euclidean",0.25,0.985,0.245,0.62,0.11,0.52,89,"raw"
"nullproj","Int-Euclidean",1,0.47,1,0.265,1,0.995,89,"minP"
"nullproj","Hausdorff",0.5,0.975,0.185,0.655,0.735,0.925,89,"minP"
"nullproj","Ichino-Yaguchi",0.705,0.715,0.355,0.455,0.875,0.285,89,"minP"
"nullproj","Wasserstein",0.835,0.52,0.41,0.245,0.88,0.305,89,"minP"
"nullproj","Centers-Euclidean",0.82,1,0.75,0.995,0.49,0.98,89,"minP"
"nullproj","Int-Euclidean",0.97,0.095,0.925,0.18,0.225,0.895,90,"raw"
"nullproj","Hausdorff",0.66,0.92,0.75,0.7,0.65,0.315,90,"raw"
"nullproj","Ichino-Yaguchi",0.495,0.82,0.415,0.445,0.475,0.88,90,"raw"
"nullproj","Wasserstein",0.375,0.825,0.37,0.905,0.58,0.92,90,"raw"
"nullproj","Centers-Euclidean",0.32,0.545,0.27,0.575,0.455,0.72,90,"raw"
"nullproj","Int-Euclidean",1,0.46,1,0.645,0.725,1,90,"minP"
"nullproj","Hausdorff",0.995,1,1,1,0.99,0.845,90,"minP"
"nullproj","Ichino-Yaguchi",0.985,1,0.95,0.97,0.95,1,90,"minP"
"nullproj","Wasserstein",0.935,1,0.9,1,0.98,1,90,"minP"
"nullproj","Centers-Euclidean",0.915,0.995,0.785,1,0.94,1,90,"minP"
"nullproj","Int-Euclidean",0.465,0.24,0.375,0.115,0.67,0.185,91,"raw"
"nullproj","Hausdorff",0.87,0.25,0.82,0.185,0.525,0.155,91,"raw"
"nullproj","Ichino-Yaguchi",0.75,0.29,0.755,0.435,0.495,0.57,91,"raw"
"nullproj","Wasserstein",0.875,0.29,0.86,0.3,0.375,0.525,91,"raw"
"nullproj","Centers-Euclidean",0.77,0.465,0.865,0.86,0.57,0.26,91,"raw"
"nullproj","Int-Euclidean",0.975,0.815,0.915,0.485,1,0.72,91,"minP"
"nullproj","Hausdorff",1,0.83,1,0.695,1,0.605,91,"minP"
"nullproj","Ichino-Yaguchi",1,0.9,1,0.95,0.97,1,91,"minP"
"nullproj","Wasserstein",1,0.9,1,0.855,0.925,1,91,"minP"
"nullproj","Centers-Euclidean",1,0.975,1,1,1,0.83,91,"minP"
"nullproj","Int-Euclidean",0.575,0.34,0.295,0.745,0.21,0.31,92,"raw"
"nullproj","Hausdorff",0.93,0.41,0.98,0.29,0.705,0.6,92,"raw"
"nullproj","Ichino-Yaguchi",0.99,0.445,0.995,0.475,0.825,0.9,92,"raw"
"nullproj","Wasserstein",0.96,0.415,1,0.345,0.89,0.755,92,"raw"
"nullproj","Centers-Euclidean",0.39,0.93,0.43,0.54,0.035,0.355,92,"raw"
"nullproj","Int-Euclidean",0.995,0.935,0.855,0.995,0.73,0.855,92,"minP"
"nullproj","Hausdorff",1,0.965,1,0.85,0.995,0.995,92,"minP"
"nullproj","Ichino-Yaguchi",1,0.97,1,0.97,1,1,92,"minP"
"nullproj","Wasserstein",1,0.97,1,0.88,1,1,92,"minP"
"nullproj","Centers-Euclidean",0.96,1,0.945,0.995,0.16,0.88,92,"minP"
"nullproj","Int-Euclidean",0.145,0.465,0.15,0.085,0.845,0.555,93,"raw"
"nullproj","Hausdorff",0.18,0.07,0.37,0.095,0.725,0.565,93,"raw"
"nullproj","Ichino-Yaguchi",0.09,0.13,0.27,0.17,0.485,0.37,93,"raw"
"nullproj","Wasserstein",0.255,0.095,0.4,0.32,0.705,0.44,93,"raw"
"nullproj","Centers-Euclidean",0.53,0.665,0.805,0.64,0.905,0.11,93,"raw"
"nullproj","Int-Euclidean",0.635,0.98,0.63,0.41,1,0.985,93,"minP"
"nullproj","Hausdorff",0.705,0.395,0.925,0.455,1,0.985,93,"minP"
"nullproj","Ichino-Yaguchi",0.48,0.595,0.83,0.67,0.965,0.9,93,"minP"
"nullproj","Wasserstein",0.815,0.5,0.96,0.88,1,0.95,93,"minP"
"nullproj","Centers-Euclidean",0.995,1,1,0.995,1,0.55,93,"minP"
"nullproj","Int-Euclidean",0.16,0.97,0.315,0.68,0.225,0.905,94,"raw"
"nullproj","Hausdorff",0.355,0.62,0.035,0.29,0.015,0.13,94,"raw"
"nullproj","Ichino-Yaguchi",0.035,0.94,0.02,0.355,0.005,1,94,"raw"
"nullproj","Wasserstein",0.04,0.92,0.03,0.335,0.005,0.905,94,"raw"
"nullproj","Centers-Euclidean",0.01,0.915,0.035,0.765,0.025,1,94,"raw"
"nullproj","Int-Euclidean",0.6,1,0.875,1,0.765,1,94,"minP"
"nullproj","Hausdorff",0.935,1,0.19,0.825,0.05,0.57,94,"minP"
"nullproj","Ichino-Yaguchi",0.2,1,0.11,0.9,0.005,1,94,"minP"
"nullproj","Wasserstein",0.235,1,0.165,0.89,0.005,1,94,"minP"
"nullproj","Centers-Euclidean",0.05,1,0.19,1,0.085,1,94,"minP"
"nullproj","Int-Euclidean",0.175,0.85,0.165,0.72,0.08,0.885,95,"raw"
"nullproj","Hausdorff",0.68,0.51,0.61,0.065,0.755,0.45,95,"raw"
"nullproj","Ichino-Yaguchi",0.55,0.715,0.575,0.18,0.485,0.18,95,"raw"
"nullproj","Wasserstein",0.61,0.655,0.52,0.155,0.625,0.54,95,"raw"
"nullproj","Centers-Euclidean",0.65,0.36,0.65,0.21,0.35,0.655,95,"raw"
"nullproj","Int-Euclidean",0.65,1,0.655,1,0.38,1,95,"minP"
"nullproj","Hausdorff",1,0.995,1,0.32,1,0.965,95,"minP"
"nullproj","Ichino-Yaguchi",1,1,1,0.685,0.965,0.665,95,"minP"
"nullproj","Wasserstein",1,1,0.995,0.64,0.995,0.985,95,"minP"
"nullproj","Centers-Euclidean",1,0.94,1,0.745,0.905,0.995,95,"minP"
"nullproj","Int-Euclidean",0.43,0.94,0.505,0.715,0.55,0.335,96,"raw"
"nullproj","Hausdorff",0.73,0.375,0.76,0.12,0.35,0.9,96,"raw"
"nullproj","Ichino-Yaguchi",0.695,0.11,0.795,0.08,0.32,0.665,96,"raw"
"nullproj","Wasserstein",0.645,0.34,0.78,0.465,0.31,0.705,96,"raw"
"nullproj","Centers-Euclidean",0.82,0.215,0.78,0.06,0.585,0.865,96,"raw"
"nullproj","Int-Euclidean",0.965,1,0.985,1,0.985,0.9,96,"minP"
"nullproj","Hausdorff",1,0.93,1,0.53,0.915,1,96,"minP"
"nullproj","Ichino-Yaguchi",1,0.51,1,0.395,0.88,1,96,"minP"
"nullproj","Wasserstein",1,0.89,1,0.975,0.865,1,96,"minP"
"nullproj","Centers-Euclidean",1,0.745,1,0.29,0.985,1,96,"minP"
"nullproj","Int-Euclidean",0.545,0.135,0.615,0.14,0.295,1,97,"raw"
"nullproj","Hausdorff",0.07,0.69,0.015,0.89,0.15,0.075,97,"raw"
"nullproj","Ichino-Yaguchi",0.115,0.705,0.04,0.535,0.3,0.125,97,"raw"
"nullproj","Wasserstein",0.09,0.995,0.035,0.955,0.3,0.385,97,"raw"
"nullproj","Centers-Euclidean",0.545,0.165,0.405,0.555,0.64,1,97,"raw"
"nullproj","Int-Euclidean",1,0.53,0.995,0.56,0.82,1,97,"minP"
"nullproj","Hausdorff",0.355,1,0.065,1,0.615,0.34,97,"minP"
"nullproj","Ichino-Yaguchi",0.48,1,0.21,0.985,0.83,0.54,97,"minP"
"nullproj","Wasserstein",0.395,1,0.185,1,0.83,0.9,97,"minP"
"nullproj","Centers-Euclidean",1,0.61,0.935,0.985,0.995,1,97,"minP"
"nullproj","Int-Euclidean",0.165,0.335,0.225,0.245,0.79,0.21,98,"raw"
"nullproj","Hausdorff",0.75,0.38,0.925,0.59,0.7,0.45,98,"raw"
"nullproj","Ichino-Yaguchi",0.665,0.405,0.795,0.485,0.735,0.605,98,"raw"
"nullproj","Wasserstein",0.77,0.26,0.875,0.54,0.67,0.72,98,"raw"
"nullproj","Centers-Euclidean",0.465,0.89,0.9,0.31,0.72,0.115,98,"raw"
"nullproj","Int-Euclidean",0.64,0.875,0.725,0.75,1,0.68,98,"minP"
"nullproj","Hausdorff",1,0.925,1,0.995,1,0.99,98,"minP"
"nullproj","Ichino-Yaguchi",0.995,0.935,1,0.955,1,1,98,"minP"
"nullproj","Wasserstein",1,0.805,1,0.97,1,1,98,"minP"
"nullproj","Centers-Euclidean",0.97,1,1,0.835,1,0.485,98,"minP"
"nullproj","Int-Euclidean",0.43,0.295,0.295,0.415,0.115,0.525,99,"raw"
"nullproj","Hausdorff",0.44,0.745,0.25,0.775,0.63,0.725,99,"raw"
"nullproj","Ichino-Yaguchi",0.39,0.635,0.255,0.63,0.345,0.235,99,"raw"
"nullproj","Wasserstein",0.275,0.525,0.24,0.755,0.34,0.57,99,"raw"
"nullproj","Centers-Euclidean",0.59,0.595,0.385,0.385,0.165,0.54,99,"raw"
"nullproj","Int-Euclidean",0.955,0.845,0.825,0.925,0.5,0.975,99,"minP"
"nullproj","Hausdorff",0.96,1,0.745,1,0.99,0.995,99,"minP"
"nullproj","Ichino-Yaguchi",0.93,1,0.75,0.995,0.925,0.75,99,"minP"
"nullproj","Wasserstein",0.825,0.985,0.745,0.995,0.905,0.985,99,"minP"
"nullproj","Centers-Euclidean",1,1,0.92,0.92,0.61,0.975,99,"minP"
"nullproj","Int-Euclidean",1,0.05,1,0.05,0.995,1,100,"raw"
"nullproj","Hausdorff",0.6,0.46,0.62,0.87,0.74,0.915,100,"raw"
"nullproj","Ichino-Yaguchi",0.6,0.465,0.58,0.495,0.855,0.755,100,"raw"
"nullproj","Wasserstein",0.475,0.645,0.65,0.565,0.585,0.445,100,"raw"
"nullproj","Centers-Euclidean",0.94,0.775,0.965,0.67,0.76,0.3,100,"raw"
"nullproj","Int-Euclidean",1,0.245,1,0.24,1,1,100,"minP"
"nullproj","Hausdorff",1,0.98,0.995,1,0.995,1,100,"minP"
"nullproj","Ichino-Yaguchi",1,0.985,0.995,0.98,1,1,100,"minP"
"nullproj","Wasserstein",0.985,1,0.995,0.995,0.99,0.965,100,"minP"
"nullproj","Centers-Euclidean",1,1,1,0.995,1,0.845,100,"minP"
"nullproj","Int-Euclidean",0.835,0.71,0.79,0.23,0.94,0.365,101,"raw"
"nullproj","Hausdorff",0.9,0.915,0.965,0.815,0.575,0.875,101,"raw"
"nullproj","Ichino-Yaguchi",0.945,0.865,1,0.825,0.69,1,101,"raw"
"nullproj","Wasserstein",0.91,0.91,0.99,0.91,0.815,0.915,101,"raw"
"nullproj","Centers-Euclidean",0.66,0.225,0.675,0.215,0.78,0.925,101,"raw"
"nullproj","Int-Euclidean",1,1,1,0.76,1,0.935,101,"minP"
"nullproj","Hausdorff",1,1,1,1,0.995,1,101,"minP"
"nullproj","Ichino-Yaguchi",1,1,1,1,1,1,101,"minP"
"nullproj","Wasserstein",1,1,1,1,1,1,101,"minP"
"nullproj","Centers-Euclidean",1,0.775,1,0.745,1,1,101,"minP"
"nullproj","Int-Euclidean",0.17,0.55,0.08,0.855,0.405,0.475,102,"raw"
"nullproj","Hausdorff",0.94,0.17,0.925,0.46,0.92,0.48,102,"raw"
"nullproj","Ichino-Yaguchi",0.79,0.565,0.755,0.25,0.5,0.695,102,"raw"
"nullproj","Wasserstein",0.74,0.54,0.66,0.195,0.435,1,102,"raw"
"nullproj","Centers-Euclidean",0.175,0.07,0.075,0.25,0.08,0.645,102,"raw"
"nullproj","Int-Euclidean",0.675,0.985,0.35,1,0.93,0.955,102,"minP"
"nullproj","Hausdorff",1,0.675,1,0.97,1,0.955,102,"minP"
"nullproj","Ichino-Yaguchi",1,0.985,1,0.76,0.955,0.99,102,"minP"
"nullproj","Wasserstein",1,0.98,1,0.7,0.935,1,102,"minP"
"nullproj","Centers-Euclidean",0.685,0.345,0.325,0.76,0.37,0.98,102,"minP"
"nullproj","Int-Euclidean",0.5,0.59,0.385,0.9,0.77,0.745,103,"raw"
"nullproj","Hausdorff",0.89,0.215,0.9,0.5,0.945,0.21,103,"raw"
"nullproj","Ichino-Yaguchi",0.91,0.215,0.845,0.475,0.98,0.44,103,"raw"
"nullproj","Wasserstein",0.905,0.365,0.81,0.5,0.985,0.715,103,"raw"
"nullproj","Centers-Euclidean",0.425,0.105,0.49,0.88,0.875,0.24,103,"raw"
"nullproj","Int-Euclidean",0.985,0.985,0.91,1,1,1,103,"minP"
"nullproj","Hausdorff",1,0.725,1,0.96,1,0.69,103,"minP"
"nullproj","Ichino-Yaguchi",1,0.725,1,0.945,1,0.955,103,"minP"
"nullproj","Wasserstein",1,0.91,1,0.96,1,1,103,"minP"
"nullproj","Centers-Euclidean",0.955,0.475,0.955,1,1,0.77,103,"minP"
"nullproj","Int-Euclidean",0.25,0.85,0.205,0.425,0.25,0.865,104,"raw"
"nullproj","Hausdorff",0.62,0.645,0.32,0.4,0.215,1,104,"raw"
"nullproj","Ichino-Yaguchi",0.695,0.47,0.565,0.415,0.19,0.22,104,"raw"
"nullproj","Wasserstein",0.66,0.975,0.48,0.715,0.415,0.63,104,"raw"
"nullproj","Centers-Euclidean",0.705,0.11,0.625,0.045,0.975,0.525,104,"raw"
"nullproj","Int-Euclidean",0.775,1,0.68,0.945,0.78,1,104,"minP"
"nullproj","Hausdorff",0.985,0.985,0.83,0.925,0.705,1,104,"minP"
"nullproj","Ichino-Yaguchi",0.995,0.96,0.975,0.945,0.675,0.725,104,"minP"
"nullproj","Wasserstein",0.99,1,0.955,1,0.94,0.985,104,"minP"
"nullproj","Centers-Euclidean",0.995,0.445,1,0.215,1,0.98,104,"minP"
"nullproj","Int-Euclidean",0.02,0.125,0.115,0.305,0.025,0.575,105,"raw"
"nullproj","Hausdorff",0.05,0.515,0.035,0.185,0.225,0.385,105,"raw"
"nullproj","Ichino-Yaguchi",0.005,0.355,0.01,0.105,0.06,0.225,105,"raw"
"nullproj","Wasserstein",0.01,0.295,0.01,0.145,0.19,1,105,"raw"
"nullproj","Centers-Euclidean",0.03,0.265,0.09,0.505,0.105,0.305,105,"raw"
"nullproj","Int-Euclidean",0.105,0.585,0.5,0.86,0.125,0.995,105,"minP"
"nullproj","Hausdorff",0.285,0.965,0.185,0.705,0.705,0.895,105,"minP"
"nullproj","Ichino-Yaguchi",0.005,0.91,0.045,0.465,0.32,0.705,105,"minP"
"nullproj","Wasserstein",0.04,0.865,0.045,0.575,0.65,1,105,"minP"
"nullproj","Centers-Euclidean",0.17,0.84,0.42,0.975,0.425,0.8,105,"minP"
"nullproj","Int-Euclidean",0.45,0.27,0.495,0.48,0.87,0.2,106,"raw"
"nullproj","Hausdorff",0.975,0.95,0.965,0.345,0.625,0.15,106,"raw"
"nullproj","Ichino-Yaguchi",0.76,0.905,0.9,0.54,0.355,0.03,106,"raw"
"nullproj","Wasserstein",0.85,0.77,0.87,0.265,0.61,0.065,106,"raw"
"nullproj","Centers-Euclidean",0.3,0.645,0.55,0.64,0.85,0.75,106,"raw"
"nullproj","Int-Euclidean",0.97,0.83,0.965,0.96,1,0.705,106,"minP"
"nullproj","Hausdorff",1,1,1,0.92,0.99,0.61,106,"minP"
"nullproj","Ichino-Yaguchi",1,1,1,0.98,0.91,0.14,106,"minP"
"nullproj","Wasserstein",1,1,1,0.83,0.99,0.325,106,"minP"
"nullproj","Centers-Euclidean",0.845,1,0.99,1,1,1,106,"minP"
"nullproj","Int-Euclidean",0.15,0.455,0.26,0.67,0.175,0.305,107,"raw"
"nullproj","Hausdorff",0.545,0.025,0.57,0.21,0.22,0.105,107,"raw"
"nullproj","Ichino-Yaguchi",0.415,0.115,0.53,0.25,0.355,0.235,107,"raw"
"nullproj","Wasserstein",0.35,0.105,0.51,0.22,0.17,0.6,107,"raw"
"nullproj","Centers-Euclidean",0.57,0.09,0.705,0.14,0.085,0.545,107,"raw"
"nullproj","Int-Euclidean",0.61,0.955,0.795,0.995,0.625,0.835,107,"minP"
"nullproj","Hausdorff",0.99,0.13,0.985,0.71,0.73,0.445,107,"minP"
"nullproj","Ichino-Yaguchi",0.93,0.52,0.985,0.785,0.875,0.73,107,"minP"
"nullproj","Wasserstein",0.9,0.485,0.98,0.715,0.62,0.995,107,"minP"
"nullproj","Centers-Euclidean",0.99,0.41,1,0.565,0.375,0.99,107,"minP"
"nullproj","Int-Euclidean",0.28,0.845,0.125,0.685,0.75,0.845,108,"raw"
"nullproj","Hausdorff",0.75,0.065,0.645,0.04,0.885,0.6,108,"raw"
"nullproj","Ichino-Yaguchi",0.88,0.05,0.65,0.02,0.94,0.345,108,"raw"
"nullproj","Wasserstein",0.965,0.045,0.83,0.01,0.99,0.275,108,"raw"
"nullproj","Centers-Euclidean",0.965,0.36,0.89,0.72,0.91,0.5,108,"raw"
"nullproj","Int-Euclidean",0.87,1,0.565,1,1,1,108,"minP"
"nullproj","Hausdorff",1,0.33,1,0.19,1,0.99,108,"minP"
"nullproj","Ichino-Yaguchi",1,0.26,1,0.085,1,0.91,108,"minP"
"nullproj","Wasserstein",1,0.235,1,0.04,1,0.81,108,"minP"
"nullproj","Centers-Euclidean",1,0.925,1,1,1,0.975,108,"minP"
"nullproj","Int-Euclidean",0.905,0.615,0.97,0.795,0.32,1,109,"raw"
"nullproj","Hausdorff",0.95,0.395,0.93,0.305,0.71,0.91,109,"raw"
"nullproj","Ichino-Yaguchi",0.985,0.695,0.98,0.93,0.515,0.75,109,"raw"
"nullproj","Wasserstein",0.995,0.95,0.995,0.905,0.41,0.695,109,"raw"
"nullproj","Centers-Euclidean",0.98,0.82,0.995,0.405,0.45,1,109,"raw"
"nullproj","Int-Euclidean",1,0.99,1,1,0.88,1,109,"minP"
"nullproj","Hausdorff",1,0.935,1,0.84,1,1,109,"minP"
"nullproj","Ichino-Yaguchi",1,0.995,1,1,0.99,1,109,"minP"
"nullproj","Wasserstein",1,1,1,1,0.95,1,109,"minP"
"nullproj","Centers-Euclidean",1,1,1,0.935,0.96,1,109,"minP"
"nullproj","Int-Euclidean",0.34,0.995,0.515,0.935,0.755,0.91,110,"raw"
"nullproj","Hausdorff",0.555,0.72,0.705,0.87,0.43,0.68,110,"raw"
"nullproj","Ichino-Yaguchi",0.175,0.89,0.36,0.995,0.115,0.06,110,"raw"
"nullproj","Wasserstein",0.27,0.37,0.46,0.74,0.16,0.115,110,"raw"
"nullproj","Centers-Euclidean",0.29,0.8,0.245,0.415,0.305,0.86,110,"raw"
"nullproj","Int-Euclidean",0.875,1,0.97,1,1,1,110,"minP"
"nullproj","Hausdorff",0.995,1,1,1,0.96,1,110,"minP"
"nullproj","Ichino-Yaguchi",0.665,1,0.895,1,0.445,0.26,110,"minP"
"nullproj","Wasserstein",0.82,0.9,0.96,1,0.545,0.445,110,"minP"
"nullproj","Centers-Euclidean",0.85,1,0.765,0.94,0.83,1,110,"minP"
"nullproj","Int-Euclidean",0.915,0.015,0.96,0.04,0.5,0.915,111,"raw"
"nullproj","Hausdorff",0.525,0.925,0.37,0.41,0.195,0.735,111,"raw"
"nullproj","Ichino-Yaguchi",0.735,0.205,0.465,0.19,0.345,0.89,111,"raw"
"nullproj","Wasserstein",0.895,0.035,0.665,0.095,0.39,0.225,111,"raw"
"nullproj","Centers-Euclidean",0.735,0.17,0.895,0.32,0.34,0.47,111,"raw"
"nullproj","Int-Euclidean",1,0.08,1,0.2,0.98,1,111,"minP"
"nullproj","Hausdorff",1,1,0.935,0.965,0.645,0.995,111,"minP"
"nullproj","Ichino-Yaguchi",1,0.74,0.975,0.66,0.885,1,111,"minP"
"nullproj","Wasserstein",1,0.19,1,0.42,0.935,0.72,111,"minP"
"nullproj","Centers-Euclidean",1,0.665,1,0.89,0.88,0.955,111,"minP"
"nullproj","Int-Euclidean",0.15,0.015,0.18,0.01,0.15,1,112,"raw"
"nullproj","Hausdorff",0.815,0.22,0.98,0.97,0.73,0.59,112,"raw"
"nullproj","Ichino-Yaguchi",0.405,0.375,0.765,0.92,0.4,0.56,112,"raw"
"nullproj","Wasserstein",0.47,0.535,0.845,0.96,0.375,0.055,112,"raw"
"nullproj","Centers-Euclidean",0.74,0.22,0.745,0.105,0.675,0.48,112,"raw"
"nullproj","Int-Euclidean",0.6,0.09,0.65,0.035,0.605,1,112,"minP"
"nullproj","Hausdorff",1,0.745,1,1,1,0.995,112,"minP"
"nullproj","Ichino-Yaguchi",0.945,0.925,1,1,0.92,0.985,112,"minP"
"nullproj","Wasserstein",0.97,0.98,1,1,0.905,0.24,112,"minP"
"nullproj","Centers-Euclidean",1,0.745,1,0.465,1,0.955,112,"minP"
"nullproj","Int-Euclidean",0.72,0.445,0.575,0.505,0.29,1,113,"raw"
"nullproj","Hausdorff",0.02,0.66,0.02,0.755,0.1,0.725,113,"raw"
"nullproj","Ichino-Yaguchi",0.06,0.395,0.05,0.535,0.125,0.7,113,"raw"
"nullproj","Wasserstein",0.05,0.21,0.045,0.3,0.135,0.095,113,"raw"
"nullproj","Centers-Euclidean",0.04,0.505,0.07,0.545,0.05,0.095,113,"raw"
"nullproj","Int-Euclidean",1,0.945,0.99,0.98,0.87,1,113,"minP"
"nullproj","Hausdorff",0.115,1,0.12,1,0.47,1,113,"minP"
"nullproj","Ichino-Yaguchi",0.275,0.92,0.245,0.985,0.505,1,113,"minP"
"nullproj","Wasserstein",0.23,0.745,0.225,0.86,0.55,0.46,113,"minP"
"nullproj","Centers-Euclidean",0.2,0.975,0.32,0.985,0.26,0.46,113,"minP"
"nullproj","Int-Euclidean",0.93,0.425,0.95,0.82,0.995,0.645,114,"raw"
"nullproj","Hausdorff",0.515,0.225,0.645,0.45,0.6,0.895,114,"raw"
"nullproj","Ichino-Yaguchi",0.245,0.585,0.525,0.865,0.39,0.59,114,"raw"
"nullproj","Wasserstein",0.225,0.755,0.53,0.98,0.19,0.58,114,"raw"
"nullproj","Centers-Euclidean",0.355,0.655,0.415,0.46,0.43,0.03,114,"raw"
"nullproj","Int-Euclidean",1,0.955,1,1,1,1,114,"minP"
"nullproj","Hausdorff",1,0.73,1,0.965,0.99,1,114,"minP"
"nullproj","Ichino-Yaguchi",0.765,1,0.985,1,0.925,0.985,114,"minP"
"nullproj","Wasserstein",0.73,1,0.985,1,0.675,0.98,114,"minP"
"nullproj","Centers-Euclidean",0.925,1,0.935,0.97,0.945,0.17,114,"minP"
"nullproj","Int-Euclidean",0.115,0.145,0.09,0.255,0.055,0.32,115,"raw"
"nullproj","Hausdorff",0.2,0.11,0.11,0.57,0.56,0.69,115,"raw"
"nullproj","Ichino-Yaguchi",0.065,0.345,0.06,0.645,0.21,0.135,115,"raw"
"nullproj","Wasserstein",0.11,0.165,0.08,0.32,0.35,0.56,115,"raw"
"nullproj","Centers-Euclidean",0.45,0.95,0.32,0.65,0.685,0.49,115,"raw"
"nullproj","Int-Euclidean",0.475,0.555,0.38,0.78,0.29,0.9,115,"minP"
"nullproj","Hausdorff",0.67,0.46,0.455,0.975,0.99,1,115,"minP"
"nullproj","Ichino-Yaguchi",0.31,0.865,0.275,0.99,0.71,0.57,115,"minP"
"nullproj","Wasserstein",0.46,0.6,0.35,0.855,0.93,0.99,115,"minP"
"nullproj","Centers-Euclidean",0.945,1,0.855,0.99,1,0.985,115,"minP"
"nullproj","Int-Euclidean",0.395,0.215,0.53,0.11,0.805,0.89,116,"raw"
"nullproj","Hausdorff",0.865,0.495,0.76,0.95,0.78,0.035,116,"raw"
"nullproj","Ichino-Yaguchi",0.685,0.59,0.705,0.97,0.895,0.205,116,"raw"
"nullproj","Wasserstein",0.725,0.84,0.62,0.57,0.935,0.225,116,"raw"
"nullproj","Centers-Euclidean",0.62,0.075,0.715,0.015,0.8,0.305,116,"raw"
"nullproj","Int-Euclidean",0.955,0.76,0.99,0.51,1,1,116,"minP"
"nullproj","Hausdorff",1,0.98,1,1,1,0.185,116,"minP"
"nullproj","Ichino-Yaguchi",1,1,1,1,1,0.66,116,"minP"
"nullproj","Wasserstein",1,1,0.995,0.99,1,0.73,116,"minP"
"nullproj","Centers-Euclidean",1,0.345,1,0.065,1,0.845,116,"minP"
"nullproj","Int-Euclidean",0.255,0.535,0.22,0.265,0.695,0.13,117,"raw"
"nullproj","Hausdorff",0.165,0.555,0.285,0.96,0.395,0.635,117,"raw"
"nullproj","Ichino-Yaguchi",0.41,0.435,0.345,1,0.505,0.31,117,"raw"
"nullproj","Wasserstein",0.32,0.68,0.41,0.93,0.415,0.335,117,"raw"
"nullproj","Centers-Euclidean",0.57,0.995,0.635,0.89,0.51,0.425,117,"raw"
"nullproj","Int-Euclidean",0.81,0.985,0.77,0.82,1,0.53,117,"minP"
"nullproj","Hausdorff",0.635,0.995,0.85,1,0.92,1,117,"minP"
"nullproj","Ichino-Yaguchi",0.945,0.95,0.92,1,0.975,0.84,117,"minP"
"nullproj","Wasserstein",0.875,1,0.95,1,0.935,0.9,117,"minP"
"nullproj","Centers-Euclidean",0.995,1,1,1,0.98,0.96,117,"minP"
"nullproj","Int-Euclidean",0.36,0.58,0.495,0.315,0.815,0.56,118,"raw"
"nullproj","Hausdorff",0.9,0.605,0.89,0.5,0.27,0.21,118,"raw"
"nullproj","Ichino-Yaguchi",0.835,0.86,0.85,0.755,0.71,0.29,118,"raw"
"nullproj","Wasserstein",0.875,0.715,0.92,0.605,0.81,0.395,118,"raw"
"nullproj","Centers-Euclidean",0.81,0.525,0.915,0.425,0.85,0.715,118,"raw"
"nullproj","Int-Euclidean",0.92,0.995,0.97,0.87,1,0.995,118,"minP"
"nullproj","Hausdorff",1,1,1,0.975,0.83,0.745,118,"minP"
"nullproj","Ichino-Yaguchi",1,1,1,1,0.995,0.84,118,"minP"
"nullproj","Wasserstein",1,1,1,0.985,1,0.95,118,"minP"
"nullproj","Centers-Euclidean",1,0.985,1,0.94,1,0.995,118,"minP"
"nullproj","Int-Euclidean",0.71,0.44,0.72,0.47,0.735,0.45,119,"raw"
"nullproj","Hausdorff",0.64,0.325,0.65,0.595,0.63,0.765,119,"raw"
"nullproj","Ichino-Yaguchi",0.51,0.31,0.715,0.56,0.74,0.72,119,"raw"
"nullproj","Wasserstein",0.445,0.355,0.6,0.86,0.4,0.51,119,"raw"
"nullproj","Centers-Euclidean",0.29,0.385,0.23,0.44,0.42,0.565,119,"raw"
"nullproj","Int-Euclidean",1,0.97,1,0.985,1,0.98,119,"minP"
"nullproj","Hausdorff",1,0.94,1,0.995,0.995,1,119,"minP"
"nullproj","Ichino-Yaguchi",0.985,0.93,1,0.995,1,1,119,"minP"
"nullproj","Wasserstein",0.97,0.95,0.995,1,0.95,0.985,119,"minP"
"nullproj","Centers-Euclidean",0.9,0.955,0.805,0.98,0.955,0.99,119,"minP"
"nullproj","Int-Euclidean",0.77,0.23,0.92,0.07,0.9,0.6,120,"raw"
"nullproj","Hausdorff",0.37,0.74,0.255,0.815,0.23,0.85,120,"raw"
"nullproj","Ichino-Yaguchi",0.395,0.51,0.355,0.925,0.56,1,120,"raw"
"nullproj","Wasserstein",0.335,0.705,0.37,0.97,0.545,1,120,"raw"
"nullproj","Centers-Euclidean",0.255,0.69,0.29,0.865,0.44,1,120,"raw"
"nullproj","Int-Euclidean",1,0.82,1,0.355,1,1,120,"minP"
"nullproj","Hausdorff",0.945,1,0.84,1,0.78,1,120,"minP"
"nullproj","Ichino-Yaguchi",0.955,0.98,0.93,1,1,1,120,"minP"
"nullproj","Wasserstein",0.92,1,0.94,1,1,1,120,"minP"
"nullproj","Centers-Euclidean",0.84,1,0.885,1,0.98,1,120,"minP"
"nullproj","Int-Euclidean",0.775,0.88,0.685,0.74,0.96,0.9,121,"raw"
"nullproj","Hausdorff",0.96,0.22,0.955,0.32,0.805,0.76,121,"raw"
"nullproj","Ichino-Yaguchi",0.995,0.15,0.99,0.285,0.91,0.04,121,"raw"
"nullproj","Wasserstein",0.99,0.335,0.995,0.28,0.935,0.115,121,"raw"
"nullproj","Centers-Euclidean",1,0.585,0.995,0.94,0.9,0.245,121,"raw"
"nullproj","Int-Euclidean",1,1,1,1,1,1,121,"minP"
"nullproj","Hausdorff",1,0.765,1,0.89,1,1,121,"minP"
"nullproj","Ichino-Yaguchi",1,0.6,1,0.84,1,0.205,121,"minP"
"nullproj","Wasserstein",1,0.89,1,0.84,1,0.47,121,"minP"
"nullproj","Centers-Euclidean",1,0.985,1,1,1,0.835,121,"minP"
"nullproj","Int-Euclidean",0.545,0.34,0.335,0.66,0.735,0.67,122,"raw"
"nullproj","Hausdorff",0.06,0.27,0.03,0.525,0.41,0.055,122,"raw"
"nullproj","Ichino-Yaguchi",0.135,0.25,0.045,0.29,0.185,0.015,122,"raw"
"nullproj","Wasserstein",0.17,0.285,0.06,0.54,0.31,0.22,122,"raw"
"nullproj","Centers-Euclidean",0.48,0.51,0.21,0.765,0.335,0.865,122,"raw"
"nullproj","Int-Euclidean",0.99,0.895,0.89,1,1,0.995,122,"minP"
"nullproj","Hausdorff",0.32,0.825,0.17,0.975,0.96,0.265,122,"minP"
"nullproj","Ichino-Yaguchi",0.56,0.79,0.235,0.815,0.69,0.06,122,"minP"
"nullproj","Wasserstein",0.62,0.85,0.315,0.975,0.895,0.775,122,"minP"
"nullproj","Centers-Euclidean",0.965,0.98,0.725,1,0.915,1,122,"minP"
"nullproj","Int-Euclidean",0.2,0.19,0.285,0.555,0.085,1,123,"raw"
"nullproj","Hausdorff",0.37,0.94,0.195,0.44,0.71,0.865,123,"raw"
"nullproj","Ichino-Yaguchi",0.355,0.8,0.13,0.58,0.36,0.33,123,"raw"
"nullproj","Wasserstein",0.12,0.595,0.09,0.44,0.4,0.225,123,"raw"
"nullproj","Centers-Euclidean",0.105,0.47,0.385,0.985,0.81,0.91,123,"raw"
"nullproj","Int-Euclidean",0.71,0.685,0.83,0.99,0.365,1,123,"minP"
"nullproj","Hausdorff",0.92,1,0.685,0.945,0.995,1,123,"minP"
"nullproj","Ichino-Yaguchi",0.91,1,0.52,1,0.88,0.875,123,"minP"
"nullproj","Wasserstein",0.51,0.995,0.42,0.945,0.91,0.735,123,"minP"
"nullproj","Centers-Euclidean",0.47,0.97,0.925,1,1,1,123,"minP"
"nullproj","Int-Euclidean",0.315,0.675,0.375,0.57,0.135,0.505,124,"raw"
"nullproj","Hausdorff",0.435,0.89,0.45,0.615,0.48,0.14,124,"raw"
"nullproj","Ichino-Yaguchi",0.425,0.855,0.3,0.695,0.575,0.31,124,"raw"
"nullproj","Wasserstein",0.24,0.42,0.195,0.295,0.28,0.305,124,"raw"
"nullproj","Centers-Euclidean",0.155,0.61,0.21,0.27,0.525,0.705,124,"raw"
"nullproj","Int-Euclidean",0.87,1,0.915,0.985,0.59,0.985,124,"minP"
"nullproj","Hausdorff",0.945,1,0.96,0.99,0.975,0.595,124,"minP"
"nullproj","Ichino-Yaguchi",0.92,1,0.82,1,0.995,0.84,124,"minP"
"nullproj","Wasserstein",0.795,0.92,0.685,0.815,0.84,0.84,124,"minP"
"nullproj","Centers-Euclidean",0.625,0.995,0.705,0.78,0.99,1,124,"minP"
"nullproj","Int-Euclidean",0.03,0.3,0.03,0.285,0.105,0.115,125,"raw"
"nullproj","Hausdorff",0.485,0.315,0.29,0.35,0.685,0.665,125,"raw"
"nullproj","Ichino-Yaguchi",0.5,0.265,0.3,0.53,0.61,1,125,"raw"
"nullproj","Wasserstein",0.415,0.195,0.235,0.195,0.31,0.39,125,"raw"
"nullproj","Centers-Euclidean",0.16,0.37,0.28,0.94,0.395,1,125,"raw"
"nullproj","Int-Euclidean",0.165,0.91,0.17,0.835,0.46,0.47,125,"minP"
"nullproj","Hausdorff",0.975,0.915,0.84,0.885,1,1,125,"minP"
"nullproj","Ichino-Yaguchi",0.98,0.865,0.84,0.99,0.995,1,125,"minP"
"nullproj","Wasserstein",0.97,0.715,0.775,0.66,0.855,0.925,125,"minP"
"nullproj","Centers-Euclidean",0.64,0.955,0.835,1,0.935,1,125,"minP"
"nullproj","Int-Euclidean",0.61,0.895,0.68,0.775,0.33,0.895,126,"raw"
"nullproj","Hausdorff",0.08,0.995,0.025,0.68,0.04,0.86,126,"raw"
"nullproj","Ichino-Yaguchi",0.215,0.28,0.07,0.275,0.195,0.345,126,"raw"
"nullproj","Wasserstein",0.095,0.435,0.065,0.28,0.175,0.285,126,"raw"
"nullproj","Centers-Euclidean",0.56,0.5,0.505,0.875,0.57,0.91,126,"raw"
"nullproj","Int-Euclidean",0.995,1,1,1,0.855,1,126,"minP"
"nullproj","Hausdorff",0.385,1,0.12,1,0.2,1,126,"minP"
"nullproj","Ichino-Yaguchi",0.76,0.855,0.325,0.805,0.665,0.895,126,"minP"
"nullproj","Wasserstein",0.435,0.96,0.31,0.815,0.615,0.83,126,"minP"
"nullproj","Centers-Euclidean",0.995,0.99,0.97,1,0.975,1,126,"minP"
"nullproj","Int-Euclidean",0.455,0.05,0.39,0.04,0.555,0.68,127,"raw"
"nullproj","Hausdorff",0.42,0.385,0.475,0.52,0.38,0.07,127,"raw"
"nullproj","Ichino-Yaguchi",0.555,0.34,0.63,0.56,0.365,0.085,127,"raw"
"nullproj","Wasserstein",0.74,0.615,0.695,0.73,0.445,0.075,127,"raw"
"nullproj","Centers-Euclidean",0.455,0.015,0.625,0.24,0.585,0.24,127,"raw"
"nullproj","Int-Euclidean",0.945,0.255,0.925,0.195,0.98,0.995,127,"minP"
"nullproj","Hausdorff",0.93,0.91,0.975,0.985,0.91,0.335,127,"minP"
"nullproj","Ichino-Yaguchi",0.975,0.89,0.995,0.985,0.9,0.41,127,"minP"
"nullproj","Wasserstein",1,0.995,1,1,0.94,0.365,127,"minP"
"nullproj","Centers-Euclidean",0.945,0.07,0.995,0.77,0.985,0.785,127,"minP"
"nullproj","Int-Euclidean",0.28,0.685,0.095,0.965,0.865,0.28,128,"raw"
"nullproj","Hausdorff",0.17,0.01,0.055,0.04,0.48,0.905,128,"raw"
"nullproj","Ichino-Yaguchi",0.245,0.03,0.08,0.055,0.39,0.9,128,"raw"
"nullproj","Wasserstein",0.165,0.04,0.04,0.12,0.55,0.355,128,"raw"
"nullproj","Centers-Euclidean",0.005,0.73,0.005,0.57,0.16,0.91,128,"raw"
"nullproj","Int-Euclidean",0.825,0.995,0.415,1,1,0.84,128,"minP"
"nullproj","Hausdorff",0.64,0.05,0.275,0.2,0.97,1,128,"minP"
"nullproj","Ichino-Yaguchi",0.775,0.17,0.36,0.275,0.915,1,128,"minP"
"nullproj","Wasserstein",0.635,0.24,0.2,0.505,0.985,0.91,128,"minP"
"nullproj","Centers-Euclidean",0.005,0.995,0.005,0.995,0.62,1,128,"minP"
"nullproj","Int-Euclidean",0.65,0.685,0.43,0.125,0.81,0.085,129,"raw"
"nullproj","Hausdorff",0.14,0.635,0.29,0.11,0.22,0.155,129,"raw"
"nullproj","Ichino-Yaguchi",0.195,0.915,0.45,0.215,0.58,0.89,129,"raw"
"nullproj","Wasserstein",0.295,0.985,0.47,0.135,0.71,0.135,129,"raw"
"nullproj","Centers-Euclidean",0.625,0.515,0.56,0.085,0.59,0.18,129,"raw"
"nullproj","Int-Euclidean",0.995,1,0.97,0.53,1,0.365,129,"minP"
"nullproj","Hausdorff",0.605,0.995,0.87,0.485,0.73,0.57,129,"minP"
"nullproj","Ichino-Yaguchi",0.745,1,0.975,0.745,0.985,1,129,"minP"
"nullproj","Wasserstein",0.855,1,0.975,0.58,0.995,0.52,129,"minP"
"nullproj","Centers-Euclidean",0.995,0.97,0.995,0.405,0.99,0.665,129,"minP"
"nullproj","Int-Euclidean",0.87,0.91,0.845,0.475,0.875,0.32,130,"raw"
"nullproj","Hausdorff",0.775,0.1,0.655,0.22,0.91,1,130,"raw"
"nullproj","Ichino-Yaguchi",0.615,0.045,0.505,0.09,0.865,0.36,130,"raw"
"nullproj","Wasserstein",0.715,0.12,0.625,0.125,0.96,0.895,130,"raw"
"nullproj","Centers-Euclidean",0.98,0.895,0.975,0.83,0.98,0.87,130,"raw"
"nullproj","Int-Euclidean",1,1,1,0.97,1,0.845,130,"minP"
"nullproj","Hausdorff",1,0.455,0.99,0.735,1,1,130,"minP"
"nullproj","Ichino-Yaguchi",0.99,0.205,0.97,0.38,1,0.89,130,"minP"
"nullproj","Wasserstein",1,0.505,0.99,0.475,1,1,130,"minP"
"nullproj","Centers-Euclidean",1,1,1,1,1,1,130,"minP"
"nullproj","Int-Euclidean",0.61,0.215,0.84,0.18,0.63,0.04,131,"raw"
"nullproj","Hausdorff",0.955,0.815,0.98,0.4,0.985,0.225,131,"raw"
"nullproj","Ichino-Yaguchi",0.97,0.62,0.99,0.21,0.995,0.17,131,"raw"
"nullproj","Wasserstein",0.895,0.83,0.99,0.23,0.99,0.175,131,"raw"
"nullproj","Centers-Euclidean",0.835,0.245,0.95,0.09,0.965,0.35,131,"raw"
"nullproj","Int-Euclidean",1,0.725,1,0.635,0.99,0.205,131,"minP"
"nullproj","Hausdorff",1,1,1,0.935,1,0.77,131,"minP"
"nullproj","Ichino-Yaguchi",1,1,1,0.695,1,0.67,131,"minP"
"nullproj","Wasserstein",1,1,1,0.715,1,0.675,131,"minP"
"nullproj","Centers-Euclidean",1,0.765,1,0.375,1,0.905,131,"minP"
"nullproj","Int-Euclidean",0.235,0.92,0.115,0.27,0.955,1,132,"raw"
"nullproj","Hausdorff",0.78,0.455,0.97,0.94,0.83,0.885,132,"raw"
"nullproj","Ichino-Yaguchi",0.805,0.305,0.93,0.575,0.975,0.895,132,"raw"
"nullproj","Wasserstein",0.86,0.11,0.945,0.56,1,1,132,"raw"
"nullproj","Centers-Euclidean",0.58,0.93,0.6,0.995,0.96,0.695,132,"raw"
"nullproj","Int-Euclidean",0.775,1,0.515,0.84,1,1,132,"minP"
"nullproj","Hausdorff",1,0.945,1,1,1,1,132,"minP"
"nullproj","Ichino-Yaguchi",1,0.86,1,0.99,1,1,132,"minP"
"nullproj","Wasserstein",1,0.465,1,0.99,1,1,132,"minP"
"nullproj","Centers-Euclidean",0.99,1,0.995,1,1,0.995,132,"minP"
"nullproj","Int-Euclidean",0.19,0.57,0.115,0.89,0.135,0.155,133,"raw"
"nullproj","Hausdorff",0.685,0.42,0.5,0.525,0.38,0.15,133,"raw"
"nullproj","Ichino-Yaguchi",0.475,0.165,0.41,0.195,0.19,0.265,133,"raw"
"nullproj","Wasserstein",0.72,0.17,0.65,0.165,0.425,0.31,133,"raw"
"nullproj","Centers-Euclidean",0.855,0.155,0.93,0.115,0.545,0.28,133,"raw"
"nullproj","Int-Euclidean",0.685,1,0.51,1,0.525,0.57,133,"minP"
"nullproj","Hausdorff",1,0.955,0.98,0.985,0.915,0.565,133,"minP"
"nullproj","Ichino-Yaguchi",0.985,0.63,0.93,0.695,0.66,0.805,133,"minP"
"nullproj","Wasserstein",1,0.635,1,0.615,0.935,0.835,133,"minP"
"nullproj","Centers-Euclidean",1,0.61,1,0.51,0.98,0.825,133,"minP"
"nullproj","Int-Euclidean",0.55,0.76,0.55,0.705,0.615,0.895,134,"raw"
"nullproj","Hausdorff",0.5,0.865,0.72,0.935,0.705,0.875,134,"raw"
"nullproj","Ichino-Yaguchi",0.445,0.98,0.52,0.99,0.87,0.085,134,"raw"
"nullproj","Wasserstein",0.475,0.675,0.6,0.665,0.835,0.19,134,"raw"
"nullproj","Centers-Euclidean",0.61,0.795,0.47,0.395,0.435,0.77,134,"raw"
"nullproj","Int-Euclidean",0.995,1,0.985,1,1,1,134,"minP"
"nullproj","Hausdorff",0.98,1,1,1,1,1,134,"minP"
"nullproj","Ichino-Yaguchi",0.955,1,0.975,1,1,0.41,134,"minP"
"nullproj","Wasserstein",0.965,1,0.99,0.995,1,0.7,134,"minP"
"nullproj","Centers-Euclidean",1,1,0.95,0.93,0.98,1,134,"minP"
"nullproj","Int-Euclidean",0.22,0.165,0.225,0.535,0.205,1,135,"raw"
"nullproj","Hausdorff",0.2,0.7,0.36,0.545,0.6,0.695,135,"raw"
"nullproj","Ichino-Yaguchi",0.235,0.615,0.29,0.805,0.3,0.88,135,"raw"
"nullproj","Wasserstein",0.145,0.38,0.19,0.965,0.085,1,135,"raw"
"nullproj","Centers-Euclidean",0.11,0.77,0.065,0.97,0.06,0.365,135,"raw"
"nullproj","Int-Euclidean",0.79,0.675,0.78,1,0.715,1,135,"minP"
"nullproj","Hausdorff",0.735,1,0.935,1,0.99,0.995,135,"minP"
"nullproj","Ichino-Yaguchi",0.815,0.995,0.86,1,0.825,1,135,"minP"
"nullproj","Wasserstein",0.635,0.905,0.705,1,0.395,1,135,"minP"
"nullproj","Centers-Euclidean",0.51,1,0.345,1,0.275,0.905,135,"minP"
"nullproj","Int-Euclidean",0.625,0.735,0.835,0.94,0.49,0.765,136,"raw"
"nullproj","Hausdorff",0.595,0.285,0.74,0.485,0.425,0.26,136,"raw"
"nullproj","Ichino-Yaguchi",0.48,0.41,0.585,0.53,0.125,0.68,136,"raw"
"nullproj","Wasserstein",0.775,0.31,0.695,0.755,0.17,0.45,136,"raw"
"nullproj","Centers-Euclidean",0.57,0.63,0.545,0.45,0.455,0.67,136,"raw"
"nullproj","Int-Euclidean",0.995,1,1,1,0.975,1,136,"minP"
"nullproj","Hausdorff",0.995,0.835,1,0.98,0.945,0.8,136,"minP"
"nullproj","Ichino-Yaguchi",0.985,0.96,0.995,0.99,0.545,1,136,"minP"
"nullproj","Wasserstein",1,0.855,1,1,0.61,0.95,136,"minP"
"nullproj","Centers-Euclidean",0.995,0.995,0.995,0.975,0.95,1,136,"minP"
"nullproj","Int-Euclidean",0.35,0.72,0.4,0.575,0.6,0.85,137,"raw"
"nullproj","Hausdorff",0.21,0.465,0.37,0.6,0.12,0.66,137,"raw"
"nullproj","Ichino-Yaguchi",0.165,0.44,0.35,0.93,0.34,1,137,"raw"
"nullproj","Wasserstein",0.17,0.64,0.305,0.935,0.22,0.2,137,"raw"
"nullproj","Centers-Euclidean",0.345,0.01,0.525,0.115,0.565,0.555,137,"raw"
"nullproj","Int-Euclidean",0.91,1,0.94,0.995,0.985,1,137,"minP"
"nullproj","Hausdorff",0.755,0.97,0.925,0.995,0.51,0.99,137,"minP"
"nullproj","Ichino-Yaguchi",0.655,0.965,0.92,1,0.885,1,137,"minP"
"nullproj","Wasserstein",0.665,0.995,0.885,1,0.735,0.71,137,"minP"
"nullproj","Centers-Euclidean",0.905,0.045,0.985,0.455,0.98,0.98,137,"minP"
"nullproj","Int-Euclidean",0.62,0.81,0.72,0.47,0.68,0.65,138,"raw"
"nullproj","Hausdorff",0.525,0.275,0.73,0.67,0.97,0.725,138,"raw"
"nullproj","Ichino-Yaguchi",0.63,0.4,0.74,0.955,0.925,0.475,138,"raw"
"nullproj","Wasserstein",0.65,0.575,0.8,0.84,0.915,0.31,138,"raw"
"nullproj","Centers-Euclidean",0.905,0.815,0.655,0.975,0.865,1,138,"raw"
"nullproj","Int-Euclidean",0.99,1,1,0.97,1,1,138,"minP"
"nullproj","Hausdorff",0.97,0.805,1,1,1,1,138,"minP"
"nullproj","Ichino-Yaguchi",0.99,0.935,1,1,1,0.955,138,"minP"
"nullproj","Wasserstein",0.995,0.985,1,1,1,0.84,138,"minP"
"nullproj","Centers-Euclidean",1,1,1,1,1,1,138,"minP"
"nullproj","Int-Euclidean",0.475,0.635,0.59,0.775,0.435,0.9,139,"raw"
"nullproj","Hausdorff",0.465,0.56,0.735,0.46,0.55,0.45,139,"raw"
"nullproj","Ichino-Yaguchi",0.275,0.54,0.67,0.695,0.6,0.175,139,"raw"
"nullproj","Wasserstein",0.425,0.6,0.685,0.585,0.615,0.4,139,"raw"
"nullproj","Centers-Euclidean",0.46,0.725,0.495,0.695,0.605,0.855,139,"raw"
"nullproj","Int-Euclidean",0.955,0.995,0.985,1,0.96,1,139,"minP"
"nullproj","Hausdorff",0.95,0.995,1,0.955,0.985,0.975,139,"minP"
"nullproj","Ichino-Yaguchi",0.81,0.97,0.995,1,1,0.63,139,"minP"
"nullproj","Wasserstein",0.94,0.995,0.995,0.985,1,0.94,139,"minP"
"nullproj","Centers-Euclidean",0.95,1,0.965,1,1,1,139,"minP"
"nullproj","Int-Euclidean",0.47,0.21,0.685,0.45,0.175,0.73,140,"raw"
"nullproj","Hausdorff",0.35,0.67,0.545,0.755,0.555,0.92,140,"raw"
"nullproj","Ichino-Yaguchi",0.24,0.81,0.565,0.91,0.445,0.835,140,"raw"
"nullproj","Wasserstein",0.245,0.68,0.615,0.915,0.37,0.865,140,"raw"
"nullproj","Centers-Euclidean",0.31,0.58,0.27,0.76,0.09,0.21,140,"raw"
"nullproj","Int-Euclidean",0.95,0.745,1,0.94,0.63,1,140,"minP"
"nullproj","Hausdorff",0.915,1,0.985,1,0.985,1,140,"minP"
"nullproj","Ichino-Yaguchi",0.79,1,0.985,1,0.94,1,140,"minP"
"nullproj","Wasserstein",0.815,1,0.99,1,0.915,1,140,"minP"
"nullproj","Centers-Euclidean",0.875,0.985,0.79,1,0.38,0.7,140,"minP"
"nullproj","Int-Euclidean",0.435,0.925,0.485,0.945,0.255,0.855,141,"raw"
"nullproj","Hausdorff",0.12,0.935,0.175,0.435,0.25,0.51,141,"raw"
"nullproj","Ichino-Yaguchi",0.185,0.96,0.33,0.18,0.295,0.88,141,"raw"
"nullproj","Wasserstein",0.135,0.91,0.235,0.23,0.31,0.485,141,"raw"
"nullproj","Centers-Euclidean",0.1,0.81,0.19,0.705,0.15,0.18,141,"raw"
"nullproj","Int-Euclidean",0.975,1,0.98,1,0.81,1,141,"minP"
"nullproj","Hausdorff",0.53,1,0.66,0.96,0.79,0.98,141,"minP"
"nullproj","Ichino-Yaguchi",0.695,1,0.87,0.665,0.815,1,141,"minP"
"nullproj","Wasserstein",0.585,1,0.77,0.76,0.86,0.98,141,"minP"
"nullproj","Centers-Euclidean",0.47,1,0.69,0.995,0.6,0.635,141,"minP"
"nullproj","Int-Euclidean",0.47,0.165,0.43,0.245,0.59,0.325,142,"raw"
"nullproj","Hausdorff",0.28,0.85,0.615,0.55,0.265,0.725,142,"raw"
"nullproj","Ichino-Yaguchi",0.375,0.825,0.75,0.395,0.145,0.4,142,"raw"
"nullproj","Wasserstein",0.25,0.645,0.595,0.81,0.055,0.48,142,"raw"
"nullproj","Centers-Euclidean",0.69,0.515,0.8,0.32,0.235,0.125,142,"raw"
"nullproj","Int-Euclidean",0.97,0.695,0.94,0.775,0.98,0.885,142,"minP"
"nullproj","Hausdorff",0.88,1,0.995,0.985,0.845,0.995,142,"minP"
"nullproj","Ichino-Yaguchi",0.925,1,1,0.915,0.605,0.94,142,"minP"
"nullproj","Wasserstein",0.835,1,0.99,1,0.29,0.96,142,"minP"
"nullproj","Centers-Euclidean",1,0.98,1,0.85,0.74,0.525,142,"minP"
"nullproj","Int-Euclidean",0.83,0.095,0.74,0.355,0.465,0.24,143,"raw"
"nullproj","Hausdorff",0.1,0.375,0.335,0.625,0.15,0.17,143,"raw"
"nullproj","Ichino-Yaguchi",0.19,0.265,0.195,0.5,0.09,0.465,143,"raw"
"nullproj","Wasserstein",0.185,0.225,0.155,0.76,0.18,0.685,143,"raw"
"nullproj","Centers-Euclidean",0.395,0.05,0.24,0.255,0.28,0.135,143,"raw"
"nullproj","Int-Euclidean",1,0.43,1,0.905,0.99,0.79,143,"minP"
"nullproj","Hausdorff",0.45,0.945,0.905,0.995,0.62,0.64,143,"minP"
"nullproj","Ichino-Yaguchi",0.71,0.825,0.705,0.975,0.43,0.99,143,"minP"
"nullproj","Wasserstein",0.7,0.765,0.615,1,0.685,1,143,"minP"
"nullproj","Centers-Euclidean",0.96,0.265,0.77,0.795,0.855,0.54,143,"minP"
"nullproj","Int-Euclidean",0.755,0.245,0.75,0.38,0.825,0.915,144,"raw"
"nullproj","Hausdorff",0.915,0.955,0.955,0.755,0.555,0.65,144,"raw"
"nullproj","Ichino-Yaguchi",0.975,0.665,0.98,0.775,0.74,0.395,144,"raw"
"nullproj","Wasserstein",0.925,0.785,0.975,0.53,0.72,0.93,144,"raw"
"nullproj","Centers-Euclidean",0.54,0.14,0.425,0.08,0.66,0.135,144,"raw"
"nullproj","Int-Euclidean",1,0.805,1,0.92,1,1,144,"minP"
"nullproj","Hausdorff",1,1,1,1,0.995,1,144,"minP"
"nullproj","Ichino-Yaguchi",1,1,1,1,1,0.94,144,"minP"
"nullproj","Wasserstein",1,1,1,0.975,1,1,144,"minP"
"nullproj","Centers-Euclidean",0.98,0.575,0.95,0.37,1,0.55,144,"minP"
"nullproj","Int-Euclidean",0.785,0.15,0.755,0.225,0.885,1,145,"raw"
"nullproj","Hausdorff",0.125,0.02,0.105,0.005,0.275,0.695,145,"raw"
"nullproj","Ichino-Yaguchi",0.235,0.005,0.15,0.015,0.39,0.56,145,"raw"
"nullproj","Wasserstein",0.18,0.005,0.115,0.005,0.19,1,145,"raw"
"nullproj","Centers-Euclidean",0.66,0.075,0.725,0.325,0.14,0.905,145,"raw"
"nullproj","Int-Euclidean",1,0.625,1,0.725,1,1,145,"minP"
"nullproj","Hausdorff",0.555,0.11,0.455,0.005,0.81,0.995,145,"minP"
"nullproj","Ichino-Yaguchi",0.775,0.005,0.57,0.075,0.94,0.99,145,"minP"
"nullproj","Wasserstein",0.695,0.005,0.485,0.005,0.67,1,145,"minP"
"nullproj","Centers-Euclidean",1,0.38,1,0.87,0.555,1,145,"minP"
"nullproj","Int-Euclidean",0.52,0.605,0.745,1,0.945,0.92,146,"raw"
"nullproj","Hausdorff",0.515,0.955,0.45,0.845,0.845,1,146,"raw"
"nullproj","Ichino-Yaguchi",0.455,0.925,0.43,0.675,0.95,0.725,146,"raw"
"nullproj","Wasserstein",0.38,0.96,0.445,0.615,0.955,0.69,146,"raw"
"nullproj","Centers-Euclidean",0.82,0.085,0.89,0.075,0.99,0.235,146,"raw"
"nullproj","Int-Euclidean",0.99,1,1,1,1,1,146,"minP"
"nullproj","Hausdorff",0.99,1,0.955,1,1,1,146,"minP"
"nullproj","Ichino-Yaguchi",0.965,1,0.945,1,1,1,146,"minP"
"nullproj","Wasserstein",0.945,1,0.955,0.995,1,1,146,"minP"
"nullproj","Centers-Euclidean",1,0.395,1,0.33,1,0.81,146,"minP"
"nullproj","Int-Euclidean",0.685,0.85,0.39,0.925,0.645,0.9,147,"raw"
"nullproj","Hausdorff",0.345,0.37,0.335,0.645,0.16,0.865,147,"raw"
"nullproj","Ichino-Yaguchi",0.215,0.79,0.14,0.725,0.23,0.52,147,"raw"
"nullproj","Wasserstein",0.315,0.705,0.24,0.675,0.57,0.275,147,"raw"
"nullproj","Centers-Euclidean",0.445,0.31,0.315,0.505,0.615,0.91,147,"raw"
"nullproj","Int-Euclidean",1,1,0.955,1,0.995,1,147,"minP"
"nullproj","Hausdorff",0.91,0.93,0.905,1,0.705,1,147,"minP"
"nullproj","Ichino-Yaguchi",0.73,1,0.535,1,0.815,0.98,147,"minP"
"nullproj","Wasserstein",0.89,1,0.785,1,0.995,0.875,147,"minP"
"nullproj","Centers-Euclidean",0.97,0.88,0.89,0.99,0.995,1,147,"minP"
"nullproj","Int-Euclidean",0.36,0.365,0.37,0.23,0.87,0.375,148,"raw"
"nullproj","Hausdorff",0.785,0.445,0.825,0.29,0.52,0.915,148,"raw"
"nullproj","Ichino-Yaguchi",0.71,0.27,0.735,0.19,0.495,0.895,148,"raw"
"nullproj","Wasserstein",0.815,0.495,0.67,0.17,0.56,1,148,"raw"
"nullproj","Centers-Euclidean",0.71,0.955,0.505,0.76,0.88,0.705,148,"raw"
"nullproj","Int-Euclidean",0.925,0.925,0.91,0.73,1,0.925,148,"minP"
"nullproj","Hausdorff",1,0.98,1,0.835,0.98,1,148,"minP"
"nullproj","Ichino-Yaguchi",1,0.825,0.995,0.64,0.98,1,148,"minP"
"nullproj","Wasserstein",1,0.99,0.995,0.585,0.985,1,148,"minP"
"nullproj","Centers-Euclidean",1,1,0.985,1,1,1,148,"minP"
"nullproj","Int-Euclidean",0.065,0.615,0.07,0.685,0.61,0.73,149,"raw"
"nullproj","Hausdorff",0.1,0.6,0.06,0.72,0.325,0.205,149,"raw"
"nullproj","Ichino-Yaguchi",0.025,0.07,0.045,0.18,0.115,0.32,149,"raw"
"nullproj","Wasserstein",0.04,0.165,0.035,0.535,0.185,0.325,149,"raw"
"nullproj","Centers-Euclidean",0.05,0.285,0.095,0.455,0.165,0.545,149,"raw"
"nullproj","Int-Euclidean",0.345,0.995,0.335,1,1,1,149,"minP"
"nullproj","Hausdorff",0.445,0.995,0.315,1,0.86,0.705,149,"minP"
"nullproj","Ichino-Yaguchi",0.12,0.36,0.23,0.63,0.51,0.84,149,"minP"
"nullproj","Wasserstein",0.21,0.635,0.185,0.975,0.665,0.86,149,"minP"
"nullproj","Centers-Euclidean",0.26,0.845,0.43,0.945,0.635,0.99,149,"minP"
"nullproj","Int-Euclidean",0.03,0.48,0.025,0.73,0.005,0.575,150,"raw"
"nullproj","Hausdorff",0.025,0.91,0.105,0.38,0.02,0.23,150,"raw"
"nullproj","Ichino-Yaguchi",0.02,0.9,0.08,0.315,0.03,0.005,150,"raw"
"nullproj","Wasserstein",0.015,0.985,0.065,0.33,0.02,0.01,150,"raw"
"nullproj","Centers-Euclidean",0.005,0.97,0.01,0.53,0.02,0.28,150,"raw"
"nullproj","Int-Euclidean",0.155,0.975,0.125,0.995,0.005,0.98,150,"minP"
"nullproj","Hausdorff",0.125,1,0.455,0.935,0.1,0.74,150,"minP"
"nullproj","Ichino-Yaguchi",0.09,1,0.365,0.875,0.15,0.005,150,"minP"
"nullproj","Wasserstein",0.07,1,0.305,0.89,0.1,0.035,150,"minP"
"nullproj","Centers-Euclidean",0.005,1,0.04,0.98,0.1,0.83,150,"minP"
"nullproj","Int-Euclidean",0.845,0.755,0.885,0.245,0.57,0.22,151,"raw"
"nullproj","Hausdorff",0.075,0.945,0.04,0.52,0.715,0.16,151,"raw"
"nullproj","Ichino-Yaguchi",0.22,0.2,0.09,0.17,0.77,0.13,151,"raw"
"nullproj","Wasserstein",0.18,0.45,0.09,0.215,0.8,0.71,151,"raw"
"nullproj","Centers-Euclidean",0.935,0.74,0.83,0.555,0.765,1,151,"raw"
"nullproj","Int-Euclidean",1,1,1,0.75,0.995,0.725,151,"minP"
"nullproj","Hausdorff",0.385,1,0.195,0.98,1,0.64,151,"minP"
"nullproj","Ichino-Yaguchi",0.755,0.705,0.405,0.625,1,0.55,151,"minP"
"nullproj","Wasserstein",0.665,0.97,0.405,0.705,1,1,151,"minP"
"nullproj","Centers-Euclidean",1,1,1,0.98,1,1,151,"minP"
"nullproj","Int-Euclidean",0.75,0.895,0.765,0.51,0.925,0.685,152,"raw"
"nullproj","Hausdorff",0.495,0.18,0.43,0.5,0.65,0.22,152,"raw"
"nullproj","Ichino-Yaguchi",0.565,0.075,0.495,0.36,0.89,1,152,"raw"
"nullproj","Wasserstein",0.465,0.06,0.475,0.22,0.965,0.68,152,"raw"
"nullproj","Centers-Euclidean",0.35,0.235,0.835,0.14,0.89,0.245,152,"raw"
"nullproj","Int-Euclidean",1,1,1,0.975,1,1,152,"minP"
"nullproj","Hausdorff",0.985,0.655,0.935,0.96,0.995,0.725,152,"minP"
"nullproj","Ichino-Yaguchi",1,0.39,0.96,0.88,1,1,152,"minP"
"nullproj","Wasserstein",0.97,0.315,0.96,0.7,1,1,152,"minP"
"nullproj","Centers-Euclidean",0.915,0.77,1,0.55,1,0.78,152,"minP"
"nullproj","Int-Euclidean",0.43,0.34,0.535,0.465,0.6,0.93,153,"raw"
"nullproj","Hausdorff",0.4,0.005,0.375,0.01,0.355,0.19,153,"raw"
"nullproj","Ichino-Yaguchi",0.27,0.005,0.285,0.01,0.39,0.45,153,"raw"
"nullproj","Wasserstein",0.295,0.015,0.355,0.02,0.48,0.505,153,"raw"
"nullproj","Centers-Euclidean",0.835,0.435,0.745,0.495,0.885,0.72,153,"raw"
"nullproj","Int-Euclidean",0.97,0.885,0.99,0.97,0.995,1,153,"minP"
"nullproj","Hausdorff",0.95,0.005,0.905,0.035,0.915,0.705,153,"minP"
"nullproj","Ichino-Yaguchi",0.795,0.005,0.825,0.035,0.94,0.96,153,"minP"
"nullproj","Wasserstein",0.82,0.07,0.895,0.115,0.975,0.975,153,"minP"
"nullproj","Centers-Euclidean",1,0.97,1,0.98,1,1,153,"minP"
"nullproj","Int-Euclidean",0.53,0.96,0.605,0.74,0.145,0.4,154,"raw"
"nullproj","Hausdorff",0.305,0.34,0.515,0.89,0.07,0.295,154,"raw"
"nullproj","Ichino-Yaguchi",0.245,0.29,0.315,0.745,0.09,0.735,154,"raw"
"nullproj","Wasserstein",0.22,0.07,0.305,0.485,0.045,0.885,154,"raw"
"nullproj","Centers-Euclidean",0.41,0.63,0.42,0.755,0.2,0.735,154,"raw"
"nullproj","Int-Euclidean",0.985,1,0.99,1,0.56,0.925,154,"minP"
"nullproj","Hausdorff",0.865,0.91,0.98,1,0.39,0.86,154,"minP"
"nullproj","Ichino-Yaguchi",0.8,0.85,0.905,1,0.435,1,154,"minP"
"nullproj","Wasserstein",0.755,0.33,0.885,0.965,0.25,1,154,"minP"
"nullproj","Centers-Euclidean",0.945,0.995,0.96,1,0.715,1,154,"minP"
"nullproj","Int-Euclidean",0.08,0.77,0.12,0.815,0.125,0.295,155,"raw"
"nullproj","Hausdorff",0.34,0.11,0.28,0.265,0.4,0.515,155,"raw"
"nullproj","Ichino-Yaguchi",0.265,0.665,0.21,0.785,0.37,0.915,155,"raw"
"nullproj","Wasserstein",0.205,0.65,0.23,0.73,0.475,0.555,155,"raw"
"nullproj","Centers-Euclidean",0.265,0.835,0.175,0.405,0.29,0.48,155,"raw"
"nullproj","Int-Euclidean",0.39,1,0.53,1,0.49,0.845,155,"minP"
"nullproj","Hausdorff",0.895,0.5,0.815,0.785,0.925,0.97,155,"minP"
"nullproj","Ichino-Yaguchi",0.805,1,0.725,1,0.915,1,155,"minP"
"nullproj","Wasserstein",0.725,1,0.75,1,0.965,0.98,155,"minP"
"nullproj","Centers-Euclidean",0.805,1,0.65,0.93,0.83,0.965,155,"minP"
"nullproj","Int-Euclidean",0.685,0.565,0.53,0.435,0.625,0.735,156,"raw"
"nullproj","Hausdorff",0.035,0.23,0.015,0.235,0.17,0.33,156,"raw"
"nullproj","Ichino-Yaguchi",0.05,0.71,0.025,0.55,0.32,0.38,156,"raw"
"nullproj","Wasserstein",0.095,0.285,0.05,0.28,0.425,0.35,156,"raw"
"nullproj","Centers-Euclidean",0.59,0.825,0.405,0.66,0.225,0.835,156,"raw"
"nullproj","Int-Euclidean",0.995,0.97,0.975,0.94,0.995,1,156,"minP"
"nullproj","Hausdorff",0.19,0.74,0.065,0.73,0.675,0.88,156,"minP"
"nullproj","Ichino-Yaguchi",0.255,0.995,0.135,0.98,0.87,0.93,156,"minP"
"nullproj","Wasserstein",0.43,0.8,0.245,0.81,0.97,0.905,156,"minP"
"nullproj","Centers-Euclidean",0.99,1,0.93,0.995,0.745,1,156,"minP"
"nullproj","Int-Euclidean",0.71,0.365,0.6,0.375,0.72,0.445,157,"raw"
"nullproj","Hausdorff",0.255,0.725,0.17,0.735,0.18,0.17,157,"raw"
"nullproj","Ichino-Yaguchi",0.19,0.715,0.185,0.92,0.035,0.61,157,"raw"
"nullproj","Wasserstein",0.195,0.635,0.16,0.54,0.09,1,157,"raw"
"nullproj","Centers-Euclidean",0.185,0.755,0.11,0.91,0.345,0.91,157,"raw"
"nullproj","Int-Euclidean",1,0.925,0.995,0.91,0.995,0.965,157,"minP"
"nullproj","Hausdorff",0.8,1,0.6,1,0.67,0.635,157,"minP"
"nullproj","Ichino-Yaguchi",0.7,1,0.64,1,0.16,0.99,157,"minP"
"nullproj","Wasserstein",0.71,1,0.565,0.985,0.385,1,157,"minP"
"nullproj","Centers-Euclidean",0.685,1,0.435,1,0.935,1,157,"minP"
"nullproj","Int-Euclidean",0.1,0.985,0.065,0.98,0.035,0.495,158,"raw"
"nullproj","Hausdorff",0.4,0.75,0.32,0.665,0.02,0.39,158,"raw"
"nullproj","Ichino-Yaguchi",0.405,0.34,0.315,0.53,0.015,0.645,158,"raw"
"nullproj","Wasserstein",0.46,0.505,0.485,0.84,0.035,0.7,158,"raw"
"nullproj","Centers-Euclidean",0.095,0.725,0.08,0.18,0.03,0.035,158,"raw"
"nullproj","Int-Euclidean",0.44,1,0.32,1,0.15,0.995,158,"minP"
"nullproj","Hausdorff",0.955,1,0.895,1,0.1,0.955,158,"minP"
"nullproj","Ichino-Yaguchi",0.965,0.92,0.895,0.975,0.065,0.995,158,"minP"
"nullproj","Wasserstein",0.98,0.985,0.965,1,0.15,1,158,"minP"
"nullproj","Centers-Euclidean",0.415,1,0.38,0.69,0.13,0.15,158,"minP"
"nullproj","Int-Euclidean",0.515,0.955,0.355,0.63,0.495,0.58,159,"raw"
"nullproj","Hausdorff",0.39,0.925,0.445,0.69,0.165,0.135,159,"raw"
"nullproj","Ichino-Yaguchi",0.34,0.315,0.465,0.32,0.1,0.695,159,"raw"
"nullproj","Wasserstein",0.315,0.56,0.435,0.485,0.215,0.875,159,"raw"
"nullproj","Centers-Euclidean",0.445,0.12,0.345,0.57,0.41,0.26,159,"raw"
"nullproj","Int-Euclidean",0.98,1,0.9,0.98,0.98,0.995,159,"minP"
"nullproj","Hausdorff",0.935,1,0.955,0.985,0.575,0.48,159,"minP"
"nullproj","Ichino-Yaguchi",0.9,0.865,0.97,0.88,0.41,1,159,"minP"
"nullproj","Wasserstein",0.865,0.985,0.955,0.97,0.69,1,159,"minP"
"nullproj","Centers-Euclidean",0.955,0.495,0.9,0.98,0.955,0.775,159,"minP"
"nullproj","Int-Euclidean",0.695,0.435,0.905,0.66,0.295,0.11,160,"raw"
"nullproj","Hausdorff",0.755,0.52,0.88,0.64,0.825,0.77,160,"raw"
"nullproj","Ichino-Yaguchi",0.56,0.765,0.675,0.705,0.93,0.34,160,"raw"
"nullproj","Wasserstein",0.705,0.635,0.83,0.685,0.745,0.67,160,"raw"
"nullproj","Centers-Euclidean",0.73,0.745,0.85,0.97,0.25,0.505,160,"raw"
"nullproj","Int-Euclidean",1,0.96,1,0.995,0.845,0.465,160,"minP"
"nullproj","Hausdorff",1,0.98,1,0.995,1,1,160,"minP"
"nullproj","Ichino-Yaguchi",0.985,1,0.995,1,1,0.88,160,"minP"
"nullproj","Wasserstein",1,1,1,1,0.995,0.995,160,"minP"
"nullproj","Centers-Euclidean",1,1,1,1,0.795,0.97,160,"minP"
"nullproj","Int-Euclidean",0.385,0.335,0.505,0.18,0.71,0.085,161,"raw"
"nullproj","Hausdorff",0.515,0.745,0.565,0.91,0.715,0.9,161,"raw"
"nullproj","Ichino-Yaguchi",0.365,0.84,0.595,0.89,0.405,1,161,"raw"
"nullproj","Wasserstein",0.31,0.45,0.54,0.535,0.325,0.485,161,"raw"
"nullproj","Centers-Euclidean",0.07,0.215,0.345,0.175,0.395,0.085,161,"raw"
"nullproj","Int-Euclidean",0.915,0.86,0.975,0.64,1,0.415,161,"minP"
"nullproj","Hausdorff",0.99,1,0.985,1,1,1,161,"minP"
"nullproj","Ichino-Yaguchi",0.91,1,0.985,1,0.92,1,161,"minP"
"nullproj","Wasserstein",0.86,0.96,0.975,0.975,0.845,0.965,161,"minP"
"nullproj","Centers-Euclidean",0.34,0.75,0.9,0.635,0.915,0.415,161,"minP"
"nullproj","Int-Euclidean",0.69,0.735,0.52,0.52,0.45,1,162,"raw"
"nullproj","Hausdorff",0.04,0.645,0.04,0.63,0.155,0.44,162,"raw"
"nullproj","Ichino-Yaguchi",0.035,0.745,0.05,0.525,0.07,0.85,162,"raw"
"nullproj","Wasserstein",0.04,0.71,0.045,0.455,0.075,0.87,162,"raw"
"nullproj","Centers-Euclidean",0.415,0.54,0.385,0.85,0.315,0.23,162,"raw"
"nullproj","Int-Euclidean",1,1,0.985,0.985,0.94,1,162,"minP"
"nullproj","Hausdorff",0.205,0.995,0.21,0.995,0.635,0.935,162,"minP"
"nullproj","Ichino-Yaguchi",0.18,1,0.25,0.985,0.35,1,162,"minP"
"nullproj","Wasserstein",0.205,1,0.23,0.975,0.36,1,162,"minP"
"nullproj","Centers-Euclidean",0.965,0.99,0.94,1,0.865,0.775,162,"minP"
"nullproj","Int-Euclidean",0.195,0.875,0.05,0.17,0.245,0.04,163,"raw"
"nullproj","Hausdorff",0.335,0.43,0.385,0.815,0.51,0.46,163,"raw"
"nullproj","Ichino-Yaguchi",0.315,0.535,0.46,0.68,0.115,0.675,163,"raw"
"nullproj","Wasserstein",0.4,0.37,0.345,0.545,0.225,0.025,163,"raw"
"nullproj","Centers-Euclidean",0.025,0.43,0.065,0.395,0.02,0.875,163,"raw"
"nullproj","Int-Euclidean",0.725,1,0.245,0.61,0.77,0.205,163,"minP"
"nullproj","Hausdorff",0.895,0.965,0.915,1,0.975,0.945,163,"minP"
"nullproj","Ichino-Yaguchi",0.88,0.985,0.955,1,0.495,0.995,163,"minP"
"nullproj","Wasserstein",0.945,0.925,0.885,0.98,0.75,0.11,163,"minP"
"nullproj","Centers-Euclidean",0.14,0.965,0.32,0.92,0.09,1,163,"minP"
"nullproj","Int-Euclidean",0.44,0.955,0.325,0.91,0.3,0.13,164,"raw"
"nullproj","Hausdorff",0.725,0.51,0.645,0.905,0.57,0.9,164,"raw"
"nullproj","Ichino-Yaguchi",0.97,0.87,0.84,0.995,0.96,0.52,164,"raw"
"nullproj","Wasserstein",0.825,0.845,0.71,0.995,0.825,0.745,164,"raw"
"nullproj","Centers-Euclidean",0.21,0.64,0.275,0.675,0.095,0.04,164,"raw"
"nullproj","Int-Euclidean",0.975,1,0.86,1,0.825,0.51,164,"minP"
"nullproj","Hausdorff",1,0.995,1,1,0.975,1,164,"minP"
"nullproj","Ichino-Yaguchi",1,1,1,1,1,0.975,164,"minP"
"nullproj","Wasserstein",1,1,1,1,1,1,164,"minP"
"nullproj","Centers-Euclidean",0.735,1,0.825,1,0.405,0.205,164,"minP"
"nullproj","Int-Euclidean",0.24,0.115,0.37,0.195,0.675,0.14,165,"raw"
"nullproj","Hausdorff",0.62,0.475,0.655,0.88,0.82,0.495,165,"raw"
"nullproj","Ichino-Yaguchi",0.315,0.475,0.56,0.83,0.635,0.36,165,"raw"
"nullproj","Wasserstein",0.37,0.49,0.515,0.81,0.565,0.415,165,"raw"
"nullproj","Centers-Euclidean",0.135,0.54,0.055,0.625,0.715,0.45,165,"raw"
"nullproj","Int-Euclidean",0.785,0.445,0.905,0.685,1,0.56,165,"minP"
"nullproj","Hausdorff",0.99,0.965,1,1,1,0.99,165,"minP"
"nullproj","Ichino-Yaguchi",0.9,0.965,0.985,1,1,0.92,165,"minP"
"nullproj","Wasserstein",0.94,0.965,0.985,1,0.995,0.95,165,"minP"
"nullproj","Centers-Euclidean",0.52,0.98,0.27,0.99,1,0.985,165,"minP"
"nullproj","Int-Euclidean",0.885,0.36,0.875,0.455,0.47,0.485,166,"raw"
"nullproj","Hausdorff",0.49,0.19,0.77,0.09,0.285,0.655,166,"raw"
"nullproj","Ichino-Yaguchi",0.53,0.055,0.795,0.075,0.355,0.9,166,"raw"
"nullproj","Wasserstein",0.435,0.075,0.7,0.105,0.2,0.92,166,"raw"
"nullproj","Centers-Euclidean",0.85,0.235,0.895,0.62,0.89,0.285,166,"raw"
"nullproj","Int-Euclidean",1,0.91,1,0.955,0.97,0.975,166,"minP"
"nullproj","Hausdorff",0.97,0.7,1,0.37,0.855,0.99,166,"minP"
"nullproj","Ichino-Yaguchi",0.99,0.275,1,0.32,0.895,1,166,"minP"
"nullproj","Wasserstein",0.945,0.365,1,0.42,0.725,1,166,"minP"
"nullproj","Centers-Euclidean",1,0.79,1,0.995,1,0.855,166,"minP"
"nullproj","Int-Euclidean",0.61,0.77,0.46,0.78,0.78,0.42,167,"raw"
"nullproj","Hausdorff",0.615,0.4,0.77,0.735,0.56,1,167,"raw"
"nullproj","Ichino-Yaguchi",0.435,0.28,0.545,0.9,0.285,0.895,167,"raw"
"nullproj","Wasserstein",0.63,0.45,0.64,0.775,0.29,0.485,167,"raw"
"nullproj","Centers-Euclidean",0.485,0.595,0.56,0.62,0.62,1,167,"raw"
"nullproj","Int-Euclidean",1,1,0.96,1,1,0.955,167,"minP"
"nullproj","Hausdorff",1,0.955,1,1,1,1,167,"minP"
"nullproj","Ichino-Yaguchi",0.98,0.855,0.99,1,0.825,1,167,"minP"
"nullproj","Wasserstein",1,0.98,1,1,0.845,0.98,167,"minP"
"nullproj","Centers-Euclidean",0.985,1,0.995,1,1,1,167,"minP"
"nullproj","Int-Euclidean",0.735,0.725,0.79,0.85,0.465,0.7,168,"raw"
"nullproj","Hausdorff",0.22,0.32,0.125,0.54,0.465,0.35,168,"raw"
"nullproj","Ichino-Yaguchi",0.18,0.775,0.16,0.965,0.32,0.875,168,"raw"
"nullproj","Wasserstein",0.25,0.95,0.22,0.91,0.5,0.715,168,"raw"
"nullproj","Centers-Euclidean",0.905,0.3,0.71,0.145,0.955,0.72,168,"raw"
"nullproj","Int-Euclidean",0.995,0.995,1,1,0.965,1,168,"minP"
"nullproj","Hausdorff",0.735,0.89,0.54,0.98,0.965,0.92,168,"minP"
"nullproj","Ichino-Yaguchi",0.65,0.995,0.635,1,0.875,1,168,"minP"
"nullproj","Wasserstein",0.805,1,0.77,1,0.975,1,168,"minP"
"nullproj","Centers-Euclidean",1,0.87,0.99,0.615,1,1,168,"minP"
"nullproj","Int-Euclidean",0.66,0.305,0.58,0.58,0.25,0.075,169,"raw"
"nullproj","Hausdorff",0.645,0.9,0.695,0.745,0.875,0.47,169,"raw"
"nullproj","Ichino-Yaguchi",0.91,0.875,0.79,0.945,0.91,0.265,169,"raw"
"nullproj","Wasserstein",0.895,0.5,0.785,0.84,0.89,0.73,169,"raw"
"nullproj","Centers-Euclidean",0.285,0.57,0.25,0.925,0.675,0.325,169,"raw"
"nullproj","Int-Euclidean",0.99,0.84,0.995,0.995,0.775,0.38,169,"minP"
"nullproj","Hausdorff",0.985,1,0.995,1,1,0.97,169,"minP"
"nullproj","Ichino-Yaguchi",1,1,1,1,1,0.8,169,"minP"
"nullproj","Wasserstein",1,0.96,1,1,1,1,169,"minP"
"nullproj","Centers-Euclidean",0.835,0.975,0.755,1,1,0.86,169,"minP"
"nullproj","Int-Euclidean",0.03,0.33,0.025,0.055,0.6,0.22,170,"raw"
"nullproj","Hausdorff",0.68,0.325,0.615,0.31,0.665,1,170,"raw"
"nullproj","Ichino-Yaguchi",0.32,0.52,0.42,0.875,0.295,0.16,170,"raw"
"nullproj","Wasserstein",0.37,0.87,0.44,0.615,0.705,0.885,170,"raw"
"nullproj","Centers-Euclidean",0.365,0.785,0.505,0.89,0.305,0.87,170,"raw"
"nullproj","Int-Euclidean",0.15,0.865,0.13,0.245,0.985,0.74,170,"minP"
"nullproj","Hausdorff",1,0.86,1,0.85,0.995,1,170,"minP"
"nullproj","Ichino-Yaguchi",0.86,0.96,0.955,1,0.855,0.61,170,"minP"
"nullproj","Wasserstein",0.92,1,0.965,1,0.995,1,170,"minP"
"nullproj","Centers-Euclidean",0.92,1,0.99,1,0.865,1,170,"minP"
"nullproj","Int-Euclidean",0.785,0.155,0.805,0.44,0.945,0.84,171,"raw"
"nullproj","Hausdorff",0.675,0.76,0.825,0.575,0.405,0.475,171,"raw"
"nullproj","Ichino-Yaguchi",0.58,0.76,0.715,0.725,0.495,0.36,171,"raw"
"nullproj","Wasserstein",0.585,0.675,0.78,0.735,0.555,0.685,171,"raw"
"nullproj","Centers-Euclidean",0.745,0.32,0.785,0.305,0.815,0.77,171,"raw"
"nullproj","Int-Euclidean",1,0.625,1,0.94,1,1,171,"minP"
"nullproj","Hausdorff",1,1,1,0.98,0.945,0.97,171,"minP"
"nullproj","Ichino-Yaguchi",0.985,1,0.995,0.995,0.98,0.92,171,"minP"
"nullproj","Wasserstein",0.985,1,0.995,0.995,0.98,0.995,171,"minP"
"nullproj","Centers-Euclidean",1,0.885,0.995,0.83,1,1,171,"minP"
"nullproj","Int-Euclidean",0.63,0.105,0.54,0.535,0.325,0.235,172,"raw"
"nullproj","Hausdorff",0.095,0.81,0.17,0.855,0.035,0.295,172,"raw"
"nullproj","Ichino-Yaguchi",0.145,0.605,0.37,0.93,0.03,1,172,"raw"
"nullproj","Wasserstein",0.14,0.97,0.305,0.635,0.215,0.93,172,"raw"
"nullproj","Centers-Euclidean",0.14,0.955,0.08,0.935,0.08,0.72,172,"raw"
"nullproj","Int-Euclidean",1,0.445,0.98,0.98,0.885,0.76,172,"minP"
"nullproj","Hausdorff",0.41,1,0.63,1,0.195,0.83,172,"minP"
"nullproj","Ichino-Yaguchi",0.555,1,0.925,1,0.155,1,172,"minP"
"nullproj","Wasserstein",0.535,1,0.855,0.995,0.725,1,172,"minP"
"nullproj","Centers-Euclidean",0.535,1,0.34,1,0.38,1,172,"minP"
"nullproj","Int-Euclidean",0.735,0.33,0.845,0.51,0.345,1,173,"raw"
"nullproj","Hausdorff",0.58,0.74,0.7,0.32,0.85,0.42,173,"raw"
"nullproj","Ichino-Yaguchi",0.755,0.98,0.67,0.26,0.895,1,173,"raw"
"nullproj","Wasserstein",0.67,0.84,0.69,0.255,0.915,0.78,173,"raw"
"nullproj","Centers-Euclidean",0.71,0.295,0.79,0.395,0.545,0.605,173,"raw"
"nullproj","Int-Euclidean",1,0.93,1,0.99,0.915,1,173,"minP"
"nullproj","Hausdorff",0.995,1,1,0.84,1,0.96,173,"minP"
"nullproj","Ichino-Yaguchi",1,1,0.995,0.77,1,1,173,"minP"
"nullproj","Wasserstein",1,1,1,0.765,1,1,173,"minP"
"nullproj","Centers-Euclidean",1,0.885,1,0.92,0.995,1,173,"minP"
"nullproj","Int-Euclidean",0.21,0.9,0.185,0.865,0.145,0.18,174,"raw"
"nullproj","Hausdorff",0.86,0.49,0.84,0.99,0.585,0.185,174,"raw"
"nullproj","Ichino-Yaguchi",0.945,0.38,0.91,0.8,0.58,0.24,174,"raw"
"nullproj","Wasserstein",0.855,0.68,0.85,0.525,0.355,0.05,174,"raw"
"nullproj","Centers-Euclidean",0.33,0.64,0.57,0.865,0.23,0.425,174,"raw"
"nullproj","Int-Euclidean",0.735,1,0.695,1,0.565,0.66,174,"minP"
"nullproj","Hausdorff",1,0.98,1,1,0.99,0.68,174,"minP"
"nullproj","Ichino-Yaguchi",1,0.95,1,1,0.99,0.78,174,"minP"
"nullproj","Wasserstein",1,1,1,0.995,0.895,0.245,174,"minP"
"nullproj","Centers-Euclidean",0.91,1,1,1,0.75,0.95,174,"minP"
"nullproj","Int-Euclidean",1,0.065,1,0.155,0.84,0.77,175,"raw"
"nullproj","Hausdorff",0.65,0.99,0.4,0.96,0.315,0.335,175,"raw"
"nullproj","Ichino-Yaguchi",0.71,0.735,0.345,0.86,0.315,0.105,175,"raw"
"nullproj","Wasserstein",0.7,0.685,0.48,0.82,0.17,0.07,175,"raw"
"nullproj","Centers-Euclidean",0.96,0.38,0.82,0.235,0.47,0.245,175,"raw"
"nullproj","Int-Euclidean",1,0.3,1,0.57,1,1,175,"minP"
"nullproj","Hausdorff",0.99,1,0.94,1,0.875,0.915,175,"minP"
"nullproj","Ichino-Yaguchi",0.99,0.995,0.905,1,0.875,0.46,175,"minP"
"nullproj","Wasserstein",0.99,0.99,0.99,1,0.615,0.335,175,"minP"
"nullproj","Centers-Euclidean",1,0.91,1,0.745,0.965,0.83,175,"minP"
"nullproj","Int-Euclidean",0.515,0.71,0.6,0.335,0.425,0.34,176,"raw"
"nullproj","Hausdorff",0.06,0.56,0.2,0.5,0.015,0.195,176,"raw"
"nullproj","Ichino-Yaguchi",0.17,0.91,0.175,0.805,0.13,0.105,176,"raw"
"nullproj","Wasserstein",0.15,0.92,0.21,0.63,0.1,0.06,176,"raw"
"nullproj","Centers-Euclidean",0.09,0.48,0.4,0.88,0.06,0.645,176,"raw"
"nullproj","Int-Euclidean",0.995,1,0.995,0.91,0.945,0.91,176,"minP"
"nullproj","Hausdorff",0.3,0.995,0.71,0.99,0.065,0.715,176,"minP"
"nullproj","Ichino-Yaguchi",0.65,1,0.655,1,0.555,0.42,176,"minP"
"nullproj","Wasserstein",0.61,1,0.735,0.995,0.415,0.295,176,"minP"
"nullproj","Centers-Euclidean",0.45,0.995,0.955,1,0.295,0.985,176,"minP"
"nullproj","Int-Euclidean",0.58,0.785,0.76,0.345,0.03,1,177,"raw"
"nullproj","Hausdorff",0.63,0.345,0.805,0.985,0.5,0.385,177,"raw"
"nullproj","Ichino-Yaguchi",0.42,0.37,0.57,0.79,0.215,0.135,177,"raw"
"nullproj","Wasserstein",0.41,0.655,0.545,0.83,0.105,1,177,"raw"
"nullproj","Centers-Euclidean",0.47,0.29,0.665,0.505,0.095,0.86,177,"raw"
"nullproj","Int-Euclidean",1,1,1,0.92,0.145,1,177,"minP"
"nullproj","Hausdorff",1,0.905,1,1,0.98,0.93,177,"minP"
"nullproj","Ichino-Yaguchi",0.94,0.915,0.99,1,0.75,0.53,177,"minP"
"nullproj","Wasserstein",0.935,1,0.985,1,0.445,1,177,"minP"
"nullproj","Centers-Euclidean",0.96,0.875,1,0.98,0.42,1,177,"minP"
"nullproj","Int-Euclidean",0.83,0.01,0.83,0.02,0.945,0.53,178,"raw"
"nullproj","Hausdorff",0.83,0.085,0.805,0.13,0.975,0.665,178,"raw"
"nullproj","Ichino-Yaguchi",0.75,0.025,0.725,0.085,0.91,0.165,178,"raw"
"nullproj","Wasserstein",0.865,0.015,0.835,0.045,0.93,0.435,178,"raw"
"nullproj","Centers-Euclidean",0.96,0.725,0.96,0.735,1,0.385,178,"raw"
"nullproj","Int-Euclidean",1,0.05,1,0.12,1,0.98,178,"minP"
"nullproj","Hausdorff",1,0.425,1,0.57,1,0.995,178,"minP"
"nullproj","Ichino-Yaguchi",1,0.155,1,0.44,1,0.69,178,"minP"
"nullproj","Wasserstein",1,0.08,1,0.26,1,0.955,178,"minP"
"nullproj","Centers-Euclidean",1,1,1,1,1,0.945,178,"minP"
"nullproj","Int-Euclidean",0.625,0.505,0.49,0.53,0.64,0.755,179,"raw"
"nullproj","Hausdorff",0.95,0.92,0.695,0.285,0.51,0.225,179,"raw"
"nullproj","Ichino-Yaguchi",0.955,0.99,0.485,0.32,0.27,0.02,179,"raw"
"nullproj","Wasserstein",0.915,0.86,0.495,0.365,0.505,0.83,179,"raw"
"nullproj","Centers-Euclidean",0.345,0.985,0.185,0.405,0.98,0.215,179,"raw"
"nullproj","Int-Euclidean",1,0.97,0.98,0.99,1,1,179,"minP"
"nullproj","Hausdorff",1,1,1,0.825,0.985,0.755,179,"minP"
"nullproj","Ichino-Yaguchi",1,1,0.98,0.85,0.81,0.1,179,"minP"
"nullproj","Wasserstein",1,1,0.98,0.88,0.985,1,179,"minP"
"nullproj","Centers-Euclidean",0.895,1,0.655,0.92,1,0.725,179,"minP"
"nullproj","Int-Euclidean",0.755,0.335,0.555,0.59,0.225,0.075,180,"raw"
"nullproj","Hausdorff",0.355,0.305,0.195,0.285,0.15,0.295,180,"raw"
"nullproj","Ichino-Yaguchi",0.38,0.28,0.32,0.35,0.18,0.745,180,"raw"
"nullproj","Wasserstein",0.465,0.115,0.43,0.06,0.32,0.38,180,"raw"
"nullproj","Centers-Euclidean",0.625,0.08,0.575,0.03,0.34,1,180,"raw"
"nullproj","Int-Euclidean",0.995,0.92,0.995,0.995,0.77,0.345,180,"minP"
"nullproj","Hausdorff",0.93,0.895,0.695,0.84,0.605,0.89,180,"minP"
"nullproj","Ichino-Yaguchi",0.945,0.88,0.88,0.91,0.675,1,180,"minP"
"nullproj","Wasserstein",0.975,0.515,0.945,0.295,0.89,0.945,180,"minP"
"nullproj","Centers-Euclidean",0.995,0.435,0.995,0.175,0.93,1,180,"minP"
"nullproj","Int-Euclidean",0.795,0.34,0.73,0.26,0.86,1,181,"raw"
"nullproj","Hausdorff",0.82,0.715,0.835,0.71,0.895,1,181,"raw"
"nullproj","Ichino-Yaguchi",0.975,0.35,0.975,0.205,0.975,0.435,181,"raw"
"nullproj","Wasserstein",0.86,0.19,0.9,0.275,0.85,0.27,181,"raw"
"nullproj","Centers-Euclidean",0.765,0.615,0.615,0.445,0.815,0.175,181,"raw"
"nullproj","Int-Euclidean",1,0.94,1,0.82,1,1,181,"minP"
"nullproj","Hausdorff",1,1,1,1,1,1,181,"minP"
"nullproj","Ichino-Yaguchi",1,0.945,1,0.685,1,0.92,181,"minP"
"nullproj","Wasserstein",1,0.74,1,0.845,1,0.815,181,"minP"
"nullproj","Centers-Euclidean",1,0.995,1,0.965,1,0.615,181,"minP"
"nullproj","Int-Euclidean",0.32,1,0.415,0.645,0.16,0.21,182,"raw"
"nullproj","Hausdorff",0.08,0.315,0.13,0.245,0.17,0.595,182,"raw"
"nullproj","Ichino-Yaguchi",0.105,0.895,0.135,0.525,0.165,0.325,182,"raw"
"nullproj","Wasserstein",0.165,0.88,0.17,0.555,0.08,0.415,182,"raw"
"nullproj","Centers-Euclidean",0.535,0.84,0.5,0.66,0.5,0.88,182,"raw"
"nullproj","Int-Euclidean",0.88,1,0.96,0.995,0.61,0.71,182,"minP"
"nullproj","Hausdorff",0.4,0.88,0.515,0.765,0.65,0.995,182,"minP"
"nullproj","Ichino-Yaguchi",0.47,1,0.53,0.99,0.64,0.875,182,"minP"
"nullproj","Wasserstein",0.66,1,0.615,0.99,0.355,0.945,182,"minP"
"nullproj","Centers-Euclidean",0.985,1,0.99,0.995,0.98,1,182,"minP"
"nullproj","Int-Euclidean",0.82,0.03,0.855,0.19,0.245,0.045,183,"raw"
"nullproj","Hausdorff",0.175,0.01,0.24,0.01,0.01,0.35,183,"raw"
"nullproj","Ichino-Yaguchi",0.14,0.005,0.17,0.02,0.045,0.73,183,"raw"
"nullproj","Wasserstein",0.125,0.005,0.2,0.01,0.075,0.695,183,"raw"
"nullproj","Centers-Euclidean",0.525,0.045,0.745,0.29,0.235,0.16,183,"raw"
"nullproj","Int-Euclidean",1,0.16,1,0.69,0.785,0.235,183,"minP"
"nullproj","Hausdorff",0.66,0.04,0.755,0.045,0.04,0.915,183,"minP"
"nullproj","Ichino-Yaguchi",0.56,0.005,0.66,0.085,0.235,1,183,"minP"
"nullproj","Wasserstein",0.545,0.005,0.705,0.045,0.335,1,183,"minP"
"nullproj","Centers-Euclidean",0.975,0.215,0.995,0.84,0.78,0.595,183,"minP"
"nullproj","Int-Euclidean",0.65,0.44,0.865,0.185,0.93,0.86,184,"raw"
"nullproj","Hausdorff",0.415,0.98,0.55,0.17,0.29,0.86,184,"raw"
"nullproj","Ichino-Yaguchi",0.465,0.82,0.495,0.155,0.39,0.245,184,"raw"
"nullproj","Wasserstein",0.44,0.91,0.545,0.16,0.19,0.375,184,"raw"
"nullproj","Centers-Euclidean",0.52,0.595,0.665,0.715,0.055,0.33,184,"raw"
"nullproj","Int-Euclidean",0.995,0.955,1,0.655,1,1,184,"minP"
"nullproj","Hausdorff",0.955,1,0.98,0.615,0.875,1,184,"minP"
"nullproj","Ichino-Yaguchi",0.96,1,0.975,0.595,0.96,0.82,184,"minP"
"nullproj","Wasserstein",0.955,1,0.98,0.6,0.72,0.95,184,"minP"
"nullproj","Centers-Euclidean",0.975,0.985,1,1,0.27,0.905,184,"minP"
"nullproj","Int-Euclidean",0.125,0.925,0.09,0.32,0.93,0.895,185,"raw"
"nullproj","Hausdorff",0.115,0.045,0.48,0.21,0.56,0.465,185,"raw"
"nullproj","Ichino-Yaguchi",0.33,0.065,0.525,0.085,0.685,0.565,185,"raw"
"nullproj","Wasserstein",0.32,0.385,0.565,0.275,0.915,0.89,185,"raw"
"nullproj","Centers-Euclidean",0.025,0.52,0.06,0.755,0.695,0.615,185,"raw"
"nullproj","Int-Euclidean",0.55,1,0.405,0.875,1,1,185,"minP"
"nullproj","Hausdorff",0.505,0.235,0.96,0.75,0.985,0.96,185,"minP"
"nullproj","Ichino-Yaguchi",0.905,0.33,0.97,0.395,1,0.985,185,"minP"
"nullproj","Wasserstein",0.89,0.94,0.985,0.83,1,1,185,"minP"
"nullproj","Centers-Euclidean",0.135,0.99,0.295,1,1,1,185,"minP"
"nullproj","Int-Euclidean",0.145,0.105,0.2,0.045,0.085,0.155,186,"raw"
"nullproj","Hausdorff",0.365,0.415,0.545,0.33,0.17,0.715,186,"raw"
"nullproj","Ichino-Yaguchi",0.465,0.33,0.6,0.22,0.26,0.73,186,"raw"
"nullproj","Wasserstein",0.31,0.405,0.46,0.175,0.18,0.57,186,"raw"
"nullproj","Centers-Euclidean",0.125,0.57,0.12,0.725,0.26,0.23,186,"raw"
"nullproj","Int-Euclidean",0.61,0.495,0.735,0.225,0.39,0.625,186,"minP"
"nullproj","Hausdorff",0.95,0.97,0.985,0.88,0.675,0.995,186,"minP"
"nullproj","Ichino-Yaguchi",0.98,0.94,0.995,0.78,0.8,0.995,186,"minP"
"nullproj","Wasserstein",0.915,0.965,0.955,0.675,0.68,0.975,186,"minP"
"nullproj","Centers-Euclidean",0.535,0.995,0.515,1,0.8,0.75,186,"minP"
"nullproj","Int-Euclidean",0.245,0.69,0.345,0.895,0.325,0.9,187,"raw"
"nullproj","Hausdorff",0.43,0.94,0.655,0.78,0.445,0.86,187,"raw"
"nullproj","Ichino-Yaguchi",0.21,0.505,0.365,0.525,0.15,1,187,"raw"
"nullproj","Wasserstein",0.4,0.98,0.54,0.59,0.295,0.745,187,"raw"
"nullproj","Centers-Euclidean",0.47,0.925,0.535,0.965,0.33,0.295,187,"raw"
"nullproj","Int-Euclidean",0.825,1,0.915,1,0.915,1,187,"minP"
"nullproj","Hausdorff",0.96,1,0.995,1,0.97,1,187,"minP"
"nullproj","Ichino-Yaguchi",0.77,0.985,0.925,0.985,0.585,1,187,"minP"
"nullproj","Wasserstein",0.95,1,0.985,0.99,0.875,1,187,"minP"
"nullproj","Centers-Euclidean",0.98,1,0.985,1,0.93,0.875,187,"minP"
"nullproj","Int-Euclidean",0.675,0.9,0.895,0.73,0.65,0.08,188,"raw"
"nullproj","Hausdorff",0.88,0.965,0.835,0.57,0.86,0.155,188,"raw"
"nullproj","Ichino-Yaguchi",0.525,0.97,0.585,0.685,0.475,0.18,188,"raw"
"nullproj","Wasserstein",0.77,0.915,0.775,0.58,0.635,0.075,188,"raw"
"nullproj","Centers-Euclidean",0.41,0.19,0.665,0.125,0.43,0.095,188,"raw"
"nullproj","Int-Euclidean",1,1,1,1,0.995,0.39,188,"minP"
"nullproj","Hausdorff",1,1,1,0.98,0.995,0.615,188,"minP"
"nullproj","Ichino-Yaguchi",0.985,1,0.985,1,0.975,0.685,188,"minP"
"nullproj","Wasserstein",1,1,1,0.985,0.995,0.37,188,"minP"
"nullproj","Centers-Euclidean",0.96,0.735,1,0.545,0.94,0.435,188,"minP"
"nullproj","Int-Euclidean",0.645,0.75,0.635,0.66,0.83,0.11,189,"raw"
"nullproj","Hausdorff",0.175,0.58,0.225,0.885,0.24,0.175,189,"raw"
"nullproj","Ichino-Yaguchi",0.295,0.885,0.32,0.795,0.285,0.405,189,"raw"
"nullproj","Wasserstein",0.285,0.93,0.25,0.945,0.485,0.73,189,"raw"
"nullproj","Centers-Euclidean",0.22,0.76,0.165,0.345,0.95,0.21,189,"raw"
"nullproj","Int-Euclidean",0.99,1,0.99,0.99,1,0.45,189,"minP"
"nullproj","Hausdorff",0.64,0.99,0.725,1,0.77,0.635,189,"minP"
"nullproj","Ichino-Yaguchi",0.83,1,0.835,1,0.84,0.925,189,"minP"
"nullproj","Wasserstein",0.82,1,0.755,1,0.98,1,189,"minP"
"nullproj","Centers-Euclidean",0.745,1,0.6,0.87,1,0.725,189,"minP"
"nullproj","Int-Euclidean",0.6,0.735,0.525,0.785,0.895,0.305,190,"raw"
"nullproj","Hausdorff",0.515,0.815,0.55,0.545,0.18,0.36,190,"raw"
"nullproj","Ichino-Yaguchi",0.715,0.405,0.68,0.995,0.27,0.285,190,"raw"
"nullproj","Wasserstein",0.87,0.455,0.81,0.825,0.525,0.55,190,"raw"
"nullproj","Centers-Euclidean",0.78,0.58,0.71,0.97,0.57,0.715,190,"raw"
"nullproj","Int-Euclidean",0.995,1,0.99,1,1,0.855,190,"minP"
"nullproj","Hausdorff",0.98,1,1,1,0.67,0.88,190,"minP"
"nullproj","Ichino-Yaguchi",1,0.925,1,1,0.795,0.82,190,"minP"
"nullproj","Wasserstein",1,0.96,1,1,0.98,0.99,190,"minP"
"nullproj","Centers-Euclidean",1,0.995,1,1,0.995,1,190,"minP"
"nullproj","Int-Euclidean",0.315,0.475,0.365,0.385,0.525,1,191,"raw"
"nullproj","Hausdorff",0.87,0.985,0.91,0.745,0.44,0.23,191,"raw"
"nullproj","Ichino-Yaguchi",0.81,0.94,0.915,0.915,0.5,0.295,191,"raw"
"nullproj","Wasserstein",0.875,0.73,0.855,0.89,0.62,0.53,191,"raw"
"nullproj","Centers-Euclidean",0.62,0.94,0.33,0.94,0.18,0.265,191,"raw"
"nullproj","Int-Euclidean",0.895,0.985,0.94,0.965,0.97,1,191,"minP"
"nullproj","Hausdorff",1,1,1,1,0.97,0.765,191,"minP"
"nullproj","Ichino-Yaguchi",1,1,1,1,0.97,0.815,191,"minP"
"nullproj","Wasserstein",1,1,1,1,0.995,0.98,191,"minP"
"nullproj","Centers-Euclidean",1,1,0.915,1,0.665,0.78,191,"minP"
"nullproj","Int-Euclidean",0.475,0.365,0.5,0.39,0.26,0.845,192,"raw"
"nullproj","Hausdorff",0.51,0.145,0.69,0.27,0.65,0.53,192,"raw"
"nullproj","Ichino-Yaguchi",0.365,0.04,0.52,0.245,0.705,0.875,192,"raw"
"nullproj","Wasserstein",0.545,0.195,0.66,0.285,0.84,0.715,192,"raw"
"nullproj","Centers-Euclidean",0.63,0.56,0.565,0.8,0.455,0.48,192,"raw"
"nullproj","Int-Euclidean",0.95,0.9,0.975,0.91,0.825,1,192,"minP"
"nullproj","Hausdorff",0.955,0.61,0.995,0.765,1,0.985,192,"minP"
"nullproj","Ichino-Yaguchi",0.9,0.21,0.98,0.745,1,1,192,"minP"
"nullproj","Wasserstein",0.975,0.685,0.995,0.775,1,1,192,"minP"
"nullproj","Centers-Euclidean",0.995,0.98,0.985,1,0.965,0.985,192,"minP"
"nullproj","Int-Euclidean",0.035,0.445,0.03,0.455,0.03,0.3,193,"raw"
"nullproj","Hausdorff",0.02,0.715,0.08,0.75,0.005,0.73,193,"raw"
"nullproj","Ichino-Yaguchi",0.02,0.57,0.05,0.875,0.005,0.475,193,"raw"
"nullproj","Wasserstein",0.03,0.465,0.07,0.955,0.01,0.87,193,"raw"
"nullproj","Centers-Euclidean",0.34,0.81,0.335,0.545,0.175,0.635,193,"raw"
"nullproj","Int-Euclidean",0.185,0.95,0.15,0.95,0.145,0.835,193,"minP"
"nullproj","Hausdorff",0.095,1,0.37,1,0.005,1,193,"minP"
"nullproj","Ichino-Yaguchi",0.095,0.995,0.255,1,0.005,0.955,193,"minP"
"nullproj","Wasserstein",0.155,0.96,0.33,1,0.04,1,193,"minP"
"nullproj","Centers-Euclidean",0.89,1,0.89,0.985,0.655,1,193,"minP"
"nullproj","Int-Euclidean",0.65,0.565,0.84,0.35,0.905,0.39,194,"raw"
"nullproj","Hausdorff",0.94,0.5,0.85,0.65,0.945,0.455,194,"raw"
"nullproj","Ichino-Yaguchi",0.9,0.64,0.81,0.37,0.945,0.475,194,"raw"
"nullproj","Wasserstein",0.86,0.655,0.84,0.455,0.965,0.24,194,"raw"
"nullproj","Centers-Euclidean",0.915,0.96,0.945,0.885,0.875,0.085,194,"raw"
"nullproj","Int-Euclidean",0.995,0.975,1,0.91,1,0.955,194,"minP"
"nullproj","Hausdorff",1,0.955,1,1,1,0.975,194,"minP"
"nullproj","Ichino-Yaguchi",1,0.995,1,0.935,1,0.975,194,"minP"
"nullproj","Wasserstein",1,0.995,1,0.98,1,0.785,194,"minP"
"nullproj","Centers-Euclidean",1,1,1,1,1,0.43,194,"minP"
"nullproj","Int-Euclidean",0.7,0.455,0.405,0.875,0.465,0.195,195,"raw"
"nullproj","Hausdorff",0.155,0.97,0.2,0.495,0.28,0.69,195,"raw"
"nullproj","Ichino-Yaguchi",0.3,0.84,0.22,0.65,0.11,0.17,195,"raw"
"nullproj","Wasserstein",0.405,0.355,0.325,0.325,0.28,0.715,195,"raw"
"nullproj","Centers-Euclidean",0.4,0.975,0.255,0.75,0.18,0.22,195,"raw"
"nullproj","Int-Euclidean",1,0.95,0.935,1,0.96,0.675,195,"minP"
"nullproj","Hausdorff",0.57,1,0.655,0.97,0.825,1,195,"minP"
"nullproj","Ichino-Yaguchi",0.82,1,0.69,0.995,0.435,0.605,195,"minP"
"nullproj","Wasserstein",0.925,0.89,0.89,0.89,0.825,1,195,"minP"
"nullproj","Centers-Euclidean",0.925,1,0.77,1,0.655,0.72,195,"minP"
"nullproj","Int-Euclidean",0.81,0.9,0.82,0.585,0.85,0.315,196,"raw"
"nullproj","Hausdorff",0.855,0.365,0.68,0.665,0.91,0.625,196,"raw"
"nullproj","Ichino-Yaguchi",0.795,0.905,0.575,0.85,0.785,0.31,196,"raw"
"nullproj","Wasserstein",0.665,0.605,0.52,0.655,0.7,0.53,196,"raw"
"nullproj","Centers-Euclidean",0.435,0.6,0.545,0.395,0.62,0.635,196,"raw"
"nullproj","Int-Euclidean",1,1,1,0.99,1,0.87,196,"minP"
"nullproj","Hausdorff",1,0.915,1,1,1,0.995,196,"minP"
"nullproj","Ichino-Yaguchi",1,1,0.985,1,1,0.85,196,"minP"
"nullproj","Wasserstein",1,0.995,0.98,1,1,0.97,196,"minP"
"nullproj","Centers-Euclidean",0.96,0.995,0.985,0.935,0.995,1,196,"minP"
"nullproj","Int-Euclidean",0.63,0.83,0.74,0.68,0.865,0.39,197,"raw"
"nullproj","Hausdorff",0.83,0.55,0.78,0.92,0.87,0.915,197,"raw"
"nullproj","Ichino-Yaguchi",0.915,0.095,0.865,0.305,0.965,0.96,197,"raw"
"nullproj","Wasserstein",0.93,0.425,0.83,0.47,0.99,0.41,197,"raw"
"nullproj","Centers-Euclidean",0.355,0.945,0.395,0.38,0.065,0.905,197,"raw"
"nullproj","Int-Euclidean",1,1,1,1,1,0.91,197,"minP"
"nullproj","Hausdorff",1,1,1,1,1,1,197,"minP"
"nullproj","Ichino-Yaguchi",1,0.43,1,0.83,1,1,197,"minP"
"nullproj","Wasserstein",1,0.98,1,0.975,1,0.92,197,"minP"
"nullproj","Centers-Euclidean",0.945,1,0.93,0.925,0.36,1,197,"minP"
"nullproj","Int-Euclidean",0.925,0.34,0.835,0.05,0.78,1,198,"raw"
"nullproj","Hausdorff",0.25,0.405,0.14,0.08,0.775,0.3,198,"raw"
"nullproj","Ichino-Yaguchi",0.335,0.925,0.165,0.11,0.865,0.705,198,"raw"
"nullproj","Wasserstein",0.27,0.475,0.145,0.03,0.87,0.545,198,"raw"
"nullproj","Centers-Euclidean",0.315,0.445,0.17,0.15,0.515,0.885,198,"raw"
"nullproj","Int-Euclidean",1,0.895,1,0.255,1,1,198,"minP"
"nullproj","Hausdorff",0.795,0.955,0.59,0.395,1,0.855,198,"minP"
"nullproj","Ichino-Yaguchi",0.89,1,0.65,0.5,1,1,198,"minP"
"nullproj","Wasserstein",0.825,0.97,0.61,0.14,1,0.985,198,"minP"
"nullproj","Centers-Euclidean",0.87,0.965,0.66,0.62,0.97,1,198,"minP"
"nullproj","Int-Euclidean",0.175,0.995,0.085,0.62,0.005,0.855,199,"raw"
"nullproj","Hausdorff",0.33,0.335,0.455,0.27,0.385,0.74,199,"raw"
"nullproj","Ichino-Yaguchi",0.17,0.3,0.215,0.365,0.075,0.48,199,"raw"
"nullproj","Wasserstein",0.295,0.16,0.28,0.275,0.07,0.32,199,"raw"
"nullproj","Centers-Euclidean",0.105,0.325,0.4,0.165,0.15,0.005,199,"raw"
"nullproj","Int-Euclidean",0.63,1,0.41,0.995,0.005,1,199,"minP"
"nullproj","Hausdorff",0.925,0.935,0.97,0.8,0.9,1,199,"minP"
"nullproj","Ichino-Yaguchi",0.62,0.865,0.725,0.91,0.385,0.965,199,"minP"
"nullproj","Wasserstein",0.86,0.595,0.82,0.815,0.355,0.87,199,"minP"
"nullproj","Centers-Euclidean",0.435,0.925,0.925,0.645,0.585,0.005,199,"minP"
"nullproj","Int-Euclidean",0.14,0.9,0.24,0.57,0.11,0.25,200,"raw"
"nullproj","Hausdorff",0.615,0.38,0.715,0.56,0.125,1,200,"raw"
"nullproj","Ichino-Yaguchi",0.79,0.05,0.605,0.47,0.395,0.375,200,"raw"
"nullproj","Wasserstein",0.655,0.085,0.595,0.585,0.21,0.895,200,"raw"
"nullproj","Centers-Euclidean",0.515,0.73,0.76,0.47,0.83,0.21,200,"raw"
"nullproj","Int-Euclidean",0.555,1,0.765,0.995,0.475,0.79,200,"minP"
"nullproj","Hausdorff",1,0.96,0.995,0.995,0.5,1,200,"minP"
"nullproj","Ichino-Yaguchi",1,0.285,0.995,0.975,0.945,0.925,200,"minP"
"nullproj","Wasserstein",1,0.41,0.995,0.995,0.705,1,200,"minP"
"nullproj","Centers-Euclidean",0.99,1,1,0.975,1,0.705,200,"minP"
